Method,Mode,Image,TP,TN,FP,FN,DICE,JACCARD,PRECISION,RECALL,ACCURACY,F1,SPECIFICITY,NPV,FDR,Overlap,Sigma
HistoKit (no postprocessing),gaussian,36c069a8-8f9e-b246-f3af-1b6cffe0751a_123150_5.png,2190307,341832,4019,1114711,0.7965702818372519,0.6619167449623561,0.9981684581051311,0.6627216553737377,0.6935715852855854,0.7965702818372519,0.988379388811945,0.2346872011330939,0.0018315418948688573,0.25,1.75
HistoKit (no postprocessing),gaussian,76bd570a-7866-8dee-341c-c3f9290b76cf_114927_1.png,2686970,424712,58880,281817,0.940381690035605,0.8874721031077725,0.9785567310668828,0.9050733515068612,0.9013152959162363,0.940381690035605,0.8782444705454184,0.6011246530574117,0.021443268933117248,0.25,1.75
HistoKit (no postprocessing),gaussian,96e6b3f2-f43e-7954-4202-361d3af0da92_104636_1.png,4604604,242975,93964,367306,0.9523012202706009,0.9089456232034195,0.9800015664347095,0.9261237633022319,0.9131129930423714,0.9523012202706008,0.7211245952531468,0.3981362683747323,0.019998433565290533,0.25,1.75
HistoKit (no postprocessing),gaussian,32e0aaf3-9973-5f67-ccc7-24d8d8604aa6_110737_5.png,0,5464999,8909,0,0.0,0.0,0.0,,0.9983724607720846,,0.9983724607720846,1.0,1.0,0.25,1.75
HistoKit (no postprocessing),gaussian,96e6b3f2-f43e-7954-4202-361d3af0da92_104636_4.png,3273846,359364,7502,1772179,0.7862854227857933,0.6478338791897224,0.997713744473308,0.6487970233996067,0.6712143289048311,0.7862854227857933,0.979551116756527,0.16859336171027278,0.002286255526692079,0.25,1.75
HistoKit (no postprocessing),gaussian,db9f8afe-40d5-d8aa-882f-512377b755a1_120139_3.png,5419722,840886,344641,120651,0.9588409671840191,0.9209361269149062,0.9402117805558047,0.9782233073477183,0.9308208566883243,0.9588409671840191,0.7092929979663053,0.8745227692746093,0.05978821944419531,0.25,1.75
HistoKit (no postprocessing),gaussian,9761f929-4dae-801a-b291-ba7ecada0fc3_101038_1.png,5083709,267176,20275,976639,0.9107054501783,0.836050680991076,0.9960276129392255,0.8388477031351995,0.8429512339631422,0.9107054501783,0.9294662394634216,0.21480364845254318,0.003972387060774485,0.25,1.75
HistoKit (no postprocessing),gaussian,0a6bb222-fb92-5dbe-8347-47a6b9e62ff2_125049_1.png,5672091,221890,52038,1925488,0.8515561217825822,0.7414869267311031,0.9909090099122504,0.7465655835891933,0.7487741546821974,0.8515561217825822,0.8100303729447154,0.10333066651516408,0.009090990087749594,0.25,1.75
HistoKit (no postprocessing),gaussian,d7d9e09c-5b48-9d63-55ef-dabd0e7bf5cd_123455_3.png,0,3205495,3176,0,0.0,0.0,0.0,,0.9990101820971985,,0.9990101820971985,1.0,1.0,0.25,1.75
HistoKit (no postprocessing),gaussian,4c439187-b529-301f-82bf-3874dfa019f2_103211_1.png,5209178,2767973,7046,73083,0.9923675654153908,0.9848507564412502,0.9986492144509131,0.9861644473834216,0.9900550806227412,0.9923675654153908,0.9974609182856046,0.9742761142335807,0.001350785549086849,0.25,1.75
HistoKit (no postprocessing),gaussian,0fcbbf47-bbbc-4a27-0d18-fe35bf99ccdb_133554_3.png,1753175,233894,9614,898765,0.7942390121794566,0.6587035243320256,0.9945461425048602,0.6610915028243475,0.6862734195191901,0.7942390121794566,0.9605187509239943,0.20649992627966582,0.005453857495139804,0.25,1.75
HistoKit (no postprocessing),gaussian,ed9d6e50-ec08-4213-59eb-4f99b1955e7c_103016_3.png,9738573,212903,116952,529696,0.9678664967450968,0.9377338238637387,0.988133356670497,0.9484142848224953,0.9389846731364909,0.9678664967450968,0.6454442103348441,0.28669982049531445,0.011866643329502994,0.25,1.75
HistoKit (no postprocessing),gaussian,16277008-7349-6ea9-1043-9abf63a9d11e_105523_2.png,6934840,373100,3765,1466989,0.9041256590263352,0.8250267619397272,0.9994573837248265,0.8253964702209483,0.8324632342806344,0.9041256590263352,0.9900096851657756,0.2027619316239595,0.0005426162751734679,0.25,1.75
HistoKit (no postprocessing),gaussian,aedd99b7-9b77-3379-0a55-09f4124063bb_103758_2.png,4562628,131525,23188,816183,0.9157649353056567,0.844618445875314,0.9949435389470489,0.8482595874813226,0.8483116726339309,0.9157649353056567,0.8501224848590616,0.13878219873631964,0.0050564610529511,0.25,1.75
HistoKit (no postprocessing),gaussian,e2bfe175-7bb7-d3b3-d437-ffbd60d747a4_123954_6.png,2224703,164457,9933,676836,0.8662878503945056,0.7641162271181038,0.9955549807664426,0.766732068740072,0.7767279413796613,0.8662878503945057,0.9430414587992431,0.19548124137488365,0.004445019233557501,0.25,1.75
HistoKit (no postprocessing),gaussian,6fecdbd3-f25f-98e1-f3e7-fdc984783bf1_110414_3.png,2331684,783557,372921,964588,0.777114411776812,0.6354759752348813,0.8621162794567044,0.707370022862191,0.6996218067486385,0.777114411776812,0.6775373158849541,0.4482219724336368,0.1378837205432956,0.25,1.75
HistoKit (no postprocessing),gaussian,db9f8afe-40d5-d8aa-882f-512377b755a1_120139_1.png,4106213,7214333,1369173,286181,0.8322465640701353,0.7126903149785466,0.7499403695008899,0.9348462364715006,0.8724285791351659,0.8322465640701354,0.8404879078549021,0.9618451482125092,0.25005963049911,0.25,1.75
HistoKit (no postprocessing),gaussian,cbe296c0-32ef-a6c0-58c3-7dcdd9f9743d_115103_5.png,2645722,657167,34477,224780,0.9532929264249687,0.9107542601857018,0.9871364029312749,0.9216931393881628,0.9272188731174972,0.9532929264249687,0.950152101370069,0.7451320770976033,0.01286359706872512,0.25,1.75
HistoKit (no postprocessing),gaussian,042c1e4d-d1be-7f85-b2e1-b98e0b68f672_101215_1.png,3928788,683457,1349690,27625,0.8508574708678207,0.7404281447231612,0.7443031873960638,0.9930176652437448,0.7700473824454551,0.8508574708678208,0.3361571986678779,0.9611507533589656,0.25569681260393623,0.25,1.75
HistoKit (no postprocessing),gaussian,73e02c87-178a-0dc6-cf2c-3f6aeb0c5685_124434_1.png,0,9476323,1896585,0,0.0,0.0,0.0,,0.8332365829390337,,0.8332365829390337,1.0,1.0,0.25,1.75
HistoKit (no postprocessing),gaussian,15fe4c3f-571c-b45d-d559-12744253eeb9_122421_3.png,2440136,165771,1082,232328,0.9543557851270377,0.9126964712782201,0.9995567786244407,0.9130659945278964,0.9177936102238672,0.9543557851270377,0.9935152499505553,0.4164064717570253,0.00044322137555924954,0.25,1.75
HistoKit (no postprocessing),gaussian,15fe4c3f-571c-b45d-d559-12744253eeb9_122421_1.png,4751593,1678572,244658,10219,0.9738803694954624,0.9490904769228619,0.9510316835563305,0.9978539681953005,0.9618735379673007,0.9738803694954623,0.8727879660779002,0.993948925592332,0.04896831644366946,0.25,1.75
HistoKit (no postprocessing),gaussian,78f7eac9-40c9-a096-07a4-a0166ddd84e8_103411_4.png,0,3170014,2186,0,0.0,0.0,0.0,,0.9993108883424753,,0.9993108883424753,1.0,1.0,0.25,1.75
HistoKit (no postprocessing),gaussian,adf4a334-3c2a-d6ae-0b72-c218c11535ea_115443_6.png,0,5887325,42262,0,0.0,0.0,0.0,,0.9928726907961718,,0.9928726907961718,1.0,1.0,0.25,1.75
HistoKit (no postprocessing),gaussian,a2afe16d-3866-9541-f2c7-cc8ca97faf02_130229_2.png,1340203,2135490,29361,3616,0.9878465369614242,0.9759849400661239,0.9785617904676233,0.9973091614272458,0.9906012819672412,0.9878465369614241,0.9864374037751328,0.9983095741865995,0.021438209532376726,0.25,1.75
HistoKit (no postprocessing),gaussian,adf4a334-3c2a-d6ae-0b72-c218c11535ea_115443_8.png,0,7385211,16380,0,0.0,0.0,0.0,,0.9977869622895942,,0.9977869622895942,1.0,1.0,0.25,1.75
HistoKit (no postprocessing),gaussian,adf4a334-3c2a-d6ae-0b72-c218c11535ea_115443_5.png,0,5526564,30156,0,0.0,0.0,0.0,,0.9945730574871507,,0.9945730574871507,1.0,1.0,0.25,1.75
HistoKit (no postprocessing),gaussian,46e107b0-7f41-8fd8-abd7-fbe9d0e935a4_133028_1.png,0,8907490,354766,0,0.0,0.0,0.0,,0.9616976684729941,,0.9616976684729941,1.0,1.0,0.25,1.75
HistoKit (no postprocessing),gaussian,f010c097-faf6-f2df-c82a-aca0270a9814_110553_3.png,543555,4199137,124564,1174,0.896328311544398,0.8121331016460653,0.8135601591931976,0.9978447998913221,0.9741727826013725,0.8963283115443978,0.9711904222794314,0.9997204968870163,0.18643984080680237,0.25,1.75
HistoKit (no postprocessing),gaussian,15fe4c3f-571c-b45d-d559-12744253eeb9_122421_5.png,3415094,267220,3446,898952,0.8832993257365647,0.790990232292266,0.9989919673310829,0.7916220642988044,0.8031723693876518,0.8832993257365648,0.9872684415478856,0.22914287086296017,0.00100803266891714,0.25,1.75
HistoKit (no postprocessing),gaussian,c149f6be-4555-ddd6-581f-abc8aeab9698_132314_1.png,3643665,2093204,108664,90187,0.9734375912097236,0.9482497925838175,0.9710409188533308,0.9758461235206966,0.9664992620945732,0.9734375912097236,0.9506491760632336,0.9586940680803393,0.028959081146669174,0.25,1.75
HistoKit (no postprocessing),gaussian,f4701930-c3d0-97f5-7529-fedf8cc9402a_110850_3.png,2346121,427369,698,7734,0.9982062146832561,0.9964188531751037,0.999702576125385,0.9967143260736112,0.9969690020065264,0.9982062146832561,0.9983694141337688,0.9822248984723158,0.0002974238746149575,0.25,1.75
HistoKit (no postprocessing),gaussian,4a12a0e8-253e-42bb-77ff-6e284ada3080_105659_1.png,1911616,1400636,38142,9666,0.9876498305364967,0.9756009929448655,0.9804375722525565,0.9949689842511407,0.9857716826485241,0.9876498305364966,0.9734900033222638,0.993146148839043,0.019562427747443527,0.25,1.75
HistoKit (no postprocessing),gaussian,e2bfe175-7bb7-d3b3-d437-ffbd60d747a4_123954_3.png,4622065,274168,13043,743534,0.9243476486212425,0.8593367991400059,0.9971860418354869,0.8614257233908087,0.8661591314762038,0.9243476486212424,0.9545873939368618,0.26939909718168975,0.002813958164513103,0.25,1.75
HistoKit (no postprocessing),gaussian,e4c17e5d-ca75-8d00-1c03-2c4b0f9dc6a7_131509_7.png,0,4733022,115176,0,0.0,0.0,0.0,,0.976243544508702,,0.976243544508702,1.0,1.0,0.25,1.75
HistoKit (no postprocessing),gaussian,78f7eac9-40c9-a096-07a4-a0166ddd84e8_103411_6.png,0,6301249,518671,0,0.0,0.0,0.0,,0.9239476416145644,,0.9239476416145644,1.0,1.0,0.25,1.75
HistoKit (no postprocessing),gaussian,5b6306df-eee5-32e5-a263-7c4b8cf32245_100047_3.png,6725308,567877,16863,21304,0.9971704637846127,0.9943568949393617,0.9974988768454552,0.9968422669037437,0.9947940025250459,0.9971704637846127,0.971161541881862,0.9638413322900773,0.0025011231545447304,0.25,1.75
HistoKit (no postprocessing),gaussian,67cf3804-696c-ef64-2d57-43ad0b86332a_122601_2.png,5853237,4359033,14214,235011,0.9791542928606684,0.9591599259446433,0.9975774829649195,0.9613992399783977,0.9761769230879526,0.9791542928606684,0.9967497833989253,0.9488444168144667,0.0024225170350804805,0.25,1.75
HistoKit (no postprocessing),gaussian,18a7f9da-53be-2120-be0a-0738920b492f_101923_4.png,8387373,251232,72484,1538403,0.9123833810889187,0.8388832656882298,0.9914320064748139,0.8450092970060981,0.8428325033084566,0.9123833810889187,0.7760876817951537,0.14038169794399416,0.008567993525186064,0.25,1.75
HistoKit (no postprocessing),gaussian,2852fafe-6f36-4c12-47aa-96e73b433b3f_123004_2.png,2479015,1107464,7222,107197,0.9774430457556104,0.9558812755597405,0.9970952085420658,0.958550575126865,0.9690834494763163,0.9774430457556105,0.9935210453885668,0.9117473928939844,0.0029047914579342195,0.25,1.75
HistoKit (no postprocessing),gaussian,7fcfd7e6-a936-d1a4-6766-2f191e54690d_131809_1.png,3174403,251265,10140,701227,0.8992422706922337,0.8169302351914807,0.9968158696553948,0.8190676096531403,0.8280490737931876,0.8992422706922337,0.9612096172605726,0.2637974912125246,0.003184130344605176,0.25,1.75
HistoKit (no postprocessing),gaussian,6dacef70-8f47-e898-de47-4738667f2bb0_100303_3.png,2827414,198442,272,660058,0.8954372954722589,0.8106713107384028,0.9999038082729129,0.810734537797006,0.8208636243531933,0.8954372954722589,0.9986311986070433,0.23114967967384975,9.619172708709524e-05,0.25,1.75
HistoKit (no postprocessing),gaussian,78f7eac9-40c9-a096-07a4-a0166ddd84e8_103411_1.png,0,2767497,6263,0,0.0,0.0,0.0,,0.9977420541070604,,0.9977420541070604,1.0,1.0,0.25,1.75
HistoKit (no postprocessing),gaussian,f4701930-c3d0-97f5-7529-fedf8cc9402a_110850_4.png,2528190,506718,3425,35437,0.9923728843497521,0.9848612338199616,0.9986471086638371,0.9861770062493491,0.987356893977103,0.9923728843497522,0.9932861962234119,0.9346367736164012,0.0013528913361628842,0.25,1.75
HistoKit (no postprocessing),gaussian,eb22b9cd-e52e-fa2d-85a8-60a50dc5a7c4_102757_1.png,2187177,588526,17912,33066,0.9884804123170872,0.9772232039335971,0.9918769718591858,0.9851070355812405,0.9819654216376026,0.988480412317087,0.9704635923210617,0.9468043346761219,0.00812302814081427,0.25,1.75
HistoKit (no postprocessing),gaussian,adf4a334-3c2a-d6ae-0b72-c218c11535ea_115443_4.png,0,4480476,2955120,0,0.0,0.0,0.0,,0.6025711994035179,,0.6025711994035179,1.0,1.0,0.25,1.75
HistoKit (no postprocessing),gaussian,d7d73023-1258-3c47-44ee-6493877f23d1_111048_2.png,6463064,417888,27168,821224,0.938408597903956,0.8839640148282367,0.9958140171260442,0.8872609100573728,0.890237515628752,0.938408597903956,0.938955996548749,0.3372479646714744,0.004185982873955815,0.25,1.75
HistoKit (no postprocessing),gaussian,db9f8afe-40d5-d8aa-882f-512377b755a1_120139_2.png,3008507,1928026,81993,57217,0.9773871126196838,0.9557742961009519,0.9734693415304967,0.9813365456251117,0.9725734734796462,0.9773871126196838,0.9592078482840212,0.9711788430937673,0.026530658469503317,0.25,1.75
HistoKit (no postprocessing),gaussian,0a6bb222-fb92-5dbe-8347-47a6b9e62ff2_125049_4.png,7470205,470557,18177,6130474,0.708443585989912,0.5485192735718771,0.9975726398573149,0.5492523571801085,0.5635977879277156,0.7084435859899121,0.9628079896221666,0.0712853795111703,0.0024273601426850287,0.25,1.75
HistoKit (no postprocessing),gaussian,f569a03d-b1d7-9121-59cf-f65992813d75_131224_1.png,0,4164954,203952,0,0.0,0.0,0.0,,0.953317375104889,,0.953317375104889,1.0,1.0,0.25,1.75
HistoKit (no postprocessing),gaussian,0823ec0e-9dd5-2324-aa8d-fe8db13ea4cd_103937_1.png,1446653,4072410,32339,48270,0.9728946523353895,0.9472199269018675,0.9781344320997003,0.9677107115215967,0.9856046925605643,0.9728946523353895,0.9921215645585151,0.9882859139753633,0.021865567900299664,0.25,1.75
HistoKit (no postprocessing),gaussian,98491719-8df8-3c0a-7325-de39c48b2a96_133826_2.png,2680094,1623861,107132,53723,0.9708651064662963,0.9433798354000723,0.9615632173350851,0.9803487212201841,0.9639727110448149,0.9708651064662963,0.9381095128634258,0.9679759702047707,0.03843678266491486,0.25,1.75
HistoKit (no postprocessing),gaussian,2852fafe-6f36-4c12-47aa-96e73b433b3f_123004_1.png,2099269,2840172,31670,120822,0.9649526663801444,0.9322787809185789,0.985138007235308,0.9455779064912204,0.9700522375294411,0.9649526663801445,0.9889722345449367,0.959195459362633,0.014861992764691996,0.25,1.75
HistoKit (no postprocessing),gaussian,8469f8e6-543f-6b82-f38a-8b184a96e4e9_104905_1.png,8823954,8918384,5959393,166386,0.7423294502026547,0.5902415782275175,0.5968847244132198,0.9814928022744412,0.7433488783384127,0.7423294502026546,0.5994433173719435,0.9816851719966493,0.4031152755867802,0.25,1.75
HistoKit (no postprocessing),gaussian,18a7f9da-53be-2120-be0a-0738920b492f_101923_3.png,11713865,131196,84730,429545,0.9785199694010589,0.9579433176263928,0.9928186364562899,0.9646273163798307,0.9583897549188727,0.9785199694010589,0.607597047136519,0.23396898033138294,0.0071813635437100775,0.25,1.75
HistoKit (no postprocessing),gaussian,46e107b0-7f41-8fd8-abd7-fbe9d0e935a4_133028_6.png,0,5253435,24020,0,0.0,0.0,0.0,,0.995448563749004,,0.995448563749004,1.0,1.0,0.25,1.75
HistoKit (no postprocessing),gaussian,8956f1ca-9d66-b2d7-8ef9-bd09fb590f4a_110204_2.png,6192532,1439645,158502,460575,0.9523938566953404,0.9091144250939829,0.9750431189629909,0.9307729456327698,0.9249717679276387,0.9523938566953404,0.9008213887708703,0.757620170296071,0.02495688103700909,0.25,1.75
HistoKit (no postprocessing),gaussian,c93efc84-bec7-4ba6-b526-5de46512cbba_100824_1.png,7387205,848660,57538,35702,0.9937286659290473,0.9875355008960028,0.9922713248798515,0.9951902940451767,0.9888055199208078,0.9937286659290472,0.9365061498701167,0.9596296539200011,0.0077286751201485395,0.25,1.75
HistoKit (no postprocessing),gaussian,36c069a8-8f9e-b246-f3af-1b6cffe0751a_123150_4.png,3304880,196400,80092,1180988,0.8397782193514288,0.7238083557455606,0.9763389475599799,0.7367314419416711,0.7351985150219639,0.8397782193514288,0.7103279660894348,0.142588725907297,0.023661052440020182,0.25,1.75
HistoKit (no postprocessing),gaussian,36c069a8-8f9e-b246-f3af-1b6cffe0751a_123150_3.png,6145570,353866,3965,2097975,0.8539617649592721,0.7451424733040639,0.9993552358023818,0.7455008737139179,0.7556274716975516,0.8539617649592721,0.9889193501960423,0.14432665087173271,0.0006447641976181939,0.25,1.75
HistoKit (no postprocessing),gaussian,6dacef70-8f47-e898-de47-4738667f2bb0_100303_1.png,8097470,338058,11433,1594367,0.9097902671461973,0.8345093973474922,0.9985900682250114,0.8354938284661618,0.8400809136002728,0.9097902671461973,0.9672867112457831,0.1749397777404039,0.0014099317749885526,0.25,1.75
HistoKit (no postprocessing),gaussian,18a7f9da-53be-2120-be0a-0738920b492f_101923_5.png,7014672,412372,4446,1457300,0.9056395644205798,0.8275514492088522,0.9993665870840183,0.8279857393296389,0.8355517455131688,0.9056395644205797,0.9893334740822134,0.22055847228818745,0.0006334129159817516,0.25,1.75
HistoKit (no postprocessing),gaussian,e2bfe175-7bb7-d3b3-d437-ffbd60d747a4_123954_2.png,3849049,177255,48527,189369,0.9700231628199316,0.9417912401561558,0.9875494409858846,0.9531081230323359,0.9442108719103232,0.9700231628199316,0.7850714405931385,0.48347898664571876,0.01245055901411544,0.25,1.75
HistoKit (no postprocessing),gaussian,103a5b47-1de4-c7ee-81eb-83cd201d2a51_131937_2.png,2675826,1770003,107091,19890,0.9768225029856901,0.9546950610584318,0.9615184355120904,0.9926216263137512,0.972231297604755,0.97682250298569,0.9429485150983382,0.9888876038958754,0.038481564487909625,0.25,1.75
HistoKit (no postprocessing),gaussian,d18df4a2-af46-984e-1fcb-35841267a2a7_132544_2.png,8500206,142352,126475,316692,0.9745942618771067,0.9504474430396674,0.9853390892743107,0.9640812449004174,0.9512238153807209,0.9745942618771067,0.5295301439215555,0.3101053493782731,0.014660910725689289,0.25,1.75
HistoKit (no postprocessing),gaussian,0f170c8e-9c83-6973-94f2-3858ac80f3dc_115930_3.png,6449830,353051,41359,695872,0.9459384840723593,0.8974224651773514,0.9936284400284755,0.9026167058184067,0.9022254576589844,0.9459384840723594,0.8951370401358992,0.3365842869304992,0.006371559971524477,0.25,1.75
HistoKit (no postprocessing),gaussian,d7d73023-1258-3c47-44ee-6493877f23d1_111048_3.png,6253231,272639,7175,1300053,0.9053672118022049,0.8270967410841061,0.9988539081970083,0.8278824151190396,0.8331148161302208,0.9053672118022048,0.9743579663633699,0.1733581654894919,0.001146091802991691,0.25,1.75
HistoKit (no postprocessing),gaussian,aedd99b7-9b77-3379-0a55-09f4124063bb_103758_4.png,4481270,121711,19982,460867,0.9490808861098489,0.903096036189378,0.995560790642248,0.9067474252534885,0.9054159954207753,0.9490808861098489,0.8589768019591653,0.20891794746797854,0.004439209357752021,0.25,1.75
HistoKit (no postprocessing),gaussian,8956f1ca-9d66-b2d7-8ef9-bd09fb590f4a_110204_1.png,6863135,3372665,646276,128289,0.9465848001166829,0.8985866163897508,0.913937857443147,0.9816505192647449,0.9296512876730245,0.9465848001166829,0.8391924638853867,0.9633559881106692,0.08606214255685299,0.25,1.75
HistoKit (no postprocessing),gaussian,5b6306df-eee5-32e5-a263-7c4b8cf32245_100047_4.png,5961575,360239,5054,25002,0.9974855281503556,0.9949836697219839,0.9991529555465909,0.9958236568242587,0.9952681651230267,0.9974855281503556,0.9861645309381784,0.935100365745079,0.0008470444534091193,0.25,1.75
HistoKit (no postprocessing),gaussian,4a12a0e8-253e-42bb-77ff-6e284ada3080_105659_3.png,785131,3467962,9036,53255,0.9618444240401384,0.9264935297879923,0.988622040452449,0.9364791396802905,0.9855653633604796,0.9618444240401384,0.9974012064430293,0.9848759675987023,0.011377959547551083,0.25,1.75
HistoKit (no postprocessing),gaussian,67cf3804-696c-ef64-2d57-43ad0b86332a_122601_3.png,2872634,3892207,1128273,247774,0.8067706596323853,0.6761237193378369,0.7179956944762775,0.9205956400573259,0.8309708965410162,0.8067706596323854,0.7752659108292435,0.9401509330598378,0.2820043055237225,0.25,1.75
HistoKit (no postprocessing),gaussian,103a5b47-1de4-c7ee-81eb-83cd201d2a51_131937_3.png,501620,9910892,24930,244,0.9755215312121382,0.9522128194322639,0.952654068939322,0.999513812506974,0.9975881627402855,0.9755215312121382,0.9974908970792754,0.9999753812277422,0.047345931060678,0.25,1.75
HistoKit (no postprocessing),gaussian,36c069a8-8f9e-b246-f3af-1b6cffe0751a_123150_2.png,4526814,357620,4516,1471430,0.8598285172790466,0.7541221038322372,0.9990033831126843,0.7546898725693719,0.7679468836767614,0.8598285172790466,0.987529546910553,0.19552226565703507,0.0009966168873156447,0.25,1.75
HistoKit (no postprocessing),gaussian,042c1e4d-d1be-7f85-b2e1-b98e0b68f672_101215_2.png,0,16699157,297781,0,0.0,0.0,0.0,,0.982480314983793,,0.982480314983793,1.0,1.0,0.25,1.75
HistoKit (no postprocessing),gaussian,e4c17e5d-ca75-8d00-1c03-2c4b0f9dc6a7_131509_4.png,0,13000323,456535,0,0.0,0.0,0.0,,0.9660741757102587,,0.9660741757102587,1.0,1.0,0.25,1.75
HistoKit (no postprocessing),gaussian,46e107b0-7f41-8fd8-abd7-fbe9d0e935a4_133028_4.png,0,5751871,56687,0,0.0,0.0,0.0,,0.9902407792088845,,0.9902407792088845,1.0,1.0,0.25,1.75
HistoKit (no postprocessing),gaussian,78f7eac9-40c9-a096-07a4-a0166ddd84e8_103411_2.png,0,3791908,10520,0,0.0,0.0,0.0,,0.9972333466932182,,0.9972333466932182,1.0,1.0,0.25,1.75
HistoKit (no postprocessing),gaussian,aedd99b7-9b77-3379-0a55-09f4124063bb_103758_3.png,2247239,1203630,376155,1442695,0.7119031357154262,0.5526782615924049,0.8566151329156048,0.609018752096921,0.6548487689761067,0.7119031357154262,0.7618948148007482,0.4548307558595411,0.14338486708439524,0.25,1.75
HistoKit (no postprocessing),gaussian,d07adf84-9a4a-637f-4bfb-56af281dbf05_133243_1.png,3505936,889800,10159,16273,0.9962445498233665,0.9925172009258378,0.9971107151541696,0.995379888019138,0.9940228412850891,0.9962445498233665,0.9887117079778078,0.9820400784484252,0.0028892848458303886,0.25,1.75
HistoKit (no postprocessing),gaussian,c93efc84-bec7-4ba6-b526-5de46512cbba_100824_2.png,3114257,317502,2208,23578,0.995877076571319,0.9917880105463523,0.9992915049583422,0.9924859019037011,0.9925421071887712,0.9958770765713189,0.9930937412029652,0.9308725225753489,0.0007084950416577757,0.25,1.75
HistoKit (no postprocessing),gaussian,f4701930-c3d0-97f5-7529-fedf8cc9402a_110850_2.png,3814711,435834,7946,19735,0.9963849252125772,0.9927958938078155,0.9979213410986129,0.9948532330354893,0.9935297948261733,0.9963849252125772,0.9820947316237776,0.9566805467448399,0.0020786589013871764,0.25,1.75
HistoKit (no postprocessing),gaussian,18a7f9da-53be-2120-be0a-0738920b492f_101923_1.png,4413275,470110,12983,1965064,0.8169254253536712,0.6905105078417266,0.9970668225846754,0.6919160301765084,0.7117151346832556,0.8169254253536714,0.9731252574556037,0.19304986009213304,0.0029331774153246374,0.25,1.75
HistoKit (no postprocessing),gaussian,adf4a334-3c2a-d6ae-0b72-c218c11535ea_115443_2.png,0,5951554,183966,0,0.0,0.0,0.0,,0.9700162333428951,,0.9700162333428951,1.0,1.0,0.25,1.75
HistoKit (no postprocessing),gaussian,8469f8e6-543f-6b82-f38a-8b184a96e4e9_104905_2.png,8256282,3788403,445374,247301,0.9597404604492853,0.9225971250057409,0.9488173285636665,0.9709180236142811,0.9456186368289818,0.9597404604492852,0.8948045681196719,0.9387217199279233,0.051182671436333496,0.25,1.75
HistoKit (no postprocessing),gaussian,9761f929-4dae-801a-b291-ba7ecada0fc3_101038_2.png,5211281,213083,97551,389445,0.9553606113098257,0.9145362712272499,0.9816247717011953,0.9304652646817573,0.9176169274075678,0.9553606113098257,0.6859616139894539,0.3536482951829624,0.01837522829880471,0.25,1.75
HistoKit (no postprocessing),gaussian,103a5b47-1de4-c7ee-81eb-83cd201d2a51_131937_1.png,1389855,2660850,134047,5050,0.9523445709154459,0.9090246129374893,0.912036994504896,0.9963796817704431,0.9668010564699716,0.9523445709154459,0.9520386618898657,0.9981057053902997,0.08796300549510401,0.25,1.75
HistoKit (no postprocessing),gaussian,a2afe16d-3866-9541-f2c7-cc8ca97faf02_130229_1.png,1109695,6659808,20222,9075,0.9869715082623771,0.9742781336479975,0.9821031102284504,0.9918884131680328,0.9962433964199621,0.9869715082623771,0.9969727680863709,0.9986392023971631,0.01789688977154959,0.25,1.75
HistoKit (no postprocessing),gaussian,36c069a8-8f9e-b246-f3af-1b6cffe0751a_123150_1.png,3125597,199056,34978,1043561,0.8528542581291843,0.7434576331498315,0.9889330264271533,0.7496950223522352,0.7550551963212142,0.8528542581291843,0.8505430834835964,0.16019095183793558,0.011066973572846714,0.25,1.75
HistoKit (no postprocessing),gaussian,32e0aaf3-9973-5f67-ccc7-24d8d8604aa6_110737_7.png,0,4626734,244990,0,0.0,0.0,0.0,,0.9497118473870851,,0.9497118473870851,1.0,1.0,0.25,1.75
HistoKit (no postprocessing),gaussian,ed9d6e50-ec08-4213-59eb-4f99b1955e7c_103016_1.png,5173965,236793,10013,812172,0.9263942224408612,0.8628811820918423,0.9980684717411995,0.8643245218076365,0.8680904028803087,0.9263942224408612,0.9594296735087477,0.22573965766255308,0.0019315282588004811,0.25,1.75
HistoKit (no postprocessing),gaussian,cbe296c0-32ef-a6c0-58c3-7dcdd9f9743d_115103_2.png,2743883,1265606,2801829,84154,0.655353534002512,0.48737980619787397,0.49477560320478237,0.9702429635821597,0.5814669394640425,0.655353534002512,0.3111558021209927,0.9376526197249881,0.5052243967952177,0.25,1.75
HistoKit (no postprocessing),gaussian,d7d73023-1258-3c47-44ee-6493877f23d1_111048_1.png,5797561,466252,114946,2597733,0.8104055962198524,0.6812452997800297,0.9805588390846726,0.6905727184777567,0.6978018807347013,0.8104055962198523,0.802225747507734,0.15217176324296627,0.01944116091532746,0.25,1.75
HistoKit (no postprocessing),gaussian,9761f929-4dae-801a-b291-ba7ecada0fc3_101038_4.png,5039921,535756,5510,2408919,0.8067571129199935,0.6761046905498131,0.9989079228315678,0.6766048136354117,0.6978226571712566,0.8067571129199934,0.9898201623600965,0.18194062163057043,0.0010920771684321915,0.25,1.75
HistoKit (no postprocessing),gaussian,367a29b2-8f5a-4095-840e-86626c38d291_123703_3.png,4499021,1562181,58142,32346,0.990043714440069,0.9802837296974469,0.9872416237909418,0.9928617567281574,0.9852905461751161,0.9900437144400691,0.9641170309870316,0.97971436043416,0.012758376209058135,0.25,1.75
HistoKit (no postprocessing),gaussian,16277008-7349-6ea9-1043-9abf63a9d11e_105523_1.png,1803792,252731,2580,934975,0.7937235802909438,0.6579947741019287,0.9985717227680677,0.6586146247563228,0.6868635352853198,0.7937235802909438,0.9898946774717893,0.21278919193807222,0.001428277231932293,0.25,1.75
HistoKit (no postprocessing),gaussian,aedd99b7-9b77-3379-0a55-09f4124063bb_103758_1.png,18614127,4110192,1124388,882279,0.9488550773429619,0.9026872098135503,0.9430358362825167,0.954746582523979,0.9188602104259005,0.9488550773429619,0.7851999587359444,0.8232780921511612,0.05696416371748331,0.25,1.75
HistoKit (no postprocessing),gaussian,78f7eac9-40c9-a096-07a4-a0166ddd84e8_103411_8.png,0,5970447,613893,0,0.0,0.0,0.0,,0.9067646871212605,,0.9067646871212605,1.0,1.0,0.25,1.75
HistoKit (no postprocessing),gaussian,7f0a6db3-032c-fd36-2371-511c4ae59038_115247_3.png,3632174,689047,4206,15543,0.9972887510970818,0.9945921641830893,0.9988433552049015,0.9957389786543199,0.9954505559817276,0.9972887510970817,0.9939329508851746,0.9779403624803077,0.001156644795098422,0.25,1.75
HistoKit (no postprocessing),gaussian,37e97aba-1a30-28bd-be40-a79de2fca963_105321_2.png,3131569,834285,78347,15195,0.9852844566660584,0.9709957269687772,0.9755921961820808,0.9951712298729742,0.9769566704012124,0.9852844566660584,0.9141526924324371,0.9821125865235203,0.024407803817919224,0.25,1.75
HistoKit (no postprocessing),gaussian,0f170c8e-9c83-6973-94f2-3858ac80f3dc_115930_5.png,7127634,277467,43681,487498,0.9640766304440817,0.9306447356790145,0.9939089274421776,0.9359829875568801,0.9330695237567223,0.9640766304440817,0.8639848294244398,0.3627185557509167,0.00609107255782238,0.25,1.75
HistoKit (no postprocessing),gaussian,c149f6be-4555-ddd6-581f-abc8aeab9698_132314_2.png,2861915,1597530,38417,37058,0.9869855094705314,0.9743054207987363,0.9867542750278244,0.9872168523128708,0.9833569280163708,0.9869855094705313,0.9765169654029134,0.9773288437208643,0.013245724972175599,0.25,1.75
HistoKit (no postprocessing),gaussian,d76874a4-c608-41cd-b260-c14f0dca935a_100643_5.png,0,3917911,11859,0,0.0,0.0,0.0,,0.9969822661377129,,0.9969822661377129,1.0,1.0,0.25,1.75
HistoKit (no postprocessing),gaussian,0f170c8e-9c83-6973-94f2-3858ac80f3dc_115930_4.png,6102940,362834,10757,1493733,0.8902662729014608,0.8022341316318389,0.9982405081573392,0.8033701068875809,0.8112371183689775,0.8902662729014608,0.9712064798134858,0.19543275303288274,0.001759491842660832,0.25,1.75
HistoKit (no postprocessing),gaussian,0a6bb222-fb92-5dbe-8347-47a6b9e62ff2_125049_3.png,4659067,333486,9054,1428986,0.8663056213110721,0.7641438800401568,0.99806046158615,0.7652802956873076,0.7763752114307343,0.8663056213110721,0.9735680504466632,0.1892149208611541,0.0019395384138500265,0.25,1.75
HistoKit (no postprocessing),gaussian,d7d9e09c-5b48-9d63-55ef-dabd0e7bf5cd_123455_1.png,0,3101658,2673867,0,0.0,0.0,0.0,,0.5370348150168166,,0.5370348150168166,1.0,1.0,0.25,1.75
HistoKit (no postprocessing),gaussian,ed9d6e50-ec08-4213-59eb-4f99b1955e7c_103016_4.png,6670562,324142,90147,1875402,0.8715887508670238,0.7724034579916816,0.9866660434578681,0.7805511467167425,0.7806368860343564,0.8715887508670237,0.7824055188527815,0.1473678180568336,0.013333956542131898,0.25,1.75
HistoKit (no postprocessing),gaussian,8469f8e6-543f-6b82-f38a-8b184a96e4e9_104905_3.png,5242427,705516,1237447,31978,0.8920031590197919,0.8050592980307292,0.809032243528192,0.9939371360371454,0.8241152453359729,0.8920031590197919,0.3631134509509445,0.956639647237808,0.19096775647180794,0.25,1.75
HistoKit (no postprocessing),gaussian,46e107b0-7f41-8fd8-abd7-fbe9d0e935a4_133028_5.png,0,11464631,74629,0,0.0,0.0,0.0,,0.9935326008773526,,0.9935326008773526,1.0,1.0,0.25,1.75
HistoKit (no postprocessing),gaussian,16277008-7349-6ea9-1043-9abf63a9d11e_105523_3.png,2689353,294063,149,578007,0.9029428581692844,0.8230590948640081,0.99994459940911,0.823096628470692,0.8376683105100782,0.9029428581692844,0.9994935624651612,0.33720114211015173,5.540059089006069e-05,0.25,1.75
HistoKit (no postprocessing),gaussian,9761f929-4dae-801a-b291-ba7ecada0fc3_101038_3.png,8809982,1113821,48761,268447,0.9823156069418301,0.9652458204551455,0.9944957202167396,0.97043023633274,0.9690257143557408,0.9823156069418301,0.958058012252039,0.8057923644329464,0.005504279783260447,0.25,1.75
HistoKit (no postprocessing),gaussian,4a12a0e8-253e-42bb-77ff-6e284ada3080_105659_4.png,4951305,6308572,14279,37151,0.9948332536337005,0.9897196233660188,0.9971244067163098,0.9925526054554756,0.9954532221607989,0.9948332536337006,0.9977416833007768,0.9941455055633535,0.002875593283690297,0.25,1.75
HistoKit (no postprocessing),gaussian,d7d9e09c-5b48-9d63-55ef-dabd0e7bf5cd_123455_4.png,0,16285143,1336683,0,0.0,0.0,0.0,,0.9241461696421245,,0.9241461696421245,1.0,1.0,0.25,1.75
HistoKit (no postprocessing),gaussian,4c439187-b529-301f-82bf-3874dfa019f2_103211_2.png,2436498,1528646,63788,28532,0.9814070242457882,0.9634928255018748,0.9744877186049916,0.9884252929984625,0.9772468714448237,0.9814070242457882,0.9599430808435389,0.9816771107734633,0.025512281395008413,0.25,1.75
HistoKit (no postprocessing),gaussian,15fe4c3f-571c-b45d-d559-12744253eeb9_122421_2.png,4195010,338961,4595,434794,0.9502357405801453,0.905189648107554,0.998905849478701,0.9060880331003213,0.9116514790805411,0.9502357405801453,0.9866251790101177,0.4380727749739905,0.0010941505212990268,0.25,1.75
HistoKit (no postprocessing),gaussian,6fecdbd3-f25f-98e1-f3e7-fdc984783bf1_110414_1.png,10942768,2779281,774402,2909483,0.8559261470957829,0.7481388941133696,0.9339087851418048,0.7899631619438603,0.7883546496269606,0.855926147095783,0.7820846710300272,0.48855621361687707,0.06609121485819527,0.25,1.75
HistoKit (no postprocessing),gaussian,7f0a6db3-032c-fd36-2371-511c4ae59038_115247_1.png,3420311,1168270,240190,84977,0.954622303280211,0.9131841116140583,0.9343832988981563,0.9757574841211336,0.9338250557415643,0.954622303280211,0.8294662255229115,0.9321945314850145,0.06561670110184371,0.25,1.75
HistoKit (no postprocessing),gaussian,efbb89df-e3ec-91fc-7f90-b36e0f9bf420_124740_1.png,3775296,458684,1098,563182,0.9304634749630062,0.8699688633175222,0.9997092464398577,0.8701890386444279,0.8823990363173317,0.9304634749630062,0.9976119117320817,0.44886902979451315,0.00029075356014229446,0.25,1.75
HistoKit (no postprocessing),gaussian,d18df4a2-af46-984e-1fcb-35841267a2a7_132544_3.png,4092436,297299,1168,1786506,0.8207404608612485,0.6959794969821993,0.999714676847101,0.6961177708506054,0.7106110344968255,0.8207404608612485,0.9960866695480572,0.14267121923596499,0.00028532315289901027,0.25,1.75
HistoKit (no postprocessing),gaussian,5b6306df-eee5-32e5-a263-7c4b8cf32245_100047_2.png,4203641,1008121,38089,24874,0.9925665668466497,0.9852428301290675,0.9910204091255219,0.9941175566363132,0.9880632639616284,0.9925665668466497,0.963593351239235,0.9759205030034027,0.008979590874478102,0.25,1.75
HistoKit (no postprocessing),gaussian,786743ed-e3ab-4cc3-3e88-4ee844fd6584_104341_2.png,6064222,2819894,54873,70851,0.9897403071346826,0.9796889989024137,0.9910324974526462,0.988451482158403,0.986045923124051,0.9897403071346826,0.9809121921880973,0.9754904012633422,0.008967502547353816,0.25,1.75
HistoKit (no postprocessing),gaussian,4f8d8d4c-adc3-ed68-4f51-2bb95426a546_131620_1.png,5843813,1333992,21398,3481,0.99787586003165,0.9957607248770254,0.9963517084040113,0.999404681892171,0.9965458709558825,0.99787586003165,0.9842126620382325,0.9973973306377026,0.0036482915959886184,0.25,1.75
HistoKit (no postprocessing),gaussian,36686384-7dd5-47b9-9af9-593716a57c66_072643_8.png,0,4124799,159,0,0.0,0.0,0.0,,0.9999614541529878,,0.9999614541529878,1.0,1.0,0.25,1.75
HistoKit (no postprocessing),gaussian,adf4a334-3c2a-d6ae-0b72-c218c11535ea_115443_3.png,0,7867274,305908,0,0.0,0.0,0.0,,0.9625717376659421,,0.9625717376659421,1.0,1.0,0.25,1.75
HistoKit (no postprocessing),gaussian,6dacef70-8f47-e898-de47-4738667f2bb0_100303_2.png,5392044,372492,1668,2168900,0.832448812226276,0.7129869944405451,0.9996907510078402,0.7131442846290093,0.7264600438759214,0.8324488122262759,0.99554201411161,0.14657006868676695,0.0003092489921597594,0.25,1.75
HistoKit (no postprocessing),gaussian,b04c2edc-8554-0391-20e3-62a3af357e5f_130945_4.png,3964494,358917,203605,1429376,0.8292212618551681,0.7082647086409497,0.9511515921286898,0.7349999165719604,0.7258439337102057,0.8292212618551681,0.6380497118334927,0.20070368781849507,0.04884840787131016,0.25,1.75
HistoKit (no postprocessing),gaussian,e2bfe175-7bb7-d3b3-d437-ffbd60d747a4_123954_4.png,1858642,250467,2673,582170,0.8640572442422085,0.7606521014043467,0.9985639185199711,0.76148511233147,0.7829051891050769,0.8640572442422085,0.9894406257406968,0.3008117583052399,0.0014360814800289043,0.25,1.75
HistoKit (no postprocessing),gaussian,18a7f9da-53be-2120-be0a-0738920b492f_101923_2.png,3784545,175134,42253,380282,0.9471277743888132,0.8995657320516843,0.9889586542064671,0.9086920056943542,0.9035795604687493,0.9471277743888133,0.8056323515205601,0.31532040848661186,0.01104134579353287,0.25,1.75
HistoKit (no postprocessing),gaussian,b04c2edc-8554-0391-20e3-62a3af357e5f_130945_2.png,10186583,496184,24646,2053147,0.9074519266638008,0.8305830643157059,0.9975863825989996,0.8322555317805213,0.8371707041070298,0.9074519266638009,0.9526793771480138,0.19463302333043453,0.0024136174010004085,0.25,1.75
HistoKit (no postprocessing),gaussian,0a6bb222-fb92-5dbe-8347-47a6b9e62ff2_125049_2.png,5234336,381496,47193,4164205,0.7131213951977068,0.5541481477246766,0.9910645193844434,0.5569306980732435,0.5714562496247672,0.7131213951977068,0.8899132004786687,0.08392456960983576,0.008935480615556594,0.25,1.75
HistoKit (no postprocessing),gaussian,7f0a6db3-032c-fd36-2371-511c4ae59038_115247_4.png,2869721,860073,8402,9174,0.9969470305633924,0.9939126456336151,0.9970807362993173,0.9968133606817894,0.9953097772571163,0.9969470305633923,0.9903255706842454,0.9894460377775247,0.002919263700682702,0.25,1.75
HistoKit (no postprocessing),gaussian,d18df4a2-af46-984e-1fcb-35841267a2a7_132544_1.png,7156977,152176,230469,1112238,0.9142405267636567,0.8420285977690465,0.9688026145977919,0.8654965435050365,0.8448071281782183,0.9142405267636567,0.397694991441153,0.12035298565185137,0.031197385402208015,0.25,1.75
HistoKit (no postprocessing),gaussian,367a29b2-8f5a-4095-840e-86626c38d291_123703_1.png,12354144,6054992,169315,118689,0.9884781310764013,0.9772187447892557,0.9864801729298591,0.9904841987381696,0.9845963607268278,0.9884781310764013,0.9727977749169506,0.9807750027900697,0.013519827070140926,0.25,1.75
HistoKit (no postprocessing),gaussian,0f170c8e-9c83-6973-94f2-3858ac80f3dc_115930_1.png,5451762,259950,9793,784355,0.9321105943131248,0.8728531150785074,0.9982069209227042,0.8742238158777329,0.8779334323210152,0.9321105943131249,0.9636950727173643,0.24892153154490307,0.0017930790772957518,0.25,1.75
HistoKit (no postprocessing),gaussian,76bd570a-7866-8dee-341c-c3f9290b76cf_114927_1.png,2633649,445900,37692,335138,0.9338968902833411,0.8759911511106514,0.9858902326584289,0.8871128174570961,0.8920078009975151,0.9338968902833411,0.922058263991133,0.5709069213021646,0.014109767341571143,0.5,1.75
HistoKit (no postprocessing),gaussian,6fecdbd3-f25f-98e1-f3e7-fdc984783bf1_110414_2.png,7885655,675990,91791,2553529,0.8563624289568721,0.7488057848394855,0.9884936858237586,0.7553899806728188,0.7639575032134035,0.8563624289568721,0.8804463772872734,0.20931600030840505,0.011506314176241369,0.25,1.75
HistoKit (no postprocessing),gaussian,96e6b3f2-f43e-7954-4202-361d3af0da92_104636_1.png,4588717,226182,110757,383193,0.9489266479337394,0.9028167692276515,0.9764320432456909,0.9229284118175912,0.9069572331026933,0.9489266479337393,0.6712847132567022,0.37117046153846156,0.0235679567543091,0.5,1.75
HistoKit (no postprocessing),gaussian,32e0aaf3-9973-5f67-ccc7-24d8d8604aa6_110737_5.png,0,5460266,13642,0,0.0,0.0,0.0,,0.997507813430551,,0.997507813430551,1.0,1.0,0.5,1.75
HistoKit (no postprocessing),gaussian,0a6bb222-fb92-5dbe-8347-47a6b9e62ff2_125049_1.png,5846391,233225,40703,1751188,0.8671164662279909,0.765406540371251,0.99308606249535,0.769507102196634,0.772357313536023,0.8671164662279909,0.8514098595251307,0.11752845803771694,0.0069139375046500025,0.5,1.75
HistoKit (no postprocessing),gaussian,36c069a8-8f9e-b246-f3af-1b6cffe0751a_123150_5.png,2151665,342554,3297,1153353,0.7881585646833871,0.6503809341008943,0.9984700426272017,0.6510297372056673,0.6831850170466265,0.7881585646833871,0.9904669930114414,0.2289941821249583,0.001529957372798221,0.5,1.75
HistoKit (no postprocessing),gaussian,9761f929-4dae-801a-b291-ba7ecada0fc3_101038_1.png,5036150,269170,18281,1024198,0.9062078517260667,0.8285009662540681,0.9963831734966805,0.8310001339857052,0.8357731553881904,0.9062078517260668,0.9364030739152064,0.20811555566551823,0.0036168265033195627,0.5,1.75
HistoKit (no postprocessing),gaussian,4c439187-b529-301f-82bf-3874dfa019f2_103211_1.png,5215054,2767633,7386,67207,0.9928990839434649,0.9858983028546139,0.9985857185530135,0.9872768498186667,0.9907421611263354,0.9928990839434649,0.9973383966019692,0.9762924891704646,0.0014142814469864662,0.5,1.75
HistoKit (no postprocessing),gaussian,96e6b3f2-f43e-7954-4202-361d3af0da92_104636_4.png,3016981,361538,5328,2029044,0.7478572404166709,0.5972619613002694,0.9982371094418208,0.5978925986296144,0.6241616540957503,0.7478572404166709,0.9854769861475307,0.15123430193986234,0.0017628905581791934,0.5,1.75
HistoKit (no postprocessing),gaussian,d7d9e09c-5b48-9d63-55ef-dabd0e7bf5cd_123455_3.png,0,3207282,1389,0,0.0,0.0,0.0,,0.9995671104952798,,0.9995671104952798,1.0,1.0,0.5,1.75
HistoKit (no postprocessing),gaussian,0fcbbf47-bbbc-4a27-0d18-fe35bf99ccdb_133554_3.png,1488307,238171,5337,1163633,0.7180204284848648,0.5600872622613299,0.9964268594122829,0.561214431699058,0.5962731846677958,0.7180204284848648,0.9780828555940667,0.16990321043455434,0.0035731405877170194,0.5,1.75
HistoKit (no postprocessing),gaussian,6fecdbd3-f25f-98e1-f3e7-fdc984783bf1_110414_3.png,2535173,740615,415863,761099,0.8116049344773781,0.6829420266234929,0.8590789810764762,0.7691030958610212,0.7356775026668912,0.811604934477378,0.6404056108287404,0.4931797932229439,0.1409210189235238,0.5,1.75
HistoKit (no postprocessing),gaussian,db9f8afe-40d5-d8aa-882f-512377b755a1_120139_3.png,5414578,861068,324459,125795,0.9600817773270056,0.9232281504397739,0.943464556858581,0.9772948500037814,0.9330566912978189,0.9600817773270056,0.726316650738448,0.8725304322889803,0.05653544314141902,0.5,1.75
HistoKit (no postprocessing),gaussian,aedd99b7-9b77-3379-0a55-09f4124063bb_103758_2.png,4824603,130095,24618,554208,0.943407881398885,0.8928780224557405,0.9949233083004466,0.8969645893860185,0.8953964959761628,0.9434078813988849,0.8408795640961005,0.1901131516301989,0.005076691699553392,0.5,1.75
HistoKit (no postprocessing),gaussian,ed9d6e50-ec08-4213-59eb-4f99b1955e7c_103016_3.png,9780435,221387,108468,487834,0.9704173779933019,0.9425347293662738,0.9890313414946026,0.9524911160780848,0.943735136520388,0.9704173779933019,0.6711646026284277,0.31215516743018046,0.010968658505397414,0.5,1.75
HistoKit (no postprocessing),gaussian,cbe296c0-32ef-a6c0-58c3-7dcdd9f9743d_115103_5.png,2835428,653249,38395,35074,0.9872101595922933,0.9747433477362726,0.9866397478202381,0.9877812312968254,0.9793750733406211,0.9872101595922933,0.9444873374163587,0.9490442713667856,0.013360252179761941,0.5,1.75
HistoKit (no postprocessing),gaussian,16277008-7349-6ea9-1043-9abf63a9d11e_105523_2.png,6827505,376130,735,1574324,0.8965822807500085,0.8125501930125137,0.9998923587923095,0.8126212756769984,0.8205816263785934,0.8965822807500085,0.9980496994945139,0.1928422818482261,0.0001076412076904151,0.5,1.75
HistoKit (no postprocessing),gaussian,042c1e4d-d1be-7f85-b2e1-b98e0b68f672_101215_1.png,3921191,649301,1383846,35222,0.8467769085834291,0.7342698172504367,0.7391448919206407,0.9910974915914996,0.7630764196368348,0.8467769085834291,0.3193576263792043,0.9485451913230089,0.2608551080793593,0.5,1.75
HistoKit (no postprocessing),gaussian,e2bfe175-7bb7-d3b3-d437-ffbd60d747a4_123954_6.png,2179724,170081,4309,721815,0.857218814324131,0.7501163171645592,0.998027044463156,0.751230295370836,0.7639334327937999,0.857218814324131,0.9752910143930271,0.19069600043054347,0.0019729555368439944,0.5,1.75
HistoKit (no postprocessing),gaussian,db9f8afe-40d5-d8aa-882f-512377b755a1_120139_1.png,4115293,7591862,991644,277101,0.8664384891946602,0.7643506602293669,0.8058241172742096,0.936913446289199,0.9022229671930271,0.8664384891946602,0.8844709842341812,0.9647855759392947,0.19417588272579042,0.5,1.75
HistoKit (no postprocessing),gaussian,a2afe16d-3866-9541-f2c7-cc8ca97faf02_130229_2.png,1341238,2139612,25239,2581,0.9897354384908512,0.9796794584305413,0.9815298757315345,0.9980793544368698,0.9920710696645737,0.9897354384908512,0.9883414609134763,0.9987951599132291,0.01847012426846555,0.5,1.75
HistoKit (no postprocessing),gaussian,73e02c87-178a-0dc6-cf2c-3f6aeb0c5685_124434_1.png,0,9362569,2010339,0,0.0,0.0,0.0,,0.8232343917668199,,0.8232343917668199,1.0,1.0,0.5,1.75
HistoKit (no postprocessing),gaussian,15fe4c3f-571c-b45d-d559-12744253eeb9_122421_3.png,2472383,166081,772,200081,0.9609662122283052,0.9248652195316837,0.9996878481130378,0.9251323871902484,0.9292601002283296,0.9609662122283052,0.9953731727928177,0.45357246246197036,0.0003121518869622001,0.5,1.75
HistoKit (no postprocessing),gaussian,15fe4c3f-571c-b45d-d559-12744253eeb9_122421_1.png,4753307,1734746,188484,8505,0.9796993961933521,0.9602066219878569,0.9618591721098687,0.9982139152070683,0.9705328702497307,0.9796993961933521,0.9019961211087597,0.9951211844995357,0.03814082789013133,0.5,1.75
HistoKit (no postprocessing),gaussian,78f7eac9-40c9-a096-07a4-a0166ddd84e8_103411_4.png,0,3169770,2430,0,0.0,0.0,0.0,,0.9992339701153773,,0.9992339701153773,1.0,1.0,0.5,1.75
HistoKit (no postprocessing),gaussian,adf4a334-3c2a-d6ae-0b72-c218c11535ea_115443_5.png,0,5528242,28478,0,0.0,0.0,0.0,,0.9948750341928332,,0.9948750341928332,1.0,1.0,0.5,1.75
HistoKit (no postprocessing),gaussian,adf4a334-3c2a-d6ae-0b72-c218c11535ea_115443_6.png,0,5887643,41944,0,0.0,0.0,0.0,,0.9929263201636134,,0.9929263201636134,1.0,1.0,0.5,1.75
HistoKit (no postprocessing),gaussian,adf4a334-3c2a-d6ae-0b72-c218c11535ea_115443_8.png,0,7395472,6119,0,0.0,0.0,0.0,,0.99917328585165,,0.99917328585165,1.0,1.0,0.5,1.75
HistoKit (no postprocessing),gaussian,46e107b0-7f41-8fd8-abd7-fbe9d0e935a4_133028_1.png,0,8916767,345489,0,0.0,0.0,0.0,,0.9626992603097992,,0.9626992603097992,1.0,1.0,0.5,1.75
HistoKit (no postprocessing),gaussian,15fe4c3f-571c-b45d-d559-12744253eeb9_122421_5.png,3447160,266693,3973,866886,0.8878507501243693,0.7983197850681064,0.9988487838631545,0.7990549938503205,0.8100515364978215,0.8878507501243692,0.9853213924172227,0.23526635549882274,0.001151216136845494,0.5,1.75
HistoKit (no postprocessing),gaussian,f010c097-faf6-f2df-c82a-aca0270a9814_110553_3.png,543668,4196089,127612,1061,0.8941841713342582,0.808619435673267,0.8098975092360863,0.9980522424912204,0.9735699188444735,0.8941841713342582,0.9704854706650622,0.9997472094159132,0.19010249076391372,0.5,1.75
HistoKit (no postprocessing),gaussian,4a12a0e8-253e-42bb-77ff-6e284ada3080_105659_1.png,1909147,1423524,15254,12135,0.9928779881233061,0.9858567049618494,0.9920733776380287,0.993683904809393,0.9918486574644501,0.9928779881233061,0.9893979474248286,0.9915474357072257,0.007926622361971336,0.5,1.75
HistoKit (no postprocessing),gaussian,c149f6be-4555-ddd6-581f-abc8aeab9698_132314_1.png,3642909,2087581,114287,90943,0.9726032992980421,0.9466677269194278,0.9695818370934068,0.9756436516498244,0.965424582022063,0.9726032992980421,0.948095435330365,0.9582547633168145,0.030418162906593108,0.5,1.75
HistoKit (no postprocessing),gaussian,f4701930-c3d0-97f5-7529-fedf8cc9402a_110850_3.png,2346376,427476,591,7479,0.9982832789669551,0.9965724420946583,0.999748185637037,0.9968226589998109,0.9970991278691494,0.9982832789669551,0.9986193750043801,0.9828051177708039,0.0002518143629629219,0.5,1.75
HistoKit (no postprocessing),gaussian,e4c17e5d-ca75-8d00-1c03-2c4b0f9dc6a7_131509_7.png,0,4750856,97342,0,0.0,0.0,0.0,,0.9799220246367826,,0.9799220246367826,1.0,1.0,0.5,1.75
HistoKit (no postprocessing),gaussian,e2bfe175-7bb7-d3b3-d437-ffbd60d747a4_123954_3.png,4727932,277502,9709,637667,0.935923921435104,0.8795648547022794,0.9979506678534739,0.8811564188825889,0.8854771343809539,0.9359239214351041,0.9661955844309584,0.30322486884936006,0.0020493321465260878,0.5,1.75
HistoKit (no postprocessing),gaussian,67cf3804-696c-ef64-2d57-43ad0b86332a_122601_1.png,21142312,12627169,7664576,871364,0.8320376767168502,0.712384004287045,0.7339325233603852,0.9604171515924919,0.7982305860991196,0.8320376767168502,0.62228108031123,0.9354475038139329,0.26606747663961483,0.25,1.75
HistoKit (no postprocessing),gaussian,5b6306df-eee5-32e5-a263-7c4b8cf32245_100047_3.png,6724421,567693,17047,22191,0.9970909128652855,0.9941987022113327,0.9974713222698677,0.9967107935064295,0.99464791760101,0.9970909128652854,0.970846872114102,0.9623807392639909,0.0025286777301323686,0.5,1.75
HistoKit (no postprocessing),gaussian,78f7eac9-40c9-a096-07a4-a0166ddd84e8_103411_6.png,0,6276123,543797,0,0.0,0.0,0.0,,0.920263434175181,,0.920263434175181,1.0,1.0,0.5,1.75
HistoKit (no postprocessing),gaussian,67cf3804-696c-ef64-2d57-43ad0b86332a_122601_2.png,5991317,4360563,12684,96931,0.9909351023122333,0.9820330729796694,0.9978874087462677,0.9840789994100109,0.9895220520585251,0.9909351023122333,0.9970996378663268,0.9782543734214785,0.002112591253732303,0.5,1.75
HistoKit (no postprocessing),gaussian,18a7f9da-53be-2120-be0a-0738920b492f_101923_4.png,8356949,248811,74905,1568827,0.9104605550934407,0.8356379930526732,0.991116425877393,0.8419441462309849,0.8396279542439762,0.9104605550934407,0.7686089041011257,0.13688699289957626,0.008883574122606961,0.5,1.75
HistoKit (no postprocessing),gaussian,6dacef70-8f47-e898-de47-4738667f2bb0_100303_3.png,3041547,198582,132,445925,0.9316822355617139,0.8721021652687633,0.9999566029156923,0.872135174131864,0.87899227005908,0.931682235561714,0.999335728735771,0.30811457439562334,4.339708430771294e-05,0.5,1.75
HistoKit (no postprocessing),gaussian,7fcfd7e6-a936-d1a4-6766-2f191e54690d_131809_1.png,3161429,251755,9650,714201,0.8972781478559708,0.8136939937404769,0.9969568717777135,0.8157200248733755,0.8250314536860336,0.8972781478559707,0.9630841032114917,0.26062781327513884,0.0030431282222864835,0.5,1.75
HistoKit (no postprocessing),gaussian,2852fafe-6f36-4c12-47aa-96e73b433b3f_123004_2.png,2511524,1107939,6747,74688,0.9840463764890587,0.9685937957368397,0.9973207808055606,0.9711206969884912,0.9779958809996925,0.9840463764890588,0.9939471743612103,0.9368456833811506,0.002679219194439359,0.5,1.75
HistoKit (no postprocessing),gaussian,78f7eac9-40c9-a096-07a4-a0166ddd84e8_103411_1.png,0,2767966,5794,0,0.0,0.0,0.0,,0.9979111386709737,,0.9979111386709737,1.0,1.0,0.5,1.75
HistoKit (no postprocessing),gaussian,f4701930-c3d0-97f5-7529-fedf8cc9402a_110850_4.png,2525310,506572,3571,38317,0.9917745833683521,0.9836833777527094,0.9985879129939289,0.9850535978908008,0.9863724351529229,0.9917745833683522,0.9930000019602346,0.9296792557750294,0.0014120870060710647,0.5,1.75
HistoKit (no postprocessing),gaussian,eb22b9cd-e52e-fa2d-85a8-60a50dc5a7c4_102757_1.png,2183415,586704,19734,36828,0.9872129804457755,0.9747488478676344,0.9910428209803331,0.9834126264557528,0.979989959956571,0.9872129804457755,0.9674591631790884,0.9409364715844576,0.008957179019666849,0.5,1.75
HistoKit (no postprocessing),gaussian,d7d73023-1258-3c47-44ee-6493877f23d1_111048_2.png,6534734,426055,19001,749554,0.9444606357425479,0.8947659061554322,0.9971007372132075,0.897099895006897,0.9005665940084954,0.944460635742548,0.9573064962611446,0.36241216254724146,0.0028992627867925696,0.5,1.75
HistoKit (no postprocessing),gaussian,adf4a334-3c2a-d6ae-0b72-c218c11535ea_115443_4.png,0,4436616,2998980,0,0.0,0.0,0.0,,0.5966725464912295,,0.5966725464912295,1.0,1.0,0.5,1.75
HistoKit (no postprocessing),gaussian,db9f8afe-40d5-d8aa-882f-512377b755a1_120139_2.png,3004365,1965704,44315,61359,0.9827172035083059,0.9660216479600416,0.9854642009000617,0.9799854781448036,0.9791805849902172,0.982717203508306,0.9779529447234081,0.9697300971898752,0.014535799099938334,0.5,1.75
HistoKit (no postprocessing),gaussian,0a6bb222-fb92-5dbe-8347-47a6b9e62ff2_125049_4.png,7590022,476428,12306,6010657,0.7159382629077092,0.5575575085111751,0.9983812853115519,0.5580619908756026,0.5725185286285526,0.7159382629077092,0.9748206590906301,0.073442540062293,0.0016187146884480649,0.5,1.75
HistoKit (no postprocessing),gaussian,f569a03d-b1d7-9121-59cf-f65992813d75_131224_1.png,0,4258832,110074,0,0.0,0.0,0.0,,0.9748051342830447,,0.9748051342830447,1.0,1.0,0.5,1.75
HistoKit (no postprocessing),gaussian,0823ec0e-9dd5-2324-aa8d-fe8db13ea4cd_103937_1.png,1450148,4088716,16033,44775,0.9794644159745824,0.9597552807626429,0.9890647880445865,0.9700486245779883,0.989140792532134,0.9794644159745824,0.9960940364441285,0.989167751907528,0.010935211955413417,0.5,1.75
HistoKit (no postprocessing),gaussian,18a7f9da-53be-2120-be0a-0738920b492f_101923_3.png,11684825,131483,84443,458585,0.9772912092907369,0.9555908956380159,0.9928251272721464,0.9622358958480361,0.9560633354413215,0.977291209290737,0.6089262062002723,0.2228268606330118,0.007174872727853593,0.5,1.75
HistoKit (no postprocessing),gaussian,98491719-8df8-3c0a-7325-de39c48b2a96_133826_2.png,2682459,1622357,108636,51358,0.9710413487128845,0.9437127016700012,0.9610776415707813,0.9812138120437469,0.9641655523975264,0.9710413487128845,0.9372406474202958,0.9693149670045378,0.03892235842921864,0.5,1.75
HistoKit (no postprocessing),gaussian,2852fafe-6f36-4c12-47aa-96e73b433b3f_123004_1.png,2153979,2837268,34574,66112,0.9771616850895649,0.9553432549846651,0.9842023473957451,0.9702210404888809,0.9802263698285111,0.977161685089565,0.9879610368536987,0.9772292982661588,0.015797652604254957,0.5,1.75
HistoKit (no postprocessing),gaussian,46e107b0-7f41-8fd8-abd7-fbe9d0e935a4_133028_6.png,0,5247888,29567,0,0.0,0.0,0.0,,0.9943974889411658,,0.9943974889411658,1.0,1.0,0.5,1.75
HistoKit (no postprocessing),gaussian,8469f8e6-543f-6b82-f38a-8b184a96e4e9_104905_1.png,8819070,8335421,6542356,171270,0.7243064014330624,0.5677745833691717,0.5741049040629431,0.9809495525197045,0.7187199141013093,0.7243064014330624,0.5602598425826654,0.9798664369024336,0.4258950959370569,0.5,1.75
HistoKit (no postprocessing),gaussian,8956f1ca-9d66-b2d7-8ef9-bd09fb590f4a_110204_2.png,6159309,1443292,154855,493798,0.9499776784182269,0.9047214129573579,0.9754749797439535,0.9257793388863278,0.9213873430632483,0.9499776784182269,0.9031034066328066,0.7450825723120763,0.024525020256046564,0.5,1.75
HistoKit (no postprocessing),gaussian,c93efc84-bec7-4ba6-b526-5de46512cbba_100824_1.png,7389229,877456,28742,33678,0.9957940493817145,0.991623330621182,0.9961253555722986,0.9954629634993406,0.9925057974416219,0.9957940493817145,0.9682828697481124,0.9630372700393136,0.0038746444277013214,0.5,1.75
HistoKit (no postprocessing),gaussian,36c069a8-8f9e-b246-f3af-1b6cffe0751a_123150_4.png,3422937,195509,80983,1062931,0.8568279909304227,0.749517993908713,0.9768878855681636,0.7630489795954762,0.7598010230221991,0.8568279909304226,0.7071054497055973,0.15535822128985094,0.023112114431836344,0.5,1.75
HistoKit (no postprocessing),gaussian,36c069a8-8f9e-b246-f3af-1b6cffe0751a_123150_3.png,6319419,353526,4305,1924126,0.8676189064676433,0.7661898555381099,0.9993192302510356,0.7665899804028485,0.7757997092558214,0.8676189064676433,0.9879691809820838,0.15521510748788664,0.0006807697489643761,0.5,1.75
HistoKit (no postprocessing),gaussian,6dacef70-8f47-e898-de47-4738667f2bb0_100303_1.png,8148284,337423,12068,1543553,0.9128610502611192,0.8396912377027599,0.9985211422252374,0.8407367973687547,0.845078160976317,0.9128610502611192,0.9654697831989951,0.179387190479836,0.0014788577747626573,0.5,1.75
HistoKit (no postprocessing),gaussian,18a7f9da-53be-2120-be0a-0738920b492f_101923_5.png,6954162,412352,4466,1517810,0.9013469340142315,0.8204108848551714,0.9993582068189304,0.8208433644492688,0.8287420447552479,0.9013469340142315,0.9892854915094837,0.21363595387330184,0.0006417931810696017,0.5,1.75
HistoKit (no postprocessing),gaussian,e2bfe175-7bb7-d3b3-d437-ffbd60d747a4_123954_2.png,3893635,173867,51915,144783,0.9753633782099327,0.9519114947364922,0.9868421386118539,0.9641485849161726,0.9538722386379626,0.9753633782099327,0.7700658156983284,0.5456362780480151,0.01315786138814614,0.5,1.75
HistoKit (no postprocessing),gaussian,103a5b47-1de4-c7ee-81eb-83cd201d2a51_131937_2.png,2683790,1754329,122765,11926,0.9755208349425174,0.9522114926444422,0.9562577608491549,0.9955759434599194,0.9705452446088948,0.9755208349425174,0.934598373869396,0.9932478605863819,0.043742239150845075,0.5,1.75
HistoKit (no postprocessing),gaussian,d18df4a2-af46-984e-1fcb-35841267a2a7_132544_2.png,8508405,141336,127491,308493,0.9750192433371986,0.9512561450536197,0.98523708483752,0.9650111637902582,0.9520143962094384,0.9750192433371987,0.5257507616422458,0.31419939577039274,0.014762915162479956,0.5,1.75
HistoKit (no postprocessing),gaussian,0f170c8e-9c83-6973-94f2-3858ac80f3dc_115930_3.png,6461124,345617,48793,684578,0.9462952942667776,0.8980649788484112,0.9925048199539257,0.9041972363247166,0.9027373863942605,0.9462952942667777,0.8762886336553333,0.3354869709132737,0.00749518004607432,0.5,1.75
HistoKit (no postprocessing),gaussian,d7d73023-1258-3c47-44ee-6493877f23d1_111048_3.png,6254440,272596,7218,1298844,0.905460189409409,0.8272519470267979,0.9988472701639086,0.8280424779473405,0.8332636716660509,0.905460189409409,0.9742042928516801,0.17346892022603472,0.0011527298360913356,0.5,1.75
HistoKit (no postprocessing),gaussian,aedd99b7-9b77-3379-0a55-09f4124063bb_103758_4.png,4610566,124884,16809,331571,0.9635947998184233,0.9297471680474036,0.9963674869661525,0.93290938717401,0.9314729249404484,0.9635947998184233,0.8813702864643984,0.2735954256169831,0.003632513033847484,0.5,1.75
HistoKit (no postprocessing),gaussian,8956f1ca-9d66-b2d7-8ef9-bd09fb590f4a_110204_1.png,6889318,3402907,616034,102106,0.9504620889499845,0.9056005304268522,0.917920705118161,0.985395536016697,0.9347760042469073,0.9504620889499845,0.846717331754808,0.9708685816571865,0.08207929488183899,0.5,1.75
HistoKit (no postprocessing),gaussian,36c069a8-8f9e-b246-f3af-1b6cffe0751a_123150_2.png,4593089,357793,4343,1405155,0.8669742260899634,0.7651849111058282,0.9990553421997324,0.7657389395963219,0.7783940582166474,0.8669742260899634,0.9880072679877173,0.2029515334541915,0.0009446578002676277,0.5,1.75
HistoKit (no postprocessing),gaussian,4a12a0e8-253e-42bb-77ff-6e284ada3080_105659_3.png,800885,3466315,10683,37501,0.9707967616066873,0.9432507840941078,0.9868365928671411,0.955270006894199,0.9888343656091787,0.9707967616066873,0.9969275219600356,0.9892970977928065,0.013163407132858861,0.5,1.75
HistoKit (no postprocessing),gaussian,5b6306df-eee5-32e5-a263-7c4b8cf32245_100047_4.png,5962951,358633,6660,23626,0.9974669183856928,0.9949466373514012,0.9988843494157325,0.9960535043648482,0.9952319553139469,0.9974669183856928,0.9817680601599265,0.938193737753722,0.0011156505842675512,0.5,1.75
HistoKit (no postprocessing),gaussian,e4c17e5d-ca75-8d00-1c03-2c4b0f9dc6a7_131509_4.png,0,12941981,514877,0,0.0,0.0,0.0,,0.9617386911565835,,0.9617386911565835,1.0,1.0,0.5,1.75
HistoKit (no postprocessing),gaussian,042c1e4d-d1be-7f85-b2e1-b98e0b68f672_101215_2.png,0,16552799,444139,0,0.0,0.0,0.0,,0.9738694699009904,,0.9738694699009904,1.0,1.0,0.5,1.75
HistoKit (no postprocessing),gaussian,67cf3804-696c-ef64-2d57-43ad0b86332a_122601_3.png,3004104,3899817,1120663,116304,0.8292702384690501,0.7083361726318659,0.7283087747744297,0.9627279509602591,0.8480550279035899,0.8292702384690501,0.7767817021480018,0.9710407131657637,0.2716912252255703,0.5,1.75
HistoKit (no postprocessing),gaussian,103a5b47-1de4-c7ee-81eb-83cd201d2a51_131937_3.png,501162,9912671,23151,702,0.9767554720092148,0.9545670123710751,0.9558450772725452,0.9986012146717039,0.9977147233591813,0.9767554720092148,0.9976699461805978,0.9999291865644518,0.04415492272745478,0.5,1.75
HistoKit (no postprocessing),gaussian,78f7eac9-40c9-a096-07a4-a0166ddd84e8_103411_2.png,0,3792239,10189,0,0.0,0.0,0.0,,0.9973203963362357,,0.9973203963362357,1.0,1.0,0.5,1.75
HistoKit (no postprocessing),gaussian,46e107b0-7f41-8fd8-abd7-fbe9d0e935a4_133028_4.png,0,5752231,56327,0,0.0,0.0,0.0,,0.9903027567255074,,0.9903027567255074,1.0,1.0,0.5,1.75
HistoKit (no postprocessing),gaussian,aedd99b7-9b77-3379-0a55-09f4124063bb_103758_3.png,2469716,1172189,407596,1220218,0.7521314109445573,0.60273286589726,0.8583413964144313,0.6693117004260781,0.6911004173087787,0.7521314109445574,0.7419927395183522,0.4899622012475302,0.14165860358556875,0.5,1.75
HistoKit (no postprocessing),gaussian,c93efc84-bec7-4ba6-b526-5de46512cbba_100824_2.png,3114185,318018,1692,23650,0.9959476867498855,0.9919280834342243,0.9994569747137002,0.992462956146515,0.992670522003329,0.9959476867498854,0.9947077038566201,0.9307807579287496,0.0005430252862998122,0.5,1.75
HistoKit (no postprocessing),gaussian,d07adf84-9a4a-637f-4bfb-56af281dbf05_133243_1.png,3510381,887918,12041,11828,0.9966117458813669,0.9932463747612648,0.9965816134466569,0.9966418801382882,0.9946024212558184,0.996611745881367,0.9866205016006284,0.9868540677035519,0.003418386553343126,0.5,1.75
HistoKit (no postprocessing),gaussian,f4701930-c3d0-97f5-7529-fedf8cc9402a_110850_2.png,3817198,435990,7790,17248,0.9967310900518237,0.9934834820141188,0.997963392303453,0.9955018273826258,0.9941475742515706,0.9967310900518238,0.9824462571544459,0.9619449384208738,0.002036607696547022,0.5,1.75
HistoKit (no postprocessing),gaussian,18a7f9da-53be-2120-be0a-0738920b492f_101923_1.png,4335810,472978,10115,2042529,0.8085981471549003,0.6786947201936494,0.9976725323147546,0.6797710187558235,0.7008432059080378,0.8085981471549004,0.9790620025543736,0.1880249190322269,0.0023274676852453736,0.5,1.75
HistoKit (no postprocessing),gaussian,103a5b47-1de4-c7ee-81eb-83cd201d2a51_131937_1.png,1388959,2684730,110167,5946,0.9598784532715786,0.9228521957753516,0.9265125146251882,0.9957373441202089,0.9722867572262365,0.9598784532715786,0.9605828050192905,0.9977901464167369,0.07348748537481173,0.5,1.75
HistoKit (no postprocessing),gaussian,adf4a334-3c2a-d6ae-0b72-c218c11535ea_115443_2.png,0,5936765,198755,0,0.0,0.0,0.0,,0.9676058426995593,,0.9676058426995593,1.0,1.0,0.5,1.75
HistoKit (no postprocessing),gaussian,9761f929-4dae-801a-b291-ba7ecada0fc3_101038_2.png,5178631,213432,97202,422095,0.9522553962149243,0.9088621337440558,0.9815759899905854,0.9246356633050786,0.9121527025929735,0.9522553962149242,0.6870851226845741,0.33583466949476576,0.018424010009414626,0.5,1.75
HistoKit (no postprocessing),gaussian,8469f8e6-543f-6b82-f38a-8b184a96e4e9_104905_2.png,8284545,3833226,400551,219038,0.963953658102522,0.9304155799991329,0.953880647951387,0.9742416814182916,0.9513565605431581,0.963953658102522,0.9053915688048757,0.9459467596385626,0.046119352048612935,0.5,1.75
HistoKit (no postprocessing),gaussian,a2afe16d-3866-9541-f2c7-cc8ca97faf02_130229_1.png,1112659,6657749,22281,6111,0.9874021058610025,0.9751176765981538,0.9803681251872346,0.994537751280424,0.9963594399138329,0.9874021058610025,0.9966645359377129,0.9990829639278136,0.019631874812765432,0.5,1.75
HistoKit (no postprocessing),gaussian,36c069a8-8f9e-b246-f3af-1b6cffe0751a_123150_1.png,3105049,198951,35083,1064109,0.8496171310756585,0.7385516196621459,0.9888275397339984,0.7447664492446676,0.7503647354010454,0.8496171310756585,0.850094430723741,0.15751508241888745,0.011172460266001556,0.5,1.75
HistoKit (no postprocessing),gaussian,32e0aaf3-9973-5f67-ccc7-24d8d8604aa6_110737_7.png,0,4627958,243766,0,0.0,0.0,0.0,,0.949963093147313,,0.949963093147313,1.0,1.0,0.5,1.75
HistoKit (no postprocessing),gaussian,aedd99b7-9b77-3379-0a55-09f4124063bb_103758_1.png,18755936,3995225,1239355,740470,0.949867310082927,0.904521227844013,0.9380176562571657,0.9620201795141115,0.91994556949731,0.949867310082927,0.7632369741220881,0.843640690542782,0.06198234374283425,0.5,1.75
HistoKit (no postprocessing),gaussian,ed9d6e50-ec08-4213-59eb-4f99b1955e7c_103016_1.png,5226101,231132,15674,760036,0.930912354852799,0.8707540107477559,0.9970097915305407,0.8730339783402886,0.8755467521522337,0.930912354852799,0.9364926298388208,0.2331915477497256,0.002990208469459296,0.5,1.75
HistoKit (no postprocessing),gaussian,cbe296c0-32ef-a6c0-58c3-7dcdd9f9743d_115103_2.png,2759775,1427321,2640114,68262,0.6708312641606159,0.5046998519243525,0.5110799499767495,0.9758624091551843,0.6072239869874028,0.6708312641606159,0.35091427398348096,0.9543575983412489,0.48892005002325045,0.5,1.75
HistoKit (no postprocessing),gaussian,9761f929-4dae-801a-b291-ba7ecada0fc3_101038_4.png,4964622,537296,3970,2484218,0.7996213709887842,0.6661409589134837,0.9992009808815052,0.6664959913221388,0.6885913653711228,0.7996213709887843,0.9926653438420296,0.17782343553595978,0.0007990191184947366,0.5,1.75
HistoKit (no postprocessing),gaussian,d7d73023-1258-3c47-44ee-6493877f23d1_111048_1.png,6077021,469291,111907,2318273,0.8333692397167295,0.7143384763096582,0.9819181932638414,0.723860415132573,0.7292728607121802,0.8333692397167294,0.8074546023902354,0.16835165040156924,0.018081806736158508,0.5,1.75
HistoKit (no postprocessing),gaussian,16277008-7349-6ea9-1043-9abf63a9d11e_105523_1.png,1954944,250794,4517,783823,0.8322048227544513,0.7126290970967644,0.9976947742261775,0.7138044236694834,0.7367002462861689,0.8322048227544513,0.9823078519922761,0.24240274420389382,0.002305225773822495,0.5,1.75
HistoKit (no postprocessing),gaussian,367a29b2-8f5a-4095-840e-86626c38d291_123703_3.png,4501941,1563463,56860,29426,0.9905077661931001,0.981194042927693,0.9875274222322931,0.9935061538824819,0.9859736105037803,0.9905077661931,0.9649082312600635,0.9815266474939559,0.012472577767706904,0.5,1.75
HistoKit (no postprocessing),gaussian,7f0a6db3-032c-fd36-2371-511c4ae59038_115247_3.png,3627042,689928,3325,20675,0.9967024288260482,0.9934265341236831,0.999084114636344,0.9943320712653969,0.994471281764214,0.9967024288260481,0.995203771206183,0.9709049919575347,0.0009158853636560711,0.5,1.75
HistoKit (no postprocessing),gaussian,37e97aba-1a30-28bd-be40-a79de2fca963_105321_2.png,3135836,826924,85708,10928,0.9848254826870811,0.9701046134351666,0.973395365700422,0.9965272260646175,0.9761944880469903,0.9848254826870811,0.9060870098791188,0.9869571236924899,0.02660463429957809,0.5,1.75
HistoKit (no postprocessing),gaussian,78f7eac9-40c9-a096-07a4-a0166ddd84e8_103411_8.png,0,5971100,613240,0,0.0,0.0,0.0,,0.9068638618297354,,0.9068638618297354,1.0,1.0,0.5,1.75
HistoKit (no postprocessing),gaussian,c149f6be-4555-ddd6-581f-abc8aeab9698_132314_2.png,2872970,1598685,37262,26003,0.9891095253137047,0.9784537000614733,0.9871962097867112,0.9910302717548594,0.9860493680153123,0.9891095253137048,0.9772229784950246,0.983995080901687,0.012803790213288837,0.5,1.75
HistoKit (no postprocessing),gaussian,0f170c8e-9c83-6973-94f2-3858ac80f3dc_115930_5.png,7121027,279658,41490,494105,0.9637564134863401,0.9300481334980361,0.9942073435916452,0.9351153729180269,0.9325130917759958,0.9637564134863401,0.8708072290657267,0.3614259146534533,0.005792656408354772,0.5,1.75
HistoKit (no postprocessing),gaussian,0f170c8e-9c83-6973-94f2-3858ac80f3dc_115930_4.png,5920523,362238,11353,1676150,0.8752635630029503,0.7781943699982098,0.9980861029461843,0.7793573581487581,0.788275143709167,0.8752635630029503,0.9696111523029195,0.17770807127985447,0.00191389705381569,0.5,1.75
HistoKit (no postprocessing),gaussian,d76874a4-c608-41cd-b260-c14f0dca935a_100643_5.png,0,3914802,14968,0,0.0,0.0,0.0,,0.9961911256892897,,0.9961911256892897,1.0,1.0,0.5,1.75
HistoKit (no postprocessing),gaussian,0a6bb222-fb92-5dbe-8347-47a6b9e62ff2_125049_3.png,4696364,330276,12264,1391689,0.86996438998244,0.7698557304481062,0.9973954196424096,0.7714065564146698,0.7816759667421029,0.86996438998244,0.9641968821159572,0.1918018078183935,0.002604580357590364,0.5,1.75
HistoKit (no postprocessing),gaussian,ed9d6e50-ec08-4213-59eb-4f99b1955e7c_103016_4.png,6695464,320665,93624,1850500,0.8732235143382624,0.7749749177854315,0.9862096352264104,0.783465036829081,0.7830280015530812,0.8732235143382624,0.774012826794822,0.14769259821340155,0.013790364773589619,0.5,1.75
HistoKit (no postprocessing),gaussian,d7d9e09c-5b48-9d63-55ef-dabd0e7bf5cd_123455_1.png,0,3110065,2665460,0,0.0,0.0,0.0,,0.5384904402630064,,0.5384904402630064,1.0,1.0,0.5,1.75
HistoKit (no postprocessing),gaussian,8469f8e6-543f-6b82-f38a-8b184a96e4e9_104905_3.png,5248740,651432,1291531,25665,0.8885118813245493,0.799389454907876,0.8025263784941021,0.9951340482954949,0.8174963504701437,0.8885118813245493,0.3352776146534957,0.9620955343178303,0.19747362150589784,0.5,1.75
HistoKit (no postprocessing),gaussian,46e107b0-7f41-8fd8-abd7-fbe9d0e935a4_133028_5.png,0,11471646,67614,0,0.0,0.0,0.0,,0.9941405254756371,,0.9941405254756371,1.0,1.0,0.5,1.75
HistoKit (no postprocessing),gaussian,16277008-7349-6ea9-1043-9abf63a9d11e_105523_3.png,2793332,293245,967,474028,0.9216394389720702,0.8546672349492569,0.9996539382507026,0.8549201802066501,0.8666333293276115,0.9216394389720701,0.9967132543879923,0.3821912148609426,0.0003460617492974088,0.5,1.75
HistoKit (no postprocessing),gaussian,4a12a0e8-253e-42bb-77ff-6e284ada3080_105659_4.png,4951739,6309546,13305,36717,0.9949744311046366,0.9899991223091227,0.9973202654397423,0.9926396063230787,0.9955776993763851,0.9949744311046366,0.9978957277342135,0.9942143904215757,0.0026797345602576736,0.5,1.75
HistoKit (no postprocessing),gaussian,9761f929-4dae-801a-b291-ba7ecada0fc3_101038_3.png,8829052,1117715,44867,249377,0.9836097205780547,0.967748059473243,0.9949439475388495,0.9725308200350523,0.9712680710918092,0.9836097205780547,0.961407453409738,0.8175857952500636,0.005056052461150479,0.5,1.75
HistoKit (no postprocessing),gaussian,d7d9e09c-5b48-9d63-55ef-dabd0e7bf5cd_123455_4.png,0,16368203,1253623,0,0.0,0.0,0.0,,0.9288596425818755,,0.9288596425818755,1.0,1.0,0.5,1.75
HistoKit (no postprocessing),gaussian,15fe4c3f-571c-b45d-d559-12744253eeb9_122421_2.png,4222604,337116,6440,407200,0.9533076986985215,0.9107812272175494,0.998477197210528,0.9120481126198863,0.9168288641883958,0.9533076986985215,0.9812548754788157,0.4529205337517936,0.0015228027894720415,0.5,1.75
HistoKit (no postprocessing),gaussian,4c439187-b529-301f-82bf-3874dfa019f2_103211_2.png,2431634,1476985,115449,33396,0.9703029440876533,0.9423188485548614,0.9546740330016729,0.986452091860951,0.9633157558514382,0.9703029440876532,0.9275015479448442,0.977889022703543,0.045325966998327104,0.5,1.75
HistoKit (no postprocessing),gaussian,7f0a6db3-032c-fd36-2371-511c4ae59038_115247_1.png,3424805,1202955,205505,80483,0.9599209484615024,0.9229307590048812,0.9433918866432894,0.9770395471071136,0.941798399103902,0.9599209484615026,0.8540924129900742,0.9372910884670704,0.056608113356710586,0.5,1.75
HistoKit (no postprocessing),gaussian,6fecdbd3-f25f-98e1-f3e7-fdc984783bf1_110414_1.png,10730116,2832033,721650,3122135,0.848095857665603,0.7362555845548834,0.9369835185245664,0.7746117219504614,0.7791681273754112,0.848095857665603,0.7969289888828013,0.475638745833171,0.06301648147543357,0.5,1.75
HistoKit (no postprocessing),gaussian,efbb89df-e3ec-91fc-7f90-b36e0f9bf420_124740_1.png,3962867,458346,1436,375611,0.9545878664028354,0.9131210894962435,0.9996377673452307,0.9134233249540507,0.9214200564371251,0.9545878664028353,0.996876780735218,0.5496038764588582,0.00036223265476932517,0.5,1.75
HistoKit (no postprocessing),gaussian,d18df4a2-af46-984e-1fcb-35841267a2a7_132544_3.png,4392909,297193,1274,1486033,0.855223507939405,0.7470659241089103,0.9997100712464638,0.7472278175222684,0.7592344945915027,0.8552235079394049,0.9957315214077268,0.16666031114396043,0.00028992875353620913,0.5,1.75
HistoKit (no postprocessing),gaussian,5b6306df-eee5-32e5-a263-7c4b8cf32245_100047_2.png,4201029,1013615,32595,27486,0.9929000220866143,0.9859001527770933,0.9923009223303723,0.9934998456905084,0.9886096431567523,0.9929000220866142,0.9688446870131235,0.9735991032570327,0.007699077669627723,0.5,1.75
HistoKit (no postprocessing),gaussian,36686384-7dd5-47b9-9af9-593716a57c66_072643_8.png,0,4124566,392,0,0.0,0.0,0.0,,0.9999049687293786,,0.9999049687293786,1.0,1.0,0.5,1.75
HistoKit (no postprocessing),gaussian,786743ed-e3ab-4cc3-3e88-4ee844fd6584_104341_2.png,6055757,2850905,23862,79316,0.9915529593378204,0.9832474283297356,0.99607508299451,0.9870717104751647,0.9885482983049644,0.9915529593378204,0.9916995012117504,0.9729317345005718,0.003924917005489983,0.5,1.75
HistoKit (no postprocessing),gaussian,4f8d8d4c-adc3-ed68-4f51-2bb95426a546_131620_1.png,5843282,1336833,18557,4012,0.9980725302206406,0.9961524764266941,0.9968342699279186,0.9993138706553835,0.9968665847342463,0.9980725302206406,0.9863087377064904,0.9970078569857068,0.0031657300720814747,0.5,1.75
HistoKit (no postprocessing),gaussian,adf4a334-3c2a-d6ae-0b72-c218c11535ea_115443_3.png,0,7903888,269294,0,0.0,0.0,0.0,,0.9670515106601076,,0.9670515106601076,1.0,1.0,0.5,1.75
HistoKit (no postprocessing),gaussian,6dacef70-8f47-e898-de47-4738667f2bb0_100303_2.png,5442755,372638,1522,2118189,0.8370107666759373,0.7197063762005674,0.9997204403817073,0.7198512513781348,0.7328691596228607,0.8370107666759373,0.9959322215095147,0.14960412746449273,0.00027955961829275036,0.5,1.75
HistoKit (no postprocessing),gaussian,b04c2edc-8554-0391-20e3-62a3af357e5f_130945_4.png,4071073,359583,202939,1322797,0.8421850825237627,0.7273918048659513,0.9525179152515248,0.754759198868345,0.743848960914594,0.8421850825237626,0.6392336655277483,0.21373470916202048,0.047482084748475206,0.5,1.75
HistoKit (no postprocessing),gaussian,18a7f9da-53be-2120-be0a-0738920b492f_101923_2.png,3898094,173490,43897,266733,0.9616828699003728,0.9261937822484915,0.9888642566662379,0.9359558032062316,0.929115739213101,0.9616828699003727,0.7980698017820753,0.3940957196693494,0.011135743333762051,0.5,1.75
HistoKit (no postprocessing),gaussian,e2bfe175-7bb7-d3b3-d437-ffbd60d747a4_123954_4.png,1882121,251241,1899,558691,0.8703787800312244,0.7705049840116166,0.9989920489166781,0.7711044521249486,0.7919079478773192,0.8703787800312243,0.9924982223275658,0.31020011556525734,0.0010079510833218331,0.5,1.75
HistoKit (no postprocessing),gaussian,b04c2edc-8554-0391-20e3-62a3af357e5f_130945_2.png,10352613,496217,24613,1887117,0.9154735942361121,0.8441229179581817,0.9976281715364009,0.8458203734886309,0.850184474662554,0.9154735942361122,0.9527427375535203,0.20820287882436955,0.002371828463599039,0.5,1.75
HistoKit (no postprocessing),gaussian,0a6bb222-fb92-5dbe-8347-47a6b9e62ff2_125049_2.png,5198244,383228,45461,4200297,0.7100336929184224,0.5504280918195485,0.9913303666014774,0.5530905275616715,0.5679598421935784,0.7100336929184224,0.89395342544362,0.08360988540479217,0.00866963339852261,0.5,1.75
HistoKit (no postprocessing),gaussian,7f0a6db3-032c-fd36-2371-511c4ae59038_115247_4.png,2872271,860726,7749,6624,0.9975042173742797,0.9950208615956799,0.9973093936847661,0.9976991171960075,0.9961645100430435,0.9975042173742796,0.9910774633696997,0.992362944601372,0.002690606315233922,0.5,1.75
HistoKit (no postprocessing),gaussian,0f170c8e-9c83-6973-94f2-3858ac80f3dc_115930_1.png,5437819,257697,12046,798298,0.9306567475459059,0.8703068405865853,0.9977896700193492,0.8719879694367505,0.87544398434642,0.9306567475459059,0.9553426780305698,0.24403240545646523,0.002210329980650897,0.5,1.75
HistoKit (no postprocessing),gaussian,76bd570a-7866-8dee-341c-c3f9290b76cf_114927_1.png,2699955,436166,47426,268832,0.9446730746891974,0.8951473254707144,0.9827377418712585,0.909447191731842,0.9083941826780895,0.9446730746891974,0.90192972588463,0.6186769324168295,0.017262258128741517,0.9,2.25
HistoKit (no postprocessing),gaussian,96e6b3f2-f43e-7954-4202-361d3af0da92_104636_1.png,4518640,253801,83138,453270,0.9439705994179046,0.893886665368954,0.9819335048322626,0.9088338284482221,0.8989596426645399,0.9439705994179045,0.7532550402298339,0.3589469798648226,0.01806649516773734,0.9,2.25
HistoKit (no postprocessing),gaussian,6fecdbd3-f25f-98e1-f3e7-fdc984783bf1_110414_2.png,7745238,708162,59619,2693946,0.8490704444262102,0.7377258150286276,0.9923612950243675,0.7419390251192047,0.754298777590543,0.8490704444262103,0.922348951068078,0.20815388576729488,0.0076387049756324816,0.5,1.75
HistoKit (no postprocessing),gaussian,d18df4a2-af46-984e-1fcb-35841267a2a7_132544_1.png,7495870,151095,231550,773345,0.9371808508476939,0.8817876979307157,0.9700352769747211,0.9064790309600125,0.8838521427762354,0.937180850847694,0.3948699185929517,0.1634448963696941,0.029964723025278812,0.5,1.75
HistoKit (no postprocessing),gaussian,0a6bb222-fb92-5dbe-8347-47a6b9e62ff2_125049_1.png,6232605,222009,51919,1364974,0.8979338361053797,0.814773073997797,0.9917385946811564,0.8203409270242534,0.819997238140041,0.8979338361053798,0.8104647936684092,0.13989374807417596,0.008261405318843559,0.9,2.25
HistoKit (no postprocessing),gaussian,367a29b2-8f5a-4095-840e-86626c38d291_123703_1.png,12352068,6057255,167052,120765,0.9884836131053863,0.9772294605528452,0.9866562505990837,0.9903177570003543,0.9846063622564735,0.9884836131053863,0.9731613495285499,0.9804524750648266,0.013343749400916358,0.5,1.75
HistoKit (no postprocessing),gaussian,9761f929-4dae-801a-b291-ba7ecada0fc3_101038_1.png,5197293,274957,12494,863055,0.9223124656448215,0.8558254932369391,0.9976018213412564,0.8575898611762889,0.8620704593828507,0.9223124656448215,0.9565352007820463,0.24161168775021705,0.00239817865874363,0.9,2.25
HistoKit (no postprocessing),gaussian,36c069a8-8f9e-b246-f3af-1b6cffe0751a_123150_5.png,2144571,340998,4853,1160447,0.7863576145827565,0.647931898252228,0.9977421858135017,0.6488833041151364,0.6808157181208091,0.7863576145827567,0.9859679457338565,0.227113214270253,0.0022578141864983362,0.9,2.25
HistoKit (no postprocessing),gaussian,4c439187-b529-301f-82bf-3874dfa019f2_103211_1.png,5233929,2768208,6811,48332,0.9947597648237418,0.9895741634827433,0.9987003743746112,0.9908501302756528,0.993156127129751,0.9947597648237418,0.9975456023904701,0.9828399383640921,0.001299625625388781,0.9,2.25
HistoKit (no postprocessing),gaussian,96e6b3f2-f43e-7954-4202-361d3af0da92_104636_4.png,3484287,362100,4766,1561738,0.8164628372464786,0.6898497680858305,0.9986340132981643,0.6905013352093975,0.7105975346630848,0.8164628372464785,0.9870088806267139,0.18821751103783166,0.001365986701835713,0.9,2.25
HistoKit (no postprocessing),gaussian,32e0aaf3-9973-5f67-ccc7-24d8d8604aa6_110737_5.png,0,5461818,12090,0,0.0,0.0,0.0,,0.9977913403002023,,0.9977913403002023,1.0,1.0,0.9,2.25
HistoKit (no postprocessing),gaussian,d7d9e09c-5b48-9d63-55ef-dabd0e7bf5cd_123455_3.png,0,3208309,362,0,0.0,0.0,0.0,,0.9998871807050334,,0.9998871807050334,1.0,1.0,0.9,2.25
HistoKit (no postprocessing),gaussian,db9f8afe-40d5-d8aa-882f-512377b755a1_120139_1.png,4168534,7765373,818133,223860,0.8889022046023584,0.8000215717143391,0.8359359066887763,0.9490346266751115,0.9196978244283633,0.8889022046023585,0.9046854513761626,0.971979788297575,0.1640640933112237,0.9,2.25
HistoKit (no postprocessing),gaussian,aedd99b7-9b77-3379-0a55-09f4124063bb_103758_2.png,5052803,135539,19174,326008,0.9669707202940103,0.9360535459064818,0.9962196200810848,0.9393903225080784,0.9376198603277044,0.9669707202940103,0.8760672988048839,0.2936624005789226,0.0037803799189152477,0.9,2.25
HistoKit (no postprocessing),gaussian,0fcbbf47-bbbc-4a27-0d18-fe35bf99ccdb_133554_3.png,1326698,235897,7611,1325242,0.6656372946095439,0.49884284978930654,0.994295923957644,0.5002745160146911,0.5396729625260064,0.6656372946095439,0.9687443533682671,0.15110569910815116,0.005704076042356006,0.9,2.25
HistoKit (no postprocessing),gaussian,ed9d6e50-ec08-4213-59eb-4f99b1955e7c_103016_3.png,9930893,217172,112683,337376,0.9778425347377355,0.9566456910695667,0.9887805897023132,0.9671438292082142,0.9575340881084237,0.9778425347377355,0.6583862606296706,0.3916198417449887,0.0112194102976868,0.9,2.25
HistoKit (no postprocessing),gaussian,6fecdbd3-f25f-98e1-f3e7-fdc984783bf1_110414_3.png,2355074,762948,393530,941198,0.779196794111244,0.6382656847169577,0.8568255012362639,0.7144659178611473,0.7002463646061423,0.779196794111244,0.659716829892138,0.4477010772551178,0.14317449876373606,0.9,2.25
HistoKit (no postprocessing),gaussian,cbe296c0-32ef-a6c0-58c3-7dcdd9f9743d_115103_5.png,2848824,628891,62753,21678,0.9853978127936336,0.9712159358801059,0.97844707524479,0.9924480108357353,0.9762977149167945,0.9853978127936335,0.9092697977572277,0.9666783999852437,0.02155292475520998,0.9,2.25
HistoKit (no postprocessing),gaussian,16277008-7349-6ea9-1043-9abf63a9d11e_105523_2.png,6931074,376670,195,1470755,0.9040670058979601,0.8249290885148626,0.9999718666235576,0.8249482344856102,0.8324409074971744,0.9040670058979601,0.9994825733352792,0.20388919712572906,2.8133376442322467e-05,0.9,2.25
HistoKit (no postprocessing),gaussian,db9f8afe-40d5-d8aa-882f-512377b755a1_120139_3.png,5383608,1060994,124533,156765,0.9745397435347414,0.9503437479809903,0.9773911016439122,0.9717049736543009,0.958176898258969,0.9745397435347414,0.8949555767182021,0.8712676317727892,0.022608898356087835,0.9,2.25
HistoKit (no postprocessing),gaussian,e2bfe175-7bb7-d3b3-d437-ffbd60d747a4_123954_6.png,2174934,170885,3505,726605,0.8562769366324028,0.748675063097151,0.9983910497379087,0.7495794473208873,0.7626375641310317,0.8562769366324028,0.9799013704914272,0.19040323569064838,0.0016089502620913415,0.9,2.25
HistoKit (no postprocessing),gaussian,042c1e4d-d1be-7f85-b2e1-b98e0b68f672_101215_1.png,3936036,644472,1388675,20377,0.8481808884354956,0.7363837601925356,0.739201808323494,0.9948496276804267,0.7647486626730511,0.8481808884354957,0.31698249069054035,0.969350935325164,0.26079819167650603,0.9,2.25
HistoKit (no postprocessing),gaussian,73e02c87-178a-0dc6-cf2c-3f6aeb0c5685_124434_1.png,0,8828615,2544293,0,0.0,0.0,0.0,,0.7762847461704605,,0.7762847461704605,1.0,1.0,0.9,2.25
HistoKit (no postprocessing),gaussian,15fe4c3f-571c-b45d-d559-12744253eeb9_122421_1.png,4752330,1725051,198179,9482,0.9786188080068605,0.9581327869344924,0.9599679548103034,0.9980087412102788,0.9689364704066182,0.9786188080068606,0.8969551223722592,0.9945333989033359,0.040032045189696656,0.9,2.25
HistoKit (no postprocessing),gaussian,78f7eac9-40c9-a096-07a4-a0166ddd84e8_103411_4.png,0,3171836,364,0,0.0,0.0,0.0,,0.9998852531366245,,0.9998852531366245,1.0,1.0,0.9,2.25
HistoKit (no postprocessing),gaussian,adf4a334-3c2a-d6ae-0b72-c218c11535ea_115443_6.png,0,5819138,110449,0,0.0,0.0,0.0,,0.9813732389793758,,0.9813732389793758,1.0,1.0,0.9,2.25
HistoKit (no postprocessing),gaussian,15fe4c3f-571c-b45d-d559-12744253eeb9_122421_3.png,2480668,166239,614,191796,0.9626659909122414,0.9280193095749544,0.9997525472719344,0.9282325224960934,0.9322337026827227,0.9626659909122413,0.9963201141124223,0.4643093552306339,0.00024745272806557257,0.9,2.25
HistoKit (no postprocessing),gaussian,a2afe16d-3866-9541-f2c7-cc8ca97faf02_130229_2.png,1340829,2151720,13131,2990,0.9940243437286745,0.9881196801650761,0.9903017814411061,0.9977749979721972,0.9954053815263333,0.9940243437286747,0.993934455535277,0.9986123422641562,0.009698218558893912,0.9,2.25
HistoKit (no postprocessing),gaussian,46e107b0-7f41-8fd8-abd7-fbe9d0e935a4_133028_1.png,0,8855226,407030,0,0.0,0.0,0.0,,0.9560549827169537,,0.9560549827169537,1.0,1.0,0.9,2.25
HistoKit (no postprocessing),gaussian,adf4a334-3c2a-d6ae-0b72-c218c11535ea_115443_5.png,0,5527892,28828,0,0.0,0.0,0.0,,0.9948120473948661,,0.9948120473948661,1.0,1.0,0.9,2.25
HistoKit (no postprocessing),gaussian,15fe4c3f-571c-b45d-d559-12744253eeb9_122421_5.png,3546383,267538,3128,767663,0.9019793459880815,0.8214593620734304,0.9991187518506071,0.8220549804058649,0.831877989282642,0.9019793459880816,0.9884433212889687,0.25844063133632983,0.0008812481493929728,0.9,2.25
HistoKit (no postprocessing),gaussian,adf4a334-3c2a-d6ae-0b72-c218c11535ea_115443_8.png,0,7398872,2719,0,0.0,0.0,0.0,,0.9996326465485597,,0.9996326465485597,1.0,1.0,0.9,2.25
HistoKit (no postprocessing),gaussian,4a12a0e8-253e-42bb-77ff-6e284ada3080_105659_1.png,1909270,1425819,12959,12012,0.9935030757034389,0.9870900265272011,0.9932583474705667,0.99374792456287,0.9925682874710571,0.9935030757034389,0.9909930510474861,0.9916457497438851,0.0067416525294332775,0.9,2.25
HistoKit (no postprocessing),gaussian,f010c097-faf6-f2df-c82a-aca0270a9814_110553_3.png,543851,4196883,126818,878,0.8949348279329076,0.8098480076599255,0.8109082125459802,0.9983881893565424,0.973770599556736,0.8949348279329076,0.970669109635472,0.9997908408792211,0.1890917874540198,0.9,2.25
HistoKit (no postprocessing),gaussian,c149f6be-4555-ddd6-581f-abc8aeab9698_132314_1.png,3701569,2081368,120500,32283,0.979779698596637,0.9603609115098984,0.9684725733627519,0.991353969037873,0.9742604098576079,0.979779698596637,0.9452737402968752,0.9847264283460231,0.03152742663724804,0.9,2.25
HistoKit (no postprocessing),gaussian,f4701930-c3d0-97f5-7529-fedf8cc9402a_110850_3.png,2346567,427186,881,7288,0.9982623966164273,0.9965308212895203,0.9996246988218696,0.9969038024857096,0.997063540961968,0.9982623966164275,0.9979419109625363,0.9832256935973154,0.00037530117813046337,0.9,2.25
HistoKit (no postprocessing),gaussian,67cf3804-696c-ef64-2d57-43ad0b86332a_122601_1.png,21139323,12502354,7789391,874353,0.8299305548875897,0.7093002542322239,0.7307384282619683,0.9602813723614357,0.7952096020980385,0.8299305548875897,0.6161300568285281,0.9346361552211617,0.2692615717380316,0.5,1.75
HistoKit (no postprocessing),gaussian,e4c17e5d-ca75-8d00-1c03-2c4b0f9dc6a7_131509_7.png,0,4797579,50619,0,0.0,0.0,0.0,,0.9895592135469715,,0.9895592135469715,1.0,1.0,0.9,2.25
HistoKit (no postprocessing),gaussian,e2bfe175-7bb7-d3b3-d437-ffbd60d747a4_123954_3.png,4682216,281097,6114,683383,0.9314201443037842,0.8716429935851003,0.9986959109107081,0.8726362145214356,0.8780257960200325,0.9314201443037842,0.9787125144928294,0.2914492783676178,0.0013040890892919226,0.9,2.25
HistoKit (no postprocessing),gaussian,5b6306df-eee5-32e5-a263-7c4b8cf32245_100047_3.png,6726277,579315,5425,20335,0.9980887817274475,0.9961848550296748,0.9991941116823057,0.9969858945497384,0.9964863233957393,0.9980887817274475,0.990722372336423,0.9660885516551322,0.0008058883176943959,0.9,2.25
HistoKit (no postprocessing),gaussian,18a7f9da-53be-2120-be0a-0738920b492f_101923_4.png,9225552,240915,82801,700224,0.959289812395456,0.9217646025004353,0.9911046562157666,0.9294539792153278,0.9236035307896235,0.959289812395456,0.7442171533072199,0.2559823787984559,0.008895343784233366,0.9,2.25
HistoKit (no postprocessing),gaussian,78f7eac9-40c9-a096-07a4-a0166ddd84e8_103411_6.png,0,6396799,423121,0,0.0,0.0,0.0,,0.9379580698893829,,0.9379580698893829,1.0,1.0,0.9,2.25
HistoKit (no postprocessing),gaussian,6dacef70-8f47-e898-de47-4738667f2bb0_100303_3.png,3099358,198190,524,388114,0.9410024115904504,0.8885784272688386,0.9998309613075594,0.8887119380456675,0.8945690749191711,0.9410024115904504,0.9973630443753334,0.33803282938543827,0.00016903869244055096,0.9,2.25
HistoKit (no postprocessing),gaussian,67cf3804-696c-ef64-2d57-43ad0b86332a_122601_2.png,6007839,4367962,5285,80409,0.9929186541823523,0.9859368940809872,0.9991210891376928,0.9867927522006331,0.9918086277343726,0.9929186541823523,0.9987915157776361,0.9819239447429182,0.0008789108623071801,0.9,2.25
HistoKit (no postprocessing),gaussian,7fcfd7e6-a936-d1a4-6766-2f191e54690d_131809_1.png,3297583,255461,5944,578047,0.9186546554142777,0.8495478895932423,0.9982007109371287,0.8508508294135405,0.8588382742713079,0.9186546554142777,0.9772613377708919,0.30648895991400205,0.0017992890628712888,0.9,2.25
HistoKit (no postprocessing),gaussian,2852fafe-6f36-4c12-47aa-96e73b433b3f_123004_2.png,2497519,1107414,7272,88693,0.9811500798565627,0.9629976510362123,0.9970967637619267,0.9657054410079298,0.9740698068414747,0.9811500798565626,0.993476189707236,0.925848607189825,0.002903236238073356,0.9,2.25
HistoKit (no postprocessing),gaussian,78f7eac9-40c9-a096-07a4-a0166ddd84e8_103411_1.png,0,2771650,2110,0,0.0,0.0,0.0,,0.9992392997231195,,0.9992392997231195,1.0,1.0,0.9,2.25
HistoKit (no postprocessing),gaussian,f4701930-c3d0-97f5-7529-fedf8cc9402a_110850_4.png,2530324,506800,3343,33303,0.9928106952433978,0.9857240248230404,0.9986805685198568,0.9870094206372456,0.9880778327591199,0.9928106952433978,0.9934469354671142,0.9383395389397948,0.0013194314801432076,0.9,2.25
HistoKit (no postprocessing),gaussian,adf4a334-3c2a-d6ae-0b72-c218c11535ea_115443_4.png,0,4483783,2951813,0,0.0,0.0,0.0,,0.6030159519156232,,0.6030159519156232,1.0,1.0,0.9,2.25
HistoKit (no postprocessing),gaussian,d7d73023-1258-3c47-44ee-6493877f23d1_111048_2.png,6548941,431725,13331,735347,0.9459303971527946,0.8974079079765606,0.9979685389450483,0.8990502572111372,0.9031382223381441,0.9459303971527946,0.9700464660626977,0.36992147870911135,0.0020314610549516995,0.9,2.25
HistoKit (no postprocessing),gaussian,eb22b9cd-e52e-fa2d-85a8-60a50dc5a7c4_102757_1.png,2192884,585627,20811,27359,0.9891360682084414,0.9785056495738166,0.9905989759203504,0.987677474943058,0.9829588128267746,0.9891360682084414,0.9656832190594916,0.9553676592940132,0.009401024079649635,0.9,2.25
HistoKit (no postprocessing),gaussian,db9f8afe-40d5-d8aa-882f-512377b755a1_120139_2.png,3001877,1971987,38032,63847,0.9833139332154422,0.9671755769461259,0.9874890991802715,0.9791739243323926,0.9799282587790595,0.9833139332154421,0.9810787858224226,0.9686384056853359,0.012510900819728485,0.9,2.25
HistoKit (no postprocessing),gaussian,0a6bb222-fb92-5dbe-8347-47a6b9e62ff2_125049_4.png,8402157,477147,11587,5198522,0.7633320210118612,0.6172489576680327,0.9986228485202308,0.6177748184484024,0.6302110669905127,0.763332021011861,0.9762918069952162,0.08406885602384494,0.0013771514797692919,0.9,2.25
HistoKit (no postprocessing),gaussian,18a7f9da-53be-2120-be0a-0738920b492f_101923_3.png,11624179,139254,76672,519231,0.9750085355968885,0.9512357609384291,0.9934473142167181,0.9572417467581182,0.9517851929909503,0.9750085355968884,0.6449153876791123,0.21147634342467939,0.006552685783281917,0.9,2.25
HistoKit (no postprocessing),gaussian,f569a03d-b1d7-9121-59cf-f65992813d75_131224_1.png,0,4333130,35776,0,0.0,0.0,0.0,,0.991811222305996,,0.991811222305996,1.0,1.0,0.9,2.25
HistoKit (no postprocessing),gaussian,0823ec0e-9dd5-2324-aa8d-fe8db13ea4cd_103937_1.png,1451178,4080297,24452,43745,0.9770423217495193,0.9551150966680378,0.9834294504720018,0.9707376232755801,0.9878212509589848,0.9770423217495194,0.994042997513368,0.989392688047309,0.01657054952799821,0.9,2.25
HistoKit (no postprocessing),gaussian,98491719-8df8-3c0a-7325-de39c48b2a96_133826_2.png,2682518,1625136,105857,51299,0.9715410112506049,0.9446570275320336,0.9620363114717353,0.9812353935907195,0.964801189748276,0.9715410112506049,0.9388460842995899,0.9693999469111537,0.03796368852826467,0.9,2.25
HistoKit (no postprocessing),gaussian,2852fafe-6f36-4c12-47aa-96e73b433b3f_123004_1.png,2201617,2840035,31807,18474,0.9887098168525311,0.9776717240301293,0.985758637858284,0.9916787194759134,0.9901253610367615,0.988709816852531,0.9889245299706599,0.9935371901925094,0.014241362141716037,0.9,2.25
HistoKit (no postprocessing),gaussian,46e107b0-7f41-8fd8-abd7-fbe9d0e935a4_133028_6.png,0,5265946,11509,0,0.0,0.0,0.0,,0.9978192139961402,,0.9978192139961402,1.0,1.0,0.9,2.25
HistoKit (no postprocessing),gaussian,8956f1ca-9d66-b2d7-8ef9-bd09fb590f4a_110204_2.png,6299319,1444890,153257,353788,0.9613110587216248,0.9255042780550673,0.9762487105924827,0.9468236419465371,0.938549340500244,0.9613110587216248,0.9041033146512805,0.8033066507735126,0.023751289407517247,0.9,2.25
HistoKit (no postprocessing),gaussian,36c069a8-8f9e-b246-f3af-1b6cffe0751a_123150_4.png,3116488,201385,75107,1369380,0.8118536032019953,0.6832942517773064,0.9764672522672833,0.694734664506401,0.6966867267489228,0.8118536032019952,0.7283574208295358,0.12820822974792537,0.023532747732716713,0.9,2.25
HistoKit (no postprocessing),gaussian,8469f8e6-543f-6b82-f38a-8b184a96e4e9_104905_1.png,8806388,9314233,5563544,183952,0.7539627963236044,0.605088511080616,0.6128343544005637,0.9795389273375645,0.7591977615997106,0.7539627963236045,0.626050047665051,0.9806329314495348,0.3871656455994364,0.9,2.25
HistoKit (no postprocessing),gaussian,c93efc84-bec7-4ba6-b526-5de46512cbba_100824_1.png,7392588,881417,24781,30319,0.9962871310479671,0.9926017308995758,0.9966590579489844,0.9959154816300406,0.993384643368045,0.9962871310479671,0.9726538791743085,0.9667458562566357,0.0033409420510156634,0.9,2.25
HistoKit (no postprocessing),gaussian,36c069a8-8f9e-b246-f3af-1b6cffe0751a_123150_3.png,6403859,354384,3447,1839686,0.874196181505088,0.7765084530214168,0.9994620203873515,0.7768331464194106,0.7857164946631795,0.874196181505088,0.9903669609396615,0.16151900349578638,0.0005379796126484361,0.9,2.25
HistoKit (no postprocessing),gaussian,6dacef70-8f47-e898-de47-4738667f2bb0_100303_1.png,8256546,337200,12291,1435291,0.9194026905671803,0.8508282248544125,0.9985135757301783,0.8519072287327986,0.8558375943899054,0.9194026905671803,0.9648317124046113,0.19024074029148808,0.0014864242698217416,0.9,2.25
HistoKit (no postprocessing),gaussian,e2bfe175-7bb7-d3b3-d437-ffbd60d747a4_123954_2.png,3912679,174598,51184,125739,0.9778909288489119,0.956738332972255,0.9870873438360508,0.968864292898853,0.9585096852868065,0.977890928848912,0.7733034520023739,0.581340294402621,0.012912656163949158,0.9,2.25
HistoKit (no postprocessing),gaussian,18a7f9da-53be-2120-be0a-0738920b492f_101923_5.png,6694845,412488,4330,1777127,0.8825759845316903,0.7898308720005492,0.9993536517556266,0.7902345522388412,0.7995838578704189,0.8825759845316904,0.9896117730040449,0.18838380263196955,0.0006463482443733743,0.9,2.25
HistoKit (no postprocessing),gaussian,d18df4a2-af46-984e-1fcb-35841267a2a7_132544_2.png,8175394,140519,128308,641504,0.9550359216382603,0.9139413893877905,0.9845480967404658,0.9272415309783554,0.9152723640656084,0.9550359216382603,0.5227116323881158,0.17968653095880813,0.015451903259534121,0.9,2.25
HistoKit (no postprocessing),gaussian,0f170c8e-9c83-6973-94f2-3858ac80f3dc_115930_3.png,6428012,349687,44723,717690,0.9440161157994856,0.8939682981186786,0.993090556001443,0.899563401888296,0.898885719469419,0.9440161157994856,0.8866078446286859,0.32761339245646104,0.006909443998557024,0.9,2.25
HistoKit (no postprocessing),gaussian,103a5b47-1de4-c7ee-81eb-83cd201d2a51_131937_2.png,2679742,1748677,128417,15974,0.9737655742545025,0.948872450412215,0.9542700395526037,0.9940743015955686,0.968424010619291,0.9737655742545024,0.9315873365958232,0.9909477851427846,0.04572996044739632,0.9,2.25
HistoKit (no postprocessing),gaussian,d7d73023-1258-3c47-44ee-6493877f23d1_111048_3.png,6383154,272158,7656,1170130,0.9155351362376071,0.8442275695879083,0.998802029789651,0.8450832776842496,0.8496398232219232,0.9155351362376071,0.9726389673140015,0.18869878970080872,0.001197970210348923,0.9,2.25
HistoKit (no postprocessing),gaussian,4a12a0e8-253e-42bb-77ff-6e284ada3080_105659_3.png,811206,3468360,8638,27180,0.9783998600917846,0.9577131226505978,0.9894638492200956,0.9675805655151685,0.9916999275151411,0.9783998600917846,0.9975156730029755,0.9922243773494224,0.01053615077990447,0.9,2.25
HistoKit (no postprocessing),gaussian,67cf3804-696c-ef64-2d57-43ad0b86332a_122601_3.png,3089941,3892176,1128304,30467,0.8421003145945175,0.7272653453564281,0.7325181443941734,0.9902362127003904,0.8576603682546671,0.8421003145945175,0.775259736120849,0.9922330428744089,0.2674818556058266,0.9,2.25
HistoKit (no postprocessing),gaussian,aedd99b7-9b77-3379-0a55-09f4124063bb_103758_4.png,4646615,123045,18648,295522,0.9672991652268044,0.9366692972987138,0.9960027976986506,0.9402036001834834,0.9382021035321795,0.9672991652268043,0.8683915225169909,0.2939672740564832,0.003997202301349356,0.9,2.25
HistoKit (no postprocessing),gaussian,8956f1ca-9d66-b2d7-8ef9-bd09fb590f4a_110204_1.png,6889358,3445276,573665,102066,0.9532509960429479,0.9106777197201513,0.9231323553471562,0.9854012573118152,0.9386277384991324,0.9532509960429479,0.8572596611893532,0.9712274711600968,0.07686764465284376,0.9,2.25
HistoKit (no postprocessing),gaussian,36c069a8-8f9e-b246-f3af-1b6cffe0751a_123150_2.png,4501680,357948,4188,1496564,0.8571271898090957,0.7499760097240585,0.9990705453422071,0.7504996462297966,0.7640468022350866,0.8571271898090957,0.9884352839817085,0.19301465830363998,0.0009294546577929047,0.9,2.25
HistoKit (no postprocessing),gaussian,5b6306df-eee5-32e5-a263-7c4b8cf32245_100047_4.png,5966185,357760,7533,20392,0.9976651913686075,0.9953412600035701,0.9987389762958345,0.9965937129013792,0.9956036568758492,0.9976651913686075,0.9793781977754843,0.9460745943430156,0.0012610237041654796,0.9,2.25
HistoKit (no postprocessing),gaussian,042c1e4d-d1be-7f85-b2e1-b98e0b68f672_101215_2.png,0,16839797,157141,0,0.0,0.0,0.0,,0.9907547465314046,,0.9907547465314046,1.0,1.0,0.9,2.25
HistoKit (no postprocessing),gaussian,103a5b47-1de4-c7ee-81eb-83cd201d2a51_131937_3.png,499427,9913846,21976,2437,0.9761421017192972,0.9533960751374465,0.9578521796000407,0.9951441027848182,0.9976610716206639,0.9761421017192972,0.9977882051429665,0.9997542425927134,0.04214782039995934,0.9,2.25
HistoKit (no postprocessing),gaussian,e4c17e5d-ca75-8d00-1c03-2c4b0f9dc6a7_131509_4.png,0,13275290,181568,0,0.0,0.0,0.0,,0.9865074001672605,,0.9865074001672605,1.0,1.0,0.9,2.25
HistoKit (no postprocessing),gaussian,46e107b0-7f41-8fd8-abd7-fbe9d0e935a4_133028_4.png,0,5749561,58997,0,0.0,0.0,0.0,,0.9898430901438877,,0.9898430901438877,1.0,1.0,0.9,2.25
HistoKit (no postprocessing),gaussian,78f7eac9-40c9-a096-07a4-a0166ddd84e8_103411_2.png,0,3789050,13378,0,0.0,0.0,0.0,,0.9964817216788852,,0.9964817216788852,1.0,1.0,0.9,2.25
HistoKit (no postprocessing),gaussian,d07adf84-9a4a-637f-4bfb-56af281dbf05_133243_1.png,3512396,886436,13523,9813,0.996689049915098,0.993399952258825,0.9961646878445024,0.9972139643047871,0.9947229503718538,0.996689049915098,0.9849737599157294,0.9890510338086849,0.0038353121554976165,0.9,2.25
HistoKit (no postprocessing),gaussian,aedd99b7-9b77-3379-0a55-09f4124063bb_103758_3.png,2289718,1194943,384842,1400216,0.71952868523405,0.5619248763613018,0.8561101639148122,0.620530882124179,0.6612612551067714,0.7195286852340501,0.7563959652737556,0.46045078548173735,0.14388983608518785,0.9,2.25
HistoKit (no postprocessing),gaussian,f4701930-c3d0-97f5-7529-fedf8cc9402a_110850_2.png,3822156,435770,8010,12290,0.9973514641054237,0.9947169206361764,0.9979087068288947,0.9967948433750273,0.9952550426274815,0.9973514641054237,0.9819505160214521,0.9725706378610007,0.002091293171105378,0.9,2.25
HistoKit (no postprocessing),gaussian,adf4a334-3c2a-d6ae-0b72-c218c11535ea_115443_2.png,0,5711720,423800,0,0.0,0.0,0.0,,0.930926800010431,,0.930926800010431,1.0,1.0,0.9,2.25
HistoKit (no postprocessing),gaussian,c93efc84-bec7-4ba6-b526-5de46512cbba_100824_2.png,3118671,317800,1910,19164,0.9966326942791914,0.9932879899482283,0.9993879344904042,0.993892604295637,0.9939049238693929,0.9966326942791914,0.9940258359137969,0.9431274557519498,0.0006120655095958092,0.9,2.25
HistoKit (no postprocessing),gaussian,18a7f9da-53be-2120-be0a-0738920b492f_101923_1.png,4388545,474167,8926,1989794,0.8145178877504337,0.6870773327864117,0.997970196960935,0.6880388452228707,0.7087022067696656,0.8145178877504337,0.9815232263767018,0.1924409517845453,0.0020298030390649533,0.9,2.25
HistoKit (no postprocessing),gaussian,103a5b47-1de4-c7ee-81eb-83cd201d2a51_131937_1.png,1390186,2671339,123558,4719,0.9558980818930025,0.9155218138341205,0.9183758944709277,0.9966169739157864,0.9693835174072665,0.9558980818930025,0.9557915729989334,0.9982365853056997,0.08162410552907229,0.9,2.25
HistoKit (no postprocessing),gaussian,9761f929-4dae-801a-b291-ba7ecada0fc3_101038_2.png,5326705,216128,94506,274021,0.9665642255077306,0.9352920126871038,0.9825673636388622,0.951074021475073,0.9376578317003194,0.9665642255077307,0.6957641468738129,0.440943468210687,0.01743263636113776,0.9,2.25
HistoKit (no postprocessing),gaussian,8469f8e6-543f-6b82-f38a-8b184a96e4e9_104905_2.png,8341961,3909466,324311,161622,0.9716984796901313,0.9449548216143058,0.9625777958503956,0.9809936587906533,0.9618497867690008,0.9716984796901313,0.9233991303746041,0.9603000475548551,0.03742220414960435,0.9,2.25
HistoKit (no postprocessing),gaussian,a2afe16d-3866-9541-f2c7-cc8ca97faf02_130229_1.png,1116563,6656554,23476,2207,0.9886298487388708,0.9775153513341259,0.9794077220165275,0.9980272978360163,0.9967068010463148,0.9886298487388707,0.9964856445255486,0.999668556958269,0.020592277983472494,0.9,2.25
HistoKit (no postprocessing),gaussian,36c069a8-8f9e-b246-f3af-1b6cffe0751a_123150_1.png,2967313,197911,36123,1201845,0.8274030288065936,0.705615867286871,0.9879727751814922,0.7117295626598944,0.7188475996504354,0.8274030288065934,0.8456506319594589,0.1413896421947825,0.012027224818507869,0.9,2.25
HistoKit (no postprocessing),gaussian,32e0aaf3-9973-5f67-ccc7-24d8d8604aa6_110737_7.png,0,4721791,149933,0,0.0,0.0,0.0,,0.9692238312351028,,0.9692238312351028,1.0,1.0,0.9,2.25
HistoKit (no postprocessing),gaussian,d7d73023-1258-3c47-44ee-6493877f23d1_111048_1.png,6121965,476502,104696,2273329,0.8373661387960776,0.7202320238023809,0.9831858519357325,0.7292138905439166,0.7350830368923629,0.8373661387960776,0.8198617338669438,0.17328410364127833,0.01681414806426751,0.9,2.25
HistoKit (no postprocessing),gaussian,ed9d6e50-ec08-4213-59eb-4f99b1955e7c_103016_1.png,5248650,232480,14326,737487,0.9331669083597969,0.8747075017377826,0.9972779659265024,0.876800848360136,0.8793807355530124,0.9331669083597969,0.9419544095362349,0.2396782570953445,0.00272203407349758,0.9,2.25
HistoKit (no postprocessing),gaussian,cbe296c0-32ef-a6c0-58c3-7dcdd9f9743d_115103_2.png,2783628,1568674,2498761,44409,0.6864320073939396,0.522570594942778,0.5269638415497231,0.984296881547165,0.6311826079491005,0.6864320073939395,0.38566664249090643,0.9724694885508062,0.47303615845027697,0.9,2.25
HistoKit (no postprocessing),gaussian,9761f929-4dae-801a-b291-ba7ecada0fc3_101038_4.png,4966195,537200,4066,2482645,0.7997672295281277,0.6663434370432151,0.9991819343088824,0.666707165142492,0.6887762189888345,0.7997672295281277,0.9924879818795195,0.1778899248140219,0.0008180656911176295,0.9,2.25
HistoKit (no postprocessing),gaussian,367a29b2-8f5a-4095-840e-86626c38d291_123703_3.png,4506085,1564029,56294,25282,0.9910294393531555,0.9822183897197286,0.9876612618109981,0.9944206682001259,0.9867392537660383,0.9910294393531554,0.9652575443291245,0.9840924778095665,0.012338738189001835,0.9,2.25
HistoKit (no postprocessing),gaussian,16277008-7349-6ea9-1043-9abf63a9d11e_105523_1.png,1791145,252858,2453,947622,0.7903798568738396,0.6534116196438082,0.9986323579754215,0.6539968533285234,0.6826819474976937,0.7903798568738396,0.9903921100148446,0.21063074770091963,0.0013676420245785287,0.9,2.25
HistoKit (no postprocessing),gaussian,aedd99b7-9b77-3379-0a55-09f4124063bb_103758_1.png,18824416,4160883,1073697,671990,0.9556870589027879,0.915134746773023,0.9460402601995476,0.9655326217560303,0.9294129639635071,0.9556870589027879,0.7948838302213358,0.860954343306766,0.05395973980045243,0.9,2.25
HistoKit (no postprocessing),gaussian,78f7eac9-40c9-a096-07a4-a0166ddd84e8_103411_8.png,0,5944806,639534,0,0.0,0.0,0.0,,0.9028704471518786,,0.9028704471518786,1.0,1.0,0.9,2.25
HistoKit (no postprocessing),gaussian,7f0a6db3-032c-fd36-2371-511c4ae59038_115247_3.png,3631280,690335,2918,16437,0.9973420453273624,0.9946981826449371,0.99919707181612,0.9954938938519627,0.9955413191060984,0.9973420453273624,0.9957908584600427,0.9767435608654559,0.0008029281838799097,0.9,2.25
HistoKit (no postprocessing),gaussian,37e97aba-1a30-28bd-be40-a79de2fca963_105321_2.png,3130152,870769,41863,16612,0.9907458387134603,0.9816613859193941,0.9868023953228469,0.994720926005255,0.9855951476525079,0.9907458387134603,0.954129375257497,0.9812797434247522,0.013197604677153167,0.9,2.25
HistoKit (no postprocessing),gaussian,c149f6be-4555-ddd6-581f-abc8aeab9698_132314_2.png,2875532,1596001,39946,23441,0.9890983688743786,0.9784318655941181,0.9862986446819355,0.9919140330041017,0.9860224656664285,0.9890983688743787,0.9755823385476424,0.9855252611702056,0.013701355318064483,0.9,2.25
HistoKit (no postprocessing),gaussian,0f170c8e-9c83-6973-94f2-3858ac80f3dc_115930_5.png,7249942,288335,32813,365190,0.9732846006953872,0.9479594845412722,0.9954944248433457,0.9520441667984219,0.9498501816972184,0.9732846006953872,0.8978259244958711,0.44119964806243067,0.004505575156654316,0.9,2.25
HistoKit (no postprocessing),gaussian,0f170c8e-9c83-6973-94f2-3858ac80f3dc_115930_4.png,5836864,363535,10056,1759809,0.8683488112143829,0.7673290319663024,0.9982801201316248,0.768344774087288,0.7779414834941477,0.8683488112143829,0.9730828633452091,0.17120871606296484,0.0017198798683751445,0.9,2.25
HistoKit (no postprocessing),gaussian,d76874a4-c608-41cd-b260-c14f0dca935a_100643_5.png,0,3906166,23604,0,0.0,0.0,0.0,,0.9939935416067607,,0.9939935416067607,1.0,1.0,0.9,2.25
HistoKit (no postprocessing),gaussian,0a6bb222-fb92-5dbe-8347-47a6b9e62ff2_125049_3.png,4754911,332307,10233,1333142,0.8762231073480008,0.7797126930419466,0.9978525307944524,0.7810232598172191,0.7910962488218427,0.8762231073480008,0.9701261166579086,0.19952997660090463,0.0021474692055476184,0.9,2.25
HistoKit (no postprocessing),gaussian,d7d9e09c-5b48-9d63-55ef-dabd0e7bf5cd_123455_1.png,0,3257874,2517651,0,0.0,0.0,0.0,,0.5640827457244146,,0.5640827457244146,1.0,1.0,0.9,2.25
HistoKit (no postprocessing),gaussian,ed9d6e50-ec08-4213-59eb-4f99b1955e7c_103016_4.png,6692373,320270,94019,1853591,0.8729738599860322,0.7745817323946124,0.9861459520758601,0.7831033456260756,0.7826389500385759,0.872973859986032,0.7730593860807311,0.147327727025785,0.013854047924139955,0.9,2.25
HistoKit (no postprocessing),gaussian,46e107b0-7f41-8fd8-abd7-fbe9d0e935a4_133028_5.png,0,11490673,48587,0,0.0,0.0,0.0,,0.9957894180389384,,0.9957894180389384,1.0,1.0,0.9,2.25
HistoKit (no postprocessing),gaussian,9761f929-4dae-801a-b291-ba7ecada0fc3_101038_3.png,8950902,1118428,44154,127527,0.9905009465523666,0.9811806590304523,0.9950913034893835,0.9859527457889465,0.9832359324679956,0.9905009465523665,0.9620207434830403,0.8976471862948502,0.0049086965106164985,0.9,2.25
HistoKit (no postprocessing),gaussian,16277008-7349-6ea9-1043-9abf63a9d11e_105523_3.png,2788138,294170,42,479222,0.920855282931002,0.8533195486811846,0.9999849364101313,0.8533305176044268,0.8654347013060525,0.9208552829310019,0.9998572457955488,0.3803633862258725,1.5063589868659842e-05,0.9,2.25
HistoKit (no postprocessing),gaussian,4a12a0e8-253e-42bb-77ff-6e284ada3080_105659_4.png,4956155,6311397,11454,32301,0.995605191408453,0.9912488424791647,0.9976942629744008,0.9935248501740819,0.996131746755702,0.995605191408453,0.9981884754203444,0.9949081750108533,0.002305737025599237,0.9,2.25
HistoKit (no postprocessing),gaussian,8469f8e6-543f-6b82-f38a-8b184a96e4e9_104905_3.png,5228329,714925,1228038,46076,0.8913870289184719,0.8040561062972793,0.8097942697495356,0.9912642279081716,0.8234655625153103,0.8913870289184718,0.3679560547473112,0.9394534304159916,0.1902057302504644,0.9,2.25
HistoKit (no postprocessing),gaussian,15fe4c3f-571c-b45d-d559-12744253eeb9_122421_2.png,4246939,341265,2291,382865,0.9566218577381278,0.9168505827276858,0.9994608434939978,0.9173042746517995,0.9225561793234353,0.9566218577381277,0.9933315092735974,0.47127587587864056,0.0005391565060022639,0.9,2.25
HistoKit (no postprocessing),gaussian,7f0a6db3-032c-fd36-2371-511c4ae59038_115247_1.png,3459850,1243857,164603,45438,0.9705401640816966,0.9427664200380883,0.9545854229589955,0.9870372990749976,0.9572544216756741,0.9705401640816966,0.8831326413245673,0.9647574837411144,0.04541457704100453,0.9,2.25
HistoKit (no postprocessing),gaussian,4c439187-b529-301f-82bf-3874dfa019f2_103211_2.png,2435345,1533714,58720,29685,0.9821731586105933,0.9649707776126796,0.9764561067975374,0.9879575502123706,0.9782117598578817,0.9821731586105932,0.9631256303243965,0.9810125246338267,0.023543893202462647,0.9,2.25
HistoKit (no postprocessing),gaussian,efbb89df-e3ec-91fc-7f90-b36e0f9bf420_124740_1.png,4160342,458487,1295,178136,0.9788907561838869,0.9586542890607412,0.999688824373678,0.9589404394813111,0.9626049859740823,0.9788907561838869,0.9971834478078742,0.7201860441737103,0.0003111756263220459,0.9,2.25
HistoKit (no postprocessing),gaussian,d7d9e09c-5b48-9d63-55ef-dabd0e7bf5cd_123455_4.png,0,16692573,929253,0,0.0,0.0,0.0,,0.9472669290912303,,0.9472669290912303,1.0,1.0,0.9,2.25
HistoKit (no postprocessing),gaussian,d18df4a2-af46-984e-1fcb-35841267a2a7_132544_3.png,4384269,297314,1153,1494673,0.8542699771754002,0.745611933140536,0.9997370834551385,0.7457581653297481,0.7578554374495844,0.8542699771754004,0.9961369263603681,0.16591303396732232,0.00026291654486158914,0.9,2.25
HistoKit (no postprocessing),gaussian,6fecdbd3-f25f-98e1-f3e7-fdc984783bf1_110414_1.png,10820692,2900910,652773,3031559,0.8545220991975113,0.7459961458871078,0.9431058533755932,0.7811504426248124,0.7883289687298596,0.8545220991975114,0.8163108527125239,0.4889886487396731,0.05689414662440684,0.9,2.25
HistoKit (no postprocessing),gaussian,5b6306df-eee5-32e5-a263-7c4b8cf32245_100047_2.png,4207995,1009147,37063,20520,0.9932044014962755,0.9865005399033847,0.9912691416701491,0.9951472325390829,0.9890832223480845,0.9932044014962755,0.964574033893769,0.9800712269112247,0.008730858329850853,0.9,2.25
HistoKit (no postprocessing),gaussian,786743ed-e3ab-4cc3-3e88-4ee844fd6584_104341_2.png,6045763,2859641,15126,89310,0.9914368378648605,0.9830190860490856,0.9975043265105169,0.9854427160035423,0.9884086731839855,0.9914368378648606,0.9947383561867796,0.9697146544652658,0.0024956734894831436,0.9,2.25
HistoKit (no postprocessing),gaussian,4f8d8d4c-adc3-ed68-4f51-2bb95426a546_131620_1.png,5844700,1336678,18712,2594,0.9981806391519008,0.9963678864290285,0.9968086840904238,0.9995563759920401,0.9970419360338452,0.9981806391519009,0.9861943794774936,0.9980631268330854,0.0031913159095761988,0.9,2.25
HistoKit (no postprocessing),gaussian,36686384-7dd5-47b9-9af9-593716a57c66_072643_8.png,0,4124204,754,0,0.0,0.0,0.0,,0.9998172102600802,,0.9998172102600802,1.0,1.0,0.9,2.25
HistoKit (no postprocessing),gaussian,adf4a334-3c2a-d6ae-0b72-c218c11535ea_115443_3.png,0,8082404,90778,0,0.0,0.0,0.0,,0.9888931875002905,,0.9888931875002905,1.0,1.0,0.9,2.25
HistoKit (no postprocessing),gaussian,b04c2edc-8554-0391-20e3-62a3af357e5f_130945_4.png,3929267,365727,196795,1464603,0.8254821568053217,0.7028264079496804,0.9523044006609692,0.7284689842358084,0.7210730925701331,0.8254821568053218,0.6501559050134929,0.19981478749733655,0.047695599339030774,0.9,2.25
HistoKit (no postprocessing),gaussian,b04c2edc-8554-0391-20e3-62a3af357e5f_130945_2.png,10217482,500824,20006,2022248,0.9091411579493512,0.8334177832214331,0.998045809675186,0.8347800155722389,0.8399557699662084,0.9091411579493512,0.9615882341646986,0.19849770438576467,0.001954190324814056,0.9,2.25
HistoKit (no postprocessing),gaussian,e2bfe175-7bb7-d3b3-d437-ffbd60d747a4_123954_4.png,2035123,251327,1813,405689,0.9089939853694312,0.833170462105317,0.9991099376710904,0.8337893291248978,0.8487344986102202,0.9089939853694312,0.9928379552816623,0.38252797496560204,0.0008900623289096958,0.9,2.25
HistoKit (no postprocessing),gaussian,18a7f9da-53be-2120-be0a-0738920b492f_101923_2.png,3856617,180624,36763,308210,0.9571898562546234,0.917894654166637,0.9905575618100468,0.9259969261628395,0.9212788330282364,0.9571898562546235,0.8308868515596609,0.36949966655347216,0.009442438189953203,0.9,2.25
HistoKit (no postprocessing),gaussian,6dacef70-8f47-e898-de47-4738667f2bb0_100303_2.png,5609103,372640,1520,1951841,0.8516986627331433,0.7417031009998858,0.9997290853439983,0.7418522078724561,0.7538329680367138,0.8516986627331433,0.9959375668163353,0.16031105438160173,0.0002709146560016597,0.9,2.25
HistoKit (no postprocessing),gaussian,7f0a6db3-032c-fd36-2371-511c4ae59038_115247_4.png,2872141,861041,7434,6754,0.9975361510956904,0.9950844134539063,0.997418369030152,0.9976539609815571,0.9962138779997705,0.9975361510956904,0.9914401681107688,0.9922170558714903,0.002581630969847981,0.9,2.25
HistoKit (no postprocessing),gaussian,0a6bb222-fb92-5dbe-8347-47a6b9e62ff2_125049_2.png,5802544,387581,41108,3595997,0.7613791532491421,0.6146991270544063,0.9929653579645058,0.6173877413526205,0.6298951993593311,0.761379153249142,0.9041076398041471,0.09729469336360427,0.007034642035494242,0.9,2.25
HistoKit (no postprocessing),gaussian,367a29b2-8f5a-4095-840e-86626c38d291_123703_1.png,12388364,6032555,191752,84469,0.9889745115435312,0.9781894945629881,0.9847575332373724,0.993227761487707,0.985226564062739,0.9889745115435312,0.9691930362689373,0.986191160930544,0.015242466762627626,0.9,2.25
HistoKit (no postprocessing),gaussian,0f170c8e-9c83-6973-94f2-3858ac80f3dc_115930_1.png,5545646,259934,9809,690471,0.9406118200355305,0.887882117079197,0.9982343480416995,0.8892786969840367,0.8923616554921255,0.9406118200355305,0.963635756998328,0.273498140266518,0.0017656519583004453,0.9,2.25
HistoKit (no postprocessing),gaussian,76bd570a-7866-8dee-341c-c3f9290b76cf_114927_1.png,2632088,445937,37655,336699,0.9336078729739844,0.8754827134533113,0.9858956461352273,0.8865870134839583,0.8915663662651174,0.9336078729739843,0.9221347747688133,0.5697885096008872,0.014104353864772752,0.5,0.75
HistoKit (no postprocessing),gaussian,d18df4a2-af46-984e-1fcb-35841267a2a7_132544_1.png,7418458,162752,219893,850757,0.9326955487722006,0.8738795642604618,0.971211980177397,0.8971175619451182,0.8762520429133157,0.9326955487722007,0.425334187040207,0.16058268846157261,0.028788019822603074,0.9,2.25
HistoKit (no postprocessing),gaussian,6fecdbd3-f25f-98e1-f3e7-fdc984783bf1_110414_2.png,7683587,756755,11026,2755597,0.8474327797978548,0.7352567077599398,0.9985670494409531,0.7360332953226996,0.7531336093224169,0.8474327797978548,0.985639134075993,0.21545534160585272,0.0014329505590469592,0.9,2.25
HistoKit (no postprocessing),gaussian,96e6b3f2-f43e-7954-4202-361d3af0da92_104636_1.png,4580014,223126,113813,391896,0.9476802441448593,0.9005630074622625,0.9757526214749713,0.9211779778797283,0.9047422520399431,0.9476802441448594,0.6622148222675321,0.36279352608524573,0.024247378525028725,0.5,0.75
HistoKit (no postprocessing),gaussian,32e0aaf3-9973-5f67-ccc7-24d8d8604aa6_110737_5.png,0,5460386,13522,0,0.0,0.0,0.0,,0.9975297356111941,,0.9975297356111941,1.0,1.0,0.5,0.75
HistoKit (no postprocessing),gaussian,0a6bb222-fb92-5dbe-8347-47a6b9e62ff2_125049_1.png,5858425,233422,40506,1739154,0.8681392448862706,0.7670018073902032,0.9931333321240747,0.7710910278129388,0.7739111456040121,0.8681392448862706,0.8521290266055314,0.118333590188667,0.006866667875925316,0.5,0.75
HistoKit (no postprocessing),gaussian,9761f929-4dae-801a-b291-ba7ecada0fc3_101038_1.png,5038142,268470,18981,1022206,0.9063467761687888,0.8287332368424213,0.9962466801776425,0.8313288279814954,0.8359766905032753,0.9063467761687888,0.9339678762641285,0.2080072768068826,0.0037533198223574944,0.5,0.75
HistoKit (no postprocessing),gaussian,4c439187-b529-301f-82bf-3874dfa019f2_103211_1.png,5214721,2767787,7232,67540,0.9928817139483259,0.9858640516208265,0.9986150775389974,0.9872138086323262,0.9907199451924222,0.9928817139483259,0.9973938917174981,0.9761791144372413,0.0013849224610026172,0.5,0.75
HistoKit (no postprocessing),gaussian,96e6b3f2-f43e-7954-4202-361d3af0da92_104636_4.png,3016251,361194,5672,2029774,0.7477120576384478,0.5970767842964453,0.9981230494622133,0.597747930301574,0.6239632388681021,0.7477120576384478,0.9845393140819809,0.15106601175758103,0.0018769505377867006,0.5,0.75
HistoKit (no postprocessing),gaussian,36c069a8-8f9e-b246-f3af-1b6cffe0751a_123150_5.png,2158661,342272,3579,1146357,0.7896686053593959,0.6524399919361591,0.9983447720882048,0.6531465184153309,0.6850240312648852,0.7896686053593959,0.9896516129778431,0.22992431290805163,0.0016552279117951754,0.5,0.75
HistoKit (no postprocessing),gaussian,d7d9e09c-5b48-9d63-55ef-dabd0e7bf5cd_123455_3.png,0,3207119,1552,0,0.0,0.0,0.0,,0.9995163106469938,,0.9995163106469938,1.0,1.0,0.5,0.75
HistoKit (no postprocessing),gaussian,0fcbbf47-bbbc-4a27-0d18-fe35bf99ccdb_133554_3.png,1489263,238174,5334,1162677,0.7183165132736063,0.5604476617766929,0.9964311449842332,0.5615749225095591,0.5966043942077357,0.7183165132736065,0.9780951755178474,0.17002093727312897,0.003568855015766792,0.5,0.75
HistoKit (no postprocessing),gaussian,cbe296c0-32ef-a6c0-58c3-7dcdd9f9743d_115103_5.png,2835526,656570,35074,34976,0.9877985097634565,0.9758911830218862,0.987781648435867,0.987815371666698,0.9803348880141353,0.9877985097634565,0.9492889405532325,0.9494234656841338,0.012218351564132934,0.5,0.75
HistoKit (no postprocessing),gaussian,6fecdbd3-f25f-98e1-f3e7-fdc984783bf1_110414_3.png,2532020,739993,416485,764252,0.8109240730293492,0.6819783788704729,0.8587470599507208,0.7681465607207172,0.7348297119757453,0.8109240730293491,0.6398677709390062,0.491936486410126,0.1412529400492792,0.5,0.75
HistoKit (no postprocessing),gaussian,db9f8afe-40d5-d8aa-882f-512377b755a1_120139_1.png,4115000,7571025,1012481,277394,0.8645071495161438,0.7613497074400426,0.8025383224238178,0.9368467400693107,0.9005945637682164,0.8645071495161439,0.8820434214177749,0.9646560664001247,0.19746167757618213,0.5,0.75
HistoKit (no postprocessing),gaussian,aedd99b7-9b77-3379-0a55-09f4124063bb_103758_2.png,4819967,128037,26676,558844,0.9427389727634587,0.8916804350838324,0.9944959841275703,0.8961026888656247,0.8941867786242547,0.9427389727634586,0.8275775144945803,0.1864034672672559,0.005504015872429638,0.5,0.75
HistoKit (no postprocessing),gaussian,db9f8afe-40d5-d8aa-882f-512377b755a1_120139_3.png,5413975,859823,325704,126398,0.9599202202259352,0.9229294126210754,0.9432539694293008,0.977186012566302,0.9327819325294756,0.9599202202259352,0.7252664848628501,0.8718360286386114,0.056746030570699164,0.5,0.75
HistoKit (no postprocessing),gaussian,ed9d6e50-ec08-4213-59eb-4f99b1955e7c_103016_3.png,9768051,218988,110867,500218,0.96966896668999,0.9411237120315217,0.9887774146925807,0.9512850705411009,0.9423402670132941,0.96966896668999,0.6638917099937851,0.30448578015200095,0.011222585307419295,0.5,0.75
HistoKit (no postprocessing),gaussian,16277008-7349-6ea9-1043-9abf63a9d11e_105523_2.png,6829164,376029,836,1572665,0.8966965162227071,0.8127378635230609,0.999877598828697,0.812818732683086,0.8207591015246687,0.8966965162227071,0.9977816990168893,0.1929646214336371,0.00012240117130307468,0.5,0.75
HistoKit (no postprocessing),gaussian,042c1e4d-d1be-7f85-b2e1-b98e0b68f672_101215_1.png,3920413,641531,1391616,36000,0.8459702288691022,0.7330575432556555,0.7380255265925695,0.9909008488244275,0.761649269729329,0.8459702288691022,0.3155359646892232,0.9468658998628845,0.2619744734074306,0.5,0.75
HistoKit (no postprocessing),gaussian,e2bfe175-7bb7-d3b3-d437-ffbd60d747a4_123954_6.png,2177545,169868,4522,723994,0.8566930639392588,0.749311525119397,0.9979276530005724,0.7504793145982184,0.7631557815541256,0.8566930639392589,0.9740696140833763,0.1900382833144266,0.0020723469994276067,0.5,0.75
HistoKit (no postprocessing),gaussian,a2afe16d-3866-9541-f2c7-cc8ca97faf02_130229_2.png,1341474,2139015,25836,2345,0.9896054374395317,0.9794247456476266,0.9811045044649713,0.9982549733260209,0.9919681816756777,0.9896054374395316,0.9880656913570495,0.9989049015578885,0.018895495535028634,0.5,0.75
HistoKit (no postprocessing),gaussian,15fe4c3f-571c-b45d-d559-12744253eeb9_122421_3.png,2471227,166021,832,201237,0.9607215285071133,0.9244120366768214,0.999663438453532,0.9246998275748523,0.9288318282178425,0.9607215285071132,0.9950135748233475,0.452055503215723,0.00033656154646794433,0.5,0.75
HistoKit (no postprocessing),gaussian,78f7eac9-40c9-a096-07a4-a0166ddd84e8_103411_4.png,0,3169749,2451,0,0.0,0.0,0.0,,0.9992273501040287,,0.9992273501040287,1.0,1.0,0.5,0.75
HistoKit (no postprocessing),gaussian,73e02c87-178a-0dc6-cf2c-3f6aeb0c5685_124434_1.png,0,9359426,2013482,0,0.0,0.0,0.0,,0.8229580332488401,,0.8229580332488401,1.0,1.0,0.5,0.75
HistoKit (no postprocessing),gaussian,15fe4c3f-571c-b45d-d559-12744253eeb9_122421_1.png,4753507,1735270,187960,8305,0.9797733322931351,0.9603486786866142,0.9619627126924049,0.9982559160252442,0.9706411717383376,0.9797733322931351,0.9022685794210781,0.9952367979582181,0.03803728730759509,0.5,0.75
HistoKit (no postprocessing),gaussian,adf4a334-3c2a-d6ae-0b72-c218c11535ea_115443_5.png,0,5528242,28478,0,0.0,0.0,0.0,,0.9948750341928332,,0.9948750341928332,1.0,1.0,0.5,0.75
HistoKit (no postprocessing),gaussian,adf4a334-3c2a-d6ae-0b72-c218c11535ea_115443_6.png,0,5887598,41989,0,0.0,0.0,0.0,,0.992918731102183,,0.992918731102183,1.0,1.0,0.5,0.75
HistoKit (no postprocessing),gaussian,adf4a334-3c2a-d6ae-0b72-c218c11535ea_115443_8.png,0,7395021,6570,0,0.0,0.0,0.0,,0.9991123530062658,,0.9991123530062658,1.0,1.0,0.5,0.75
HistoKit (no postprocessing),gaussian,46e107b0-7f41-8fd8-abd7-fbe9d0e935a4_133028_1.png,0,8916159,346097,0,0.0,0.0,0.0,,0.9626336175549456,,0.9626336175549456,1.0,1.0,0.5,0.75
HistoKit (no postprocessing),gaussian,15fe4c3f-571c-b45d-d559-12744253eeb9_122421_5.png,3450351,266693,3973,863695,0.8883075857612344,0.7990587813532085,0.9988498473217915,0.7997946707105117,0.8107475453201859,0.8883075857612344,0.9853213924172227,0.23593049466200985,0.0011501526782085295,0.5,0.75
HistoKit (no postprocessing),gaussian,f010c097-faf6-f2df-c82a-aca0270a9814_110553_3.png,543653,4195529,128172,1076,0.8937589289090332,0.8079241968729427,0.8092181743757675,0.9980247058629154,0.9734518109534285,0.8937589289090332,0.9703559519957555,0.999743602268977,0.1907818256242325,0.5,0.75
HistoKit (no postprocessing),gaussian,4a12a0e8-253e-42bb-77ff-6e284ada3080_105659_1.png,1909006,1424268,14510,12276,0.9930331840580442,0.9861627695537537,0.9924565223268224,0.9936105163115045,0.9920281185455022,0.9930331840580441,0.9899150529129581,0.9914544907778668,0.00754347767317766,0.5,0.75
HistoKit (no postprocessing),gaussian,c149f6be-4555-ddd6-581f-abc8aeab9698_132314_1.png,3641540,2089663,112205,92312,0.9726858964231114,0.9468242410343892,0.9701085182930647,0.9752770061587872,0.9655447022433673,0.9726858964231114,0.9490409960996754,0.9576933741220683,0.02989148170693534,0.5,0.75
HistoKit (no postprocessing),gaussian,f4701930-c3d0-97f5-7529-fedf8cc9402a_110850_3.png,2346046,427418,649,7809,0.998200636095776,0.9964077359817609,0.9997234408391376,0.9966824634482583,0.996959655950095,0.998200636095776,0.9984838821960114,0.9820576388872932,0.00027655916086240435,0.5,0.75
HistoKit (no postprocessing),gaussian,e2bfe175-7bb7-d3b3-d437-ffbd60d747a4_123954_3.png,4726120,276796,10415,639479,0.9356676520030323,0.8791122939784011,0.9978011352180444,0.8808187119462337,0.885031692202639,0.9356676520030323,0.9637374613089331,0.30208834683910396,0.002198864781955586,0.5,0.75
HistoKit (no postprocessing),gaussian,e4c17e5d-ca75-8d00-1c03-2c4b0f9dc6a7_131509_7.png,0,4750268,97930,0,0.0,0.0,0.0,,0.9798007424614259,,0.9798007424614259,1.0,1.0,0.5,0.75
HistoKit (no postprocessing),gaussian,5b6306df-eee5-32e5-a263-7c4b8cf32245_100047_3.png,6724581,567650,17090,22031,0.9970996308425617,0.9942160373121111,0.9974650201708152,0.9967345091136114,0.9946638764582576,0.9970996308425617,0.9707733351575059,0.9626391218302778,0.002534979829184782,0.5,0.75
HistoKit (no postprocessing),gaussian,78f7eac9-40c9-a096-07a4-a0166ddd84e8_103411_6.png,0,6276439,543481,0,0.0,0.0,0.0,,0.9203097690295488,,0.9203097690295488,1.0,1.0,0.5,0.75
HistoKit (no postprocessing),gaussian,67cf3804-696c-ef64-2d57-43ad0b86332a_122601_2.png,5991895,4361036,12211,96353,0.9910220954497363,0.9822039620297424,0.9979662251132808,0.9841739364099491,0.9896225157111866,0.9910220954497362,0.9972077954892554,0.9783835334990956,0.0020337748867191884,0.5,0.75
HistoKit (no postprocessing),gaussian,6dacef70-8f47-e898-de47-4738667f2bb0_100303_3.png,3041138,198548,166,446334,0.931610458070548,0.8719763920452753,0.9999454181495832,0.8720178972046227,0.8788720916416046,0.931610458070548,0.9991646285616514,0.3078826824132167,5.45818504167949e-05,0.5,0.75
HistoKit (no postprocessing),gaussian,7fcfd7e6-a936-d1a4-6766-2f191e54690d_131809_1.png,3161750,250881,10524,713880,0.8972171017085363,0.8135935940778466,0.9966825059878182,0.8158028501172713,0.8248977830741099,0.8972171017085363,0.9597406323520973,0.2600447157378874,0.0033174940121817975,0.5,0.75
HistoKit (no postprocessing),gaussian,18a7f9da-53be-2120-be0a-0738920b492f_101923_4.png,8333425,248049,75667,1592351,0.9090248154499939,0.8332222660270123,0.991001763329501,0.839574155209628,0.8372584709564143,0.909024815449994,0.7662549889409235,0.13477993914366443,0.008998236670499026,0.5,0.75
HistoKit (no postprocessing),gaussian,2852fafe-6f36-4c12-47aa-96e73b433b3f_123004_2.png,2509107,1107868,6818,77105,0.9835514020889679,0.9676351604107936,0.9972900623031291,0.970186125499379,0.9773236117288291,0.9835514020889677,0.9938834792937203,0.9349310068668232,0.002709937696870932,0.5,0.75
HistoKit (no postprocessing),gaussian,78f7eac9-40c9-a096-07a4-a0166ddd84e8_103411_1.png,0,2767756,6004,0,0.0,0.0,0.0,,0.9978354291647439,,0.9978354291647439,1.0,1.0,0.5,0.75
HistoKit (no postprocessing),gaussian,f4701930-c3d0-97f5-7529-fedf8cc9402a_110850_4.png,2526321,506542,3601,37306,0.9919688610043802,0.98406569264592,0.9985766359595276,0.9854479610333329,0.9866915872039873,0.9919688610043803,0.9929411949198558,0.93140362748415,0.001423364040472394,0.5,0.75
HistoKit (no postprocessing),gaussian,adf4a334-3c2a-d6ae-0b72-c218c11535ea_115443_4.png,0,4442500,2993096,0,0.0,0.0,0.0,,0.5974638751217791,,0.5974638751217791,1.0,1.0,0.5,0.75
HistoKit (no postprocessing),gaussian,eb22b9cd-e52e-fa2d-85a8-60a50dc5a7c4_102757_1.png,2183062,588364,18074,37181,0.9875027678016293,0.9753140417554796,0.9917887854271612,0.983253634849879,0.9804523396874285,0.9875027678016293,0.9701964586651892,0.9405622297356705,0.008211214572838752,0.5,0.75
HistoKit (no postprocessing),gaussian,d7d73023-1258-3c47-44ee-6493877f23d1_111048_2.png,6537886,424803,20253,746402,0.9446155648861287,0.8950440554717949,0.9969117763438683,0.8975326071676463,0.9008124104710568,0.9446155648861287,0.9544933671268335,0.362705931070991,0.003088223656131717,0.5,0.75
HistoKit (no postprocessing),gaussian,db9f8afe-40d5-d8aa-882f-512377b755a1_120139_2.png,3004759,1966431,43588,60965,0.9828996097690066,0.9663742332708972,0.9857011029256184,0.980113995910917,0.9794014393557751,0.9828996097690066,0.9783146328467542,0.9699294069831449,0.014298897074381624,0.5,0.75
HistoKit (no postprocessing),gaussian,0a6bb222-fb92-5dbe-8347-47a6b9e62ff2_125049_4.png,7586987,473886,14848,6013692,0.7156686230698869,0.5572305060244822,0.998046787387519,0.5578388402520198,0.5721226995049403,0.7156686230698869,0.9696194658034841,0.07304513333018886,0.0019532126124810656,0.5,0.75
HistoKit (no postprocessing),gaussian,18a7f9da-53be-2120-be0a-0738920b492f_101923_3.png,11676098,131056,84870,467312,0.9769003820137048,0.9548438537553933,0.9927837572553552,0.9615172344506198,0.9553226807653744,0.9769003820137047,0.6069486768615173,0.2190224076153805,0.007216242744644829,0.5,0.75
HistoKit (no postprocessing),gaussian,f569a03d-b1d7-9121-59cf-f65992813d75_131224_1.png,0,4259021,109885,0,0.0,0.0,0.0,,0.9748483945408759,,0.9748483945408759,1.0,1.0,0.5,0.75
HistoKit (no postprocessing),gaussian,0823ec0e-9dd5-2324-aa8d-fe8db13ea4cd_103937_1.png,1450312,4089165,15584,44611,0.9796694765873902,0.960149141976833,0.9893689593259003,0.9701583292249835,0.9892502632297034,0.9796694765873901,0.9962034219388323,0.9892081718990096,0.010631040674099663,0.5,0.75
HistoKit (no postprocessing),gaussian,98491719-8df8-3c0a-7325-de39c48b2a96_133826_2.png,2682928,1621962,109031,50889,0.9710592684176846,0.9437465527527324,0.960948208766676,0.9813853670527325,0.9641821264510696,0.9710592684176846,0.9370124547008567,0.9695794783874954,0.03905179123332399,0.5,0.75
HistoKit (no postprocessing),gaussian,67cf3804-696c-ef64-2d57-43ad0b86332a_122601_1.png,21258806,12325854,7965891,754870,0.8298001968173345,0.7091098413796303,0.7274260533821788,0.9657090437780587,0.793861855198179,0.8298001968173346,0.6074319384557612,0.9422914205666292,0.2725739466178212,0.9,2.25
HistoKit (no postprocessing),gaussian,8469f8e6-543f-6b82-f38a-8b184a96e4e9_104905_1.png,8819147,8400559,6477218,171193,0.7262530672645795,0.5701706112884788,0.5765518147612194,0.98095811726809,0.7214522201311482,0.7262530672645796,0.5646380504291737,0.9800282369345263,0.4234481852387806,0.5,0.75
HistoKit (no postprocessing),gaussian,2852fafe-6f36-4c12-47aa-96e73b433b3f_123004_1.png,2153162,2837050,34792,66929,0.9769237836728073,0.954888568497789,0.9840983859806924,0.9698530375556678,0.9800231071382911,0.9769237836728073,0.9878851273851417,0.9769526570267898,0.015901614019307536,0.5,0.75
HistoKit (no postprocessing),gaussian,8956f1ca-9d66-b2d7-8ef9-bd09fb590f4a_110204_2.png,6158450,1442615,155532,494657,0.9498585226028756,0.9045052909986856,0.975367050460391,0.9256502262777376,0.921201189540402,0.9498585226028756,0.9026797910329901,0.7446631139045008,0.024632949539609077,0.5,0.75
HistoKit (no postprocessing),gaussian,c93efc84-bec7-4ba6-b526-5de46512cbba_100824_1.png,7389542,877181,29017,33365,0.9957967764100932,0.9916287391014723,0.9960885934856082,0.995505130267697,0.9925103597565405,0.9957967764100932,0.9679794040595985,0.963357150544838,0.003911406514391811,0.5,0.75
HistoKit (no postprocessing),gaussian,46e107b0-7f41-8fd8-abd7-fbe9d0e935a4_133028_6.png,0,5248230,29225,0,0.0,0.0,0.0,,0.9944622929044398,,0.9944622929044398,1.0,1.0,0.5,0.75
HistoKit (no postprocessing),gaussian,36c069a8-8f9e-b246-f3af-1b6cffe0751a_123150_4.png,3432117,194862,81630,1053751,0.858070544644961,0.7514216754993653,0.9767683899836841,0.7650954062848038,0.7615927817300666,0.858070544644961,0.7047654181676143,0.15606276724653675,0.023231610016315917,0.5,0.75
HistoKit (no postprocessing),gaussian,6dacef70-8f47-e898-de47-4738667f2bb0_100303_1.png,8150143,337459,12032,1541694,0.9129760862712538,0.8398859259126437,0.9985258831132633,0.8409286082710635,0.8452668810340624,0.9129760862712537,0.9655727901433799,0.17958037477523117,0.0014741168867366849,0.5,0.75
HistoKit (no postprocessing),gaussian,18a7f9da-53be-2120-be0a-0738920b492f_101923_5.png,6960473,412332,4486,1511499,0.9017949228379657,0.821153481796288,0.9993559186780568,0.8215882913682906,0.8294497901289152,0.9017949228379657,0.9892375089367542,0.21432859747035993,0.000644081321943173,0.5,0.75
HistoKit (no postprocessing),gaussian,e2bfe175-7bb7-d3b3-d437-ffbd60d747a4_123954_2.png,3894905,173557,52225,143513,0.9754884699209121,0.9521498209450201,0.986768867506264,0.9644630644970382,0.9540973687913324,0.9754884699209121,0.7686928098785554,0.547377550698584,0.013231132493735955,0.5,0.75
HistoKit (no postprocessing),gaussian,36c069a8-8f9e-b246-f3af-1b6cffe0751a_123150_3.png,6311773,353767,4064,1931772,0.8670385872147596,0.7652851875010078,0.9993565381753836,0.7656624668149443,0.7749388004895961,0.8670385872147597,0.9886426832778602,0.15478493256951642,0.0006434618246164365,0.5,0.75
HistoKit (no postprocessing),gaussian,0f170c8e-9c83-6973-94f2-3858ac80f3dc_115930_3.png,6450458,346250,48160,695244,0.9455154965582748,0.8966613482438223,0.9925891935793117,0.90270459081557,0.9014067695546167,0.9455154965582748,0.8778935625364468,0.33245510775866205,0.007410806420688214,0.5,0.75
HistoKit (no postprocessing),gaussian,d18df4a2-af46-984e-1fcb-35841267a2a7_132544_2.png,8501838,139825,129002,315060,0.9745490217700427,0.95036139460535,0.9850533667638376,0.9642663440135067,0.9511253092075757,0.9745490217700425,0.5201300464611069,0.30738538311881025,0.014946633236162413,0.5,0.75
HistoKit (no postprocessing),gaussian,103a5b47-1de4-c7ee-81eb-83cd201d2a51_131937_2.png,2683962,1756258,120836,11754,0.9758949799964148,0.9529247107811253,0.9569181096107456,0.9956397484007959,0.9710046995173646,0.9758949799964151,0.9356260261872874,0.9933518550779067,0.04308189038925441,0.5,0.75
HistoKit (no postprocessing),gaussian,d7d73023-1258-3c47-44ee-6493877f23d1_111048_3.png,6256835,272563,7251,1296449,0.9056477462787781,0.8275651127863306,0.9988424488424967,0.828359558570815,0.8335652126400053,0.905647746278778,0.9740863573659645,0.17371632594269515,0.0011575511575032654,0.5,0.75
HistoKit (no postprocessing),gaussian,aedd99b7-9b77-3379-0a55-09f4124063bb_103758_4.png,4602600,124498,17195,339537,0.962692476792347,0.9280685382628144,0.9962779733732774,0.9312975338401182,0.9298300690621047,0.962692476792347,0.8786460869626587,0.2682944174469598,0.003722026626722614,0.5,0.75
HistoKit (no postprocessing),gaussian,36c069a8-8f9e-b246-f3af-1b6cffe0751a_123150_2.png,4597888,357862,4274,1400356,0.8674928111244041,0.7659932048516972,0.9990713060513733,0.7665390070827396,0.7791594212924385,0.867492811124404,0.9881978041398811,0.2035367627905072,0.0009286939486267542,0.5,0.75
HistoKit (no postprocessing),gaussian,8956f1ca-9d66-b2d7-8ef9-bd09fb590f4a_110204_1.png,6886653,3403675,615266,104771,0.9503194673582209,0.9053416137636738,0.917985518105434,0.9850143547294514,0.9346037120476932,0.9503194673582209,0.846908426871656,0.9701374910715457,0.08201448189456591,0.5,0.75
HistoKit (no postprocessing),gaussian,4a12a0e8-253e-42bb-77ff-6e284ada3080_105659_3.png,803692,3465954,11044,34694,0.9723323505464206,0.9461544800631011,0.9864446888317198,0.958618106695484,0.9894011749591693,0.9723323505464206,0.9968236967637025,0.9900892634735055,0.013555311168280277,0.5,0.75
HistoKit (no postprocessing),gaussian,5b6306df-eee5-32e5-a263-7c4b8cf32245_100047_4.png,5963234,358826,6467,23343,0.9975067491739487,0.9950259000267644,0.9989166961628396,0.9961007767878037,0.995306893875347,0.9975067491739485,0.982296403161298,0.9389196925967308,0.0010833038371603535,0.5,0.75
HistoKit (no postprocessing),gaussian,042c1e4d-d1be-7f85-b2e1-b98e0b68f672_101215_2.png,0,16551189,445749,0,0.0,0.0,0.0,,0.9737747469573638,,0.9737747469573638,1.0,1.0,0.5,0.75
HistoKit (no postprocessing),gaussian,67cf3804-696c-ef64-2d57-43ad0b86332a_122601_3.png,3002300,3898494,1121986,118108,0.8288272769008601,0.7076900448190337,0.7279563056490262,0.9621498214336074,0.8476709174723936,0.8288272769008601,0.7765181815284594,0.9705950452646291,0.2720436943509737,0.5,0.75
HistoKit (no postprocessing),gaussian,103a5b47-1de4-c7ee-81eb-83cd201d2a51_131937_3.png,501145,9912572,23250,719,0.9766442973947123,0.9543546734613817,0.9556631928222047,0.9985673409529275,0.9977036097847741,0.9766442973947124,0.9976599822339812,0.9999274711092411,0.04433680717779537,0.5,0.75
HistoKit (no postprocessing),gaussian,e4c17e5d-ca75-8d00-1c03-2c4b0f9dc6a7_131509_4.png,0,12939623,517235,0,0.0,0.0,0.0,,0.9615634645174973,,0.9615634645174973,1.0,1.0,0.5,0.75
HistoKit (no postprocessing),gaussian,46e107b0-7f41-8fd8-abd7-fbe9d0e935a4_133028_4.png,0,5752180,56378,0,0.0,0.0,0.0,,0.9902939765773192,,0.9902939765773192,1.0,1.0,0.5,0.75
HistoKit (no postprocessing),gaussian,78f7eac9-40c9-a096-07a4-a0166ddd84e8_103411_2.png,0,3792460,9968,0,0.0,0.0,0.0,,0.9973785170948668,,0.9973785170948668,1.0,1.0,0.5,0.75
HistoKit (no postprocessing),gaussian,c93efc84-bec7-4ba6-b526-5de46512cbba_100824_2.png,3114328,317998,1712,23507,0.9959674601746917,0.9919673124817051,0.9994505847164992,0.9925085289698152,0.9927060963776321,0.9959674601746917,0.9946451471646179,0.9311664543710927,0.0005494152835008537,0.5,0.75
HistoKit (no postprocessing),gaussian,d07adf84-9a4a-637f-4bfb-56af281dbf05_133243_1.png,3510729,887705,12254,11480,0.996631177688273,0.9932849770955305,0.9965216976635993,0.9967406817710136,0.9946329492683227,0.9966311776882731,0.9863838241519891,0.987232883110817,0.003478302336400715,0.5,0.75
HistoKit (no postprocessing),gaussian,aedd99b7-9b77-3379-0a55-09f4124063bb_103758_3.png,2473512,1172048,407737,1216422,0.7528361331589761,0.6036385058732143,0.858486024637232,0.6703404451136524,0.6917940026783211,0.7528361331589761,0.7419034868668838,0.49071078975243565,0.14151397536276802,0.5,0.75
HistoKit (no postprocessing),gaussian,f4701930-c3d0-97f5-7529-fedf8cc9402a_110850_2.png,3817445,436052,7728,17001,0.9967715104367463,0.9935638000777685,0.9979796992188327,0.9955662434677656,0.9942198004499996,0.9967715104367462,0.9825859660191987,0.9624745890657385,0.0020203007811672833,0.5,0.75
HistoKit (no postprocessing),gaussian,18a7f9da-53be-2120-be0a-0738920b492f_101923_1.png,4348013,472652,10441,2030326,0.8099276944242103,0.6805701558043946,0.9976044257895116,0.6816842127707543,0.7025741856801904,0.8099276944242103,0.9783871842481675,0.18883585872508668,0.002395574210488398,0.5,0.75
HistoKit (no postprocessing),gaussian,adf4a334-3c2a-d6ae-0b72-c218c11535ea_115443_2.png,0,5935604,199916,0,0.0,0.0,0.0,,0.9674166166844864,,0.9674166166844864,1.0,1.0,0.5,0.75
HistoKit (no postprocessing),gaussian,9761f929-4dae-801a-b291-ba7ecada0fc3_101038_2.png,5172794,211684,98950,427932,0.9515398065021103,0.9075593068798998,0.9812301204307341,0.923593476988519,0.9108695799274616,0.9515398065021105,0.6814579215411063,0.33095482289373623,0.01876987956926588,0.5,0.75
HistoKit (no postprocessing),gaussian,103a5b47-1de4-c7ee-81eb-83cd201d2a51_131937_1.png,1388828,2681823,113074,6077,0.9588681607024562,0.9209863002070984,0.9247127975060956,0.9956434309146501,0.9715616632957834,0.9588681607024562,0.959542695133309,0.9977391271996726,0.0752872024939044,0.5,0.75
HistoKit (no postprocessing),gaussian,8469f8e6-543f-6b82-f38a-8b184a96e4e9_104905_2.png,8288729,3832987,400790,214854,0.9641923836664262,0.9308604884364121,0.9538766184871683,0.9747337093081823,0.9516662793545916,0.9641923836664262,0.9053351180281815,0.946921334113667,0.04612338151283172,0.5,0.75
HistoKit (no postprocessing),gaussian,a2afe16d-3866-9541-f2c7-cc8ca97faf02_130229_1.png,1112801,6657329,22701,5969,0.9872819251625359,0.9748832865661939,0.980007961236528,0.9946646763856736,0.9963237934041135,0.9872819251625358,0.996601661968584,0.9991041973509214,0.019992038763472015,0.5,0.75
HistoKit (no postprocessing),gaussian,36c069a8-8f9e-b246-f3af-1b6cffe0751a_123150_1.png,3105650,198856,35178,1063508,0.8497006697413647,0.7386778792180263,0.9887997687234067,0.744910603052223,0.7504796520342515,0.8497006697413647,0.8496885067981576,0.1575266721801319,0.011200231276593305,0.5,0.75
HistoKit (no postprocessing),gaussian,32e0aaf3-9973-5f67-ccc7-24d8d8604aa6_110737_7.png,0,4627744,243980,0,0.0,0.0,0.0,,0.9499191661925018,,0.9499191661925018,1.0,1.0,0.5,0.75
HistoKit (no postprocessing),gaussian,ed9d6e50-ec08-4213-59eb-4f99b1955e7c_103016_1.png,5229369,230279,16527,756768,0.9311527129594438,0.8711746984338954,0.9968495372382525,0.8735799063736763,0.8759342095700218,0.9311527129594438,0.9330364739917182,0.23330094716867586,0.003150462761747469,0.5,0.75
HistoKit (no postprocessing),gaussian,cbe296c0-32ef-a6c0-58c3-7dcdd9f9743d_115103_2.png,2759031,1416153,2651282,69006,0.669801841388142,0.5035353845979765,0.5099577418164162,0.9755993291459765,0.6054964765283652,0.669801841388142,0.3481685632345692,0.9535362880338065,0.4900422581835838,0.5,0.75
HistoKit (no postprocessing),gaussian,aedd99b7-9b77-3379-0a55-09f4124063bb_103758_1.png,18755338,3982741,1251839,741068,0.9495512343779045,0.9039481652544589,0.9374305030639755,0.9619895071943003,0.9194165974619856,0.9495512343779045,0.7608520645400395,0.8431206680879773,0.06256949693602451,0.5,0.75
HistoKit (no postprocessing),gaussian,9761f929-4dae-801a-b291-ba7ecada0fc3_101038_4.png,4966294,537291,3975,2482546,0.7997826575159297,0.6663648567688853,0.9992002444938091,0.6667204558025143,0.6887999983980188,0.7997826575159297,0.9926561062398156,0.17792053014781925,0.0007997555061909124,0.5,0.75
HistoKit (no postprocessing),gaussian,367a29b2-8f5a-4095-840e-86626c38d291_123703_3.png,4501804,1563897,56426,29563,0.9905398446157734,0.9812570009152549,0.9876210722144341,0.9934759201803782,0.9860218899196806,0.9905398446157734,0.9651760790904036,0.9814472908011497,0.012378927785565888,0.5,0.75
HistoKit (no postprocessing),gaussian,16277008-7349-6ea9-1043-9abf63a9d11e_105523_1.png,1961920,250791,4520,776847,0.8339356801943039,0.7151712525885917,0.9977014299953215,0.716351555280168,0.7390291769285904,0.8339356801943039,0.9822961016172432,0.24404605512836233,0.002298570004678505,0.5,0.75
HistoKit (no postprocessing),gaussian,d7d73023-1258-3c47-44ee-6493877f23d1_111048_1.png,6089291,466549,114649,2306003,0.8341932186305117,0.7155501511584743,0.9815199695677264,0.7253219482248031,0.7303342998578954,0.8341932186305118,0.8027367609661423,0.16827421090749606,0.018480030432273684,0.5,0.75
HistoKit (no postprocessing),gaussian,78f7eac9-40c9-a096-07a4-a0166ddd84e8_103411_8.png,0,5965950,618390,0,0.0,0.0,0.0,,0.9060817029497261,,0.9060817029497261,1.0,1.0,0.5,0.75
HistoKit (no postprocessing),gaussian,7f0a6db3-032c-fd36-2371-511c4ae59038_115247_3.png,3626664,690051,3202,21053,0.9966671627104768,0.9933564672346881,0.9991178737727509,0.9942284448053399,0.9944125391329588,0.9966671627104767,0.9953811956096836,0.9703939226892269,0.0008821262272491601,0.5,0.75
HistoKit (no postprocessing),gaussian,37e97aba-1a30-28bd-be40-a79de2fca963_105321_2.png,3136099,826837,85795,10665,0.9848539519628782,0.9701598640581657,0.9733712530579839,0.9966108039878427,0.976237844250721,0.9848539519628782,0.9059916812033766,0.9872657020520548,0.026628746942016095,0.5,0.75
HistoKit (no postprocessing),gaussian,0f170c8e-9c83-6973-94f2-3858ac80f3dc_115930_5.png,7120596,278291,42857,494536,0.9636370464425383,0.9298258328655212,0.9940172707212569,0.9350587750809835,0.9322865372693504,0.9636370464425382,0.866550624634125,0.360094820703728,0.005982729278743087,0.5,0.75
HistoKit (no postprocessing),gaussian,c149f6be-4555-ddd6-581f-abc8aeab9698_132314_2.png,2872329,1599231,36716,26644,0.9890909428999703,0.9784173323536656,0.9873786758197278,0.9908091589676757,0.986028419464952,0.9890909428999703,0.977556730138568,0.9836125163373568,0.01262132418027222,0.5,0.75
HistoKit (no postprocessing),gaussian,d76874a4-c608-41cd-b260-c14f0dca935a_100643_5.png,0,3914845,14925,0,0.0,0.0,0.0,,0.996202067805495,,0.996202067805495,1.0,1.0,0.5,0.75
HistoKit (no postprocessing),gaussian,0a6bb222-fb92-5dbe-8347-47a6b9e62ff2_125049_3.png,4695202,331856,10684,1392851,0.8699700822841411,0.7698646457455044,0.9977296517595199,0.7712156907963843,0.7817409685234317,0.8699700822841412,0.9688094821042798,0.19241297217440412,0.002270348240480114,0.5,0.75
HistoKit (no postprocessing),gaussian,8469f8e6-543f-6b82-f38a-8b184a96e4e9_104905_3.png,5248708,651972,1290991,25697,0.8885494828892653,0.7994503301857192,0.8025916789136626,0.9951279812604454,0.8175667362395821,0.8885494828892652,0.3355555406870846,0.9620803076428168,0.19740832108633746,0.5,0.75
HistoKit (no postprocessing),gaussian,ed9d6e50-ec08-4213-59eb-4f99b1955e7c_103016_4.png,6712595,320386,93903,1833369,0.8744649555230946,0.7769326773201486,0.9862039186671325,0.7854696088118321,0.7849087520184977,0.8744649555230946,0.7733393838600591,0.14875693846328852,0.013796081332867504,0.5,0.75
HistoKit (no postprocessing),gaussian,d7d9e09c-5b48-9d63-55ef-dabd0e7bf5cd_123455_1.png,0,3115611,2659914,0,0.0,0.0,0.0,,0.5394506992870778,,0.5394506992870778,1.0,1.0,0.5,0.75
HistoKit (no postprocessing),gaussian,46e107b0-7f41-8fd8-abd7-fbe9d0e935a4_133028_5.png,0,11471050,68210,0,0.0,0.0,0.0,,0.9940888757164671,,0.9940888757164671,1.0,1.0,0.5,0.75
HistoKit (no postprocessing),gaussian,0f170c8e-9c83-6973-94f2-3858ac80f3dc_115930_4.png,5919008,362398,11193,1677665,0.875147946229114,0.7780116000991605,0.998112542896944,0.7791579287406474,0.7881051367934613,0.875147946229114,0.9700394281446822,0.17764059247189914,0.0018874571030560348,0.5,0.75
HistoKit (no postprocessing),gaussian,9761f929-4dae-801a-b291-ba7ecada0fc3_101038_3.png,8831811,1115534,47048,246618,0.9836464169867967,0.9678191068806595,0.9947011209435807,0.972834727241905,0.9713245108319872,0.9836464169867967,0.9595314567058496,0.8189497207360118,0.005298879056419299,0.5,0.75
HistoKit (no postprocessing),gaussian,4a12a0e8-253e-42bb-77ff-6e284ada3080_105659_4.png,4952919,6309511,13340,35537,0.9950900653609872,0.9902281100628654,0.9973138734810246,0.9928761524608015,0.9956789255211621,0.9950900653609872,0.997890192256626,0.9943992543476424,0.0026861265189753493,0.5,0.75
HistoKit (no postprocessing),gaussian,16277008-7349-6ea9-1043-9abf63a9d11e_105523_3.png,2793317,293228,984,474043,0.9216341857454582,0.8546581999936359,0.9996478546870935,0.8549155893443025,0.8666243445310104,0.9216341857454583,0.9966554729242859,0.3821700546482273,0.0003521453129065194,0.5,0.75
HistoKit (no postprocessing),gaussian,d7d9e09c-5b48-9d63-55ef-dabd0e7bf5cd_123455_4.png,0,16370923,1250903,0,0.0,0.0,0.0,,0.9290139966198736,,0.9290139966198736,1.0,1.0,0.5,0.75
HistoKit (no postprocessing),gaussian,15fe4c3f-571c-b45d-d559-12744253eeb9_122421_2.png,4224032,336735,6821,405772,0.953435394237696,0.9110143692880058,0.9983877955580116,0.9123565490029384,0.9170393858477971,0.953435394237696,0.9801458859690997,0.4535108759917415,0.0016122044419884123,0.5,0.75
HistoKit (no postprocessing),gaussian,7f0a6db3-032c-fd36-2371-511c4ae59038_115247_1.png,3425058,1204052,204408,80230,0.9601054219949279,0.9232718799599752,0.9436809712503161,0.9771117237727684,0.9420731384678254,0.960105421994928,0.8548712778495662,0.937529296525218,0.056319028749683836,0.5,0.75
HistoKit (no postprocessing),gaussian,6fecdbd3-f25f-98e1-f3e7-fdc984783bf1_110414_1.png,10719725,2812625,741058,3132526,0.8469727492958766,0.7345643815258075,0.9353396709456937,0.7738615911594441,0.7774561250203522,0.8469727492958766,0.7914676126148562,0.4730956370998819,0.06466032905430633,0.5,0.75
HistoKit (no postprocessing),gaussian,4c439187-b529-301f-82bf-3874dfa019f2_103211_2.png,2432291,1478938,113496,32739,0.9708161363705758,0.9432873665031882,0.9554181084277671,0.9867186200573624,0.9639590147934769,0.9708161363705758,0.928727972399484,0.9783425956735466,0.04458189157223287,0.5,0.75
HistoKit (no postprocessing),gaussian,efbb89df-e3ec-91fc-7f90-b36e0f9bf420_124740_1.png,3952910,458333,1449,385568,0.9533311700205852,0.910824076073169,0.9996335689298822,0.9111282804707088,0.9193422198880428,0.9533311700205851,0.9968485064661079,0.5431122844978261,0.00036643107011781175,0.5,0.75
HistoKit (no postprocessing),gaussian,5b6306df-eee5-32e5-a263-7c4b8cf32245_100047_2.png,4201263,1013239,32971,27252,0.9928837544396035,0.9858680751268454,0.9922132314841362,0.9935551842668171,0.9885827223220168,0.9928837544396034,0.9684852945393372,0.9738085192471632,0.00778676851586379,0.5,0.75
HistoKit (no postprocessing),gaussian,d18df4a2-af46-984e-1fcb-35841267a2a7_132544_3.png,4394618,297183,1284,1484324,0.8554130846171485,0.7473552887252973,0.9997079097759686,0.747518516086738,0.7595095289950852,0.8554130846171484,0.9956980168661862,0.1668155106884228,0.00029209022403138194,0.5,0.75
HistoKit (no postprocessing),gaussian,786743ed-e3ab-4cc3-3e88-4ee844fd6584_104341_2.png,6053439,2853535,21232,81634,0.9915750895350468,0.9832909513092675,0.9965048312904518,0.9866938828600735,0.9885829271108033,0.9915750895350468,0.9926143579636193,0.9721876321261229,0.003495168709548221,0.5,0.75
HistoKit (no postprocessing),gaussian,36686384-7dd5-47b9-9af9-593716a57c66_072643_8.png,0,4124525,433,0,0.0,0.0,0.0,,0.999895029234237,,0.999895029234237,1.0,1.0,0.5,0.75
HistoKit (no postprocessing),gaussian,adf4a334-3c2a-d6ae-0b72-c218c11535ea_115443_3.png,0,7901253,271929,0,0.0,0.0,0.0,,0.9667291148049805,,0.9667291148049805,1.0,1.0,0.5,0.75
HistoKit (no postprocessing),gaussian,6dacef70-8f47-e898-de47-4738667f2bb0_100303_2.png,5441812,372637,1523,2119132,0.836926368620667,0.7195815862733682,0.9997202082914243,0.7197265315018866,0.7327501945784202,0.8369263686206672,0.9959295488561043,0.14954716909954333,0.0002797917085757169,0.5,0.75
HistoKit (no postprocessing),gaussian,b04c2edc-8554-0391-20e3-62a3af357e5f_130945_4.png,4066334,359113,203409,1327536,0.8415763338204872,0.7264840648465084,0.9523603645465313,0.7538806089134518,0.7429744382169609,0.8415763338204872,0.6383981426504208,0.21291507598795006,0.04763963545346875,0.5,0.75
HistoKit (no postprocessing),gaussian,4f8d8d4c-adc3-ed68-4f51-2bb95426a546_131620_1.png,5843432,1336736,18654,3862,0.9980770971648371,0.9961615752475133,0.9968178563057587,0.9993395235471314,0.9968739431023212,0.9980770971648371,0.9862371715889892,0.9971191960602657,0.003182143694241265,0.5,0.75
HistoKit (no postprocessing),gaussian,18a7f9da-53be-2120-be0a-0738920b492f_101923_2.png,3896340,173271,44116,268487,0.9614321918185954,0.9257288587657281,0.9888043414264746,0.9355346572618742,0.9286655101736245,0.9614321918185953,0.7970623818351603,0.3922305877878839,0.0111956585735255,0.5,0.75
HistoKit (no postprocessing),gaussian,b04c2edc-8554-0391-20e3-62a3af357e5f_130945_2.png,10350193,495922,24908,1889537,0.9153455977628132,0.8439052991209361,0.997599252286797,0.8456226567089307,0.8499717097055302,0.9153455977628132,0.9521763339285372,0.20789374288134904,0.002400747713202985,0.5,0.75
HistoKit (no postprocessing),gaussian,e2bfe175-7bb7-d3b3-d437-ffbd60d747a4_123954_4.png,1882252,251166,1974,558560,0.8703979017062972,0.7705349547606708,0.9989523549722804,0.7711581227886457,0.7919287351816217,0.870397901706297,0.9922019435885281,0.31018640873579456,0.0010476450277196049,0.5,0.75
HistoKit (no postprocessing),gaussian,d18df4a2-af46-984e-1fcb-35841267a2a7_132544_1.png,7485624,150889,231756,783591,0.936487601018228,0.8805610559076134,0.9699696010822326,0.9052399774343756,0.8826440788454737,0.936487601018228,0.39433156058487634,0.16146841023884942,0.030030398917767428,0.5,0.75
HistoKit (no postprocessing),gaussian,7f0a6db3-032c-fd36-2371-511c4ae59038_115247_4.png,2872462,860715,7760,6433,0.9975355597047255,0.9950832364795932,0.997305763236306,0.9977654620956999,0.9962125437306698,0.9975355597047255,0.9910647974898529,0.9925814278531462,0.00269423676369391,0.5,0.75
HistoKit (no postprocessing),gaussian,367a29b2-8f5a-4095-840e-86626c38d291_123703_1.png,12351191,6057032,167275,121642,0.9884392964127234,0.9771428377036019,0.9866377397997487,0.9902474441852945,0.9845475297291457,0.9884392964127234,0.9731255222468943,0.9803126042901762,0.013362260200251372,0.5,0.75
HistoKit (no postprocessing),gaussian,76bd570a-7866-8dee-341c-c3f9290b76cf_114927_1.png,2633923,445924,37668,334864,0.933952653527831,0.876089281229887,0.9859005364219299,0.8872051110436687,0.8920941182877082,0.933952653527831,0.9221078926036824,0.5711204577939211,0.014099463578070147,0.5,2.25
HistoKit (no postprocessing),gaussian,0a6bb222-fb92-5dbe-8347-47a6b9e62ff2_125049_2.png,5208632,383043,45646,4189909,0.7109392397462905,0.5515172454759737,0.9913126027971874,0.5541958054978959,0.568998079825139,0.7109392397462905,0.8935218771650311,0.08376274231612316,0.008687397202812641,0.5,0.75
HistoKit (no postprocessing),gaussian,0f170c8e-9c83-6973-94f2-3858ac80f3dc_115930_1.png,5438069,258101,11642,798048,0.9307117989414186,0.8704031317469192,0.9978637399304293,0.8720280584857533,0.8755445091041,0.9307117989414186,0.9568403999362356,0.24437934420238053,0.002136260069570662,0.5,0.75
HistoKit (no postprocessing),gaussian,6fecdbd3-f25f-98e1-f3e7-fdc984783bf1_110414_2.png,7757720,707074,60707,2681464,0.8498066915764609,0.7388381460340874,0.9922353946644255,0.7431347124449574,0.7553154667655337,0.849806691576461,0.9209318803148293,0.20866639240876153,0.007764605335574534,0.5,0.75
HistoKit (no postprocessing),gaussian,96e6b3f2-f43e-7954-4202-361d3af0da92_104636_1.png,4589927,226761,110178,381983,0.9491149465752483,0.9031577178514029,0.9765583960358333,0.9231717790547295,0.9072942176354988,0.9491149465752482,0.6730031251947682,0.3725063409249208,0.02344160396416676,0.5,2.25
HistoKit (no postprocessing),gaussian,32e0aaf3-9973-5f67-ccc7-24d8d8604aa6_110737_5.png,0,5460237,13671,0,0.0,0.0,0.0,,0.9975025155702288,,0.9975025155702288,1.0,1.0,0.5,2.25
HistoKit (no postprocessing),gaussian,4c439187-b529-301f-82bf-3874dfa019f2_103211_1.png,5215088,2767610,7409,67173,0.9929001696183768,0.9859004436949753,0.9985813299653403,0.987283286456311,0.9907435263513246,0.9929001696183767,0.9973301083704291,0.9763040063384041,0.0014186700346596657,0.5,2.25
HistoKit (no postprocessing),gaussian,9761f929-4dae-801a-b291-ba7ecada0fc3_101038_1.png,5035227,269323,18128,1025121,0.9061294871745268,0.8283699729998112,0.9964126802886399,0.8308478325007079,0.8356518535007174,0.9061294871745269,0.9369353385446563,0.20806075813244915,0.0035873197113600766,0.5,2.25
HistoKit (no postprocessing),gaussian,96e6b3f2-f43e-7954-4202-361d3af0da92_104636_4.png,3016964,361564,5302,2029061,0.747857012098349,0.5972616700522457,0.9982456871764431,0.5978892296411532,0.6241633167931887,0.7478570120983491,0.9855478567106246,0.15124245751633986,0.001754312823556894,0.5,2.25
HistoKit (no postprocessing),gaussian,36c069a8-8f9e-b246-f3af-1b6cffe0751a_123150_5.png,2150831,342632,3219,1154187,0.787984688961559,0.6501441704448623,0.9985056057194587,0.650777393648083,0.6829779430595839,0.7879846889615589,0.9906925236590324,0.22890676828661313,0.001494394280541306,0.5,2.25
HistoKit (no postprocessing),gaussian,0a6bb222-fb92-5dbe-8347-47a6b9e62ff2_125049_1.png,5845677,233137,40791,1751902,0.867050819386791,0.7653042468484769,0.9930703776865856,0.769413124891495,0.7722554270738754,0.8670508193867911,0.8510886072252563,0.11744706275292324,0.006929622313414428,0.5,2.25
HistoKit (no postprocessing),gaussian,d7d9e09c-5b48-9d63-55ef-dabd0e7bf5cd_123455_3.png,0,3207314,1357,0,0.0,0.0,0.0,,0.9995770834716304,,0.9995770834716304,1.0,1.0,0.5,2.25
HistoKit (no postprocessing),gaussian,db9f8afe-40d5-d8aa-882f-512377b755a1_120139_3.png,5414741,861459,324068,125632,0.9601300874478309,0.9233174994854582,0.9435304433376333,0.9773242704056208,0.9331390594567269,0.9601300874478308,0.7266464618688566,0.8727250071168717,0.0564695566623667,0.5,2.25
HistoKit (no postprocessing),gaussian,0fcbbf47-bbbc-4a27-0d18-fe35bf99ccdb_133554_3.png,1488135,238154,5354,1163805,0.7179642927185582,0.5600189516101719,0.9964151058360657,0.5611495735197629,0.596207909794961,0.7179642927185582,0.9780130426926426,0.16987230011719315,0.0035848941639342507,0.5,2.25
HistoKit (no postprocessing),gaussian,6fecdbd3-f25f-98e1-f3e7-fdc984783bf1_110414_3.png,2534355,740772,415706,761917,0.8114697055056143,0.6827505443189588,0.859085625687062,0.7688549367285225,0.7355290550783223,0.8114697055056143,0.6405413678427087,0.4929642793685187,0.14091437431293793,0.5,2.25
HistoKit (no postprocessing),gaussian,aedd99b7-9b77-3379-0a55-09f4124063bb_103758_2.png,4824559,130448,24265,554252,0.943435896959561,0.8929282134843189,0.9949956938012186,0.8969564091394919,0.8954523374254815,0.9434358969595609,0.8431612081725518,0.1905184752446327,0.005004306198781395,0.5,2.25
HistoKit (no postprocessing),gaussian,cbe296c0-32ef-a6c0-58c3-7dcdd9f9743d_115103_5.png,2835529,653210,38434,34973,0.9872212642952825,0.9747649999862492,0.9866268285291078,0.9878164167800615,0.9793924785789241,0.9872212642952825,0.9444309500263142,0.9491806685140435,0.013373171470892283,0.5,2.25
HistoKit (no postprocessing),gaussian,ed9d6e50-ec08-4213-59eb-4f99b1955e7c_103016_3.png,9781616,221695,108160,486653,0.9704925254408352,0.9426765219518198,0.9890634530043957,0.9526061305951373,0.943875633083742,0.9704925254408352,0.6720983462430462,0.3129746960533523,0.010936546995604349,0.5,2.25
HistoKit (no postprocessing),gaussian,e2bfe175-7bb7-d3b3-d437-ffbd60d747a4_123954_6.png,2179348,170093,4297,722191,0.8571363396093435,0.7499900200837212,0.9980321892981688,0.7511007089685853,0.7638150945616755,0.8571363396093434,0.9753598256780779,0.19062652698019913,0.0019678107018311127,0.5,2.25
HistoKit (no postprocessing),gaussian,db9f8afe-40d5-d8aa-882f-512377b755a1_120139_1.png,4115240,7593108,990398,277154,0.866545827598812,0.7645177446945749,0.8060187580866486,0.9369013799763865,0.9023149068658051,0.866545827598812,0.8846161463625702,0.9647846539289289,0.19398124191335148,0.5,2.25
HistoKit (no postprocessing),gaussian,042c1e4d-d1be-7f85-b2e1-b98e0b68f672_101215_1.png,3921311,650290,1382857,35102,0.8468822852475455,0.7344283019963403,0.7392886122762325,0.9911278220954183,0.7632615751407449,0.8468822852475455,0.31984406439868834,0.9487855125242197,0.2607113877237674,0.5,2.25
HistoKit (no postprocessing),gaussian,16277008-7349-6ea9-1043-9abf63a9d11e_105523_2.png,6826767,376153,712,1575062,0.8965301640757414,0.812464586605409,0.9998957155342404,0.8125334376598238,0.8205001791838284,0.8965301640757413,0.9981107293062502,0.19277885830110983,0.0001042844657596164,0.5,2.25
HistoKit (no postprocessing),gaussian,a2afe16d-3866-9541-f2c7-cc8ca97faf02_130229_2.png,1341210,2139712,25139,2609,0.9897615203190355,0.9797305687975818,0.9816013331879336,0.998058518297479,0.992091590260697,0.9897615203190355,0.9883876534689916,0.9987821619635899,0.018398666812066318,0.5,2.25
HistoKit (no postprocessing),gaussian,73e02c87-178a-0dc6-cf2c-3f6aeb0c5685_124434_1.png,0,9363373,2009535,0,0.0,0.0,0.0,,0.8233050860870412,,0.8233050860870412,1.0,1.0,0.5,2.25
HistoKit (no postprocessing),gaussian,adf4a334-3c2a-d6ae-0b72-c218c11535ea_115443_6.png,0,5887648,41939,0,0.0,0.0,0.0,,0.9929271633926613,,0.9929271633926613,1.0,1.0,0.5,2.25
HistoKit (no postprocessing),gaussian,15fe4c3f-571c-b45d-d559-12744253eeb9_122421_3.png,2472646,166103,750,199818,0.961023424655937,0.9249712144257811,0.9996967731814881,0.9252307982446162,0.9293604764807875,0.961023424655937,0.9955050253816233,0.45393131304297923,0.000303226818511876,0.5,2.25
HistoKit (no postprocessing),gaussian,adf4a334-3c2a-d6ae-0b72-c218c11535ea_115443_8.png,0,7395596,5995,0,0.0,0.0,0.0,,0.9991900390064785,,0.9991900390064785,1.0,1.0,0.5,2.25
HistoKit (no postprocessing),gaussian,46e107b0-7f41-8fd8-abd7-fbe9d0e935a4_133028_1.png,0,8916897,345359,0,0.0,0.0,0.0,,0.9627132957672515,,0.9627132957672515,1.0,1.0,0.5,2.25
HistoKit (no postprocessing),gaussian,78f7eac9-40c9-a096-07a4-a0166ddd84e8_103411_4.png,0,3169765,2435,0,0.0,0.0,0.0,,0.9992323939221991,,0.9992323939221991,1.0,1.0,0.5,2.25
HistoKit (no postprocessing),gaussian,adf4a334-3c2a-d6ae-0b72-c218c11535ea_115443_5.png,0,5528242,28478,0,0.0,0.0,0.0,,0.9948750341928332,,0.9948750341928332,1.0,1.0,0.5,2.25
HistoKit (no postprocessing),gaussian,15fe4c3f-571c-b45d-d559-12744253eeb9_122421_1.png,4753257,1734650,188580,8555,0.9796844465417082,0.9601779010631886,0.9618401011607627,0.9982034150025243,0.9705110304467796,0.9796844465417082,0.9019462050820755,0.995092372956709,0.03815989883923731,0.5,2.25
HistoKit (no postprocessing),gaussian,f010c097-faf6-f2df-c82a-aca0270a9814_110553_3.png,543673,4196222,127479,1056,0.8942865296850596,0.8087868635898412,0.8100594202207547,0.9980614213673221,0.9735982647383242,0.8942865296850597,0.9705162313490225,0.9997484083732362,0.18994057977924525,0.5,2.25
HistoKit (no postprocessing),gaussian,15fe4c3f-571c-b45d-d559-12744253eeb9_122421_5.png,3447370,266690,3976,866676,0.8878804830458011,0.7983678638043067,0.9988479856844257,0.7991036720517121,0.8100966865530485,0.8878804830458011,0.9853103086460804,0.23530792347749976,0.0011520143155742716,0.5,2.25
HistoKit (no postprocessing),gaussian,4a12a0e8-253e-42bb-77ff-6e284ada3080_105659_1.png,1909107,1423434,15344,12175,0.9928442770207916,0.985790235182219,0.9920268169987181,0.9936630853773678,0.9918099676791486,0.9928442770207916,0.9893353943415871,0.9915192785779415,0.007973183001281924,0.5,2.25
HistoKit (no postprocessing),gaussian,c149f6be-4555-ddd6-581f-abc8aeab9698_132314_1.png,3643114,2087262,114606,90738,0.9725899984676113,0.9466425253958858,0.9695011868899226,0.9756985547365027,0.9654053762643791,0.9725899984676114,0.9479505583440969,0.9583388429752067,0.030498813110077388,0.5,2.25
HistoKit (no postprocessing),gaussian,f4701930-c3d0-97f5-7529-fedf8cc9402a_110850_3.png,2346444,427491,576,7411,0.9983009546095142,0.9966076729366883,0.9997545824066263,0.9968515477801309,0.9971289633569884,0.9983009546095141,0.9986544162479238,0.9829593793544292,0.000245417593373725,0.5,2.25
HistoKit (no postprocessing),gaussian,e2bfe175-7bb7-d3b3-d437-ffbd60d747a4_123954_3.png,4727989,277640,9571,637610,0.9359427086122272,0.8795980406201106,0.9979797617338884,0.8811670421140305,0.8855116304988139,0.9359427086122272,0.966676067420816,0.30334881180005463,0.0020202382661116693,0.5,2.25
HistoKit (no postprocessing),gaussian,e4c17e5d-ca75-8d00-1c03-2c4b0f9dc6a7_131509_7.png,0,4750943,97255,0,0.0,0.0,0.0,,0.9799399694484425,,0.9799399694484425,1.0,1.0,0.5,2.25
HistoKit (no postprocessing),gaussian,5b6306df-eee5-32e5-a263-7c4b8cf32245_100047_3.png,6724389,567755,16985,22223,0.9970931167929742,0.9942030845421452,0.9974804839488212,0.9967060503849933,0.9946520096156889,0.9970931167929741,0.9709529021445429,0.9623324937540044,0.0025195160511788843,0.5,2.25
HistoKit (no postprocessing),gaussian,78f7eac9-40c9-a096-07a4-a0166ddd84e8_103411_6.png,0,6276321,543599,0,0.0,0.0,0.0,,0.9202924667738038,,0.9202924667738038,1.0,1.0,0.5,2.25
HistoKit (no postprocessing),gaussian,6dacef70-8f47-e898-de47-4738667f2bb0_100303_3.png,3041389,198591,123,446083,0.9316576667977744,0.8720591123682653,0.9999595595874683,0.8720898691086265,0.8789518488757757,0.9316576667977744,0.9993810199583321,0.30804871919760995,4.0440412531661886e-05,0.5,2.25
HistoKit (no postprocessing),gaussian,67cf3804-696c-ef64-2d57-43ad0b86332a_122601_1.png,21138817,12496287,7795458,874859,0.829820104050897,0.7091389169507575,0.7305804966601029,0.9602583866501896,0.795054231938739,0.8298201040508969,0.6158310682496749,0.9345711280095214,0.26941950333989706,0.5,0.75
HistoKit (no postprocessing),gaussian,18a7f9da-53be-2120-be0a-0738920b492f_101923_4.png,8359580,248861,74855,1566196,0.9106191644529575,0.8359052543784488,0.9911250723966691,0.8422092136675259,0.8398895281834455,0.9106191644529575,0.768763360476467,0.13710919271405803,0.008874927603330869,0.5,2.25
HistoKit (no postprocessing),gaussian,7fcfd7e6-a936-d1a4-6766-2f191e54690d_131809_1.png,3161863,251813,9592,713767,0.8973534447221795,0.813817846187425,0.9969755206994897,0.8158320066673032,0.8251503794384142,0.8973534447221795,0.963305981140376,0.26078937011951364,0.0030244793005103337,0.5,2.25
HistoKit (no postprocessing),gaussian,2852fafe-6f36-4c12-47aa-96e73b433b3f_123004_2.png,2511732,1107979,6707,74480,0.9840954846864164,0.9686889563461103,0.997336842385303,0.9712011234964496,0.9780628917630262,0.9840954846864163,0.9939830589062749,0.9370126152365537,0.0026631576146970404,0.5,2.25
HistoKit (no postprocessing),gaussian,67cf3804-696c-ef64-2d57-43ad0b86332a_122601_2.png,5991199,4360566,12681,97049,0.9909255012848028,0.9820142145565044,0.9978878658467525,0.9840596178079474,0.9895110593657981,0.990925501284803,0.9971003238554785,0.9782284921420984,0.0021121341532475664,0.5,2.25
HistoKit (no postprocessing),gaussian,78f7eac9-40c9-a096-07a4-a0166ddd84e8_103411_1.png,0,2767996,5764,0,0.0,0.0,0.0,,0.9979219543147209,,0.9979219543147209,1.0,1.0,0.5,2.25
HistoKit (no postprocessing),gaussian,f4701930-c3d0-97f5-7529-fedf8cc9402a_110850_4.png,2525168,506580,3563,38459,0.9917480271418466,0.98363112975666,0.9985909928735006,0.9849982076175668,0.9863288404792812,0.9917480271418466,0.993015683837669,0.929438076908258,0.001409007126499418,0.5,2.25
HistoKit (no postprocessing),gaussian,eb22b9cd-e52e-fa2d-85a8-60a50dc5a7c4_102757_1.png,2183566,586725,19713,36677,0.987252239279018,0.9748253983560391,0.9910528807291314,0.9834806370293702,0.9800508087046257,0.987252239279018,0.9674937916159607,0.9411663741855175,0.008947119270868555,0.5,2.25
HistoKit (no postprocessing),gaussian,d7d73023-1258-3c47-44ee-6493877f23d1_111048_2.png,6533910,426330,18726,750378,0.9444165480709441,0.8946867690517915,0.9971422187956114,0.8969867748227418,0.9004955659885238,0.9444165480709441,0.9579243960310613,0.36230738636943066,0.002857781204388585,0.5,2.25
HistoKit (no postprocessing),gaussian,adf4a334-3c2a-d6ae-0b72-c218c11535ea_115443_4.png,0,4435430,3000166,0,0.0,0.0,0.0,,0.596513043473583,,0.596513043473583,1.0,1.0,0.5,2.25
HistoKit (no postprocessing),gaussian,0a6bb222-fb92-5dbe-8347-47a6b9e62ff2_125049_4.png,7588584,476615,12119,6012095,0.7158574851394122,0.5574595318317366,0.9984055422241863,0.5579562608602114,0.5724297385561768,0.715857485139412,0.9752032803119898,0.07345296676843317,0.001594457775813632,0.5,2.25
HistoKit (no postprocessing),gaussian,0823ec0e-9dd5-2324-aa8d-fe8db13ea4cd_103937_1.png,1450075,4088554,16195,44848,0.9793856732742513,0.9596040812166886,0.988954967366174,0.96999979263146,0.9890988257883676,0.9793856732742513,0.9960545699627431,0.9891498576717194,0.011045032633825967,0.5,2.25
HistoKit (no postprocessing),gaussian,f569a03d-b1d7-9121-59cf-f65992813d75_131224_1.png,0,4258737,110169,0,0.0,0.0,0.0,,0.9747833897090027,,0.9747833897090027,1.0,1.0,0.5,2.25
HistoKit (no postprocessing),gaussian,db9f8afe-40d5-d8aa-882f-512377b755a1_120139_2.png,3004329,1965513,44506,61395,0.9826805171067938,0.9659507496230182,0.985402293007001,0.9799737354047526,0.9791358624737304,0.9826805171067938,0.9778579207460228,0.969710021372455,0.014597706992998965,0.5,2.25
HistoKit (no postprocessing),gaussian,98491719-8df8-3c0a-7325-de39c48b2a96_133826_2.png,2682306,1622437,108556,51511,0.971026913961879,0.9436854346702561,0.9611030570483241,0.9811578463371908,0.9641492023176799,0.971026913961879,0.9372868636672708,0.9692278374238626,0.03889694295167586,0.5,2.25
HistoKit (no postprocessing),gaussian,2852fafe-6f36-4c12-47aa-96e73b433b3f_123004_1.png,2154179,2837368,34474,65912,0.9772302497037705,0.9554743376216698,0.9842487593967614,0.9703111268862402,0.980285286550314,0.9772302497037705,0.9879958577108351,0.9772974015596153,0.01575124060323861,0.5,2.25
HistoKit (no postprocessing),gaussian,8469f8e6-543f-6b82-f38a-8b184a96e4e9_104905_1.png,8819036,8335809,6541968,171304,0.724316160947831,0.5677865775002658,0.5741184625692435,0.980945770682755,0.7187347456022609,0.724316160947831,0.5602859217475836,0.9798634389833543,0.42588153743075646,0.5,2.25
HistoKit (no postprocessing),gaussian,18a7f9da-53be-2120-be0a-0738920b492f_101923_3.png,11685921,131553,84373,457489,0.9773409422480097,0.9556859980259709,0.9928316998708784,0.9623261505623214,0.9561576770790923,0.9773409422480098,0.6092503913377731,0.22333381999925303,0.007168300129121669,0.5,2.25
HistoKit (no postprocessing),gaussian,46e107b0-7f41-8fd8-abd7-fbe9d0e935a4_133028_6.png,0,5247815,29640,0,0.0,0.0,0.0,,0.9943836565162564,,0.9943836565162564,1.0,1.0,0.5,2.25
HistoKit (no postprocessing),gaussian,36c069a8-8f9e-b246-f3af-1b6cffe0751a_123150_4.png,3421639,195654,80838,1064229,0.8566577933226469,0.7492575611392545,0.9769197627850232,0.7627596264535649,0.7595589161676144,0.8566577933226469,0.7076298771754698,0.15529537266555704,0.023080237214976713,0.5,2.25
HistoKit (no postprocessing),gaussian,c93efc84-bec7-4ba6-b526-5de46512cbba_100824_1.png,7389050,877417,28781,33857,0.9957793204084595,0.9915941193458448,0.9961200248428416,0.9954388489576927,0.9924796241612994,0.9957793204084595,0.9682398327959232,0.962846520365993,0.003879975157158474,0.5,2.25
HistoKit (no postprocessing),gaussian,8956f1ca-9d66-b2d7-8ef9-bd09fb590f4a_110204_2.png,6158759,1443497,154650,494348,0.9499481587806624,0.9046678663765466,0.9755045174484973,0.9256966707434586,0.9213455312368277,0.9499481587806624,0.9032316801896196,0.7448980697630615,0.024495482551502683,0.5,2.25
HistoKit (no postprocessing),gaussian,36c069a8-8f9e-b246-f3af-1b6cffe0751a_123150_3.png,6320104,353509,4322,1923441,0.8676711396528727,0.7662713280900383,0.9993166178242895,0.7666730757216708,0.7758773712485072,0.8676711396528727,0.9879216725213857,0.15525549528975163,0.0006833821757104914,0.5,2.25
HistoKit (no postprocessing),gaussian,6dacef70-8f47-e898-de47-4738667f2bb0_100303_1.png,8147467,337413,12078,1544370,0.9128107840614245,0.8396061795677312,0.9985197704038644,0.8406524996241682,0.8449958013521718,0.9128107840614245,0.9654411701588882,0.17930494642581,0.0014802295961355689,0.5,2.25
HistoKit (no postprocessing),gaussian,18a7f9da-53be-2120-be0a-0738920b492f_101923_5.png,6952020,412357,4461,1519952,0.9011946952815036,0.8201586681567589,0.9993587274945479,0.8205905307524624,0.8285016295806291,0.9011946952815035,0.9892974871526662,0.2134011692746864,0.0006412725054521101,0.5,2.25
HistoKit (no postprocessing),gaussian,e2bfe175-7bb7-d3b3-d437-ffbd60d747a4_123954_2.png,3893659,173910,51872,144759,0.9753717114174952,0.9519273694530217,0.9868529736555105,0.9641545278373859,0.9538879508465832,0.9753717114174955,0.7702562648926841,0.5457386818297355,0.0131470263444895,0.5,2.25
HistoKit (no postprocessing),gaussian,d18df4a2-af46-984e-1fcb-35841267a2a7_132544_2.png,8508750,141594,127233,308148,0.9750539180322149,0.9513221575131223,0.9852671085619321,0.9650502931983561,0.9520807640557027,0.9750539180322149,0.5267104866698658,0.3148338380671585,0.014732891438067908,0.5,2.25
HistoKit (no postprocessing),gaussian,0f170c8e-9c83-6973-94f2-3858ac80f3dc_115930_3.png,6461766,345676,48734,683936,0.9463489189746901,0.898161579309344,0.9925145534137163,0.9042870805415619,0.9028303558355631,0.9463489189746901,0.8764382241829568,0.33573423775169675,0.007485446586283696,0.5,2.25
HistoKit (no postprocessing),gaussian,103a5b47-1de4-c7ee-81eb-83cd201d2a51_131937_2.png,2683749,1754123,122971,11967,0.9754766797832815,0.9521273557510997,0.956186937065329,0.9955607341426174,0.9704912296815306,0.9754766797832816,0.9344886297649452,0.9932240146311909,0.043813062934671076,0.5,2.25
HistoKit (no postprocessing),gaussian,d7d73023-1258-3c47-44ee-6493877f23d1_111048_3.png,6254150,272603,7211,1299134,0.9054376713987221,0.8272143556738017,0.9988483334533818,0.8280040840513875,0.8332275429210767,0.9054376713987222,0.9742293094698621,0.1734405947050938,0.0011516665466182192,0.5,2.25
HistoKit (no postprocessing),gaussian,8956f1ca-9d66-b2d7-8ef9-bd09fb590f4a_110204_1.png,6889814,3402921,616020,101610,0.9504989150362089,0.9056673963028844,0.9179278411965945,0.9854664800761619,0.9348223242372073,0.9504989150362089,0.8467208152595422,0.9710061060952235,0.08207215880340546,0.5,2.25
HistoKit (no postprocessing),gaussian,aedd99b7-9b77-3379-0a55-09f4124063bb_103758_4.png,4612258,124951,16742,329879,0.9637847624582117,0.9301009361188285,0.9963832361201124,0.9332517491927075,0.9318189239215316,0.9637847624582115,0.8818431397457884,0.27472022513906297,0.0036167638798876647,0.5,2.25
HistoKit (no postprocessing),gaussian,36c069a8-8f9e-b246-f3af-1b6cffe0751a_123150_2.png,4591789,357773,4363,1406455,0.8668335599311183,0.7649657890313325,0.9990507276521752,0.7655222094999803,0.7781865234467124,0.8668335599311183,0.9879520401175249,0.20279294966410238,0.0009492723478248761,0.5,2.25
HistoKit (no postprocessing),gaussian,67cf3804-696c-ef64-2d57-43ad0b86332a_122601_3.png,3004189,3899731,1120749,116219,0.829274129903527,0.7083418510562094,0.7282991889817495,0.9627551909878452,0.8480549050668674,0.829274129903527,0.7767645723118108,0.9710606456753694,0.27170081101825044,0.5,2.25
HistoKit (no postprocessing),gaussian,5b6306df-eee5-32e5-a263-7c4b8cf32245_100047_4.png,5962857,358619,6674,23720,0.9974578683966387,0.9949286288860587,0.9988819892215988,0.996037802570651,0.9952149524470746,0.9974578683966387,0.9817297347608632,0.9379608148789426,0.0011180107784011842,0.5,2.25
HistoKit (no postprocessing),gaussian,103a5b47-1de4-c7ee-81eb-83cd201d2a51_131937_3.png,501170,9912683,23139,694,0.9767748712936318,0.95460406892913,0.9558676276775718,0.9986171552452457,0.9977166394926998,0.9767748712936318,0.9976711539317029,0.9999299935834176,0.044132372322428184,0.5,2.25
HistoKit (no postprocessing),gaussian,4a12a0e8-253e-42bb-77ff-6e284ada3080_105659_3.png,800739,3466400,10598,37647,0.9707556965623926,0.943173251792731,0.986937610388778,0.955095862764884,0.9888202301347921,0.9707556965623927,0.9969519683359036,0.9892561372607159,0.013062389611221971,0.5,2.25
HistoKit (no postprocessing),gaussian,e4c17e5d-ca75-8d00-1c03-2c4b0f9dc6a7_131509_4.png,0,12942510,514348,0,0.0,0.0,0.0,,0.9617780019674727,,0.9617780019674727,1.0,1.0,0.5,2.25
HistoKit (no postprocessing),gaussian,78f7eac9-40c9-a096-07a4-a0166ddd84e8_103411_2.png,0,3792176,10252,0,0.0,0.0,0.0,,0.9973038279751779,,0.9973038279751779,1.0,1.0,0.5,2.25
HistoKit (no postprocessing),gaussian,d07adf84-9a4a-637f-4bfb-56af281dbf05_133243_1.png,3510277,887943,12016,11932,0.9966004694157231,0.9932239741386019,0.9965885859012865,0.9966123532135657,0.9945845567151678,0.9966004694157231,0.986648280643896,0.9867403806084178,0.0034114140987135367,0.5,2.25
HistoKit (no postprocessing),gaussian,aedd99b7-9b77-3379-0a55-09f4124063bb_103758_3.png,2469189,1172248,407537,1220745,0.7520380223736268,0.6026129288041331,0.8583330494457936,0.6691688794433721,0.691011608019327,0.7520380223736268,0.7420300863725127,0.4898668738270442,0.14166695055420642,0.5,2.25
HistoKit (no postprocessing),gaussian,042c1e4d-d1be-7f85-b2e1-b98e0b68f672_101215_2.png,0,16552908,444030,0,0.0,0.0,0.0,,0.9738758828207763,,0.9738758828207763,1.0,1.0,0.5,2.25
HistoKit (no postprocessing),gaussian,18a7f9da-53be-2120-be0a-0738920b492f_101923_1.png,4334211,473093,10000,2044128,0.8084291516476958,0.6784566379461078,0.9976980860275894,0.6795203265301515,0.700626924525376,0.8084291516476958,0.9793000519568695,0.1879425763570223,0.0023019139724106403,0.5,2.25
HistoKit (no postprocessing),gaussian,c93efc84-bec7-4ba6-b526-5de46512cbba_100824_2.png,3114152,318011,1699,23683,0.9959412736744377,0.9919153606872867,0.9994547236052045,0.992452439341138,0.9926589531011165,0.9959412736744377,0.9946858090144193,0.9306894472832418,0.0005452763947955149,0.5,2.25
HistoKit (no postprocessing),gaussian,46e107b0-7f41-8fd8-abd7-fbe9d0e935a4_133028_4.png,0,5752251,56307,0,0.0,0.0,0.0,,0.9903061999208753,,0.9903061999208753,1.0,1.0,0.5,2.25
HistoKit (no postprocessing),gaussian,f4701930-c3d0-97f5-7529-fedf8cc9402a_110850_2.png,3817146,435982,7798,17300,0.9967232377513092,0.9934678797077957,0.9979612773415768,0.9954882661015437,0.9941335497470213,0.9967232377513092,0.9824282302041553,0.9618339135460927,0.0020387226584232345,0.5,2.25
HistoKit (no postprocessing),gaussian,adf4a334-3c2a-d6ae-0b72-c218c11535ea_115443_2.png,0,5936992,198528,0,0.0,0.0,0.0,,0.9676428403786476,,0.9676428403786476,1.0,1.0,0.5,2.25
HistoKit (no postprocessing),gaussian,8469f8e6-543f-6b82-f38a-8b184a96e4e9_104905_2.png,8283468,3832843,400934,220115,0.9638672596002382,0.9302546112270884,0.9538328603397217,0.9741150289236902,0.9512419371047062,0.9638672596002381,0.9053011058447339,0.9456902834917115,0.04616713966027828,0.5,2.25
HistoKit (no postprocessing),gaussian,103a5b47-1de4-c7ee-81eb-83cd201d2a51_131937_1.png,1388971,2685080,109817,5934,0.9599988665003509,0.9230748271109215,0.9267294640736382,0.995745946856596,0.9723731574904971,0.959998866500351,0.9607080332477369,0.997794883267051,0.07327053592636183,0.5,2.25
HistoKit (no postprocessing),gaussian,9761f929-4dae-801a-b291-ba7ecada0fc3_101038_2.png,5179619,213671,96963,421107,0.9523714875040773,0.9090736612686301,0.9816238997138678,0.924812069006768,0.9123602690413035,0.9523714875040773,0.6878545168912611,0.33660744386226366,0.018376100286132197,0.5,2.25
HistoKit (no postprocessing),gaussian,32e0aaf3-9973-5f67-ccc7-24d8d8604aa6_110737_7.png,0,4627964,243760,0,0.0,0.0,0.0,,0.9499643247441768,,0.9499643247441768,1.0,1.0,0.5,2.25
HistoKit (no postprocessing),gaussian,a2afe16d-3866-9541-f2c7-cc8ca97faf02_130229_1.png,1112628,6657861,22169,6142,0.9874372494804903,0.9751862281857312,0.9804643473678553,0.9945100422785738,0.9963698261270965,0.9874372494804903,0.9966813023294806,0.9990783317474496,0.01953565263214478,0.5,2.25
HistoKit (no postprocessing),gaussian,ed9d6e50-ec08-4213-59eb-4f99b1955e7c_103016_1.png,5225072,231338,15468,761065,0.930831447275093,0.8706124445044284,0.9970483957760078,0.8728620811718809,0.8754147117982629,0.930831447275093,0.9373272935017787,0.23310892853004272,0.002951604223992184,0.5,2.25
HistoKit (no postprocessing),gaussian,36c069a8-8f9e-b246-f3af-1b6cffe0751a_123150_1.png,3105334,198952,35082,1063824,0.849662100691504,0.7386195840389702,0.9888288685320671,0.7448348083713786,0.7504296882806837,0.849662100691504,0.8500987036071682,0.1575512996762688,0.01117113146793291,0.5,2.25
HistoKit (no postprocessing),gaussian,aedd99b7-9b77-3379-0a55-09f4124063bb_103758_1.png,18756047,3996967,1237613,740359,0.9499121627196065,0.904602576085225,0.9380997276136536,0.9620258728711333,0.9200204957457013,0.9499121627196065,0.7635697610887597,0.8437179539681247,0.061900272386346475,0.5,2.25
HistoKit (no postprocessing),gaussian,cbe296c0-32ef-a6c0-58c3-7dcdd9f9743d_115103_2.png,2759838,1428795,2638640,68199,0.6709616405002604,0.5048474603493127,0.5112252008806927,0.9758846860914479,0.6074468868846107,0.6709616405002605,0.3512766645318241,0.9544427031771671,0.4887747991193073,0.5,2.25
HistoKit (no postprocessing),gaussian,d7d73023-1258-3c47-44ee-6493877f23d1_111048_1.png,6077456,469823,111375,2317838,0.8334344364163089,0.7144342867931032,0.982003871167269,0.7239122298754517,0.7293805865364777,0.8334344364163089,0.8083699530968792,0.16853663339982874,0.017996128832731093,0.5,2.25
HistoKit (no postprocessing),gaussian,9761f929-4dae-801a-b291-ba7ecada0fc3_101038_4.png,4963501,537301,3965,2485339,0.7995133174069646,0.6659909926531018,0.9992018063133196,0.6663454980909779,0.6884516926308613,0.7995133174069647,0.9926745814442437,0.17775884657120927,0.0007981936866804926,0.5,2.25
HistoKit (no postprocessing),gaussian,367a29b2-8f5a-4095-840e-86626c38d291_123703_3.png,4502006,1563367,56956,29361,0.9905045240936824,0.9811876801175505,0.9875068052771662,0.9935204983396843,0.9859685712381475,0.9905045240936825,0.9648489838137211,0.9815655906093194,0.012493194722833839,0.5,2.25
HistoKit (no postprocessing),gaussian,78f7eac9-40c9-a096-07a4-a0166ddd84e8_103411_8.png,0,5971444,612896,0,0.0,0.0,0.0,,0.9069161070054098,,0.9069161070054098,1.0,1.0,0.5,2.25
HistoKit (no postprocessing),gaussian,16277008-7349-6ea9-1043-9abf63a9d11e_105523_1.png,1954297,250797,4514,784470,0.8320445131512452,0.7123940274437799,0.9976955408153211,0.7135681859756599,0.7364851550293613,0.8320445131512451,0.9823196023673089,0.24225344766132795,0.002304459184678869,0.5,2.25
HistoKit (no postprocessing),gaussian,0f170c8e-9c83-6973-94f2-3858ac80f3dc_115930_5.png,7120433,279839,41309,494699,0.9637265635478789,0.9299925383085953,0.9942319899264732,0.9350373703305471,0.9324610522814215,0.9637265635478789,0.8713708321396988,0.36129796084891896,0.005768010073526804,0.5,2.25
HistoKit (no postprocessing),gaussian,7f0a6db3-032c-fd36-2371-511c4ae59038_115247_3.png,3627097,689899,3354,20620,0.9967060392120655,0.9934337075340359,0.9990761478394833,0.9943471491894793,0.9944772712089694,0.9967060392120654,0.995161939436252,0.9709789604500372,0.0009238521605166961,0.5,2.25
HistoKit (no postprocessing),gaussian,c149f6be-4555-ddd6-581f-abc8aeab9698_132314_2.png,2873176,1598588,37359,25797,0.9891288556621318,0.9784915329737918,0.9871642155136426,0.9911013314025346,0.9860734037204626,0.9891288556621319,0.9771636856206222,0.9841189126961897,0.012835784486357318,0.5,2.25
HistoKit (no postprocessing),gaussian,37e97aba-1a30-28bd-be40-a79de2fca963_105321_2.png,3135763,826965,85667,11001,0.984820186068452,0.9700943345735764,0.9734071514824162,0.9965040276296538,0.9761866051008574,0.9848201860684521,0.9061319348872273,0.9868717823873522,0.026592848517583804,0.5,2.25
HistoKit (no postprocessing),gaussian,0f170c8e-9c83-6973-94f2-3858ac80f3dc_115930_4.png,5920716,362245,11346,1675957,0.8752800612917616,0.7782204539710008,0.9980873429846148,0.779382764007349,0.7883002369808578,0.8752800612917615,0.9696298893709966,0.17772772276741952,0.0019126570153852067,0.5,2.25
HistoKit (no postprocessing),gaussian,d76874a4-c608-41cd-b260-c14f0dca935a_100643_5.png,0,3914791,14979,0,0.0,0.0,0.0,,0.9961883265432837,,0.9961883265432837,1.0,1.0,0.5,2.25
HistoKit (no postprocessing),gaussian,0a6bb222-fb92-5dbe-8347-47a6b9e62ff2_125049_3.png,4695932,330316,12224,1392121,0.8699223959076746,0.7697899619968077,0.9974036544243648,0.7713355977682849,0.7816150081337755,0.8699223959076746,0.9643136567992059,0.1917724712137512,0.002596345575635132,0.5,2.25
HistoKit (no postprocessing),gaussian,d7d9e09c-5b48-9d63-55ef-dabd0e7bf5cd_123455_1.png,0,3109247,2666278,0,0.0,0.0,0.0,,0.538348808117011,,0.538348808117011,1.0,1.0,0.5,2.25
HistoKit (no postprocessing),gaussian,4a12a0e8-253e-42bb-77ff-6e284ada3080_105659_4.png,4951651,6309557,13294,36805,0.9949666450693587,0.989983705703004,0.9973224275394793,0.9926219655941638,0.9955708920286577,0.9949666450693587,0.997897467455741,0.9942006144622699,0.0026775724605207106,0.5,2.25
HistoKit (no postprocessing),gaussian,8469f8e6-543f-6b82-f38a-8b184a96e4e9_104905_3.png,5248691,651521,1291442,25714,0.8885139647441144,0.7993928277646433,0.8025358199902051,0.9951247581480754,0.8175018926567137,0.8885139647441145,0.3353234209812539,0.9620309050772627,0.1974641800097949,0.5,2.25
HistoKit (no postprocessing),gaussian,16277008-7349-6ea9-1043-9abf63a9d11e_105523_3.png,2793322,293247,965,474038,0.9216379640714809,0.85466469827817,0.9996546525106405,0.8549171196317517,0.8666310831284613,0.9216379640714809,0.9967200522072519,0.3821878441517819,0.0003453474893595397,0.5,2.25
HistoKit (no postprocessing),gaussian,9761f929-4dae-801a-b291-ba7ecada0fc3_101038_3.png,8828295,1118104,44478,250134,0.9835881742069417,0.967706346233717,0.9949871364904749,0.9724474355640166,0.9712321371395851,0.9835881742069417,0.9617420534637556,0.8171853142508833,0.005012863509525151,0.5,2.25
HistoKit (no postprocessing),gaussian,ed9d6e50-ec08-4213-59eb-4f99b1955e7c_103016_4.png,6692933,320701,93588,1853031,0.8730395627323294,0.7746851920099561,0.9862097236566424,0.7831688736343846,0.7827495495941912,0.8730395627323294,0.774099722657372,0.14753474669370464,0.013790276343357664,0.5,2.25
HistoKit (no postprocessing),gaussian,d7d9e09c-5b48-9d63-55ef-dabd0e7bf5cd_123455_4.png,0,16369853,1251973,0,0.0,0.0,0.0,,0.9289532764652199,,0.9289532764652199,1.0,1.0,0.5,2.25
HistoKit (no postprocessing),gaussian,46e107b0-7f41-8fd8-abd7-fbe9d0e935a4_133028_5.png,0,11471798,67462,0,0.0,0.0,0.0,,0.9941536978974388,,0.9941536978974388,1.0,1.0,0.5,2.25
HistoKit (no postprocessing),gaussian,4c439187-b529-301f-82bf-3874dfa019f2_103211_2.png,2431467,1476591,115843,33563,0.9701923652425813,0.9421102859381303,0.9545233991936591,0.9863843442067642,0.9631774921478047,0.9701923652425812,0.9272541279575794,0.9777751143260885,0.045476600806340806,0.5,2.25
HistoKit (no postprocessing),gaussian,6fecdbd3-f25f-98e1-f3e7-fdc984783bf1_110414_1.png,10728905,2833465,720218,3123346,0.8480887243514917,0.7362448326361167,0.9370940464173544,0.7745242993358985,0.7791808241947832,0.8480887243514917,0.7973319511053744,0.4756681049642166,0.06290595358264559,0.5,2.25
HistoKit (no postprocessing),gaussian,15fe4c3f-571c-b45d-d559-12744253eeb9_122421_2.png,4222293,337193,6363,407511,0.9532792381520039,0.9107292726944478,0.9984952665811548,0.9119809391499079,0.9167818135023404,0.9532792381520038,0.9814790019676559,0.4527879533344792,0.0015047334188451366,0.5,2.25
HistoKit (no postprocessing),gaussian,7f0a6db3-032c-fd36-2371-511c4ae59038_115247_1.png,3424751,1202679,205781,80537,0.9598759497857289,0.922847567641561,0.9433193262034324,0.9770241418108868,0.9417312405927206,0.9598759497857289,0.8538964542834018,0.9372381578783306,0.056680673796567556,0.5,2.25
HistoKit (no postprocessing),gaussian,d18df4a2-af46-984e-1fcb-35841267a2a7_132544_3.png,4392209,297193,1274,1486733,0.8551454987502951,0.7469468808628799,0.999710025053016,0.747108748478893,0.7591211784746646,0.8551454987502951,0.9957315214077268,0.16659491481148883,0.000289974946983976,0.5,2.25
HistoKit (no postprocessing),gaussian,5b6306df-eee5-32e5-a263-7c4b8cf32245_100047_2.png,4200958,1013713,32497,27557,0.9929030710342863,0.9859061650143205,0.9923237639233203,0.9934830549259018,0.9886147619070188,0.9929030710342863,0.9689383584557594,0.9735352022049997,0.007676236076679686,0.5,2.25
HistoKit (no postprocessing),gaussian,efbb89df-e3ec-91fc-7f90-b36e0f9bf420_124740_1.png,3964981,458345,1437,373497,0.9548538596991462,0.9136079854098526,0.9996377083807102,0.9139105926087444,0.9218604244038464,0.9548538596991462,0.9968746057914403,0.5510000697247794,0.0003622916192897471,0.5,2.25
HistoKit (no postprocessing),gaussian,786743ed-e3ab-4cc3-3e88-4ee844fd6584_104341_2.png,6056098,2850791,23976,78975,0.9915718574651619,0.9832845947483126,0.9960566269423694,0.9871272925358834,0.9885734929810074,0.9915718574651619,0.9916598458240268,0.9730439222791172,0.003943373057630549,0.5,2.25
HistoKit (no postprocessing),gaussian,36686384-7dd5-47b9-9af9-593716a57c66_072643_8.png,0,4124573,385,0,0.0,0.0,0.0,,0.999906665716354,,0.999906665716354,1.0,1.0,0.5,2.25
HistoKit (no postprocessing),gaussian,adf4a334-3c2a-d6ae-0b72-c218c11535ea_115443_3.png,0,7905111,268071,0,0.0,0.0,0.0,,0.9672011463833792,,0.9672011463833792,1.0,1.0,0.5,2.25
HistoKit (no postprocessing),gaussian,4f8d8d4c-adc3-ed68-4f51-2bb95426a546_131620_1.png,5843274,1336852,18538,4020,0.9980734652158756,0.9961543392309906,0.9968374966648538,0.999312502501157,0.9968681119427147,0.9980734652158756,0.9863227558119804,0.9970019509692201,0.003162503335146197,0.5,2.25
HistoKit (no postprocessing),gaussian,6dacef70-8f47-e898-de47-4738667f2bb0_100303_2.png,5442054,372638,1522,2118890,0.8369480765149349,0.7196136815689486,0.9997204043812377,0.7197585380873076,0.7327808179955801,0.8369480765149347,0.9959322215095147,0.14956203582701058,0.0002795956187623724,0.5,2.25
HistoKit (no postprocessing),gaussian,b04c2edc-8554-0391-20e3-62a3af357e5f_130945_4.png,4070604,359708,202814,1323266,0.8421398017727413,0.7273242512887989,0.9525405658889442,0.7546722483115091,0.7437912078318553,0.8421398017727412,0.6394558790589524,0.2137335454974349,0.04745943411105583,0.5,2.25
HistoKit (no postprocessing),gaussian,b04c2edc-8554-0391-20e3-62a3af357e5f_130945_2.png,10352850,496303,24527,1886880,0.9154884397902879,0.8441481616048979,0.9976364933065456,0.8458397366608578,0.8502097870312901,0.915488439790288,0.9529078586102951,0.20825215688430138,0.002363506693454425,0.5,2.25
HistoKit (no postprocessing),gaussian,18a7f9da-53be-2120-be0a-0738920b492f_101923_2.png,3898402,173513,43874,266425,0.9617250453090334,0.9262720255014552,0.9888708958987144,0.9360297558578063,0.9291912718091814,0.9617250453090332,0.7981756038769567,0.39440330228350357,0.011129104101285653,0.5,2.25
HistoKit (no postprocessing),gaussian,e2bfe175-7bb7-d3b3-d437-ffbd60d747a4_123954_4.png,1881637,251251,1889,559175,0.8702543603205855,0.7703099970074111,0.9989970937486395,0.7709061574590751,0.7917319981944742,0.8702543603205855,0.9925377261594375,0.310023370424937,0.0010029062513604802,0.5,2.25
HistoKit (no postprocessing),gaussian,7f0a6db3-032c-fd36-2371-511c4ae59038_115247_4.png,2872246,860716,7759,6649,0.9974981333240723,0.9950087540799832,0.9973059074550218,0.9976904333086132,0.9961551701593384,0.9974981333240723,0.9910659489334753,0.9923342537455396,0.0026940925449782205,0.5,2.25
HistoKit (no postprocessing),gaussian,367a29b2-8f5a-4095-840e-86626c38d291_123703_1.png,12351979,6057468,166839,120854,0.9884884355979523,0.9772388872116302,0.9866729430845628,0.9903106214923265,0.9846129942868268,0.9884884355979523,0.973195570205647,0.9804390253534859,0.013327056915437225,0.5,2.25
HistoKit (no postprocessing),gaussian,d18df4a2-af46-984e-1fcb-35841267a2a7_132544_1.png,7496359,151020,231625,772856,0.9372089451409588,0.8818374419469135,0.9700277588566436,0.9065381659565025,0.8838999937585675,0.9372089451409588,0.394673914463798,0.16346349510107416,0.029972241143356403,0.5,2.25
HistoKit (no postprocessing),gaussian,0a6bb222-fb92-5dbe-8347-47a6b9e62ff2_125049_2.png,5196034,383274,45415,4202507,0.7098411952467181,0.5501967607642391,0.9913354112574595,0.552855384681516,0.5677396377209041,0.7098411952467181,0.8940607293399178,0.08357878407189528,0.00866458874254047,0.5,2.25
HistoKit (no postprocessing),constant,76bd570a-7866-8dee-341c-c3f9290b76cf_114927_1.png,2607005,446767,36825,361782,0.9289801887426133,0.8673790895165444,0.9860713434676208,0.8781381082576823,0.884541355395801,0.9289801887426133,0.9238510976194809,0.5525540196079644,0.013928656532379163,0.75,
HistoKit (no postprocessing),gaussian,6fecdbd3-f25f-98e1-f3e7-fdc984783bf1_110414_2.png,7743369,708245,59536,2695815,0.8489563887118411,0.7375536255848332,0.9923700211651942,0.7417599881370038,0.7541394124100503,0.8489563887118411,0.9224570548112027,0.2080589061297392,0.007629978834805755,0.5,2.25
HistoKit (no postprocessing),gaussian,0f170c8e-9c83-6973-94f2-3858ac80f3dc_115930_1.png,5436472,257693,12050,799645,0.9305331555386521,0.8700907002005548,0.9977883910535738,0.8717719696407236,0.8752363254050963,0.930533155538652,0.9553278491008108,0.24371865950150284,0.002211608946426205,0.5,2.25
HistoKit (no postprocessing),constant,96e6b3f2-f43e-7954-4202-361d3af0da92_104636_1.png,4572885,238741,98198,399025,0.9484368598006864,0.9019304914214845,0.9789774662535433,0.9197441224800932,0.9063407152849893,0.9484368598006863,0.7085585224625229,0.3743394912867729,0.021022533746456656,0.75,
HistoKit (no postprocessing),constant,32e0aaf3-9973-5f67-ccc7-24d8d8604aa6_110737_5.png,0,5461435,12473,0,0.0,0.0,0.0,,0.997721372006983,,0.997721372006983,1.0,1.0,0.75,
HistoKit (no postprocessing),constant,0a6bb222-fb92-5dbe-8347-47a6b9e62ff2_125049_1.png,5983410,228597,45331,1614169,0.8782136336149452,0.7828706605206656,0.9924808513087559,0.7875416629428927,0.7891763292594417,0.8782136336149452,0.8345149090271896,0.1240510189573717,0.007519148691244159,0.75,
HistoKit (no postprocessing),constant,36c069a8-8f9e-b246-f3af-1b6cffe0751a_123150_5.png,2168369,343685,2166,1136649,0.7920182673786557,0.655654175878935,0.9990020893466357,0.6560838700424627,0.6880701553520545,0.7920182673786557,0.9937371874015111,0.2321672001048412,0.0009979106533642627,0.75,
HistoKit (no postprocessing),constant,4c439187-b529-301f-82bf-3874dfa019f2_103211_1.png,5218447,2768292,6727,63814,0.9932865632763848,0.9866626659013028,0.9987125787581428,0.9879191883930006,0.9912450603677668,0.9932865632763848,0.9975758724534859,0.9774676512814139,0.001287421241857209,0.75,
HistoKit (no postprocessing),constant,9761f929-4dae-801a-b291-ba7ecada0fc3_101038_1.png,5078202,269557,17894,982146,0.9103621189690909,0.8354721644844019,0.9964886846715604,0.8379390094430221,0.842458779806985,0.9103621189690909,0.9377493903308738,0.21535220415705641,0.0035113153284396527,0.75,
HistoKit (no postprocessing),constant,96e6b3f2-f43e-7954-4202-361d3af0da92_104636_4.png,3165262,361266,5600,1880763,0.7704285089961685,0.6265829312349986,0.9982339187262013,0.6272783032188703,0.6515054524467608,0.7704285089961684,0.9847355710259331,0.16113350897780537,0.0017660812737987335,0.75,
HistoKit (no postprocessing),constant,0fcbbf47-bbbc-4a27-0d18-fe35bf99ccdb_133554_3.png,1444770,237422,6086,1207170,0.7042855652584238,0.5435499878481249,0.995805234978523,0.5447973936061902,0.5809781422425822,0.7042855652584238,0.9750069812901424,0.1643522877047637,0.004194765021476976,0.75,
HistoKit (no postprocessing),constant,db9f8afe-40d5-d8aa-882f-512377b755a1_120139_1.png,4177096,7634350,949156,215298,0.8776660041774849,0.7820007301251509,0.8148440615092665,0.9509839053600383,0.9102602516973775,0.877666004177485,0.8894209429107407,0.9725722733044845,0.18515593849073358,0.75,
HistoKit (no postprocessing),constant,d7d9e09c-5b48-9d63-55ef-dabd0e7bf5cd_123455_3.png,0,3207026,1645,0,0.0,0.0,0.0,,0.9994873266844747,,0.9994873266844747,1.0,1.0,0.75,
HistoKit (no postprocessing),constant,6fecdbd3-f25f-98e1-f3e7-fdc984783bf1_110414_3.png,2513308,766511,389967,782964,0.8108037571132214,0.6818082061418156,0.8656803093058701,0.7624698447215521,0.7365827859188142,0.8108037571132215,0.662797735884297,0.4946907823617677,0.1343196906941299,0.75,
HistoKit (no postprocessing),constant,cbe296c0-32ef-a6c0-58c3-7dcdd9f9743d_115103_5.png,2849386,641519,50125,21116,0.9876532340568384,0.975607634935923,0.9827126022284447,0.992643795405821,0.9800005390009281,0.9876532340568385,0.927527745487563,0.9681332860473715,0.017287397771555274,0.75,
HistoKit (no postprocessing),constant,aedd99b7-9b77-3379-0a55-09f4124063bb_103758_2.png,4902366,131591,23122,476445,0.9515185846218166,0.9075206967579938,0.9953056428114331,0.9114218737189316,0.9097199180847503,0.9515185846218165,0.8505490812019675,0.21641975146208448,0.0046943571885669,0.75,
HistoKit (no postprocessing),constant,db9f8afe-40d5-d8aa-882f-512377b755a1_120139_3.png,5400947,990934,194593,139426,0.970005243395849,0.9417574576728093,0.9652235530440315,0.9748345463383061,0.9503383933748644,0.9700052433958491,0.8358594953974056,0.8766534555362894,0.0347764469559685,0.75,
HistoKit (no postprocessing),constant,ed9d6e50-ec08-4213-59eb-4f99b1955e7c_103016_3.png,9800416,209481,120374,467853,0.9708640704849096,0.9433778790935448,0.9878664904710209,0.9544370136777679,0.9444970638199742,0.9708640704849096,0.6350699549802186,0.30927282551887253,0.012133509528979044,0.75,
HistoKit (no postprocessing),constant,16277008-7349-6ea9-1043-9abf63a9d11e_105523_2.png,7146982,376233,632,1254847,0.9192589085023817,0.8505819902050126,0.9999115788849258,0.8506459724424289,0.8569856746345186,0.9192589085023817,0.9983230069122896,0.2306649581872134,8.842111507420518e-05,0.75,
HistoKit (no postprocessing),constant,042c1e4d-d1be-7f85-b2e1-b98e0b68f672_101215_1.png,3924679,580910,1452237,31734,0.8410030333228369,0.7256300555591506,0.72991264881207,0.9919790982387329,0.7522403982930299,0.8410030333228369,0.28571962578210036,0.9482015656727235,0.27008735118793004,0.75,
HistoKit (no postprocessing),constant,e2bfe175-7bb7-d3b3-d437-ffbd60d747a4_123954_6.png,2157506,171206,3184,744033,0.8523936787529762,0.742757915298636,0.998526396660326,0.7435729797186941,0.7570759923262208,0.8523936787529762,0.9817420723665348,0.1870615216353324,0.0014736033396739005,0.75,
HistoKit (no postprocessing),constant,15fe4c3f-571c-b45d-d559-12744253eeb9_122421_3.png,2486625,166264,589,185839,0.9638682879047878,0.93025652690014,0.9997631888530701,0.9304615515868502,0.9343405473922074,0.9638682879047877,0.9964699465997016,0.4722027361311889,0.00023681114692985806,0.75,
HistoKit (no postprocessing),constant,78f7eac9-40c9-a096-07a4-a0166ddd84e8_103411_4.png,0,3169482,2718,0,0.0,0.0,0.0,,0.9991431813883109,,0.9991431813883109,1.0,1.0,0.75,
HistoKit (no postprocessing),constant,73e02c87-178a-0dc6-cf2c-3f6aeb0c5685_124434_1.png,0,9298632,2074276,0,0.0,0.0,0.0,,0.8176125226723016,,0.8176125226723016,1.0,1.0,0.75,
HistoKit (no postprocessing),constant,a2afe16d-3866-9541-f2c7-cc8ca97faf02_130229_2.png,1341619,2139254,25597,2200,0.9897467203485016,0.9797015662150873,0.981278013130332,0.9983628747621518,0.9920776248550021,0.9897467203485015,0.9881760915647313,0.9989726606315148,0.018721986869667997,0.75,
HistoKit (no postprocessing),constant,15fe4c3f-571c-b45d-d559-12744253eeb9_122421_1.png,4752880,1690770,232460,8932,0.9752346121205455,0.9516662288317497,0.9533712846064661,0.9981242434602626,0.9638907279864509,0.9752346121205456,0.879130421218471,0.9947449611755472,0.04662871539353384,0.75,
HistoKit (no postprocessing),constant,adf4a334-3c2a-d6ae-0b72-c218c11535ea_115443_8.png,0,7392428,9163,0,0.0,0.0,0.0,,0.9987620229218286,,0.9987620229218286,1.0,1.0,0.75,
HistoKit (no postprocessing),constant,46e107b0-7f41-8fd8-abd7-fbe9d0e935a4_133028_1.png,0,8921628,340628,0,0.0,0.0,0.0,,0.9632240784534567,,0.9632240784534567,1.0,1.0,0.75,
HistoKit (no postprocessing),constant,adf4a334-3c2a-d6ae-0b72-c218c11535ea_115443_5.png,0,5527816,28904,0,0.0,0.0,0.0,,0.9947983702615931,,0.9947983702615931,1.0,1.0,0.75,
HistoKit (no postprocessing),constant,adf4a334-3c2a-d6ae-0b72-c218c11535ea_115443_6.png,0,5875828,53759,0,0.0,0.0,0.0,,0.9909337699236052,,0.9909337699236052,1.0,1.0,0.75,
HistoKit (no postprocessing),constant,f010c097-faf6-f2df-c82a-aca0270a9814_110553_3.png,543628,4198140,125561,1101,0.8956585205920005,0.8110340300466962,0.8123684041429252,0.9979788114824069,0.9739829883555889,0.8956585205920005,0.970959832791398,0.9997378097613354,0.18763159585707476,0.75,
HistoKit (no postprocessing),constant,15fe4c3f-571c-b45d-d559-12744253eeb9_122421_5.png,3481600,267642,3024,832446,0.8928701945331704,0.806472908708916,0.9991321875760484,0.8070382188785191,0.817770451011972,0.8928701945331704,0.9888275586885682,0.24329144577524708,0.0008678124239516229,0.75,
HistoKit (no postprocessing),constant,4a12a0e8-253e-42bb-77ff-6e284ada3080_105659_1.png,1904662,1425899,12879,16620,0.992315613405463,0.9847484258032294,0.9932835855921724,0.9913495259935814,0.9912206924876341,0.992315613405463,0.9910486537881452,0.9884784879783213,0.006716414407827525,0.75,
HistoKit (no postprocessing),constant,c149f6be-4555-ddd6-581f-abc8aeab9698_132314_1.png,3644027,2091385,110483,89825,0.9732507589777311,0.9478952796777597,0.9705732572293055,0.9759430743371724,0.9662537990336472,0.9732507589777311,0.9498230593296237,0.9588187290540572,0.029426742770694445,0.75,
HistoKit (no postprocessing),gaussian,67cf3804-696c-ef64-2d57-43ad0b86332a_122601_1.png,21139373,12503493,7788252,874303,0.8299502598098152,0.7093290407251504,0.7307676658557348,0.9602836436767762,0.7952377072432396,0.8299502598098152,0.6161861880286786,0.9346452136061875,0.26923233414426523,0.5,2.25
HistoKit (no postprocessing),constant,e2bfe175-7bb7-d3b3-d437-ffbd60d747a4_123954_3.png,4695907,276320,10891,669692,0.9324308801569279,0.8734149975169674,0.9976861127246166,0.8751878401647235,0.8796027108641543,0.932430880156928,0.9620801431700039,0.2920893181059014,0.0023138872753833925,0.75,
HistoKit (no postprocessing),constant,f4701930-c3d0-97f5-7529-fedf8cc9402a_110850_3.png,2346666,427239,828,7189,0.9982947447636837,0.9965952954176847,0.9996472834435359,0.9969458611511754,0.9971181794457213,0.9982947447636837,0.9980657233563904,0.983451803290764,0.0003527165564640421,0.75,
HistoKit (no postprocessing),constant,e4c17e5d-ca75-8d00-1c03-2c4b0f9dc6a7_131509_7.png,0,4772383,75815,0,0.0,0.0,0.0,,0.9843622310804963,,0.9843622310804963,1.0,1.0,0.75,
HistoKit (no postprocessing),constant,67cf3804-696c-ef64-2d57-43ad0b86332a_122601_2.png,6009613,4360904,12343,78635,0.992487492365942,0.9850870186183601,0.9979503337453811,0.9870841332350456,0.9913035374007252,0.992487492365942,0.9971776119665777,0.9822875753541077,0.0020496662546189313,0.75,
HistoKit (no postprocessing),constant,6dacef70-8f47-e898-de47-4738667f2bb0_100303_3.png,3066815,198672,42,420657,0.9358135668807592,0.879369946615268,0.999986305197797,0.8793805369620172,0.8858714671478868,0.9358135668807593,0.9997886409613816,0.32078588278604747,1.369480220303718e-05,0.75,
HistoKit (no postprocessing),constant,78f7eac9-40c9-a096-07a4-a0166ddd84e8_103411_6.png,0,6299013,520907,0,0.0,0.0,0.0,,0.9236197785311264,,0.9236197785311264,1.0,1.0,0.75,
HistoKit (no postprocessing),constant,18a7f9da-53be-2120-be0a-0738920b492f_101923_4.png,8393638,249851,73865,1532138,0.9126853346812169,0.8393939342422393,0.9912766490900564,0.8456404819129507,0.8433090147297057,0.9126853346812169,0.7718215967082257,0.140209058529542,0.00872335090994358,0.75,
HistoKit (no postprocessing),constant,2852fafe-6f36-4c12-47aa-96e73b433b3f_123004_2.png,2485628,1109975,4711,100584,0.9792585556611172,0.9593600427338057,0.9981082896746186,0.9611075967476758,0.9715487970757367,0.9792585556611172,0.9957736977050039,0.9169111129651674,0.001891710325381404,0.75,
HistoKit (no postprocessing),constant,5b6306df-eee5-32e5-a263-7c4b8cf32245_100047_3.png,6703361,565948,18792,43251,0.9953935642948704,0.990829372495715,0.9972044670807106,0.9935892267111255,0.9915373044426185,0.9953935642948705,0.9678626398057256,0.9290034947529461,0.0027955329192894,0.75,
HistoKit (no postprocessing),constant,7fcfd7e6-a936-d1a4-6766-2f191e54690d_131809_1.png,3168142,256176,5229,707488,0.8988910627193839,0.8163507099845678,0.9983522254410215,0.8174521303633215,0.8277227531311676,0.8988910627193839,0.9799965570666208,0.26583539490942903,0.001647774558978449,0.75,
HistoKit (no postprocessing),constant,f4701930-c3d0-97f5-7529-fedf8cc9402a_110850_4.png,2531148,506540,3603,32479,0.9929228472270984,0.985945162685073,0.9985785586039813,0.9873308402509413,0.988261320788478,0.9929228472270984,0.9929372744504972,0.93974423907135,0.0014214413960187806,0.75,
HistoKit (no postprocessing),constant,adf4a334-3c2a-d6ae-0b72-c218c11535ea_115443_4.png,0,4426804,3008792,0,0.0,0.0,0.0,,0.5953529481698575,,0.5953529481698575,1.0,1.0,0.75,
HistoKit (no postprocessing),constant,d7d73023-1258-3c47-44ee-6493877f23d1_111048_2.png,6565763,424346,20710,718525,0.9467055196178493,0.8988042159628243,0.9968556767787555,0.901359611261938,0.9043599301570742,0.9467055196178494,0.9534665300546448,0.3712982480087429,0.003144323221244511,0.75,
HistoKit (no postprocessing),constant,eb22b9cd-e52e-fa2d-85a8-60a50dc5a7c4_102757_1.png,2189788,586167,20271,30455,0.9885502162155085,0.9773596594352902,0.9908278466773964,0.9862830329833266,0.9820545721289385,0.9885502162155085,0.9665736645790666,0.9506099360710452,0.009172153322603604,0.75,
HistoKit (no postprocessing),constant,db9f8afe-40d5-d8aa-882f-512377b755a1_120139_2.png,3007664,1950113,59906,58060,0.9807662896968579,0.9622584886886804,0.9804711872915696,0.981061569795585,0.9767588705732343,0.9807662896968579,0.9701963016269995,0.9710881482820454,0.019528812708430453,0.75,
HistoKit (no postprocessing),constant,0a6bb222-fb92-5dbe-8347-47a6b9e62ff2_125049_4.png,7539358,476942,11792,6061321,0.7128800067360606,0.5538566803925606,0.9984383835574714,0.5543368827394574,0.5689591184529831,0.7128800067360606,0.9758723559236722,0.07294628558074216,0.0015616164425286214,0.75,
HistoKit (no postprocessing),constant,78f7eac9-40c9-a096-07a4-a0166ddd84e8_103411_1.png,0,2769205,4555,0,0.0,0.0,0.0,,0.9983578247577296,,0.9983578247577296,1.0,1.0,0.75,
HistoKit (no postprocessing),constant,f569a03d-b1d7-9121-59cf-f65992813d75_131224_1.png,0,4300436,68470,0,0.0,0.0,0.0,,0.9843278843719686,,0.9843278843719686,1.0,1.0,0.75,
HistoKit (no postprocessing),constant,0823ec0e-9dd5-2324-aa8d-fe8db13ea4cd_103937_1.png,1449685,4084891,19858,45238,0.9780412391304201,0.9570261311701164,0.9864869554684688,0.9697389096294592,0.9883750333948131,0.9780412391304202,0.9951621889669746,0.9890468312248842,0.01351304453153123,0.75,
HistoKit (no postprocessing),constant,98491719-8df8-3c0a-7325-de39c48b2a96_133826_2.png,2682720,1625867,105126,51097,0.9717072555858625,0.9449714207012962,0.9622913173826675,0.9813092829549308,0.9650101572071376,0.9717072555858625,0.939268385256324,0.9695300555050675,0.03770868261733252,0.75,
HistoKit (no postprocessing),constant,2852fafe-6f36-4c12-47aa-96e73b433b3f_123004_1.png,2183755,2837312,34530,36336,0.9840333491349088,0.968568553206947,0.9844339207991759,0.9836331033277464,0.9860826919757193,0.9840333491349089,0.9879763580308387,0.9873554450649488,0.01556607920082406,0.75,
HistoKit (no postprocessing),constant,46e107b0-7f41-8fd8-abd7-fbe9d0e935a4_133028_6.png,0,5247016,30439,0,0.0,0.0,0.0,,0.9942322577833445,,0.9942322577833445,1.0,1.0,0.75,
HistoKit (no postprocessing),constant,8469f8e6-543f-6b82-f38a-8b184a96e4e9_104905_1.png,8829801,8553632,6324145,160539,0.7314195168165255,0.5765653236135593,0.5826733842129305,0.9821431669992459,0.7283118731150848,0.7314195168165255,0.5749267514898228,0.9815772492873963,0.4173266157870696,0.75,
HistoKit (no postprocessing),constant,8956f1ca-9d66-b2d7-8ef9-bd09fb590f4a_110204_2.png,6236803,1445083,153064,416304,0.9563467656992952,0.9163453283792018,0.9760458238019665,0.9374271299108823,0.9309961855494935,0.9563467656992953,0.9042240795120849,0.7763474226477353,0.02395417619803354,0.75,
HistoKit (no postprocessing),constant,c93efc84-bec7-4ba6-b526-5de46512cbba_100824_1.png,7390400,881062,25136,32507,0.9961152932285415,0.9922606515563887,0.9966103596557282,0.9956207184058752,0.9930793284512561,0.9961152932285415,0.9722621325582268,0.9644175754650168,0.00338964034427181,0.75,
HistoKit (no postprocessing),constant,36c069a8-8f9e-b246-f3af-1b6cffe0751a_123150_4.png,3265854,199881,76611,1220014,0.8343676744461432,0.7158069111112622,0.9770794907351311,0.7280316763667589,0.7277347785551701,0.8343676744461432,0.7229178421075474,0.14077167677891675,0.022920509264868893,0.75,
HistoKit (no postprocessing),constant,36c069a8-8f9e-b246-f3af-1b6cffe0751a_123150_3.png,6276058,354677,3154,1967487,0.8643066877728519,0.7610388108017523,0.9994977076741477,0.761329986067887,0.770892354897635,0.8643066877728518,0.9911857832328669,0.15273555183871595,0.0005022923258523521,0.75,
HistoKit (no postprocessing),constant,18a7f9da-53be-2120-be0a-0738920b492f_101923_3.png,11703977,135217,80709,439433,0.9782622904889716,0.9574495307187373,0.9931513661034329,0.9638130475706577,0.9579150530416845,0.9782622904889716,0.6262191676778156,0.23530322805185766,0.006848633896567121,0.75,
HistoKit (no postprocessing),constant,6dacef70-8f47-e898-de47-4738667f2bb0_100303_1.png,8040095,337449,12042,1651742,0.9062338571956879,0.8285444408364944,0.9985044963840034,0.8295738981165284,0.834306378598528,0.9062338571956879,0.965544177103273,0.1696413265493359,0.0014955036159965982,0.75,
HistoKit (no postprocessing),constant,e2bfe175-7bb7-d3b3-d437-ffbd60d747a4_123954_2.png,3873842,176814,48968,164576,0.9731770023418498,0.9477553624737179,0.9875171114583678,0.9592474082672967,0.9499216734674734,0.9731770023418497,0.7831182290882356,0.5179237821845982,0.012482888541632146,0.75,
HistoKit (no postprocessing),constant,18a7f9da-53be-2120-be0a-0738920b492f_101923_5.png,6847541,412532,4286,1624431,0.8937132365153053,0.8078495251088393,0.9993744734068738,0.8082582189837266,0.8167672990362018,0.8937132365153054,0.98971733466405,0.20252306988393998,0.0006255265931261837,0.75,
HistoKit (no postprocessing),constant,d18df4a2-af46-984e-1fcb-35841267a2a7_132544_2.png,8529739,138132,130695,287159,0.9760916597567638,0.9532998427621819,0.9849089549091882,0.9674308356521761,0.9540098341079001,0.9760916597567639,0.5138323159504068,0.32479408216962036,0.015091045090811847,0.75,
HistoKit (no postprocessing),constant,103a5b47-1de4-c7ee-81eb-83cd201d2a51_131937_2.png,2679064,1751049,126045,16652,0.9740589820617817,0.9494298064223016,0.955065917224607,0.9938227914216483,0.968794461173764,0.9740589820617818,0.9328509920121208,0.9905798548510184,0.04493408277539304,0.75,
HistoKit (no postprocessing),constant,0f170c8e-9c83-6973-94f2-3858ac80f3dc_115930_3.png,6445479,350365,44045,700223,0.9454157928882146,0.8964820319824884,0.99321290744899,0.9020078083300983,0.9012921823972907,0.9454157928882146,0.8883268679800208,0.3334941956313988,0.006787092551009904,0.75,
HistoKit (no postprocessing),constant,aedd99b7-9b77-3379-0a55-09f4124063bb_103758_4.png,4663606,121864,19829,278531,0.9690034005251844,0.9398706077389486,0.9957661417314428,0.9436415866253809,0.941311963617981,0.9690034005251843,0.8600566012435336,0.3043594450480151,0.004233858268557159,0.75,
HistoKit (no postprocessing),constant,d7d73023-1258-3c47-44ee-6493877f23d1_111048_3.png,6363702,272134,7680,1189582,0.9140186199080107,0.8416522020208005,0.9987946100233827,0.8425079740150112,0.8471534506526026,0.9140186199080107,0.9725531960516629,0.18617433208639708,0.001205389976617318,0.75,
HistoKit (no postprocessing),constant,8956f1ca-9d66-b2d7-8ef9-bd09fb590f4a_110204_1.png,6916588,3447408,571533,74836,0.9553598541943135,0.9145348836440561,0.9236747109188006,0.9892960289634845,0.9412944984112698,0.9553598541943135,0.8577901491960196,0.9787533174873745,0.07632528908119941,0.75,
HistoKit (no postprocessing),constant,36c069a8-8f9e-b246-f3af-1b6cffe0751a_123150_2.png,4521211,357935,4201,1477033,0.8592472045836542,0.7532282261645046,0.9990716867326113,0.75375576585414,0.7671154868105364,0.8592472045836542,0.9883993858660834,0.19506334715373783,0.0009283132673886931,0.75,
HistoKit (no postprocessing),constant,4a12a0e8-253e-42bb-77ff-6e284ada3080_105659_3.png,806374,3466812,10186,32012,0.9745018870706356,0.9502717506587538,0.9875257176447536,0.9618171104956428,0.9902214959317641,0.9745018870706355,0.9970704613577575,0.9908506401007882,0.0124742823552464,0.75,
HistoKit (no postprocessing),constant,67cf3804-696c-ef64-2d57-43ad0b86332a_122601_3.png,3071518,3891921,1128559,48890,0.8391569684249063,0.7228858214243603,0.7313004023497665,0.98433217707428,0.8553660239521782,0.8391569684249063,0.7752089441647014,0.9875939241947914,0.26869959765023355,0.75,
HistoKit (no postprocessing),constant,5b6306df-eee5-32e5-a263-7c4b8cf32245_100047_4.png,5965676,357889,7404,20901,0.997633293329399,0.995277762809058,0.99876043850074,0.9965086893562047,0.9955438319738912,0.997633293329399,0.9797313389525668,0.9448216689986536,0.0012395614992600132,0.75,
HistoKit (no postprocessing),constant,e4c17e5d-ca75-8d00-1c03-2c4b0f9dc6a7_131509_4.png,0,12987670,469188,0,0.0,0.0,0.0,,0.9651339116456457,,0.9651339116456457,1.0,1.0,0.75,
HistoKit (no postprocessing),constant,78f7eac9-40c9-a096-07a4-a0166ddd84e8_103411_2.png,0,3792094,10334,0,0.0,0.0,0.0,,0.9972822628068171,,0.9972822628068171,1.0,1.0,0.75,
HistoKit (no postprocessing),constant,d07adf84-9a4a-637f-4bfb-56af281dbf05_133243_1.png,3511293,886337,13622,10916,0.9965180121706387,0.9930601886798323,0.9961355096505873,0.9969008085550858,0.9944511379938528,0.9965180121706387,0.98486375490439,0.9878339777075139,0.003864490349412681,0.75,
HistoKit (no postprocessing),constant,46e107b0-7f41-8fd8-abd7-fbe9d0e935a4_133028_4.png,0,5752345,56213,0,0.0,0.0,0.0,,0.9903223829391047,,0.9903223829391047,1.0,1.0,0.75,
HistoKit (no postprocessing),constant,103a5b47-1de4-c7ee-81eb-83cd201d2a51_131937_3.png,500364,9913778,22044,1500,0.977013918177984,0.9550608122036693,0.9578030964303763,0.9970111424609057,0.9977443276220419,0.9770139181779839,0.9977813612200379,0.9998487183112768,0.042196903569623745,0.75,
HistoKit (no postprocessing),constant,aedd99b7-9b77-3379-0a55-09f4124063bb_103758_3.png,2394153,1186430,393355,1295781,0.739227923615526,0.5863295495371501,0.8588865036441151,0.648833556372553,0.6794637437024631,0.7392279236155261,0.7510072573166602,0.47797306514232674,0.1411134963558849,0.75,
HistoKit (no postprocessing),constant,f4701930-c3d0-97f5-7529-fedf8cc9402a_110850_2.png,3818641,435810,7970,15805,0.9968966423301641,0.9938124867271009,0.9979172170884367,0.9958781529326531,0.9944427900723337,0.9968966423301642,0.9820406507729055,0.9650033767700364,0.0020827829115632607,0.75,
HistoKit (no postprocessing),constant,18a7f9da-53be-2120-be0a-0738920b492f_101923_1.png,4464007,474513,8580,1914332,0.822788211807914,0.698929640410345,0.9980816471540968,0.6998698250437928,0.719750629314697,0.822788211807914,0.9822394445789941,0.19863699821461836,0.001918352845903277,0.75,
HistoKit (no postprocessing),constant,042c1e4d-d1be-7f85-b2e1-b98e0b68f672_101215_2.png,0,16681818,315120,0,0.0,0.0,0.0,,0.9814601900648222,,0.9814601900648222,1.0,1.0,0.75,
HistoKit (no postprocessing),constant,c93efc84-bec7-4ba6-b526-5de46512cbba_100824_2.png,3117543,317975,1735,20292,0.9964796863985036,0.992984071067057,0.9994437815417542,0.9935331207663883,0.9936292947741823,0.9964796863985036,0.9945732069688155,0.9400118841033858,0.0005562184582457864,0.75,
HistoKit (no postprocessing),constant,adf4a334-3c2a-d6ae-0b72-c218c11535ea_115443_2.png,0,5969425,166095,0,0.0,0.0,0.0,,0.9729289448979059,,0.9729289448979059,1.0,1.0,0.75,
HistoKit (no postprocessing),constant,8469f8e6-543f-6b82-f38a-8b184a96e4e9_104905_2.png,8331955,3922189,311588,171628,0.9718194174347351,0.9451835931486752,0.9639513565212784,0.9798169783254894,0.9620630962774076,0.9718194174347351,0.9264042484996258,0.9580762891941677,0.03604864347872163,0.75,
HistoKit (no postprocessing),constant,9761f929-4dae-801a-b291-ba7ecada0fc3_101038_2.png,5182428,232994,77640,418298,0.9543368560346509,0.9126618467354869,0.9852397345433557,0.9253136111282716,0.9161042467384832,0.9543368560346508,0.7500595556185092,0.3577412282048605,0.014760265456644286,0.75,
HistoKit (no postprocessing),constant,a2afe16d-3866-9541-f2c7-cc8ca97faf02_130229_1.png,1114553,6655967,24063,4217,0.9874722355857616,0.9752544772508319,0.9788664483899752,0.9962306819095972,0.9963738010976048,0.9874722355857616,0.9963977706686946,0.9993668343096828,0.021133551610024802,0.75,
HistoKit (no postprocessing),constant,103a5b47-1de4-c7ee-81eb-83cd201d2a51_131937_1.png,1389691,2668325,126572,5214,0.9547308846483611,0.9133828510059633,0.9165237165320265,0.9962621110398199,0.9685460076633693,0.954730884648361,0.9547131790545412,0.9980497759711005,0.08347628346797356,0.75,
HistoKit (no postprocessing),constant,36c069a8-8f9e-b246-f3af-1b6cffe0751a_123150_1.png,3118025,198356,35678,1051133,0.8515865588599866,0.7415330823841881,0.9886869499125314,0.7478788282909883,0.7531765591870625,0.8515865588599866,0.8475520650845604,0.15874969687608295,0.011313050087468605,0.75,
HistoKit (no postprocessing),constant,32e0aaf3-9973-5f67-ccc7-24d8d8604aa6_110737_7.png,0,4631693,240031,0,0.0,0.0,0.0,,0.9507297621950669,,0.9507297621950669,1.0,1.0,0.75,
HistoKit (no postprocessing),constant,ed9d6e50-ec08-4213-59eb-4f99b1955e7c_103016_1.png,5229375,227730,19076,756762,0.9309420158531848,0.8708059147943629,0.9963654038115246,0.8735809086895272,0.8755262161069016,0.9309420158531848,0.9227085241039521,0.2313172681951707,0.003634596188475419,0.75,
HistoKit (no postprocessing),constant,cbe296c0-32ef-a6c0-58c3-7dcdd9f9743d_115103_2.png,2752809,1692821,2374614,75228,0.6920552677029361,0.5291165984418328,0.5368796371978672,0.9733992164883274,0.6447172869384431,0.692055267702936,0.416188826619233,0.9574514054757532,0.46312036280213276,0.75,
HistoKit (no postprocessing),constant,9761f929-4dae-801a-b291-ba7ecada0fc3_101038_4.png,5122904,537268,3998,2325936,0.8147279102895082,0.6873762719651225,0.9992201918429492,0.6877452059649556,0.708397610745089,0.8147279102895081,0.9926136132696308,0.18764572835187435,0.0007798081570507882,0.75,
HistoKit (no postprocessing),constant,367a29b2-8f5a-4095-840e-86626c38d291_123703_3.png,4504874,1562200,58123,26493,0.9906957759772976,0.9815630930669856,0.9872620998874205,0.9941534199282468,0.9862450806201223,0.9906957759772976,0.9641287570441203,0.9833240279903039,0.012737900112579517,0.75,
HistoKit (no postprocessing),constant,16277008-7349-6ea9-1043-9abf63a9d11e_105523_1.png,2002925,250614,4697,735842,0.843978443401921,0.7300715445874267,0.997660416154037,0.7313236211769749,0.7526654282219768,0.843978443401921,0.9816028294903079,0.2540549198342349,0.002339583845963035,0.75,
HistoKit (no postprocessing),constant,78f7eac9-40c9-a096-07a4-a0166ddd84e8_103411_8.png,0,6084652,499688,0,0.0,0.0,0.0,,0.9241096298186303,,0.9241096298186303,1.0,1.0,0.75,
HistoKit (no postprocessing),constant,d7d73023-1258-3c47-44ee-6493877f23d1_111048_1.png,6098849,473865,107333,2296445,0.8353743142131659,0.7172899622669558,0.9827054701263997,0.7264604431959143,0.7322140987815731,0.8353743142131658,0.8153245537665305,0.17105125419176914,0.017294529873600226,0.75,
HistoKit (no postprocessing),constant,37e97aba-1a30-28bd-be40-a79de2fca963_105321_2.png,3138130,871184,41448,8634,0.9920835768916698,0.9842915088457104,0.9869643078421099,0.9972562289386812,0.9876626966179205,0.9920835768916697,0.9545841039981066,0.9901866067754922,0.013035692157890135,0.75,
HistoKit (no postprocessing),constant,7f0a6db3-032c-fd36-2371-511c4ae59038_115247_3.png,3629659,689866,3387,18058,0.9970545669457995,0.9941264340867858,0.9990677244383913,0.9950495063076439,0.9950598598930653,0.9970545669457994,0.9951143377670201,0.9744916120939536,0.0009322755616086336,0.75,
HistoKit (no postprocessing),constant,0f170c8e-9c83-6973-94f2-3858ac80f3dc_115930_5.png,7171531,276843,44305,443601,0.9671022147711464,0.9363000178733764,0.9938600322956342,0.9417474312986301,0.9385220783540903,0.9671022147711464,0.8620418000423481,0.3842672018921665,0.006139967704365787,0.75,
HistoKit (no postprocessing),constant,c149f6be-4555-ddd6-581f-abc8aeab9698_132314_2.png,2875097,1598409,37538,23876,0.9894325288285101,0.9790860650615646,0.9871120136920692,0.9917639798645934,0.9864575339807538,0.9894325288285102,0.9770542688730136,0.9852824873557975,0.01288798630793079,0.75,
HistoKit (no postprocessing),constant,aedd99b7-9b77-3379-0a55-09f4124063bb_103758_1.png,18760072,4189519,1045061,736334,0.9546736579450489,0.9132781022893837,0.9472328209055703,0.9622323211775544,0.927969107256783,0.9546736579450488,0.8003543741809276,0.8505164486232131,0.05276717909442971,0.75,
HistoKit (no postprocessing),constant,0f170c8e-9c83-6973-94f2-3858ac80f3dc_115930_4.png,6022376,362972,10619,1574297,0.8837157295394136,0.7916583194124795,0.9982398460466153,0.7927649380195778,0.8011463610239259,0.8837157295394136,0.9715758677270063,0.1873627255688291,0.0017601539533846787,0.75,
HistoKit (no postprocessing),constant,d76874a4-c608-41cd-b260-c14f0dca935a_100643_5.png,0,3914568,15202,0,0.0,0.0,0.0,,0.9961315802197075,,0.9961315802197075,1.0,1.0,0.75,
HistoKit (no postprocessing),constant,0a6bb222-fb92-5dbe-8347-47a6b9e62ff2_125049_3.png,4737631,330811,11729,1350422,0.8743103174161583,0.7766885767392999,0.9975304040965519,0.77818491396182,0.7881764558882828,0.8743103174161582,0.9657587435044083,0.19676689667642736,0.0024695959034480436,0.75,
HistoKit (no postprocessing),constant,d7d9e09c-5b48-9d63-55ef-dabd0e7bf5cd_123455_1.png,0,3053000,2722525,0,0.0,0.0,0.0,,0.5286099532077171,,0.5286099532077171,1.0,1.0,0.75,
HistoKit (no postprocessing),constant,ed9d6e50-ec08-4213-59eb-4f99b1955e7c_103016_4.png,6678620,327038,87251,1867344,0.8723474358233353,0.7735959315272468,0.9871042471841394,0.7814940479505882,0.7818593961576754,0.8723474358233353,0.7893958082401415,0.14903421555590596,0.012895752815860664,0.75,
HistoKit (no postprocessing),constant,8469f8e6-543f-6b82-f38a-8b184a96e4e9_104905_3.png,5245239,643694,1299269,29166,0.8876009155833535,0.7979158990847431,0.8014718600695423,0.994470276742116,0.8159391345986515,0.8876009155833536,0.3312950375277347,0.9566536872454894,0.19852813993045773,0.75,
HistoKit (no postprocessing),constant,16277008-7349-6ea9-1043-9abf63a9d11e_105523_3.png,2796737,293427,785,470623,0.9222725190696208,0.8557567060213057,0.9997193945212942,0.8559623059595515,0.8676404688716106,0.9222725190696208,0.9973318559406142,0.38404162031280675,0.0002806054787057975,0.75,
HistoKit (no postprocessing),constant,46e107b0-7f41-8fd8-abd7-fbe9d0e935a4_133028_5.png,0,11485466,53794,0,0.0,0.0,0.0,,0.9953381759315588,,0.9953381759315588,1.0,1.0,0.75,
HistoKit (no postprocessing),constant,4a12a0e8-253e-42bb-77ff-6e284ada3080_105659_4.png,4953039,6309703,13148,35417,0.9951213720070122,0.9902901149311301,0.9973524959893778,0.9929002080002309,0.995706508540525,0.9951213720070122,0.9979205583051064,0.9944182300728749,0.0026475040106222337,0.75,
HistoKit (no postprocessing),constant,15fe4c3f-571c-b45d-d559-12744253eeb9_122421_2.png,4223224,339838,3718,406580,0.9536739565524404,0.911450080521901,0.9991204043017387,0.9121820275761133,0.9175008444994933,0.9536739565524402,0.9891778923959995,0.45529180700358246,0.0008795956982612963,0.75,
HistoKit (no postprocessing),constant,d7d9e09c-5b48-9d63-55ef-dabd0e7bf5cd_123455_4.png,0,16445275,1176551,0,0.0,0.0,0.0,,0.9332333096467983,,0.9332333096467983,1.0,1.0,0.75,
HistoKit (no postprocessing),constant,9761f929-4dae-801a-b291-ba7ecada0fc3_101038_3.png,8868501,1117110,45472,209928,0.9858051192942443,0.9720075875439683,0.9948987954080633,0.9768761753823266,0.9750610559836329,0.9858051192942443,0.9608870600095305,0.841807092185755,0.005101204591936727,0.75,
HistoKit (no postprocessing),constant,7f0a6db3-032c-fd36-2371-511c4ae59038_115247_1.png,3449153,1199199,209261,56135,0.9629526744691501,0.9285522953122977,0.9428000767545718,0.9839856240057878,0.9459890902016139,0.9629526744691501,0.8514256705905741,0.9552828171626038,0.05719992324542821,0.75,
HistoKit (no postprocessing),constant,4c439187-b529-301f-82bf-3874dfa019f2_103211_2.png,2433965,1480883,111551,31065,0.9715368345086544,0.9446491299904797,0.9561774508586864,0.987397719297534,0.9648509512345642,0.9715368345086545,0.9299493730980374,0.9794536584591533,0.04382254914131359,0.75,
HistoKit (no postprocessing),constant,d18df4a2-af46-984e-1fcb-35841267a2a7_132544_3.png,4410394,297362,1105,1468548,0.8571826999445408,0.7500610114170856,0.9997495182476523,0.7502019921271549,0.7620923270581565,0.8571826999445409,0.996297748159763,0.16839023506294204,0.0002504817523476714,0.75,
HistoKit (no postprocessing),constant,efbb89df-e3ec-91fc-7f90-b36e0f9bf420_124740_1.png,4003582,458700,1082,334896,0.9597300393544782,0.9225778650370083,0.9997298150356684,0.9228079524662797,0.9299792007936211,0.9597300393544782,0.997646710832525,0.5780019052515386,0.0002701849643315894,0.75,
HistoKit (no postprocessing),constant,5b6306df-eee5-32e5-a263-7c4b8cf32245_100047_2.png,4204585,1008900,37310,23930,0.9927701256491717,0.9856440430631824,0.9912044027492429,0.9943408028586868,0.9883899160619748,0.9927701256491716,0.9643379436250848,0.9768306497681128,0.008795597250757032,0.75,
HistoKit (no postprocessing),constant,6fecdbd3-f25f-98e1-f3e7-fdc984783bf1_110414_1.png,10787388,2865055,688628,3064863,0.8518062447778207,0.7418662929524412,0.939994158251435,0.7787462124386859,0.7843556685898039,0.8518062447778207,0.8062213202471914,0.4831525494956254,0.060005841748565006,0.75,
HistoKit (no postprocessing),constant,786743ed-e3ab-4cc3-3e88-4ee844fd6584_104341_2.png,6070704,2840738,34029,64369,0.9919608202940472,0.9840498665770155,0.9944258004404124,0.9895080303037959,0.989078829368779,0.9919608202940472,0.9881628667645065,0.9778428126743697,0.005574199559587619,0.75,
HistoKit (no postprocessing),constant,4f8d8d4c-adc3-ed68-4f51-2bb95426a546_131620_1.png,5843901,1336280,19110,3393,0.9980783591887658,0.996164089619467,0.9967405826119037,0.999419731588663,0.9968757479850567,0.9980783591887659,0.9859007370572308,0.9974672923915016,0.0032594173880963213,0.75,
HistoKit (no postprocessing),constant,36686384-7dd5-47b9-9af9-593716a57c66_072643_8.png,0,4124019,939,0,0.0,0.0,0.0,,0.9997723613185879,,0.9997723613185879,1.0,1.0,0.75,
HistoKit (no postprocessing),constant,6dacef70-8f47-e898-de47-4738667f2bb0_100303_2.png,5009590,372928,1232,2551354,0.7969588361730564,0.6624535054460515,0.9997541321563608,0.6625614473536637,0.6783172596099559,0.7969588361730563,0.9967072909985033,0.12752805645967114,0.00024586784363922725,0.75,
HistoKit (no postprocessing),constant,b04c2edc-8554-0391-20e3-62a3af357e5f_130945_4.png,4038454,361998,200524,1355416,0.8384755993243119,0.7218751485862455,0.9526952015320674,0.7487117783706319,0.7387781059406433,0.8384755993243119,0.6435268309506117,0.21078086006053287,0.0473047984679326,0.75,
HistoKit (no postprocessing),constant,e2bfe175-7bb7-d3b3-d437-ffbd60d747a4_123954_4.png,1916514,251320,1820,524298,0.8793070936371482,0.7846102073501043,0.9990512601038193,0.7851952546939297,0.8047040184828831,0.8793070936371483,0.9928103025993521,0.32402548677312804,0.0009487398961807485,0.75,
HistoKit (no postprocessing),constant,18a7f9da-53be-2120-be0a-0738920b492f_101923_2.png,3901761,181384,36003,263066,0.963089707971191,0.9288071642984839,0.9908569939691663,0.9368362719507917,0.9317539033922122,0.963089707971191,0.8343829207818315,0.40810889863876704,0.009143006030833742,0.75,
HistoKit (no postprocessing),constant,adf4a334-3c2a-d6ae-0b72-c218c11535ea_115443_3.png,0,8031549,141633,0,0.0,0.0,0.0,,0.9826710086720203,,0.9826710086720203,1.0,1.0,0.75,
HistoKit (no postprocessing),constant,b04c2edc-8554-0391-20e3-62a3af357e5f_130945_2.png,10181840,496411,24419,2057890,0.9072302405565644,0.8302117007873926,0.9976074485274183,0.8318680232325386,0.8368168011435235,0.9072302405565645,0.9531152199374076,0.1943431882147014,0.0023925514725816775,0.75,
HistoKit (no postprocessing),constant,7f0a6db3-032c-fd36-2371-511c4ae59038_115247_4.png,2872108,860631,7844,6787,0.9974593872697087,0.9949316512507712,0.9972763434946138,0.9976424982501967,0.9960956617574459,0.9974593872697086,0.9909680762255678,0.9921756292813845,0.002723656505386201,0.75,
HistoKit (no postprocessing),constant,0f170c8e-9c83-6973-94f2-3858ac80f3dc_115930_1.png,5645279,258385,11358,590838,0.9493644617554521,0.9036096983181205,0.9979920931818675,0.9052554658612082,0.9074379098228367,0.9493644617554521,0.9578932539491294,0.30426048281782286,0.0020079068181323993,0.75,
HistoKit (no postprocessing),constant,d18df4a2-af46-984e-1fcb-35841267a2a7_132544_1.png,7466141,153772,228873,803074,0.9353587949659203,0.8785671553412956,0.97025697419134,0.9028838892204399,0.8807254162688717,0.9353587949659203,0.4018659593095428,0.16070715663753624,0.029743025808659996,0.75,
HistoKit (no postprocessing),constant,0a6bb222-fb92-5dbe-8347-47a6b9e62ff2_125049_2.png,5217909,385941,42748,4180632,0.7118955620900952,0.5526691323610579,0.9918740187775025,0.5551828735970827,0.5702369843791181,0.7118955620900951,0.9002820226317914,0.08451436120697074,0.008125981222497494,0.75,
HistoKit (no postprocessing),constant,367a29b2-8f5a-4095-840e-86626c38d291_123703_1.png,12383154,6041830,182477,89679,0.9891304834034548,0.9784947188176346,0.9854780870136963,0.9928100536582186,0.9854439769932728,0.9891304834034547,0.9706831619969902,0.9853740734947954,0.014521912986303672,0.75,
HistoKit (no postprocessing),gaussian,76bd570a-7866-8dee-341c-c3f9290b76cf_114927_1.png,2699883,436199,47393,268904,0.9446652354951302,0.8951332480157019,0.9827490940116683,0.9094229394025236,0.908382886119977,0.9446652354951302,0.9019979652268855,0.6186316041769784,0.017250905988331715,0.9,1.75
HistoKit (no postprocessing),gaussian,96e6b3f2-f43e-7954-4202-361d3af0da92_104636_1.png,4517446,253563,83376,454464,0.94381541236086,0.893608393273892,0.9818780209275647,0.9085936792902526,0.8986899043464978,0.94381541236086,0.7525486809185046,0.3581261731544136,0.018121979072435318,0.9,1.75
HistoKit (no postprocessing),constant,6fecdbd3-f25f-98e1-f3e7-fdc984783bf1_110414_2.png,7735149,745065,22716,2704035,0.8501542200606264,0.7393636911077338,0.9970718748006056,0.7409725702698602,0.7566913968233148,0.8501542200606262,0.9704134382069887,0.21601722188396974,0.002928125199394421,0.75,
HistoKit (no postprocessing),gaussian,0a6bb222-fb92-5dbe-8347-47a6b9e62ff2_125049_1.png,6229542,221939,51989,1368037,0.8976860908228266,0.8143652033683471,0.9917235145380959,0.81993777228246,0.8195992203271877,0.8976860908228266,0.8102092520662364,0.1395863836938419,0.008276485461904112,0.9,1.75
HistoKit (no postprocessing),gaussian,36c069a8-8f9e-b246-f3af-1b6cffe0751a_123150_5.png,2143789,340987,4864,1161229,0.7861820047450607,0.6476934827283873,0.9977362561567643,0.6486466942086245,0.6805985095603266,0.7861820047450607,0.985936140129709,0.22698932776644637,0.002263743843235739,0.9,1.75
HistoKit (no postprocessing),gaussian,32e0aaf3-9973-5f67-ccc7-24d8d8604aa6_110737_5.png,0,5461797,12111,0,0.0,0.0,0.0,,0.9977875039185898,,0.9977875039185898,1.0,1.0,0.9,1.75
HistoKit (no postprocessing),gaussian,4c439187-b529-301f-82bf-3874dfa019f2_103211_1.png,5233861,2768200,6819,48400,0.9947525126293115,0.9895598100236714,0.9986988329758734,0.9908372570003641,0.9931466946661901,0.9947525126293116,0.9975427195273258,0.9828161613292622,0.0013011670241266401,0.9,1.75
HistoKit (no postprocessing),gaussian,96e6b3f2-f43e-7954-4202-361d3af0da92_104636_4.png,3483645,362083,4783,1562380,0.8163721799159244,0.6897203378152564,0.9986288953075712,0.6903741063510387,0.7104757882617625,0.8163721799159244,0.9869625421816139,0.18814755077130607,0.001371104692428796,0.9,1.75
HistoKit (no postprocessing),gaussian,9761f929-4dae-801a-b291-ba7ecada0fc3_101038_1.png,5195341,274920,12531,865007,0.922122748757124,0.85549884988652,0.9975938348715175,0.8572677674615385,0.8617571224293649,0.9221227487571241,0.9564064831919179,0.24117333829271523,0.0024061651284824205,0.9,1.75
HistoKit (no postprocessing),gaussian,d7d9e09c-5b48-9d63-55ef-dabd0e7bf5cd_123455_3.png,0,3208310,361,0,0.0,0.0,0.0,,0.9998874923605443,,0.9998874923605443,1.0,1.0,0.9,1.75
HistoKit (no postprocessing),gaussian,0fcbbf47-bbbc-4a27-0d18-fe35bf99ccdb_133554_3.png,1326084,235938,7570,1325856,0.6654385770351923,0.4986196705408139,0.9943238651104409,0.500042987397905,0.5394750656893165,0.6654385770351923,0.9689127256599372,0.15106857882665703,0.005676134889559061,0.9,1.75
HistoKit (no postprocessing),gaussian,db9f8afe-40d5-d8aa-882f-512377b755a1_120139_3.png,5383576,1060536,124991,156797,0.9744963770280226,0.9502612718264881,0.9773097068620569,0.9716991978698907,0.9581040455552416,0.9744963770280225,0.8945692506370585,0.8711962955082956,0.022690293137943136,0.9,1.75
HistoKit (no postprocessing),gaussian,aedd99b7-9b77-3379-0a55-09f4124063bb_103758_2.png,5047715,135402,19311,331096,0.9664548661825759,0.9350872395992532,0.9961888887090771,0.9384443885460931,0.9366756157558909,0.9664548661825759,0.8751817882143065,0.29025204824029255,0.00381111129092292,0.9,1.75
HistoKit (no postprocessing),gaussian,6fecdbd3-f25f-98e1-f3e7-fdc984783bf1_110414_3.png,2354697,762712,393766,941575,0.7790902330705978,0.6381226968394363,0.856732290010817,0.7143515462316217,0.7001086968727191,0.7790902330705979,0.6595127620240073,0.44752556347610467,0.14326770998918303,0.9,1.75
HistoKit (no postprocessing),gaussian,16277008-7349-6ea9-1043-9abf63a9d11e_105523_2.png,6927717,376669,196,1474112,0.9038269528606548,0.8245294437947994,0.9999717086516531,0.824548678626999,0.8320583904621803,0.9038269528606548,0.9994799198652037,0.20351894686621486,2.8291348346897542e-05,0.9,1.75
HistoKit (no postprocessing),gaussian,db9f8afe-40d5-d8aa-882f-512377b755a1_120139_1.png,4169322,7762481,821025,223072,0.8887215367023347,0.7997289302854806,0.8354773726155716,0.9492140277033435,0.9195356776793903,0.8887215367023346,0.9043485261150863,0.9720655538821169,0.16452262738442838,0.9,1.75
HistoKit (no postprocessing),gaussian,ed9d6e50-ec08-4213-59eb-4f99b1955e7c_103016_3.png,9928386,217008,112847,339883,0.9777084637525824,0.9563890818674986,0.9887616391333615,0.9668996790013974,0.9572820623725482,0.9777084637525824,0.6578890724712374,0.3896776927621384,0.011238360866638588,0.9,1.75
HistoKit (no postprocessing),gaussian,cbe296c0-32ef-a6c0-58c3-7dcdd9f9743d_115103_5.png,2848935,629117,62527,21567,0.9854558070579478,0.9713286162530271,0.9785238481560123,0.9924866800301829,0.9763923208088607,0.9854558070579478,0.9095965554533836,0.9668548788659318,0.02147615184398766,0.9,1.75
HistoKit (no postprocessing),gaussian,042c1e4d-d1be-7f85-b2e1-b98e0b68f672_101215_1.png,3935960,645389,1387758,20453,0.8482552670862081,0.7364958943117651,0.7393254113008991,0.9948304183612783,0.7648890736548261,0.8482552670862081,0.3174335156287273,0.9692825024555375,0.2606745886991009,0.9,1.75
HistoKit (no postprocessing),gaussian,e2bfe175-7bb7-d3b3-d437-ffbd60d747a4_123954_6.png,2174580,170909,3481,726959,0.8562012756909992,0.7485593902967966,0.9984017894815618,0.749457443101747,0.7625302794700398,0.8562012756909994,0.9800389930615288,0.19034980643034388,0.0015982105184381887,0.9,1.75
HistoKit (no postprocessing),gaussian,a2afe16d-3866-9541-f2c7-cc8ca97faf02_130229_2.png,1340812,2151719,13132,3007,0.9940176360933114,0.9881064238870821,0.9903009282510946,0.9977623474589956,0.9954002513773025,0.9940176360933114,0.9939339936097219,0.9986044629340343,0.00969907174890542,0.9,1.75
HistoKit (no postprocessing),gaussian,78f7eac9-40c9-a096-07a4-a0166ddd84e8_103411_4.png,0,3171836,364,0,0.0,0.0,0.0,,0.9998852531366245,,0.9998852531366245,1.0,1.0,0.9,1.75
HistoKit (no postprocessing),gaussian,15fe4c3f-571c-b45d-d559-12744253eeb9_122421_3.png,2480837,166229,624,191627,0.962698137826996,0.9280790606220222,0.9997485352379103,0.9282957600177215,0.9322897020656729,0.962698137826996,0.9962601811175106,0.4645136591254583,0.00025146476208975276,0.9,1.75
HistoKit (no postprocessing),gaussian,73e02c87-178a-0dc6-cf2c-3f6aeb0c5685_124434_1.png,0,8829384,2543524,0,0.0,0.0,0.0,,0.7763523630016175,,0.7763523630016175,1.0,1.0,0.9,1.75
HistoKit (no postprocessing),gaussian,adf4a334-3c2a-d6ae-0b72-c218c11535ea_115443_5.png,0,5527883,28837,0,0.0,0.0,0.0,,0.9948104277343469,,0.9948104277343469,1.0,1.0,0.9,1.75
HistoKit (no postprocessing),gaussian,adf4a334-3c2a-d6ae-0b72-c218c11535ea_115443_8.png,0,7398872,2719,0,0.0,0.0,0.0,,0.9996326465485597,,0.9996326465485597,1.0,1.0,0.9,1.75
HistoKit (no postprocessing),gaussian,adf4a334-3c2a-d6ae-0b72-c218c11535ea_115443_6.png,0,5818918,110669,0,0.0,0.0,0.0,,0.9813361369012715,,0.9813361369012715,1.0,1.0,0.9,1.75
HistoKit (no postprocessing),gaussian,46e107b0-7f41-8fd8-abd7-fbe9d0e935a4_133028_1.png,0,8855196,407060,0,0.0,0.0,0.0,,0.9560517437652338,,0.9560517437652338,1.0,1.0,0.9,1.75
HistoKit (no postprocessing),gaussian,15fe4c3f-571c-b45d-d559-12744253eeb9_122421_1.png,4752346,1725879,197351,9466,0.9787039274740928,0.9582959866412941,0.960128670502457,0.9980121012757328,0.9690627224181987,0.9787039274740928,0.8973856481024111,0.9945451768956605,0.03987132949754298,0.9,1.75
HistoKit (no postprocessing),gaussian,15fe4c3f-571c-b45d-d559-12744253eeb9_122421_5.png,3546219,267528,3138,767827,0.9019552984884535,0.8214194715814753,0.9991158962031714,0.8220169650485878,0.8318400370623062,0.9019552984884533,0.9884063753851611,0.2583925320300766,0.0008841037968285524,0.9,1.75
HistoKit (no postprocessing),gaussian,f010c097-faf6-f2df-c82a-aca0270a9814_110553_3.png,543851,4196819,126882,878,0.894887705251172,0.8097708346051509,0.8108308373078408,0.9983881893565424,0.97375745363495,0.8948877052511718,0.970654307501837,0.9997908376902859,0.18916916269215917,0.9,1.75
HistoKit (no postprocessing),gaussian,4a12a0e8-253e-42bb-77ff-6e284ada3080_105659_1.png,1909335,1425879,12899,11947,0.9935356064603348,0.9871542528853298,0.9932895786881306,0.9937817561399107,0.9926054891876931,0.9935356064603348,0.9910347531029804,0.9916909278313232,0.006710421311869419,0.9,1.75
HistoKit (no postprocessing),gaussian,f4701930-c3d0-97f5-7529-fedf8cc9402a_110850_3.png,2346547,427187,880,7308,0.9982583474039635,0.996522750967731,0.999625121462776,0.9968953057856155,0.9970567111514989,0.9982583474039634,0.9979442470454392,0.983180473883474,0.00037487853722394777,0.9,1.75
HistoKit (no postprocessing),gaussian,c149f6be-4555-ddd6-581f-abc8aeab9698_132314_1.png,3701520,2081465,120403,32332,0.9797856606370624,0.9603723676819516,0.9684967488879289,0.9913408458610572,0.9742684964924222,0.9797856606370624,0.9453177938005366,0.9847043022579747,0.03150325111207107,0.9,1.75
HistoKit (no postprocessing),gaussian,e2bfe175-7bb7-d3b3-d437-ffbd60d747a4_123954_3.png,4681505,281035,6176,684094,0.9313388267311763,0.8715005747634628,0.9986825042062376,0.8725037036871373,0.8778890498707722,0.9313388267311763,0.978496645323473,0.291189053484042,0.0013174957937624168,0.9,1.75
HistoKit (no postprocessing),gaussian,e4c17e5d-ca75-8d00-1c03-2c4b0f9dc6a7_131509_7.png,0,4797360,50838,0,0.0,0.0,0.0,,0.9895140421245172,,0.9895140421245172,1.0,1.0,0.9,1.75
HistoKit (no postprocessing),gaussian,78f7eac9-40c9-a096-07a4-a0166ddd84e8_103411_6.png,0,6397368,422552,0,0.0,0.0,0.0,,0.9380415019531021,,0.9380415019531021,1.0,1.0,0.9,1.75
HistoKit (no postprocessing),gaussian,5b6306df-eee5-32e5-a263-7c4b8cf32245_100047_3.png,6726245,579356,5384,20367,0.9980894391189473,0.9961861648022303,0.9992001935935566,0.9969811514283021,0.996487551000143,0.9980894391189474,0.9907924889694565,0.9660393214867531,0.0007998064064433736,0.9,1.75
HistoKit (no postprocessing),gaussian,6dacef70-8f47-e898-de47-4738667f2bb0_100303_3.png,3099015,198187,527,388457,0.9409468387345161,0.8884793258254948,0.9998299748801597,0.8886135860015507,0.8944752109633101,0.940946838734516,0.9973479473011464,0.3378318025923729,0.00017002511984028608,0.9,1.75
HistoKit (no postprocessing),gaussian,67cf3804-696c-ef64-2d57-43ad0b86332a_122601_2.png,6007904,4368013,5234,80344,0.99292824805357,0.9859558131130937,0.9991295726125028,0.9868034285068545,0.9918197160157319,0.9929282480535702,0.9988031775932162,0.9819384999899963,0.000870427387497177,0.9,1.75
HistoKit (no postprocessing),gaussian,18a7f9da-53be-2120-be0a-0738920b492f_101923_4.png,9222492,240677,83039,703284,0.9591123473823178,0.9214369533256435,0.9910763824224539,0.9291456909767055,0.9232817587447261,0.9591123473823178,0.7434819409605951,0.25496498266347867,0.008923617577546086,0.9,1.75
HistoKit (no postprocessing),gaussian,7fcfd7e6-a936-d1a4-6766-2f191e54690d_131809_1.png,3298083,255371,6034,577547,0.9187184450928424,0.849657002769946,0.9981737934824947,0.8509798406968674,0.8589373790649584,0.9187184450928424,0.976917044432968,0.3065980084474102,0.001826206517505282,0.9,1.75
HistoKit (no postprocessing),gaussian,2852fafe-6f36-4c12-47aa-96e73b433b3f_123004_2.png,2497650,1107391,7295,88562,0.9811718632915858,0.9630396216397333,0.9970877604099092,0.9657560942413074,0.9740989889480878,0.9811718632915858,0.9934555560938237,0.9259485949698693,0.0029122395900908005,0.9,1.75
HistoKit (no postprocessing),gaussian,78f7eac9-40c9-a096-07a4-a0166ddd84e8_103411_1.png,0,2771656,2104,0,0.0,0.0,0.0,,0.999241462851869,,0.999241462851869,1.0,1.0,0.9,1.75
HistoKit (no postprocessing),gaussian,f4701930-c3d0-97f5-7529-fedf8cc9402a_110850_4.png,2530473,506772,3371,33154,0.9928346821394374,0.9857713173130638,0.9986696102838217,0.9870675414169066,0.9881171980987516,0.9928346821394374,0.9933920488960939,0.938595288984046,0.001330389716178265,0.9,1.75
HistoKit (no postprocessing),gaussian,eb22b9cd-e52e-fa2d-85a8-60a50dc5a7c4_102757_1.png,2192838,585649,20789,27405,0.9891304887152759,0.9784947292140407,0.9906086255724202,0.9876567564901679,0.9829503223037902,0.9891304887152759,0.9657194964695485,0.9552975757437354,0.009391374427579714,0.9,1.75
HistoKit (no postprocessing),gaussian,d7d73023-1258-3c47-44ee-6493877f23d1_111048_2.png,6549098,431534,13522,735190,0.9459293006063159,0.8974059341089998,0.997939542438843,0.8990718104501085,0.9031338235172351,0.9459293006063159,0.9696173065861374,0.3698681093386268,0.002060457561156977,0.9,1.75
HistoKit (no postprocessing),gaussian,db9f8afe-40d5-d8aa-882f-512377b755a1_120139_2.png,3001913,1972043,37976,63811,0.98332894665941,0.9672046267358314,0.9875074385939749,0.9791856670724436,0.9799463842042436,0.98332894665941,0.9811066462555826,0.9686563967750144,0.012492561406025022,0.9,1.75
HistoKit (no postprocessing),constant,67cf3804-696c-ef64-2d57-43ad0b86332a_122601_1.png,21122503,12417165,7874580,891173,0.8281587419626515,0.7067158083763736,0.7284354429719707,0.9595173018808854,0.7927983508307364,0.8281587419626515,0.6119318471624792,0.9330364918594644,0.27156455702802934,0.75,
HistoKit (no postprocessing),gaussian,0a6bb222-fb92-5dbe-8347-47a6b9e62ff2_125049_4.png,8400034,477038,11696,5200645,0.7632089699950605,0.6170880540684488,0.9986095606967889,0.6176187233005058,0.6300526501707345,0.7632089699950605,0.9760687817913221,0.08401983696518457,0.0013904393032111112,0.9,1.75
HistoKit (no postprocessing),gaussian,adf4a334-3c2a-d6ae-0b72-c218c11535ea_115443_4.png,0,4484099,2951497,0,0.0,0.0,0.0,,0.6030584501901395,,0.6030584501901395,1.0,1.0,0.9,1.75
HistoKit (no postprocessing),gaussian,0823ec0e-9dd5-2324-aa8d-fe8db13ea4cd_103937_1.png,1451288,4080406,24343,43635,0.9771160530998595,0.9552560249488898,0.9835033284066274,0.9708112056607597,0.9878603603925373,0.9771160530998595,0.9940695521212137,0.9894193583429457,0.0164966715933726,0.9,1.75
HistoKit (no postprocessing),gaussian,f569a03d-b1d7-9121-59cf-f65992813d75_131224_1.png,0,4333257,35649,0,0.0,0.0,0.0,,0.9918402913681366,,0.9918402913681366,1.0,1.0,0.9,1.75
HistoKit (no postprocessing),gaussian,98491719-8df8-3c0a-7325-de39c48b2a96_133826_2.png,2682534,1625119,105874,51283,0.9715410002308852,0.9446570066954468,0.9620306640921988,0.9812412462136273,0.9648009657745794,0.9715410002308852,0.9388362633471077,0.9694088887987488,0.037969335907801154,0.9,1.75
HistoKit (no postprocessing),gaussian,2852fafe-6f36-4c12-47aa-96e73b433b3f_123004_1.png,2201653,2839989,31853,18438,0.9887077793522854,0.9776677395175013,0.985738565287042,0.9916949350274381,0.9901233971460347,0.9887077793522854,0.9889085123763772,0.9935495991326698,0.014261434712958014,0.9,1.75
HistoKit (no postprocessing),gaussian,8469f8e6-543f-6b82-f38a-8b184a96e4e9_104905_1.png,8806529,9324780,5552997,183811,0.7543108812701538,0.605537023586815,0.6132882798499059,0.9795546108378549,0.759645555617144,0.7543108812701537,0.6267589573361666,0.9806689550533828,0.3867117201500941,0.9,1.75
HistoKit (no postprocessing),gaussian,46e107b0-7f41-8fd8-abd7-fbe9d0e935a4_133028_6.png,0,5265956,11499,0,0.0,0.0,0.0,,0.9978211088488675,,0.9978211088488675,1.0,1.0,0.9,1.75
HistoKit (no postprocessing),gaussian,8956f1ca-9d66-b2d7-8ef9-bd09fb590f4a_110204_2.png,6299097,1444837,153310,354010,0.9612895762806404,0.9254644550870157,0.9762398745150453,0.9467902740779609,0.9385160122328072,0.9612895762806404,0.9040701512439093,0.8032017175446272,0.023760125484954684,0.9,1.75
HistoKit (no postprocessing),gaussian,18a7f9da-53be-2120-be0a-0738920b492f_101923_3.png,11623057,139066,76860,520353,0.9749526146246286,0.9511293122001396,0.9934307226282033,0.9571493509648443,0.9516792002418253,0.9749526146246286,0.6440447190241101,0.2108917092167499,0.00656927737179674,0.9,1.75
HistoKit (no postprocessing),gaussian,36c069a8-8f9e-b246-f3af-1b6cffe0751a_123150_4.png,3115708,201067,75425,1370160,0.8116992559985338,0.6830756103587294,0.9763641941592531,0.6945607851144974,0.6964561687902636,0.8116992559985338,0.7272072971369877,0.12796814209531787,0.023635805840746843,0.9,1.75
HistoKit (no postprocessing),gaussian,c93efc84-bec7-4ba6-b526-5de46512cbba_100824_1.png,7392610,881480,24718,30297,0.9962928484623054,0.9926130813514376,0.9966675331062614,0.9959184454284554,0.9933948485461523,0.9962928484623054,0.972723400404768,0.9667714803071366,0.0033324668937385537,0.9,1.75
HistoKit (no postprocessing),gaussian,36c069a8-8f9e-b246-f3af-1b6cffe0751a_123150_3.png,6403115,354393,3438,1840430,0.8741395450050914,0.7764190856219784,0.9994633619670359,0.7767428939855365,0.7856310432191315,0.8741395450050914,0.990392112477678,0.1614676901053069,0.0005366380329640604,0.9,1.75
HistoKit (no postprocessing),gaussian,6dacef70-8f47-e898-de47-4738667f2bb0_100303_1.png,8256558,337176,12315,1435279,0.9194021839893857,0.8508273571972079,0.9985106797504327,0.8519084668881658,0.8558363993288537,0.9194021839893857,0.9647630411083548,0.19023106369414175,0.0014893202495672626,0.9,1.75
HistoKit (no postprocessing),gaussian,e2bfe175-7bb7-d3b3-d437-ffbd60d747a4_123954_2.png,3912161,174507,51275,126257,0.9778136416885387,0.9565903846572347,0.9870629928173433,0.9687360248493345,0.9583668683457623,0.9778136416885388,0.7729004083585052,0.5802123924405846,0.012937007182656664,0.9,1.75
HistoKit (no postprocessing),gaussian,103a5b47-1de4-c7ee-81eb-83cd201d2a51_131937_2.png,2679836,1749028,128066,15880,0.9738452050996272,0.9490236852561564,0.9543908583704133,0.9941091717376757,0.968521324962113,0.9738452050996271,0.9317743277640864,0.9910023638625922,0.045609141629586784,0.9,1.75
HistoKit (no postprocessing),gaussian,0f170c8e-9c83-6973-94f2-3858ac80f3dc_115930_3.png,6427203,349606,44804,718499,0.9439477668380195,0.8938457182290092,0.993077263358955,0.8994501869795298,0.8987676840874512,0.9439477668380195,0.8864024745822875,0.3273142621745989,0.006922736641045042,0.9,1.75
HistoKit (no postprocessing),gaussian,d18df4a2-af46-984e-1fcb-35841267a2a7_132544_2.png,8173047,140453,128374,643851,0.9548889701144136,0.9136722729057316,0.9845359005404014,0.9269753375847152,0.9150067826177878,0.9548889701144136,0.5224661213345386,0.1790797955894653,0.015464099459598543,0.9,1.75
HistoKit (no postprocessing),gaussian,18a7f9da-53be-2120-be0a-0738920b492f_101923_5.png,6697509,412490,4328,1774463,0.8827722821606625,0.7901453464365348,0.9993542069137163,0.7905490008701634,0.7998837862071215,0.8827722821606626,0.9896165712613179,0.18861402142615777,0.0006457930862836563,0.9,1.75
HistoKit (no postprocessing),gaussian,8956f1ca-9d66-b2d7-8ef9-bd09fb590f4a_110204_1.png,6888610,3444951,573990,102814,0.9531753925412051,0.9105397272376634,0.9230844477795942,0.985294269093106,0.9385302848724815,0.9531753925412051,0.8571787941151662,0.9710200647449874,0.07691555222040576,0.9,1.75
HistoKit (no postprocessing),gaussian,aedd99b7-9b77-3379-0a55-09f4124063bb_103758_4.png,4644855,123005,18688,297282,0.9671059206636073,0.9363069650713339,0.9959927462875329,0.93984747893472,0.9378480397652951,0.9671059206636073,0.8681092220504895,0.2926690570966982,0.004007253712467109,0.9,1.75
HistoKit (no postprocessing),gaussian,36c069a8-8f9e-b246-f3af-1b6cffe0751a_123150_2.png,4500503,357948,4188,1497741,0.8569991150092807,0.7497799225380646,0.9990703024913362,0.7503034221348781,0.7638617503985611,0.8569991150092806,0.9884352839817085,0.1928922357140663,0.0009296975086637463,0.9,1.75
HistoKit (no postprocessing),gaussian,67cf3804-696c-ef64-2d57-43ad0b86332a_122601_3.png,3090417,3891823,1128657,29991,0.8421349081583687,0.7273169509056698,0.7324870338846865,0.9903887568548728,0.8576754771715321,0.8421349081583687,0.7751894241188093,0.9923527734869629,0.26751296611531344,0.9,1.75
HistoKit (no postprocessing),gaussian,4a12a0e8-253e-42bb-77ff-6e284ada3080_105659_3.png,811302,3468330,8668,27084,0.9784412996968082,0.957792537429727,0.9894288815444467,0.9676950712440332,0.9917152216349692,0.9784412996968083,0.9975070448703163,0.9922515616175938,0.010571118455553252,0.9,1.75
HistoKit (no postprocessing),gaussian,d7d73023-1258-3c47-44ee-6493877f23d1_111048_3.png,6382857,272158,7656,1170427,0.9155120373596948,0.8441882887577471,0.9988019741138153,0.845043957039084,0.8496019071892117,0.9155120373596949,0.9726389673140015,0.18865994031547534,0.001198025886184724,0.9,1.75
HistoKit (no postprocessing),gaussian,103a5b47-1de4-c7ee-81eb-83cd201d2a51_131937_3.png,499425,9913774,22048,2439,0.9760714212424646,0.9532612347111729,0.9577197668910951,0.9951401176414327,0.9976539819266455,0.9760714212424646,0.9977809586363363,0.9997540391679767,0.04228023310890497,0.9,1.75
HistoKit (no postprocessing),gaussian,5b6306df-eee5-32e5-a263-7c4b8cf32245_100047_4.png,5966172,357765,7528,20405,0.9976645189739335,0.9953399214728471,0.9987398094983009,0.9965915413766498,0.995602397404229,0.9976645189739336,0.9793918854180069,0.9460427849908771,0.0012601905016991146,0.9,1.75
HistoKit (no postprocessing),gaussian,042c1e4d-d1be-7f85-b2e1-b98e0b68f672_101215_2.png,0,16839257,157681,0,0.0,0.0,0.0,,0.9907229761031076,,0.9907229761031076,1.0,1.0,0.9,1.75
HistoKit (no postprocessing),gaussian,e4c17e5d-ca75-8d00-1c03-2c4b0f9dc6a7_131509_4.png,0,13275836,181022,0,0.0,0.0,0.0,,0.9865479742745298,,0.9865479742745298,1.0,1.0,0.9,1.75
HistoKit (no postprocessing),gaussian,78f7eac9-40c9-a096-07a4-a0166ddd84e8_103411_2.png,0,3789093,13335,0,0.0,0.0,0.0,,0.9964930302427817,,0.9964930302427817,1.0,1.0,0.9,1.75
HistoKit (no postprocessing),gaussian,46e107b0-7f41-8fd8-abd7-fbe9d0e935a4_133028_4.png,0,5749586,58972,0,0.0,0.0,0.0,,0.9898473941380976,,0.9898473941380976,1.0,1.0,0.9,1.75
HistoKit (no postprocessing),gaussian,d07adf84-9a4a-637f-4bfb-56af281dbf05_133243_1.png,3512401,886420,13539,9808,0.9966874990866397,0.9933968710439771,0.9961601728900662,0.9972153838684757,0.9947204629041683,0.9966874990866397,0.9849559813280383,0.9890563561950754,0.0038398271099338048,0.9,1.75
HistoKit (no postprocessing),gaussian,aedd99b7-9b77-3379-0a55-09f4124063bb_103758_3.png,2290368,1195017,384768,1399566,0.7196678119800725,0.562094602255576,0.8561688078662169,0.6207070370364348,0.6613986438366068,0.7196678119800726,0.7564428070908383,0.46058152697369864,0.1438311921337831,0.9,1.75
HistoKit (no postprocessing),gaussian,f4701930-c3d0-97f5-7529-fedf8cc9402a_110850_2.png,3822128,435774,8006,12318,0.9973483217606183,0.9947106691248192,0.9979097337064448,0.9967875411467524,0.9952494328256618,0.9973483217606184,0.9819595294965974,0.9725101095310784,0.0020902662935552646,0.9,1.75
HistoKit (no postprocessing),gaussian,c93efc84-bec7-4ba6-b526-5de46512cbba_100824_2.png,3118695,317784,1926,19140,0.9966339940713812,0.9932905721167948,0.9993828151512151,0.9939002528813656,0.9939072376498354,0.9966339940713812,0.9939757905601951,0.9431919364604481,0.0006171848487849053,0.9,1.75
HistoKit (no postprocessing),gaussian,18a7f9da-53be-2120-be0a-0738920b492f_101923_1.png,4387235,474154,8939,1991104,0.8143727702588507,0.6868708391900274,0.997966640992827,0.6878334625989619,0.7085093898766321,0.8143727702588507,0.9814963164442457,0.19233443315060736,0.0020333590071730553,0.9,1.75
HistoKit (no postprocessing),gaussian,9761f929-4dae-801a-b291-ba7ecada0fc3_101038_2.png,5325942,215836,94798,274784,0.9664670743438305,0.9351100969814191,0.982511981758948,0.9509377891366226,0.9374793617712337,0.9664670743438305,0.6948241338681536,0.4399249928661693,0.01748801824105196,0.9,1.75
HistoKit (no postprocessing),gaussian,103a5b47-1de4-c7ee-81eb-83cd201d2a51_131937_1.png,1390173,2671319,123578,4732,0.9558868425829662,0.9155011942840322,0.9183630597106129,0.9966076542847004,0.9693756411400826,0.9558868425829662,0.955784417100165,0.9982317227885418,0.08163694028938709,0.9,1.75
HistoKit (no postprocessing),gaussian,adf4a334-3c2a-d6ae-0b72-c218c11535ea_115443_2.png,0,5711519,424001,0,0.0,0.0,0.0,,0.930894039950974,,0.930894039950974,1.0,1.0,0.9,1.75
HistoKit (no postprocessing),gaussian,8469f8e6-543f-6b82-f38a-8b184a96e4e9_104905_2.png,8342352,3910151,323626,161231,0.9717606641194845,0.9450724458886155,0.9626555710157584,0.9810396394084705,0.9619342626729558,0.9717606641194845,0.9235609244416982,0.9603989505283463,0.0373444289842416,0.9,1.75
HistoKit (no postprocessing),gaussian,a2afe16d-3866-9541-f2c7-cc8ca97faf02_130229_1.png,1116567,6656474,23556,2203,0.9885966267547865,0.9774503950711093,0.979339071310727,0.9980308731910937,0.9966970559573267,0.9885966267547864,0.9964736685314287,0.9996691534970085,0.020660928689273,0.9,1.75
HistoKit (no postprocessing),gaussian,36c069a8-8f9e-b246-f3af-1b6cffe0751a_123150_1.png,2966328,197911,36123,1202830,0.8272419759638319,0.7053816379928,0.987968829466326,0.7114933039237179,0.7186238982992338,0.8272419759638318,0.8456506319594589,0.14129021710651718,0.012031170533673988,0.9,1.75
HistoKit (no postprocessing),gaussian,ed9d6e50-ec08-4213-59eb-4f99b1955e7c_103016_1.png,5247863,232446,14360,738274,0.9330894459281175,0.874571389669889,0.9972711152682051,0.876669377931043,0.8792490160747499,0.9330894459281175,0.9418166495141933,0.23945731003791002,0.0027288847317949085,0.9,1.75
HistoKit (no postprocessing),gaussian,cbe296c0-32ef-a6c0-58c3-7dcdd9f9743d_115103_2.png,2783582,1567770,2499665,44455,0.6863480553756964,0.5224732914866485,0.5268695557864321,0.984280615847671,0.6310448363795836,0.6863480553756964,0.38544438940019937,0.9724263052613624,0.4731304442135679,0.9,1.75
HistoKit (no postprocessing),gaussian,32e0aaf3-9973-5f67-ccc7-24d8d8604aa6_110737_7.png,0,4721648,150076,0,0.0,0.0,0.0,,0.969194478176514,,0.969194478176514,1.0,1.0,0.9,1.75
HistoKit (no postprocessing),gaussian,9761f929-4dae-801a-b291-ba7ecada0fc3_101038_4.png,4966463,537200,4066,2482377,0.7997931295865354,0.6663793961711043,0.9991819784171866,0.6667431438989158,0.6888097604712629,0.7997931295865355,0.9924879818795195,0.1779057132836818,0.0008180215828134189,0.9,1.75
HistoKit (no postprocessing),gaussian,aedd99b7-9b77-3379-0a55-09f4124063bb_103758_1.png,18823150,4159327,1075253,673256,0.9556157513036806,0.9150039867956201,0.9459628493804252,0.965467686711079,0.9292988560989844,0.9556157513036806,0.794586576191404,0.8606840275686936,0.05403715061957485,0.9,1.75
HistoKit (no postprocessing),gaussian,16277008-7349-6ea9-1043-9abf63a9d11e_105523_1.png,1786747,252824,2487,952020,0.7891990306539243,0.6517991401015739,0.9986100197067572,0.6523910212150212,0.6812016921402849,0.7891990306539245,0.9902589390978062,0.20983961409111884,0.0013899802932428066,0.9,1.75
HistoKit (no postprocessing),gaussian,d7d73023-1258-3c47-44ee-6493877f23d1_111048_1.png,6120327,476290,104908,2274967,0.8372237420410712,0.720021359492398,0.9831479454189279,0.7290187812362497,0.7348769430196117,0.8372237420410712,0.8194969700515143,0.17311723332280482,0.01685205458107204,0.9,1.75
HistoKit (no postprocessing),gaussian,367a29b2-8f5a-4095-840e-86626c38d291_123703_3.png,4506076,1564083,56240,25291,0.9910343256962003,0.9822279894507092,0.987672927521899,0.9944186820445132,0.9867465688290534,0.9910343256962004,0.9652908710176922,0.9840874457490811,0.012327072478101034,0.9,1.75
HistoKit (no postprocessing),gaussian,78f7eac9-40c9-a096-07a4-a0166ddd84e8_103411_8.png,0,5945532,638808,0,0.0,0.0,0.0,,0.9029807087726333,,0.9029807087726333,1.0,1.0,0.9,1.75
HistoKit (no postprocessing),gaussian,37e97aba-1a30-28bd-be40-a79de2fca963_105321_2.png,3130210,870773,41859,16554,0.9907557297368043,0.9816808070442947,0.9868038810000666,0.9947393576385137,0.9856104208606403,0.9907557297368043,0.9541337581851174,0.9813439690215671,0.013196118999933481,0.9,1.75
HistoKit (no postprocessing),gaussian,7f0a6db3-032c-fd36-2371-511c4ae59038_115247_3.png,3631311,690325,2928,16406,0.9973449441331422,0.9947039495760338,0.9991943292667324,0.9955023923182638,0.9955461567345547,0.9973449441331423,0.9957764337117907,0.9767860756072678,0.00080567073326768,0.9,1.75
HistoKit (no postprocessing),gaussian,c149f6be-4555-ddd6-581f-abc8aeab9698_132314_2.png,2875438,1596037,39910,23535,0.9890881497598774,0.9784118660048733,0.9863103821567786,0.9918816077279782,0.9860096760251559,0.9890881497598775,0.9756043441505134,0.9854683830048927,0.01368961784322146,0.9,1.75
HistoKit (no postprocessing),gaussian,0f170c8e-9c83-6973-94f2-3858ac80f3dc_115930_5.png,7248675,288138,33010,366457,0.9731844057693667,0.9477694059550673,0.9954667085983533,0.9518777875419625,0.9496657123992601,0.9731844057693668,0.8972125001556914,0.44017751434092833,0.004533291401646734,0.9,1.75
HistoKit (no postprocessing),gaussian,d76874a4-c608-41cd-b260-c14f0dca935a_100643_5.png,0,3906232,23538,0,0.0,0.0,0.0,,0.9940103364827967,,0.9940103364827967,1.0,1.0,0.9,1.75
HistoKit (no postprocessing),gaussian,0f170c8e-9c83-6973-94f2-3858ac80f3dc_115930_4.png,5836541,363533,10058,1760132,0.8683214919701097,0.7672863678234448,0.9982796836246166,0.7683022554742056,0.7779007069276501,0.8683214919701097,0.973077509897187,0.17118189544961188,0.0017203163753833639,0.9,1.75
HistoKit (no postprocessing),gaussian,0a6bb222-fb92-5dbe-8347-47a6b9e62ff2_125049_3.png,4755016,332263,10277,1333037,0.8762304270038014,0.779724285173154,0.9978433645108495,0.7810405067104377,0.7911057347277304,0.8762304270038015,0.9699976645063351,0.19952140755419445,0.0021566354891504047,0.9,1.75
HistoKit (no postprocessing),gaussian,d7d9e09c-5b48-9d63-55ef-dabd0e7bf5cd_123455_1.png,0,3259520,2516005,0,0.0,0.0,0.0,,0.564367741460733,,0.564367741460733,1.0,1.0,0.9,1.75
HistoKit (no postprocessing),gaussian,ed9d6e50-ec08-4213-59eb-4f99b1955e7c_103016_4.png,6692083,320137,94152,1853881,0.8729449702550821,0.7745362446522709,0.9861260330654626,0.7830694114789156,0.7825917415501549,0.8729449702550821,0.7727383541440879,0.1472559104846418,0.01387396693453734,0.9,1.75
HistoKit (no postprocessing),gaussian,8469f8e6-543f-6b82-f38a-8b184a96e4e9_104905_3.png,5228261,715228,1227735,46144,0.8914036272076291,0.8040831172506283,0.8098302725094625,0.9912513354586916,0.8234981228614088,0.8914036272076292,0.36811200213282497,0.9393936209894769,0.19016972749053748,0.9,1.75
HistoKit (no postprocessing),gaussian,9761f929-4dae-801a-b291-ba7ecada0fc3_101038_3.png,8951199,1118207,44375,127230,0.9905054237293199,0.9811894457011243,0.9950670185137713,0.985985460700304,0.9832433536103027,0.9905054237293199,0.961830649364948,0.897843086402604,0.004932981486228672,0.9,1.75
HistoKit (no postprocessing),gaussian,4a12a0e8-253e-42bb-77ff-6e284ada3080_105659_4.png,4956233,6311389,11462,32223,0.9956122601997499,0.99126285671085,0.997692692486153,0.993540486274711,0.996137935253636,0.9956122601997498,0.9981872101683243,0.9949204018152434,0.002307307513846965,0.9,1.75
HistoKit (no postprocessing),gaussian,16277008-7349-6ea9-1043-9abf63a9d11e_105523_3.png,2787861,294182,30,479499,0.9208077419086343,0.8532379054841938,0.9999892391775719,0.8532457396797415,0.8653602959592,0.9208077419086343,0.9998980327111062,0.380236815948692,1.0760822428136537e-05,0.9,1.75
HistoKit (no postprocessing),gaussian,46e107b0-7f41-8fd8-abd7-fbe9d0e935a4_133028_5.png,0,11490575,48685,0,0.0,0.0,0.0,,0.9957809252933031,,0.9957809252933031,1.0,1.0,0.9,1.75
HistoKit (no postprocessing),gaussian,6fecdbd3-f25f-98e1-f3e7-fdc984783bf1_110414_1.png,10816256,2899592,654091,3035995,0.854276958470059,0.745622569769829,0.94297548278182,0.7808302058632925,0.7879983918128151,0.854276958470059,0.8159399698847646,0.4885097295347537,0.05702451721818006,0.9,1.75
HistoKit (no postprocessing),gaussian,4c439187-b529-301f-82bf-3874dfa019f2_103211_2.png,2435365,1533903,58531,29665,0.9822146972953417,0.9650509736043631,0.9765302963716209,0.98796566370389,0.9782632698651177,0.9822146972953418,0.9632443165619423,0.9810273681733062,0.02346970362837905,0.9,1.75
HistoKit (no postprocessing),gaussian,7f0a6db3-032c-fd36-2371-511c4ae59038_115247_1.png,3459881,1243979,164481,45407,0.9705612477470844,0.9428062093281621,0.9546179437925902,0.9870461428561648,0.9572855588035853,0.9705612477470843,0.883219260752879,0.9647840134761817,0.045382056207409746,0.9,1.75
HistoKit (no postprocessing),gaussian,d7d9e09c-5b48-9d63-55ef-dabd0e7bf5cd_123455_4.png,0,16692716,929110,0,0.0,0.0,0.0,,0.947275044027787,,0.947275044027787,1.0,1.0,0.9,1.75
HistoKit (no postprocessing),gaussian,15fe4c3f-571c-b45d-d559-12744253eeb9_122421_2.png,4247051,341253,2303,382753,0.9566337258555372,0.9168723865834706,0.9994580352684196,0.9173284657406664,0.9225762864542282,0.9566337258555373,0.9932965804701417,0.4713400165192001,0.0005419647315803767,0.9,1.75
HistoKit (no postprocessing),gaussian,d18df4a2-af46-984e-1fcb-35841267a2a7_132544_3.png,4383272,297313,1154,1495670,0.8541585958917189,0.7454422512829723,0.9997367956489629,0.7455885769922548,0.7576938810430068,0.854158595891719,0.9961335759062141,0.16582031173747883,0.00026320435103705707,0.9,1.75
HistoKit (no postprocessing),gaussian,5b6306df-eee5-32e5-a263-7c4b8cf32245_100047_2.png,4207965,1009198,37012,20550,0.9932068148527196,0.9865053016895685,0.9912809892727334,0.9951401378498125,0.9890872035982918,0.9932068148527196,0.9646227812771815,0.9800436611675867,0.008719010727266602,0.9,1.75
HistoKit (no postprocessing),gaussian,efbb89df-e3ec-91fc-7f90-b36e0f9bf420_124740_1.png,4158880,458479,1303,179598,0.9787141762684733,0.9583156385080261,0.9996867926242667,0.9586034549443376,0.9622986249181995,0.9787141762684733,0.9971660482576525,0.7185324028291257,0.00031320737573323096,0.9,1.75
HistoKit (no postprocessing),gaussian,4f8d8d4c-adc3-ed68-4f51-2bb95426a546_131620_1.png,5844695,1336661,18729,2599,0.998178762395269,0.9963641465435782,0.996805791291914,0.9995555208956485,0.9970388816169083,0.998178762395269,0.9861818369620552,0.9980593760733539,0.0031942087080859237,0.9,1.75
HistoKit (no postprocessing),gaussian,36686384-7dd5-47b9-9af9-593716a57c66_072643_8.png,0,4124209,749,0,0.0,0.0,0.0,,0.999818422393634,,0.999818422393634,1.0,1.0,0.9,1.75
HistoKit (no postprocessing),gaussian,adf4a334-3c2a-d6ae-0b72-c218c11535ea_115443_3.png,0,8082217,90965,0,0.0,0.0,0.0,,0.9888703077944428,,0.9888703077944428,1.0,1.0,0.9,1.75
HistoKit (no postprocessing),gaussian,6dacef70-8f47-e898-de47-4738667f2bb0_100303_2.png,5607614,372640,1520,1953330,0.8515688365702921,0.7415062075006241,0.9997290134270281,0.7416552747910843,0.7536453208426758,0.8515688365702921,0.9959375668163353,0.16020842917148545,0.00027098657297187055,0.9,1.75
HistoKit (no postprocessing),gaussian,786743ed-e3ab-4cc3-3e88-4ee844fd6584_104341_2.png,6045028,2859830,14937,90045,0.9913914167385128,0.98292978385401,0.9975351342788283,0.9853229130280927,0.9883480727737673,0.9913914167385128,0.9948041006453741,0.9694749777532946,0.002464865721171657,0.9,1.75
HistoKit (no postprocessing),gaussian,b04c2edc-8554-0391-20e3-62a3af357e5f_130945_4.png,3927552,365637,196885,1466318,0.8252627279199967,0.7025083374249095,0.9522637877606083,0.7281510307070804,0.7207700567726234,0.8252627279199968,0.6499959112710259,0.1995884178377744,0.0477362122393917,0.9,1.75
HistoKit (no postprocessing),gaussian,0a6bb222-fb92-5dbe-8347-47a6b9e62ff2_125049_2.png,5800311,387582,41107,3598230,0.761197717132966,0.614462636742387,0.9929628388175611,0.6171501512841195,0.6296680753376078,0.761197717132966,0.9041099724975449,0.09724041174044336,0.007037161182438922,0.9,1.75
HistoKit (no postprocessing),gaussian,e2bfe175-7bb7-d3b3-d437-ffbd60d747a4_123954_4.png,2034667,251325,1815,406145,0.9088824633807832,0.8329830956588952,0.9991087571606329,0.833602506051265,0.8485644881571758,0.908882463380783,0.9928300545152879,0.3822607875644516,0.0008912428393671047,0.9,1.75
HistoKit (no postprocessing),gaussian,18a7f9da-53be-2120-be0a-0738920b492f_101923_2.png,3855665,180522,36865,309162,0.9570545279301885,0.9176457960269339,0.9905292958564225,0.9257683452397902,0.9210383153355816,0.9570545279301885,0.8304176422693169,0.36864998652192027,0.00947070414357757,0.9,1.75
HistoKit (no postprocessing),gaussian,b04c2edc-8554-0391-20e3-62a3af357e5f_130945_2.png,10215681,500795,20035,2024049,0.9090525723049055,0.833268908498654,0.99804263815057,0.8346328718035447,0.8398123593321923,0.9090525723049057,0.9615325538083443,0.1983469077693513,0.0019573618494299764,0.9,1.75
HistoKit (no postprocessing),gaussian,7f0a6db3-032c-fd36-2371-511c4ae59038_115247_4.png,2872176,861033,7442,6719,0.9975408582041927,0.9950937814953694,0.9974156294341819,0.9976661184239092,0.9962210830529145,0.9975408582041927,0.9914309565617894,0.9922570043053776,0.002584370565818105,0.9,1.75
HistoKit (no postprocessing),gaussian,d18df4a2-af46-984e-1fcb-35841267a2a7_132544_1.png,7416016,162585,220060,853199,0.9325218884709497,0.8735747163332558,0.9711815335520495,0.8968222497540577,0.875950489258957,0.9325218884709496,0.4248977511792915,0.16005863451284918,0.02881846644795049,0.9,1.75
HistoKit (no postprocessing),gaussian,367a29b2-8f5a-4095-840e-86626c38d291_123703_1.png,12388003,6032644,191663,84830,0.9889634563003076,0.9781678639244704,0.9847640628932437,0.9931988185843585,0.9852120163832543,0.9889634563003076,0.9692073350495083,0.986133165420891,0.015235937106756253,0.9,1.75
HistoKit (no postprocessing),constant,76bd570a-7866-8dee-341c-c3f9290b76cf_114927_1.png,2654400,445179,38413,314387,0.9376854599406528,0.88268156424581,0.9857349916240006,0.8941025408693853,0.8978095973819792,0.9376854599406528,0.9205673377557941,0.5860965340734051,0.014265008375999373,0.5,
HistoKit (no postprocessing),gaussian,0f170c8e-9c83-6973-94f2-3858ac80f3dc_115930_1.png,5542946,259810,9933,693171,0.9403592977722616,0.8874322171612459,0.9982111981910645,0.8888457352548068,0.8919275852846511,0.9403592977722616,0.9631760601757969,0.2726287302684943,0.0017888018089355089,0.9,1.75
HistoKit (no postprocessing),constant,96e6b3f2-f43e-7954-4202-361d3af0da92_104636_1.png,4603241,230684,106255,368669,0.9509447284826191,0.9064772412869609,0.9774381377540187,0.9258496231830423,0.9105410607836086,0.9509447284826191,0.6846461822466381,0.38488837129371173,0.02256186224598131,0.5,
HistoKit (no postprocessing),constant,32e0aaf3-9973-5f67-ccc7-24d8d8604aa6_110737_5.png,0,5460006,13902,0,0.0,0.0,0.0,,0.9974603153724907,,0.9974603153724907,1.0,1.0,0.5,
HistoKit (no postprocessing),constant,9761f929-4dae-801a-b291-ba7ecada0fc3_101038_1.png,5079674,270294,17157,980674,0.9105660131472302,0.835815684232263,0.9966337906828773,0.8381818997852929,0.842806774442606,0.9105660131472303,0.9403133055720801,0.21606787703602331,0.0033662093171227376,0.5,
HistoKit (no postprocessing),constant,0a6bb222-fb92-5dbe-8347-47a6b9e62ff2_125049_1.png,5893130,227595,46333,1704449,0.8706673141739533,0.7709573317955518,0.9921991264193413,0.7756589302987176,0.7775798204841843,0.8706673141739532,0.8308570135218013,0.11780011221276535,0.007800873580658723,0.5,
HistoKit (no postprocessing),constant,36c069a8-8f9e-b246-f3af-1b6cffe0751a_123150_5.png,2257719,343070,2781,1047299,0.8113239414552248,0.682544193283812,0.9987697412076975,0.6831185185678262,0.7123753276274772,0.8113239414552249,0.9919589649878127,0.24674744618155325,0.0012302587923025878,0.5,
HistoKit (no postprocessing),constant,4c439187-b529-301f-82bf-3874dfa019f2_103211_1.png,5222044,2766258,8761,60217,0.993438831260072,0.986963199170217,0.9983251143944384,0.9886001467932009,0.9914390464275785,0.9934388312600719,0.9968429044990322,0.9786953714432287,0.001674885605561668,0.5,
HistoKit (no postprocessing),constant,96e6b3f2-f43e-7954-4202-361d3af0da92_104636_4.png,3187700,361299,5567,1858325,0.7737800772202271,0.6310287925073917,0.9982566443707964,0.6317249716360898,0.6556568384621083,0.773780077220227,0.9848255221252447,0.1627748663737642,0.0017433556292035712,0.5,
HistoKit (no postprocessing),gaussian,6fecdbd3-f25f-98e1-f3e7-fdc984783bf1_110414_2.png,7682758,756754,11027,2756426,0.8473800401908811,0.7351773088600795,0.9985667652527332,0.73595388298549,0.7530595482362977,0.847380040190881,0.9856378316212566,0.21540427760604353,0.0014332347472667873,0.9,1.75
HistoKit (no postprocessing),constant,d7d9e09c-5b48-9d63-55ef-dabd0e7bf5cd_123455_3.png,0,3207533,1138,0,0.0,0.0,0.0,,0.9996453360285302,,0.9996453360285302,1.0,1.0,0.5,
HistoKit (no postprocessing),constant,0fcbbf47-bbbc-4a27-0d18-fe35bf99ccdb_133554_3.png,1623719,235120,8388,1028221,0.7580304324392333,0.6103454160539603,0.9948606310738205,0.6122759187613596,0.6419866632037599,0.7580304324392332,0.9655534931090559,0.18610968851640214,0.005139368926179473,0.5,
HistoKit (no postprocessing),constant,db9f8afe-40d5-d8aa-882f-512377b755a1_120139_1.png,4115871,7551028,1032478,276523,0.8627988407192186,0.7587037998315905,0.7994545435828069,0.9370450373987397,0.899120600497846,0.8627988407192185,0.879713720710395,0.9646731142345799,0.20054545641719315,0.5,
HistoKit (no postprocessing),constant,cbe296c0-32ef-a6c0-58c3-7dcdd9f9743d_115103_5.png,2846244,649460,42184,24258,0.9884627873580683,0.9771887529242768,0.9853955161769654,0.9915492133431714,0.9813477605915086,0.9884627873580683,0.9390090855989498,0.9639938371841037,0.014604483823034536,0.5,
HistoKit (no postprocessing),constant,6fecdbd3-f25f-98e1-f3e7-fdc984783bf1_110414_3.png,2596891,734789,421689,699381,0.8224708987637398,0.6984718236689411,0.860302195071855,0.7878266720707514,0.7482297456627927,0.8224708987637398,0.635367901507854,0.5123444222093615,0.13969780492814501,0.5,
HistoKit (no postprocessing),constant,db9f8afe-40d5-d8aa-882f-512377b755a1_120139_3.png,5415060,856050,329477,125313,0.9596992798347528,0.9225210184246616,0.9426451600886199,0.9773818477564598,0.9323822834118854,0.9596992798347529,0.7220839339804155,0.8723071890829387,0.05735483991138015,0.5,
HistoKit (no postprocessing),constant,aedd99b7-9b77-3379-0a55-09f4124063bb_103758_2.png,4778446,132475,22238,600365,0.9388375356537825,0.8847255412791107,0.9953677434298945,0.888383324864919,0.8874852625560131,0.9388375356537824,0.8562628867645253,0.18076933573494897,0.004632256570105427,0.5,
HistoKit (no postprocessing),constant,ed9d6e50-ec08-4213-59eb-4f99b1955e7c_103016_3.png,9784080,223822,106033,484189,0.9707207651883966,0.9431073049541068,0.9892788889267494,0.9528460931438395,0.9443088229577234,0.9707207651883966,0.6785466341271165,0.3161278567705869,0.01072111107325063,0.5,
HistoKit (no postprocessing),constant,16277008-7349-6ea9-1043-9abf63a9d11e_105523_2.png,7083106,376454,411,1318723,0.9148140441937817,0.8430021042007846,0.9999419779750652,0.8430433421103904,0.8497345960572268,0.9148140441937817,0.9989094237989731,0.22207356517932936,5.802202493478875e-05,0.5,
HistoKit (no postprocessing),constant,e2bfe175-7bb7-d3b3-d437-ffbd60d747a4_123954_6.png,2204393,170140,4250,697146,0.8627453973263575,0.7586211524649588,0.9980757415299801,0.759732335150415,0.7719726300574559,0.8627453973263575,0.9756293365445267,0.1961751948030984,0.0019242584700198267,0.5,
HistoKit (no postprocessing),constant,042c1e4d-d1be-7f85-b2e1-b98e0b68f672_101215_1.png,3921115,710086,1323061,35298,0.8523617346672044,0.7427094062779739,0.7477085055879131,0.9910782822723513,0.7732122226006585,0.8523617346672044,0.3492546284159483,0.9526445429469911,0.25229149441208687,0.5,
HistoKit (no postprocessing),constant,a2afe16d-3866-9541-f2c7-cc8ca97faf02_130229_2.png,1340662,2140824,24027,3157,0.9899634780476927,0.9801264177400087,0.9823937908197399,0.9976507252836878,0.9922523349303297,0.9899634780476927,0.9889013146863225,0.998527505607559,0.017606209180260117,0.5,
HistoKit (no postprocessing),constant,15fe4c3f-571c-b45d-d559-12744253eeb9_122421_3.png,2490823,165924,929,181641,0.9646471022900669,0.9317085067552732,0.9996271699591291,0.93203238659155,0.9356993248728479,0.9646471022900669,0.9944322247727041,0.47738984074921237,0.0003728300408708411,0.5,
HistoKit (no postprocessing),constant,78f7eac9-40c9-a096-07a4-a0166ddd84e8_103411_4.png,0,3169810,2390,0,0.0,0.0,0.0,,0.9992465796608032,,0.9992465796608032,1.0,1.0,0.5,
HistoKit (no postprocessing),constant,73e02c87-178a-0dc6-cf2c-3f6aeb0c5685_124434_1.png,0,9394143,1978765,0,0.0,0.0,0.0,,0.8260106386159107,,0.8260106386159107,1.0,1.0,0.5,
HistoKit (no postprocessing),constant,adf4a334-3c2a-d6ae-0b72-c218c11535ea_115443_6.png,0,5887797,41790,0,0.0,0.0,0.0,,0.9929522916182864,,0.9929522916182864,1.0,1.0,0.5,
HistoKit (no postprocessing),constant,adf4a334-3c2a-d6ae-0b72-c218c11535ea_115443_5.png,0,5528242,28478,0,0.0,0.0,0.0,,0.9948750341928332,,0.9948750341928332,1.0,1.0,0.5,
HistoKit (no postprocessing),constant,15fe4c3f-571c-b45d-d559-12744253eeb9_122421_5.png,3545717,266651,4015,768329,0.9017846129430409,0.8211363850580157,0.9988689286965889,0.8219006009671663,0.8315392548103349,0.9017846129430409,0.9851662196212306,0.2576387949525595,0.0011310713034110745,0.5,
HistoKit (no postprocessing),constant,adf4a334-3c2a-d6ae-0b72-c218c11535ea_115443_8.png,0,7397953,3638,0,0.0,0.0,0.0,,0.9995084840543067,,0.9995084840543067,1.0,1.0,0.5,
HistoKit (no postprocessing),constant,15fe4c3f-571c-b45d-d559-12744253eeb9_122421_1.png,4752576,1685613,237617,9236,0.9746869489915151,0.9506237612335329,0.9523832044171437,0.9980604022166352,0.963073829603464,0.974686948991515,0.876448994660025,0.9945505469808815,0.04761679558285621,0.5,
HistoKit (no postprocessing),constant,46e107b0-7f41-8fd8-abd7-fbe9d0e935a4_133028_1.png,0,8920462,341794,0,0.0,0.0,0.0,,0.9630981911966155,,0.9630981911966155,1.0,1.0,0.5,
HistoKit (no postprocessing),constant,f010c097-faf6-f2df-c82a-aca0270a9814_110553_3.png,543758,4197503,126198,971,0.8953070137525366,0.8104577696232228,0.8116324057102258,0.9982174622610509,0.9738788480064415,0.8953070137525366,0.9708125053050616,0.9997687254940724,0.18836759428977426,0.5,
HistoKit (no postprocessing),constant,4a12a0e8-253e-42bb-77ff-6e284ada3080_105659_1.png,1907751,1418519,20259,13531,0.9912217623396719,0.9825962985072166,0.9894922744176639,0.9929573066317178,0.9899436319589531,0.9912217623396719,0.9859193009623445,0.9905513075660766,0.01050772558233619,0.5,
HistoKit (no postprocessing),constant,c149f6be-4555-ddd6-581f-abc8aeab9698_132314_1.png,3643970,2083293,118575,89882,0.9721923745500672,0.9458894354130526,0.968485426752371,0.9759278086008765,0.9648809243023593,0.9721923745500671,0.9461479979726305,0.9586402383609235,0.031514573247628935,0.5,
HistoKit (no postprocessing),constant,e2bfe175-7bb7-d3b3-d437-ffbd60d747a4_123954_3.png,4745047,278229,8982,620552,0.9377907962624713,0.8828682645214576,0.9981106551937314,0.8843461839023006,0.8886334407135567,0.9377907962624712,0.9687268245297012,0.3095626187024425,0.0018893448062685355,0.5,
HistoKit (no postprocessing),constant,f4701930-c3d0-97f5-7529-fedf8cc9402a_110850_3.png,2346761,427693,374,7094,0.9984113984501137,0.9968278362045494,0.999840656800738,0.9969862204766224,0.9973155250219093,0.9984113984501136,0.9991263049943117,0.9836839647919556,0.00015934319926207908,0.5,
HistoKit (no postprocessing),constant,e4c17e5d-ca75-8d00-1c03-2c4b0f9dc6a7_131509_7.png,0,4754981,93217,0,0.0,0.0,0.0,,0.9807728562241064,,0.9807728562241064,1.0,1.0,0.5,
HistoKit (no postprocessing),constant,78f7eac9-40c9-a096-07a4-a0166ddd84e8_103411_6.png,0,6287461,532459,0,0.0,0.0,0.0,,0.9219259170195545,,0.9219259170195545,1.0,1.0,0.5,
HistoKit (no postprocessing),constant,5b6306df-eee5-32e5-a263-7c4b8cf32245_100047_3.png,6723615,567936,16804,22997,0.99704894279549,0.9941152518194948,0.9975069799073322,0.9965913261352513,0.9945711241255365,0.99704894279549,0.971262441426959,0.9610835746184424,0.00249302009266783,0.5,
HistoKit (no postprocessing),constant,6dacef70-8f47-e898-de47-4738667f2bb0_100303_3.png,3153508,196759,1955,333964,0.9494321410641531,0.9037323319845924,0.9993804395741608,0.9042389444273674,0.9088708491649634,0.9494321410641531,0.9901617399881236,0.37073765410581416,0.0006195604258392508,0.5,
HistoKit (no postprocessing),constant,18a7f9da-53be-2120-be0a-0738920b492f_101923_4.png,8396537,247627,76089,1529239,0.9127463352523768,0.8394971337845492,0.9910194312837602,0.8459325497573187,0.8433748716521755,0.9127463352523768,0.7649513771330425,0.1393616626127125,0.008980568716239805,0.5,
HistoKit (no postprocessing),constant,2852fafe-6f36-4c12-47aa-96e73b433b3f_123004_2.png,2514683,1108359,6327,71529,0.984755704764743,0.9699692077920525,0.997490291589482,0.9723421745781088,0.9789629435882858,0.984755704764743,0.9943239620843897,0.9393764492901021,0.0025097084105180066,0.5,
HistoKit (no postprocessing),constant,f4701930-c3d0-97f5-7529-fedf8cc9402a_110850_4.png,2523132,505828,4315,40495,0.9911983208258218,0.9825502289381925,0.9982927436262758,0.9842040203196487,0.985421811000823,0.9911983208258218,0.9915415873588386,0.9258771825458566,0.0017072563737241572,0.5,
HistoKit (no postprocessing),constant,78f7eac9-40c9-a096-07a4-a0166ddd84e8_103411_1.png,0,2768065,5695,0,0.0,0.0,0.0,,0.9979468302953391,,0.9979468302953391,1.0,1.0,0.5,
HistoKit (no postprocessing),constant,7fcfd7e6-a936-d1a4-6766-2f191e54690d_131809_1.png,3344226,248457,12948,531404,0.9247384555146247,0.8600125804342873,0.9961431847142865,0.8628857759899681,0.8684197740652424,0.9247384555146247,0.9504676651173466,0.3185913900041161,0.0038568152857135197,0.5,
HistoKit (no postprocessing),constant,d7d73023-1258-3c47-44ee-6493877f23d1_111048_2.png,6622021,427498,17558,662267,0.9511755606398711,0.9068968312944425,0.9973555552242093,0.9090828094660728,0.9120462228101117,0.9511755606398712,0.9605487848720161,0.39228457511481835,0.0026444447757907543,0.5,
HistoKit (no postprocessing),constant,adf4a334-3c2a-d6ae-0b72-c218c11535ea_115443_4.png,0,4426188,3009408,0,0.0,0.0,0.0,,0.5952701034321929,,0.5952701034321929,1.0,1.0,0.5,
HistoKit (no postprocessing),constant,67cf3804-696c-ef64-2d57-43ad0b86332a_122601_2.png,5988998,4360768,12479,99250,0.9907583505828297,0.9816859531659096,0.9979206785263027,0.9836981016542033,0.9893199776896132,0.9907583505828297,0.9971465137916976,0.9777467265827178,0.002079321473697225,0.5,
HistoKit (no postprocessing),constant,db9f8afe-40d5-d8aa-882f-512377b755a1_120139_2.png,3006293,1948434,61585,59431,0.9802699946947976,0.9613034720905418,0.9799258640663026,0.9806143671119775,0.9761579733252846,0.9802699946947976,0.969360986139932,0.9704008984667793,0.020074135933697494,0.5,
HistoKit (no postprocessing),constant,0a6bb222-fb92-5dbe-8347-47a6b9e62ff2_125049_4.png,7767636,476562,12172,5833043,0.7266098288593706,0.5706105208967615,0.9984354369670819,0.5711211918169674,0.5851342422853244,0.7266098288593706,0.9750948368642247,0.07552960922276435,0.001564563032918036,0.5,
HistoKit (no postprocessing),constant,eb22b9cd-e52e-fa2d-85a8-60a50dc5a7c4_102757_1.png,2189528,586666,19772,30715,0.988602210205432,0.9774613116430024,0.9910505590005885,0.9861659286843828,0.9821391235869913,0.988602210205432,0.9673965021980813,0.9502495217701873,0.008949440999411579,0.5,
HistoKit (no postprocessing),constant,18a7f9da-53be-2120-be0a-0738920b492f_101923_3.png,11719013,130672,85254,424397,0.978718144561579,0.9583232477399003,0.9927776964041901,0.9650512500195579,0.9587638850501354,0.978718144561579,0.6051702898215129,0.23541577713761713,0.007222303595809888,0.5,
HistoKit (no postprocessing),gaussian,67cf3804-696c-ef64-2d57-43ad0b86332a_122601_1.png,21258835,12319867,7971878,754841,0.8297039115833735,0.7089692256477903,0.727277333262449,0.9657103611409562,0.793721022182949,0.8297039115833735,0.6071368923668221,0.9422670854293649,0.272722666737551,0.9,1.75
HistoKit (no postprocessing),constant,f569a03d-b1d7-9121-59cf-f65992813d75_131224_1.png,0,4257960,110946,0,0.0,0.0,0.0,,0.9746055419823636,,0.9746055419823636,1.0,1.0,0.5,
HistoKit (no postprocessing),constant,98491719-8df8-3c0a-7325-de39c48b2a96_133826_2.png,2681207,1623702,107291,52610,0.971044570981554,0.9437187885852985,0.9615237306965972,0.9807558443012097,0.9641863819513037,0.971044570981554,0.938017658072563,0.9686156276397234,0.03847626930340276,0.5,
HistoKit (no postprocessing),constant,0823ec0e-9dd5-2324-aa8d-fe8db13ea4cd_103937_1.png,1448462,4082239,22510,46461,0.9767452994795838,0.9545475813429654,0.984697193420405,0.9689208072924157,0.9876830285773881,0.9767452994795837,0.9945161080494812,0.9887468210332551,0.015302806579594989,0.5,
HistoKit (no postprocessing),constant,2852fafe-6f36-4c12-47aa-96e73b433b3f_123004_1.png,2168450,2839556,32286,51641,0.9810155430194396,0.9627384758413001,0.9853294534192197,0.9767392417698193,0.9835176542974937,0.9810155430194395,0.9887577380649771,0.9821385398504495,0.014670546580780248,0.5,
HistoKit (no postprocessing),constant,8469f8e6-543f-6b82-f38a-8b184a96e4e9_104905_1.png,8815708,8249901,6627876,174632,0.721595761695911,0.5644503828094066,0.5708330397917997,0.9805755955837043,0.7149960342493712,0.721595761695911,0.554511672005838,0.9792710171590521,0.4291669602082004,0.5,
HistoKit (no postprocessing),constant,46e107b0-7f41-8fd8-abd7-fbe9d0e935a4_133028_6.png,0,5246960,30495,0,0.0,0.0,0.0,,0.9942216466080716,,0.9942216466080716,1.0,1.0,0.5,
HistoKit (no postprocessing),constant,8956f1ca-9d66-b2d7-8ef9-bd09fb590f4a_110204_2.png,6178507,1444342,153805,474600,0.9516068753730627,0.907681339203445,0.9757110830925577,0.9286649079896054,0.9238412730961864,0.9516068753730627,0.9037604175335561,0.7526762142889154,0.024288916907442337,0.5,
HistoKit (no postprocessing),constant,c93efc84-bec7-4ba6-b526-5de46512cbba_100824_1.png,7386190,876668,29530,36717,0.995535503385859,0.9911106930524874,0.9960179186916442,0.9950535551637654,0.9920463243049523,0.995535503385859,0.9674133026115705,0.9598011791303777,0.003982081308355763,0.5,
HistoKit (no postprocessing),constant,36c069a8-8f9e-b246-f3af-1b6cffe0751a_123150_4.png,3502760,200154,76338,983108,0.8686360240080367,0.7677776935105517,0.9786711623990179,0.7808433061338408,0.7775376074047321,0.8686360240080367,0.7239052124473764,0.1691544222665817,0.021328837600982146,0.5,
HistoKit (no postprocessing),constant,36c069a8-8f9e-b246-f3af-1b6cffe0751a_123150_3.png,6506278,352848,4983,1737267,0.8819198300540176,0.7887804951380416,0.9992347104500956,0.7892572916142266,0.7974451994657599,0.8819198300540176,0.986074431784837,0.16881750525688777,0.0007652895499043887,0.5,
HistoKit (no postprocessing),constant,6dacef70-8f47-e898-de47-4738667f2bb0_100303_1.png,8267966,337064,12427,1423871,0.9200823715254034,0.8519931032379169,0.9984992258217695,0.8530855399239586,0.8569613501321738,0.9200823715254034,0.9644425750591574,0.19141194876585452,0.0015007741782304294,0.5,
HistoKit (no postprocessing),constant,18a7f9da-53be-2120-be0a-0738920b492f_101923_5.png,7080674,411074,5744,1391298,0.9102065187978962,0.8352100966817005,0.9991894353395467,0.8357763694214286,0.8428310264951697,0.9102065187978962,0.9862194051120633,0.22807389373558842,0.0008105646604532784,0.5,
HistoKit (no postprocessing),constant,e2bfe175-7bb7-d3b3-d437-ffbd60d747a4_123954_2.png,3897014,174411,51371,141404,0.9758633085103013,0.9528643164720723,0.9869893640057897,0.9649852986986488,0.9547922236292857,0.9758633085103012,0.7724752194594786,0.5522568592372117,0.013010635994210292,0.5,
HistoKit (no postprocessing),constant,103a5b47-1de4-c7ee-81eb-83cd201d2a51_131937_2.png,2681877,1736936,140158,13839,0.9720906217043864,0.9456968116354958,0.9503344217913668,0.994866298972147,0.9663233329178339,0.9720906217043864,0.9253324553804977,0.992095500564036,0.049665578208633133,0.5,
HistoKit (no postprocessing),constant,d18df4a2-af46-984e-1fcb-35841267a2a7_132544_2.png,8506454,144504,124323,310444,0.9750816656087415,0.9513749855864204,0.9855953872982699,0.964789884152,0.9521483425923633,0.9750816656087415,0.5375352922139517,0.31762750907796056,0.014404612701730098,0.5,
HistoKit (no postprocessing),constant,0f170c8e-9c83-6973-94f2-3858ac80f3dc_115930_3.png,6534271,346582,47828,611431,0.9519763580488966,0.9083538957924691,0.9927336249424386,0.9144337393302995,0.9125664181115613,0.9519763580488965,0.8787353261834132,0.3617717087346414,0.0072663750575614255,0.5,
HistoKit (no postprocessing),constant,d7d73023-1258-3c47-44ee-6493877f23d1_111048_3.png,6309786,272587,7227,1243498,0.9098270931040626,0.834571366935383,0.9988559466317387,0.8353698867936119,0.840328181774312,0.9098270931040626,0.974172128628303,0.17979664728560735,0.0011440533682612337,0.5,
HistoKit (no postprocessing),constant,aedd99b7-9b77-3379-0a55-09f4124063bb_103758_4.png,4642411,125223,16470,299726,0.9670664089995457,0.9362328976666229,0.9964648163367985,0.9393529560188234,0.9378035850923419,0.9670664089995458,0.8837627829179988,0.2946777142668885,0.0035351836632015283,0.5,
HistoKit (no postprocessing),constant,4a12a0e8-253e-42bb-77ff-6e284ada3080_105659_3.png,799437,3465983,11015,38949,0.9696974475357797,0.9411773708766531,0.9864088187826052,0.9535428788171558,0.9884218878319982,0.9696974475357797,0.9968320372919398,0.9888873735638808,0.013591181217394738,0.5,
HistoKit (no postprocessing),constant,67cf3804-696c-ef64-2d57-43ad0b86332a_122601_3.png,3047435,3899718,1120762,72973,0.8362190021272932,0.7185363944383272,0.7311158757611504,0.9766142760818457,0.8533655050898624,0.8362190021272932,0.776761982917968,0.9816313425836543,0.26888412423884955,0.5,
HistoKit (no postprocessing),constant,5b6306df-eee5-32e5-a263-7c4b8cf32245_100047_4.png,5961102,358628,6665,25475,0.9973114375828569,0.9946372931378376,0.9988831668528614,0.995744646732181,0.9949400727659728,0.9973114375828569,0.9817543725174038,0.9336766440251704,0.0011168331471386199,0.5,
HistoKit (no postprocessing),constant,36c069a8-8f9e-b246-f3af-1b6cffe0751a_123150_2.png,4703263,356208,5928,1294981,0.878504142215199,0.7833324894756513,0.9987411850570512,0.7841066485458077,0.7954667802867125,0.878504142215199,0.9836304592749685,0.21572818132872737,0.0012588149429487996,0.5,
HistoKit (no postprocessing),constant,e4c17e5d-ca75-8d00-1c03-2c4b0f9dc6a7_131509_4.png,0,12956641,500217,0,0.0,0.0,0.0,,0.9628280985056096,,0.9628280985056096,1.0,1.0,0.5,
HistoKit (no postprocessing),constant,103a5b47-1de4-c7ee-81eb-83cd201d2a51_131937_3.png,501109,9913030,22792,755,0.9770444497521362,0.9551191637949438,0.9564955974506634,0.9984956083719893,0.9977440402020141,0.9770444497521362,0.9977060780678236,0.9999238434160111,0.04350440254933661,0.5,
HistoKit (no postprocessing),constant,042c1e4d-d1be-7f85-b2e1-b98e0b68f672_101215_2.png,0,16532777,464161,0,0.0,0.0,0.0,,0.972691493020684,,0.972691493020684,1.0,1.0,0.5,
HistoKit (no postprocessing),constant,8956f1ca-9d66-b2d7-8ef9-bd09fb590f4a_110204_1.png,6918511,3391977,626964,72913,0.9518551377429257,0.9081331903809572,0.9169086107899105,0.9895710802262887,0.936434714017201,0.9518551377429258,0.843997709844459,0.9789566191134494,0.08309138921008949,0.5,
HistoKit (no postprocessing),constant,46e107b0-7f41-8fd8-abd7-fbe9d0e935a4_133028_4.png,0,5752351,56207,0,0.0,0.0,0.0,,0.9903234158977151,,0.9903234158977151,1.0,1.0,0.5,
HistoKit (no postprocessing),constant,78f7eac9-40c9-a096-07a4-a0166ddd84e8_103411_2.png,0,3791301,11127,0,0.0,0.0,0.0,,0.9970737118493762,,0.9970737118493762,1.0,1.0,0.5,
HistoKit (no postprocessing),constant,d07adf84-9a4a-637f-4bfb-56af281dbf05_133243_1.png,3508084,887945,12014,14125,0.9962882901867243,0.9926040320602294,0.9965870268384573,0.9959897325797532,0.9940890983788947,0.9962882901867243,0.9866505029673575,0.9843415699446828,0.0034129731615426618,0.5,
HistoKit (no postprocessing),constant,aedd99b7-9b77-3379-0a55-09f4124063bb_103758_3.png,2495246,1168832,410953,1194688,0.7565784376997856,0.6084649491683141,0.8585943357629674,0.6762305233643745,0.6953080420417104,0.7565784376997856,0.7398677668163706,0.49453019225561873,0.14140566423703263,0.5,
HistoKit (no postprocessing),constant,f4701930-c3d0-97f5-7529-fedf8cc9402a_110850_2.png,3815325,435775,8005,19121,0.9964577182722503,0.9929404434825584,0.997906275419595,0.9950133604698045,0.9936595214932544,0.9964577182722503,0.9819617828653837,0.9579662164538708,0.0020937245804050395,0.5,
HistoKit (no postprocessing),constant,c93efc84-bec7-4ba6-b526-5de46512cbba_100824_2.png,3113646,317939,1771,24189,0.9958485600772207,0.9917314465573068,0.9994315367734079,0.9922911816586915,0.9924917824641473,0.9958485600772207,0.9944606049232116,0.9292983912453818,0.0005684632265921383,0.5,
HistoKit (no postprocessing),constant,18a7f9da-53be-2120-be0a-0738920b492f_101923_1.png,4526799,475482,7611,1851540,0.8296349526594995,0.7088685316984944,0.9983215015845501,0.7097143942960699,0.729043295918403,0.8296349526594994,0.9842452695443734,0.2043306853136756,0.0016784984154498601,0.5,
HistoKit (no postprocessing),constant,adf4a334-3c2a-d6ae-0b72-c218c11535ea_115443_2.png,0,5947477,188043,0,0.0,0.0,0.0,,0.9693517419876392,,0.9693517419876392,1.0,1.0,0.5,
HistoKit (no postprocessing),constant,8469f8e6-543f-6b82-f38a-8b184a96e4e9_104905_2.png,8256494,3786328,447449,247089,0.9596375446418038,0.9224069358706348,0.9485923793388812,0.9709429542817422,0.945472374181149,0.9596375446418037,0.8943144620040214,0.9387395352377401,0.05140762066111876,0.5,
HistoKit (no postprocessing),constant,103a5b47-1de4-c7ee-81eb-83cd201d2a51_131937_1.png,1388623,2681133,113764,6282,0.9585661369306235,0.9204291995129482,0.9242778325424807,0.9954964675013711,0.9713480493827632,0.9585661369306235,0.9592958166258005,0.9976624376957038,0.07572216745751927,0.5,
HistoKit (no postprocessing),constant,a2afe16d-3866-9541-f2c7-cc8ca97faf02_130229_1.png,1112527,6659655,20375,6243,0.9881785624193933,0.9766333522071378,0.9820152140255732,0.9944197645628682,0.9965869108067907,0.9881785624193933,0.9969498639976168,0.9990634420148643,0.017984785974426737,0.5,
HistoKit (no postprocessing),constant,9761f929-4dae-801a-b291-ba7ecada0fc3_101038_2.png,5187492,217648,92986,413234,0.9534775747242676,0.9110913934529882,0.9823906093349882,0.9262177796235702,0.9143648838845884,0.9534775747242676,0.7006573652594371,0.3449900298312521,0.017609390665011767,0.5,
HistoKit (no postprocessing),constant,36c069a8-8f9e-b246-f3af-1b6cffe0751a_123150_1.png,3243294,198566,35468,925864,0.8709261109141881,0.7713632556141735,0.9891825024201207,0.7779254228311808,0.7816738402504365,0.8709261109141881,0.8484493706042712,0.1765925846873527,0.010817497579879235,0.5,
HistoKit (no postprocessing),constant,cbe296c0-32ef-a6c0-58c3-7dcdd9f9743d_115103_2.png,2759140,1497275,2570160,68897,0.676480572029818,0.5111225099787948,0.5177302835269172,0.9756378717817341,0.6172768158582908,0.676480572029818,0.3681128278632603,0.956009301660354,0.48226971647308275,0.5,
HistoKit (no postprocessing),constant,ed9d6e50-ec08-4213-59eb-4f99b1955e7c_103016_1.png,5253765,233643,13163,732372,0.9337482721374132,0.8757296684613205,0.9975008202124654,0.8776553226229202,0.8803879644014072,0.9337482721374132,0.9466666126431286,0.24186270399527957,0.0024991797875345933,0.5,
HistoKit (no postprocessing),constant,32e0aaf3-9973-5f67-ccc7-24d8d8604aa6_110737_7.png,0,4628128,243596,0,0.0,0.0,0.0,,0.9499979883917891,,0.9499979883917891,1.0,1.0,0.5,
HistoKit (no postprocessing),constant,aedd99b7-9b77-3379-0a55-09f4124063bb_103758_1.png,18872145,3980310,1254270,624261,0.9525896704830784,0.9094713348133815,0.9376804065701716,0.9679807139839004,0.9240414029590248,0.9525896704830784,0.7603876528775948,0.8644258064432061,0.062319593429828415,0.5,
HistoKit (no postprocessing),constant,367a29b2-8f5a-4095-840e-86626c38d291_123703_3.png,4503392,1562197,58126,27975,0.9905309480984308,0.9812395399666151,0.9872573121491574,0.9938263663040314,0.9860036835406205,0.9905309480984309,0.964126905561422,0.9824075634585441,0.012742687850842637,0.5,
HistoKit (no postprocessing),constant,d7d73023-1258-3c47-44ee-6493877f23d1_111048_1.png,6199776,474126,107072,2195518,0.8433840456717123,0.729182441687408,0.9830228982845314,0.7384822973442026,0.743486653806409,0.8433840456717122,0.8157736261996772,0.17759896076031112,0.016977101715468648,0.5,
HistoKit (no postprocessing),constant,78f7eac9-40c9-a096-07a4-a0166ddd84e8_103411_8.png,0,5958236,626104,0,0.0,0.0,0.0,,0.9049101352603298,,0.9049101352603298,1.0,1.0,0.5,
HistoKit (no postprocessing),constant,9761f929-4dae-801a-b291-ba7ecada0fc3_101038_4.png,5299214,536782,4484,2149626,0.8310838203344307,0.7109866684985116,0.9991545521634151,0.71141466322273,0.7304028256946778,0.8310838203344307,0.9917157183344234,0.19981402675989648,0.0008454478365849639,0.5,
HistoKit (no postprocessing),constant,16277008-7349-6ea9-1043-9abf63a9d11e_105523_1.png,2020187,251020,4291,718580,0.8482398029074717,0.7364725791434231,0.9978804412791841,0.7376264574532992,0.7585664100935247,0.8482398029074717,0.983193046911414,0.25889026402640264,0.002119558720815934,0.5,
HistoKit (no postprocessing),constant,37e97aba-1a30-28bd-be40-a79de2fca963_105321_2.png,3132958,806402,106230,13806,0.9812031158392672,0.9630998397168885,0.9672047439049539,0.9956126357108446,0.9704300836873269,0.9812031158392671,0.883600399722999,0.9831676842947155,0.03279525609504604,0.5,
HistoKit (no postprocessing),constant,7f0a6db3-032c-fd36-2371-511c4ae59038_115247_3.png,3629770,689075,4178,17947,0.9969615465693629,0.9939415016039618,0.9988502862451527,0.9950799362998829,0.9949032128763847,0.996961546569363,0.9939733401802805,0.9746160656952684,0.0011497137548473451,0.5,
HistoKit (no postprocessing),constant,0f170c8e-9c83-6973-94f2-3858ac80f3dc_115930_5.png,7125321,284641,36507,489811,0.9643825252284638,0.9312149985120834,0.994902558397102,0.9356792502086635,0.9336820273478255,0.9643825252284637,0.886323439660219,0.36753859503235836,0.005097441602898031,0.5,
HistoKit (no postprocessing),constant,c149f6be-4555-ddd6-581f-abc8aeab9698_132314_2.png,2873306,1598661,37286,25667,0.9891639046985445,0.9785601338301559,0.9871895476933902,0.9911461748695142,0.9861181674649167,0.9891639046985445,0.9772083080931105,0.9841983885028147,0.01281045230660979,0.5,
HistoKit (no postprocessing),constant,d76874a4-c608-41cd-b260-c14f0dca935a_100643_5.png,0,3914541,15229,0,0.0,0.0,0.0,,0.9961247095886019,,0.9961247095886019,1.0,1.0,0.5,
HistoKit (no postprocessing),constant,0f170c8e-9c83-6973-94f2-3858ac80f3dc_115930_4.png,6205621,362030,11561,1391052,0.8984633181686068,0.8156453915586719,0.9981404758618937,0.8168866818408532,0.8240192545692339,0.8984633181686068,0.9690543937086279,0.2065105910619127,0.0018595241381062996,0.5,
HistoKit (no postprocessing),constant,d7d9e09c-5b48-9d63-55ef-dabd0e7bf5cd_123455_1.png,0,3113500,2662025,0,0.0,0.0,0.0,,0.5390851913895274,,0.5390851913895274,1.0,1.0,0.5,
HistoKit (no postprocessing),constant,ed9d6e50-ec08-4213-59eb-4f99b1955e7c_103016_4.png,6727405,320397,93892,1818559,0.875550301384222,0.7786478154265534,0.9862354622588637,0.7872025906030028,0.7865628347770983,0.875550301384222,0.773365935373616,0.14979130005479308,0.013764537741136326,0.5,
HistoKit (no postprocessing),constant,8469f8e6-543f-6b82-f38a-8b184a96e4e9_104905_3.png,5245165,658423,1284540,29240,0.8887014777056466,0.7996964450837749,0.8032774834391446,0.994456246723564,0.8179696532032176,0.8887014777056467,0.3388757274327921,0.9574791722108067,0.19672251656085535,0.5,
HistoKit (no postprocessing),constant,16277008-7349-6ea9-1043-9abf63a9d11e_105523_3.png,2857730,293264,948,409630,0.9329782152836793,0.8743759768051236,0.9996683781804037,0.8746296704372949,0.8847200056604219,0.9329782152836792,0.9967778336709584,0.41722364965414416,0.0003316218195963309,0.5,
HistoKit (no postprocessing),constant,4a12a0e8-253e-42bb-77ff-6e284ada3080_105659_4.png,4949262,6309175,13676,39194,0.9946871764900476,0.9894305068318869,0.997244374199315,0.9921430598966895,0.9953259159175858,0.9946871764900476,0.9978370516717854,0.9938261307746918,0.0027556258006849973,0.5,
HistoKit (no postprocessing),constant,0a6bb222-fb92-5dbe-8347-47a6b9e62ff2_125049_3.png,4719242,330904,11636,1368811,0.8724044917191911,0.7736856747942396,0.9975404142740523,0.7751644080628076,0.7853313061485931,0.872404491719191,0.9660302446429614,0.1946820496377334,0.0024595857259476993,0.5,
HistoKit (no postprocessing),constant,9761f929-4dae-801a-b291-ba7ecada0fc3_101038_3.png,8833164,1121310,41272,245265,0.984039483391648,0.9685804392051889,0.9953493382565383,0.972983761838089,0.9720206335097189,0.9840394833916482,0.964499708407665,0.8205257669721749,0.004650661743461782,0.5,
HistoKit (no postprocessing),constant,d7d9e09c-5b48-9d63-55ef-dabd0e7bf5cd_123455_4.png,0,16460525,1161301,0,0.0,0.0,0.0,,0.9340987137201332,,0.9340987137201332,1.0,1.0,0.5,
HistoKit (no postprocessing),constant,6fecdbd3-f25f-98e1-f3e7-fdc984783bf1_110414_1.png,10873334,2847486,706197,2978917,0.8550980816051349,0.746874529482813,0.9390133330961332,0.7849506914074832,0.7882840415228508,0.8550980816051349,0.8012774352692685,0.4887210857196112,0.06098666690386683,0.5,
HistoKit (no postprocessing),constant,15fe4c3f-571c-b45d-d559-12744253eeb9_122421_2.png,4226694,337837,5719,403110,0.9538683153436662,0.9118052051516086,0.9986487613567012,0.9129315193472554,0.9177962182508405,0.9538683153436663,0.9833535144197744,0.45595298988996513,0.0013512386432987518,0.5,
HistoKit (no postprocessing),constant,46e107b0-7f41-8fd8-abd7-fbe9d0e935a4_133028_5.png,0,11478860,60400,0,0.0,0.0,0.0,,0.9947656955472015,,0.9947656955472015,1.0,1.0,0.5,
HistoKit (no postprocessing),constant,4c439187-b529-301f-82bf-3874dfa019f2_103211_2.png,2425756,1450561,141873,39274,0.9640057075196233,0.9305125660601872,0.9447455220360885,0.9840675367034073,0.9553546254507742,0.9640057075196233,0.9109080815908226,0.973638691532955,0.055254477963911454,0.5,
HistoKit (no postprocessing),constant,7f0a6db3-032c-fd36-2371-511c4ae59038_115247_1.png,3422973,1201848,206612,82315,0.9595049554491019,0.9221619655701931,0.9430755857763353,0.9765169081684586,0.9412002813331086,0.9595049554491019,0.8533064481774421,0.935899881868579,0.05692441422366469,0.5,
HistoKit (no postprocessing),constant,d18df4a2-af46-984e-1fcb-35841267a2a7_132544_3.png,4566804,297081,1386,1312138,0.874269416716473,0.7766240250543848,0.9996965975583327,0.7768071193762415,0.787366515637867,0.874269416716473,0.995356270542472,0.18461191422671494,0.00030340244166726866,0.5,
HistoKit (no postprocessing),constant,efbb89df-e3ec-91fc-7f90-b36e0f9bf420_124740_1.png,4019120,458375,1407,319358,0.9616264136700481,0.9260890553551534,0.9996500458770703,0.9263893927778359,0.9331497251086852,0.961626413670048,0.9969398541047714,0.589373216772337,0.00034995412292965574,0.5,
HistoKit (no postprocessing),constant,5b6306df-eee5-32e5-a263-7c4b8cf32245_100047_2.png,4197492,1016760,29450,31023,0.9928480506730742,0.9857976756502226,0.9930327882426586,0.9926633818255345,0.9885353264862149,0.9928480506730741,0.9718507756568949,0.9703917700516232,0.006967211757341359,0.5,
HistoKit (no postprocessing),constant,36686384-7dd5-47b9-9af9-593716a57c66_072643_8.png,0,4124578,380,0,0.0,0.0,0.0,,0.9999078778499078,,0.9999078778499078,1.0,1.0,0.5,
HistoKit (no postprocessing),constant,786743ed-e3ab-4cc3-3e88-4ee844fd6584_104341_2.png,6066405,2846217,28550,68668,0.9920508767437,0.984227133943786,0.9953157980657773,0.9888073051453503,0.9892097972882982,0.9920508767437001,0.9900687603551871,0.9764422953221139,0.004684201934222648,0.5,
HistoKit (no postprocessing),constant,4f8d8d4c-adc3-ed68-4f51-2bb95426a546_131620_1.png,5843017,1336802,18588,4277,0.9980472117831062,0.9961020354654253,0.9968288548955448,0.9992685505466289,0.996825488942733,0.9980472117831061,0.986285866060691,0.9968107769937491,0.003171145104455179,0.5,
HistoKit (no postprocessing),constant,adf4a334-3c2a-d6ae-0b72-c218c11535ea_115443_3.png,0,7959222,213960,0,0.0,0.0,0.0,,0.9738217012664101,,0.9738217012664101,1.0,1.0,0.5,
HistoKit (no postprocessing),constant,b04c2edc-8554-0391-20e3-62a3af357e5f_130945_4.png,4167490,361065,201457,1226380,0.853747437855283,0.7448161653465473,0.953888889016049,0.7726344906347391,0.760284917446669,0.8537474378552831,0.6418682291537042,0.22745039985637297,0.04611111098395105,0.5,
HistoKit (no postprocessing),constant,18a7f9da-53be-2120-be0a-0738920b492f_101923_2.png,3906720,170302,47085,258107,0.9624084451666242,0.9275407463403794,0.9880912184591805,0.9380269576623471,0.9303566644623015,0.9624084451666242,0.7834047114132859,0.3975219941691234,0.01190878154081954,0.5,
HistoKit (no postprocessing),constant,e2bfe175-7bb7-d3b3-d437-ffbd60d747a4_123954_4.png,1903829,251262,1878,536983,0.8760246993053522,0.7793985319463379,0.999014538961131,0.7799982137092083,0.7999737931485045,0.8760246993053523,0.9925811803744963,0.3187612988347532,0.0009854610388690393,0.5,
HistoKit (no postprocessing),constant,6dacef70-8f47-e898-de47-4738667f2bb0_100303_2.png,5638108,373798,362,1922836,0.8542967134753103,0.7456526689965992,0.9999357981863874,0.7456883690713753,0.7576341784556321,0.8542967134753103,0.9990324994654693,0.16275906391701944,6.420181361255801e-05,0.5,
HistoKit (no postprocessing),constant,0a6bb222-fb92-5dbe-8347-47a6b9e62ff2_125049_2.png,5376743,382695,45994,4021798,0.7255437756447184,0.5692967414488909,0.9915183052395866,0.5720827307132033,0.5860693196353398,0.7255437756447183,0.8927100998626044,0.08688741246722381,0.008481694760413423,0.5,
HistoKit (no postprocessing),constant,0f170c8e-9c83-6973-94f2-3858ac80f3dc_115930_1.png,5533508,257742,12001,702609,0.9393453840751692,0.8856279602914029,0.9978359064965903,0.8873322934768543,0.8901590258628375,0.9393453840751692,0.9555095034903593,0.2683831224208649,0.002164093503409696,0.5,
HistoKit (no postprocessing),constant,367a29b2-8f5a-4095-840e-86626c38d291_123703_1.png,12351652,6060179,164128,121181,0.9885824395295569,0.9774226572353907,0.9868863147163022,0.9902844045133933,0.9847405004187806,0.9885824395295569,0.9736311207014693,0.9803957381547103,0.01311368528369786,0.5,
HistoKit (no postprocessing),constant,7f0a6db3-032c-fd36-2371-511c4ae59038_115247_4.png,2871435,859842,8633,7460,0.9972055732950533,0.994426720710587,0.9970025013298297,0.9974087280015422,0.9957055214723927,0.9972055732950532,0.9900595872074613,0.9913986131704988,0.0029974986701702877,0.5,
HistoKit (no postprocessing),constant,b04c2edc-8554-0391-20e3-62a3af357e5f_130945_2.png,10419145,498421,22409,1820585,0.9187438418389364,0.8497004478582407,0.9978538635149519,0.851256114309711,0.8555710721159573,0.9187438418389364,0.9569744446364457,0.2149287237721679,0.002146136485048107,0.5,
HistoKit (no postprocessing),constant,d18df4a2-af46-984e-1fcb-35841267a2a7_132544_1.png,7544658,154301,228344,724557,0.9406004170121873,0.8878617965465141,0.9706234476718262,0.9123789863971369,0.8898617175959851,0.9406004170121872,0.4032484417671732,0.17556988728554557,0.02937655232817385,0.5,
HistoKit (no postprocessing),gaussian,76bd570a-7866-8dee-341c-c3f9290b76cf_114927_1.png,2607157,446809,36783,361630,0.9290161449149407,0.8674417830893973,0.9860878083466342,0.8781893076195766,0.8845975485310275,0.9290161449149407,0.9239379476914423,0.5526811546696783,0.01391219165336581,0.75,2.25
HistoKit (no postprocessing),gaussian,96e6b3f2-f43e-7954-4202-361d3af0da92_104636_1.png,4570932,237606,99333,400978,0.9481122257167081,0.9013435167669938,0.9787307572482503,0.9193513156915551,0.905759044945524,0.9481122257167082,0.7051899602005111,0.37208260776969043,0.021269242751749632,0.75,2.25
HistoKit (no postprocessing),constant,6fecdbd3-f25f-98e1-f3e7-fdc984783bf1_110414_2.png,8116761,709574,58207,2322423,0.8721064488997403,0.7732169831532425,0.9928798498049166,0.7775283010626118,0.7875758512674931,0.8721064488997403,0.9241880171559338,0.23402859567473186,0.007120150195083333,0.5,
HistoKit (no postprocessing),gaussian,0a6bb222-fb92-5dbe-8347-47a6b9e62ff2_125049_1.png,5945938,228172,45756,1651641,0.8750928765652144,0.7779245578010122,0.9923634284394364,0.7826095654944819,0.7843618763217768,0.8750928765652144,0.8329634064425688,0.12138015855832468,0.007636571560563674,0.75,2.25
HistoKit (no postprocessing),gaussian,4c439187-b529-301f-82bf-3874dfa019f2_103211_1.png,5218717,2768269,6750,63544,0.993310256984193,0.986709424502993,0.9987082494253624,0.9879703028684118,0.9912757158743397,0.993310256984193,0.9975675842219459,0.9775606651992911,0.0012917505746376354,0.75,2.25
HistoKit (no postprocessing),gaussian,32e0aaf3-9973-5f67-ccc7-24d8d8604aa6_110737_5.png,0,5461986,11922,0,0.0,0.0,0.0,,0.9978220313531028,,0.9978220313531028,1.0,1.0,0.75,2.25
HistoKit (no postprocessing),gaussian,36c069a8-8f9e-b246-f3af-1b6cffe0751a_123150_5.png,2156452,343681,2170,1148566,0.7893829022409968,0.6520500195332107,0.9989947290447332,0.6524781408149668,0.6848049053526708,0.7893829022409968,0.9937256217272756,0.2303110678057989,0.0010052709552668322,0.75,2.25
HistoKit (no postprocessing),gaussian,9761f929-4dae-801a-b291-ba7ecada0fc3_101038_1.png,5072135,269371,18080,988213,0.9097540635392132,0.8344484791133497,0.9964480871633123,0.8369379118162852,0.841473713959752,0.9097540635392133,0.9371023235264445,0.2141972226109747,0.003551912836687645,0.75,2.25
HistoKit (no postprocessing),gaussian,96e6b3f2-f43e-7954-4202-361d3af0da92_104636_4.png,3140771,361238,5628,1905254,0.7667501096134672,0.6217313421963069,0.9982112885238014,0.6224247799010112,0.6469757103920991,0.7667501096134672,0.9846592488810628,0.15938198767081463,0.001788711476198664,0.75,2.25
HistoKit (no postprocessing),gaussian,d7d9e09c-5b48-9d63-55ef-dabd0e7bf5cd_123455_3.png,0,3207001,1670,0,0.0,0.0,0.0,,0.9994795352967007,,0.9994795352967007,1.0,1.0,0.75,2.25
HistoKit (no postprocessing),gaussian,db9f8afe-40d5-d8aa-882f-512377b755a1_120139_3.png,5401118,979448,206079,139255,0.9690215894585098,0.939904831711811,0.9632474122097012,0.974865410686248,0.9486560906347106,0.9690215894585098,0.8261709771266281,0.8755210274755677,0.03675258779029879,0.75,2.25
HistoKit (no postprocessing),gaussian,0fcbbf47-bbbc-4a27-0d18-fe35bf99ccdb_133554_3.png,1463069,237792,5716,1188871,0.7101027125081145,0.5505110518441815,0.9961083480563867,0.551697625134807,0.5874258491259383,0.7101027125081145,0.9765264385564335,0.16667706388965017,0.0038916519436132586,0.75,2.25
HistoKit (no postprocessing),gaussian,db9f8afe-40d5-d8aa-882f-512377b755a1_120139_1.png,4175209,7624609,958897,217185,0.8765462656799454,0.7802246224322318,0.8132299956409159,0.9505542990906554,0.909364128885087,0.8765462656799454,0.8882860919535677,0.9723041691735335,0.18677000435908414,0.75,2.25
HistoKit (no postprocessing),gaussian,6fecdbd3-f25f-98e1-f3e7-fdc984783bf1_110414_3.png,2500705,763170,393308,795567,0.8079450299945802,0.6777749770976642,0.8640959802184717,0.7586464345175398,0.7330020773679187,0.8079450299945802,0.6599087920392779,0.48960793257618185,0.13590401978152827,0.75,2.25
HistoKit (no postprocessing),gaussian,16277008-7349-6ea9-1043-9abf63a9d11e_105523_2.png,7121240,376036,829,1280589,0.9174551391667222,0.8474984939289448,0.999883601240033,0.8475821157512251,0.8540309071030383,0.9174551391667222,0.9978002733074178,0.2269892099901909,0.0001163987599670826,0.75,2.25
HistoKit (no postprocessing),gaussian,ed9d6e50-ec08-4213-59eb-4f99b1955e7c_103016_3.png,9794065,208398,121457,474204,0.9704881506155112,0.9426682667088622,0.9877508213889294,0.953818506312992,0.9437956189227452,0.9704881506155112,0.6317866941534916,0.3052994277778266,0.012249178611070602,0.75,2.25
HistoKit (no postprocessing),gaussian,cbe296c0-32ef-a6c0-58c3-7dcdd9f9743d_115103_5.png,2850000,641217,50427,20502,0.9877092579028437,0.9757169722372574,0.9826139392579093,0.9928576952742064,0.980088126651743,0.9877092579028437,0.9270911046723459,0.9690170601116184,0.017386060742090734,0.75,2.25
HistoKit (no postprocessing),gaussian,042c1e4d-d1be-7f85-b2e1-b98e0b68f672_101215_1.png,3925144,585810,1447337,31269,0.8415025403868883,0.7263740920656951,0.7306017461951005,0.9920966289414174,0.7531361235215942,0.8415025403868883,0.2881296827037101,0.9493273956819143,0.26939825380489946,0.75,2.25
HistoKit (no postprocessing),gaussian,aedd99b7-9b77-3379-0a55-09f4124063bb_103758_2.png,4892184,131113,23600,486627,0.9504373897176139,0.9055556861556813,0.9951991381232373,0.9095288903067983,0.9077934784415862,0.9504373897176139,0.8474594895063763,0.21224625246867615,0.004800861876762689,0.75,2.25
HistoKit (no postprocessing),gaussian,e2bfe175-7bb7-d3b3-d437-ffbd60d747a4_123954_6.png,2149821,171220,3170,751718,0.8506511980342386,0.7401157912892479,0.9985276297021214,0.7409243853003527,0.7545821116157102,0.8506511980342387,0.981822352199094,0.18551625352948953,0.0014723702978786256,0.75,2.25
HistoKit (no postprocessing),gaussian,73e02c87-178a-0dc6-cf2c-3f6aeb0c5685_124434_1.png,0,9306088,2066820,0,0.0,0.0,0.0,,0.8182681157712698,,0.8182681157712698,1.0,1.0,0.75,2.25
HistoKit (no postprocessing),gaussian,a2afe16d-3866-9541-f2c7-cc8ca97faf02_130229_2.png,1341721,2138919,25932,2098,0.9896624416553075,0.9795364266936107,0.9810390501099329,0.998438777841361,0.9920112179258808,0.9896624416553075,0.9880213465037547,0.9990200918535443,0.018960949890067143,0.75,2.25
HistoKit (no postprocessing),gaussian,15fe4c3f-571c-b45d-d559-12744253eeb9_122421_3.png,2486315,166250,603,186149,0.9638034167658065,0.9301356830936149,0.9997575312093121,0.9303455537661125,0.9342264354420446,0.9638034167658065,0.9963860404068252,0.4717663784516982,0.0002424687906879117,0.75,2.25
HistoKit (no postprocessing),gaussian,15fe4c3f-571c-b45d-d559-12744253eeb9_122421_1.png,4752956,1702491,220739,8856,0.976416739261756,0.9539201906814401,0.9556187100334862,0.9981402037711694,0.9656554139824401,0.976416739261756,0.8852248561014543,0.9948251289773494,0.04438128996651383,0.75,2.25
HistoKit (no postprocessing),gaussian,78f7eac9-40c9-a096-07a4-a0166ddd84e8_103411_4.png,0,3169482,2718,0,0.0,0.0,0.0,,0.9991431813883109,,0.9991431813883109,1.0,1.0,0.75,2.25
HistoKit (no postprocessing),gaussian,46e107b0-7f41-8fd8-abd7-fbe9d0e935a4_133028_1.png,0,8918012,344244,0,0.0,0.0,0.0,,0.962833676806169,,0.962833676806169,1.0,1.0,0.75,2.25
HistoKit (no postprocessing),gaussian,adf4a334-3c2a-d6ae-0b72-c218c11535ea_115443_8.png,0,7392243,9348,0,0.0,0.0,0.0,,0.9987370282956732,,0.9987370282956732,1.0,1.0,0.75,2.25
HistoKit (no postprocessing),gaussian,adf4a334-3c2a-d6ae-0b72-c218c11535ea_115443_6.png,0,5877476,52111,0,0.0,0.0,0.0,,0.991211698217768,,0.991211698217768,1.0,1.0,0.75,2.25
HistoKit (no postprocessing),gaussian,15fe4c3f-571c-b45d-d559-12744253eeb9_122421_5.png,3476427,267545,3121,837619,0.8921242240742846,0.8052565490285644,0.9991030444184129,0.8058391125175763,0.8166209785914579,0.8921242240742846,0.988469183421634,0.24208624240384233,0.0008969555815870337,0.75,2.25
HistoKit (no postprocessing),gaussian,adf4a334-3c2a-d6ae-0b72-c218c11535ea_115443_5.png,0,5527672,29048,0,0.0,0.0,0.0,,0.9947724556932867,,0.9947724556932867,1.0,1.0,0.75,2.25
HistoKit (no postprocessing),gaussian,4a12a0e8-253e-42bb-77ff-6e284ada3080_105659_1.png,1899664,1425981,12797,21618,0.9910231332668883,0.9822060008924144,0.9933086217182991,0.9887481379620483,0.989757623375773,0.9910231332668883,0.9911056465973208,0.9850663063458872,0.006691378281700908,0.75,2.25
HistoKit (no postprocessing),gaussian,f010c097-faf6-f2df-c82a-aca0270a9814_110553_3.png,543651,4197346,126355,1078,0.8950939916936616,0.8101087196237728,0.8114121366077319,0.9980210343124747,0.9738246210790747,0.8950939916936616,0.9707761938209881,0.999743236986069,0.18858786339226813,0.75,2.25
HistoKit (no postprocessing),gaussian,c149f6be-4555-ddd6-581f-abc8aeab9698_132314_1.png,3643725,2091558,110310,90127,0.9732318342945079,0.9478593774143753,0.9706156175954673,0.9758621927167975,0.9662320662025837,0.973231834294508,0.9499016289804838,0.9586892699908557,0.029384382404532724,0.75,2.25
HistoKit (no postprocessing),gaussian,f4701930-c3d0-97f5-7529-fedf8cc9402a_110850_3.png,2346737,427267,800,7118,0.9983158179534912,0.9966372993071172,0.9996592172988115,0.9969760244365095,0.9971537663529028,0.9983158179534911,0.9981311336776719,0.9836136146505979,0.00034078270118852226,0.75,2.25
HistoKit (no postprocessing),gaussian,e4c17e5d-ca75-8d00-1c03-2c4b0f9dc6a7_131509_7.png,0,4765689,82509,0,0.0,0.0,0.0,,0.9829815118936974,,0.9829815118936974,1.0,1.0,0.75,2.25
HistoKit (no postprocessing),gaussian,e2bfe175-7bb7-d3b3-d437-ffbd60d747a4_123954_3.png,4693307,275953,11258,672292,0.9321212643607393,0.8728718282818383,0.9976070051109932,0.8747032717129998,0.8790778391631773,0.9321212643607393,0.9608023369578463,0.2910144530158345,0.0023929948890067413,0.75,2.25
HistoKit (no postprocessing),constant,67cf3804-696c-ef64-2d57-43ad0b86332a_122601_1.png,21176758,12164851,8126894,836918,0.8253258236672026,0.702599784941028,0.7226661714382904,0.9619819061568817,0.7881167049489946,0.8253258236672025,0.5994975296604604,0.9356304515177896,0.2773338285617096,0.5,
HistoKit (no postprocessing),gaussian,6dacef70-8f47-e898-de47-4738667f2bb0_100303_3.png,3042650,198676,38,444822,0.9318760949195731,0.8724419428188019,0.9999875110428673,0.872451449072566,0.8793169959410622,0.9318760949195732,0.999808770393631,0.3087437723194167,1.2488957132640612e-05,0.75,2.25
HistoKit (no postprocessing),gaussian,5b6306df-eee5-32e5-a263-7c4b8cf32245_100047_3.png,6701856,566142,18598,44756,0.9952956345502428,0.9906353239589015,0.9972326274385629,0.9933661517810718,0.9913584834011516,0.9952956345502427,0.9681944111912987,0.9267373604104122,0.0027673725614370697,0.75,2.25
HistoKit (no postprocessing),gaussian,67cf3804-696c-ef64-2d57-43ad0b86332a_122601_2.png,6009672,4361652,11595,78576,0.9925537067339195,0.9852174883845372,0.9980743255530771,0.9870938240360774,0.991380677427079,0.9925537067339195,0.9973486519284184,0.9823036114361695,0.0019256744469228818,0.75,2.25
HistoKit (no postprocessing),gaussian,78f7eac9-40c9-a096-07a4-a0166ddd84e8_103411_6.png,0,6295030,524890,0,0.0,0.0,0.0,,0.9230357540850919,,0.9230357540850919,1.0,1.0,0.75,2.25
HistoKit (no postprocessing),gaussian,18a7f9da-53be-2120-be0a-0738920b492f_101923_4.png,8379668,249607,74109,1546108,0.9118467679817893,0.8379764367290223,0.9912336225571127,0.8442330352810702,0.8419222142912058,0.9118467679817894,0.7710678495965599,0.1390014562444486,0.008766377442887363,0.75,2.25
HistoKit (no postprocessing),gaussian,7fcfd7e6-a936-d1a4-6766-2f191e54690d_131809_1.png,3150414,255445,5960,725216,0.8960216746179325,0.8116297702745524,0.9981117573519488,0.8128779063016851,0.8232608619458138,0.8960216746179325,0.9772001300663721,0.26048247049694034,0.0018882426480512132,0.75,2.25
HistoKit (no postprocessing),gaussian,2852fafe-6f36-4c12-47aa-96e73b433b3f_123004_2.png,2489718,1109342,5344,96494,0.9799581758433022,0.9607039168746498,0.9978581694563101,0.9626890602935877,0.972482894692045,0.9799581758433022,0.9952058247793549,0.9199775093793849,0.0021418305436898964,0.75,2.25
HistoKit (no postprocessing),gaussian,adf4a334-3c2a-d6ae-0b72-c218c11535ea_115443_4.png,0,4429950,3005646,0,0.0,0.0,0.0,,0.5957760480800732,,0.5957760480800732,1.0,1.0,0.75,2.25
HistoKit (no postprocessing),gaussian,d7d73023-1258-3c47-44ee-6493877f23d1_111048_2.png,6573072,423774,21282,711216,0.9472212050717931,0.8997343123123863,0.9967726937316377,0.9023630037692084,0.9052315435824826,0.947221205071793,0.9521812985332183,0.37337245262072793,0.003227306268362299,0.75,2.25
HistoKit (no postprocessing),gaussian,78f7eac9-40c9-a096-07a4-a0166ddd84e8_103411_1.png,0,2769176,4584,0,0.0,0.0,0.0,,0.9983473696354407,,0.9983473696354407,1.0,1.0,0.75,2.25
HistoKit (no postprocessing),gaussian,f4701930-c3d0-97f5-7529-fedf8cc9402a_110850_4.png,2531555,506499,3644,32072,0.9929952502791819,0.9860879509798537,0.9985626374892069,0.9874895996960557,0.9883803928075295,0.992995250279182,0.9928569048286461,0.9404498199865942,0.0014373625107930383,0.75,2.25
HistoKit (no postprocessing),gaussian,eb22b9cd-e52e-fa2d-85a8-60a50dc5a7c4_102757_1.png,2189763,586112,20326,30480,0.9885322364102735,0.9773245099793847,0.9908030853056143,0.986271772954582,0.9820262703856573,0.9885322364102735,0.9664829710539247,0.9505669875703869,0.00919691469438561,0.75,2.25
HistoKit (no postprocessing),gaussian,18a7f9da-53be-2120-be0a-0738920b492f_101923_3.png,11699388,135688,80238,444022,0.9780855573682203,0.9571110031964272,0.9931884085284202,0.9634351471291837,0.9575818636211525,0.9780855573682203,0.628400470531571,0.23406185851546463,0.006811591471579828,0.75,2.25
HistoKit (no postprocessing),gaussian,db9f8afe-40d5-d8aa-882f-512377b755a1_120139_2.png,3007988,1931284,78735,57736,0.9778184192403445,0.9565995295216124,0.9744923661760385,0.9811672544560437,0.9731130989098542,0.9778184192403445,0.9608287284846562,0.9709726397924606,0.02550763382396153,0.75,2.25
HistoKit (no postprocessing),gaussian,f569a03d-b1d7-9121-59cf-f65992813d75_131224_1.png,0,4299590,69316,0,0.0,0.0,0.0,,0.9841342432178674,,0.9841342432178674,1.0,1.0,0.75,2.25
HistoKit (no postprocessing),gaussian,0823ec0e-9dd5-2324-aa8d-fe8db13ea4cd_103937_1.png,1450382,4084934,19815,44541,0.9782956507662421,0.9575134445692919,0.9865222143699109,0.9702051543791888,0.9885071839922053,0.9782956507662423,0.9951726646379596,0.9892138831207357,0.013477785630089029,0.75,2.25
HistoKit (no postprocessing),gaussian,8469f8e6-543f-6b82-f38a-8b184a96e4e9_104905_1.png,8829298,8605530,6272247,161042,0.7329686323838919,0.5784928859045979,0.5846619004876653,0.9820872180584939,0.7304651640512739,0.7329686323838919,0.5784150414406668,0.9816299917459185,0.4153380995123347,0.75,2.25
HistoKit (no postprocessing),gaussian,0a6bb222-fb92-5dbe-8347-47a6b9e62ff2_125049_4.png,7489212,476666,12068,6111467,0.7098120131879699,0.5501616977087725,0.9983912079005183,0.55064986093709,0.5653804030018852,0.7098120131879698,0.9753076315541788,0.07235221268301657,0.0016087920994816885,0.75,2.25
HistoKit (no postprocessing),gaussian,98491719-8df8-3c0a-7325-de39c48b2a96_133826_2.png,2682972,1626048,104945,50845,0.9717860367775775,0.9451204433481919,0.9623572007344552,0.9814014617657291,0.9651071378177347,0.9717860367775775,0.9393729495151049,0.9696790433259606,0.03764279926554485,0.75,2.25
HistoKit (no postprocessing),gaussian,2852fafe-6f36-4c12-47aa-96e73b433b3f_123004_1.png,2182745,2836650,35192,37346,0.9836553532334632,0.9678364090005556,0.9841330028760962,0.9831781670210815,0.9857543294462044,0.9836553532334632,0.9877458439565965,0.9870055490682659,0.01586699712390388,0.75,2.25
HistoKit (no postprocessing),gaussian,46e107b0-7f41-8fd8-abd7-fbe9d0e935a4_133028_6.png,0,5246894,30561,0,0.0,0.0,0.0,,0.9942091405800713,,0.9942091405800713,1.0,1.0,0.75,2.25
HistoKit (no postprocessing),gaussian,8956f1ca-9d66-b2d7-8ef9-bd09fb590f4a_110204_2.png,6242992,1444673,153474,410115,0.9568116903135451,0.9171993986408155,0.9760064385552898,0.9383573719767321,0.9316965639404629,0.9568116903135452,0.903967532398459,0.7788884767423555,0.02399356144471025,0.75,2.25
HistoKit (no postprocessing),gaussian,c93efc84-bec7-4ba6-b526-5de46512cbba_100824_1.png,7390490,880907,25291,32417,0.9961109769273402,0.992252085672266,0.9965895702691329,0.9956328430357541,0.993071524491527,0.9961109769273402,0.9720910882610644,0.9645065716000017,0.003410429730867187,0.75,2.25
HistoKit (no postprocessing),gaussian,36c069a8-8f9e-b246-f3af-1b6cffe0751a_123150_4.png,3256945,199636,76856,1228923,0.8330135201374892,0.713815913476248,0.9769464344152515,0.7260456616200031,0.7258126223133069,0.8330135201374893,0.7220317405205214,0.1397464157938174,0.02305356558474846,0.75,2.25
HistoKit (no postprocessing),gaussian,6dacef70-8f47-e898-de47-4738667f2bb0_100303_1.png,8026859,337338,12153,1664978,0.9054116923560739,0.8271709884284711,0.9984882470631963,0.8282082127464587,0.8329771719437907,0.9054116923560739,0.9652265723580865,0.1684739072154445,0.0015117529368036768,0.75,2.25
HistoKit (no postprocessing),gaussian,18a7f9da-53be-2120-be0a-0738920b492f_101923_5.png,6844687,412531,4287,1627285,0.893507098060394,0.8075127246583664,0.9993740668310319,0.8079213434605308,0.8164461079629511,0.8935070980603939,0.9897149355354136,0.20223931962490735,0.0006259331689680819,0.75,2.25
HistoKit (no postprocessing),gaussian,36c069a8-8f9e-b246-f3af-1b6cffe0751a_123150_3.png,6234498,354426,3405,2009047,0.8610324050467881,0.7559762093865005,0.9994541434837958,0.7562884657025588,0.7660313884662175,0.8610324050467882,0.9904843347837387,0.1499598260695172,0.0005458565162042437,0.75,2.25
HistoKit (no postprocessing),gaussian,e2bfe175-7bb7-d3b3-d437-ffbd60d747a4_123954_2.png,3873763,175953,49829,164655,0.9730615761597888,0.947536437989192,0.9873001576106792,0.9592278461516366,0.949701233525632,0.9730615761597888,0.7793048161500917,0.5165850479143179,0.012699842389320806,0.75,2.25
HistoKit (no postprocessing),gaussian,103a5b47-1de4-c7ee-81eb-83cd201d2a51_131937_2.png,2679241,1751316,125778,16475,0.9741392741151864,0.9495823843679979,0.9551596620201147,0.9938884511573177,0.9688915568326696,0.9741392741151864,0.9329932331572101,0.990680459398198,0.04484033797988534,0.75,2.25
HistoKit (no postprocessing),gaussian,d18df4a2-af46-984e-1fcb-35841267a2a7_132544_2.png,8528427,137305,131522,288471,0.9759686057788342,0.9530651221109425,0.9848126126377881,0.9672820304828297,0.9537744098572211,0.9759686057788342,0.5107559880517953,0.3224817744541731,0.015187387362211948,0.75,2.25
HistoKit (no postprocessing),gaussian,0f170c8e-9c83-6973-94f2-3858ac80f3dc_115930_3.png,6414032,350452,43958,731670,0.9429840075767667,0.8921189597282765,0.9931932381437568,0.8976069810915709,0.8971330929832342,0.9429840075767667,0.8885474506224488,0.3238562749856301,0.006806761856243197,0.75,2.25
HistoKit (no postprocessing),gaussian,aedd99b7-9b77-3379-0a55-09f4124063bb_103758_4.png,4647443,121814,19879,294694,0.9672642341259794,0.9366037916846701,0.9957408123973448,0.9403711390436971,0.9381228325888159,0.9672642341259795,0.8597037256604066,0.29246497066082766,0.004259187602655227,0.75,2.25
HistoKit (no postprocessing),gaussian,8956f1ca-9d66-b2d7-8ef9-bd09fb590f4a_110204_1.png,6913902,3441828,577113,77522,0.9547980143399879,0.9135057409377797,0.9229593052476868,0.9889118439963017,0.9405437512743674,0.954798014339988,0.8564017237376712,0.9779726369926265,0.07704069475231327,0.75,2.25
HistoKit (no postprocessing),gaussian,d7d73023-1258-3c47-44ee-6493877f23d1_111048_3.png,6368071,272128,7686,1185213,0.9143588564352707,0.8422293700411455,0.9987944960888566,0.8430863979164559,0.8477104461095725,0.9143588564352707,0.9725317532360782,0.18672911830518732,0.001205503911143414,0.75,2.25
HistoKit (no postprocessing),gaussian,36c069a8-8f9e-b246-f3af-1b6cffe0751a_123150_2.png,4510846,357928,4208,1487398,0.8581219708601431,0.7515005534404939,0.9990680067170846,0.752027760124463,0.7654847666334401,0.858121970860143,0.9883800561115161,0.19396464364562144,0.0009319932829153317,0.75,2.25
HistoKit (no postprocessing),gaussian,67cf3804-696c-ef64-2d57-43ad0b86332a_122601_3.png,3072425,3889823,1130657,47983,0.8390603387182887,0.7227424186644994,0.7309933520212073,0.9846228441921697,0.855219725415704,0.8390603387182888,0.7747910558352986,0.9878147882348699,0.2690066479787927,0.75,2.25
HistoKit (no postprocessing),gaussian,e4c17e5d-ca75-8d00-1c03-2c4b0f9dc6a7_131509_4.png,0,12981800,475058,0,0.0,0.0,0.0,,0.9646977028367246,,0.9646977028367246,1.0,1.0,0.75,2.25
HistoKit (no postprocessing),gaussian,103a5b47-1de4-c7ee-81eb-83cd201d2a51_131937_3.png,500381,9912956,22866,1483,0.9762474502761165,0.953597088026223,0.9562997972276955,0.9970450161796821,0.9976672032479229,0.9762474502761164,0.9976986302693426,0.999850420180103,0.04370020277230448,0.75,2.25
HistoKit (no postprocessing),gaussian,5b6306df-eee5-32e5-a263-7c4b8cf32245_100047_4.png,5965647,357885,7408,20930,0.997630529099892,0.9952722604410922,0.9987597636385401,0.9965038451856545,0.995538636653458,0.997630529099892,0.9797203888385487,0.9447487559890712,0.001240236361459923,0.75,2.25
HistoKit (no postprocessing),gaussian,d07adf84-9a4a-637f-4bfb-56af281dbf05_133243_1.png,3511819,886308,13651,10390,0.9965888060452243,0.9932008054617547,0.9961278921675691,0.9970501466551247,0.9945635263065538,0.9965888060452243,0.9848315312141998,0.9884130443025411,0.003872107832430853,0.75,2.25
HistoKit (no postprocessing),gaussian,4a12a0e8-253e-42bb-77ff-6e284ada3080_105659_3.png,807049,3466649,10349,31337,0.9748240108613201,0.9508845517151997,0.9873390930733865,0.9626222289017231,0.9903401412249756,0.97482401086132,0.9970235818369755,0.9910414164036105,0.012660906926613473,0.75,2.25
HistoKit (no postprocessing),gaussian,46e107b0-7f41-8fd8-abd7-fbe9d0e935a4_133028_4.png,0,5752311,56247,0,0.0,0.0,0.0,,0.9903165295069792,,0.9903165295069792,1.0,1.0,0.75,2.25
HistoKit (no postprocessing),gaussian,aedd99b7-9b77-3379-0a55-09f4124063bb_103758_3.png,2380988,1182402,397383,1308946,0.7362015242014717,0.5825307897576821,0.8569726649176802,0.645265741880478,0.6762011408957479,0.7362015242014716,0.7484575432732935,0.47460330712529925,0.14302733508231982,0.75,2.25
HistoKit (no postprocessing),gaussian,78f7eac9-40c9-a096-07a4-a0166ddd84e8_103411_2.png,0,3792863,9565,0,0.0,0.0,0.0,,0.9974845020076646,,0.9974845020076646,1.0,1.0,0.75,2.25
HistoKit (no postprocessing),gaussian,18a7f9da-53be-2120-be0a-0738920b492f_101923_1.png,4433681,474423,8670,1944658,0.8194821217500917,0.6941717163699002,0.998048330714975,0.6951152956906179,0.7153177354231595,0.8194821217500917,0.9820531450466059,0.19611703783378895,0.001951669285024979,0.75,2.25
HistoKit (no postprocessing),gaussian,c93efc84-bec7-4ba6-b526-5de46512cbba_100824_2.png,3117591,317954,1756,20244,0.9964840402596569,0.992992717841273,0.9994370616670732,0.9935484179378457,0.9936371037831756,0.9964840402596568,0.9945075224422133,0.9401415738709277,0.0005629383329267311,0.75,2.25
HistoKit (no postprocessing),gaussian,adf4a334-3c2a-d6ae-0b72-c218c11535ea_115443_2.png,0,5956104,179416,0,0.0,0.0,0.0,,0.9707578167783659,,0.9707578167783659,1.0,1.0,0.75,2.25
HistoKit (no postprocessing),gaussian,f4701930-c3d0-97f5-7529-fedf8cc9402a_110850_2.png,3818595,435848,7932,15851,0.9968955640491097,0.9938103434904114,0.9979271020431844,0.9958661564147728,0.9944409201383938,0.9968955640491097,0.9821262787867863,0.9649080471730068,0.002072897956815671,0.75,2.25
HistoKit (no postprocessing),gaussian,8469f8e6-543f-6b82-f38a-8b184a96e4e9_104905_2.png,8335149,3923300,310477,168434,0.9720738723284555,0.9456651077936842,0.9640885460462898,0.9801925847022367,0.9624010784024319,0.9720738723284557,0.9266666619427523,0.9588355450280981,0.03591145395371023,0.75,2.25
HistoKit (no postprocessing),gaussian,042c1e4d-d1be-7f85-b2e1-b98e0b68f672_101215_2.png,0,16681117,315821,0,0.0,0.0,0.0,,0.9814189473421625,,0.9814189473421625,1.0,1.0,0.75,2.25
HistoKit (no postprocessing),gaussian,103a5b47-1de4-c7ee-81eb-83cd201d2a51_131937_1.png,1389648,2669194,125703,5257,0.9550005222908226,0.9138765546413014,0.917046941599669,0.9962312845677662,0.9687431530177321,0.9550005222908226,0.9550241028560266,0.9980343629402819,0.08295305840033101,0.75,2.25
HistoKit (no postprocessing),gaussian,9761f929-4dae-801a-b291-ba7ecada0fc3_101038_2.png,5183200,231806,78828,417526,0.9543067991781826,0.9126068701873422,0.9850194639785269,0.9254514504012515,0.9160338737617063,0.9543067991781826,0.7462351191434292,0.3569914927956731,0.01498053602147309,0.75,2.25
HistoKit (no postprocessing),gaussian,36c069a8-8f9e-b246-f3af-1b6cffe0751a_123150_1.png,3115270,198125,35909,1053888,0.8511274822456945,0.7408371852339095,0.9886045826022578,0.747218023399449,0.752498414786364,0.8511274822456945,0.8465650290128784,0.15824516199112948,0.011395417397742242,0.75,2.25
HistoKit (no postprocessing),gaussian,32e0aaf3-9973-5f67-ccc7-24d8d8604aa6_110737_7.png,0,4631552,240172,0,0.0,0.0,0.0,,0.9507008196687662,,0.9507008196687662,1.0,1.0,0.75,2.25
HistoKit (no postprocessing),gaussian,9761f929-4dae-801a-b291-ba7ecada0fc3_101038_4.png,5122095,537268,3998,2326745,0.8146516565933194,0.6872677227118046,0.9992200687736255,0.6876365984502285,0.7082963605238779,0.8146516565933194,0.9926136132696308,0.18759272391570847,0.0007799312263745507,0.75,2.25
HistoKit (no postprocessing),gaussian,cbe296c0-32ef-a6c0-58c3-7dcdd9f9743d_115103_2.png,2753929,1690689,2376746,74108,0.6920539403863338,0.5291150466791795,0.5367576391020674,0.9737952509107908,0.6445705239612314,0.6920539403863338,0.4156646633566363,0.9580076348724528,0.4632423608979325,0.75,2.25
HistoKit (no postprocessing),gaussian,ed9d6e50-ec08-4213-59eb-4f99b1955e7c_103016_1.png,5229272,227791,19015,756865,0.9309372692360551,0.8707976084535413,0.9963769130765905,0.8735637022674222,0.8755194777170271,0.9309372692360551,0.9229556817905561,0.2313406915714727,0.0036230869234094858,0.75,2.25
HistoKit (no postprocessing),gaussian,d7d73023-1258-3c47-44ee-6493877f23d1_111048_1.png,6080549,475218,105980,2314745,0.8339902356516055,0.7152515023042428,0.9828692308724327,0.724280650564471,0.7303261675050788,0.8339902356516055,0.8176525039659462,0.17033129113181789,0.017130769127567332,0.75,2.25
HistoKit (no postprocessing),gaussian,a2afe16d-3866-9541-f2c7-cc8ca97faf02_130229_1.png,1113804,6655755,24275,4966,0.9870434397693422,0.9744183299870084,0.9786701977630727,0.9955611966713445,0.9962505770118479,0.9870434397693422,0.9963660342842772,0.9992544350679153,0.021329802236927313,0.75,2.25
HistoKit (no postprocessing),gaussian,aedd99b7-9b77-3379-0a55-09f4124063bb_103758_1.png,18714048,4180945,1053635,782358,0.9532398930737958,0.9106574531895094,0.9466991149139735,0.9598716809651995,0.925761431428573,0.9532398930737958,0.7987164204195943,0.8423715013973557,0.05330088508602652,0.75,2.25
HistoKit (no postprocessing),gaussian,367a29b2-8f5a-4095-840e-86626c38d291_123703_3.png,4504576,1562442,57881,26791,0.9906890654580516,0.9815499184180067,0.9873136338600013,0.9940876561090726,0.9862359774305922,0.9906890654580515,0.9642781099817752,0.9831421824238484,0.012686366139998689,0.75,2.25
HistoKit (no postprocessing),gaussian,16277008-7349-6ea9-1043-9abf63a9d11e_105523_1.png,1997176,250648,4663,741591,0.8425825727765607,0.7279850406243279,0.9976706418448237,0.7292245013905893,0.7507566603141268,0.8425825727765607,0.9817360004073463,0.2526084945260164,0.0023293581551763155,0.75,2.25
HistoKit (no postprocessing),gaussian,78f7eac9-40c9-a096-07a4-a0166ddd84e8_103411_8.png,0,6081936,502404,0,0.0,0.0,0.0,,0.9236971359316196,,0.9236971359316196,1.0,1.0,0.75,2.25
HistoKit (no postprocessing),gaussian,0f170c8e-9c83-6973-94f2-3858ac80f3dc_115930_5.png,7172212,276673,44475,442920,0.9671385552911616,0.9363681452586275,0.9938371998120468,0.9418368585075084,0.9385864662033093,0.9671385552911617,0.8615124490888936,0.38448539660613706,0.006162800187953281,0.75,2.25
HistoKit (no postprocessing),gaussian,37e97aba-1a30-28bd-be40-a79de2fca963_105321_2.png,3138142,871173,41459,8622,0.9920837637411056,0.9842918766974581,0.9869609425836764,0.9972600423800451,0.9876629429599871,0.9920837637411059,0.9545720509471507,0.9901999897703442,0.013039057416323621,0.75,2.25
HistoKit (no postprocessing),gaussian,7f0a6db3-032c-fd36-2371-511c4ae59038_115247_3.png,3629678,689859,3394,18039,0.9970562256370841,0.9941297320185555,0.9990658043661123,0.9950547150450542,0.9950626242521833,0.9970562256370841,0.9951042404432436,0.9745175152352458,0.0009341956338877952,0.75,2.25
HistoKit (no postprocessing),gaussian,c149f6be-4555-ddd6-581f-abc8aeab9698_132314_2.png,2875307,1598416,37531,23666,0.9894702356976165,0.9791599126035585,0.9871153150295348,0.9918364193112527,0.9865053848799978,0.9894702356976165,0.9770585477402385,0.9854101087367962,0.01288468497046523,0.75,2.25
HistoKit (no postprocessing),gaussian,d76874a4-c608-41cd-b260-c14f0dca935a_100643_5.png,0,3913941,15829,0,0.0,0.0,0.0,,0.9959720288973655,,0.9959720288973655,1.0,1.0,0.75,2.25
HistoKit (no postprocessing),gaussian,0f170c8e-9c83-6973-94f2-3858ac80f3dc_115930_4.png,5991955,362874,10717,1604718,0.8812122936803206,0.787649246324955,0.9982146284188108,0.788760421832031,0.7973172532302568,0.8812122936803207,0.9713135487739266,0.18442542966224706,0.001785371581189177,0.75,2.25
HistoKit (no postprocessing),gaussian,0a6bb222-fb92-5dbe-8347-47a6b9e62ff2_125049_3.png,4726330,330740,11800,1361723,0.8731295231200138,0.774826868778641,0.9975095660102192,0.7763286554831241,0.7864080342201722,0.8731295231200138,0.9655514684416419,0.1954193385616111,0.0024904339897807784,0.75,2.25
HistoKit (no postprocessing),gaussian,d7d9e09c-5b48-9d63-55ef-dabd0e7bf5cd_123455_1.png,0,3054422,2721103,0,0.0,0.0,0.0,,0.5288561645910977,,0.5288561645910977,1.0,1.0,0.75,2.25
HistoKit (no postprocessing),gaussian,ed9d6e50-ec08-4213-59eb-4f99b1955e7c_103016_4.png,6674840,326637,87652,1871124,0.8720461423412001,0.7731221773124957,0.987038505923556,0.7810517338945027,0.7813927798690505,0.8720461423412001,0.7884278848822923,0.14862262093102935,0.01296149407644401,0.75,2.25
HistoKit (no postprocessing),gaussian,46e107b0-7f41-8fd8-abd7-fbe9d0e935a4_133028_5.png,0,11481822,57438,0,0.0,0.0,0.0,,0.995022384450996,,0.995022384450996,1.0,1.0,0.75,2.25
HistoKit (no postprocessing),gaussian,8469f8e6-543f-6b82-f38a-8b184a96e4e9_104905_3.png,5245249,641508,1301455,29156,0.8874377184069616,0.7976521702104363,0.8012045450657308,0.9944721726905689,0.8156376396492461,0.8874377184069617,0.3301699517695396,0.9565266661100044,0.1987954549342692,0.75,2.25
HistoKit (no postprocessing),gaussian,16277008-7349-6ea9-1043-9abf63a9d11e_105523_3.png,2801709,293427,785,465651,0.923155318068606,0.8572780583480843,0.9997198923530256,0.8574840237990304,0.869036481643499,0.923155318068606,0.9973318559406142,0.386557112707785,0.0002801076469744449,0.75,2.25
HistoKit (no postprocessing),gaussian,4a12a0e8-253e-42bb-77ff-6e284ada3080_105659_4.png,4953440,6309664,13187,35016,0.9951579509683646,0.9903625668605296,0.9973448781235232,0.992980593594491,0.995738511915555,0.9951579509683646,0.9979143902015087,0.9944810455373636,0.0026551218764767318,0.75,2.25
HistoKit (no postprocessing),gaussian,15fe4c3f-571c-b45d-d559-12744253eeb9_122421_2.png,4223297,339710,3846,406507,0.9536687980632604,0.911440656933519,0.9990901656272333,0.9121977949822498,0.9174897855775572,0.9536687980632603,0.9888053184924729,0.4552429119143627,0.0009098343727666653,0.75,2.25
HistoKit (no postprocessing),gaussian,d7d9e09c-5b48-9d63-55ef-dabd0e7bf5cd_123455_4.png,0,16427491,1194335,0,0.0,0.0,0.0,,0.9322241066277694,,0.9322241066277694,1.0,1.0,0.75,2.25
HistoKit (no postprocessing),gaussian,9761f929-4dae-801a-b291-ba7ecada0fc3_101038_3.png,8869522,1116683,45899,208907,0.9858392728626725,0.9720739982166358,0.9948517293799137,0.976988639774569,0.9751190580695598,0.9858392728626725,0.9605197740890535,0.8424045142163112,0.005148270620086253,0.75,2.25
HistoKit (no postprocessing),gaussian,4c439187-b529-301f-82bf-3874dfa019f2_103211_2.png,2435106,1476575,115859,29924,0.9709363745378534,0.9435144246807979,0.9545822855272417,0.9878605939887142,0.964070414426351,0.9709363745378534,0.9272440804454062,0.980136727604864,0.04541771447275835,0.75,2.25
HistoKit (no postprocessing),gaussian,7f0a6db3-032c-fd36-2371-511c4ae59038_115247_1.png,3448736,1199163,209297,56552,0.9628874651854915,0.9284310360376731,0.9427842777798888,0.9838666608849259,0.9458968998817197,0.9628874651854915,0.851400110759269,0.9549643032057433,0.05721572222011119,0.75,2.25
HistoKit (no postprocessing),gaussian,6fecdbd3-f25f-98e1-f3e7-fdc984783bf1_110414_1.png,10752522,2863264,690419,3099729,0.8501633037614421,0.7393774320671513,0.9396641999639778,0.7762292207959558,0.7822496626725116,0.8501633037614421,0.805717336070775,0.4801722893184681,0.06033580003602221,0.75,2.25
HistoKit (no postprocessing),gaussian,d18df4a2-af46-984e-1fcb-35841267a2a7_132544_3.png,4400102,297334,1133,1478840,0.8560362336173784,0.7483071219329686,0.9997425722552874,0.7484513369922683,0.7604217237356309,0.8560362336173784,0.9962039354434493,0.16740139198074064,0.00025742774471256366,0.75,2.25
HistoKit (no postprocessing),gaussian,efbb89df-e3ec-91fc-7f90-b36e0f9bf420_124740_1.png,3998540,458697,1085,339938,0.9591006491524511,0.921415359104131,0.9997287245679283,0.9216457937553215,0.9289277779861866,0.9591006491524511,0.9976401860011919,0.5743512367977862,0.0002712754320717567,0.75,2.25
HistoKit (no postprocessing),gaussian,5b6306df-eee5-32e5-a263-7c4b8cf32245_100047_2.png,4204745,1009063,37147,23770,0.992808255848863,0.9857192154465122,0.9912428227781377,0.994378641201462,0.9884511514818308,0.992808255848863,0.9644937440857954,0.976985630784454,0.00875717722186232,0.75,2.25
HistoKit (no postprocessing),gaussian,786743ed-e3ab-4cc3-3e88-4ee844fd6584_104341_2.png,6068911,2841123,33644,66162,0.9918443345393405,0.9838206226675661,0.9944868993397028,0.9892157762425973,0.9889225557834546,0.9918443345393405,0.9882967906616432,0.9772426851856629,0.005513100660297203,0.75,2.25
HistoKit (no postprocessing),gaussian,36686384-7dd5-47b9-9af9-593716a57c66_072643_8.png,0,4124008,950,0,0.0,0.0,0.0,,0.9997696946247695,,0.9997696946247695,1.0,1.0,0.75,2.25
HistoKit (no postprocessing),gaussian,4f8d8d4c-adc3-ed68-4f51-2bb95426a546_131620_1.png,5844002,1335817,19573,3292,0.9980475402807426,0.9961026899024641,0.9966619340589998,0.9994370045357733,0.996825488942733,0.9980475402807426,0.9855591379602918,0.9975416489621084,0.003338065941000158,0.75,2.25
HistoKit (no postprocessing),gaussian,6dacef70-8f47-e898-de47-4738667f2bb0_100303_2.png,4970558,372938,1222,2590386,0.7932127125754944,0.6572928972995303,0.9997542127769129,0.657399128997649,0.6733996176987724,0.7932127125754943,0.9967340175326064,0.12585124002640277,0.0002457872230871036,0.75,2.25
HistoKit (no postprocessing),gaussian,adf4a334-3c2a-d6ae-0b72-c218c11535ea_115443_3.png,0,8026685,146497,0,0.0,0.0,0.0,,0.9820758916172428,,0.9820758916172428,1.0,1.0,0.75,2.25
HistoKit (no postprocessing),gaussian,b04c2edc-8554-0391-20e3-62a3af357e5f_130945_4.png,4031739,362050,200472,1362131,0.8376698679348324,0.72068153859739,0.9526318512947488,0.7474668466240381,0.7376594757363182,0.8376698679348324,0.6436192717795927,0.20998375460580995,0.047368148705251224,0.75,2.25
HistoKit (no postprocessing),gaussian,18a7f9da-53be-2120-be0a-0738920b492f_101923_2.png,3899398,180875,36512,265429,0.962726724741218,0.9281321978540651,0.9907233651175967,0.9362689014453661,0.9310985269090007,0.962726724741218,0.8320414744211936,0.4052730874023087,0.009276634882403307,0.75,2.25
HistoKit (no postprocessing),gaussian,e2bfe175-7bb7-d3b3-d437-ffbd60d747a4_123954_4.png,1909693,251340,1800,531119,0.8775547669568194,0.7818241292518009,0.9990583277050975,0.7824006928841714,0.8021794746157318,0.8775547669568194,0.9928893102630956,0.3212181085526526,0.0009416722949024663,0.75,2.25
HistoKit (no postprocessing),gaussian,b04c2edc-8554-0391-20e3-62a3af357e5f_130945_2.png,10171122,496561,24269,2068608,0.9067142539592276,0.8293479149827067,0.9976196106652506,0.8309923503214531,0.8359886243236974,0.9067142539592276,0.9534032217806194,0.19357827885804016,0.002380389334749398,0.75,2.25
HistoKit (no postprocessing),gaussian,0a6bb222-fb92-5dbe-8347-47a6b9e62ff2_125049_2.png,5168665,385966,42723,4229876,0.7075551154286923,0.5474547687682497,0.991801992098842,0.5499433369498521,0.5652285537226666,0.7075551154286923,0.9003403399667358,0.08361768015456335,0.008198007901158003,0.75,2.25
HistoKit (no postprocessing),gaussian,d18df4a2-af46-984e-1fcb-35841267a2a7_132544_1.png,7450318,152292,230353,818897,0.9342158307589158,0.8765525494942802,0.970008740121794,0.9009704065017055,0.8787254994879714,0.9342158307589158,0.39799814449424403,0.15680984854647242,0.029991259878205955,0.75,2.25
HistoKit (no postprocessing),gaussian,7f0a6db3-032c-fd36-2371-511c4ae59038_115247_4.png,2872313,860477,7998,6582,0.9974684010261137,0.9949495876708974,0.997223216520716,0.9977137061268299,0.9961092713022733,0.9974684010261136,0.9907907539077118,0.9924088210836863,0.002776783479284008,0.75,2.25
HistoKit (no postprocessing),gaussian,367a29b2-8f5a-4095-840e-86626c38d291_123703_1.png,12381709,6042342,181965,91124,0.9890923681965699,0.9784201217593517,0.9855165773960706,0.9926942018705774,0.9853940763132757,0.9890923681965699,0.9707654201503878,0.9851431474471367,0.014483422603929392,0.75,2.25
HistoKit (no postprocessing),constant,76bd570a-7866-8dee-341c-c3f9290b76cf_114927_1.png,2700005,436141,47451,268782,0.9446781741084135,0.8951564830096299,0.9827291137692469,0.909464033627202,0.9084014240614949,0.9446781741084135,0.9018780294132244,0.6187072914346673,0.017270886230753103,0.9,
HistoKit (no postprocessing),constant,96e6b3f2-f43e-7954-4202-361d3af0da92_104636_1.png,4520566,254171,82768,451344,0.9442194893414727,0.8943331306168266,0.9820199881216527,0.9092212047281628,0.8993921281241941,0.9442194893414726,0.754353161848287,0.36026307023947046,0.017980011878347302,0.9,
HistoKit (no postprocessing),gaussian,0f170c8e-9c83-6973-94f2-3858ac80f3dc_115930_1.png,5618130,258281,11462,617987,0.9469522638723064,0.8992491331442147,0.9979639732328737,0.9009019554957035,0.903248917130095,0.9469522638723064,0.9575077017753936,0.2947511491917998,0.0020360267671262855,0.75,2.25
HistoKit (no postprocessing),constant,9761f929-4dae-801a-b291-ba7ecada0fc3_101038_1.png,5200190,275014,12437,860158,0.9225940800897722,0.8563105724968033,0.9976140629283469,0.8580678865306085,0.8625358175329748,0.9225940800897723,0.9567334954479199,0.2422663702064533,0.002385937071653122,0.9,
HistoKit (no postprocessing),constant,0a6bb222-fb92-5dbe-8347-47a6b9e62ff2_125049_1.png,6238359,222176,51752,1359220,0.8984012459955544,0.8155430847481956,0.9917724822344153,0.8210982735421376,0.8207494448013576,0.8984012459955544,0.8110744429193073,0.1404935892085221,0.008227517765584742,0.9,
HistoKit (no postprocessing),constant,32e0aaf3-9973-5f67-ccc7-24d8d8604aa6_110737_5.png,0,5461649,12259,0,0.0,0.0,0.0,,0.9977604665624632,,0.9977604665624632,1.0,1.0,0.9,
HistoKit (no postprocessing),constant,36c069a8-8f9e-b246-f3af-1b6cffe0751a_123150_5.png,2148521,340965,4886,1156497,0.7872311152026454,0.6491188264070499,0.9977310373747276,0.650078456456213,0.6818886133684884,0.7872311152026454,0.9858725289214141,0.22769526038056392,0.002268962625272417,0.9,
HistoKit (no postprocessing),constant,4c439187-b529-301f-82bf-3874dfa019f2_103211_1.png,5234877,2768212,6807,47384,0.9948506952478372,0.989754149502332,0.9987013715439542,0.9910295988782076,0.9932742811469876,0.9948506952478371,0.9975470438220423,0.9831708810496961,0.001298628456045805,0.9,
HistoKit (no postprocessing),constant,96e6b3f2-f43e-7954-4202-361d3af0da92_104636_4.png,3485375,362117,4749,1560650,0.8166153144702606,0.6900675025253555,0.9986393033599952,0.6907169504709152,0.7108016769596875,0.8166153144702605,0.9870552190718137,0.18833119145481486,0.0013606966400047677,0.9,
HistoKit (no postprocessing),gaussian,6fecdbd3-f25f-98e1-f3e7-fdc984783bf1_110414_2.png,7692557,743876,23905,2746627,0.8474010784303682,0.735208980827746,0.9969020776620167,0.7368925578857505,0.7527848083758627,0.8474010784303682,0.9688648195253594,0.21311427035014724,0.003097922337983392,0.75,2.25
HistoKit (no postprocessing),constant,d7d9e09c-5b48-9d63-55ef-dabd0e7bf5cd_123455_3.png,0,3208319,352,0,0.0,0.0,0.0,,0.9998902972601429,,0.9998902972601429,1.0,1.0,0.9,
HistoKit (no postprocessing),constant,0fcbbf47-bbbc-4a27-0d18-fe35bf99ccdb_133554_3.png,1323036,235752,7756,1328904,0.66438615503127,0.49743880503636506,0.9941718916254381,0.4988936401276047,0.5383581400874753,0.66438615503127,0.9681488903855315,0.15067337485044635,0.005828108374561915,0.9,
HistoKit (no postprocessing),constant,6fecdbd3-f25f-98e1-f3e7-fdc984783bf1_110414_3.png,2359414,763385,393093,936858,0.7801290144672173,0.6395176405695832,0.8571872841740276,0.7157825567792949,0.7013191847734546,0.7801290144672172,0.6600947013259223,0.448985821438465,0.14281271582597246,0.9,
HistoKit (no postprocessing),constant,db9f8afe-40d5-d8aa-882f-512377b755a1_120139_1.png,4163970,7770508,812998,228424,0.888848141420942,0.7999339915226366,0.8366479350480052,0.9479955577755548,0.9197418290831465,0.888848141420942,0.9052836917688413,0.9714431876655534,0.16335206495199486,0.9,
HistoKit (no postprocessing),constant,db9f8afe-40d5-d8aa-882f-512377b755a1_120139_3.png,5383753,1062710,122817,156620,0.9747045856939789,0.9506573150468199,0.9776962791719709,0.9717311451774095,0.9584535898541459,0.9747045856939788,0.8964030342623998,0.8715524099300436,0.022303720828029065,0.9,
HistoKit (no postprocessing),constant,ed9d6e50-ec08-4213-59eb-4f99b1955e7c_103016_3.png,9936707,217477,112378,331562,0.9781497137865491,0.9572338795452731,0.988817091307318,0.9677100395402575,0.9581114544423145,0.9781497137865491,0.659310909338952,0.39610483044009626,0.011182908692681971,0.9,
HistoKit (no postprocessing),constant,aedd99b7-9b77-3379-0a55-09f4124063bb_103758_2.png,5062014,135735,18978,316797,0.967898534991529,0.937793974532906,0.9962649026016966,0.9411027827525451,0.9393198619902977,0.9678985349915289,0.8773341606716953,0.29994563920341544,0.0037350973983033236,0.9,
HistoKit (no postprocessing),constant,cbe296c0-32ef-a6c0-58c3-7dcdd9f9743d_115103_5.png,2848594,628471,63173,21908,0.985285879989326,0.9709984916529609,0.9783042393158519,0.9923678854778711,0.9761152406442634,0.985285879989326,0.9086625489413629,0.9663150255466428,0.02169576068414815,0.9,
HistoKit (no postprocessing),constant,16277008-7349-6ea9-1043-9abf63a9d11e_105523_2.png,6937396,376679,186,1464433,0.9045192152423583,0.8256824107074315,0.9999731895060844,0.8257006896950652,0.833162085385366,0.9045192152423585,0.9995064545659587,0.20459320236900308,2.6810493915603447e-05,0.9,
HistoKit (no postprocessing),constant,042c1e4d-d1be-7f85-b2e1-b98e0b68f672_101215_1.png,3936128,642952,1390195,20285,0.8480534187334424,0.7361916190601593,0.7389953632177395,0.9948728810667643,0.7645102478312263,0.8480534187334423,0.31623488119648996,0.9694151562714384,0.2610046367822605,0.9,
HistoKit (no postprocessing),constant,e2bfe175-7bb7-d3b3-d437-ffbd60d747a4_123954_6.png,2174863,170876,3514,726676,0.8562594342111168,0.7486483034905043,0.9983868724284181,0.7495549775481218,0.7626115557283669,0.8562594342111169,0.9798497620276392,0.1903800559744728,0.001613127571581962,0.9,
HistoKit (no postprocessing),constant,15fe4c3f-571c-b45d-d559-12744253eeb9_122421_3.png,2480043,166242,611,192421,0.9625407374719539,0.9277865379759266,0.9997536939855377,0.9279986559220255,0.9320146359142005,0.9625407374719538,0.9963380940108958,0.4635047384313408,0.0002463060144623152,0.9,
HistoKit (no postprocessing),constant,a2afe16d-3866-9541-f2c7-cc8ca97faf02_130229_2.png,1340829,2151739,13112,2990,0.9940313445228635,0.9881335160004451,0.9903156784527538,0.9977749979721972,0.9954107966836436,0.9940313445228635,0.9939432321208249,0.9986123545002643,0.00968432154724615,0.9,
HistoKit (no postprocessing),constant,15fe4c3f-571c-b45d-d559-12744253eeb9_122421_1.png,4752298,1723128,200102,9514,0.9784217186118648,0.9577550114733951,0.9595949438656005,0.9980020210793706,0.9686440264698412,0.9784217186118648,0.8959552419627398,0.9945089637674719,0.040405056134399486,0.9,
HistoKit (no postprocessing),constant,73e02c87-178a-0dc6-cf2c-3f6aeb0c5685_124434_1.png,0,8827267,2545641,0,0.0,0.0,0.0,,0.776166218877353,,0.776166218877353,1.0,1.0,0.9,
HistoKit (no postprocessing),constant,adf4a334-3c2a-d6ae-0b72-c218c11535ea_115443_6.png,0,5823396,106191,0,0.0,0.0,0.0,,0.9820913328365027,,0.9820913328365027,1.0,1.0,0.9,
HistoKit (no postprocessing),constant,adf4a334-3c2a-d6ae-0b72-c218c11535ea_115443_5.png,0,5528136,28584,0,0.0,0.0,0.0,,0.9948559581911631,,0.9948559581911631,1.0,1.0,0.9,
HistoKit (no postprocessing),constant,78f7eac9-40c9-a096-07a4-a0166ddd84e8_103411_4.png,0,3171848,352,0,0.0,0.0,0.0,,0.9998890360002521,,0.9998890360002521,1.0,1.0,0.9,
HistoKit (no postprocessing),constant,46e107b0-7f41-8fd8-abd7-fbe9d0e935a4_133028_1.png,0,8858901,403355,0,0.0,0.0,0.0,,0.9564517543026234,,0.9564517543026234,1.0,1.0,0.9,
HistoKit (no postprocessing),constant,adf4a334-3c2a-d6ae-0b72-c218c11535ea_115443_8.png,0,7398871,2720,0,0.0,0.0,0.0,,0.9996325114424723,,0.9996325114424723,1.0,1.0,0.9,
HistoKit (no postprocessing),constant,15fe4c3f-571c-b45d-d559-12744253eeb9_122421_5.png,3545845,267688,2978,768201,0.9019214233379699,0.8213632817422373,0.9991608485404879,0.8219302714899193,0.8317933601936174,0.90192142333797,0.9889975098460834,0.25841378757762656,0.0008391514595120692,0.9,
HistoKit (no postprocessing),constant,f010c097-faf6-f2df-c82a-aca0270a9814_110553_3.png,543855,4196991,126710,874,0.8950179956454981,0.8099842279045453,0.8110399439278817,0.9983955324574237,0.9737936049198612,0.895017995645498,0.9706940882359811,0.9997917989263589,0.1889600560721183,0.9,
HistoKit (no postprocessing),constant,4a12a0e8-253e-42bb-77ff-6e284ada3080_105659_1.png,1908748,1423866,14912,12534,0.9928617908930746,0.9858247675594491,0.9922481103729349,0.9934762309749428,0.991831693481664,0.9928617908930745,0.9896356491411462,0.9912740183792815,0.007751889627065074,0.9,
HistoKit (no postprocessing),constant,c149f6be-4555-ddd6-581f-abc8aeab9698_132314_1.png,3701647,2081256,120612,32205,0.9797757073711596,0.9603532423704048,0.9684448385104202,0.9913748589928042,0.9742546818246144,0.9797757073711596,0.9452228743957404,0.9847619615408091,0.031555161489579854,0.9,
HistoKit (no postprocessing),constant,e2bfe175-7bb7-d3b3-d437-ffbd60d747a4_123954_3.png,4683890,281209,6002,681709,0.9316084117622899,0.8719728066176173,0.9987202263932731,0.872948202055353,0.8783417450789961,0.9316084117622899,0.9791024717019892,0.29203836671450734,0.001279773606726978,0.9,
HistoKit (no postprocessing),constant,f4701930-c3d0-97f5-7529-fedf8cc9402a_110850_3.png,2346582,427186,881,7273,0.998265592755053,0.9965371914303769,0.9996247012199979,0.9969101750107802,0.9970689329176016,0.9982655927550529,0.9979419109625363,0.9832596401501638,0.0003752987800020703,0.9,
HistoKit (no postprocessing),constant,e4c17e5d-ca75-8d00-1c03-2c4b0f9dc6a7_131509_7.png,0,4800746,47452,0,0.0,0.0,0.0,,0.9902124459438332,,0.9902124459438332,1.0,1.0,0.9,
HistoKit (no postprocessing),constant,78f7eac9-40c9-a096-07a4-a0166ddd84e8_103411_6.png,0,6396016,423904,0,0.0,0.0,0.0,,0.9378432591584652,,0.9378432591584652,1.0,1.0,0.9,
HistoKit (no postprocessing),constant,5b6306df-eee5-32e5-a263-7c4b8cf32245_100047_3.png,6726332,579240,5500,20280,0.998087316310399,0.9961819353707403,0.9991829861470102,0.9969940467897072,0.9964835953859533,0.998087316310399,0.9905941102028252,0.9661729383506805,0.0008170138529897953,0.9,
HistoKit (no postprocessing),constant,6dacef70-8f47-e898-de47-4738667f2bb0_100303_3.png,3099848,198209,505,387624,0.9410838933942538,0.8887237501852793,0.9998371153220295,0.8888524409658343,0.8947071580218686,0.9410838933942538,0.9974586591785178,0.33833703461566694,0.00016288467797054079,0.9,
HistoKit (no postprocessing),constant,18a7f9da-53be-2120-be0a-0738920b492f_101923_4.png,9231643,241318,82398,694133,0.9596393770273387,0.9224103218029582,0.991153356529137,0.9300676340066509,0.9242371231666896,0.9596393770273387,0.7454620716924711,0.2579696852106631,0.00884664347086297,0.9,
HistoKit (no postprocessing),constant,67cf3804-696c-ef64-2d57-43ad0b86332a_122601_2.png,6007571,4367836,5411,80677,0.9928860124136142,0.9858725274912823,0.9991001137206131,0.9867487329688278,0.9917709658132036,0.9928860124136141,0.998762704233262,0.981864276894324,0.0008998862793868334,0.9,
HistoKit (no postprocessing),constant,2852fafe-6f36-4c12-47aa-96e73b433b3f_123004_2.png,2496784,1107290,7396,89428,0.9809790680167657,0.9626682212577999,0.9970465381881494,0.96542124156875,0.9738377010120246,0.9809790680167657,0.9933649476175354,0.9252722863698883,0.002953461811850586,0.9,
HistoKit (no postprocessing),gaussian,67cf3804-696c-ef64-2d57-43ad0b86332a_122601_1.png,21120674,12470218,7821527,893002,0.8289789222938897,0.7079111880016369,0.7297535526064517,0.9594342171657292,0.7940091649247504,0.8289789222938896,0.6145463586300735,0.933174639046577,0.27024644739354825,0.75,2.25
HistoKit (no postprocessing),constant,f4701930-c3d0-97f5-7529-fedf8cc9402a_110850_4.png,2529948,506863,3280,33679,0.9927486655986878,0.9856017378113037,0.9987052093218612,0.9868627534348796,0.9879760034094939,0.9927486655986878,0.9935704302519097,0.9376940182261508,0.0012947906781387226,0.9,
HistoKit (no postprocessing),constant,78f7eac9-40c9-a096-07a4-a0166ddd84e8_103411_1.png,0,2771631,2129,0,0.0,0.0,0.0,,0.999232449815413,,0.999232449815413,1.0,1.0,0.9,
HistoKit (no postprocessing),constant,adf4a334-3c2a-d6ae-0b72-c218c11535ea_115443_4.png,0,4483837,2951759,0,0.0,0.0,0.0,,0.6030232142789899,,0.6030232142789899,1.0,1.0,0.9,
HistoKit (no postprocessing),constant,7fcfd7e6-a936-d1a4-6766-2f191e54690d_131809_1.png,3298774,255600,5805,576856,0.9188518050101327,0.8498851584529948,0.9982433465806083,0.8511581342904251,0.8591597605531498,0.9188518050101326,0.9777930797039077,0.3070432551390104,0.0017566534193916986,0.9,
HistoKit (no postprocessing),constant,db9f8afe-40d5-d8aa-882f-512377b755a1_120139_2.png,3001829,1972686,37333,63895,0.9834185273893731,0.9673779759765934,0.987716021719145,0.979158267345658,0.9800565158637858,0.9834185273893731,0.9814265437291886,0.9686263399295191,0.012283978280855052,0.9,
HistoKit (no postprocessing),constant,d7d73023-1258-3c47-44ee-6493877f23d1_111048_2.png,6547319,432065,12991,736969,0.9458301353350961,0.8972274460110405,0.9980197582126454,0.8988275861690257,0.902972360914458,0.9458301353350961,0.9708104148691401,0.36959147467053993,0.001980241787354561,0.9,
HistoKit (no postprocessing),constant,eb22b9cd-e52e-fa2d-85a8-60a50dc5a7c4_102757_1.png,2192994,585594,20844,27249,0.9891537840648378,0.9785403244050767,0.9905846769275801,0.9877270190695343,0.9829860532546828,0.9891537840648379,0.9656288029444066,0.955536736162443,0.009415323072419933,0.9,
HistoKit (no postprocessing),constant,0a6bb222-fb92-5dbe-8347-47a6b9e62ff2_125049_4.png,8403644,477345,11389,5197035,0.7634224139559965,0.6173671774193311,0.9986465887893725,0.6178841512250969,0.6303306603334007,0.7634224139559966,0.9766969353472441,0.08412284690133548,0.0013534112106274568,0.9,
HistoKit (no postprocessing),constant,f569a03d-b1d7-9121-59cf-f65992813d75_131224_1.png,0,4332681,36225,0,0.0,0.0,0.0,,0.9917084505823655,,0.9917084505823655,1.0,1.0,0.9,
HistoKit (no postprocessing),constant,98491719-8df8-3c0a-7325-de39c48b2a96_133826_2.png,2682441,1625262,105731,51376,0.9715488386521596,0.9446718280515067,0.9620787383274776,0.9812072278429755,0.9648121644594059,0.9715488386521596,0.9389188748885755,0.9693577265933374,0.037921261672522355,0.9,
HistoKit (no postprocessing),constant,0823ec0e-9dd5-2324-aa8d-fe8db13ea4cd_103937_1.png,1450970,4080210,24539,43953,0.9769420744188051,0.9549235189823767,0.9833691288904371,0.970598485674513,0.9877685693019163,0.9769420744188051,0.9940218025511426,0.9893425647822358,0.01663087110956287,0.9,
HistoKit (no postprocessing),constant,18a7f9da-53be-2120-be0a-0738920b492f_101923_3.png,11624579,139464,76462,518831,0.9750343172086453,0.9512848416088155,0.9934653677395028,0.9572746864348647,0.9518345483932147,0.9750343172086453,0.6458879430916147,0.21185638657440814,0.006534632260497164,0.9,
HistoKit (no postprocessing),constant,2852fafe-6f36-4c12-47aa-96e73b433b3f_123004_1.png,2201562,2840234,31608,18529,0.9887415087505538,0.9777337024175967,0.9858461290452585,0.9916539457166396,0.9901536410632269,0.9887415087505538,0.9889938234763611,0.9935185253202171,0.014153870954741465,0.9,
HistoKit (no postprocessing),constant,46e107b0-7f41-8fd8-abd7-fbe9d0e935a4_133028_6.png,0,5265901,11554,0,0.0,0.0,0.0,,0.9978106871588673,,0.9978106871588673,1.0,1.0,0.9,
HistoKit (no postprocessing),constant,8956f1ca-9d66-b2d7-8ef9-bd09fb590f4a_110204_2.png,6297969,1445024,153123,355138,0.9612138826646329,0.9253241515493893,0.9762640185568583,0.9466207292322218,0.9384019689613239,0.9612138826646328,0.9041871617567094,0.802718866413134,0.02373598144314172,0.9,
HistoKit (no postprocessing),constant,c93efc84-bec7-4ba6-b526-5de46512cbba_100824_1.png,7392548,881292,24906,30359,0.9962760339859658,0.9925797009135433,0.9966422440907622,0.99591009290565,0.9933648333164248,0.9962760339859658,0.972515940224984,0.9666988792860426,0.00335775590923786,0.9,
HistoKit (no postprocessing),constant,8469f8e6-543f-6b82-f38a-8b184a96e4e9_104905_1.png,8805857,9296666,5581111,184483,0.7533679241425061,0.6043225894250339,0.6120717721760416,0.9794798639428542,0.7584395115877804,0.7533679241425062,0.6248692933090744,0.9805421262760452,0.38792822782395847,0.9,
HistoKit (no postprocessing),constant,36c069a8-8f9e-b246-f3af-1b6cffe0751a_123150_4.png,3120321,201849,74643,1365547,0.8124955733962154,0.6842042481642956,0.9766372954437045,0.6955891256719993,0.6975890104905971,0.8124955733962154,0.7300355887331279,0.1287798361103384,0.02336270455629547,0.9,
HistoKit (no postprocessing),constant,36c069a8-8f9e-b246-f3af-1b6cffe0751a_123150_3.png,6404502,354369,3462,1839043,0.874244693840068,0.7765850083551523,0.9994597347925176,0.7769111468427722,0.7857895062371416,0.8742446938400681,0.9903250417096339,0.1615606187984747,0.0005402652074824391,0.9,
HistoKit (no postprocessing),constant,18a7f9da-53be-2120-be0a-0738920b492f_101923_5.png,6687652,412461,4357,1784320,0.8820443655264406,0.7889797576285678,0.9993489249640878,0.7893855173270167,0.798771598834037,0.8820443655264406,0.98954699653086,0.18775699534910398,0.000651075035912235,0.9,
HistoKit (no postprocessing),constant,6dacef70-8f47-e898-de47-4738667f2bb0_100303_1.png,8255293,337236,12255,1436544,0.9193291418386543,0.8507022604484789,0.9985176983550624,0.8517779446765356,0.8557163952815803,0.9193291418386543,0.9649347193489961,0.19012278862091128,0.0014823016449375317,0.9,
HistoKit (no postprocessing),constant,e2bfe175-7bb7-d3b3-d437-ffbd60d747a4_123954_2.png,3913435,174724,51058,124983,0.9780028792023302,0.9569526755995145,0.9871211779160665,0.969051494917069,0.9587165236152151,0.9780028792023303,0.7738615124323462,0.5829827131164771,0.012878822083933558,0.9,
HistoKit (no postprocessing),constant,0f170c8e-9c83-6973-94f2-3858ac80f3dc_115930_3.png,6429654,349664,44746,716048,0.9441418280127417,0.8941937971041581,0.99308878042753,0.8997931903681402,0.8991004377653806,0.9441418280127418,0.8865495296772394,0.3281036527692285,0.0069112195724700355,0.9,
HistoKit (no postprocessing),constant,d18df4a2-af46-984e-1fcb-35841267a2a7_132544_2.png,8179090,140595,128232,637808,0.9552656996931831,0.9143623401783988,0.9845639786203063,0.9276607260285874,0.9156875208087412,0.9552656996931831,0.5229943420861743,0.18061980747761763,0.01543602137969372,0.9,
HistoKit (no postprocessing),constant,103a5b47-1de4-c7ee-81eb-83cd201d2a51_131937_2.png,2679450,1748220,128874,16266,0.9736302788497176,0.9486155512835491,0.9541099958551791,0.993965981579662,0.9682602163658669,0.9736302788497176,0.9313438751602211,0.9907814513688405,0.045890004144820896,0.9,
HistoKit (no postprocessing),constant,d7d73023-1258-3c47-44ee-6493877f23d1_111048_3.png,6384307,272152,7662,1168977,0.9156244063840219,0.8443793937954325,0.9988013083292487,0.8452359265188493,0.8497862531529671,0.9156244063840219,0.9726175244984168,0.18884638363394254,0.0011986916707512193,0.9,
HistoKit (no postprocessing),constant,8956f1ca-9d66-b2d7-8ef9-bd09fb590f4a_110204_1.png,6890576,3445228,573713,100848,0.953336027078014,0.9108329432765064,0.923138962063232,0.9855754707481623,0.9387340020062913,0.953336027078014,0.8572477177445501,0.971560677210528,0.07686103793676799,0.9,
HistoKit (no postprocessing),constant,36c069a8-8f9e-b246-f3af-1b6cffe0751a_123150_2.png,4504796,357948,4188,1493448,0.8574661176097064,0.7504951326395701,0.9990711876555782,0.7510191315991813,0.7645367100707819,0.8574661176097063,0.9884352839817085,0.19333951245438577,0.0009288123444217146,0.9,
HistoKit (no postprocessing),constant,aedd99b7-9b77-3379-0a55-09f4124063bb_103758_4.png,4649746,123113,18580,292391,0.9676424538547206,0.9373132956385135,0.9960199866076191,0.9408371317913687,0.9388313535267702,0.9676424538547207,0.8688714333100436,0.2962979899110478,0.003980013392380909,0.9,
HistoKit (no postprocessing),constant,67cf3804-696c-ef64-2d57-43ad0b86332a_122601_3.png,3089022,3892773,1127707,31386,0.842023803017444,0.7271512188347067,0.7325635581513538,0.9899416999315475,0.8576208148300284,0.842023803017444,0.775378649053477,0.9920018531359204,0.2674364418486462,0.9,
HistoKit (no postprocessing),constant,4a12a0e8-253e-42bb-77ff-6e284ada3080_105659_3.png,810884,3468538,8460,27502,0.978306479342233,0.9575341915767448,0.9896746665625183,0.967196494216268,0.9916665585264255,0.9783064793422331,0.9975668665900872,0.9921333852015423,0.010325333437481692,0.9,
HistoKit (no postprocessing),constant,5b6306df-eee5-32e5-a263-7c4b8cf32245_100047_4.png,5966197,357754,7539,20380,0.9976656965415537,0.9953422656485127,0.9987379756989596,0.9965957173857448,0.9956046014795643,0.9976656965415539,0.9793617726044572,0.9461037621583883,0.001262024301040421,0.9,
HistoKit (no postprocessing),constant,103a5b47-1de4-c7ee-81eb-83cd201d2a51_131937_3.png,500139,9914270,21552,1725,0.9772586719814763,0.955528680819845,0.958688188985434,0.9965628138300416,0.9977699080045136,0.9772586719814764,0.9978308790153447,0.9998260386375749,0.041311811014566095,0.9,
HistoKit (no postprocessing),constant,042c1e4d-d1be-7f85-b2e1-b98e0b68f672_101215_2.png,0,16842428,154510,0,0.0,0.0,0.0,,0.9909095391181635,,0.9909095391181635,1.0,1.0,0.9,
HistoKit (no postprocessing),constant,e4c17e5d-ca75-8d00-1c03-2c4b0f9dc6a7_131509_4.png,0,13272857,184001,0,0.0,0.0,0.0,,0.9863266001617911,,0.9863266001617911,1.0,1.0,0.9,
HistoKit (no postprocessing),constant,78f7eac9-40c9-a096-07a4-a0166ddd84e8_103411_2.png,0,3788761,13667,0,0.0,0.0,0.0,,0.996405717609906,,0.996405717609906,1.0,1.0,0.9,
HistoKit (no postprocessing),constant,46e107b0-7f41-8fd8-abd7-fbe9d0e935a4_133028_4.png,0,5749481,59077,0,0.0,0.0,0.0,,0.989829317362416,,0.989829317362416,1.0,1.0,0.9,
HistoKit (no postprocessing),constant,d07adf84-9a4a-637f-4bfb-56af281dbf05_133243_1.png,3512374,886453,13506,9835,0.9966883221820837,0.9933985063841402,0.9961694669132245,0.9972077182245573,0.9947218197047241,0.9966883221820837,0.9849926496651514,0.9890269645471098,0.0038305330867755,0.9,
HistoKit (no postprocessing),constant,aedd99b7-9b77-3379-0a55-09f4124063bb_103758_3.png,2288387,1194891,384894,1401547,0.7192549678110829,0.5615910659296539,0.8560218697548069,0.6201701710653903,0.6609988122706353,0.7192549678110829,0.756363049402292,0.46020394093754596,0.14397813024519307,0.9,
HistoKit (no postprocessing),constant,f4701930-c3d0-97f5-7529-fedf8cc9402a_110850_2.png,3822199,435773,8007,12247,0.9973574795046142,0.9947288880306409,0.9979095119165914,0.9968060575113067,0.9952657947476361,0.9973574795046142,0.981957276127811,0.9726641667782688,0.002090488083408569,0.9,
HistoKit (no postprocessing),constant,c93efc84-bec7-4ba6-b526-5de46512cbba_100824_2.png,3118582,317837,1873,19253,0.996624317505261,0.9932713488005891,0.9993997670211555,0.9938642407902264,0.9938898842965167,0.996624317505261,0.9941415657940008,0.9428846895487852,0.0006002329788444313,0.9,
HistoKit (no postprocessing),constant,18a7f9da-53be-2120-be0a-0738920b492f_101923_1.png,4383666,474210,8883,1994673,0.8139841394692805,0.6863180894604884,0.9979777118024181,0.687273912534282,0.7079973976277838,0.8139841394692805,0.9816122361532873,0.1920747155697536,0.00202228819758186,0.9,
HistoKit (no postprocessing),constant,adf4a334-3c2a-d6ae-0b72-c218c11535ea_115443_2.png,0,5712906,422614,0,0.0,0.0,0.0,,0.9311201006597648,,0.9311201006597648,1.0,1.0,0.9,
HistoKit (no postprocessing),constant,103a5b47-1de4-c7ee-81eb-83cd201d2a51_131937_1.png,1390194,2671189,123708,4711,0.9558516601479575,0.9154366517341811,0.9182853315472204,0.9966227090733778,0.9693496255908991,0.9558516601479576,0.9557379037581707,0.9982394708322434,0.08171466845277964,0.9,
HistoKit (no postprocessing),constant,8469f8e6-543f-6b82-f38a-8b184a96e4e9_104905_2.png,8341332,3907045,326732,162251,0.9715238148093773,0.9446245122625864,0.962306231241486,0.9809196899706865,0.9616103336955225,0.9715238148093774,0.9228273005403922,0.9601279926552406,0.03769376875851401,0.9,
HistoKit (no postprocessing),constant,9761f929-4dae-801a-b291-ba7ecada0fc3_101038_2.png,5327844,216611,94023,272882,0.9667133677166525,0.9355713482718905,0.9826585565451901,0.9512773879672028,0.9379322186434256,0.9667133677166525,0.6973190314002975,0.4425211392195598,0.017341443454809938,0.9,
HistoKit (no postprocessing),constant,a2afe16d-3866-9541-f2c7-cc8ca97faf02_130229_1.png,1116564,6656669,23361,2206,0.9886806319578341,0.977614651909457,0.9795065464833212,0.9980281916747857,0.9967216751295072,0.9886806319578341,0.9965028600170958,0.9996687128080944,0.02049345351667873,0.9,
HistoKit (no postprocessing),constant,36c069a8-8f9e-b246-f3af-1b6cffe0751a_123150_1.png,2972171,197891,36143,1196987,0.8281943837607447,0.7067677200752098,0.987985629159722,0.712894785949585,0.719946348012987,0.8281943837607447,0.845565174290915,0.14186975491763437,0.012014370840277976,0.9,
HistoKit (no postprocessing),constant,32e0aaf3-9973-5f67-ccc7-24d8d8604aa6_110737_7.png,0,4722029,149695,0,0.0,0.0,0.0,,0.9692726845773694,,0.9692726845773694,1.0,1.0,0.9,
HistoKit (no postprocessing),constant,ed9d6e50-ec08-4213-59eb-4f99b1955e7c_103016_1.png,5249395,232566,14240,736742,0.9332446915368596,0.8748441972896036,0.997294645240409,0.8769253025782737,0.8795140594098165,0.9332446915368596,0.9423028613566932,0.23992992939292773,0.002705354759591043,0.9,
HistoKit (no postprocessing),constant,cbe296c0-32ef-a6c0-58c3-7dcdd9f9743d_115103_2.png,2783612,1573373,2494062,44425,0.6868273492602931,0.5230289778525352,0.5274315920233043,0.9842912239125584,0.6318617492754666,0.6868273492602932,0.3868219160232432,0.9725398350103042,0.4725684079766958,0.9,
HistoKit (no postprocessing),constant,367a29b2-8f5a-4095-840e-86626c38d291_123703_3.png,4506082,1563944,56379,25285,0.9910198433486976,0.9821995376378727,0.9876428532758965,0.994420006148255,0.9867249487539197,0.9910198433486976,0.9652050856526754,0.9840897693158129,0.012357146724103504,0.9,
HistoKit (no postprocessing),constant,aedd99b7-9b77-3379-0a55-09f4124063bb_103758_1.png,18825848,4163581,1070999,670558,0.9557904750846548,0.9153244174459539,0.946172426214063,0.965606071190762,0.9295799609445414,0.9557904750846548,0.7953992488413588,0.8612869840937548,0.05382757378593704,0.9,
HistoKit (no postprocessing),constant,16277008-7349-6ea9-1043-9abf63a9d11e_105523_1.png,1798461,252925,2386,940306,0.7923409347138325,0.6560965403974167,0.9986750678986055,0.656668128395004,0.6851478151203809,0.7923409347138324,0.9906545350572439,0.21196650103793818,0.0013249321013945104,0.9,
HistoKit (no postprocessing),constant,9761f929-4dae-801a-b291-ba7ecada0fc3_101038_4.png,4961402,537200,4066,2487438,0.7993038355420213,0.6657003321925703,0.9991811446574623,0.6660637092486884,0.688176352103464,0.7993038355420214,0.9924879818795195,0.1776080311098386,0.0008188553425377024,0.9,
HistoKit (no postprocessing),constant,d7d73023-1258-3c47-44ee-6493877f23d1_111048_1.png,6122628,476766,104432,2272666,0.8374339726695168,0.720332396597255,0.9832293249141649,0.7292928633589246,0.7351863066329252,0.8374339726695168,0.8203159680521956,0.17340527061589447,0.01677067508583505,0.9,
HistoKit (no postprocessing),constant,78f7eac9-40c9-a096-07a4-a0166ddd84e8_103411_8.png,0,5943359,640981,0,0.0,0.0,0.0,,0.9026506832879225,,0.9026506832879225,1.0,1.0,0.9,
HistoKit (no postprocessing),constant,7f0a6db3-032c-fd36-2371-511c4ae59038_115247_3.png,3631217,690339,2914,16500,0.9973339185327681,0.9946820152461314,0.999198157688867,0.9954766227752866,0.9955277276737687,0.9973339185327681,0.9957966283593436,0.9766566360939337,0.0008018423111329779,0.9,
HistoKit (no postprocessing),constant,37e97aba-1a30-28bd-be40-a79de2fca963_105321_2.png,3130040,870774,41858,16724,0.9907287333932405,0.981627800347611,0.9868034848535483,0.9946853338858587,0.9855687890513761,0.9907287333932405,0.9541348539170225,0.9811560138727073,0.013196515146451746,0.9,
HistoKit (no postprocessing),constant,0f170c8e-9c83-6973-94f2-3858ac80f3dc_115930_5.png,7252570,288760,32388,362562,0.9734934486972897,0.9483558068498023,0.9955541267362146,0.9523892691551505,0.9502348707454878,0.9734934486972898,0.8991493018795073,0.4433444594225283,0.00444587326378546,0.9,
HistoKit (no postprocessing),constant,c149f6be-4555-ddd6-581f-abc8aeab9698_132314_2.png,2875733,1595929,40018,23240,0.9891210657633965,0.9784762865895132,0.9862752340649116,0.9919833679030471,0.9860509115927073,0.9891210657633965,0.9755383273419005,0.9856469584089123,0.013724765935088422,0.9,
HistoKit (no postprocessing),constant,d76874a4-c608-41cd-b260-c14f0dca935a_100643_5.png,0,3904586,25184,0,0.0,0.0,0.0,,0.9935914824531715,,0.9935914824531715,1.0,1.0,0.9,
HistoKit (no postprocessing),constant,0a6bb222-fb92-5dbe-8347-47a6b9e62ff2_125049_3.png,4756812,332391,10149,1331241,0.876426690928266,0.7800351644632303,0.997870970624681,0.7813355107125382,0.7914049295298272,0.8764266909282659,0.9703713434927308,0.19979839291381749,0.0021290293753189926,0.9,
HistoKit (no postprocessing),constant,d7d9e09c-5b48-9d63-55ef-dabd0e7bf5cd_123455_1.png,0,3255809,2519716,0,0.0,0.0,0.0,,0.5637252024707711,,0.5637252024707711,1.0,1.0,0.9,
HistoKit (no postprocessing),constant,8469f8e6-543f-6b82-f38a-8b184a96e4e9_104905_3.png,5228343,714386,1228577,46062,0.8913473968200523,0.803991614923738,0.809727083501112,0.9912668822360058,0.8233928213165796,0.8913473968200523,0.36767864339156225,0.9394278109745834,0.19027291649888803,0.9,
HistoKit (no postprocessing),constant,ed9d6e50-ec08-4213-59eb-4f99b1955e7c_103016_4.png,6692704,320434,93855,1853260,0.8730075278543524,0.7746347463992012,0.9861704584016731,0.7831420773595583,0.7826941940143878,0.8730075278543525,0.7734552450101257,0.14741449348436347,0.013829541598326929,0.9,
HistoKit (no postprocessing),constant,16277008-7349-6ea9-1043-9abf63a9d11e_105523_3.png,2787797,294157,55,479563,0.9207925337709068,0.8532117897481648,0.9999802715495658,0.8532261520003918,0.8653353069936534,0.9207925337709069,0.9998130599703615,0.3801853383653001,1.972845043424113e-05,0.9,
HistoKit (no postprocessing),constant,0f170c8e-9c83-6973-94f2-3858ac80f3dc_115930_4.png,5840076,363529,10062,1756597,0.868618737929759,0.7677506840977107,0.9982800405734018,0.7687675907597971,0.7783437286393525,0.868618737929759,0.973066803001143,0.1714657525071623,0.0017199594265981419,0.9,
HistoKit (no postprocessing),constant,9761f929-4dae-801a-b291-ba7ecada0fc3_101038_3.png,8949850,1118780,43802,128579,0.9904614748019335,0.9811031972332207,0.9951296759091858,0.9858368667089867,0.9831675798414824,0.9904614748019334,0.9623235178249793,0.8969190104853535,0.004870324090814277,0.9,
HistoKit (no postprocessing),constant,4a12a0e8-253e-42bb-77ff-6e284ada3080_105659_4.png,4956012,6311429,11422,32444,0.9955939649795247,0.9912265859286966,0.9977006237022978,0.9934961839895952,0.996121933566121,0.9955939649795248,0.9981935364284245,0.9948857740374059,0.0022993762977021937,0.9,
HistoKit (no postprocessing),constant,d7d9e09c-5b48-9d63-55ef-dabd0e7bf5cd_123455_4.png,0,16693817,928009,0,0.0,0.0,0.0,,0.9473375233644913,,0.9473375233644913,1.0,1.0,0.9,
HistoKit (no postprocessing),constant,4c439187-b529-301f-82bf-3874dfa019f2_103211_2.png,2435275,1533392,59042,29755,0.9820950217841179,0.9648199417449265,0.976329391973835,0.9879291529920529,0.9781151477868935,0.982095021784118,0.962923424141911,0.9809646821444177,0.02367060802616508,0.9,
HistoKit (no postprocessing),constant,15fe4c3f-571c-b45d-d559-12744253eeb9_122421_2.png,4246342,341279,2277,383462,0.9565532077036654,0.9167244700600011,0.9994640611455158,0.9171753275084648,0.9224389547509129,0.9565532077036655,0.9933722595442955,0.47089787938035793,0.0005359388544842453,0.9,
HistoKit (no postprocessing),constant,7f0a6db3-032c-fd36-2371-511c4ae59038_115247_1.png,3459830,1243362,165098,45458,0.9704698988081146,0.9426338265239678,0.9544548195164152,0.9870315934097283,0.9571496136961033,0.9704698988081146,0.882781193644122,0.9647289768935926,0.045545180483584774,0.9,
HistoKit (no postprocessing),constant,6fecdbd3-f25f-98e1-f3e7-fdc984783bf1_110414_1.png,10823776,2904270,649413,3028475,0.8547749614616765,0.7463816566154063,0.9433973414017672,0.7813730779206932,0.7886991873001472,0.8547749614616764,0.8172563506649299,0.48953224856284905,0.056602658598232804,0.9,
HistoKit (no postprocessing),constant,46e107b0-7f41-8fd8-abd7-fbe9d0e935a4_133028_5.png,0,11493290,45970,0,0.0,0.0,0.0,,0.9960162090116698,,0.9960162090116698,1.0,1.0,0.9,
HistoKit (no postprocessing),constant,efbb89df-e3ec-91fc-7f90-b36e0f9bf420_124740_1.png,4163679,458492,1290,174799,0.9792920447437374,0.9594243286737909,0.9996902738051592,0.9597096032295197,0.9633014884562321,0.9792920447437374,0.9971943225267627,0.7239831293986493,0.00030972619484082595,0.9,
HistoKit (no postprocessing),constant,36686384-7dd5-47b9-9af9-593716a57c66_072643_8.png,0,4124195,763,0,0.0,0.0,0.0,,0.9998150284196833,,0.9998150284196833,1.0,1.0,0.9,
HistoKit (no postprocessing),constant,5b6306df-eee5-32e5-a263-7c4b8cf32245_100047_2.png,4208020,1009028,37182,20495,0.9931934238540182,0.9864788802392669,0.9912414061804362,0.9951531447801415,0.989065401513823,0.9931934238540182,0.9644602899991398,0.9800927225520946,0.008758593819563827,0.9,
HistoKit (no postprocessing),constant,d18df4a2-af46-984e-1fcb-35841267a2a7_132544_3.png,4386312,297315,1152,1492630,0.8544980590091605,0.7459595033684836,0.9997374337430461,0.7461056768377712,0.7581863205107513,0.8544980590091606,0.9961402768145222,0.16610286908256958,0.0002625662569539032,0.9,
HistoKit (no postprocessing),constant,786743ed-e3ab-4cc3-3e88-4ee844fd6584_104341_2.png,6046713,2859350,15417,88360,0.9914917379008942,0.983127035406935,0.9974568344789703,0.9855975633867763,0.988481815437344,0.9914917379008941,0.994637130591801,0.970024188268181,0.002543165521029737,0.9,
HistoKit (no postprocessing),constant,4f8d8d4c-adc3-ed68-4f51-2bb95426a546_131620_1.png,5844704,1336717,18673,2590,0.998184305579074,0.9963751927005385,0.9968153164976429,0.9995570600691533,0.9970479060305852,0.998184305579074,0.9862231534834992,0.9980661640684324,0.003184683502357089,0.9,
HistoKit (no postprocessing),constant,adf4a334-3c2a-d6ae-0b72-c218c11535ea_115443_3.png,0,8095904,77278,0,0.0,0.0,0.0,,0.9905449309705816,,0.9905449309705816,1.0,1.0,0.9,
HistoKit (no postprocessing),constant,6dacef70-8f47-e898-de47-4738667f2bb0_100303_2.png,5605932,372640,1520,1955012,0.8514221473898568,0.7412837932187182,0.9997289321424419,0.7414328157965461,0.7534333513461198,0.8514221473898567,0.9959375668163353,0.16009265989933202,0.00027106785755812087,0.9,
HistoKit (no postprocessing),constant,b04c2edc-8554-0391-20e3-62a3af357e5f_130945_4.png,3929767,365879,196643,1464103,0.8255570214321427,0.7029349542698496,0.9523452589539091,0.728561682057595,0.721182554808347,0.8255570214321427,0.650426116667437,0.19993584636351613,0.04765474104609091,0.9,
HistoKit (no postprocessing),constant,18a7f9da-53be-2120-be0a-0738920b492f_101923_2.png,3856771,180850,36537,308056,0.9572366310566899,0.9179806843682194,0.9906154355113954,0.9260339024886268,0.9213655471868786,0.9572366310566899,0.8319264721441485,0.36990750778268217,0.009384564488604549,0.9,
HistoKit (no postprocessing),constant,e2bfe175-7bb7-d3b3-d437-ffbd60d747a4_123954_4.png,2035243,251326,1814,405569,0.9090230196551082,0.8332192484645623,0.9991094996359945,0.8338384930916433,0.8487786716318628,0.9090230196551082,0.9928340048984752,0.3825969142709261,0.0008905003640055237,0.9,
HistoKit (no postprocessing),constant,b04c2edc-8554-0391-20e3-62a3af357e5f_130945_2.png,10221148,500843,19987,2018582,0.9093198148736714,0.8337181029545788,0.9980483608506284,0.8350795319831401,0.8402445503959074,0.9093198148736714,0.9616247143981721,0.19879258164065214,0.0019516391493716273,0.9,
HistoKit (no postprocessing),constant,0a6bb222-fb92-5dbe-8347-47a6b9e62ff2_125049_2.png,5811757,387577,41112,3586784,0.7621271738154046,0.615674855844807,0.9929757525753609,0.6183679998842373,0.6308322894650883,0.7621271738154046,0.904098309030556,0.09751932449015074,0.0070242474246390955,0.9,
HistoKit (no postprocessing),constant,7f0a6db3-032c-fd36-2371-511c4ae59038_115247_4.png,2872081,861040,7435,6814,0.9975255326512817,0.9950632810524092,0.997417968853099,0.9976331196518109,0.9961975999167416,0.9975255326512819,0.9914390166671464,0.9921484489326545,0.0025820311469010766,0.9,
HistoKit (no postprocessing),constant,0f170c8e-9c83-6973-94f2-3858ac80f3dc_115930_1.png,5551815,260090,9653,684302,0.9411782157110968,0.888892002107026,0.9982643071937122,0.8902679343572291,0.8933338559391072,0.9411782157110969,0.9642140852589316,0.2754047048259621,0.0017356928062878362,0.9,
HistoKit (no postprocessing),constant,367a29b2-8f5a-4095-840e-86626c38d291_123703_1.png,12388997,6032394,191913,83836,0.9889937004622423,0.9782270406370566,0.9847456980456899,0.993278511786376,0.9852518085653742,0.9889937004622423,0.9691671699355446,0.9862928634142274,0.015254301954310141,0.9,
HistoKit (no postprocessing),gaussian,76bd570a-7866-8dee-341c-c3f9290b76cf_114927_1.png,2603941,446631,36961,364846,0.9283726780575536,0.8663204633256015,0.9860044030410822,0.8771060369100242,0.8836144583199006,0.9283726780575535,0.9235698688150341,0.5503926790284875,0.013995596958917824,0.75,0.75
HistoKit (no postprocessing),gaussian,96e6b3f2-f43e-7954-4202-361d3af0da92_104636_1.png,4564277,233338,103601,407633,0.9469662610837499,0.8992743784812998,0.9778055467602196,0.9180127958872948,0.9037015368114633,0.9469662610837499,0.6925229789368402,0.3640383106255977,0.022194453239780473,0.75,0.75
HistoKit (no postprocessing),constant,d18df4a2-af46-984e-1fcb-35841267a2a7_132544_1.png,7422152,163011,219634,847063,0.9329585234769328,0.8743413859758844,0.9712588130575758,0.8975642790760671,0.8767089388871294,0.9329585234769326,0.42601105463288425,0.16138520544039348,0.028741186942424193,0.9,
HistoKit (no postprocessing),gaussian,32e0aaf3-9973-5f67-ccc7-24d8d8604aa6_110737_5.png,0,5461490,12418,0,0.0,0.0,0.0,,0.9977314196731111,,0.9977314196731111,1.0,1.0,0.75,0.75
HistoKit (no postprocessing),gaussian,36c069a8-8f9e-b246-f3af-1b6cffe0751a_123150_5.png,2156524,343557,2294,1148494,0.7893809404235412,0.6520473423735045,0.9989373814744921,0.6524999258702978,0.6847906621683769,0.7893809404235412,0.9933670858259771,0.2302582150342046,0.00106261852550794,0.75,0.75
HistoKit (no postprocessing),gaussian,9761f929-4dae-801a-b291-ba7ecada0fc3_101038_1.png,5050663,268423,19028,1009685,0.9075732798420563,0.830786416237456,0.9962467140502251,0.833394880954031,0.8379417810803398,0.9075732798420563,0.9338043701361276,0.21001589849997027,0.003753285949774848,0.75,0.75
HistoKit (no postprocessing),constant,6fecdbd3-f25f-98e1-f3e7-fdc984783bf1_110414_2.png,7682464,756593,11188,2756720,0.8473538281601399,0.7351378496382712,0.9985458141335221,0.7359257198646943,0.7530189484842685,0.8473538281601399,0.9854281364086894,0.21535029756813584,0.0014541858664779742,0.9,
HistoKit (no postprocessing),gaussian,4c439187-b529-301f-82bf-3874dfa019f2_103211_1.png,5217616,2768174,6845,64645,0.9931957845653477,0.9864835380497196,0.9986898169973898,0.9877618693964573,0.9911272786846181,0.9931957845653477,0.9975333502221065,0.9771799751413698,0.0013101830026102214,0.75,0.75
HistoKit (no postprocessing),gaussian,0a6bb222-fb92-5dbe-8347-47a6b9e62ff2_125049_1.png,5918604,227519,46409,1678975,0.8727836095047319,0.7742822202232656,0.9922197990180407,0.7790118404823432,0.78080639450616,0.8727836095047318,0.830579568353728,0.1193389541220691,0.007780200981959301,0.75,0.75
HistoKit (no postprocessing),gaussian,96e6b3f2-f43e-7954-4202-361d3af0da92_104636_4.png,3132555,361111,5755,1913470,0.7655001903025719,0.6200893546433138,0.9981662104763391,0.6207965675952855,0.645434389866709,0.7655001903025719,0.9843130734382581,0.15875934952415413,0.0018337895236608239,0.75,0.75
HistoKit (no postprocessing),gaussian,d7d9e09c-5b48-9d63-55ef-dabd0e7bf5cd_123455_3.png,0,3206934,1737,0,0.0,0.0,0.0,,0.9994586543774665,,0.9994586543774665,1.0,1.0,0.75,0.75
HistoKit (no postprocessing),gaussian,0fcbbf47-bbbc-4a27-0d18-fe35bf99ccdb_133554_3.png,1478583,237931,5577,1173357,0.7149648219337057,0.5563776261826359,0.9962423188874515,0.5575476820742551,0.5928319210015168,0.7149648219337058,0.9770972616916077,0.168591386024681,0.0037576811125485123,0.75,0.75
HistoKit (no postprocessing),gaussian,aedd99b7-9b77-3379-0a55-09f4124063bb_103758_2.png,4873931,128884,25829,504880,0.9483674335663975,0.9018049305781699,0.9947285173151338,0.9061353894011148,0.9040920397200771,0.9483674335663976,0.8330521675618726,0.20336276595073244,0.005271482684866198,0.75,0.75
HistoKit (no postprocessing),gaussian,ed9d6e50-ec08-4213-59eb-4f99b1955e7c_103016_3.png,9780378,205571,124284,487891,0.9696536413077504,0.9410948397376467,0.9874519695876548,0.9524855649963981,0.9422374186223902,0.9696536413077504,0.623216261690743,0.2964416218913221,0.012548030412345217,0.75,0.75
HistoKit (no postprocessing),gaussian,6fecdbd3-f25f-98e1-f3e7-fdc984783bf1_110414_3.png,2506102,766714,389764,790170,0.8094464302959656,0.679890809530889,0.8654067556993313,0.7602837387205911,0.7350100499691202,0.8094464302959656,0.6629732688386636,0.49246700460663734,0.1345932443006686,0.75,0.75
HistoKit (no postprocessing),gaussian,cbe296c0-32ef-a6c0-58c3-7dcdd9f9743d_115103_5.png,2850998,639960,51684,19504,0.9876691960623462,0.9756387854845653,0.9821943981462661,0.9932053696531129,0.9800154176723807,0.9876691960623462,0.9252736957162934,0.9704244659299067,0.01780560185373389,0.75,0.75
HistoKit (no postprocessing),gaussian,16277008-7349-6ea9-1043-9abf63a9d11e_105523_2.png,7111523,374787,2078,1290306,0.9167033076105529,0.8462162896376649,0.9997078835318427,0.8464255818584263,0.8527817463508809,0.9167033076105529,0.9944860891831292,0.2250847249973425,0.0002921164681572666,0.75,0.75
HistoKit (no postprocessing),gaussian,db9f8afe-40d5-d8aa-882f-512377b755a1_120139_3.png,5400911,965009,220518,139462,0.9677489351629782,0.9375131381586633,0.9607718962562722,0.9748280485808446,0.9464785381881978,0.9677489351629781,0.8139915834898741,0.8737295954352808,0.039228103743727795,0.75,0.75
HistoKit (no postprocessing),gaussian,db9f8afe-40d5-d8aa-882f-512377b755a1_120139_1.png,4177980,7591383,992123,214414,0.8738261564944805,0.7759247486821937,0.8081038230766389,0.9511851623511005,0.9070170855200795,0.8738261564944805,0.884415179531534,0.9725314404153733,0.1918961769233611,0.75,0.75
HistoKit (no postprocessing),gaussian,e2bfe175-7bb7-d3b3-d437-ffbd60d747a4_123954_6.png,2144153,171331,3059,757386,0.8493795792266245,0.738192686216819,0.9985753619111667,0.7389709392153613,0.7527755029456141,0.8493795792266245,0.9824588565858134,0.1844813866872255,0.0014246380888333337,0.75,0.75
HistoKit (no postprocessing),gaussian,042c1e4d-d1be-7f85-b2e1-b98e0b68f672_101215_1.png,3924586,596770,1436377,31827,0.8424230169524124,0.7277468620139111,0.7320673543167524,0.9919555920981961,0.754872812026259,0.8424230169524124,0.2935203406344942,0.9493681961574745,0.2679326456832476,0.75,0.75
HistoKit (no postprocessing),gaussian,a2afe16d-3866-9541-f2c7-cc8ca97faf02_130229_2.png,1341764,2136856,27995,2055,0.9889260599842717,0.9780946979692582,0.9795620981501125,0.9984707761982826,0.9914355012013099,0.9889260599842716,0.9870683940834727,0.9990392307113293,0.02043790184988746,0.75,0.75
HistoKit (no postprocessing),gaussian,73e02c87-178a-0dc6-cf2c-3f6aeb0c5685_124434_1.png,0,9316768,2056140,0,0.0,0.0,0.0,,0.8192071895771952,,0.8192071895771952,1.0,1.0,0.75,0.75
HistoKit (no postprocessing),gaussian,15fe4c3f-571c-b45d-d559-12744253eeb9_122421_3.png,2485959,166180,673,186505,0.9637188375637903,0.9299781492680697,0.9997293527952669,0.9302123433655234,0.9340763993594234,0.9637188375637903,0.9959665094424434,0.4711853353559125,0.0002706472047331491,0.75,0.75
HistoKit (no postprocessing),gaussian,78f7eac9-40c9-a096-07a4-a0166ddd84e8_103411_4.png,0,3169517,2683,0,0.0,0.0,0.0,,0.9991542147405587,,0.9991542147405587,1.0,1.0,0.75,0.75
HistoKit (no postprocessing),gaussian,46e107b0-7f41-8fd8-abd7-fbe9d0e935a4_133028_1.png,0,8916271,345985,0,0.0,0.0,0.0,,0.962645709641366,,0.962645709641366,1.0,1.0,0.75,0.75
HistoKit (no postprocessing),gaussian,adf4a334-3c2a-d6ae-0b72-c218c11535ea_115443_6.png,0,5877592,51995,0,0.0,0.0,0.0,,0.9912312611316775,,0.9912312611316775,1.0,1.0,0.75,0.75
HistoKit (no postprocessing),gaussian,adf4a334-3c2a-d6ae-0b72-c218c11535ea_115443_5.png,0,5527604,29116,0,0.0,0.0,0.0,,0.9947602182582531,,0.9947602182582531,1.0,1.0,0.75,0.75
HistoKit (no postprocessing),gaussian,15fe4c3f-571c-b45d-d559-12744253eeb9_122421_1.png,4753202,1706222,217008,8610,0.9768169451322655,0.9546844433018266,0.9563382633731774,0.9981918647775259,0.9662503242313212,0.9768169451322655,0.8871648216801943,0.9949790999934688,0.04366173662682261,0.75,0.75
HistoKit (no postprocessing),gaussian,adf4a334-3c2a-d6ae-0b72-c218c11535ea_115443_8.png,0,7391769,9822,0,0.0,0.0,0.0,,0.9986729880102805,,0.9986729880102805,1.0,1.0,0.75,0.75
HistoKit (no postprocessing),gaussian,15fe4c3f-571c-b45d-d559-12744253eeb9_122421_5.png,3457411,267480,3186,856635,0.8894070120004224,0.8008397510256572,0.999079349603551,0.8014311854811006,0.8124591032108451,0.8894070120004224,0.9882290350468843,0.23794718511896024,0.0009206503964489364,0.75,0.75
HistoKit (no postprocessing),gaussian,f010c097-faf6-f2df-c82a-aca0270a9814_110553_3.png,543689,4195855,127846,1040,0.8940312300618944,0.8083693268408728,0.8096212408884124,0.9980907937708475,0.9735261675735298,0.8940312300618946,0.970431350363959,0.9997521977557218,0.19037875911158764,0.75,0.75
HistoKit (no postprocessing),gaussian,4a12a0e8-253e-42bb-77ff-6e284ada3080_105659_1.png,1899522,1425811,12967,21760,0.9909418168169147,0.9820462618825188,0.9932198302839912,0.9886742289783592,0.9896647678910495,0.9909418168169147,0.9909874907734202,0.9849679221260995,0.006780169716008824,0.75,0.75
HistoKit (no postprocessing),gaussian,e4c17e5d-ca75-8d00-1c03-2c4b0f9dc6a7_131509_7.png,0,4764604,83594,0,0.0,0.0,0.0,,0.9827577174034559,,0.9827577174034559,1.0,1.0,0.75,0.75
HistoKit (no postprocessing),gaussian,f4701930-c3d0-97f5-7529-fedf8cc9402a_110850_3.png,2346955,427286,781,6900,0.9983662977064572,0.9967379246728582,0.9996673390875295,0.9970686384675351,0.9972389592519129,0.9983662977064571,0.9981755192528272,0.9841081932627952,0.0003326609124705674,0.75,0.75
HistoKit (no postprocessing),gaussian,e2bfe175-7bb7-d3b3-d437-ffbd60d747a4_123954_3.png,4695224,275367,11844,670375,0.932270271617239,0.873133197320734,0.9974837839606311,0.8750605477599053,0.8793132972804676,0.932270271617239,0.9587620251313494,0.2911650323238262,0.002516216039368881,0.75,0.75
HistoKit (no postprocessing),constant,67cf3804-696c-ef64-2d57-43ad0b86332a_122601_1.png,21258891,12332449,7959296,754785,0.8299089572440494,0.7092687038175594,0.7275910377327656,0.9657129050141375,0.7940197545841702,0.8299089572440494,0.6077569474680468,0.9423266215000052,0.27240896226723443,0.9,
HistoKit (no postprocessing),gaussian,c149f6be-4555-ddd6-581f-abc8aeab9698_132314_1.png,3641972,2091343,110525,91880,0.9729634565527202,0.9473503769271328,0.9705462789177446,0.9753927043707142,0.965900514175197,0.9729634565527202,0.9498039846166982,0.9579154305354973,0.02945372108225536,0.75,0.75
HistoKit (no postprocessing),gaussian,78f7eac9-40c9-a096-07a4-a0166ddd84e8_103411_6.png,0,6293472,526448,0,0.0,0.0,0.0,,0.9228073056575443,,0.9228073056575443,1.0,1.0,0.75,0.75
HistoKit (no postprocessing),gaussian,18a7f9da-53be-2120-be0a-0738920b492f_101923_4.png,8355728,248470,75246,1570048,0.9103711713674806,0.8354874131863723,0.9910750525384137,0.8418211331789072,0.8394755564470903,0.9103711713674806,0.7675555116212976,0.13663323651456846,0.008924947461586289,0.75,0.75
HistoKit (no postprocessing),gaussian,6dacef70-8f47-e898-de47-4738667f2bb0_100303_3.png,3035216,198664,50,452256,0.9306570339020209,0.870307341430391,0.999983526979184,0.8703198190551781,0.8772970219082814,0.9306570339020209,0.999748382096883,0.30520494069931786,1.6473020815968025e-05,0.75,0.75
HistoKit (no postprocessing),gaussian,5b6306df-eee5-32e5-a263-7c4b8cf32245_100047_3.png,6699925,566439,18301,46687,0.9951735030157808,0.9903933723907462,0.9972759177794852,0.9930799340468964,0.9911356050016422,0.9951735030157808,0.9687023292403462,0.9238541506965942,0.002724082220514761,0.75,0.75
HistoKit (no postprocessing),gaussian,7fcfd7e6-a936-d1a4-6766-2f191e54690d_131809_1.png,3127843,253719,7686,747787,0.8922470592950467,0.8054567282188727,0.9975487389847136,0.8070540789497449,0.8173878151864802,0.8922470592950467,0.970597348941298,0.25333747376451066,0.002451261015286416,0.75,0.75
HistoKit (no postprocessing),gaussian,67cf3804-696c-ef64-2d57-43ad0b86332a_122601_2.png,6009997,4361641,11606,78251,0.9925798426421597,0.9852689916840632,0.9980726062478712,0.9871472055671845,0.9914106922576553,0.9925798426421597,0.9973461366348619,0.9823754721961705,0.0019273937521287936,0.75,0.75
HistoKit (no postprocessing),gaussian,2852fafe-6f36-4c12-47aa-96e73b433b3f_123004_2.png,2490879,1108784,5902,95333,0.9800835846124517,0.9609450047335881,0.997636156314871,0.9631379794077206,0.9726458281206345,0.9800835846124518,0.9947052353757022,0.9208274611188115,0.0023638436851289722,0.75,0.75
HistoKit (no postprocessing),gaussian,adf4a334-3c2a-d6ae-0b72-c218c11535ea_115443_4.png,0,4438573,2997023,0,0.0,0.0,0.0,,0.5969357399191672,,0.5969357399191672,1.0,1.0,0.75,0.75
HistoKit (no postprocessing),gaussian,f4701930-c3d0-97f5-7529-fedf8cc9402a_110850_4.png,2533043,506291,3852,30584,0.9932485341696399,0.9865876215540614,0.9984816084228949,0.9880700273479722,0.9887968195408244,0.9932485341696399,0.9924491760153525,0.9430332945285216,0.0015183915771050831,0.75,0.75
HistoKit (no postprocessing),gaussian,d7d73023-1258-3c47-44ee-6493877f23d1_111048_2.png,6564796,421720,23336,719492,0.9464528899788213,0.8983489024613198,0.9964578730359379,0.9012268597836879,0.903895078288662,0.9464528899788214,0.9475661489790049,0.36953694843727547,0.0035421269640620438,0.75,0.75
HistoKit (no postprocessing),gaussian,db9f8afe-40d5-d8aa-882f-512377b755a1_120139_2.png,3009520,1925698,84321,56204,0.9771858889385857,0.955389526181372,0.9727455289395932,0.9816669732826568,0.9723143981088089,0.9771858889385858,0.9580496502769377,0.9716413828736234,0.02725447106040679,0.75,0.75
HistoKit (no postprocessing),gaussian,78f7eac9-40c9-a096-07a4-a0166ddd84e8_103411_1.png,0,2769057,4703,0,0.0,0.0,0.0,,0.9983044675819105,,0.9983044675819105,1.0,1.0,0.75,0.75
HistoKit (no postprocessing),gaussian,eb22b9cd-e52e-fa2d-85a8-60a50dc5a7c4_102757_1.png,2189285,586478,19960,30958,0.9885047662393487,0.9772708098328589,0.9909652392559449,0.9860564812049852,0.9819866479450635,0.9885047662393487,0.9670864952394144,0.9498603903886395,0.009034760744055096,0.75,0.75
HistoKit (no postprocessing),gaussian,0a6bb222-fb92-5dbe-8347-47a6b9e62ff2_125049_4.png,7455477,474559,14175,6145202,0.7076753564051746,0.5475987476619286,0.9981023212326358,0.5481694700683694,0.5628365070993376,0.7076753564051746,0.9709964929798214,0.071688237687131,0.0018976787673642627,0.75,0.75
HistoKit (no postprocessing),gaussian,18a7f9da-53be-2120-be0a-0738920b492f_101923_3.png,11690688,134915,81011,452722,0.9776821840954185,0.9563387910151327,0.9931181556714965,0.9627187091599476,0.956815398497136,0.9776821840954185,0.6248205403703121,0.22958901498714343,0.0068818443285034725,0.75,0.75
HistoKit (no postprocessing),gaussian,0823ec0e-9dd5-2324-aa8d-fe8db13ea4cd_103937_1.png,1452501,4087976,16773,42422,0.9800300047533953,0.9608419946867625,0.9885841578902234,0.9716226186900596,0.9894288451180712,0.9800300047533952,0.9959137574550844,0.9897293190631993,0.011415842109776666,0.75,0.75
HistoKit (no postprocessing),gaussian,f569a03d-b1d7-9121-59cf-f65992813d75_131224_1.png,0,4299912,68994,0,0.0,0.0,0.0,,0.9842079458793574,,0.9842079458793574,1.0,1.0,0.75,0.75
HistoKit (no postprocessing),gaussian,98491719-8df8-3c0a-7325-de39c48b2a96_133826_2.png,2683575,1626258,104735,50242,0.9719352705941026,0.9454027969189925,0.9624378207588109,0.9816220324915677,0.9652892284330128,0.9719352705941026,0.9394942671634143,0.9700316134804653,0.037562179241189105,0.75,0.75
HistoKit (no postprocessing),gaussian,2852fafe-6f36-4c12-47aa-96e73b433b3f_123004_1.png,2182432,2835920,35922,37659,0.9834218966327171,0.967384496454586,0.9838069126929245,0.9830371818092142,0.985549495643403,0.9834218966327172,0.9874916516995016,0.986894739974088,0.016193087307075426,0.75,0.75
HistoKit (no postprocessing),gaussian,8469f8e6-543f-6b82-f38a-8b184a96e4e9_104905_1.png,8832230,8683404,6194373,158110,0.7354999343588399,0.5816527450996275,0.587772898505404,0.9824133458801335,0.7338506845764163,0.7354999343588398,0.5836492911541825,0.982117316106721,0.41222710149459596,0.75,0.75
HistoKit (no postprocessing),gaussian,46e107b0-7f41-8fd8-abd7-fbe9d0e935a4_133028_6.png,0,5246168,31287,0,0.0,0.0,0.0,,0.9940715742720686,,0.9940715742720686,1.0,1.0,0.75,0.75
HistoKit (no postprocessing),gaussian,36c069a8-8f9e-b246-f3af-1b6cffe0751a_123150_4.png,3257375,197032,79460,1228493,0.832800376033706,0.7135029509380268,0.9761870155401751,0.7261415182078474,0.7253561259543587,0.832800376033706,0.7126137465098448,0.13821714806825555,0.023812984459824955,0.75,0.75
HistoKit (no postprocessing),gaussian,8956f1ca-9d66-b2d7-8ef9-bd09fb590f4a_110204_2.png,6239741,1443272,154875,413366,0.9564490294590098,0.9165331224436257,0.9757804065169824,0.937868728099518,0.9311327708491339,0.9564490294590098,0.903090892139459,0.7773577832620037,0.02421959348301759,0.75,0.75
HistoKit (no postprocessing),gaussian,c93efc84-bec7-4ba6-b526-5de46512cbba_100824_1.png,7390608,881045,25153,32299,0.9961282239079681,0.9922863134829741,0.9966081700853089,0.9956487397727063,0.993102260086768,0.9961282239079681,0.9722433728611186,0.9646365443907224,0.0033918299146911556,0.75,0.75
HistoKit (no postprocessing),gaussian,6dacef70-8f47-e898-de47-4738667f2bb0_100303_1.png,8034029,337247,12244,1657808,0.9058494958031041,0.8279020960356782,0.9984783016932187,0.8289480105783867,0.8336821583758642,0.9058494958031041,0.9649661936931136,0.16904145499748127,0.0015216983067812887,0.75,0.75
HistoKit (no postprocessing),gaussian,18a7f9da-53be-2120-be0a-0738920b492f_101923_5.png,6847834,412454,4364,1624138,0.8937298398542955,0.8078766580277139,0.9993631240661756,0.8082928036117211,0.8167914868052907,0.8937298398542954,0.9895302026304046,0.20252166364200586,0.0006368759338244458,0.75,0.75
HistoKit (no postprocessing),gaussian,36c069a8-8f9e-b246-f3af-1b6cffe0751a_123150_3.png,6231763,354271,3560,2011782,0.860808041070614,0.7556303696873024,0.9994290592484142,0.755956690962444,0.76569539571343,0.860808041070614,0.9900511694067871,0.1497307963938255,0.0005709407515857639,0.75,0.75
HistoKit (no postprocessing),gaussian,e2bfe175-7bb7-d3b3-d437-ffbd60d747a4_123954_2.png,3868733,175073,50709,169685,0.9723048658810283,0.9461024321328244,0.9870621889544481,0.9579823089140351,0.9483152760189485,0.9723048658810283,0.7754072512423488,0.5078141769008986,0.012937811045551893,0.75,0.75
HistoKit (no postprocessing),gaussian,0f170c8e-9c83-6973-94f2-3858ac80f3dc_115930_3.png,6402425,349810,44600,743277,0.9420368701585782,0.8904250475153895,0.9930820804944916,0.8959826480309422,0.8955085813048931,0.9420368701585782,0.8869197028472909,0.32002027286025725,0.006917919505508355,0.75,0.75
HistoKit (no postprocessing),gaussian,103a5b47-1de4-c7ee-81eb-83cd201d2a51_131937_2.png,2679602,1753704,123390,16114,0.9746296766440408,0.950514808595349,0.9559791822452579,0.9940223673413668,0.9694927189190017,0.9746296766440407,0.9342654123874456,0.9908951089886079,0.04402081775474208,0.75,0.75
HistoKit (no postprocessing),gaussian,d18df4a2-af46-984e-1fcb-35841267a2a7_132544_2.png,8520211,137227,131600,296687,0.9754826186640352,0.9521386717636859,0.9847893117406287,0.9663501834772275,0.9528615492984874,0.9754826186640353,0.5104658386248405,0.3162539120655245,0.015210688259371361,0.75,0.75
HistoKit (no postprocessing),gaussian,aedd99b7-9b77-3379-0a55-09f4124063bb_103758_4.png,4629383,121690,20003,312754,0.9653071780154205,0.9329408279492316,0.9956977114827635,0.9367168494114996,0.9345460017349124,0.9653071780154205,0.858828594214252,0.28010514588761726,0.004302288517236469,0.75,0.75
HistoKit (no postprocessing),gaussian,67cf3804-696c-ef64-2d57-43ad0b86332a_122601_3.png,3072551,3886985,1133495,47857,0.8387552832516249,0.7222898594537769,0.7305081779894942,0.9846632235271798,0.8548865922243372,0.838755283251625,0.7742257712409969,0.9878376310916677,0.2694918220105058,0.75,0.75
HistoKit (no postprocessing),gaussian,4a12a0e8-253e-42bb-77ff-6e284ada3080_105659_3.png,806747,3466234,10764,31639,0.9743927309488453,0.9500641818288877,0.9868332046908237,0.9622620129630027,0.9901739914686619,0.9743927309488453,0.9969042260018556,0.9909547888102284,0.013166795309176268,0.75,0.75
HistoKit (no postprocessing),gaussian,36c069a8-8f9e-b246-f3af-1b6cffe0751a_123150_2.png,4514084,357917,4219,1484160,0.8584726526682189,0.7520386214792161,0.9990662423480674,0.7525675847798122,0.7659921262566073,0.858472652668219,0.9883496807829103,0.1943007811291276,0.000933757651932595,0.75,0.75
HistoKit (no postprocessing),gaussian,d7d73023-1258-3c47-44ee-6493877f23d1_111048_3.png,6373739,272117,7697,1179545,0.914799723281128,0.8429777829093871,0.9987938451470797,0.8438367999932215,0.8484326380188273,0.914799723281128,0.9724924414075065,0.18745203773330155,0.0012061548529202519,0.75,0.75
HistoKit (no postprocessing),gaussian,5b6306df-eee5-32e5-a263-7c4b8cf32245_100047_4.png,5965578,357866,7427,20999,0.9976231610770343,0.9952575940890263,0.9987565722781079,0.9964923194005523,0.9955247824656361,0.9976231610770343,0.979668375796963,0.9445739247489211,0.0012434277218920794,0.75,0.75
HistoKit (no postprocessing),gaussian,042c1e4d-d1be-7f85-b2e1-b98e0b68f672_101215_2.png,0,16655964,340974,0,0.0,0.0,0.0,,0.9799390925589068,,0.9799390925589068,1.0,1.0,0.75,0.75
HistoKit (no postprocessing),gaussian,103a5b47-1de4-c7ee-81eb-83cd201d2a51_131937_3.png,500578,9912262,23560,1286,0.9757836729363101,0.9527124760193673,0.9550500059144729,0.9974375528031498,0.9976195873299887,0.97578367293631,0.997628781997101,0.9998702785319645,0.04494999408552709,0.75,0.75
HistoKit (no postprocessing),gaussian,e4c17e5d-ca75-8d00-1c03-2c4b0f9dc6a7_131509_4.png,0,12974614,482244,0,0.0,0.0,0.0,,0.9641637000256672,,0.9641637000256672,1.0,1.0,0.75,0.75
HistoKit (no postprocessing),gaussian,8956f1ca-9d66-b2d7-8ef9-bd09fb590f4a_110204_1.png,6904423,3448098,570843,87001,0.9545269857859676,0.9130096834719007,0.9236357609214174,0.9875560400856821,0.9402522986295186,0.9545269857859676,0.8579618362150626,0.9753893738195168,0.07636423907858263,0.75,0.75
HistoKit (no postprocessing),gaussian,46e107b0-7f41-8fd8-abd7-fbe9d0e935a4_133028_4.png,0,5752274,56284,0,0.0,0.0,0.0,,0.9903101595955485,,0.9903101595955485,1.0,1.0,0.75,0.75
HistoKit (no postprocessing),gaussian,d07adf84-9a4a-637f-4bfb-56af281dbf05_133243_1.png,3511823,886404,13555,10386,0.9966029507688234,0.9932289032865316,0.9961550222415866,0.9970512823060755,0.9945861396491494,0.9966029507688235,0.984938202740347,0.9884186933395779,0.003844977758413424,0.75,0.75
HistoKit (no postprocessing),gaussian,78f7eac9-40c9-a096-07a4-a0166ddd84e8_103411_2.png,0,3793051,9377,0,0.0,0.0,0.0,,0.9975339441009797,,0.9975339441009797,1.0,1.0,0.75,0.75
HistoKit (no postprocessing),gaussian,f4701930-c3d0-97f5-7529-fedf8cc9402a_110850_2.png,3818349,435890,7890,16097,0.9968688178668096,0.9937571831302624,0.9979379228532248,0.9958020011234999,0.9943932368229261,0.9968688178668096,0.9822209202758123,0.96438614384927,0.0020620771467752016,0.75,0.75
HistoKit (no postprocessing),gaussian,aedd99b7-9b77-3379-0a55-09f4124063bb_103758_3.png,2372837,1182756,397029,1317097,0.734647202699774,0.5805868563038129,0.8566612969724889,0.6430567592807893,0.6747215553618703,0.734647202699774,0.7486816243982567,0.47313022005693933,0.1433387030275111,0.75,0.75
HistoKit (no postprocessing),gaussian,c93efc84-bec7-4ba6-b526-5de46512cbba_100824_2.png,3117857,317783,1927,19978,0.9964994672893955,0.9930233565474071,0.9993823290330356,0.9936331897630054,0.9936645799259302,0.9964994672893955,0.993972662725595,0.9408516673032115,0.0006176709669643796,0.75,0.75
HistoKit (no postprocessing),gaussian,adf4a334-3c2a-d6ae-0b72-c218c11535ea_115443_2.png,0,5949666,185854,0,0.0,0.0,0.0,,0.9697085169635173,,0.9697085169635173,1.0,1.0,0.75,0.75
HistoKit (no postprocessing),gaussian,18a7f9da-53be-2120-be0a-0738920b492f_101923_1.png,4406836,474202,8891,1971503,0.8165293782713576,0.6899447804447312,0.9979865150177989,0.6909065197067763,0.7113730778064987,0.8165293782713576,0.9815956761948528,0.19389174082728702,0.002013484982201119,0.75,0.75
HistoKit (no postprocessing),gaussian,8469f8e6-543f-6b82-f38a-8b184a96e4e9_104905_2.png,8342500,3926751,307026,161083,0.9727099617917662,0.9468698474759236,0.9645037196257922,0.981057043836698,0.9632491348285673,0.9727099617917662,0.9274817733669015,0.9605945349052823,0.03549628037420779,0.75,0.75
HistoKit (no postprocessing),gaussian,103a5b47-1de4-c7ee-81eb-83cd201d2a51_131937_1.png,1389501,2670896,124001,5404,0.9555065711229549,0.9148038127441724,0.9180701446050286,0.9961259010470247,0.969114292274432,0.9555065711229549,0.9556330698412142,0.9979807943803012,0.0819298553949714,0.75,0.75
HistoKit (no postprocessing),gaussian,a2afe16d-3866-9541-f2c7-cc8ca97faf02_130229_1.png,1113815,6655397,24633,4955,0.9868918287910162,0.9741228595691983,0.9783626480963558,0.9955710288978075,0.9962060829871262,0.9868918287910162,0.9963124417105911,0.9992560453261329,0.02163735190364426,0.75,0.75
HistoKit (no postprocessing),gaussian,9761f929-4dae-801a-b291-ba7ecada0fc3_101038_2.png,5179005,226800,83834,421721,0.9534632507836976,0.9110652363595423,0.9840705748361294,0.924702440362196,0.9144773791479457,0.9534632507836976,0.7301196906970905,0.34971882174979685,0.015929425163870678,0.75,0.75
HistoKit (no postprocessing),gaussian,36c069a8-8f9e-b246-f3af-1b6cffe0751a_123150_1.png,3101608,198086,35948,1067550,0.8489747922253423,0.7375814069847466,0.9885426746168037,0.7439411027358522,0.7493868084789398,0.8489747922253424,0.8463983865592178,0.1565110347682904,0.011457325383196347,0.75,0.75
HistoKit (no postprocessing),gaussian,ed9d6e50-ec08-4213-59eb-4f99b1955e7c_103016_1.png,5218397,227787,19019,767740,0.9299010749982648,0.8689860846246126,0.9963686291102329,0.8717470047878958,0.8737740743016581,0.9299010749982648,0.9229394747291395,0.2288104692288607,0.003631370889767015,0.75,0.75
HistoKit (no postprocessing),gaussian,cbe296c0-32ef-a6c0-58c3-7dcdd9f9743d_115103_2.png,2753493,1681886,2385549,74544,0.6912176972262983,0.5281380224666861,0.535798890143338,0.9736410803677604,0.6432306591920031,0.6912176972262984,0.4135004001293198,0.9575593675808316,0.464201109856662,0.75,0.75
HistoKit (no postprocessing),gaussian,aedd99b7-9b77-3379-0a55-09f4124063bb_103758_1.png,18710928,4162594,1071986,785478,0.9527114013175381,0.9096932808359545,0.9458125329766889,0.9597116514705326,0.9248932493027169,0.9527114013175381,0.7952106950318841,0.8412557456722538,0.05418746702331113,0.75,0.75
HistoKit (no postprocessing),gaussian,9761f929-4dae-801a-b291-ba7ecada0fc3_101038_4.png,5116678,537268,3998,2332162,0.8141408149685319,0.68654088549892,0.999219243709229,0.6869093711235575,0.7076183970525547,0.8141408149685319,0.9926136132696308,0.18723858048462586,0.0007807562907709842,0.75,0.75
HistoKit (no postprocessing),gaussian,32e0aaf3-9973-5f67-ccc7-24d8d8604aa6_110737_7.png,0,4631130,240594,0,0.0,0.0,0.0,,0.9506141973560078,,0.9506141973560078,1.0,1.0,0.75,0.75
HistoKit (no postprocessing),gaussian,367a29b2-8f5a-4095-840e-86626c38d291_123703_3.png,4504219,1562914,57409,27148,0.9907008636868271,0.9815730817978476,0.9874148001546816,0.9940088719364377,0.98625467148052,0.9907008636868271,0.9645694099262925,0.9829264519245161,0.012585199845318381,0.75,0.75
HistoKit (no postprocessing),gaussian,78f7eac9-40c9-a096-07a4-a0166ddd84e8_103411_8.png,0,6085992,498348,0,0.0,0.0,0.0,,0.9243131430029433,,0.9243131430029433,1.0,1.0,0.75,0.75
HistoKit (no postprocessing),gaussian,d7d73023-1258-3c47-44ee-6493877f23d1_111048_1.png,6088927,473947,107251,2306367,0.8345870793570381,0.7161299352135155,0.9826907813171281,0.7252785906008771,0.7311179021827235,0.8345870793570381,0.8154656416574042,0.1704652783822259,0.017309218682871927,0.75,0.75
HistoKit (no postprocessing),gaussian,16277008-7349-6ea9-1043-9abf63a9d11e_105523_1.png,1989741,250395,4916,749026,0.8407195298794277,0.725208050638503,0.9975354158634793,0.72650977611458,0.7481889249378273,0.8407195298794277,0.9807450521129133,0.25054006269630114,0.002464584136520715,0.75,0.75
HistoKit (no postprocessing),gaussian,37e97aba-1a30-28bd-be40-a79de2fca963_105321_2.png,3138141,871310,41322,8623,0.9921050888626033,0.9843338605043904,0.9870034656795817,0.9972597245932647,0.9876964454810518,0.9921050888626033,0.9547221662181471,0.9902003902569855,0.012996534320418258,0.75,0.75
HistoKit (no postprocessing),gaussian,7f0a6db3-032c-fd36-2371-511c4ae59038_115247_3.png,3629721,689844,3409,17996,0.9970600947939161,0.9941374250025883,0.9990616906083735,0.9950665032402459,0.9950690744234584,0.9970600947939162,0.9950826033208655,0.9745761754068716,0.0009383093916265039,0.75,0.75
HistoKit (no postprocessing),gaussian,c149f6be-4555-ddd6-581f-abc8aeab9698_132314_2.png,2874593,1598452,37495,24380,0.9893522026356288,0.9789287674852919,0.9871243588792646,0.9915901251926114,0.9863558783837422,0.9893522026356288,0.9770805533431095,0.9849768799234918,0.012875641120735363,0.75,0.75
HistoKit (no postprocessing),gaussian,0f170c8e-9c83-6973-94f2-3858ac80f3dc_115930_5.png,7169361,275331,45817,445771,0.9668524798200442,0.9358319706866604,0.9936499141116131,0.941462472351103,0.9380581330295806,0.9668524798200442,0.8573336903857411,0.38181977029601916,0.0063500858883869535,0.75,0.75
HistoKit (no postprocessing),gaussian,d76874a4-c608-41cd-b260-c14f0dca935a_100643_5.png,0,3913907,15863,0,0.0,0.0,0.0,,0.9959633769915288,,0.9959633769915288,1.0,1.0,0.75,0.75
HistoKit (no postprocessing),gaussian,0a6bb222-fb92-5dbe-8347-47a6b9e62ff2_125049_3.png,4725644,330194,12346,1362409,0.8730140828001515,0.7746450682979916,0.9973942536814134,0.7762159757807627,0.7862164500225718,0.8730140828001515,0.9639574940152975,0.1950805947998438,0.0026057463185865737,0.75,0.75
HistoKit (no postprocessing),gaussian,d7d9e09c-5b48-9d63-55ef-dabd0e7bf5cd_123455_1.png,0,3065083,2710442,0,0.0,0.0,0.0,,0.5307020573887222,,0.5307020573887222,1.0,1.0,0.75,0.75
HistoKit (no postprocessing),gaussian,8469f8e6-543f-6b82-f38a-8b184a96e4e9_104905_3.png,5244964,641801,1301162,29441,0.8874328911281566,0.7976443704398419,0.8012317514206112,0.9944181381596597,0.8156387480865601,0.8874328911281567,0.3303207523766536,0.9561395145119048,0.1987682485793888,0.75,0.75
HistoKit (no postprocessing),gaussian,ed9d6e50-ec08-4213-59eb-4f99b1955e7c_103016_4.png,6673791,324677,89612,1872173,0.8718572100335696,0.7728252290293085,0.9867504568336384,0.780928985893224,0.7810569634585095,0.8718572100335696,0.7836968879212337,0.1477920659125566,0.013249543166361667,0.75,0.75
HistoKit (no postprocessing),gaussian,0f170c8e-9c83-6973-94f2-3858ac80f3dc_115930_4.png,5992040,362766,10825,1604633,0.8812122882409682,0.7876492376337135,0.9981966944117517,0.7887716109407368,0.7973143675040124,0.8812122882409682,0.9710244625807367,0.18438862681133822,0.001803305588248278,0.75,0.75
HistoKit (no postprocessing),gaussian,16277008-7349-6ea9-1043-9abf63a9d11e_105523_3.png,2801564,293427,785,465796,0.9231295931979605,0.8572336906716195,0.9997198778596099,0.8574396454630038,0.8689957692839004,0.9231295931979606,0.9973318559406142,0.3864832862018142,0.0002801221403900799,0.75,0.75
HistoKit (no postprocessing),gaussian,4a12a0e8-253e-42bb-77ff-6e284ada3080_105659_4.png,4955034,6309375,13476,33422,0.9952899306877215,0.9906240228775601,0.997287718048268,0.9933001313432452,0.9958538831984668,0.9952899306877215,0.9978686829722858,0.9947307158025079,0.0027122819517320083,0.75,0.75
HistoKit (no postprocessing),gaussian,d7d9e09c-5b48-9d63-55ef-dabd0e7bf5cd_123455_4.png,0,16401941,1219885,0,0.0,0.0,0.0,,0.9307742001311329,,0.9307742001311329,1.0,1.0,0.75,0.75
HistoKit (no postprocessing),gaussian,9761f929-4dae-801a-b291-ba7ecada0fc3_101038_3.png,8870145,1114100,48482,208284,0.9857328887569167,0.9718671519860334,0.9945639614707511,0.9770572639825679,0.9749276707153229,0.9857328887569168,0.9582979953242008,0.8424935570908298,0.005436038529248953,0.75,0.75
HistoKit (no postprocessing),gaussian,15fe4c3f-571c-b45d-d559-12744253eeb9_122421_2.png,4221794,339180,4376,408010,0.9534341451318624,0.9110120884385156,0.9989645470958338,0.9118731592093315,0.9170810076085383,0.9534341451318624,0.9872626296731828,0.45394076473186207,0.0010354529041661836,0.75,0.75
HistoKit (no postprocessing),gaussian,4c439187-b529-301f-82bf-3874dfa019f2_103211_2.png,2435995,1476018,116416,29035,0.9710109197098681,0.9436552226930178,0.954389790672427,0.9882212386867503,0.9641522389354533,0.9710109197098681,0.9268943014278771,0.9807083205707706,0.04561020932757303,0.75,0.75
HistoKit (no postprocessing),gaussian,46e107b0-7f41-8fd8-abd7-fbe9d0e935a4_133028_5.png,0,11476883,62377,0,0.0,0.0,0.0,,0.994594367403109,,0.994594367403109,1.0,1.0,0.75,0.75
HistoKit (no postprocessing),gaussian,7f0a6db3-032c-fd36-2371-511c4ae59038_115247_1.png,3446493,1200304,208156,58795,0.962716012724693,0.9281122860611335,0.9430435043146415,0.9832267705249896,0.9456726311565021,0.962716012724693,0.8522102154125782,0.9533039101770393,0.056956495685358564,0.75,0.75
HistoKit (no postprocessing),gaussian,d18df4a2-af46-984e-1fcb-35841267a2a7_132544_3.png,4394267,297173,1294,1484675,0.855373150409319,0.7472943262821424,0.9997056120936554,0.7474588114664169,0.7594510902548302,0.855373150409319,0.9956645123246456,0.16677797432777655,0.0002943879063446054,0.75,0.75
HistoKit (no postprocessing),gaussian,efbb89df-e3ec-91fc-7f90-b36e0f9bf420_124740_1.png,3982007,458700,1082,356471,0.9570329722755342,0.9176061628367853,0.9997283515382157,0.9178350103423366,0.9254827791741173,0.9570329722755342,0.997646710832525,0.5627040216101897,0.0002716484617843086,0.75,0.75
HistoKit (no postprocessing),gaussian,5b6306df-eee5-32e5-a263-7c4b8cf32245_100047_2.png,4204925,1011903,34307,23590,0.99316264408939,0.98641815210675,0.9919072605604033,0.9944212093370841,0.9890236931783174,0.99316264408939,0.9672083042601389,0.9772185809078381,0.008092739439596605,0.75,0.75
HistoKit (no postprocessing),gaussian,6fecdbd3-f25f-98e1-f3e7-fdc984783bf1_110414_1.png,10711847,2844269,709414,3140404,0.8476738017256961,0.7356196561313558,0.9378865433510363,0.7732928749269704,0.7788215214420553,0.8476738017256961,0.8003721772594798,0.47525888214777984,0.06211345664896372,0.75,0.75
HistoKit (no postprocessing),gaussian,36686384-7dd5-47b9-9af9-593716a57c66_072643_8.png,0,4123937,1021,0,0.0,0.0,0.0,,0.9997524823283049,,0.9997524823283049,1.0,1.0,0.75,0.75
HistoKit (no postprocessing),gaussian,786743ed-e3ab-4cc3-3e88-4ee844fd6584_104341_2.png,6066474,2842776,31991,68599,0.9917775217602627,0.9836891590552652,0.9947542537343413,0.9888185519552906,0.988835539809808,0.9917775217602627,0.9888717937836353,0.9764375939203984,0.005245746265658654,0.75,0.75
HistoKit (no postprocessing),gaussian,adf4a334-3c2a-d6ae-0b72-c218c11535ea_115443_3.png,0,8005113,168069,0,0.0,0.0,0.0,,0.979436527903086,,0.979436527903086,1.0,1.0,0.75,0.75
HistoKit (no postprocessing),gaussian,4f8d8d4c-adc3-ed68-4f51-2bb95426a546_131620_1.png,5844136,1335192,20198,3158,0.9980057426687391,0.9960194236310846,0.9965557896258979,0.9994599211190681,0.996757319910189,0.9980057426687393,0.9850980160691757,0.9976403780774835,0.0034442103741021573,0.75,0.75
HistoKit (no postprocessing),gaussian,6dacef70-8f47-e898-de47-4738667f2bb0_100303_2.png,4932266,372947,1213,2628678,0.7895148099275973,0.6522300449461708,0.9997541288814648,0.6523346820185416,0.6685751062619973,0.7895148099275974,0.9967580714132991,0.12424836546870445,0.00024587111853521625,0.75,0.75
HistoKit (no postprocessing),gaussian,b04c2edc-8554-0391-20e3-62a3af357e5f_130945_4.png,4024717,361788,200734,1369153,0.8367985640566522,0.7193926504896504,0.9524940651305623,0.7461649984148673,0.7364365877867004,0.8367985640566522,0.6431535122181888,0.20901232335475328,0.047505934869437605,0.75,0.75
HistoKit (no postprocessing),gaussian,e2bfe175-7bb7-d3b3-d437-ffbd60d747a4_123954_4.png,1898173,251322,1818,542639,0.874572285358262,0.7771021399065761,0.9990431533623054,0.777680952076604,0.7978965475257168,0.874572285358262,0.9928182033657265,0.31654199639528896,0.0009568466376945996,0.75,0.75
HistoKit (no postprocessing),gaussian,0a6bb222-fb92-5dbe-8347-47a6b9e62ff2_125049_2.png,5156788,385789,42900,4241753,0.7064950138814784,0.5461865408045233,0.9917495049702982,0.5486796301681293,0.5640019618956715,0.7064950138814783,0.8999274532353291,0.08336801697315767,0.008250495029701783,0.75,0.75
HistoKit (no postprocessing),gaussian,b04c2edc-8554-0391-20e3-62a3af357e5f_130945_2.png,10165487,496464,24366,2074243,0.9064356657901308,0.8288818841600718,0.9976087976931561,0.8305319643488868,0.8355394277367137,0.9064356657901308,0.9532169805886758,0.1931235259405292,0.002391202306843877,0.75,0.75
HistoKit (no postprocessing),gaussian,18a7f9da-53be-2120-be0a-0738920b492f_101923_2.png,3888834,178764,38623,275993,0.9611214831313385,0.9251529101095529,0.9901659012434764,0.9337324215387578,0.9282061533279753,0.9611214831313385,0.8223306821475065,0.3930978522595584,0.009834098756523623,0.75,0.75
HistoKit (no postprocessing),gaussian,d18df4a2-af46-984e-1fcb-35841267a2a7_132544_1.png,7421808,151853,230792,847407,0.9322816525628517,0.8731531632856302,0.9698413611060294,0.8975226789967367,0.8753795137692936,0.9322816525628517,0.39685086699159794,0.15196545443628284,0.030158638893970677,0.75,0.75
HistoKit (no postprocessing),gaussian,7f0a6db3-032c-fd36-2371-511c4ae59038_115247_4.png,2872901,860286,8189,5994,0.9975376671987861,0.995087430777906,0.9971576729640518,0.9979179511583437,0.9962152122688712,0.9975376671987861,0.9905708281758254,0.9930807591079097,0.0028423270359482,0.75,0.75
HistoKit (no postprocessing),gaussian,76bd570a-7866-8dee-341c-c3f9290b76cf_114927_1.png,2633132,445842,37750,335655,0.9337895539614116,0.8758022934691972,0.9858660921747947,0.8869386722590742,0.8918412491791892,0.9337895539614116,0.9219383281774719,0.5704973915446893,0.014133907825205306,0.5,1.25
HistoKit (no postprocessing),gaussian,0f170c8e-9c83-6973-94f2-3858ac80f3dc_115930_1.png,5606780,257494,12249,629337,0.9458812232257621,0.8973193951826766,0.9978200859970646,0.8990819126709778,0.9013833682249541,0.9458812232257621,0.9545901098452972,0.29035295338119665,0.0021799140029353826,0.75,0.75
HistoKit (no postprocessing),gaussian,367a29b2-8f5a-4095-840e-86626c38d291_123703_1.png,12375747,6044438,179869,97086,0.9889343922190305,0.9781109995319577,0.9856742194090676,0.9922162030069672,0.9851873067217767,0.9889343922190305,0.9711021644658594,0.9841918715940864,0.014325780590932376,0.75,0.75
HistoKit (no postprocessing),gaussian,32e0aaf3-9973-5f67-ccc7-24d8d8604aa6_110737_5.png,0,5460312,13596,0,0.0,0.0,0.0,,0.9975162169331308,,0.9975162169331308,1.0,1.0,0.5,1.25
HistoKit (no postprocessing),gaussian,96e6b3f2-f43e-7954-4202-361d3af0da92_104636_1.png,4587008,225247,111692,384902,0.948649154500078,0.9023145399659532,0.976229169770362,0.922584680736377,0.9064591967110008,0.9486491545000781,0.6685097302479084,0.3691672034208038,0.023770830229637985,0.5,1.25
HistoKit (no postprocessing),gaussian,9761f929-4dae-801a-b291-ba7ecada0fc3_101038_1.png,5037311,268908,18543,1023037,0.9063007311310104,0.828656246673941,0.9963323703572137,0.8311917071428901,0.8359147792801883,0.9063007311310104,0.9354916142229458,0.2081419874685068,0.0036676296427863623,0.5,1.25
HistoKit (no postprocessing),gaussian,0a6bb222-fb92-5dbe-8347-47a6b9e62ff2_125049_1.png,5848323,233365,40563,1749256,0.8672877585045451,0.7656735106521979,0.9931119400171782,0.7697613937281863,0.772620541403317,0.8672877585045451,0.8519209427294764,0.11770530020614127,0.006888059982821879,0.5,1.25
HistoKit (no postprocessing),gaussian,6fecdbd3-f25f-98e1-f3e7-fdc984783bf1_110414_2.png,7704501,737803,29978,2734683,0.8478754117978308,0.7359233718992981,0.9961241086826922,0.7380367086163057,0.7533086790223759,0.8478754117978308,0.9609550119109486,0.21247112299372842,0.0038758913173078625,0.75,0.75
HistoKit (no postprocessing),gaussian,4c439187-b529-301f-82bf-3874dfa019f2_103211_1.png,5214991,2767670,7349,67270,0.9928965412394055,0.9858932889192209,0.998592776418234,0.9872649231077374,0.9907389342309068,0.9928965412394054,0.9973517298440119,0.9762711027393878,0.0014072235817660283,0.5,1.25
HistoKit (no postprocessing),gaussian,96e6b3f2-f43e-7954-4202-361d3af0da92_104636_4.png,3017517,361473,5393,2028508,0.7479343928287934,0.5973603847474115,0.9982159574714431,0.5979988208540385,0.6242486685950263,0.7479343928287933,0.985299809739796,0.15124513542157866,0.0017840425285569202,0.5,1.25
HistoKit (no postprocessing),gaussian,d7d9e09c-5b48-9d63-55ef-dabd0e7bf5cd_123455_3.png,0,3207226,1445,0,0.0,0.0,0.0,,0.9995496577866662,,0.9995496577866662,1.0,1.0,0.5,1.25
HistoKit (no postprocessing),gaussian,36c069a8-8f9e-b246-f3af-1b6cffe0751a_123150_5.png,2153069,342438,3413,1151949,0.788453355305319,0.6507825008289427,0.9984173297064386,0.651454545784622,0.6835378097652915,0.788453355305319,0.9901315884586137,0.22914947734422209,0.001582670293561458,0.5,1.25
HistoKit (no postprocessing),gaussian,0fcbbf47-bbbc-4a27-0d18-fe35bf99ccdb_133554_3.png,1488706,238182,5326,1163234,0.7181457086540864,0.5602397351262538,0.9964351499834007,0.5613648875917253,0.5964147862437869,0.7181457086540864,0.9781280286479295,0.16995809952219754,0.003564850016599377,0.5,1.25
HistoKit (no postprocessing),gaussian,6fecdbd3-f25f-98e1-f3e7-fdc984783bf1_110414_3.png,2536294,740347,416131,759978,0.8117833205866759,0.6831946854907724,0.8590545060416437,0.7694431770193721,0.7358690696760429,0.8117833205866759,0.6401738727412022,0.4934577508206555,0.14094549395835626,0.5,1.25
HistoKit (no postprocessing),gaussian,aedd99b7-9b77-3379-0a55-09f4124063bb_103758_2.png,4824628,129554,25159,554183,0.9433605661303729,0.892793261250525,0.9948123494908127,0.8969692372533632,0.8953032461773004,0.9433605661303729,0.8373827668004628,0.18947928808884118,0.005187650509187311,0.5,1.25
HistoKit (no postprocessing),gaussian,db9f8afe-40d5-d8aa-882f-512377b755a1_120139_1.png,4115610,7589111,994395,276784,0.8662254658007941,0.7640191587233136,0.8054023430505449,0.9369856164997948,0.9020353886820953,0.8662254658007941,0.8841504858271201,0.9648121415299848,0.19459765694945505,0.5,1.25
HistoKit (no postprocessing),gaussian,ed9d6e50-ec08-4213-59eb-4f99b1955e7c_103016_3.png,9778595,220728,109127,489674,0.9702916616702201,0.942297566749886,0.988963383072461,0.9523119232657422,0.9434993400718844,0.97029166167022,0.6691667550893574,0.31070858471682233,0.011036616927539022,0.5,1.25
HistoKit (no postprocessing),gaussian,cbe296c0-32ef-a6c0-58c3-7dcdd9f9743d_115103_5.png,2835294,653331,38313,35208,0.9872006258934153,0.9747247590513662,0.9866672791373351,0.9877345495665915,0.9793604753988185,0.9872006258934152,0.9446058955185037,0.9488656415976437,0.013332720862664937,0.5,1.25
HistoKit (no postprocessing),gaussian,db9f8afe-40d5-d8aa-882f-512377b755a1_120139_3.png,5414353,860463,325064,126020,0.9600095391846835,0.9230945622636472,0.9433628886000094,0.9772542390196473,0.932933287738444,0.9600095391846833,0.7258063291683783,0.8722532471416132,0.05663711139999063,0.5,1.25
HistoKit (no postprocessing),gaussian,16277008-7349-6ea9-1043-9abf63a9d11e_105523_2.png,6828802,376093,772,1573027,0.8966740621333439,0.8127009719966473,0.9998869622029134,0.8127756468264231,0.8207251557008366,0.8966740621333439,0.9979515211017208,0.19295528238384502,0.00011303779708661184,0.5,1.25
HistoKit (no postprocessing),gaussian,042c1e4d-d1be-7f85-b2e1-b98e0b68f672_101215_1.png,3920967,647797,1385350,35446,0.8466115281347939,0.7340211462021059,0.7389243801303239,0.9910408746508517,0.7627879176433662,0.846611528134794,0.3186178864587755,0.9481209467202738,0.2610756198696761,0.5,1.25
HistoKit (no postprocessing),gaussian,e2bfe175-7bb7-d3b3-d437-ffbd60d747a4_123954_6.png,2180224,170050,4340,721315,0.8573259330375338,0.7502803798781711,0.9980133335530568,0.7514026177142544,0.7640859070544216,0.8573259330375338,0.975113251906646,0.19077482288400374,0.001986666446943189,0.5,1.25
HistoKit (no postprocessing),gaussian,a2afe16d-3866-9541-f2c7-cc8ca97faf02_130229_2.png,1341271,2139457,25394,2548,0.9896911400325551,0.9795926565114412,0.9814190017304899,0.9981039113154375,0.992036298654476,0.989691140032555,0.9882698624524274,0.9988104602930432,0.018580998269510086,0.5,1.25
HistoKit (no postprocessing),gaussian,78f7eac9-40c9-a096-07a4-a0166ddd84e8_103411_4.png,0,3169772,2428,0,0.0,0.0,0.0,,0.9992346005926487,,0.9992346005926487,1.0,1.0,0.5,1.25
HistoKit (no postprocessing),gaussian,73e02c87-178a-0dc6-cf2c-3f6aeb0c5685_124434_1.png,0,9361566,2011342,0,0.0,0.0,0.0,,0.8231461997230611,,0.8231461997230611,1.0,1.0,0.5,1.25
HistoKit (no postprocessing),gaussian,15fe4c3f-571c-b45d-d559-12744253eeb9_122421_1.png,4753376,1734920,188310,8436,0.9797242190393609,0.9602543129240046,0.9618935723556697,0.9982284054893389,0.970569220058752,0.9797242190393609,0.902086593907125,0.9951610571793713,0.038106427644330296,0.5,1.25
HistoKit (no postprocessing),gaussian,15fe4c3f-571c-b45d-d559-12744253eeb9_122421_3.png,2472020,166061,792,200444,0.9608891729034555,0.9247225106761193,0.9996797168567606,0.9249965574840298,0.9291252086329213,0.9608891729034555,0.9952533068029943,0.4530934093668572,0.00032028314323935666,0.5,1.25
HistoKit (no postprocessing),gaussian,adf4a334-3c2a-d6ae-0b72-c218c11535ea_115443_6.png,0,5887637,41950,0,0.0,0.0,0.0,,0.992925308288756,,0.992925308288756,1.0,1.0,0.5,1.25
HistoKit (no postprocessing),gaussian,adf4a334-3c2a-d6ae-0b72-c218c11535ea_115443_8.png,0,7395297,6294,0,0.0,0.0,0.0,,0.9991496422863679,,0.9991496422863679,1.0,1.0,0.5,1.25
HistoKit (no postprocessing),gaussian,adf4a334-3c2a-d6ae-0b72-c218c11535ea_115443_5.png,0,5528242,28478,0,0.0,0.0,0.0,,0.9948750341928332,,0.9948750341928332,1.0,1.0,0.5,1.25
HistoKit (no postprocessing),gaussian,15fe4c3f-571c-b45d-d559-12744253eeb9_122421_5.png,3446847,266695,3971,867199,0.8878061483111617,0.7982476678530909,0.9988492583497594,0.7989824401501514,0.8099837023568766,0.8878061483111616,0.9853287815979842,0.2352027614574202,0.0011507416502406097,0.5,1.25
HistoKit (no postprocessing),gaussian,46e107b0-7f41-8fd8-abd7-fbe9d0e935a4_133028_1.png,0,8916591,345665,0,0.0,0.0,0.0,,0.9626802584597101,,0.9626802584597101,1.0,1.0,0.5,1.25
HistoKit (no postprocessing),gaussian,f010c097-faf6-f2df-c82a-aca0270a9814_110553_3.png,543666,4195920,127781,1063,0.8940580968544026,0.8084132577954232,0.8096930956575873,0.9980485709407797,0.9735347945847018,0.8940580968544026,0.9704463837809322,0.999746722824467,0.19030690434241274,0.5,1.25
HistoKit (no postprocessing),gaussian,4a12a0e8-253e-42bb-77ff-6e284ada3080_105659_1.png,1909190,1423657,15121,12092,0.9929235881176193,0.9859466237141752,0.9921421225571126,0.9937062856988198,0.9919010374814735,0.9929235881176194,0.9894903869811743,0.9915779150812573,0.007857877442887351,0.5,1.25
HistoKit (no postprocessing),gaussian,c149f6be-4555-ddd6-581f-abc8aeab9698_132314_1.png,3642605,2088166,113702,91247,0.972637563501656,0.9467326514455677,0.9697303761380526,0.9755622343895795,0.9654719225300384,0.9726375635016559,0.9483611188318283,0.958132304432432,0.030269623861947387,0.5,1.25
HistoKit (no postprocessing),gaussian,f4701930-c3d0-97f5-7529-fedf8cc9402a_110850_3.png,2346258,427459,608,7597,0.9982545230827357,0.996515128927488,0.999740931097046,0.9967725284692558,0.9970506002684475,0.9982545230827357,0.9985796615950306,0.9825378801809422,0.00025906890295398203,0.5,1.25
HistoKit (no postprocessing),gaussian,e2bfe175-7bb7-d3b3-d437-ffbd60d747a4_123954_3.png,4727698,277328,9883,637901,0.9358831575800887,0.87949285291998,0.9979139142950801,0.8811128077219338,0.8854049578882007,0.9358831575800888,0.9655897580524423,0.3030148738730962,0.0020860857049198735,0.5,1.25
HistoKit (no postprocessing),gaussian,e4c17e5d-ca75-8d00-1c03-2c4b0f9dc6a7_131509_7.png,0,4750701,97497,0,0.0,0.0,0.0,,0.9798900539953195,,0.9798900539953195,1.0,1.0,0.5,1.25
HistoKit (no postprocessing),gaussian,5b6306df-eee5-32e5-a263-7c4b8cf32245_100047_3.png,6724454,567624,17116,22158,0.9970882658611813,0.9941934388845914,0.9974611255241731,0.9967156848504108,0.9946430071833954,0.9970882658611814,0.970728870951192,0.9624301860687509,0.0025388744758268475,0.5,1.25
HistoKit (no postprocessing),gaussian,78f7eac9-40c9-a096-07a4-a0166ddd84e8_103411_6.png,0,6275959,543961,0,0.0,0.0,0.0,,0.9202393869722812,,0.9202393869722812,1.0,1.0,0.5,1.25
HistoKit (no postprocessing),gaussian,67cf3804-696c-ef64-2d57-43ad0b86332a_122601_2.png,5991530,4360616,12631,96718,0.9909572195250756,0.9820765171707224,0.9978962922546547,0.9841139848442442,0.9895474786347458,0.9909572195250756,0.997111757008008,0.9783013792549538,0.0021037077453452697,0.5,1.25
HistoKit (no postprocessing),gaussian,6dacef70-8f47-e898-de47-4738667f2bb0_100303_3.png,3041797,198570,144,445675,0.9317214273319823,0.8721708467904723,0.9999526618037627,0.8722068592952145,0.8790568354391233,0.9317214273319822,0.9992753404390229,0.30822125123206234,4.733819623720513e-05,0.5,1.25
HistoKit (no postprocessing),gaussian,18a7f9da-53be-2120-be0a-0738920b492f_101923_4.png,8352880,248690,75026,1572896,0.9102130024918161,0.8352210152745749,0.9910979073568215,0.8415342034718495,0.8392191534956074,0.9102130024918161,0.7682351196727996,0.13652388632762877,0.008902092643178507,0.5,1.25
HistoKit (no postprocessing),gaussian,67cf3804-696c-ef64-2d57-43ad0b86332a_122601_1.png,21129044,12448974,7842771,884632,0.8288257535854661,0.7076878236717182,0.729296524915681,0.9598144353537319,0.7937048540422278,0.8288257535854662,0.6134994304334103,0.9336539567765839,0.270703475084319,0.75,0.75
HistoKit (no postprocessing),gaussian,2852fafe-6f36-4c12-47aa-96e73b433b3f_123004_2.png,2511173,1107902,6784,75039,0.9839693787568554,0.9684446100186811,0.9973057522427905,0.9709849772563115,0.9778910415796382,0.9839693787568553,0.9939139811570253,0.9365657289754942,0.0026942477572095155,0.5,1.25
HistoKit (no postprocessing),gaussian,7fcfd7e6-a936-d1a4-6766-2f191e54690d_131809_1.png,3160955,251655,9750,714675,0.8971912348760029,0.8135510554952154,0.9969249740988203,0.8155977221767816,0.8248927069749229,0.8971912348760028,0.962701555058243,0.2604234578249666,0.0030750259011797063,0.5,1.25
HistoKit (no postprocessing),gaussian,f4701930-c3d0-97f5-7529-fedf8cc9402a_110850_4.png,2525590,506571,3572,38037,0.9918298205560843,0.9837920628669612,0.9985876744945559,0.9851628181478819,0.9864632031674458,0.9918298205560844,0.9929980417255554,0.9301571038251366,0.0014123255054440957,0.5,1.25
HistoKit (no postprocessing),gaussian,78f7eac9-40c9-a096-07a4-a0166ddd84e8_103411_1.png,0,2767875,5885,0,0.0,0.0,0.0,,0.9978783312182741,,0.9978783312182741,1.0,1.0,0.5,1.25
HistoKit (no postprocessing),gaussian,eb22b9cd-e52e-fa2d-85a8-60a50dc5a7c4_102757_1.png,2183284,586681,19757,36959,0.9871778524734112,0.9746803571428572,0.9910319417568715,0.9833536239051311,0.9799354791007545,0.9871778524734112,0.9674212367958472,0.9407366429350266,0.008968058243128475,0.5,1.25
HistoKit (no postprocessing),gaussian,d7d73023-1258-3c47-44ee-6493877f23d1_111048_2.png,6535975,425631,19425,748313,0.9445263505940308,0.8948838761873584,0.9970367940934192,0.8972702616920144,0.9006722950873968,0.9445263505940308,0.956353807161346,0.3625649945823651,0.0029632059065808343,0.5,1.25
HistoKit (no postprocessing),gaussian,0a6bb222-fb92-5dbe-8347-47a6b9e62ff2_125049_4.png,7592039,476144,12590,6008640,0.716050811428912,0.5576940410124857,0.9983444294258143,0.5582102922949655,0.5726415287847691,0.7160508114289121,0.9742395658988325,0.07342480489712533,0.0016555705741858019,0.5,1.25
HistoKit (no postprocessing),gaussian,db9f8afe-40d5-d8aa-882f-512377b755a1_120139_2.png,3004472,1965966,44053,61252,0.9827771162083847,0.9661374432957733,0.9855494050401423,0.9800203801777329,0.9792532837064446,0.9827771162083847,0.9780832917499784,0.9697851933043214,0.014450594959857637,0.5,1.25
HistoKit (no postprocessing),gaussian,0823ec0e-9dd5-2324-aa8d-fe8db13ea4cd_103937_1.png,1450211,4088883,15866,44712,0.9795413711583925,0.9599030705148105,0.9891779217599076,0.970090767216773,0.9891818663664587,0.9795413711583925,0.9961347210267911,0.989183265414246,0.010822078240092438,0.5,1.25
HistoKit (no postprocessing),gaussian,adf4a334-3c2a-d6ae-0b72-c218c11535ea_115443_4.png,0,4438518,2997078,0,0.0,0.0,0.0,,0.59692834306759,,0.59692834306759,1.0,1.0,0.5,1.25
HistoKit (no postprocessing),gaussian,f569a03d-b1d7-9121-59cf-f65992813d75_131224_1.png,0,4258909,109997,0,0.0,0.0,0.0,,0.9748227588325316,,0.9748227588325316,1.0,1.0,0.5,1.25
HistoKit (no postprocessing),gaussian,18a7f9da-53be-2120-be0a-0738920b492f_101923_3.png,11683508,131394,84532,459902,0.9772312427728138,0.955476236311883,0.9928168157144265,0.9621274419623483,0.955949575284627,0.9772312427728138,0.6085140279540213,0.22221357830934083,0.007183184285573468,0.5,1.25
HistoKit (no postprocessing),gaussian,98491719-8df8-3c0a-7325-de39c48b2a96_133826_2.png,2682675,1622214,108779,51142,0.9710564422993913,0.9437412140170464,0.9610314194681339,0.9812928224530025,0.964181902477373,0.9710564422993913,0.937158035878828,0.969437465787316,0.038968580531866186,0.5,1.25
HistoKit (no postprocessing),gaussian,2852fafe-6f36-4c12-47aa-96e73b433b3f_123004_1.png,2153609,2837130,34712,66482,0.9770452489467862,0.9551206912532936,0.984137610524233,0.970054380653766,0.9801266041795915,0.9770452489467863,0.9879129840708507,0.9771036901624597,0.015862389475767038,0.5,1.25
HistoKit (no postprocessing),gaussian,c93efc84-bec7-4ba6-b526-5de46512cbba_100824_1.png,7389436,877256,28942,33471,0.9957946363808794,0.991624494806591,0.9960986080784775,0.9954908501480619,0.9925066378680543,0.9957946363808794,0.9680621674291932,0.9632480424979165,0.0039013919215224674,0.5,1.25
HistoKit (no postprocessing),gaussian,8956f1ca-9d66-b2d7-8ef9-bd09fb590f4a_110204_2.png,6159851,1443086,155061,493256,0.9500064736179057,0.9047736483588537,0.9754452635286129,0.9258608045834825,0.921428064146371,0.9500064736179058,0.9029745073513262,0.7452640081142691,0.02455473647138709,0.5,1.25
HistoKit (no postprocessing),gaussian,36c069a8-8f9e-b246-f3af-1b6cffe0751a_123150_4.png,3425187,195272,81220,1060681,0.8571244107591393,0.7499717544308321,0.9768366878117686,0.7635505547644291,0.7602237126130742,0.8571244107591393,0.7062482820479435,0.1554771555941982,0.02316331218823143,0.5,1.25
HistoKit (no postprocessing),gaussian,46e107b0-7f41-8fd8-abd7-fbe9d0e935a4_133028_6.png,0,5247972,29483,0,0.0,0.0,0.0,,0.9944134057040752,,0.9944134057040752,1.0,1.0,0.5,1.25
HistoKit (no postprocessing),gaussian,36c069a8-8f9e-b246-f3af-1b6cffe0751a_123150_3.png,6318336,353549,4282,1925209,0.8675360834558833,0.7660606848325019,0.9993227488992693,0.7664586048841852,0.7756764731596433,0.8675360834558833,0.9880334571347927,0.15514986672564615,0.0006772511007307416,0.5,1.25
HistoKit (no postprocessing),gaussian,8469f8e6-543f-6b82-f38a-8b184a96e4e9_104905_1.png,8819076,8335429,6542348,171264,0.7243069536974817,0.5677752620795576,0.5741053693980454,0.9809502199026956,0.7187205006578441,0.7243069536974815,0.560260380297406,0.9798671469629855,0.4258946306019546,0.5,1.25
HistoKit (no postprocessing),gaussian,6dacef70-8f47-e898-de47-4738667f2bb0_100303_1.png,8149685,337438,12053,1542152,0.9129471268359418,0.8398369107646522,0.9985232312039422,0.8408813520078805,0.845219178180416,0.9129471268359418,0.9655127027591555,0.17952745013540186,0.0014767687960578985,0.5,1.25
HistoKit (no postprocessing),gaussian,e2bfe175-7bb7-d3b3-d437-ffbd60d747a4_123954_2.png,3893668,173814,51968,144750,0.9753611385894935,0.9519072283153717,0.9868289928417117,0.9641567564328408,0.9538675484264341,0.9753611385894936,0.7698310759936576,0.545617207217388,0.013171007158288296,0.5,1.25
HistoKit (no postprocessing),gaussian,103a5b47-1de4-c7ee-81eb-83cd201d2a51_131937_2.png,2683854,1754654,122440,11862,0.9755903751538074,0.9523440150225893,0.9563695036941959,0.9955996848332688,0.9706303126523953,0.9755903751538074,0.9347715138400101,0.993285087709367,0.043630496305804026,0.5,1.25
HistoKit (no postprocessing),gaussian,d18df4a2-af46-984e-1fcb-35841267a2a7_132544_2.png,8507819,140925,127902,309079,0.9749618667547834,0.9511469233521151,0.9851891926568725,0.9649447005057787,0.9519046636344375,0.9749618667547834,0.5242218973540604,0.31316388298770675,0.01481080734312746,0.5,1.25
HistoKit (no postprocessing),gaussian,0f170c8e-9c83-6973-94f2-3858ac80f3dc_115930_3.png,6460226,345550,48860,685476,0.9462213547365217,0.8979317990448897,0.9924935697577202,0.9040715663765435,0.9026094042104414,0.9462213547365217,0.876118759666337,0.33515158686589863,0.007506430242279791,0.5,1.25
HistoKit (no postprocessing),gaussian,18a7f9da-53be-2120-be0a-0738920b492f_101923_5.png,6956814,412344,4474,1515158,0.901535255675081,0.8207229775309133,0.9993573028439565,0.8211563966453147,0.829039498064416,0.9015352556750811,0.9892662984803919,0.21392662627587417,0.0006426971560435367,0.5,1.25
HistoKit (no postprocessing),gaussian,d7d73023-1258-3c47-44ee-6493877f23d1_111048_3.png,6255185,272585,7229,1298099,0.9055184906329018,0.8273492817220207,0.9988456528105616,0.8281411105421165,0.8333573766088462,0.9055184906329018,0.9741649810231082,0.17354541078918484,0.0011543471894384497,0.5,1.25
HistoKit (no postprocessing),gaussian,aedd99b7-9b77-3379-0a55-09f4124063bb_103758_4.png,4608307,124797,16896,333830,0.963341325802156,0.9292753244432936,0.9963469711491582,0.9324522974575573,0.9310114618309424,0.963341325802156,0.8807562829497576,0.27211001532836054,0.0036530288508417903,0.5,1.25
HistoKit (no postprocessing),gaussian,8956f1ca-9d66-b2d7-8ef9-bd09fb590f4a_110204_1.png,6888460,3403002,615939,102964,0.9504061963228994,0.9054990540085966,0.9179229409310459,0.9852728142364131,0.934706705908478,0.9504061963228994,0.8467409698226473,0.9706317745237689,0.08207705906895409,0.5,1.25
HistoKit (no postprocessing),gaussian,4a12a0e8-253e-42bb-77ff-6e284ada3080_105659_3.png,801132,3466190,10808,37254,0.970877269097136,0.9434028031286137,0.9866886715767175,0.955564620592424,0.9888626365579517,0.970877269097136,0.9968915714072887,0.9893664634000144,0.013311328423282509,0.5,1.25
HistoKit (no postprocessing),gaussian,36c069a8-8f9e-b246-f3af-1b6cffe0751a_123150_2.png,4595145,357822,4314,1403099,0.8671964103919501,0.7655311285621896,0.9990620636035673,0.766081706579459,0.7787218688191586,0.86719641039195,0.9880873483994963,0.20320162006132017,0.0009379363964327109,0.5,1.25
HistoKit (no postprocessing),gaussian,67cf3804-696c-ef64-2d57-43ad0b86332a_122601_3.png,3003591,3899809,1120671,116817,0.8291864225699721,0.7082138767044895,0.7282735674891654,0.962563549382004,0.8479910299711776,0.8291864225699722,0.7767801086748677,0.9709166350065951,0.27172643251083467,0.5,1.25
HistoKit (no postprocessing),gaussian,5b6306df-eee5-32e5-a263-7c4b8cf32245_100047_4.png,5963059,358667,6626,23518,0.9974788106851455,0.994970302190665,0.9988900586881887,0.9960715447241387,0.9952543109352049,0.9974788106851457,0.98186113612908,0.9384643562672528,0.0011099413118112597,0.5,1.25
HistoKit (no postprocessing),gaussian,042c1e4d-d1be-7f85-b2e1-b98e0b68f672_101215_2.png,0,16552794,444144,0,0.0,0.0,0.0,,0.973869175730358,,0.973869175730358,1.0,1.0,0.5,1.25
HistoKit (no postprocessing),gaussian,e4c17e5d-ca75-8d00-1c03-2c4b0f9dc6a7_131509_4.png,0,12941191,515667,0,0.0,0.0,0.0,,0.961679985030681,,0.961679985030681,1.0,1.0,0.5,1.25
HistoKit (no postprocessing),gaussian,103a5b47-1de4-c7ee-81eb-83cd201d2a51_131937_3.png,501151,9912633,23189,713,0.976708334795031,0.9544769766099803,0.9557748788953733,0.9985792963830838,0.9977100288320611,0.976708334795031,0.9976661216354319,0.9999280767563242,0.04422512110462677,0.5,1.25
HistoKit (no postprocessing),gaussian,78f7eac9-40c9-a096-07a4-a0166ddd84e8_103411_2.png,0,3792329,10099,0,0.0,0.0,0.0,,0.997344065423461,,0.997344065423461,1.0,1.0,0.5,1.25
HistoKit (no postprocessing),gaussian,d07adf84-9a4a-637f-4bfb-56af281dbf05_133243_1.png,3510534,887822,12137,11675,0.9966199566209787,0.9932626856566957,0.996554603027078,0.9966853187871588,0.994615310861098,0.9966199566209786,0.9865138300744811,0.987020523692686,0.0034453969729219673,0.5,1.25
HistoKit (no postprocessing),gaussian,f4701930-c3d0-97f5-7529-fedf8cc9402a_110850_2.png,3817285,435994,7786,17161,0.9967430061190542,0.9935071593802769,0.9979644822279116,0.9955245164490516,0.9941688447501371,0.9967430061190543,0.9824552706295913,0.9621299555339784,0.0020355177720884133,0.5,1.25
HistoKit (no postprocessing),gaussian,46e107b0-7f41-8fd8-abd7-fbe9d0e935a4_133028_4.png,0,5752214,56344,0,0.0,0.0,0.0,,0.9902998300094447,,0.9902998300094447,1.0,1.0,0.5,1.25
HistoKit (no postprocessing),gaussian,aedd99b7-9b77-3379-0a55-09f4124063bb_103758_3.png,2470445,1172130,407655,1219489,0.7522631581992419,0.6029020968183973,0.8583596817344776,0.669509264935362,0.6912275588129082,0.7522631581992419,0.7419553926641916,0.49009896643236234,0.1416403182655224,0.5,1.25
HistoKit (no postprocessing),gaussian,adf4a334-3c2a-d6ae-0b72-c218c11535ea_115443_2.png,0,5936424,199096,0,0.0,0.0,0.0,,0.9675502646882416,,0.9675502646882416,1.0,1.0,0.5,1.25
HistoKit (no postprocessing),gaussian,c93efc84-bec7-4ba6-b526-5de46512cbba_100824_2.png,3114242,318015,1695,23593,0.9959563604173609,0.9919452911741566,0.9994560223778594,0.9924811215376207,0.9926861400213157,0.9959563604173609,0.9946983203528198,0.930935458185991,0.0005439776221406274,0.5,1.25
HistoKit (no postprocessing),gaussian,18a7f9da-53be-2120-be0a-0738920b492f_101923_1.png,4338743,472850,10243,2039596,0.8089142446975365,0.6791402223529416,0.9976447383367065,0.6802308563404986,0.7012520126993899,0.8089142446975364,0.9787970432194215,0.18820304993619763,0.0023552616632934666,0.5,1.25
HistoKit (no postprocessing),gaussian,8469f8e6-543f-6b82-f38a-8b184a96e4e9_104905_2.png,8286348,3833545,400232,217235,0.9640802126192753,0.9306514117824775,0.9539252502135478,0.9744537096891981,0.9515231570749355,0.9640802126192753,0.9054669152390407,0.9463720567396896,0.04607474978645221,0.5,1.25
HistoKit (no postprocessing),gaussian,103a5b47-1de4-c7ee-81eb-83cd201d2a51_131937_1.png,1388934,2684160,110737,5971,0.9596804506083102,0.9224862218243115,0.9261591375708406,0.9957194217527359,0.9721447457421616,0.9596804506083102,0.9603788619043921,0.9977804054895468,0.07384086242915947,0.5,1.25
HistoKit (no postprocessing),gaussian,a2afe16d-3866-9541-f2c7-cc8ca97faf02_130229_1.png,1112714,6657632,22398,6056,0.9873755591463972,0.9750658973963519,0.9802680264150145,0.994586912412739,0.9963514899728163,0.9873755591463973,0.9966470210463126,0.9990911939454549,0.019731973584985445,0.5,1.25
HistoKit (no postprocessing),gaussian,36c069a8-8f9e-b246-f3af-1b6cffe0751a_123150_1.png,3104850,198948,35086,1064308,0.8495854616180883,0.7385037595344133,0.9888258868970577,0.7447187177842625,0.7503188595909512,0.8495854616180882,0.8500816120734594,0.1574882684111534,0.011174113102942225,0.5,1.25
HistoKit (no postprocessing),gaussian,32e0aaf3-9973-5f67-ccc7-24d8d8604aa6_110737_7.png,0,4627938,243786,0,0.0,0.0,0.0,,0.9499589878244334,,0.9499589878244334,1.0,1.0,0.5,1.25
HistoKit (no postprocessing),gaussian,9761f929-4dae-801a-b291-ba7ecada0fc3_101038_2.png,5177104,213114,97520,423622,0.9520804387904757,0.9085434359976736,0.9815114783537178,0.9243630200798968,0.9118405916743355,0.9520804387904757,0.6860614098907396,0.3346975826716253,0.018488521646282275,0.5,1.25
HistoKit (no postprocessing),gaussian,cbe296c0-32ef-a6c0-58c3-7dcdd9f9743d_115103_2.png,2759660,1424423,2643012,68377,0.6705764959009,0.5044114940297555,0.5107953990173751,0.9758217449064492,0.6067870335779769,0.6705764959009,0.3502017856462365,0.9541954715969989,0.4892046009826249,0.5,1.25
HistoKit (no postprocessing),gaussian,ed9d6e50-ec08-4213-59eb-4f99b1955e7c_103016_1.png,5227964,230854,15952,758173,0.9310666654912493,0.8710240717856733,0.9969579985644316,0.8733451974119536,0.8758010461510718,0.9310666654912492,0.935366239070363,0.2334152657106429,0.0030420014355683807,0.5,1.25
HistoKit (no postprocessing),gaussian,367a29b2-8f5a-4095-840e-86626c38d291_123703_3.png,4501884,1563581,56742,29483,0.990514294125419,0.981206854501495,0.9875528284180365,0.9934935748969351,0.9859835264780897,0.990514294125419,0.9649810562461929,0.9814928967072258,0.012447171581963512,0.5,1.25
HistoKit (no postprocessing),gaussian,aedd99b7-9b77-3379-0a55-09f4124063bb_103758_1.png,18755905,3992812,1241768,740501,0.9498084510338879,0.9044144870228208,0.9379043751740515,0.9620185894774658,0.9198467461022379,0.9498084510338879,0.7627760011309408,0.8435554547100519,0.0620956248259485,0.5,1.25
HistoKit (no postprocessing),gaussian,9761f929-4dae-801a-b291-ba7ecada0fc3_101038_4.png,4965786,537294,3972,2483054,0.79973375416452,0.6662969628108155,0.9992007659125455,0.6666522572642183,0.6887367952315026,0.79973375416452,0.9926616488011439,0.17789142178318526,0.0007992340874545602,0.5,1.25
HistoKit (no postprocessing),gaussian,16277008-7349-6ea9-1043-9abf63a9d11e_105523_1.png,1955878,250796,4515,782889,0.8324372866639995,0.7129700847379161,0.9976968903684108,0.7141454530451111,0.7370128633923365,0.8324372866639994,0.9823156855756313,0.24262323628571567,0.002303109631589176,0.5,1.25
HistoKit (no postprocessing),gaussian,78f7eac9-40c9-a096-07a4-a0166ddd84e8_103411_8.png,0,5970775,613565,0,0.0,0.0,0.0,,0.9068145022887639,,0.9068145022887639,1.0,1.0,0.5,1.25
HistoKit (no postprocessing),gaussian,d7d73023-1258-3c47-44ee-6493877f23d1_111048_1.png,6077622,468466,112732,2317672,0.8333701732003953,0.7143398480446581,0.9817890866984343,0.7239320028577915,0.7292479066432633,0.8333701732003953,0.8060351205613233,0.16814170726647423,0.01821091330156563,0.5,1.25
HistoKit (no postprocessing),gaussian,7f0a6db3-032c-fd36-2371-511c4ae59038_115247_3.png,3626947,689962,3291,20770,0.9966939889021023,0.9934097651936122,0.9990934478676053,0.9943060275783456,0.9944572296053646,0.9966939889021023,0.9952528153502401,0.9707766077790222,0.0009065521323946253,0.5,1.25
HistoKit (no postprocessing),gaussian,37e97aba-1a30-28bd-be40-a79de2fca963_105321_2.png,3135948,826905,85727,10816,0.9848403980944153,0.9701335595365926,0.9733905499468444,0.9965628181840138,0.9762173978591889,0.9848403980944154,0.9060661909729223,0.9870887801547293,0.02660945005315558,0.5,1.25
HistoKit (no postprocessing),gaussian,0f170c8e-9c83-6973-94f2-3858ac80f3dc_115930_5.png,7121656,279415,41733,493476,0.9637846710100422,0.9301007657833852,0.994174126241085,0.9351979716175636,0.9325617291728618,0.9637846710100422,0.8700505685852006,0.3615192827966686,0.00582587375891495,0.5,1.25
HistoKit (no postprocessing),gaussian,c149f6be-4555-ddd6-581f-abc8aeab9698_132314_2.png,2872743,1598913,37034,26230,0.9891088444157521,0.9784523674500776,0.9872725641861902,0.9909519681625183,0.9860495885263687,0.9891088444157521,0.9773623473132076,0.9838598818688571,0.012727435813809787,0.5,1.25
HistoKit (no postprocessing),gaussian,d76874a4-c608-41cd-b260-c14f0dca935a_100643_5.png,0,3914818,14952,0,0.0,0.0,0.0,,0.9961951971743893,,0.9961951971743893,1.0,1.0,0.5,1.25
HistoKit (no postprocessing),gaussian,0f170c8e-9c83-6973-94f2-3858ac80f3dc_115930_4.png,5920161,362235,11356,1676512,0.8752332721524461,0.778146481828605,0.9980854813363934,0.7793097057093282,0.7882293484883311,0.8752332721524462,0.9696031221308864,0.1776753074314763,0.0019145186636066289,0.5,1.25
HistoKit (no postprocessing),gaussian,d7d9e09c-5b48-9d63-55ef-dabd0e7bf5cd_123455_1.png,0,3111493,2664032,0,0.0,0.0,0.0,,0.5387376905129837,,0.5387376905129837,1.0,1.0,0.5,1.25
HistoKit (no postprocessing),gaussian,ed9d6e50-ec08-4213-59eb-4f99b1955e7c_103016_4.png,6699778,320599,93690,1846186,0.8735366472500415,0.7754683231527559,0.9862088111697884,0.783969836521661,0.7835020953091392,0.8735366472500417,0.7738535177134802,0.14796068830086972,0.013791188830211609,0.5,1.25
HistoKit (no postprocessing),gaussian,16277008-7349-6ea9-1043-9abf63a9d11e_105523_3.png,2793365,293239,973,473995,0.9216443973289332,0.854675762843015,0.999651795881529,0.8549302801038147,0.8666409102497437,0.9216443973289332,0.9966928609302136,0.3822028220855697,0.00034820411847099383,0.5,1.25
HistoKit (no postprocessing),gaussian,4a12a0e8-253e-42bb-77ff-6e284ada3080_105659_4.png,4951901,6309536,13315,36555,0.9949897886930572,0.9900295315399286,0.9973183442573293,0.9926720813013085,0.9955911372576131,0.9949897886930571,0.9978941461691886,0.9942397611379982,0.002681655742670611,0.5,1.25
HistoKit (no postprocessing),gaussian,0a6bb222-fb92-5dbe-8347-47a6b9e62ff2_125049_3.png,4697142,330210,12330,1390911,0.8700404953913049,0.7699749343606787,0.997381872107956,0.7715343476806131,0.7817866874796773,0.870040495391305,0.964004203888597,0.1918575161188551,0.0026181278920439487,0.5,1.25
HistoKit (no postprocessing),gaussian,8469f8e6-543f-6b82-f38a-8b184a96e4e9_104905_3.png,5248775,651244,1291719,25630,0.8885010358531207,0.7993718973324293,0.8025043674071102,0.9951406841150803,0.8174751516065136,0.8885010358531207,0.3351808552195796,0.9621347547697208,0.19749563259288977,0.5,1.25
HistoKit (no postprocessing),gaussian,46e107b0-7f41-8fd8-abd7-fbe9d0e935a4_133028_5.png,0,11471436,67824,0,0.0,0.0,0.0,,0.9941223267349899,,0.9941223267349899,1.0,1.0,0.5,1.25
HistoKit (no postprocessing),gaussian,9761f929-4dae-801a-b291-ba7ecada0fc3_101038_3.png,8830148,1117123,45459,248281,0.9836393332396125,0.9678053917365053,0.9948782094565476,0.9726515457685465,0.9713172849828987,0.9836393332396125,0.9608982420164771,0.8181629759397219,0.005121790543452408,0.5,1.25
HistoKit (no postprocessing),gaussian,d7d9e09c-5b48-9d63-55ef-dabd0e7bf5cd_123455_4.png,0,16366089,1255737,0,0.0,0.0,0.0,,0.9287396777155784,,0.9287396777155784,1.0,1.0,0.5,1.25
HistoKit (no postprocessing),gaussian,15fe4c3f-571c-b45d-d559-12744253eeb9_122421_2.png,4223046,336992,6564,406758,0.9533465757441745,0.9108522015508691,0.9984480838658883,0.9121435810241643,0.9168928048643171,0.9533465757441745,0.9808939445097743,0.453098487394958,0.0015519161341116558,0.5,1.25
HistoKit (no postprocessing),gaussian,7f0a6db3-032c-fd36-2371-511c4ae59038_115247_1.png,3424944,1203218,205242,80344,0.9599765902026971,0.9230336367041905,0.9434624011001089,0.9770792014807342,0.9418802103811591,0.9599765902026971,0.8542791417576644,0.937405438926986,0.05653759889989108,0.5,1.25
HistoKit (no postprocessing),gaussian,4c439187-b529-301f-82bf-3874dfa019f2_103211_2.png,2431897,1477570,114864,33133,0.9704702370869017,0.9426344648268494,0.9548980057414104,0.9865587842744308,0.9635247533927597,0.9704702370869016,0.9278689101086764,0.9780678267005494,0.045101994258589635,0.5,1.25
HistoKit (no postprocessing),gaussian,6fecdbd3-f25f-98e1-f3e7-fdc984783bf1_110414_1.png,10731491,2829797,723886,3120760,0.8480835106316562,0.7362369741722378,0.9368081905990523,0.7747109837960632,0.7791186614863643,0.8480835106316562,0.7962997825073311,0.4755516164285125,0.0631918094009477,0.5,1.25
HistoKit (no postprocessing),gaussian,efbb89df-e3ec-91fc-7f90-b36e0f9bf420_124740_1.png,3959782,458345,1437,378696,0.9541991713673402,0.9124100356804223,0.9996372328821002,0.9127122460918322,0.9207769066286529,0.9541991713673402,0.9968746057914403,0.5475777172205424,0.0003627671178998182,0.5,1.25
HistoKit (no postprocessing),gaussian,d18df4a2-af46-984e-1fcb-35841267a2a7_132544_3.png,4393481,297193,1274,1485461,0.8552872446987682,0.7471631994470952,0.9997101089821845,0.7473251139405696,0.759327090046976,0.8552872446987682,0.9957315214077268,0.16671378742032947,0.00028989101781555515,0.5,1.25
HistoKit (no postprocessing),gaussian,5b6306df-eee5-32e5-a263-7c4b8cf32245_100047_2.png,4201164,1013491,32719,27351,0.9929015392563668,0.9859031444881928,0.9922721057714632,0.993531771792225,0.9886117285735275,0.9929015392563668,0.9687261639632578,0.9737222364201291,0.007727894228536783,0.5,1.25
HistoKit (no postprocessing),gaussian,786743ed-e3ab-4cc3-3e88-4ee844fd6584_104341_2.png,6055293,2851064,23703,79780,0.9915275572784139,0.9831974730043762,0.9961008363881141,0.9869960797532482,0.9885144464274616,0.9915275572784139,0.9917548100419964,0.9727791721429049,0.00389916361188591,0.5,1.25
HistoKit (no postprocessing),gaussian,4f8d8d4c-adc3-ed68-4f51-2bb95426a546_131620_1.png,5843299,1336783,18607,3995,0.9980697229528918,0.9961468834881462,0.9968257764624681,0.9993167779831149,0.9968620031088411,0.9980697229528918,0.9862718479552011,0.9970203866710223,0.0031742235375319906,0.5,1.25
HistoKit (no postprocessing),gaussian,36686384-7dd5-47b9-9af9-593716a57c66_072643_8.png,0,4124557,401,0,0.0,0.0,0.0,,0.9999027868889817,,0.9999027868889817,1.0,1.0,0.5,1.25
HistoKit (no postprocessing),gaussian,adf4a334-3c2a-d6ae-0b72-c218c11535ea_115443_3.png,0,7902362,270820,0,0.0,0.0,0.0,,0.9668648024722807,,0.9668648024722807,1.0,1.0,0.5,1.25
HistoKit (no postprocessing),gaussian,6dacef70-8f47-e898-de47-4738667f2bb0_100303_2.png,5443269,372638,1522,2117675,0.8370567292044625,0.719774343448288,0.9997204667727375,0.7199192323075002,0.7329339350813802,0.8370567292044626,0.9959322215095147,0.1496350057201645,0.00027953322726253404,0.5,1.25
HistoKit (no postprocessing),gaussian,e2bfe175-7bb7-d3b3-d437-ffbd60d747a4_123954_4.png,1882927,251211,1929,557885,0.8705832255272481,0.7708254784277171,0.9989765796432194,0.7714346701015892,0.7921960005226523,0.8705832255272481,0.9923797108319506,0.31048355201360534,0.001023420356780571,0.5,1.25
HistoKit (no postprocessing),gaussian,b04c2edc-8554-0391-20e3-62a3af357e5f_130945_4.png,4071974,359444,203078,1321896,0.8422808664709468,0.7275347207085004,0.9524969520838577,0.7549262403432044,0.7439768907083348,0.8422808664709467,0.6389865640810493,0.2137842435200495,0.04750304791614231,0.5,1.25
HistoKit (no postprocessing),gaussian,18a7f9da-53be-2120-be0a-0738920b492f_101923_2.png,3897698,173459,43928,267129,0.9616284705530274,0.9260928706945403,0.9888553607064698,0.9358607212256356,0.9290182998822056,0.9616284705530274,0.7979271989585394,0.3936988751395862,0.011144639293530132,0.5,1.25
HistoKit (no postprocessing),gaussian,0a6bb222-fb92-5dbe-8347-47a6b9e62ff2_125049_2.png,5201276,383160,45529,4197265,0.7102974555875976,0.5507451766028841,0.9913225286626813,0.5534131308253057,0.5682614531256519,0.7102974555875975,0.893794802292571,0.08365162621372471,0.008677471337318617,0.5,1.25
HistoKit (no postprocessing),gaussian,7f0a6db3-032c-fd36-2371-511c4ae59038_115247_4.png,2872332,860726,7749,6563,0.9975148359708392,0.9950419934013338,0.9973094506716998,0.9977203058812496,0.9961807881260725,0.9975148359708393,0.9910774633696997,0.9924327415659602,0.0026905493283001414,0.5,1.25
HistoKit (no postprocessing),gaussian,b04c2edc-8554-0391-20e3-62a3af357e5f_130945_2.png,10352545,496097,24733,1887185,0.9154654762469023,0.8441091142759369,0.9976166196954539,0.8458148178105236,0.850169741766819,0.9154654762469023,0.9525123360789509,0.2081570707956507,0.002383380304546144,0.5,1.25
HistoKit (no postprocessing),gaussian,0f170c8e-9c83-6973-94f2-3858ac80f3dc_115930_1.png,5440299,257713,12030,795818,0.9308849097647369,0.8707059869109993,0.9977936034307541,0.872385652802858,0.8758276384674739,0.9308849097647369,0.9554019937496061,0.24461833586292192,0.0022063965692459132,0.5,1.25
HistoKit (no postprocessing),gaussian,367a29b2-8f5a-4095-840e-86626c38d291_123703_1.png,12352103,6056904,167403,120730,0.9884711470983168,0.9772050933226246,0.9866286257620708,0.9903205630990168,0.9845894612758956,0.9884711470983167,0.9731049577085449,0.9804569192671498,0.013371374237929196,0.5,1.25
HistoKit (no postprocessing),gaussian,d18df4a2-af46-984e-1fcb-35841267a2a7_132544_1.png,7495071,151118,231527,774144,0.9371291099739664,0.8816960919411505,0.9700350658854,0.9063824075199399,0.8837624510798834,0.9371291099739664,0.39493002652589215,0.16332455023550085,0.029964934114599984,0.5,1.25
HistoKit (no postprocessing),gaussian,76bd570a-7866-8dee-341c-c3f9290b76cf_114927_1.png,2699368,436145,47447,269419,0.9445612203228986,0.8949464796166345,0.9827265396468273,0.9092494678803161,0.9082180722336685,0.9445612203228986,0.9018863008486493,0.6181508693754216,0.017273460353172676,0.9,0.75
HistoKit (no postprocessing),gaussian,96e6b3f2-f43e-7954-4202-361d3af0da92_104636_1.png,4504085,251460,85479,467825,0.9421319348878635,0.8905949295179786,0.9813753550446186,0.9059063820543816,0.8957770318952376,0.9421319348878634,0.7463071950709179,0.3495971694112904,0.018624644955381384,0.9,0.75
HistoKit (no postprocessing),gaussian,6fecdbd3-f25f-98e1-f3e7-fdc984783bf1_110414_2.png,7748067,708129,59652,2691117,0.8492473489884831,0.7379929546475438,0.9923598684839964,0.7422100233121669,0.7545482652975181,0.8492473489884831,0.9223059700617754,0.20831943319194904,0.007640131516003586,0.5,1.25
HistoKit (no postprocessing),gaussian,32e0aaf3-9973-5f67-ccc7-24d8d8604aa6_110737_5.png,0,5461604,12304,0,0.0,0.0,0.0,,0.9977522457447221,,0.9977522457447221,1.0,1.0,0.9,0.75
HistoKit (no postprocessing),gaussian,36c069a8-8f9e-b246-f3af-1b6cffe0751a_123150_5.png,2130125,340777,5074,1174893,0.7831029534299827,0.6435244095934494,0.9976236407004687,0.6445123748191387,0.6767983184277496,0.7831029534299827,0.9853289422323486,0.22483588116146655,0.002376359299531332,0.9,0.75
HistoKit (no postprocessing),gaussian,9761f929-4dae-801a-b291-ba7ecada0fc3_101038_1.png,5179257,274330,13121,881091,0.9205337444455681,0.852767504040936,0.9974730268096814,0.8546137944553679,0.859130385193356,0.9205337444455682,0.954353959457438,0.23742860827352108,0.0025269731903185787,0.9,0.75
HistoKit (no postprocessing),gaussian,0a6bb222-fb92-5dbe-8347-47a6b9e62ff2_125049_1.png,6185877,221030,52898,1411702,0.8941484151099343,0.8085609563952679,0.9915210918810183,0.8141905467518008,0.8139365181279773,0.8941484151099343,0.8068908618323063,0.13537432965116136,0.008478908118981691,0.9,0.75
HistoKit (no postprocessing),gaussian,96e6b3f2-f43e-7954-4202-361d3af0da92_104636_4.png,3470435,361933,4933,1575590,0.8145229306992413,0.6870845095128488,0.9985805819700244,0.6877562041408831,0.7080076062865481,0.8145229306992413,0.9865536735483801,0.18680191151279235,0.0014194180299755307,0.9,0.75
HistoKit (no postprocessing),gaussian,4c439187-b529-301f-82bf-3874dfa019f2_103211_1.png,5233091,2768154,6865,49170,0.9946746013696544,0.9894056220252647,0.9986898744951294,0.9906914860890063,0.993045419794273,0.9946746013696542,0.9975261430642457,0.9825472682588158,0.0013101255048706517,0.9,0.75
HistoKit (no postprocessing),gaussian,d7d9e09c-5b48-9d63-55ef-dabd0e7bf5cd_123455_3.png,0,3208302,369,0,0.0,0.0,0.0,,0.9998849991164567,,0.9998849991164567,1.0,1.0,0.9,0.75
HistoKit (no postprocessing),gaussian,0fcbbf47-bbbc-4a27-0d18-fe35bf99ccdb_133554_3.png,1331709,236343,7165,1320231,0.6673871546005401,0.5008109871554527,0.9946484882072547,0.5021640761103192,0.5415576449654769,0.6673871546005402,0.9705759153703369,0.1518353769239368,0.005351511792745247,0.9,0.75
HistoKit (no postprocessing),gaussian,aedd99b7-9b77-3379-0a55-09f4124063bb_103758_2.png,5018331,134047,20666,360480,0.9634139926556528,0.9294105706904576,0.995898787000667,0.9329814711838732,0.9311205662069958,0.9634139926556526,0.8664236360228293,0.27106103407902904,0.0041012129993330025,0.9,0.75
HistoKit (no postprocessing),gaussian,cbe296c0-32ef-a6c0-58c3-7dcdd9f9743d_115103_5.png,2850099,630885,60759,20403,0.9859614346797293,0.9723115751207415,0.9791267729308678,0.9928921840152001,0.9772154201428016,0.9859614346797293,0.9121527838020715,0.9686728451929101,0.020873227069132194,0.9,0.75
HistoKit (no postprocessing),gaussian,6fecdbd3-f25f-98e1-f3e7-fdc984783bf1_110414_3.png,2345815,760836,395642,950457,0.7770521002184761,0.6353926445740611,0.8556818509281743,0.7116569870447584,0.6976926618381899,0.7770521002184761,0.65789059541124,0.44459715548418655,0.14431814907182566,0.9,0.75
HistoKit (no postprocessing),gaussian,db9f8afe-40d5-d8aa-882f-512377b755a1_120139_1.png,4176290,7730215,853291,216104,0.8864999111120545,0.796138159268046,0.830345509894363,0.9508004063387756,0.9175860633944466,0.8864999111120545,0.9005894561033685,0.9728045148955132,0.16965449010563702,0.9,0.75
HistoKit (no postprocessing),gaussian,db9f8afe-40d5-d8aa-882f-512377b755a1_120139_3.png,5382648,1051903,133624,157725,0.9736494207781836,0.9486518938941984,0.9757763939124104,0.9715317001219954,0.9566825257586345,0.9736494207781836,0.8872872570595187,0.8696086730796575,0.02422360608758959,0.9,0.75
HistoKit (no postprocessing),gaussian,16277008-7349-6ea9-1043-9abf63a9d11e_105523_2.png,6899693,376563,302,1502136,0.9018131433219987,0.8211836973263092,0.999956231852342,0.8212132144084342,0.8288540413870218,0.9018131433219987,0.9991986520372016,0.20043817556724094,4.376814765807801e-05,0.9,0.75
HistoKit (no postprocessing),gaussian,ed9d6e50-ec08-4213-59eb-4f99b1955e7c_103016_3.png,9897451,215685,114170,370818,0.9760852746242706,0.9532876619838556,0.9885962522952078,0.963886999843888,0.9542383161397243,0.9760852746242707,0.653878219217535,0.3677474795525343,0.011403747704792262,0.9,0.75
HistoKit (no postprocessing),gaussian,042c1e4d-d1be-7f85-b2e1-b98e0b68f672_101215_1.png,3935323,654058,1379089,21090,0.848969320421861,0.7375731468191746,0.7405001719851604,0.9946694139363105,0.7662300736615043,0.8489693204218611,0.32169734898657104,0.9687624046875648,0.2594998280148397,0.9,0.75
HistoKit (no postprocessing),gaussian,e2bfe175-7bb7-d3b3-d437-ffbd60d747a4_123954_6.png,2172427,170979,3411,729112,0.8557280658891392,0.7478362794540353,0.9984323281420767,0.7487154230909873,0.7618530856856579,0.8557280658891392,0.9804403922243248,0.1899574598568367,0.0015676718579232462,0.9,0.75
HistoKit (no postprocessing),gaussian,a2afe16d-3866-9541-f2c7-cc8ca97faf02_130229_2.png,1340802,2151635,13216,3017,0.9939829574581415,0.9880378914324244,0.990239420746253,0.9977549059806418,0.9953734605990304,0.9939829574581415,0.993895191863089,0.9985997738845994,0.009760579253746996,0.9,0.75
HistoKit (no postprocessing),gaussian,15fe4c3f-571c-b45d-d559-12744253eeb9_122421_3.png,2482740,166157,696,189724,0.9630675536763708,0.928765954899819,0.9997197431300827,0.9290078369624436,0.9329345754630427,0.9630675536763706,0.9958286635541465,0.4668892129672559,0.0002802568699173242,0.9,0.75
HistoKit (no postprocessing),gaussian,78f7eac9-40c9-a096-07a4-a0166ddd84e8_103411_4.png,0,3171836,364,0,0.0,0.0,0.0,,0.9998852531366245,,0.9998852531366245,1.0,1.0,0.9,0.75
HistoKit (no postprocessing),gaussian,73e02c87-178a-0dc6-cf2c-3f6aeb0c5685_124434_1.png,0,8834107,2538801,0,0.0,0.0,0.0,,0.7767676481687885,,0.7767676481687885,1.0,1.0,0.9,0.75
HistoKit (no postprocessing),gaussian,15fe4c3f-571c-b45d-d559-12744253eeb9_122421_1.png,4752489,1734225,189005,9323,0.9795607806246655,0.9599403492393276,0.9617514460201713,0.9980421318607287,0.9703325723308844,0.9795607806246655,0.9017252226722753,0.9946528572772301,0.03824855397982877,0.9,0.75
HistoKit (no postprocessing),gaussian,adf4a334-3c2a-d6ae-0b72-c218c11535ea_115443_6.png,0,5813790,115797,0,0.0,0.0,0.0,,0.9804713211898232,,0.9804713211898232,1.0,1.0,0.9,0.75
HistoKit (no postprocessing),gaussian,adf4a334-3c2a-d6ae-0b72-c218c11535ea_115443_5.png,0,5527799,28921,0,0.0,0.0,0.0,,0.9947953109028348,,0.9947953109028348,1.0,1.0,0.9,0.75
HistoKit (no postprocessing),gaussian,46e107b0-7f41-8fd8-abd7-fbe9d0e935a4_133028_1.png,0,8856287,405969,0,0.0,0.0,0.0,,0.9561695336427756,,0.9561695336427756,1.0,1.0,0.9,0.75
HistoKit (no postprocessing),gaussian,adf4a334-3c2a-d6ae-0b72-c218c11535ea_115443_8.png,0,7398874,2717,0,0.0,0.0,0.0,,0.9996329167607343,,0.9996329167607343,1.0,1.0,0.9,0.75
HistoKit (no postprocessing),gaussian,f010c097-faf6-f2df-c82a-aca0270a9814_110553_3.png,543822,4195990,127711,907,0.8942514030694044,0.8087294033668432,0.809821706453741,0.9983349518751526,0.9735812161210082,0.8942514030694046,0.9704625736145954,0.9997838879534093,0.1901782935462591,0.9,0.75
HistoKit (no postprocessing),gaussian,15fe4c3f-571c-b45d-d559-12744253eeb9_122421_5.png,3551121,267464,3202,762925,0.9026320448367381,0.822542740190047,0.9990991252061222,0.8231532533496397,0.8328952832806074,0.902632044836738,0.9881699216007921,0.2595757524585375,0.0009008747938777651,0.9,0.75
HistoKit (no postprocessing),gaussian,4a12a0e8-253e-42bb-77ff-6e284ada3080_105659_1.png,1910167,1426065,12713,11115,0.9938015099259605,0.9876793890366832,0.99338856298885,0.9942148003260323,0.9929084599679767,0.9938015099259605,0.9911640294750128,0.9922661044545569,0.006611437011149942,0.9,0.75
HistoKit (no postprocessing),gaussian,c149f6be-4555-ddd6-581f-abc8aeab9698_132314_1.png,3701085,2082113,119755,32767,0.9798109572170514,0.9604209770223067,0.9686574156468211,0.9912243441893251,0.9743043809344106,0.9798109572170514,0.9456120893713883,0.9845064495385081,0.03134258435317888,0.9,0.75
HistoKit (no postprocessing),gaussian,e2bfe175-7bb7-d3b3-d437-ffbd60d747a4_123954_3.png,4676629,280217,6994,688970,0.9307444894739115,0.8704603159033264,0.9985067115777679,0.871594951467674,0.8768817632292611,0.9307444894739115,0.9756485649922879,0.28912583433331235,0.0014932884222321053,0.9,0.75
HistoKit (no postprocessing),gaussian,f4701930-c3d0-97f5-7529-fedf8cc9402a_110850_3.png,2346357,427162,905,7498,0.9982125524635953,0.9964314834632829,0.999614444403735,0.9968145871347216,0.9969794264540847,0.9982125524635953,0.9978858449728664,0.98274973542539,0.00038555559626492485,0.9,0.75
HistoKit (no postprocessing),gaussian,67cf3804-696c-ef64-2d57-43ad0b86332a_122601_2.png,6008470,4368302,4945,79778,0.992999061368673,0.9860954675159641,0.9991776719218614,0.9868963944964134,0.9919014442964413,0.992999061368673,0.9988692612148364,0.9820646211399076,0.0008223280781386284,0.9,0.75
HistoKit (no postprocessing),gaussian,e4c17e5d-ca75-8d00-1c03-2c4b0f9dc6a7_131509_7.png,0,4794010,54188,0,0.0,0.0,0.0,,0.9888230637445088,,0.9888230637445088,1.0,1.0,0.9,0.75
HistoKit (no postprocessing),gaussian,78f7eac9-40c9-a096-07a4-a0166ddd84e8_103411_6.png,0,6401460,418460,0,0.0,0.0,0.0,,0.9386415089913078,,0.9386415089913078,1.0,1.0,0.9,0.75
HistoKit (no postprocessing),gaussian,5b6306df-eee5-32e5-a263-7c4b8cf32245_100047_3.png,6725935,579506,5234,20677,0.9980775025206301,0.9961623828505567,0.9992224233264683,0.9969352024393874,0.9964657269218556,0.9980775025206301,0.9910490132366522,0.9655488409368476,0.0007775766735317447,0.9,0.75
HistoKit (no postprocessing),gaussian,18a7f9da-53be-2120-be0a-0738920b492f_101923_4.png,9191870,239073,84643,733906,0.9573723216018674,0.9182302958547489,0.9908755585207502,0.9260605921390932,0.9201376029172958,0.9573723216018672,0.7385269804396446,0.24571239461488892,0.0091244414792498,0.9,0.75
HistoKit (no postprocessing),gaussian,6dacef70-8f47-e898-de47-4738667f2bb0_100303_3.png,3093070,198138,576,394402,0.9399831457208334,0.8867624528102824,0.9998138119228897,0.8869089128170778,0.8928491400054148,0.9399831457208335,0.9971013617560917,0.33438755189523073,0.00018618807711030932,0.9,0.75
HistoKit (no postprocessing),gaussian,67cf3804-696c-ef64-2d57-43ad0b86332a_122601_1.png,21139270,12501150,7790595,874406,0.8299097230009983,0.7092698224358516,0.7307075231771735,0.9602789647671748,0.7951798895938182,0.8299097230009983,0.6160707223553223,0.9346265680469656,0.26929247682282653,0.5,1.25
HistoKit (no postprocessing),gaussian,f4701930-c3d0-97f5-7529-fedf8cc9402a_110850_4.png,2532443,506523,3620,31184,0.9931752714380678,0.9864430652757604,0.9985725906651373,0.9878359839399413,0.9886770968550022,0.9931752714380678,0.9929039504609491,0.9420055904051835,0.001427409334862738,0.9,0.75
HistoKit (no postprocessing),gaussian,7fcfd7e6-a936-d1a4-6766-2f191e54690d_131809_1.png,3296882,254419,6986,578748,0.9184157443876996,0.8491393431645056,0.9978855087430853,0.8506699555943162,0.8584169580387887,0.9184157443876995,0.9732751860140395,0.3053637506046207,0.0021144912569146224,0.9,0.75
HistoKit (no postprocessing),gaussian,78f7eac9-40c9-a096-07a4-a0166ddd84e8_103411_1.png,0,2771693,2067,0,0.0,0.0,0.0,,0.9992548021458237,,0.9992548021458237,1.0,1.0,0.9,0.75
HistoKit (no postprocessing),gaussian,adf4a334-3c2a-d6ae-0b72-c218c11535ea_115443_4.png,0,4486811,2948785,0,0.0,0.0,0.0,,0.6034231822170005,,0.6034231822170005,1.0,1.0,0.9,0.75
HistoKit (no postprocessing),gaussian,d7d73023-1258-3c47-44ee-6493877f23d1_111048_2.png,6550350,428805,16251,733938,0.9458382057642654,0.8972419707640764,0.9975252036784327,0.8992436872347717,0.902942733561865,0.9458382057642654,0.9634854939603106,0.3687874276602826,0.0024747963215672767,0.9,0.75
HistoKit (no postprocessing),gaussian,eb22b9cd-e52e-fa2d-85a8-60a50dc5a7c4_102757_1.png,2192373,585827,20611,27870,0.9890641737948451,0.978364944793369,0.9906863312161317,0.9874473199555184,0.9828487897997688,0.9890641737948451,0.9660130136963713,0.9545867097280906,0.009313668783868297,0.9,0.75
HistoKit (no postprocessing),gaussian,2852fafe-6f36-4c12-47aa-96e73b433b3f_123004_2.png,2501512,1107066,7620,84700,0.981881498089236,0.9644078722137749,0.9969630932131112,0.967249397961188,0.9750547029396649,0.981881498089236,0.993163994165173,0.9289290011629799,0.0030369067868888525,0.9,0.75
HistoKit (no postprocessing),gaussian,0a6bb222-fb92-5dbe-8347-47a6b9e62ff2_125049_4.png,8370464,475122,13612,5230215,0.7614789430221078,0.6148292261418534,0.9983764460150409,0.6154445671425669,0.6278179225777539,0.7614789430221077,0.9721484488494764,0.08327676349354998,0.0016235539849591058,0.9,0.75
HistoKit (no postprocessing),gaussian,db9f8afe-40d5-d8aa-882f-512377b755a1_120139_2.png,3002584,1972380,37639,63140,0.9834949435361952,0.9675258743498585,0.9876196581632334,0.9794045386995046,0.9801449758193037,0.9834949435361952,0.9812743063622782,0.9689808992296809,0.01238034183676658,0.9,0.75
HistoKit (no postprocessing),gaussian,18a7f9da-53be-2120-be0a-0738920b492f_101923_3.png,11612063,137625,78301,531347,0.974420836582574,0.9501176226471073,0.9933020905080457,0.9562440039494673,0.9506730782300926,0.9744208365825738,0.6373711364078434,0.20572609914914228,0.006697909491954228,0.9,0.75
HistoKit (no postprocessing),gaussian,f569a03d-b1d7-9121-59cf-f65992813d75_131224_1.png,0,4333778,35128,0,0.0,0.0,0.0,,0.9919595431899885,,0.9919595431899885,1.0,1.0,0.9,0.75
HistoKit (no postprocessing),gaussian,0823ec0e-9dd5-2324-aa8d-fe8db13ea4cd_103937_1.png,1452418,4082552,22197,42505,0.9782114254810007,0.9573520881670534,0.9849472574197333,0.9715670974357876,0.98844539465883,0.9782114254810008,0.9945923611894418,0.9896958999596854,0.015052742580266714,0.9,0.75
HistoKit (no postprocessing),gaussian,98491719-8df8-3c0a-7325-de39c48b2a96_133826_2.png,2683089,1624961,106032,50728,0.9716165562604542,0.9447998819655552,0.9619837217531975,0.9814442590707425,0.9648898833321015,0.9716165562604541,0.9387449862593321,0.9697270794282232,0.03801627824680249,0.9,0.75
HistoKit (no postprocessing),gaussian,2852fafe-6f36-4c12-47aa-96e73b433b3f_123004_1.png,2201987,2839478,32364,18104,0.9886701858504388,0.9775942249678684,0.9855152570030402,0.9918453793110282,0.990088636280171,0.9886701858504386,0.9887305777964108,0.9936645737550138,0.014484742996959744,0.9,0.75
HistoKit (no postprocessing),gaussian,46e107b0-7f41-8fd8-abd7-fbe9d0e935a4_133028_6.png,0,5266097,11358,0,0.0,0.0,0.0,,0.9978478262723226,,0.9978478262723226,1.0,1.0,0.9,0.75
HistoKit (no postprocessing),gaussian,8469f8e6-543f-6b82-f38a-8b184a96e4e9_104905_1.png,8807488,9417994,5459783,182852,0.7573854425546974,0.6095095522716312,0.6173211401115182,0.9796612808859286,0.7635911119423455,0.7573854425546974,0.6330242750647492,0.9809545950429785,0.3826788598884818,0.9,0.75
HistoKit (no postprocessing),gaussian,8956f1ca-9d66-b2d7-8ef9-bd09fb590f4a_110204_2.png,6296225,1444068,154079,356882,0.9610054969656374,0.9249379993436349,0.9761129087869347,0.9463585960664694,0.9380747459719456,0.9610054969656374,0.9035889689746938,0.801836808351148,0.023887091213065308,0.9,0.75
HistoKit (no postprocessing),gaussian,c93efc84-bec7-4ba6-b526-5de46512cbba_100824_1.png,7392676,882231,23967,30231,0.9963477329164294,0.9927220468615422,0.9967684840702188,0.9959273368236999,0.993492938316902,0.9963477329164294,0.9735521376123099,0.9668687572742756,0.003231515929781169,0.9,0.75
HistoKit (no postprocessing),gaussian,36c069a8-8f9e-b246-f3af-1b6cffe0751a_123150_4.png,3108144,198570,77922,1377724,0.8102634876681681,0.6810444827654208,0.9755428795260361,0.6928746008576266,0.6943435607555918,0.810263487668168,0.7181762944316653,0.12597269291134774,0.024457120473963815,0.9,0.75
HistoKit (no postprocessing),gaussian,36c069a8-8f9e-b246-f3af-1b6cffe0751a_123150_3.png,6390807,354481,3350,1852738,0.8731981290505846,0.7749349300554936,0.9994760841812298,0.7752498470015023,0.7842103402990406,0.8731981290505845,0.9906380386271731,0.16060073785156798,0.0005239158187701678,0.9,0.75
HistoKit (no postprocessing),gaussian,18a7f9da-53be-2120-be0a-0738920b492f_101923_5.png,6729805,412500,4318,1742167,0.8851457261052229,0.7939564361294859,0.9993587880708446,0.79436110034358,0.8035182516405495,0.8851457261052229,0.9896405625476827,0.19144489612548019,0.0006412119291554372,0.9,0.75
HistoKit (no postprocessing),gaussian,e2bfe175-7bb7-d3b3-d437-ffbd60d747a4_123954_2.png,3905686,173715,52067,132732,0.9768890635280311,0.9548222276820475,0.986844302815259,0.9671326742303545,0.9566626799868674,0.976889063528031,0.7693925999415365,0.5668680065394669,0.013155697184740937,0.9,0.75
HistoKit (no postprocessing),gaussian,103a5b47-1de4-c7ee-81eb-83cd201d2a51_131937_2.png,2680899,1752298,124796,14817,0.9746223287080351,0.9505008310547872,0.9555204681905909,0.9945035011106511,0.9694688823721082,0.974622328708035,0.9335163822376503,0.9916151467221997,0.04447953180940908,0.9,0.75
HistoKit (no postprocessing),gaussian,d18df4a2-af46-984e-1fcb-35841267a2a7_132544_2.png,8148326,139601,129226,668572,0.9533299989177774,0.9108219380817882,0.9843883795595606,0.9241715170119922,0.9121921475721531,0.9533299989177774,0.5192967968247237,0.17273653042108558,0.015611620440439396,0.9,0.75
HistoKit (no postprocessing),gaussian,6dacef70-8f47-e898-de47-4738667f2bb0_100303_1.png,8258888,337022,12469,1432949,0.9195344658639215,0.8510539548114002,0.9984925085448494,0.8521488753886389,0.8560531037328927,0.9195344658639215,0.9643224002907085,0.19041102933324897,0.0015074914551505877,0.9,0.75
HistoKit (no postprocessing),gaussian,0f170c8e-9c83-6973-94f2-3858ac80f3dc_115930_3.png,6415843,348371,46039,729859,0.9429804732419803,0.8921126330884274,0.9928752954634579,0.897860420151862,0.8970972844965698,0.9429804732419804,0.8832712152328794,0.32309525796907895,0.0071247045365421405,0.9,0.75
HistoKit (no postprocessing),gaussian,d7d73023-1258-3c47-44ee-6493877f23d1_111048_3.png,6385801,272151,7663,1167483,0.9157405009397173,0.8445768764150839,0.9988014322126472,0.84543372127938,0.8499768546238028,0.9157405009397174,0.9726139506958194,0.18904179812368976,0.0011985677873528342,0.9,0.75
HistoKit (no postprocessing),gaussian,8956f1ca-9d66-b2d7-8ef9-bd09fb590f4a_110204_1.png,6881984,3450939,568002,109440,0.9530903145883954,0.9103844656988507,0.9237579775317699,0.9843465365567873,0.9384723394728512,0.9530903145883954,0.85866873885434,0.9692616993864979,0.07624202246823014,0.9,0.75
HistoKit (no postprocessing),gaussian,4a12a0e8-253e-42bb-77ff-6e284ada3080_105659_3.png,812278,3467743,9255,26108,0.9786959484167601,0.9582806872248982,0.9887344756692671,0.9688592128208248,0.9918053642503193,0.9786959484167601,0.9973382210746167,0.9925274432138061,0.01126552433073291,0.9,0.75
HistoKit (no postprocessing),gaussian,67cf3804-696c-ef64-2d57-43ad0b86332a_122601_3.png,3094191,3888204,1132276,26217,0.8423148617609528,0.727585449565498,0.7320987008771156,0.9915982140796973,0.8576945168635166,0.8423148617609528,0.7744685767097966,0.9933024577581205,0.2679012991228844,0.9,0.75
HistoKit (no postprocessing),gaussian,aedd99b7-9b77-3379-0a55-09f4124063bb_103758_4.png,4632271,122667,19026,309866,0.9657169685015814,0.9337066732135186,0.9959095280305686,0.9373012120060613,0.9353062553232504,0.9657169685015814,0.8657237831085516,0.2836014824302423,0.004090471969431322,0.9,0.75
HistoKit (no postprocessing),gaussian,e4c17e5d-ca75-8d00-1c03-2c4b0f9dc6a7_131509_4.png,0,13278965,177893,0,0.0,0.0,0.0,,0.9867804951200347,,0.9867804951200347,1.0,1.0,0.9,0.75
HistoKit (no postprocessing),gaussian,36c069a8-8f9e-b246-f3af-1b6cffe0751a_123150_2.png,4488196,357944,4192,1510048,0.8556578860072491,0.7477290886566721,0.9990668659964367,0.7482516549843587,0.7619261742222949,0.8556578860072491,0.98842423840767,0.1916196643240442,0.0009331340035633609,0.9,0.75
HistoKit (no postprocessing),gaussian,5b6306df-eee5-32e5-a263-7c4b8cf32245_100047_4.png,5966077,357790,7503,20500,0.9976586427753414,0.9953282238475296,0.9987439692780543,0.9965756725420888,0.9955913770275525,0.9976586427753414,0.9794603236306199,0.9458087710486663,0.001256030721945634,0.9,0.75
HistoKit (no postprocessing),gaussian,042c1e4d-d1be-7f85-b2e1-b98e0b68f672_101215_2.png,0,16830700,166238,0,0.0,0.0,0.0,,0.9902195324828508,,0.9902195324828508,1.0,1.0,0.9,0.75
HistoKit (no postprocessing),gaussian,103a5b47-1de4-c7ee-81eb-83cd201d2a51_131937_3.png,499516,9912918,22904,2348,0.9753466811938877,0.9518796877858406,0.9561578806324413,0.9953214416654711,0.9975806898195635,0.9753466811938877,0.9976948057241766,0.9997631934433227,0.04384211936755867,0.9,0.75
HistoKit (no postprocessing),gaussian,78f7eac9-40c9-a096-07a4-a0166ddd84e8_103411_2.png,0,3789566,12862,0,0.0,0.0,0.0,,0.9966174244456437,,0.9966174244456437,1.0,1.0,0.9,0.75
HistoKit (no postprocessing),gaussian,d07adf84-9a4a-637f-4bfb-56af281dbf05_133243_1.png,3512510,886355,13604,9699,0.9966938234811316,0.9934094365284589,0.9961419284799073,0.9972463303568868,0.9947304127749104,0.9966938234811317,0.9848837558155427,0.9891758755610711,0.003858071520092657,0.9,0.75
HistoKit (no postprocessing),gaussian,46e107b0-7f41-8fd8-abd7-fbe9d0e935a4_133028_4.png,0,5750399,58159,0,0.0,0.0,0.0,,0.9899873600298043,,0.9899873600298043,1.0,1.0,0.9,0.75
HistoKit (no postprocessing),gaussian,aedd99b7-9b77-3379-0a55-09f4124063bb_103758_3.png,2289037,1197684,382101,1400897,0.7197016477725767,0.5621358853742662,0.8569519807662502,0.6203463259776462,0.6616521677911099,0.7197016477725767,0.7581310114984001,0.46089923692969353,0.14304801923374982,0.9,0.75
HistoKit (no postprocessing),gaussian,f4701930-c3d0-97f5-7529-fedf8cc9402a_110850_2.png,3821793,435780,8000,12653,0.9973052771449324,0.9946250383219439,0.9979111142560446,0.9967001752013198,0.9951725317923831,0.9973052771449324,0.9819730497093154,0.9717839677276204,0.002088885743955352,0.9,0.75
HistoKit (no postprocessing),gaussian,c93efc84-bec7-4ba6-b526-5de46512cbba_100824_2.png,3118724,317647,2063,19111,0.9966168271546036,0.9932564688407076,0.9993389487972104,0.9939094949224545,0.9938760016138618,0.9966168271546038,0.9935472772199806,0.9432500489966088,0.0006610512027895528,0.9,0.75
HistoKit (no postprocessing),gaussian,18a7f9da-53be-2120-be0a-0738920b492f_101923_1.png,4379444,473903,9190,1998895,0.8134958636935377,0.6856241278904566,0.9979059543356771,0.6866119847189056,0.7073373313325848,0.8134958636935375,0.9809767477483632,0.19164646687679301,0.002094045664322885,0.9,0.75
HistoKit (no postprocessing),gaussian,adf4a334-3c2a-d6ae-0b72-c218c11535ea_115443_2.png,0,5707831,427689,0,0.0,0.0,0.0,,0.9302929499048166,,0.9302929499048166,1.0,1.0,0.9,0.75
HistoKit (no postprocessing),gaussian,8469f8e6-543f-6b82-f38a-8b184a96e4e9_104905_2.png,8342944,3911507,322270,160639,0.9718728691357933,0.9452847220546274,0.9628087661770385,0.9811092571213805,0.9620871986031643,0.9718728691357934,0.9238812058358293,0.9605517582129914,0.03719123382296156,0.9,0.75
HistoKit (no postprocessing),gaussian,103a5b47-1de4-c7ee-81eb-83cd201d2a51_131937_1.png,1390074,2671127,123770,4831,0.9557882099830546,0.9153202627290237,0.9182412454651866,0.996536681709507,0.9693061867840056,0.9557882099830545,0.9557157204719887,0.9981946652376458,0.08175875453481336,0.9,0.75
HistoKit (no postprocessing),gaussian,9761f929-4dae-801a-b291-ba7ecada0fc3_101038_2.png,5318458,213277,97357,282268,0.965540454122578,0.9333767163447777,0.9820235735526417,0.9496015338011536,0.9357804295458236,0.965540454122578,0.6865861431781454,0.43038876388622627,0.017976426447358338,0.9,0.75
HistoKit (no postprocessing),gaussian,a2afe16d-3866-9541-f2c7-cc8ca97faf02_130229_1.png,1116671,6655942,24088,2099,0.988410416507157,0.9770863921852059,0.978884234093266,0.9981238324231075,0.9966421757193414,0.9884104165071571,0.9963940281705321,0.9996847421035707,0.021115765906734026,0.9,0.75
HistoKit (no postprocessing),gaussian,36c069a8-8f9e-b246-f3af-1b6cffe0751a_123150_1.png,2955853,197793,36241,1213305,0.8255129131051386,0.7028709998742093,0.9878877468421781,0.7089808061963591,0.7162181435649411,0.8255129131051386,0.84514643171505,0.14016957007947003,0.012112253157821913,0.9,0.75
HistoKit (no postprocessing),gaussian,ed9d6e50-ec08-4213-59eb-4f99b1955e7c_103016_1.png,5237976,231667,15139,748161,0.9320862278023484,0.8728103823253588,0.9971180908851225,0.8750177284616105,0.8775377859223163,0.9320862278023485,0.9386603243032989,0.23643639495911528,0.0028819091148775534,0.9,0.75
HistoKit (no postprocessing),gaussian,32e0aaf3-9973-5f67-ccc7-24d8d8604aa6_110737_7.png,0,4720657,151067,0,0.0,0.0,0.0,,0.9689910594278329,,0.9689910594278329,1.0,1.0,0.9,0.75
HistoKit (no postprocessing),gaussian,16277008-7349-6ea9-1043-9abf63a9d11e_105523_1.png,1749537,252151,3160,989230,0.7790497708542248,0.6380684095528437,0.9981970642957682,0.6388046153615843,0.668549049156368,0.7790497708542249,0.9876229382987807,0.2031213624181456,0.001802935704231821,0.9,0.75
HistoKit (no postprocessing),gaussian,d7d73023-1258-3c47-44ee-6493877f23d1_111048_1.png,6105151,474294,106904,2290143,0.8359012987229921,0.7180673750481934,0.9827908799905989,0.7272111018387206,0.7329639462721071,0.835901298722992,0.8160626843175648,0.17156983501523096,0.017209120009401075,0.9,0.75
HistoKit (no postprocessing),gaussian,367a29b2-8f5a-4095-840e-86626c38d291_123703_3.png,4505795,1564775,55548,25572,0.9910785673358108,0.982314911002275,0.9878220076850174,0.9943566698526074,0.9868133797379257,0.9910785673358108,0.9657179463600776,0.98392049030809,0.01217799231498267,0.9,0.75
HistoKit (no postprocessing),gaussian,cbe296c0-32ef-a6c0-58c3-7dcdd9f9743d_115103_2.png,2783247,1549785,2517650,44790,0.6847753961343517,0.520652817869808,0.5250520808082104,0.9841621591230949,0.6283880204284783,0.6847753961343518,0.3810226838289979,0.971911010770895,0.47494791919178964,0.9,0.75
HistoKit (no postprocessing),gaussian,9761f929-4dae-801a-b291-ba7ecada0fc3_101038_4.png,4965460,537202,4064,2483380,0.7996963207069788,0.6662449965811984,0.9991822154395471,0.6666084920605088,0.688684480531297,0.7996963207069788,0.9924916769204051,0.17784718309252984,0.0008177845604528724,0.9,0.75
HistoKit (no postprocessing),gaussian,78f7eac9-40c9-a096-07a4-a0166ddd84e8_103411_8.png,0,5955339,629001,0,0.0,0.0,0.0,,0.9044701519058858,,0.9044701519058858,1.0,1.0,0.9,0.75
HistoKit (no postprocessing),gaussian,aedd99b7-9b77-3379-0a55-09f4124063bb_103758_1.png,18802154,4150104,1084476,694252,0.9548351731948751,0.9135737720084105,0.9454670801437951,0.9643907702783785,0.9280769476801289,0.954835173194875,0.7928246392260697,0.8566884844961848,0.0545329198562049,0.9,0.75
HistoKit (no postprocessing),gaussian,0f170c8e-9c83-6973-94f2-3858ac80f3dc_115930_5.png,7237332,286324,34824,377800,0.9722834676134431,0.946061911990082,0.9952113238494884,0.9503882532830685,0.9480078827863936,0.9722834676134431,0.8915640140994183,0.4311303310827496,0.004788676150511623,0.9,0.75
HistoKit (no postprocessing),gaussian,7f0a6db3-032c-fd36-2371-511c4ae59038_115247_3.png,3631559,690261,2992,16158,0.9973703247394905,0.9947544435889029,0.9991767896502209,0.9955703800486715,0.9955885435743624,0.9973703247394905,0.9956841153229773,0.9771268892824231,0.0008232103497791062,0.9,0.75
HistoKit (no postprocessing),gaussian,37e97aba-1a30-28bd-be40-a79de2fca963_105321_2.png,3130725,870328,42304,16039,0.9907682102879003,0.9817053132764808,0.9866676289438262,0.9949030178303807,0.9856276648053061,0.9907682102879003,0.9536461574873553,0.9819047866177328,0.01333237105617377,0.9,0.75
HistoKit (no postprocessing),gaussian,c149f6be-4555-ddd6-581f-abc8aeab9698_132314_2.png,2874415,1596277,39670,24558,0.988951082201485,0.9781436533801486,0.986386807522773,0.991528724137824,0.9858370158679757,0.988951082201485,0.9757510481696534,0.9848485502842671,0.013613192477226985,0.9,0.75
HistoKit (no postprocessing),gaussian,0a6bb222-fb92-5dbe-8347-47a6b9e62ff2_125049_3.png,4753647,331900,10640,1334406,0.8760593567838826,0.7794534009172129,0.9977667172443642,0.7808156400740927,0.7908363972031818,0.8760593567838826,0.9689379342558533,0.19918310322353758,0.0022332827556358383,0.9,0.75
HistoKit (no postprocessing),gaussian,d76874a4-c608-41cd-b260-c14f0dca935a_100643_5.png,0,3906579,23191,0,0.0,0.0,0.0,,0.994098636815895,,0.994098636815895,1.0,1.0,0.9,0.75
HistoKit (no postprocessing),gaussian,0f170c8e-9c83-6973-94f2-3858ac80f3dc_115930_4.png,5823735,363540,10051,1772938,0.8672428842528762,0.7656035633736679,0.9982771051252137,0.7666165175202355,0.7762948630057925,0.8672428842528762,0.9730962469652642,0.17015855066141566,0.001722894874786288,0.9,0.75
HistoKit (no postprocessing),gaussian,d7d9e09c-5b48-9d63-55ef-dabd0e7bf5cd_123455_1.png,0,3281042,2494483,0,0.0,0.0,0.0,,0.5680941559425333,,0.5680941559425333,1.0,1.0,0.9,0.75
HistoKit (no postprocessing),gaussian,8469f8e6-543f-6b82-f38a-8b184a96e4e9_104905_3.png,5227280,716932,1226031,47125,0.8914404134615811,0.8041429836398666,0.8100151999492974,0.9910653429154568,0.8235982978836607,0.8914404134615811,0.36898901317214994,0.9383226644085454,0.18998480005070265,0.9,0.75
HistoKit (no postprocessing),gaussian,ed9d6e50-ec08-4213-59eb-4f99b1955e7c_103016_4.png,6694514,318784,95505,1851450,0.8730466120104593,0.7746962929566721,0.9859345018033087,0.7833538732435569,0.7827120506530341,0.8730466120104594,0.7694725179765816,0.14688922945636276,0.01406549819669135,0.9,0.75
HistoKit (no postprocessing),gaussian,16277008-7349-6ea9-1043-9abf63a9d11e_105523_3.png,2779585,294199,13,487775,0.9193333242929751,0.8507094231359567,0.9999953230647022,0.8507128078938347,0.8630413761114474,0.9193333242929751,0.9999558141748127,0.37622606378217177,4.676935297838033e-06,0.9,0.75
HistoKit (no postprocessing),gaussian,46e107b0-7f41-8fd8-abd7-fbe9d0e935a4_133028_5.png,0,11490031,49229,0,0.0,0.0,0.0,,0.99573378188896,,0.99573378188896,1.0,1.0,0.9,0.75
HistoKit (no postprocessing),gaussian,9761f929-4dae-801a-b291-ba7ecada0fc3_101038_3.png,8953996,1115868,46714,124433,0.9905334540544215,0.9812444583060232,0.9948099649916506,0.9862935536533909,0.9832880757573642,0.9905334540544214,0.9598187482689393,0.8996751594975736,0.005190035008349341,0.9,0.75
HistoKit (no postprocessing),gaussian,d7d9e09c-5b48-9d63-55ef-dabd0e7bf5cd_123455_4.png,0,16693182,928644,0,0.0,0.0,0.0,,0.9473014885063556,,0.9473014885063556,1.0,1.0,0.9,0.75
HistoKit (no postprocessing),gaussian,6fecdbd3-f25f-98e1-f3e7-fdc984783bf1_110414_1.png,10781677,2883535,670148,3070574,0.8521691920305645,0.7424170758564064,0.941481117638455,0.7783339328748807,0.7850892689814865,0.8521691920305645,0.8114215589854245,0.4842932838481795,0.058518882361545,0.9,0.75
HistoKit (no postprocessing),gaussian,15fe4c3f-571c-b45d-d559-12744253eeb9_122421_2.png,4248356,341116,2440,381448,0.9567722901605747,0.9171269907198325,0.9994259898616635,0.9176103351243379,0.9228111377418888,0.9567722901605747,0.9928978099640233,0.47209105352605446,0.0005740101383364433,0.9,0.75
HistoKit (no postprocessing),gaussian,7f0a6db3-032c-fd36-2371-511c4ae59038_115247_1.png,3460052,1245206,163254,45236,0.9707529984173597,0.9431681578131039,0.9549433583583611,0.987094926294216,0.9575700666782261,0.9707529984173596,0.884090425003195,0.9649453443083843,0.04505664164163888,0.9,0.75
HistoKit (no postprocessing),gaussian,4a12a0e8-253e-42bb-77ff-6e284ada3080_105659_4.png,4957027,6311258,11593,31429,0.995679253628274,0.9913956843222936,0.9976667565641969,0.9936996537606024,0.9961965491697821,0.995679253628274,0.9981664916664966,0.9950448445587808,0.0023332434358031002,0.9,0.75
HistoKit (no postprocessing),gaussian,4c439187-b529-301f-82bf-3874dfa019f2_103211_2.png,2435491,1535889,56545,29539,0.9826340823382218,0.965861019402556,0.977309717837142,0.9880167787004621,0.9787837920435031,0.9826340823382219,0.9644914640104394,0.981130400120606,0.022690282162858,0.9,0.75
HistoKit (no postprocessing),gaussian,efbb89df-e3ec-91fc-7f90-b36e0f9bf420_124740_1.png,4144386,458456,1326,194092,0.9769668053167126,0.9549707774821167,0.9996801514432262,0.955262652017597,0.9592731531846961,0.9769668053167126,0.9971160245507653,0.7025628766006485,0.0003198485567738425,0.9,0.75
HistoKit (no postprocessing),gaussian,d18df4a2-af46-984e-1fcb-35841267a2a7_132544_3.png,4374056,297308,1159,1504886,0.8531283458991314,0.7438742973972726,0.9997350987322908,0.7440209479868997,0.7562011840239168,0.8531283458991314,0.9961168236354437,0.16497003097335802,0.0002649012677091297,0.9,0.75
HistoKit (no postprocessing),gaussian,36686384-7dd5-47b9-9af9-593716a57c66_072643_8.png,0,4124227,731,0,0.0,0.0,0.0,,0.9998227860744279,,0.9998227860744279,1.0,1.0,0.9,0.75
HistoKit (no postprocessing),gaussian,5b6306df-eee5-32e5-a263-7c4b8cf32245_100047_2.png,4207776,1010263,35947,20739,0.9933092059028559,0.9867073501886052,0.9915293717332635,0.9950954413074093,0.9892532786069416,0.9933092059028559,0.9656407413425603,0.9798846171006458,0.008470628266736542,0.9,0.75
HistoKit (no postprocessing),gaussian,786743ed-e3ab-4cc3-3e88-4ee844fd6584_104341_2.png,6038513,2860863,13904,96560,0.9909362797425885,0.9820353857235115,0.9977027359482996,0.984260985973598,0.987739626896815,0.9909362797425885,0.9951634341148343,0.967349952982715,0.0022972640517003374,0.9,0.75
HistoKit (no postprocessing),gaussian,4f8d8d4c-adc3-ed68-4f51-2bb95426a546_131620_1.png,5844653,1336486,18904,2641,0.9981602532557199,0.9963272634166116,0.9967760183792875,0.9995483380859591,0.9970087539589408,0.9981602532557198,0.9860527228325426,0.9980278196168101,0.0032239816207124787,0.9,0.75
HistoKit (no postprocessing),gaussian,adf4a334-3c2a-d6ae-0b72-c218c11535ea_115443_3.png,0,8075998,97184,0,0.0,0.0,0.0,,0.9881094046357954,,0.9881094046357954,1.0,1.0,0.9,0.75
HistoKit (no postprocessing),gaussian,6dacef70-8f47-e898-de47-4738667f2bb0_100303_2.png,5579923,372640,1520,1981021,0.8491490929311395,0.7378445702353096,0.9997276689916926,0.7379929014154847,0.7501556375316568,0.8491490929311396,0.9959375668163353,0.15832356486341917,0.00027233100830734993,0.9,0.75
HistoKit (no postprocessing),gaussian,b04c2edc-8554-0391-20e3-62a3af357e5f_130945_4.png,3916020,365484,197038,1477850,0.8238244783172861,0.7004264781319958,0.95209452431743,0.7260130481453947,0.718808298715061,0.823824478317286,0.649723921908832,0.1982733460132564,0.04790547568257,0.9,0.75
HistoKit (no postprocessing),gaussian,18a7f9da-53be-2120-be0a-0738920b492f_101923_2.png,3845546,179003,38384,319281,0.9555627036572231,0.9149067225033433,0.9901172266235488,0.9233387125083466,0.9183825801295875,0.9555627036572232,0.8234301039160575,0.3592389079320227,0.009882773376451172,0.9,0.75
HistoKit (no postprocessing),gaussian,e2bfe175-7bb7-d3b3-d437-ffbd60d747a4_123954_4.png,2022189,251309,1831,418623,0.9058298274156787,0.8278692383618892,0.9990953646703096,0.8284902729091794,0.8439266920865702,0.9058298274156789,0.9927668483842933,0.37512613220446256,0.0009046353296904181,0.9,0.75
HistoKit (no postprocessing),gaussian,0a6bb222-fb92-5dbe-8347-47a6b9e62ff2_125049_2.png,5792891,387624,41065,3605650,0.760596374973847,0.6136793209377595,0.9929610370732999,0.6163606670439593,0.6289173042658003,0.760596374973847,0.9042079456202515,0.09706922189661917,0.007038962926700167,0.9,0.75
HistoKit (no postprocessing),gaussian,b04c2edc-8554-0391-20e3-62a3af357e5f_130945_2.png,10196902,500588,20242,2042828,0.9081319154215319,0.8317231067085634,0.9980188201321231,0.8330986059333008,0.8383244935958923,0.908131915421532,0.9611351112647121,0.19681719388413063,0.001981179867876972,0.9,0.75
HistoKit (no postprocessing),gaussian,7f0a6db3-032c-fd36-2371-511c4ae59038_115247_4.png,2872449,860954,7521,6446,0.997574695708269,0.9951611271556144,0.9973885144636924,0.9977609464742548,0.9962728526940228,0.9975746957082688,0.9913399925156164,0.9925685958035508,0.00261148553630767,0.9,0.75
HistoKit (no postprocessing),gaussian,d18df4a2-af46-984e-1fcb-35841267a2a7_132544_1.png,7382192,161653,220992,887023,0.9301923420649897,0.8694949369314553,0.9709342822691125,0.892731897767805,0.8719333183847173,0.9301923420649896,0.42246207320100876,0.15414961341729952,0.02906571773088748,0.9,0.75
HistoKit (no postprocessing),gaussian,0f170c8e-9c83-6973-94f2-3858ac80f3dc_115930_1.png,5516146,258953,10790,719971,0.9378765869710866,0.8830203491103678,0.9980477429085483,0.88454818920171,0.887676494729367,0.9378765869710866,0.9599989619749169,0.26452819626447,0.0019522570914517555,0.9,0.75
HistoKit (no postprocessing),gaussian,76bd570a-7866-8dee-341c-c3f9290b76cf_114927_1.png,2686389,424768,58824,282398,0.9402831641582079,0.8872966176962628,0.978572154510415,0.9048776486827785,0.9011632268647214,0.940283164158208,0.8783602706413671,0.6006623621610767,0.02142784548958496,0.25,1.25
HistoKit (no postprocessing),gaussian,367a29b2-8f5a-4095-840e-86626c38d291_123703_1.png,12383875,6033960,190347,88958,0.9888487888097024,0.9779435339306557,0.9848621250682548,0.992867859290668,0.9850616190497584,0.9888487888097024,0.9694187642094132,0.9854713063281265,0.01513787493174528,0.9,0.75
HistoKit (no postprocessing),gaussian,96e6b3f2-f43e-7954-4202-361d3af0da92_104636_1.png,4603779,242662,94277,368131,0.9521810107708755,0.9087266222111422,0.979932763679275,0.9259578310950922,0.9128986339600166,0.9521810107708755,0.7201956437218606,0.3972900802726947,0.020067236320724997,0.25,1.25
HistoKit (no postprocessing),gaussian,6fecdbd3-f25f-98e1-f3e7-fdc984783bf1_110414_2.png,7683239,755190,12591,2755945,0.8473375316942132,0.7351133180727676,0.998363919161416,0.7359999593837986,0.7529629119034458,0.8473375316942132,0.9836007924134617,0.21508429610368157,0.0016360808385840124,0.9,0.75
HistoKit (no postprocessing),gaussian,0a6bb222-fb92-5dbe-8347-47a6b9e62ff2_125049_1.png,5673351,221804,52124,1924228,0.8516592366885251,0.7416433030145092,0.9908961265222536,0.7467314258923796,0.7489233002016006,0.8516592366885251,0.8097164218334745,0.10335540196977491,0.009103873477746388,0.25,1.25
HistoKit (no postprocessing),gaussian,32e0aaf3-9973-5f67-ccc7-24d8d8604aa6_110737_5.png,0,5465021,8887,0,0.0,0.0,0.0,,0.9983764798385358,,0.9983764798385358,1.0,1.0,0.25,1.25
HistoKit (no postprocessing),gaussian,36c069a8-8f9e-b246-f3af-1b6cffe0751a_123150_5.png,2189992,341773,4078,1115026,0.7964928002606978,0.6618097510619214,0.9981413537398534,0.6626263457566646,0.6934691439216253,0.7964928002606978,0.9882087951169723,0.23460546032774596,0.0018586462601466681,0.25,1.25
HistoKit (no postprocessing),gaussian,9761f929-4dae-801a-b291-ba7ecada0fc3_101038_1.png,5084814,267108,20343,975534,0.9108077064136374,0.8362230542548535,0.9960152058007227,0.8390300358989286,0.8431145976739339,0.9108077064136374,0.9292296774058884,0.2149516916376559,0.003984794199277319,0.25,1.25
HistoKit (no postprocessing),gaussian,96e6b3f2-f43e-7954-4202-361d3af0da92_104636_4.png,3273512,359321,7545,1772513,0.7862326803074594,0.6477622749858021,0.997700436170417,0.6487308326851333,0.6711446803565784,0.7862326803074594,0.9794339077483332,0.16855017792192076,0.0022995638295829667,0.25,1.25
HistoKit (no postprocessing),gaussian,4c439187-b529-301f-82bf-3874dfa019f2_103211_1.png,5208969,2767985,7034,73292,0.9923486397370079,0.9848134770323833,0.9986514578308333,0.986124880993196,0.9900306306843004,0.9923486397370078,0.9974652425803211,0.9742045566131003,0.0013485421691666972,0.25,1.25
HistoKit (no postprocessing),gaussian,d7d9e09c-5b48-9d63-55ef-dabd0e7bf5cd_123455_3.png,0,3205359,3312,0,0.0,0.0,0.0,,0.9989677969477082,,0.9989677969477082,1.0,1.0,0.25,1.25
HistoKit (no postprocessing),gaussian,0fcbbf47-bbbc-4a27-0d18-fe35bf99ccdb_133554_3.png,1753787,233868,9640,898153,0.7944014619849268,0.6589270283064946,0.994533371667781,0.6613222772762581,0.686475806161948,0.7944014619849267,0.9604119782512279,0.20659334058290438,0.005466628332219026,0.25,1.25
HistoKit (no postprocessing),gaussian,db9f8afe-40d5-d8aa-882f-512377b755a1_120139_1.png,4106421,7211638,1371868,285973,0.8320439426532085,0.7123931910104017,0.7495809366756664,0.9348935910576328,0.8722369161291317,0.8320439426532086,0.8401739335884427,0.9618581172056005,0.25041906332433356,0.25,1.25
HistoKit (no postprocessing),gaussian,aedd99b7-9b77-3379-0a55-09f4124063bb_103758_2.png,4562653,131050,23663,816158,0.915724004320266,0.8445488122663802,0.9948405212375249,0.8482642353486672,0.8482303501349231,0.915724004320266,0.8470522839063298,0.138353983496761,0.0051594787624751545,0.25,1.25
HistoKit (no postprocessing),gaussian,db9f8afe-40d5-d8aa-882f-512377b755a1_120139_3.png,5419662,840253,345274,120711,0.9587817546605758,0.9208268861520237,0.9401079214062393,0.9782124777519492,0.9307178221501955,0.9587817546605759,0.7087590582078688,0.8743855128808156,0.059892078593760625,0.25,1.25
HistoKit (no postprocessing),gaussian,6fecdbd3-f25f-98e1-f3e7-fdc984783bf1_110414_3.png,2331747,783241,373237,964525,0.7770863299282683,0.6354384196904818,0.862018777190549,0.7073891353626157,0.6995649879288081,0.7770863299282683,0.6772640724683047,0.44813836634881327,0.137981222809451,0.25,1.25
HistoKit (no postprocessing),gaussian,e2bfe175-7bb7-d3b3-d437-ffbd60d747a4_123954_6.png,2225570,164405,9985,675969,0.8664704208254705,0.7644003621471092,0.9955335475978001,0.7670308756835597,0.7769929019818078,0.8664704208254707,0.9427432765640231,0.1956331347709472,0.004466452402199901,0.25,1.25
HistoKit (no postprocessing),gaussian,042c1e4d-d1be-7f85-b2e1-b98e0b68f672_101215_1.png,3928506,683242,1349905,27907,0.8508025707907373,0.7403450000546519,0.7442592098265937,0.9929463885595361,0.7699644047308984,0.8508025707907373,0.33605145127233793,0.9607578721196262,0.25574079017340634,0.25,1.25
HistoKit (no postprocessing),gaussian,cbe296c0-32ef-a6c0-58c3-7dcdd9f9743d_115103_5.png,2645176,657016,34628,225326,0.9531640237493212,0.9105189784966593,0.987078159447482,0.9215029287560155,0.9270232045514136,0.9531640237493213,0.9499337809624605,0.7446273667126806,0.01292184055251802,0.25,1.25
HistoKit (no postprocessing),gaussian,16277008-7349-6ea9-1043-9abf63a9d11e_105523_2.png,6934481,373072,3793,1467348,0.9040983623121696,0.8249813041795122,0.9994533222527677,0.8253537414293959,0.832419150274517,0.9040983623121697,0.9899353880036618,0.20271025092098544,0.0005466777472322367,0.25,1.25
HistoKit (no postprocessing),gaussian,ed9d6e50-ec08-4213-59eb-4f99b1955e7c_103016_3.png,9737949,212676,117179,530320,0.9678235737236611,0.9376532432688508,0.9881098449456973,0.9483535150861357,0.9389043759065283,0.9678235737236611,0.6447560291643298,0.28624111031553334,0.011890155054302694,0.25,1.25
HistoKit (no postprocessing),gaussian,15fe4c3f-571c-b45d-d559-12744253eeb9_122421_1.png,4751617,1678713,244517,10195,0.9738969656114105,0.949122001370665,0.9510587586321744,0.9978590082934815,0.9618982199363894,0.9738969656114104,0.8728612802420928,0.9939635551492444,0.0489412413678256,0.25,1.25
HistoKit (no postprocessing),gaussian,a2afe16d-3866-9541-f2c7-cc8ca97faf02_130229_2.png,1340147,2135531,29320,3672,0.9878405741230375,0.9759732991343193,0.9785902106439951,0.9972674891484642,0.9905970068430487,0.9878405741230375,0.9864563427228941,0.9982834728634917,0.02140978935600493,0.25,1.25
HistoKit (no postprocessing),gaussian,78f7eac9-40c9-a096-07a4-a0166ddd84e8_103411_4.png,0,3170005,2195,0,0.0,0.0,0.0,,0.9993080511947544,,0.9993080511947544,1.0,1.0,0.25,1.25
HistoKit (no postprocessing),gaussian,15fe4c3f-571c-b45d-d559-12744253eeb9_122421_3.png,2440116,165750,1103,232348,0.9543477763482797,0.9126818217011207,0.9995481765462255,0.9130585107975262,0.9177791701314084,0.9543477763482797,0.9933893906612408,0.4163547669166889,0.0004518234537745282,0.25,1.25
HistoKit (no postprocessing),gaussian,46e107b0-7f41-8fd8-abd7-fbe9d0e935a4_133028_1.png,0,8907337,354919,0,0.0,0.0,0.0,,0.9616811498192233,,0.9616811498192233,1.0,1.0,0.25,1.25
HistoKit (no postprocessing),gaussian,adf4a334-3c2a-d6ae-0b72-c218c11535ea_115443_8.png,0,7385097,16494,0,0.0,0.0,0.0,,0.9977715601956391,,0.9977715601956391,1.0,1.0,0.25,1.25
HistoKit (no postprocessing),gaussian,73e02c87-178a-0dc6-cf2c-3f6aeb0c5685_124434_1.png,0,9475995,1896913,0,0.0,0.0,0.0,,0.8332077424700877,,0.8332077424700877,1.0,1.0,0.25,1.25
HistoKit (no postprocessing),gaussian,adf4a334-3c2a-d6ae-0b72-c218c11535ea_115443_5.png,0,5526502,30218,0,0.0,0.0,0.0,,0.9945618998257965,,0.9945618998257965,1.0,1.0,0.25,1.25
HistoKit (no postprocessing),gaussian,adf4a334-3c2a-d6ae-0b72-c218c11535ea_115443_6.png,0,5887315,42272,0,0.0,0.0,0.0,,0.9928710043380762,,0.9928710043380762,1.0,1.0,0.25,1.25
HistoKit (no postprocessing),gaussian,15fe4c3f-571c-b45d-d559-12744253eeb9_122421_5.png,3415866,267218,3448,898180,0.883410574446295,0.7911686733091001,0.9989916105979153,0.7918010146391578,0.803340318868448,0.8834105744462951,0.987261052367124,0.2292933401292949,0.0010083894020847457,0.25,1.25
HistoKit (no postprocessing),gaussian,f010c097-faf6-f2df-c82a-aca0270a9814_110553_3.png,543556,4199227,124474,1173,0.8963957389720464,0.8122438183929241,0.8136700447584689,0.9978466356665424,0.9741914744589119,0.8963957389720464,0.9712112377798557,0.9997207408818207,0.18632995524153106,0.25,1.25
HistoKit (no postprocessing),gaussian,4a12a0e8-253e-42bb-77ff-6e284ada3080_105659_1.png,1911684,1400420,38358,9598,0.9876125067289641,0.9755281582331449,0.9803296544382121,0.9950043772855832,0.9857276358160271,0.987612506728964,0.9733398759224842,0.9931929946993584,0.0196703455617879,0.25,1.25
HistoKit (no postprocessing),gaussian,e2bfe175-7bb7-d3b3-d437-ffbd60d747a4_123954_3.png,4622009,274078,13133,743590,0.9243333069019586,0.859312008852644,0.9971666455957552,0.8614152865318485,0.866133303613601,0.9243333069019586,0.9542740354652155,0.26931966024282966,0.002833354404244789,0.25,1.25
HistoKit (no postprocessing),gaussian,f4701930-c3d0-97f5-7529-fedf8cc9402a_110850_3.png,2346146,427367,700,7709,0.9982111178736959,0.9964286245171593,0.9997017273395868,0.9967249469487288,0.9969772696718312,0.9982111178736959,0.998364741967963,0.9822812566080409,0.0002982726604131673,0.25,1.25
HistoKit (no postprocessing),gaussian,c149f6be-4555-ddd6-581f-abc8aeab9698_132314_1.png,3643719,2093275,108593,90133,0.9734542283604795,0.9482813677228952,0.9710597093205469,0.9758605857971875,0.9665203210394021,0.9734542283604795,0.9506814214112744,0.9587191216666788,0.028940290679453095,0.25,1.25
HistoKit (no postprocessing),gaussian,67cf3804-696c-ef64-2d57-43ad0b86332a_122601_1.png,21253117,12258828,8032917,760559,0.8285862434699923,0.7073386656517097,0.725708267633644,0.9654506135186145,0.7921430447412401,0.8285862434699923,0.6041288218435625,0.9415825798864417,0.2742917323663559,0.9,0.75
HistoKit (no postprocessing),gaussian,5b6306df-eee5-32e5-a263-7c4b8cf32245_100047_3.png,6725349,567843,16897,21263,0.9971709984640656,0.9943579582728432,0.9974938618377318,0.996848344028084,0.9947949573284709,0.9971709984640656,0.9711033963812977,0.9639063258564673,0.0025061381622681817,0.25,1.25
HistoKit (no postprocessing),gaussian,e4c17e5d-ca75-8d00-1c03-2c4b0f9dc6a7_131509_7.png,0,4732310,115888,0,0.0,0.0,0.0,,0.9760966858201748,,0.9760966858201748,1.0,1.0,0.25,1.25
HistoKit (no postprocessing),gaussian,67cf3804-696c-ef64-2d57-43ad0b86332a_122601_2.png,5852626,4359068,14179,235622,0.979104985983751,0.9590653030343501,0.9975831819874702,0.9612988826999163,0.9761218640356851,0.9791049859837508,0.9967577866056959,0.948718629548457,0.002416818012529818,0.25,1.25
HistoKit (no postprocessing),gaussian,78f7eac9-40c9-a096-07a4-a0166ddd84e8_103411_6.png,0,6300939,518981,0,0.0,0.0,0.0,,0.9239021865359125,,0.9239021865359125,1.0,1.0,0.25,1.25
HistoKit (no postprocessing),gaussian,18a7f9da-53be-2120-be0a-0738920b492f_101923_4.png,8383547,250822,72894,1542229,0.9121366590330209,0.8384662160067289,0.991380061659509,0.8446238359600298,0.8424192145327788,0.9121366590330209,0.7748211395173548,0.13988559165355588,0.008619938340490994,0.25,1.25
HistoKit (no postprocessing),gaussian,2852fafe-6f36-4c12-47aa-96e73b433b3f_123004_2.png,2478977,1107396,7290,107235,0.9774222820833758,0.9558415609473214,0.9970678933517599,0.9585358818225266,0.9690548077790849,0.9774222820833759,0.9934600416619568,0.9117139279336688,0.0029321066482401125,0.25,1.25
HistoKit (no postprocessing),gaussian,6dacef70-8f47-e898-de47-4738667f2bb0_100303_3.png,2827514,198440,274,659958,0.8954545022691069,0.810699517682767,0.9999031044760074,0.8107632118623461,0.820890210097917,0.8954545022691068,0.9986211338909186,0.2311748163439337,9.689552399260483e-05,0.25,1.25
HistoKit (no postprocessing),gaussian,7fcfd7e6-a936-d1a4-6766-2f191e54690d_131809_1.png,3173587,251193,10212,702043,0.899105862527975,0.8167051053542579,0.9967925110850276,0.8188570632387508,0.8278344273132812,0.899105862527975,0.9609341825902336,0.26351606527659466,0.0032074889149723332,0.25,1.25
HistoKit (no postprocessing),gaussian,f4701930-c3d0-97f5-7529-fedf8cc9402a_110850_4.png,2528341,506696,3447,35286,0.992398460184303,0.9849116153254639,0.9986385115973375,0.9862359071737035,0.9873988619838179,0.992398460184303,0.9932430710604674,0.9348945167920706,0.0013614884026624662,0.25,1.25
HistoKit (no postprocessing),gaussian,78f7eac9-40c9-a096-07a4-a0166ddd84e8_103411_1.png,0,2767445,6315,0,0.0,0.0,0.0,,0.9977233069912321,,0.9977233069912321,1.0,1.0,0.25,1.25
HistoKit (no postprocessing),gaussian,d7d73023-1258-3c47-44ee-6493877f23d1_111048_2.png,6463523,417749,27307,820765,0.93843450197668,0.8840099868770084,0.9957929879537748,0.8873239223929641,0.8902789162961307,0.93843450197668,0.9386436763014092,0.33729856909166955,0.004207012046225213,0.25,1.25
HistoKit (no postprocessing),gaussian,adf4a334-3c2a-d6ae-0b72-c218c11535ea_115443_4.png,0,4481572,2954024,0,0.0,0.0,0.0,,0.6027185984822199,,0.6027185984822199,1.0,1.0,0.25,1.25
HistoKit (no postprocessing),gaussian,eb22b9cd-e52e-fa2d-85a8-60a50dc5a7c4_102757_1.png,2187062,588440,17998,33181,0.9884349162079975,0.9771342764251034,0.9918378638222997,0.9850552394490153,0.9818943135076084,0.9884349162079975,0.9703217806272034,0.9466218161870336,0.00816213617770038,0.25,1.25
HistoKit (no postprocessing),gaussian,0a6bb222-fb92-5dbe-8347-47a6b9e62ff2_125049_4.png,7473342,470492,18242,6127337,0.7086334927646218,0.5487469969170098,0.9975650009397211,0.5494830074292615,0.5638158239807436,0.7086334927646218,0.9626749929409454,0.07131012337543152,0.0024349990602788407,0.25,1.25
HistoKit (no postprocessing),gaussian,db9f8afe-40d5-d8aa-882f-512377b755a1_120139_2.png,3008693,1927878,82141,57031,0.9773945116735683,0.9557884470903295,0.9734243249556592,0.9813972164487084,0.9725809600683092,0.9773945116735683,0.959134217139241,0.9712677004336219,0.026575675044340785,0.25,1.25
HistoKit (no postprocessing),gaussian,f569a03d-b1d7-9121-59cf-f65992813d75_131224_1.png,0,4163657,205249,0,0.0,0.0,0.0,,0.953020504446651,,0.953020504446651,1.0,1.0,0.25,1.25
HistoKit (no postprocessing),gaussian,0823ec0e-9dd5-2324-aa8d-fe8db13ea4cd_103937_1.png,1446639,4072346,32403,48284,0.9728688804340333,0.9471710689139058,0.9780919000271797,0.9677013464907557,0.9855907631732715,0.9728688804340333,0.9921059728621653,0.9882823742971342,0.021908099972820245,0.25,1.25
HistoKit (no postprocessing),gaussian,98491719-8df8-3c0a-7325-de39c48b2a96_133826_2.png,2680107,1623784,107209,53710,0.970853989570619,0.9433588428968971,0.9615368332833449,0.9803534764762967,0.963958376728237,0.970853989570619,0.9380650297257124,0.9679820017240002,0.03846316671665502,0.25,1.25
HistoKit (no postprocessing),gaussian,8469f8e6-543f-6b82-f38a-8b184a96e4e9_104905_1.png,8824162,8917439,5960338,166178,0.7423109472030096,0.5902181827472974,0.5968522439040888,0.9815159382181319,0.7433180003265444,0.7423109472030095,0.5993797998182121,0.981705745629742,0.40314775609591125,0.25,1.25
HistoKit (no postprocessing),gaussian,18a7f9da-53be-2120-be0a-0738920b492f_101923_3.png,11713277,131054,84872,430133,0.9784890783428096,0.9578841083318164,0.9928063291962155,0.9645788950550134,0.9583306902571465,0.9784890783428096,0.6069394144290173,0.2335299998039869,0.00719367080378456,0.25,1.25
HistoKit (no postprocessing),gaussian,2852fafe-6f36-4c12-47aa-96e73b433b3f_123004_1.png,2098852,2840068,31774,121239,0.9648303946223117,0.9320505447706678,0.9850870119861487,0.9453900763527261,0.9699499188225769,0.9648303946223117,0.988936020853515,0.9590589560623063,0.014912988013851328,0.25,1.25
HistoKit (no postprocessing),gaussian,46e107b0-7f41-8fd8-abd7-fbe9d0e935a4_133028_6.png,0,5253449,24006,0,0.0,0.0,0.0,,0.9954512165428222,,0.9954512165428222,1.0,1.0,0.25,1.25
HistoKit (no postprocessing),gaussian,c93efc84-bec7-4ba6-b526-5de46512cbba_100824_1.png,7387219,848432,57766,35688,0.9937143745730733,0.9875072737439533,0.9922409514592709,0.9951921800987134,0.988779826884161,0.9937143745730733,0.9362545492265487,0.9596344387639687,0.0077590485407290945,0.25,1.25
HistoKit (no postprocessing),gaussian,8956f1ca-9d66-b2d7-8ef9-bd09fb590f4a_110204_2.png,6192915,1439427,158720,460192,0.9524087444410662,0.9091415562961302,0.9750111585442174,0.9308305127213495,0.9249917648881006,0.9524087444410663,0.9006849807933813,0.7577451057290963,0.024988841455782645,0.25,1.25
HistoKit (no postprocessing),gaussian,36c069a8-8f9e-b246-f3af-1b6cffe0751a_123150_4.png,3305843,196207,80285,1180025,0.839899562957095,0.7239886617903517,0.9762900280202048,0.7369461161139829,0.7353601995649216,0.839899562957095,0.7096299350433286,0.1425682588400793,0.02370997197979521,0.25,1.25
HistoKit (no postprocessing),gaussian,18a7f9da-53be-2120-be0a-0738920b492f_101923_5.png,7015138,412372,4446,1456834,0.9056724837711589,0.8276064252612365,0.9993666291335783,0.8280407442328658,0.8356041710964035,0.905672483771159,0.9893334740822134,0.22061345833471538,0.0006333708664217138,0.25,1.25
HistoKit (no postprocessing),gaussian,6dacef70-8f47-e898-de47-4738667f2bb0_100303_1.png,8100368,338013,11478,1591469,0.9099654268164626,0.8348041880532581,0.9985850323095384,0.8357928429873511,0.840365039365311,0.9099654268164626,0.9671579525653021,0.17518328753520374,0.0014149676904615792,0.25,1.25
HistoKit (no postprocessing),gaussian,e2bfe175-7bb7-d3b3-d437-ffbd60d747a4_123954_2.png,3848710,177244,48538,189708,0.9699778191269642,0.9417057585156288,0.9875455706180362,0.9530241792701993,0.9441287932085737,0.9699778191269643,0.7850227210317917,0.48301685234036057,0.012454429381963889,0.25,1.25
HistoKit (no postprocessing),gaussian,36c069a8-8f9e-b246-f3af-1b6cffe0751a_123150_3.png,6146010,353866,3965,2097535,0.8539967985593517,0.7451958227392268,0.9993552819320404,0.7455542488092198,0.7556786263035123,0.8539967985593517,0.9889193501960423,0.14435255594657911,0.0006447180679596258,0.25,1.25
HistoKit (no postprocessing),gaussian,0f170c8e-9c83-6973-94f2-3858ac80f3dc_115930_3.png,6449397,352869,41541,696305,0.9458923899142311,0.8973394944347923,0.9936001545539335,0.9025561099525281,0.9021438938838043,0.9458923899142311,0.8946755913896707,0.33633029411708637,0.006399845446066501,0.25,1.25
HistoKit (no postprocessing),gaussian,d18df4a2-af46-984e-1fcb-35841267a2a7_132544_2.png,8498756,142467,126360,318142,0.974515442998727,0.9502975313918037,0.985349762252473,0.9639167879678318,0.9510768815917277,0.9745154429987272,0.5299579283330915,0.3093013814319738,0.014650237747527106,0.25,1.25
HistoKit (no postprocessing),gaussian,103a5b47-1de4-c7ee-81eb-83cd201d2a51_131937_2.png,2675851,1769815,107279,19865,0.9767936532620191,0.9546399476274485,0.9614538307588938,0.9926309002877157,0.972195652126373,0.9767936532620191,0.9428483602845675,0.9889002503240802,0.03854616924110624,0.25,1.25
HistoKit (no postprocessing),gaussian,d7d73023-1258-3c47-44ee-6493877f23d1_111048_3.png,6253701,272625,7189,1299583,0.9054035369758626,0.8271573749420175,0.99885176069217,0.8279446397090325,0.8331730306450909,0.9054035369758626,0.9743079331270058,0.1734026286598211,0.001148239307830037,0.25,1.25
HistoKit (no postprocessing),gaussian,8956f1ca-9d66-b2d7-8ef9-bd09fb590f4a_110204_1.png,6862722,3371941,647000,128702,0.9465075380938858,0.8984473760555842,0.9138450131709269,0.9815914468926502,0.9295480213417084,0.9465075380938858,0.8390123169262749,0.9632347543008527,0.08615498682907304,0.25,1.25
HistoKit (no postprocessing),gaussian,aedd99b7-9b77-3379-0a55-09f4124063bb_103758_4.png,4480597,121682,20011,461540,0.9490030706113529,0.9029551315277174,0.9955537118540428,0.9066112493441603,0.9052779105516904,0.9490030706113529,0.8587721341209517,0.20863753424939388,0.004446288145957169,0.25,1.25
HistoKit (no postprocessing),gaussian,36c069a8-8f9e-b246-f3af-1b6cffe0751a_123150_2.png,4527763,357613,4523,1470481,0.8599306967455579,0.7542793181877624,0.9990020488556989,0.7548480855397013,0.7680949880353061,0.859930696745558,0.9875102171559856,0.19562068471314933,0.000997951144301132,0.25,1.25
HistoKit (no postprocessing),gaussian,5b6306df-eee5-32e5-a263-7c4b8cf32245_100047_4.png,5961635,360193,5100,24942,0.9974867216717843,0.9949860448084902,0.9991452611855562,0.9958336792460867,0.9952703691983621,0.9974867216717843,0.9860386046269707,0.9352382930660678,0.0008547388144437452,0.25,1.25
HistoKit (no postprocessing),gaussian,67cf3804-696c-ef64-2d57-43ad0b86332a_122601_3.png,2872439,3891771,1128709,247969,0.8066885944588514,0.676008450696933,0.7179037116347609,0.9205331482293341,0.830893386569131,0.8066885944588513,0.775179066543438,0.9401003444660776,0.2820962883652392,0.25,1.25
HistoKit (no postprocessing),gaussian,042c1e4d-d1be-7f85-b2e1-b98e0b68f672_101215_2.png,0,16698122,298816,0,0.0,0.0,0.0,,0.9824194216628901,,0.9824194216628901,1.0,1.0,0.25,1.25
HistoKit (no postprocessing),gaussian,e4c17e5d-ca75-8d00-1c03-2c4b0f9dc6a7_131509_4.png,0,12999448,457410,0,0.0,0.0,0.0,,0.9660091531024553,,0.9660091531024553,1.0,1.0,0.25,1.25
HistoKit (no postprocessing),gaussian,4a12a0e8-253e-42bb-77ff-6e284ada3080_105659_3.png,785048,3467909,9089,53338,0.9617604162391586,0.9263376500781734,0.9885548715146127,0.9363801399355428,0.9855338482044703,0.9617604162391586,0.9973859634086646,0.9848525252559676,0.011445128485387281,0.25,1.25
HistoKit (no postprocessing),gaussian,103a5b47-1de4-c7ee-81eb-83cd201d2a51_131937_3.png,501621,9910909,24913,243,0.9755386533229353,0.9522454473145183,0.9526849168334809,0.9995158050786668,0.9975898872604522,0.9755386533229353,0.9974926080600075,0.9999754821639301,0.04731508316651916,0.25,1.25
HistoKit (no postprocessing),gaussian,46e107b0-7f41-8fd8-abd7-fbe9d0e935a4_133028_4.png,0,5751872,56686,0,0.0,0.0,0.0,,0.990240951368653,,0.990240951368653,1.0,1.0,0.25,1.25
HistoKit (no postprocessing),gaussian,d07adf84-9a4a-637f-4bfb-56af281dbf05_133243_1.png,3506011,889745,10214,16198,0.9962474607277698,0.9925229792694703,0.9970951802003569,0.9954011814744668,0.9940273639536082,0.9962474607277698,0.9886505940826193,0.9821202879209839,0.002904819799643083,0.25,1.25
HistoKit (no postprocessing),gaussian,aedd99b7-9b77-3379-0a55-09f4124063bb_103758_3.png,2246457,1203730,376055,1443477,0.7117548411503243,0.5524995271753071,0.8566050412734051,0.6088068241870993,0.6547193503107092,0.7117548411503244,0.7619581145535627,0.45471699039780417,0.14339495872659497,0.25,1.25
HistoKit (no postprocessing),gaussian,78f7eac9-40c9-a096-07a4-a0166ddd84e8_103411_2.png,0,3791876,10552,0,0.0,0.0,0.0,,0.9972249310177602,,0.9972249310177602,1.0,1.0,0.25,1.25
HistoKit (no postprocessing),gaussian,f4701930-c3d0-97f5-7529-fedf8cc9402a_110850_2.png,3814699,435836,7944,19747,0.996383612623544,0.9927932875111585,0.9979218566839749,0.9948501035090858,0.9935274574087484,0.996383612623544,0.9820992383613503,0.9566555380688041,0.0020781433160250644,0.25,1.25
HistoKit (no postprocessing),gaussian,adf4a334-3c2a-d6ae-0b72-c218c11535ea_115443_2.png,0,5951228,184292,0,0.0,0.0,0.0,,0.9699631001121339,,0.9699631001121339,1.0,1.0,0.25,1.25
HistoKit (no postprocessing),gaussian,c93efc84-bec7-4ba6-b526-5de46512cbba_100824_2.png,3114271,317477,2233,23564,0.9958753435015275,0.9917845728181682,0.9992834920154121,0.9924903635787096,0.9925389257406628,0.9958753435015276,0.9930155453379625,0.9309056682334382,0.0007165079845878587,0.25,1.25
HistoKit (no postprocessing),gaussian,18a7f9da-53be-2120-be0a-0738920b492f_101923_1.png,4413149,470004,13089,1965190,0.8169036140887329,0.6904793420187163,0.9970428612288811,0.6918962758172621,0.7116813224994433,0.8169036140887328,0.9729058380063466,0.19300474623377029,0.00295713877111895,0.25,1.25
HistoKit (no postprocessing),gaussian,8469f8e6-543f-6b82-f38a-8b184a96e4e9_104905_2.png,8256565,3788008,445769,247018,0.9597355374898066,0.9225880264850461,0.9487759260906327,0.9709513037033919,0.9456098437980869,0.9597355374898066,0.8947112708109095,0.938781559276198,0.051224073909367306,0.25,1.25
HistoKit (no postprocessing),gaussian,103a5b47-1de4-c7ee-81eb-83cd201d2a51_131937_1.png,1389885,2660428,134469,5020,0.9522176689358498,0.9087934017447662,0.9117862386296096,0.9964011886114108,0.9667074959628164,0.9522176689358498,0.9518876724258533,0.9981166393041621,0.08821376137039035,0.25,1.25
HistoKit (no postprocessing),gaussian,9761f929-4dae-801a-b291-ba7ecada0fc3_101038_2.png,5210285,212649,97985,390441,0.9552272271435428,0.9142918459981564,0.9815410670519774,0.9302874305938195,0.9173750202998971,0.9552272271435429,0.6845644713714533,0.3525991145600159,0.018458932948022613,0.25,1.25
HistoKit (no postprocessing),gaussian,a2afe16d-3866-9541-f2c7-cc8ca97faf02_130229_1.png,1109708,6659670,20360,9062,0.9869167988089849,0.9741715168593575,0.9819833850706329,0.9919000330720344,0.9962273683130738,0.9869167988089849,0.9969521094965142,0.9986411209807202,0.018016614929367084,0.25,1.25
HistoKit (no postprocessing),gaussian,cbe296c0-32ef-a6c0-58c3-7dcdd9f9743d_115103_2.png,2743803,1264752,2802683,84234,0.6552738585827516,0.48729167850647875,0.49469213480391006,0.9702146754091265,0.5813314882578017,0.6552738585827514,0.31094584178972745,0.9375575432213529,0.50530786519609,0.25,1.25
HistoKit (no postprocessing),gaussian,36c069a8-8f9e-b246-f3af-1b6cffe0751a_123150_1.png,3124847,199056,34978,1044311,0.8527368667658255,0.7432792373985998,0.9889303996265616,0.7495151299135221,0.7548848653431419,0.8527368667658254,0.8505430834835964,0.1600943245236523,0.011069600373438402,0.25,1.25
HistoKit (no postprocessing),gaussian,ed9d6e50-ec08-4213-59eb-4f99b1955e7c_103016_1.png,5175045,236501,10305,811092,0.9264737988774457,0.8630192704273634,0.9980126703115508,0.8645049386607757,0.868216827909384,0.9264737988774459,0.9582465580253317,0.2257565676746599,0.0019873296884491886,0.25,1.25
HistoKit (no postprocessing),gaussian,9761f929-4dae-801a-b291-ba7ecada0fc3_101038_4.png,5041554,535737,5529,2407286,0.8069118223599809,0.676322033427645,0.9989045157371099,0.676824042401233,0.698024656994538,0.8069118223599809,0.989785059471683,0.1820362939739173,0.0010954842628900694,0.25,1.25
HistoKit (no postprocessing),gaussian,aedd99b7-9b77-3379-0a55-09f4124063bb_103758_1.png,18613934,4109145,1125435,882472,0.9488245867451325,0.9026320200994664,0.9429852595592088,0.9547366832635718,0.9188100708964859,0.9488245867451324,0.7849999426888117,0.8232091925321995,0.05701474044079119,0.25,1.25
HistoKit (no postprocessing),gaussian,d7d73023-1258-3c47-44ee-6493877f23d1_111048_1.png,5798551,466071,115127,2596743,0.8104776499667481,0.6813471389958264,0.9805320817264653,0.6906906416856873,0.6978920050282449,0.8104776499667482,0.8019143217973909,0.15217084680950263,0.01946791827353468,0.25,1.25
HistoKit (no postprocessing),gaussian,367a29b2-8f5a-4095-840e-86626c38d291_123703_3.png,4499056,1562188,58135,32311,0.9900483663084947,0.9802928509454838,0.9872432382140666,0.9928694806666509,0.9852973735672637,0.9900483663084947,0.9641213511133274,0.9797359546791814,0.012756761785933483,0.25,1.25
HistoKit (no postprocessing),gaussian,32e0aaf3-9973-5f67-ccc7-24d8d8604aa6_110737_7.png,0,4626718,245006,0,0.0,0.0,0.0,,0.9497085631287815,,0.9497085631287815,1.0,1.0,0.25,1.25
HistoKit (no postprocessing),gaussian,78f7eac9-40c9-a096-07a4-a0166ddd84e8_103411_8.png,0,5970286,614054,0,0.0,0.0,0.0,,0.9067402351640408,,0.9067402351640408,1.0,1.0,0.25,1.25
HistoKit (no postprocessing),gaussian,16277008-7349-6ea9-1043-9abf63a9d11e_105523_1.png,1803875,252716,2595,934892,0.7937429885394315,0.6580214506511727,0.9985634967644079,0.6586449303646494,0.686886246784486,0.7937429885394316,0.9898359255966253,0.21279412061892478,0.0014365032355920663,0.25,1.25
HistoKit (no postprocessing),gaussian,7f0a6db3-032c-fd36-2371-511c4ae59038_115247_3.png,3632217,689019,4234,15500,0.997290836784654,0.9945963130392494,0.9988356779728367,0.9957507668495116,0.995454011430625,0.997290836784654,0.9938925615900689,0.9779991739044653,0.0011643220271632974,0.25,1.25
HistoKit (no postprocessing),gaussian,37e97aba-1a30-28bd-be40-a79de2fca963_105321_2.png,3131626,833687,78945,15138,0.9852008742657103,0.9708333888766779,0.9754109160021691,0.9951893437194528,0.9768233993431535,0.9852008742657105,0.9134974447531974,0.9821659352634524,0.024589083997830916,0.25,1.25
HistoKit (no postprocessing),gaussian,0f170c8e-9c83-6973-94f2-3858ac80f3dc_115930_5.png,7126581,277230,43918,488551,0.9639874010111574,0.9304784535941142,0.9938751821874601,0.9358447102427114,0.9329069790884394,0.9639874010111574,0.8632468519187415,0.3620225625864314,0.006124817812539964,0.25,1.25
HistoKit (no postprocessing),gaussian,c149f6be-4555-ddd6-581f-abc8aeab9698_132314_2.png,2861856,1597469,38478,37117,0.9869648218312981,0.9742651026349035,0.9867332521013097,0.987196500277857,0.9833304666895998,0.9869648218312981,0.976479678131382,0.9772927212150355,0.01326674789869029,0.25,1.25
HistoKit (no postprocessing),gaussian,d76874a4-c608-41cd-b260-c14f0dca935a_100643_5.png,0,3917935,11835,0,0.0,0.0,0.0,,0.9969883733653624,,0.9969883733653624,1.0,1.0,0.25,1.25
HistoKit (no postprocessing),gaussian,0f170c8e-9c83-6973-94f2-3858ac80f3dc_115930_4.png,6102429,362832,10759,1494244,0.8902247805429975,0.802166749568054,0.9982400344959128,0.8033028405987727,0.8111727541270904,0.8902247805429975,0.9712011263654639,0.1953781105350562,0.001759965504087229,0.25,1.25
HistoKit (no postprocessing),gaussian,0a6bb222-fb92-5dbe-8347-47a6b9e62ff2_125049_3.png,4659260,333335,9205,1428793,0.8663138015480474,0.7641566094136085,0.9980282598241607,0.7653119971196046,0.776381742710198,0.8663138015480474,0.9731272260173994,0.18916616727048205,0.0019717401758393817,0.25,1.25
HistoKit (no postprocessing),gaussian,d7d9e09c-5b48-9d63-55ef-dabd0e7bf5cd_123455_1.png,0,3101812,2673713,0,0.0,0.0,0.0,,0.5370614792594612,,0.5370614792594612,1.0,1.0,0.25,1.25
HistoKit (no postprocessing),gaussian,ed9d6e50-ec08-4213-59eb-4f99b1955e7c_103016_4.png,6669590,323907,90382,1876374,0.8715037094105189,0.7722698928458864,0.9866298262773869,0.7804374088166063,0.7805021800165687,0.871503709410519,0.7818382819722465,0.14721165160268165,0.013370173722613052,0.25,1.25
HistoKit (no postprocessing),gaussian,46e107b0-7f41-8fd8-abd7-fbe9d0e935a4_133028_5.png,0,11464481,74779,0,0.0,0.0,0.0,,0.9935196017768904,,0.9935196017768904,1.0,1.0,0.25,1.25
HistoKit (no postprocessing),gaussian,8469f8e6-543f-6b82-f38a-8b184a96e4e9_104905_3.png,5242299,705228,1237735,32106,0.8919692381746164,0.8050040386109635,0.8089925145454484,0.9939128678969477,0.8240576065956454,0.8919692381746166,0.3629652237330304,0.9564566397317905,0.19100748545455162,0.25,1.25
HistoKit (no postprocessing),gaussian,9761f929-4dae-801a-b291-ba7ecada0fc3_101038_3.png,8810061,1113435,49147,268368,0.9822989505250886,0.9652136558490447,0.9944524386378557,0.9704389382788586,0.9689957368466844,0.9822989505250886,0.9577259926611629,0.8057841819709467,0.0055475613621443366,0.25,1.25
HistoKit (no postprocessing),gaussian,4a12a0e8-253e-42bb-77ff-6e284ada3080_105659_4.png,4951333,6308531,14320,37123,0.9948319834552746,0.9897171090610493,0.9971161899552788,0.9925582184146758,0.9954520728683255,0.9948319834552747,0.9977351988841743,0.9941498543727723,0.0028838100447212077,0.25,1.25
HistoKit (no postprocessing),gaussian,16277008-7349-6ea9-1043-9abf63a9d11e_105523_3.png,2689501,294058,154,577859,0.9029693562967359,0.8231031297800101,0.9999427435860733,0.8231419249791881,0.8377084613198891,0.9029693562967358,0.9994765679170122,0.3372545781307166,5.72564139266932e-05,0.25,1.25
HistoKit (no postprocessing),gaussian,15fe4c3f-571c-b45d-d559-12744253eeb9_122421_2.png,4194724,338935,4621,435080,0.9501989376326077,0.9051228577439488,0.9988995902932482,0.9060262594269649,0.9115887448324674,0.9501989376326077,0.9865494999359639,0.43789203051620446,0.0011004097067518863,0.25,1.25
HistoKit (no postprocessing),gaussian,d7d9e09c-5b48-9d63-55ef-dabd0e7bf5cd_123455_4.png,0,16282840,1338986,0,0.0,0.0,0.0,,0.9240154794400989,,0.9240154794400989,1.0,1.0,0.25,1.25
HistoKit (no postprocessing),gaussian,4c439187-b529-301f-82bf-3874dfa019f2_103211_2.png,2436456,1528825,63609,28574,0.9814337892829845,0.9635444205361066,0.9745570615164005,0.9884082546662718,0.9772806363777966,0.9814337892829844,0.9600554873859765,0.9816527428102881,0.025442938483599426,0.25,1.25
HistoKit (no postprocessing),gaussian,7f0a6db3-032c-fd36-2371-511c4ae59038_115247_1.png,3420176,1168744,239716,85112,0.954665758571313,0.9132636440441719,0.9345018924055682,0.9757189708805667,0.9338940458485051,0.954665758571313,0.8298027633017622,0.932119796850675,0.06549810759443175,0.25,1.25
HistoKit (no postprocessing),gaussian,6fecdbd3-f25f-98e1-f3e7-fdc984783bf1_110414_1.png,10942635,2778353,775330,2909616,0.8558891328880445,0.7480823384262921,0.933834074431866,0.7899535606162493,0.7882936934036404,0.8558891328880445,0.781823533500315,0.48846134709946554,0.06616592556813405,0.25,1.25
HistoKit (no postprocessing),gaussian,efbb89df-e3ec-91fc-7f90-b36e0f9bf420_124740_1.png,3773968,458682,1100,564510,0.9302881871872052,0.8696624418319017,0.9997086145203212,0.8698829405150839,0.8821218525048663,0.9302881871872053,0.9976075618445264,0.4482853657964488,0.00029138547967877664,0.25,1.25
HistoKit (no postprocessing),gaussian,d18df4a2-af46-984e-1fcb-35841267a2a7_132544_3.png,4092987,297292,1175,1785955,0.8208050372281288,0.6960723740701078,0.9997130059826651,0.6962114951976053,0.7106990973076253,0.8208050372281287,0.9960632163689788,0.14270607373969577,0.00028699401733492716,0.25,1.25
HistoKit (no postprocessing),gaussian,5b6306df-eee5-32e5-a263-7c4b8cf32245_100047_2.png,4203681,1008097,38113,24834,0.992568511963377,0.985246663172885,0.9910148866258003,0.994127016222007,0.9880662972951196,0.9925685119633771,0.9635704112940997,0.9759577358022946,0.00898511337419969,0.25,1.25
HistoKit (no postprocessing),gaussian,36686384-7dd5-47b9-9af9-593716a57c66_072643_8.png,0,4124793,165,0,0.0,0.0,0.0,,0.9999599995927231,,0.9999599995927231,1.0,1.0,0.25,1.25
HistoKit (no postprocessing),gaussian,786743ed-e3ab-4cc3-3e88-4ee844fd6584_104341_2.png,6064375,2819751,55016,70698,0.9897413709812196,0.9796910836015443,0.9910095628797049,0.988476420736966,0.9860470330216741,0.9897413709812196,0.9808624490263037,0.9755408242802416,0.00899043712029514,0.25,1.25
HistoKit (no postprocessing),gaussian,4f8d8d4c-adc3-ed68-4f51-2bb95426a546_131620_1.png,5843812,1333997,21393,3482,0.9978762004590139,0.9957614028487122,0.9963525571569962,0.9994045108728926,0.9965464263044165,0.9978762004590138,0.9842163510133615,0.9973965946381215,0.0036474428430037825,0.25,1.25
HistoKit (no postprocessing),gaussian,adf4a334-3c2a-d6ae-0b72-c218c11535ea_115443_3.png,0,7866925,306257,0,0.0,0.0,0.0,,0.9625290370384508,,0.9625290370384508,1.0,1.0,0.25,1.25
HistoKit (no postprocessing),gaussian,6dacef70-8f47-e898-de47-4738667f2bb0_100303_2.png,5391321,372472,1688,2169623,0.8323823623568806,0.7128895072509147,0.9996870021911701,0.7130486616485984,0.7263664093123418,0.8323823623568807,0.9954885610434039,0.14652166815166232,0.00031299780882991296,0.25,1.25
HistoKit (no postprocessing),gaussian,b04c2edc-8554-0391-20e3-62a3af357e5f_130945_4.png,3965883,359019,203503,1427987,0.8294001540897786,0.7085257673555077,0.951191134617903,0.7352574311208835,0.7260942530310295,0.8294001540897785,0.6382310380749553,0.20090531313269233,0.04880886538209703,0.25,1.25
HistoKit (no postprocessing),gaussian,e2bfe175-7bb7-d3b3-d437-ffbd60d747a4_123954_4.png,1858544,250463,2677,582268,0.8640305641542033,0.7606107496289117,0.9985616968645852,0.7614449617586279,0.7828673265150975,0.8640305641542033,0.9894248242079482,0.30077299872347735,0.0014383031354148702,0.25,1.25
HistoKit (no postprocessing),gaussian,18a7f9da-53be-2120-be0a-0738920b492f_101923_2.png,3783280,175028,42359,381547,0.9469485259057482,0.8992423914702131,0.9889276013758748,0.9083882715896723,0.9032667049121745,0.9469485259057482,0.8051447418658889,0.31447334141849703,0.011072398624125276,0.25,1.25
HistoKit (no postprocessing),gaussian,0a6bb222-fb92-5dbe-8347-47a6b9e62ff2_125049_2.png,5233785,381421,47268,4164756,0.713069448650964,0.5540854150237423,0.9910495122847659,0.5568720719524445,0.5713925490702874,0.7130694486509641,0.8897382484738353,0.08389928504763453,0.008950487715234065,0.25,1.25
HistoKit (no postprocessing),gaussian,0f170c8e-9c83-6973-94f2-3858ac80f3dc_115930_1.png,5452088,259950,9793,784029,0.9321403542725858,0.8729053092343629,0.9982070279451346,0.8742760919976325,0.8779835409922746,0.9321403542725857,0.9636950727173643,0.24899926147939758,0.0017929720548653476,0.25,1.25
HistoKit (no postprocessing),gaussian,7f0a6db3-032c-fd36-2371-511c4ae59038_115247_4.png,2869730,860055,8420,9165,0.9969454815795256,0.9939095665003645,0.9970745096676684,0.9968164868812514,0.995307375572735,0.9969454815795256,0.9903048446990415,0.9894560640574308,0.0029254903323315323,0.25,1.25
HistoKit (no postprocessing),gaussian,b04c2edc-8554-0391-20e3-62a3af357e5f_130945_2.png,10186043,496152,24678,2053687,0.907424354192261,0.8305368673318761,0.9975831285567395,0.8322114131602576,0.8371258784880914,0.9074243541922609,0.9526179367547952,0.19458169711891612,0.002416871443260471,0.25,1.25
HistoKit (no postprocessing),gaussian,d18df4a2-af46-984e-1fcb-35841267a2a7_132544_1.png,7156077,152201,230444,1113138,0.9141795697117018,0.8419251878222409,0.968802092351731,0.8653877060881837,0.8447059938556565,0.9141795697117019,0.3977603261508709,0.12028476163304853,0.031197907648269057,0.25,1.25
HistoKit (no postprocessing),gaussian,367a29b2-8f5a-4095-840e-86626c38d291_123703_1.png,12354128,6054843,169464,118705,0.9884715914375756,0.9772059618596209,0.9864684189647827,0.9904829159502095,0.9845875358477286,0.9884715914375755,0.9727738365090283,0.9807719969132823,0.013531581035217372,0.25,1.25
HistoKit (no postprocessing),gaussian,76bd570a-7866-8dee-341c-c3f9290b76cf_114927_1.png,2685246,425045,58547,283541,0.9401167248423654,0.8870002451001442,0.9786620200576356,0.9044926429548499,0.9009123853435559,0.9401167248423654,0.8789330675445417,0.599849559545348,0.021337979942364457,0.25,0.75
HistoKit (no postprocessing),gaussian,96e6b3f2-f43e-7954-4202-361d3af0da92_104636_1.png,4601988,241925,95014,369922,0.9519143415515624,0.9082409761819992,0.9797713520241209,0.925597607358138,0.9124224478790035,0.9519143415515624,0.7180083041737525,0.3954011378661659,0.02022864797587908,0.25,0.75
HistoKit (no postprocessing),gaussian,32e0aaf3-9973-5f67-ccc7-24d8d8604aa6_110737_5.png,0,5465074,8834,0,0.0,0.0,0.0,,0.9983861621349865,,0.9983861621349865,1.0,1.0,0.25,0.75
HistoKit (no postprocessing),gaussian,6fecdbd3-f25f-98e1-f3e7-fdc984783bf1_110414_2.png,7885511,675898,91883,2553673,0.8563492088486797,0.7487855694014671,0.9884820782325656,0.7553761864912046,0.7639364448804828,0.8563492088486796,0.8803265514515207,0.20928414331191356,0.011517921767434328,0.25,1.25
HistoKit (no postprocessing),gaussian,4c439187-b529-301f-82bf-3874dfa019f2_103211_1.png,5208632,2767997,7022,73629,0.9923174268414252,0.9847519975769873,0.9986536683606696,0.9860610825553678,0.9899902944914413,0.9923174268414252,0.9974695668750376,0.9740891306596997,0.0013463316393303698,0.25,0.75
HistoKit (no postprocessing),gaussian,0a6bb222-fb92-5dbe-8347-47a6b9e62ff2_125049_1.png,5677584,221649,52279,1919995,0.8520140624134774,0.7421816195803896,0.9908760471236397,0.7472885770585603,0.74944137126474,0.8520140624134773,0.8091505797143775,0.10349479185149353,0.00912395287636022,0.25,0.75
HistoKit (no postprocessing),gaussian,9761f929-4dae-801a-b291-ba7ecada0fc3_101038_1.png,5086289,266999,20452,974059,0.9109426816603683,0.8364506314958559,0.9959950974603959,0.8392734212622773,0.8433297903730096,0.9109426816603681,0.9288504823430777,0.21513821271850309,0.004004902539604025,0.25,0.75
HistoKit (no postprocessing),gaussian,96e6b3f2-f43e-7954-4202-361d3af0da92_104636_4.png,3273693,359238,7628,1772332,0.786251225780699,0.6477874519679131,0.997675326491983,0.6487667025034557,0.6711627852842409,0.786251225780699,0.9792076671046104,0.168532114826161,0.0023246735080170457,0.25,0.75
HistoKit (no postprocessing),gaussian,36c069a8-8f9e-b246-f3af-1b6cffe0751a_123150_5.png,2189597,341684,4167,1115421,0.7963934558598613,0.661672587056934,0.9981005249425189,0.6625068305225569,0.6933365727447356,0.7963934558598613,0.9879514588652338,0.23449511188280872,0.0018994750574811146,0.25,0.75
HistoKit (no postprocessing),gaussian,d7d9e09c-5b48-9d63-55ef-dabd0e7bf5cd_123455_3.png,0,3205136,3535,0,0.0,0.0,0.0,,0.9988982977687647,,0.9988982977687647,1.0,1.0,0.25,0.75
HistoKit (no postprocessing),gaussian,0fcbbf47-bbbc-4a27-0d18-fe35bf99ccdb_133554_3.png,1755149,233825,9683,896791,0.7947654984228301,0.6594281008241963,0.9945133587786259,0.6618358635564907,0.686931348793002,0.7947654984228301,0.9602353926770373,0.2068120387470193,0.005486641221374045,0.25,0.75
HistoKit (no postprocessing),gaussian,6fecdbd3-f25f-98e1-f3e7-fdc984783bf1_110414_3.png,2330540,783017,373461,965732,0.776811321751527,0.6350707258538972,0.8618857759298166,0.7070229641243199,0.6992436134972769,0.7768113217515269,0.6770703809324518,0.447758368982627,0.1381142240701834,0.25,0.75
HistoKit (no postprocessing),gaussian,aedd99b7-9b77-3379-0a55-09f4124063bb_103758_2.png,4562898,130307,24406,815913,0.915682389777762,0.8444780211492524,0.9946796636978932,0.8483097844486449,0.848140353236021,0.915682389777762,0.8422498432581619,0.13771321679947582,0.005320336302106859,0.25,0.75
HistoKit (no postprocessing),gaussian,cbe296c0-32ef-a6c0-58c3-7dcdd9f9743d_115103_5.png,2644447,656689,34955,226055,0.9529703576854662,0.9101655952918939,0.9869541785816387,0.921248966208698,0.9267267540409629,0.9529703576854662,0.9494609943843942,0.743917828951542,0.013045821418361261,0.25,0.75
HistoKit (no postprocessing),gaussian,db9f8afe-40d5-d8aa-882f-512377b755a1_120139_1.png,4107130,7206853,1376653,285264,0.8317246643108969,0.7119252105243725,0.7489592494816079,0.9350550064497857,0.871922795335969,0.8317246643108968,0.839616469074525,0.9619247804058586,0.25104075051839214,0.25,0.75
HistoKit (no postprocessing),gaussian,16277008-7349-6ea9-1043-9abf63a9d11e_105523_2.png,6933664,373036,3829,1468165,0.9040378707742103,0.8248805744892309,0.9994480715151712,0.8252565006976457,0.8323219832016016,0.9040378707742103,0.9898398630809441,0.20260471290206772,0.0005519284848287414,0.25,0.75
HistoKit (no postprocessing),gaussian,ed9d6e50-ec08-4213-59eb-4f99b1955e7c_103016_3.png,9735865,212255,117600,532404,0.967696422187074,0.9374145774417143,0.9880651121204571,0.9481505597486782,0.9386680133200933,0.967696422187074,0.6434797107820103,0.28503650664263774,0.011934887879542881,0.25,0.75
HistoKit (no postprocessing),gaussian,042c1e4d-d1be-7f85-b2e1-b98e0b68f672_101215_1.png,3927979,683392,1349755,28434,0.8507508056780989,0.7402666104804824,0.7442548260295043,0.9928131870964937,0.7699014618769993,0.8507508056780989,0.33612522852504023,0.9600548448637729,0.2557451739704957,0.25,0.75
HistoKit (no postprocessing),gaussian,db9f8afe-40d5-d8aa-882f-512377b755a1_120139_3.png,5419533,839489,346038,120840,0.9587050846881958,0.9206854567239698,0.9399820069859516,0.9781891941210457,0.930585051814627,0.9587050846881958,0.7081146190681443,0.8741681236326301,0.06001799301404839,0.25,0.75
HistoKit (no postprocessing),gaussian,e2bfe175-7bb7-d3b3-d437-ffbd60d747a4_123954_6.png,2226524,164275,10115,675015,0.8666589596545702,0.7646938818966814,0.9954775893651143,0.767359666714802,0.7772607885292541,0.8666589596545702,0.9419978209759734,0.19573091541660212,0.004522410634885648,0.25,0.75
HistoKit (no postprocessing),gaussian,15fe4c3f-571c-b45d-d559-12744253eeb9_122421_1.png,4751609,1678934,244296,10203,0.9739181818861933,0.9491623033302518,0.9511007515154912,0.9978573282607546,0.9619300821146674,0.9739181818861933,0.8729761910951889,0.9939596373769564,0.048899248484508814,0.25,0.75
HistoKit (no postprocessing),gaussian,15fe4c3f-571c-b45d-d559-12744253eeb9_122421_3.png,2439962,165716,1137,232502,0.9543099400554955,0.9126126149713439,0.9995342261825514,0.9130008860736758,0.9177129570245238,0.9543099400554955,0.993185618478541,0.41614392116880705,0.0004657738174486164,0.25,0.75
HistoKit (no postprocessing),gaussian,a2afe16d-3866-9541-f2c7-cc8ca97faf02_130229_2.png,1340039,2135676,29175,3780,0.9878530780864073,0.9759977101138096,0.9786921547690866,0.9971871211822425,0.9906075521493899,0.9878530780864074,0.9865233219283914,0.9982331957282599,0.021307845230913502,0.25,0.75
HistoKit (no postprocessing),gaussian,78f7eac9-40c9-a096-07a4-a0166ddd84e8_103411_4.png,0,3169987,2213,0,0.0,0.0,0.0,,0.9993023768993128,,0.9993023768993128,1.0,1.0,0.25,0.75
HistoKit (no postprocessing),gaussian,73e02c87-178a-0dc6-cf2c-3f6aeb0c5685_124434_1.png,0,9475308,1897600,0,0.0,0.0,0.0,,0.8331473357561672,,0.8331473357561672,1.0,1.0,0.25,0.75
HistoKit (no postprocessing),gaussian,adf4a334-3c2a-d6ae-0b72-c218c11535ea_115443_6.png,0,5887303,42284,0,0.0,0.0,0.0,,0.9928689805883614,,0.9928689805883614,1.0,1.0,0.25,0.75
HistoKit (no postprocessing),gaussian,adf4a334-3c2a-d6ae-0b72-c218c11535ea_115443_5.png,0,5526331,30389,0,0.0,0.0,0.0,,0.9945311262759325,,0.9945311262759325,1.0,1.0,0.25,0.75
HistoKit (no postprocessing),gaussian,15fe4c3f-571c-b45d-d559-12744253eeb9_122421_5.png,3417478,267217,3449,896568,0.8836431620381868,0.7915418547097333,0.9989917937447949,0.7921746777850769,0.803691704080867,0.8836431620381868,0.9872573577767433,0.22961028024935878,0.001008206255205095,0.25,0.75
HistoKit (no postprocessing),gaussian,adf4a334-3c2a-d6ae-0b72-c218c11535ea_115443_8.png,0,7384943,16648,0,0.0,0.0,0.0,,0.9977507538581908,,0.9977507538581908,1.0,1.0,0.25,0.75
HistoKit (no postprocessing),gaussian,46e107b0-7f41-8fd8-abd7-fbe9d0e935a4_133028_1.png,0,8907095,355161,0,0.0,0.0,0.0,,0.9616550222753506,,0.9616550222753506,1.0,1.0,0.25,0.75
HistoKit (no postprocessing),gaussian,f010c097-faf6-f2df-c82a-aca0270a9814_110553_3.png,543555,4199290,124411,1174,0.8964413970536698,0.8123187972621574,0.8137465080557993,0.9978447998913221,0.9742042095706419,0.8964413970536698,0.9712258086301527,0.9997205070677906,0.18625349194420077,0.25,0.75
HistoKit (no postprocessing),gaussian,4a12a0e8-253e-42bb-77ff-6e284ada3080_105659_1.png,1911783,1400119,38659,9499,0.9875616133794661,0.9754288521950406,0.9801793644722581,0.9950559053798453,0.9856675178419433,0.9875616133794661,0.9731306706107544,0.9932612949040095,0.019820635527741916,0.25,0.75
HistoKit (no postprocessing),gaussian,c149f6be-4555-ddd6-581f-abc8aeab9698_132314_1.png,3643814,2093445,108423,90038,0.9734893614008596,0.948348049007424,0.9711044371664157,0.975886028691014,0.9665649660024395,0.9734893614008596,0.9507586285826398,0.9587640480828108,0.02889556283358434,0.25,0.75
HistoKit (no postprocessing),gaussian,e4c17e5d-ca75-8d00-1c03-2c4b0f9dc6a7_131509_7.png,0,4731204,116994,0,0.0,0.0,0.0,,0.9758685598236706,,0.9758685598236706,1.0,1.0,0.25,0.75
HistoKit (no postprocessing),gaussian,f4701930-c3d0-97f5-7529-fedf8cc9402a_110850_3.png,2346214,427367,700,7641,0.9982256094694294,0.9964575047089578,0.9997017359818042,0.9967538357290487,0.9970017132040366,0.9982256094694294,0.998364741967963,0.982434805796675,0.00029826401819580946,0.25,0.75
HistoKit (no postprocessing),gaussian,e2bfe175-7bb7-d3b3-d437-ffbd60d747a4_123954_3.png,4622035,273974,13237,743564,0.9243264911626198,0.8593002277816242,0.9971442884042188,0.8614201322163658,0.8661195051664571,0.9243264911626198,0.9539119323424242,0.2692518608641643,0.0028557115957812186,0.25,0.75
HistoKit (no postprocessing),gaussian,67cf3804-696c-ef64-2d57-43ad0b86332a_122601_2.png,5851601,4359155,14092,236647,0.9790245744060474,0.9589110079084416,0.9975975558216225,0.9611305255633477,0.9760322018984858,0.9790245744060473,0.9967776802910973,0.9485080079603081,0.002402444178377559,0.25,0.75
HistoKit (no postprocessing),gaussian,78f7eac9-40c9-a096-07a4-a0166ddd84e8_103411_6.png,0,6300511,519409,0,0.0,0.0,0.0,,0.9238394292015155,,0.9238394292015155,1.0,1.0,0.25,0.75
HistoKit (no postprocessing),gaussian,5b6306df-eee5-32e5-a263-7c4b8cf32245_100047_3.png,6725372,567763,16977,21240,0.9971667943883892,0.9943495975287676,0.9974820348219886,0.9968517531466164,0.9947871825005811,0.9971667943883891,0.9709665834387933,0.9639390631287107,0.002517965178011402,0.25,0.75
HistoKit (no postprocessing),gaussian,6dacef70-8f47-e898-de47-4738667f2bb0_100303_3.png,2827622,198429,285,659850,0.8954718315401182,0.810727926286149,0.9998992187508288,0.8107941798529135,0.8209165245595311,0.8954718315401181,0.9985657779522329,0.23119405228369797,0.00010078124917120683,0.25,0.75
HistoKit (no postprocessing),gaussian,7fcfd7e6-a936-d1a4-6766-2f191e54690d_131809_1.png,3170454,251032,10373,705176,0.8985965619857104,0.8158650417922991,0.9967388984059806,0.8180486785374249,0.8270382048979523,0.8985965619857105,0.960318280063503,0.2625286548533374,0.003261101594019417,0.25,0.75
HistoKit (no postprocessing),gaussian,2852fafe-6f36-4c12-47aa-96e73b433b3f_123004_2.png,2479513,1107249,7437,106699,0.9775019997390187,0.9559940454548784,0.9970095900601138,0.9587431347468808,0.9691599174038301,0.9775019997390189,0.993328165958844,0.9121057903633434,0.002990409939886206,0.25,0.75
HistoKit (no postprocessing),gaussian,d7d73023-1258-3c47-44ee-6493877f23d1_111048_2.png,6463969,417519,27537,820319,0.9384532027700182,0.8840431766351082,0.9957579951401108,0.8873851500654559,0.8903068617466113,0.9384532027700182,0.9381268874029336,0.3372969645462492,0.004242004859889215,0.25,0.75
HistoKit (no postprocessing),gaussian,18a7f9da-53be-2120-be0a-0738920b492f_101923_4.png,8376305,249981,73735,1549471,0.9116661812460465,0.8376714621344984,0.9912740058035229,0.8438942204619568,0.841630590081928,0.9116661812460465,0.7722231832841132,0.1389206269464259,0.008725994196477176,0.25,0.75
HistoKit (no postprocessing),gaussian,adf4a334-3c2a-d6ae-0b72-c218c11535ea_115443_4.png,0,4483531,2952065,0,0.0,0.0,0.0,,0.6029820608865786,,0.6029820608865786,1.0,1.0,0.25,0.75
HistoKit (no postprocessing),gaussian,78f7eac9-40c9-a096-07a4-a0166ddd84e8_103411_1.png,0,2767379,6381,0,0.0,0.0,0.0,,0.9976995125749885,,0.9976995125749885,1.0,1.0,0.25,0.75
HistoKit (no postprocessing),gaussian,eb22b9cd-e52e-fa2d-85a8-60a50dc5a7c4_102757_1.png,2186820,588360,18078,33423,0.9883617267788756,0.9769912358415079,0.9918009812698819,0.9849462423707676,0.9817803989909013,0.9883617267788756,0.9701898627724516,0.946246520088198,0.008199018730118128,0.25,0.75
HistoKit (no postprocessing),gaussian,f4701930-c3d0-97f5-7529-fedf8cc9402a_110850_4.png,2528506,506640,3503,35121,0.9924201807193449,0.9849544043348019,0.9986165136063893,0.986300269110912,0.9874343233228251,0.9924201807193449,0.9931332979184267,0.9351725207240831,0.0013834863936107653,0.25,0.75
HistoKit (no postprocessing),gaussian,db9f8afe-40d5-d8aa-882f-512377b755a1_120139_2.png,3009022,1927616,82403,56702,0.9774075631432665,0.9558134090524302,0.9733446549730302,0.9815045320452852,0.972594160106215,0.9774075631432665,0.9590038701126706,0.9714249429778896,0.026655345026969764,0.25,0.75
HistoKit (no postprocessing),gaussian,f569a03d-b1d7-9121-59cf-f65992813d75_131224_1.png,0,4161426,207480,0,0.0,0.0,0.0,,0.952509850292041,,0.952509850292041,1.0,1.0,0.25,0.75
HistoKit (no postprocessing),gaussian,0a6bb222-fb92-5dbe-8347-47a6b9e62ff2_125049_4.png,7478292,470361,18373,6122387,0.7089320816876286,0.5491051800081239,0.9975491768673137,0.5498469598466371,0.5641578538438755,0.7089320816876286,0.9624069534757148,0.07134521143535291,0.0024508231326863346,0.25,0.75
HistoKit (no postprocessing),gaussian,0823ec0e-9dd5-2324-aa8d-fe8db13ea4cd_103937_1.png,1446571,4072234,32515,48352,0.9728087574718166,0.9470570982259182,0.9780168293121563,0.9676558591980992,0.9855586184333653,0.9728087574718166,0.9920786873935532,0.988265746668071,0.02198317068784371,0.25,0.75
HistoKit (no postprocessing),gaussian,98491719-8df8-3c0a-7325-de39c48b2a96_133826_2.png,2680058,1623654,107339,53759,0.9708219967565105,0.943298432046674,0.9614913125041032,0.9803355528186415,0.9639182854365583,0.9708219967565104,0.937989928324378,0.9679512439691358,0.03850868749589671,0.25,0.75
HistoKit (no postprocessing),gaussian,18a7f9da-53be-2120-be0a-0738920b492f_101923_3.png,11712112,131093,84833,431298,0.9784409629681765,0.9577918920976628,0.9928089009485083,0.9644829582464892,0.9582395850391963,0.9784409629681765,0.6071200318627678,0.23309939170434804,0.007191099051491721,0.25,0.75
HistoKit (no postprocessing),gaussian,67cf3804-696c-ef64-2d57-43ad0b86332a_122601_1.png,21142112,12625189,7666556,871564,0.8320006649043972,0.7123297418968962,0.7338802335463757,0.9604080663311297,0.7981790560599787,0.8320006649043972,0.6221835036858585,0.9354241720212262,0.2661197664536243,0.25,1.25
HistoKit (no postprocessing),gaussian,2852fafe-6f36-4c12-47aa-96e73b433b3f_123004_1.png,2098247,2839825,32017,121844,0.9646325414822469,0.9316813403264852,0.9849704074236808,0.945117565000714,0.9697833808889473,0.9646325414822469,0.9888514061706737,0.9588596835095347,0.01502959257631918,0.25,0.75
HistoKit (no postprocessing),gaussian,8956f1ca-9d66-b2d7-8ef9-bd09fb590f4a_110204_2.png,6193146,1439089,159058,459961,0.9524025992150438,0.9091303572359155,0.9749601870468896,0.9308652333413546,0.9249787971622253,0.9524025992150438,0.9004734858558068,0.7577941602380137,0.025039812953110446,0.25,0.75
HistoKit (no postprocessing),gaussian,c93efc84-bec7-4ba6-b526-5de46512cbba_100824_1.png,7387258,848138,58060,35649,0.9936973646820653,0.9874736782022966,0.9922018105875398,0.9951974341049942,0.988749211349839,0.9936973646820653,0.9359301168177374,0.9596633578000129,0.007798189412460287,0.25,0.75
HistoKit (no postprocessing),gaussian,46e107b0-7f41-8fd8-abd7-fbe9d0e935a4_133028_6.png,0,5253467,23988,0,0.0,0.0,0.0,,0.9954546272777314,,0.9954546272777314,1.0,1.0,0.25,0.75
HistoKit (no postprocessing),gaussian,36c069a8-8f9e-b246-f3af-1b6cffe0751a_123150_4.png,3306980,195959,80533,1178888,0.8400406381959669,0.7241983347498391,0.9762265118982569,0.737199578766027,0.7355468717190636,0.8400406381959669,0.7087329832327879,0.14253149623194436,0.023773488101743078,0.25,0.75
HistoKit (no postprocessing),gaussian,36c069a8-8f9e-b246-f3af-1b6cffe0751a_123150_3.png,6146016,353866,3965,2097529,0.8539972762754588,0.7451965502315244,0.9993552825610356,0.7455549766514284,0.755679323866321,0.8539972762754588,0.9889193501960423,0.14435290926186925,0.0006447174389644456,0.25,0.75
HistoKit (no postprocessing),gaussian,6dacef70-8f47-e898-de47-4738667f2bb0_100303_1.png,8104963,337910,11581,1586874,0.9102414194754705,0.8352688712369187,0.9985731611878159,0.8362669533133915,0.8408123905523254,0.9102414194754707,0.9668632382522011,0.1755573612415731,0.001426838812184102,0.25,0.75
HistoKit (no postprocessing),gaussian,18a7f9da-53be-2120-be0a-0738920b492f_101923_5.png,7015656,412372,4446,1456316,0.9057090742014271,0.8276675359804105,0.9993666758688121,0.8281018870222895,0.83566244674472,0.9057090742014271,0.9893334740822134,0.2206746123483428,0.0006333241311878374,0.25,0.75
HistoKit (no postprocessing),gaussian,e2bfe175-7bb7-d3b3-d437-ffbd60d747a4_123954_2.png,3848257,177410,48372,190161,0.9699393084880279,0.9416331644151033,0.9875861930915157,0.9529120066323,0.9440614886731391,0.9699393084880278,0.7857579435030251,0.48265505167709094,0.01241380690848423,0.25,0.75
HistoKit (no postprocessing),gaussian,8469f8e6-543f-6b82-f38a-8b184a96e4e9_104905_1.png,8824689,8917577,5960200,165651,0.7423431336875872,0.5902588802812474,0.596872184836829,0.9815745566908481,0.743345861761948,0.7423431336875872,0.5993890753974871,0.9817629811780569,0.403127815163171,0.25,0.75
HistoKit (no postprocessing),gaussian,103a5b47-1de4-c7ee-81eb-83cd201d2a51_131937_2.png,2675872,1769790,107304,19844,0.9767931180245933,0.9546389251592925,0.9614454853016842,0.9926386904258461,0.9721947773907073,0.9767931180245933,0.9428350418252895,0.9889116992636483,0.03855451469831588,0.25,0.75
HistoKit (no postprocessing),gaussian,0f170c8e-9c83-6973-94f2-3858ac80f3dc_115930_3.png,6447475,352617,41793,698227,0.9457263198965601,0.8970406240282602,0.9935596742190337,0.9022871370790442,0.9018555692541437,0.9457263198965602,0.8940366623564311,0.3355559911842291,0.006440325780966359,0.25,0.75
HistoKit (no postprocessing),gaussian,d18df4a2-af46-984e-1fcb-35841267a2a7_132544_2.png,8495416,142522,126305,321482,0.9743221065842427,0.9499299076628362,0.9853503726228209,0.963537969930014,0.9507153254143175,0.9743221065842428,0.5301625208777392,0.30715683485487194,0.014649627377179104,0.25,0.75
HistoKit (no postprocessing),gaussian,d7d73023-1258-3c47-44ee-6493877f23d1_111048_3.png,6254467,272603,7211,1298817,0.9054627873750214,0.8272562841454164,0.9988483917569699,0.8280460525514465,0.8332680122219842,0.9054627873750213,0.9742293094698621,0.17347558259408688,0.0011516082430300632,0.25,0.75
HistoKit (no postprocessing),gaussian,8956f1ca-9d66-b2d7-8ef9-bd09fb590f4a_110204_1.png,6862151,3371155,647786,129273,0.9464147537600092,0.8982801886582513,0.9137428183485428,0.9815097754048389,0.9294247738381062,0.946414753760009,0.8388167430176258,0.9630693732309307,0.08625718165145727,0.25,0.75
HistoKit (no postprocessing),gaussian,aedd99b7-9b77-3379-0a55-09f4124063bb_103758_4.png,4480782,121632,20061,461355,0.9490186360661571,0.902983315055143,0.9955428349755813,0.9066486825436041,0.9053044653342067,0.949018636066157,0.8584192585378247,0.20863587009658877,0.004457165024418759,0.25,0.75
HistoKit (no postprocessing),gaussian,36c069a8-8f9e-b246-f3af-1b6cffe0751a_123150_2.png,4529311,357606,4530,1468933,0.8600976919574804,0.754536319375009,0.9990008471845395,0.7551061610698064,0.7683372691568743,0.8600976919574804,0.9874908874014182,0.19578339143045947,0.0009991528154604452,0.25,0.75
HistoKit (no postprocessing),gaussian,5b6306df-eee5-32e5-a263-7c4b8cf32245_100047_4.png,5961771,360133,5160,24806,0.9974931208478716,0.9949987791520222,0.9991352338413164,0.9958563967355636,0.9952823341787537,0.9974931208478716,0.9858743529166998,0.9355586209763105,0.0008647661586835846,0.25,0.75
HistoKit (no postprocessing),gaussian,4a12a0e8-253e-42bb-77ff-6e284ada3080_105659_3.png,784918,3467860,9138,53468,0.9616488671573018,0.9261307054431497,0.9884919955267638,0.9362250800943718,0.985492368697664,0.9616488671573018,0.9973718707919877,0.9848159557984942,0.011508004473236145,0.25,0.75
HistoKit (no postprocessing),gaussian,042c1e4d-d1be-7f85-b2e1-b98e0b68f672_101215_2.png,0,16696989,299949,0,0.0,0.0,0.0,,0.9823527625975926,,0.9823527625975926,1.0,1.0,0.25,0.75
HistoKit (no postprocessing),gaussian,67cf3804-696c-ef64-2d57-43ad0b86332a_122601_3.png,2872191,3891314,1129166,248217,0.8065952751881029,0.6758773938281813,0.7178042349133057,0.9204536714429652,0.8308067866797824,0.8065952751881031,0.7750880393906558,0.9400374100350982,0.28219576508669436,0.25,0.75
HistoKit (no postprocessing),gaussian,103a5b47-1de4-c7ee-81eb-83cd201d2a51_131937_3.png,501617,9910937,24885,247,0.9755612301456874,0.9522884713592242,0.9527352222783579,0.9995078347918959,0.9975921866206744,0.9755612301456875,0.9974954261459192,0.9999750786586143,0.04726477772164208,0.25,0.75
HistoKit (no postprocessing),gaussian,e4c17e5d-ca75-8d00-1c03-2c4b0f9dc6a7_131509_4.png,0,12997972,458886,0,0.0,0.0,0.0,,0.965899469252035,,0.965899469252035,1.0,1.0,0.25,0.75
HistoKit (no postprocessing),gaussian,46e107b0-7f41-8fd8-abd7-fbe9d0e935a4_133028_4.png,0,5751871,56687,0,0.0,0.0,0.0,,0.9902407792088845,,0.9902407792088845,1.0,1.0,0.25,0.75
HistoKit (no postprocessing),gaussian,78f7eac9-40c9-a096-07a4-a0166ddd84e8_103411_2.png,0,3791841,10587,0,0.0,0.0,0.0,,0.9972157263727282,,0.9972157263727282,1.0,1.0,0.25,0.75
HistoKit (no postprocessing),gaussian,aedd99b7-9b77-3379-0a55-09f4124063bb_103758_3.png,2246016,1203964,375821,1443918,0.7116912194691474,0.5524228587310352,0.8566573741998453,0.6086873098543226,0.6546800692788363,0.7116912194691474,0.7621062359751485,0.45468944613090767,0.14334262580015464,0.25,0.75
HistoKit (no postprocessing),gaussian,c93efc84-bec7-4ba6-b526-5de46512cbba_100824_2.png,3114333,317441,2269,23502,0.995879565179088,0.9917929469851954,0.9992719635038417,0.9925101224251753,0.9925464455271009,0.9958795651790882,0.9929029432923587,0.9310676564704364,0.000728036496158316,0.25,0.75
HistoKit (no postprocessing),gaussian,d07adf84-9a4a-637f-4bfb-56af281dbf05_133243_1.png,3506050,889621,10338,16159,0.9962354713588518,0.9924991797702903,0.997060051393646,0.9954122540712377,0.9940081426124019,0.9962354713588517,0.9885128100280124,0.9821601271832012,0.00293994860635402,0.25,0.75
HistoKit (no postprocessing),gaussian,f4701930-c3d0-97f5-7529-fedf8cc9402a_110850_2.png,3814620,435834,7946,19826,0.9963729977176475,0.9927722106437865,0.9979212916140624,0.9948295007935958,0.9935085243276068,0.9963729977176476,0.9820947316237776,0.9564894877759733,0.0020787083859376138,0.25,0.75
HistoKit (no postprocessing),gaussian,18a7f9da-53be-2120-be0a-0738920b492f_101923_1.png,4412997,469924,13169,1965342,0.8168809214304589,0.690446918004327,0.9970247387919929,0.6918724451616636,0.7116475103156309,0.8168809214304589,0.9727402384220015,0.19296618931977041,0.0029752612080071105,0.25,0.75
HistoKit (no postprocessing),gaussian,adf4a334-3c2a-d6ae-0b72-c218c11535ea_115443_2.png,0,5950704,184816,0,0.0,0.0,0.0,,0.969877695778027,,0.969877695778027,1.0,1.0,0.25,0.75
HistoKit (no postprocessing),gaussian,103a5b47-1de4-c7ee-81eb-83cd201d2a51_131937_1.png,1389922,2660102,134795,4983,0.9521246243520566,0.908623913185592,0.9115934301250659,0.996427713715271,0.9666385189562657,0.9521246243520566,0.951771031275929,0.9981302660140295,0.08840656987493417,0.25,0.75
HistoKit (no postprocessing),gaussian,8469f8e6-543f-6b82-f38a-8b184a96e4e9_104905_2.png,8257362,3787762,446015,246221,0.9597700000464928,0.9226517213398859,0.9487537998181625,0.9710450289013467,0.9456531023697218,0.9597700000464929,0.8946531666641866,0.9389633025225936,0.05124620018183746,0.25,0.75
HistoKit (no postprocessing),gaussian,a2afe16d-3866-9541-f2c7-cc8ca97faf02_130229_1.png,1109693,6659496,20534,9077,0.9868336863054953,0.9740095707554788,0.9818319682683213,0.991886625490494,0.9962031338154588,0.9868336863054953,0.9969260617093036,0.9986388392239239,0.01816803173167868,0.25,0.75
HistoKit (no postprocessing),gaussian,9761f929-4dae-801a-b291-ba7ecada0fc3_101038_2.png,5207889,212177,98457,392837,0.9549563805941687,0.9137957142278113,0.9814454240262508,0.9298596289123946,0.9168898527580793,0.9549563805941685,0.683044998293812,0.350697669805988,0.01855457597374917,0.25,0.75
HistoKit (no postprocessing),gaussian,36c069a8-8f9e-b246-f3af-1b6cffe0751a_123150_1.png,3123593,199056,34978,1045565,0.8525405347277444,0.7429809597025405,0.9889260048293991,0.7492143497559939,0.7546000719478051,0.8525405347277444,0.8505430834835964,0.15993302378796437,0.011073995170600882,0.25,0.75
HistoKit (no postprocessing),gaussian,ed9d6e50-ec08-4213-59eb-4f99b1955e7c_103016_1.png,5177469,236007,10799,808668,0.926665715087291,0.8633523852847521,0.9979185732117154,0.8649098742644881,0.8685264729679062,0.926665715087291,0.9562449859403742,0.2259142795606289,0.0020814267882846454,0.25,0.75
HistoKit (no postprocessing),gaussian,32e0aaf3-9973-5f67-ccc7-24d8d8604aa6_110737_7.png,0,4626802,244922,0,0.0,0.0,0.0,,0.9497258054848756,,0.9497258054848756,1.0,1.0,0.25,0.75
HistoKit (no postprocessing),gaussian,cbe296c0-32ef-a6c0-58c3-7dcdd9f9743d_115103_2.png,2743746,1263058,2804377,84291,0.6551321846765105,0.4871350010847924,0.49453589979890494,0.9701945200858405,0.5810775535017763,0.6551321846765105,0.3105293630998406,0.9374393716846934,0.505464100201095,0.25,0.75
HistoKit (no postprocessing),gaussian,9761f929-4dae-801a-b291-ba7ecada0fc3_101038_4.png,5043760,535721,5545,2405080,0.807121376812319,0.676616514977426,0.9989018290636038,0.6771201958962738,0.6982987459740835,0.8071213768123189,0.989755499144598,0.18216839561738452,0.001098170936396197,0.25,0.75
HistoKit (no postprocessing),gaussian,16277008-7349-6ea9-1043-9abf63a9d11e_105523_1.png,1802963,252700,2611,935804,0.7934981111672738,0.6576849307173254,0.9985539224645459,0.6583119338008673,0.6865763016193966,0.7934981111672738,0.9897732569297837,0.21262023518641923,0.0014460775354540993,0.25,0.75
HistoKit (no postprocessing),gaussian,367a29b2-8f5a-4095-840e-86626c38d291_123703_3.png,4499163,1562213,58110,32204,0.990062979719738,0.9803215050429493,0.9872489534859992,0.9928930938500456,0.9853188310854416,0.9900629797197381,0.9641367801358124,0.9798020216793976,0.012751046514000807,0.25,0.75
HistoKit (no postprocessing),gaussian,d7d73023-1258-3c47-44ee-6493877f23d1_111048_1.png,5801783,465665,115533,2593511,0.8107232712971288,0.6816943876311903,0.9804754385265212,0.6910756192695574,0.698206827344134,0.8107232712971288,0.8012157646791627,0.15221909429205774,0.019524561473478853,0.25,0.75
HistoKit (no postprocessing),gaussian,aedd99b7-9b77-3379-0a55-09f4124063bb_103758_1.png,18613517,4106381,1128199,882889,0.9487465786461442,0.9024908355820632,0.9428520296817157,0.9547152947061115,0.9186814468294956,0.9487465786461442,0.7844719156073648,0.8230424490957595,0.05714797031828439,0.25,0.75
HistoKit (no postprocessing),gaussian,37e97aba-1a30-28bd-be40-a79de2fca963_105321_2.png,3131744,832813,79819,15020,0.9850842839633759,0.9706069857803131,0.9751463695403142,0.995226842559531,0.9766371647407643,0.9850842839633759,0.9125397750681545,0.9822842470156269,0.02485363045968583,0.25,0.75
HistoKit (no postprocessing),gaussian,78f7eac9-40c9-a096-07a4-a0166ddd84e8_103411_8.png,0,5970778,613562,0,0.0,0.0,0.0,,0.906814957915296,,0.906814957915296,1.0,1.0,0.25,0.75
HistoKit (no postprocessing),gaussian,7f0a6db3-032c-fd36-2371-511c4ae59038_115247_3.png,3632306,688978,4275,15411,0.9972974746502683,0.9946095172169052,0.9988244452687841,0.9957751656721177,0.9954650688670965,0.9972974746502683,0.9938334201222353,0.9781214641341645,0.0011755547312159416,0.25,0.75
HistoKit (no postprocessing),gaussian,0f170c8e-9c83-6973-94f2-3858ac80f3dc_115930_5.png,7123411,276834,44314,491721,0.96373941789466,0.9300164789986116,0.9938175641504103,0.9354284338078447,0.9324576501837133,0.96373941789466,0.8620137755801064,0.3602006362589535,0.006182435849589654,0.25,0.75
HistoKit (no postprocessing),gaussian,c149f6be-4555-ddd6-581f-abc8aeab9698_132314_2.png,2861818,1597361,38586,37155,0.9869398040513662,0.9742163476546344,0.9866963360966265,0.9871833921875092,0.9832982720753619,0.9869398040513662,0.976413661322769,0.977268500277758,0.013303663903373461,0.25,0.75
HistoKit (no postprocessing),gaussian,d76874a4-c608-41cd-b260-c14f0dca935a_100643_5.png,0,3917986,11784,0,0.0,0.0,0.0,,0.9970013512241175,,0.9970013512241175,1.0,1.0,0.25,0.75
HistoKit (no postprocessing),gaussian,0f170c8e-9c83-6973-94f2-3858ac80f3dc_115930_4.png,6101323,362802,10789,1495350,0.890133297735722,0.8020182026541834,0.9982348163777104,0.8031572505490232,0.8110302243438863,0.890133297735722,0.9711208246451333,0.1952488278676879,0.0017651836222896439,0.25,0.75
HistoKit (no postprocessing),gaussian,d7d9e09c-5b48-9d63-55ef-dabd0e7bf5cd_123455_1.png,0,3102606,2672919,0,0.0,0.0,0.0,,0.5371989559390705,,0.5371989559390705,1.0,1.0,0.25,0.75
HistoKit (no postprocessing),gaussian,ed9d6e50-ec08-4213-59eb-4f99b1955e7c_103016_4.png,6669719,323501,90788,1876245,0.8714901037606905,0.7722485258347119,0.9865708296729816,0.7804525036613774,0.7804712657109124,0.8714901037606905,0.7808582897445986,0.14706288816981597,0.013429170327018373,0.25,0.75
HistoKit (no postprocessing),gaussian,0a6bb222-fb92-5dbe-8347-47a6b9e62ff2_125049_3.png,4659257,333139,9401,1428796,0.8662977001055434,0.764131553923982,0.9979863592492746,0.7653115043512269,0.7763507968860726,0.8662977001055434,0.972555030069481,0.1890756469449781,0.002013640750725369,0.25,0.75
HistoKit (no postprocessing),gaussian,46e107b0-7f41-8fd8-abd7-fbe9d0e935a4_133028_5.png,0,11464213,75047,0,0.0,0.0,0.0,,0.9934963767173979,,0.9934963767173979,1.0,1.0,0.25,0.75
HistoKit (no postprocessing),gaussian,8469f8e6-543f-6b82-f38a-8b184a96e4e9_104905_3.png,5242039,705575,1237388,32366,0.8919710610122724,0.8050070080544637,0.809028174867932,0.9938635732371708,0.8240696608514351,0.8919710610122724,0.3631438169435033,0.9561401250235453,0.190971825132068,0.25,0.75
HistoKit (no postprocessing),gaussian,16277008-7349-6ea9-1043-9abf63a9d11e_105523_3.png,2689907,294051,161,577453,0.9030430581787979,0.8232256196670198,0.9999401502118163,0.8232661843200627,0.8378204905025084,0.9030430581787979,0.9994527755496037,0.33740636876021224,5.9849788183793124e-05,0.25,0.75
HistoKit (no postprocessing),gaussian,4a12a0e8-253e-42bb-77ff-6e284ada3080_105659_4.png,4951368,6308472,14379,37088,0.9948296212162843,0.9897124330504604,0.9971043631501968,0.9925652346136761,0.9954499510976053,0.9948296212162844,0.9977258676505266,0.9941552833792447,0.002895636849803262,0.25,0.75
HistoKit (no postprocessing),gaussian,9761f929-4dae-801a-b291-ba7ecada0fc3_101038_3.png,8810359,1112610,49972,268070,0.9822706809166297,0.9651590678367438,0.9943600301162564,0.9704717633414327,0.9689442770835809,0.9822706809166297,0.9570163652972435,0.8058420488454964,0.005639969883743621,0.25,0.75
HistoKit (no postprocessing),gaussian,4c439187-b529-301f-82bf-3874dfa019f2_103211_2.png,2436369,1529087,63347,28661,0.9814677326896482,0.963609857232525,0.9746583211852866,0.9883729609781625,0.9773237667666306,0.9814677326896482,0.9602200153978124,0.9816010034999243,0.025341678814713352,0.25,0.75
HistoKit (no postprocessing),gaussian,15fe4c3f-571c-b45d-d559-12744253eeb9_122421_2.png,4194356,338900,4656,435448,0.9501514132812373,0.9050366169952918,0.9988911677318378,0.9059467744206883,0.9115077130953722,0.9501514132812373,0.9864476242592183,0.43765852045850184,0.0011088322681621296,0.25,0.75
HistoKit (no postprocessing),gaussian,7f0a6db3-032c-fd36-2371-511c4ae59038_115247_1.png,3420227,1168978,239482,85061,0.9547043774058803,0.9133343302792962,0.9345625567497307,0.9757335203270031,0.9339520463808889,0.9547043774058804,0.8299689022052454,0.9321703710969117,0.06543744325026936,0.25,0.75
HistoKit (no postprocessing),gaussian,6fecdbd3-f25f-98e1-f3e7-fdc984783bf1_110414_1.png,10941325,2777453,776230,2910926,0.8558003920718054,0.7479467622099656,0.933754951438248,0.7898589911488032,0.7881667252099198,0.8558003920718052,0.7815702751202063,0.4882679230761523,0.066245048561752,0.25,0.75
HistoKit (no postprocessing),gaussian,efbb89df-e3ec-91fc-7f90-b36e0f9bf420_124740_1.png,3770175,458679,1103,568303,0.9297875299824063,0.8687877931072148,0.9997075262019931,0.869008670782703,0.8813307323904915,0.9297875299824064,0.9976010370131932,0.44662808111534574,0.00029247379800693556,0.25,0.75
HistoKit (no postprocessing),gaussian,d7d9e09c-5b48-9d63-55ef-dabd0e7bf5cd_123455_4.png,0,16278279,1343547,0,0.0,0.0,0.0,,0.9237566526874116,,0.9237566526874116,1.0,1.0,0.25,0.75
HistoKit (no postprocessing),gaussian,d18df4a2-af46-984e-1fcb-35841267a2a7_132544_3.png,4093805,297279,1188,1785137,0.8209006776162067,0.6962099477392507,0.9997098896139749,0.6963506358797212,0.7108294108419889,0.8209006776162066,0.996019660464976,0.14275677866478167,0.0002901103860250799,0.25,0.75
HistoKit (no postprocessing),gaussian,5b6306df-eee5-32e5-a263-7c4b8cf32245_100047_2.png,4203743,1008072,38138,24772,0.9925729564473728,0.9852554215212721,0.9910091772965814,0.9941416785798324,0.9880733118788183,0.9925729564473728,0.963546515517917,0.9760157390661126,0.008990822703418602,0.25,0.75
HistoKit (no postprocessing),gaussian,786743ed-e3ab-4cc3-3e88-4ee844fd6584_104341_2.png,6064172,2819565,55202,70901,0.9897096131714471,0.9796288533223484,0.9909791426377927,0.9884433322961276,0.9860038580041377,0.9897096131714471,0.9807977481305441,0.9754707372444443,0.009020857362207311,0.25,0.75
HistoKit (no postprocessing),gaussian,36686384-7dd5-47b9-9af9-593716a57c66_072643_8.png,0,4124773,185,0,0.0,0.0,0.0,,0.9999551510585077,,0.9999551510585077,1.0,1.0,0.25,0.75
HistoKit (no postprocessing),gaussian,adf4a334-3c2a-d6ae-0b72-c218c11535ea_115443_3.png,0,7865811,307371,0,0.0,0.0,0.0,,0.9623927376143099,,0.9623927376143099,1.0,1.0,0.25,0.75
HistoKit (no postprocessing),gaussian,b04c2edc-8554-0391-20e3-62a3af357e5f_130945_4.png,3967946,359204,203318,1425924,0.8296686695659465,0.7089177637056322,0.9512574605683074,0.735639902333575,0.7264716627112521,0.8296686695659465,0.6385599141011373,0.20122030465042282,0.04874253943169265,0.25,0.75
HistoKit (no postprocessing),gaussian,18a7f9da-53be-2120-be0a-0738920b492f_101923_2.png,3782112,174817,42570,382715,0.9467695699447863,0.898919688348877,0.9888696628896206,0.9081078277681162,0.9029520237943651,0.9467695699447863,0.8041741226476284,0.3135550963890862,0.011130337110379373,0.25,0.75
HistoKit (no postprocessing),gaussian,4f8d8d4c-adc3-ed68-4f51-2bb95426a546_131620_1.png,5843791,1334008,21382,3503,0.9978753408654214,0.995759690942216,0.9963544127342876,0.999400919468048,0.9965450379330816,0.9978753408654215,0.9842244667586452,0.9973809561192394,0.003645587265712367,0.25,0.75
HistoKit (no postprocessing),gaussian,0a6bb222-fb92-5dbe-8347-47a6b9e62ff2_125049_2.png,5229890,381280,47409,4168651,0.712721043565479,0.5536647981410022,0.9910164271533601,0.556457645926107,0.5709818534826192,0.712721043565479,0.8894093387047487,0.08379907299693116,0.00898357284663992,0.25,0.75
HistoKit (no postprocessing),gaussian,e2bfe175-7bb7-d3b3-d437-ffbd60d747a4_123954_4.png,1858229,250457,2683,582583,0.8639461759982742,0.7604799682422104,0.9985582338122383,0.761315906345921,0.7827481707172214,0.8639461759982742,0.9894011219088251,0.30065423028906174,0.0014417661877616996,0.25,0.75
HistoKit (no postprocessing),gaussian,6dacef70-8f47-e898-de47-4738667f2bb0_100303_2.png,5390171,372442,1718,2170773,0.8322767691052606,0.7127346164617697,0.9996813732626915,0.7128965642385395,0.7262177030067911,0.8322767691052607,0.9954083814410947,0.1464453457533083,0.0003186267373085759,0.25,0.75
HistoKit (no postprocessing),gaussian,b04c2edc-8554-0391-20e3-62a3af357e5f_130945_2.png,10185652,496096,24734,2054078,0.9074030619708157,0.8305011943448976,0.9975775646483884,0.8321794680111407,0.8370908486774875,0.9074030619708157,0.9525104160666629,0.19453417688361657,0.0024224353516115846,0.25,0.75
HistoKit (no postprocessing),gaussian,d18df4a2-af46-984e-1fcb-35841267a2a7_132544_1.png,7154166,152277,230368,1115049,0.9140514518279296,0.8417078814337127,0.9688039895273013,0.8651566079730664,0.8444939007334838,0.9140514518279295,0.3979589436684133,0.1201561397777683,0.03119601047269875,0.25,0.75
HistoKit (no postprocessing),gaussian,7f0a6db3-032c-fd36-2371-511c4ae59038_115247_4.png,2869751,860038,8437,9144,0.9969461965373784,0.9939109877215367,0.9970686417982425,0.9968237813466625,0.9953084429880156,0.9969461965373784,0.9902852701574599,0.9894797637318766,0.0029313582017574946,0.25,0.75
HistoKit (no postprocessing),gaussian,0f170c8e-9c83-6973-94f2-3858ac80f3dc_115930_1.png,5453511,259950,9793,782606,0.9322702379887005,0.8731331383257204,0.9982074949517727,0.8745042788645563,0.878202266879398,0.9322702379887005,0.9636950727173643,0.249339124229298,0.0017925050482272267,0.25,0.75
HistoKit (no postprocessing),gaussian,367a29b2-8f5a-4095-840e-86626c38d291_123703_1.png,12353837,6054771,169536,118996,0.9884569682294985,0.977177378701729,0.986462433084122,0.9904595852441863,0.9845681211137104,0.9884569682294985,0.9727622689562067,0.9807255440641022,0.013537566915878015,0.25,0.75
HistoKit (no postprocessing),gaussian,76bd570a-7866-8dee-341c-c3f9290b76cf_114927_1.png,2699754,436205,47387,269033,0.9446424097714317,0.8950922592662094,0.9827504303565052,0.909379487312495,0.9083472585136221,0.9446424097714318,0.9020103723800228,0.618521690549857,0.01724956964349482,0.9,1.25
HistoKit (no postprocessing),gaussian,6fecdbd3-f25f-98e1-f3e7-fdc984783bf1_110414_2.png,7884346,675792,91989,2554838,0.8562719302127733,0.7486674086542876,0.9884672597126375,0.7552645877302288,0.7638230332654737,0.8562719302127733,0.8801884912494579,0.20918272906522875,0.011532740287362554,0.25,0.75
HistoKit (no postprocessing),gaussian,96e6b3f2-f43e-7954-4202-361d3af0da92_104636_1.png,4514700,253066,83873,457210,0.9434633549842782,0.8929774082471499,0.9817610811005936,0.9080413764529125,0.8980790374712108,0.9434633549842781,0.751073636474258,0.356292483485293,0.018238918899406403,0.9,1.25
HistoKit (no postprocessing),gaussian,36c069a8-8f9e-b246-f3af-1b6cffe0751a_123150_5.png,2141553,340960,4891,1163465,0.7856802450425225,0.6470126520094661,0.9977213474938084,0.6479701472125114,0.6799786571361504,0.7856802450425225,0.9858580718286198,0.22663808431792878,0.002278652506191636,0.9,1.25
HistoKit (no postprocessing),gaussian,32e0aaf3-9973-5f67-ccc7-24d8d8604aa6_110737_5.png,0,5461756,12152,0,0.0,0.0,0.0,,0.9977800138402034,,0.9977800138402034,1.0,1.0,0.9,1.25
HistoKit (no postprocessing),gaussian,0a6bb222-fb92-5dbe-8347-47a6b9e62ff2_125049_1.png,6219486,221770,52158,1378093,0.8968759100635991,0.813032657201156,0.9916835203018539,0.8186141927579825,0.8183002314550442,0.8968759100635992,0.8095923016267048,0.13861811917645447,0.008316479698146133,0.9,1.25
HistoKit (no postprocessing),gaussian,9761f929-4dae-801a-b291-ba7ecada0fc3_101038_1.png,5190805,274810,12641,869543,0.9216796756048627,0.8547364403261721,0.9975706483741735,0.8565192955916063,0.8610252151966374,0.9216796756048627,0.9560238092753199,0.24014443095792995,0.0024293516258264234,0.9,1.25
HistoKit (no postprocessing),gaussian,96e6b3f2-f43e-7954-4202-361d3af0da92_104636_4.png,3481085,362056,4810,1564940,0.81601444926816,0.6892098039235097,0.9986201535043367,0.6898667763239381,0.7099978551203044,0.81601444926816,0.9868889458276319,0.1878862229086101,0.0013798464956632371,0.9,1.25
HistoKit (no postprocessing),gaussian,4c439187-b529-301f-82bf-3874dfa019f2_103211_1.png,5233755,2768185,6834,48506,0.9947409684638667,0.9895369623725798,0.998695948108123,0.9908171898359434,0.9931316771913102,0.9947409684638666,0.9975373141589301,0.9827790836836557,0.001304051891877039,0.9,1.25
HistoKit (no postprocessing),gaussian,d7d9e09c-5b48-9d63-55ef-dabd0e7bf5cd_123455_3.png,0,3208305,366,0,0.0,0.0,0.0,,0.9998859340829895,,0.9998859340829895,1.0,1.0,0.9,1.25
HistoKit (no postprocessing),gaussian,0fcbbf47-bbbc-4a27-0d18-fe35bf99ccdb_133554_3.png,1326116,235986,7522,1325824,0.6654573063179293,0.49864070251802806,0.9943597887882619,0.5000550540359133,0.5395026952651196,0.6654573063179293,0.969109844440429,0.15109776477292372,0.0056402112117381175,0.9,1.25
HistoKit (no postprocessing),gaussian,6fecdbd3-f25f-98e1-f3e7-fdc984783bf1_110414_3.png,2354588,762148,394330,941684,0.7789955319849334,0.6379956440710757,0.8565508320000815,0.7143184785721567,0.6999575543203638,0.7789955319849335,0.6590250744069494,0.44731405443729194,0.14344916799991853,0.9,1.25
HistoKit (no postprocessing),gaussian,db9f8afe-40d5-d8aa-882f-512377b755a1_120139_3.png,5383321,1059086,126441,157052,0.9743448383209797,0.9499731242281818,0.9770514588470428,0.971653172087872,0.9578505478820678,0.9743448383209798,0.8933461658823459,0.8708600504219094,0.022948541152957243,0.9,1.25
HistoKit (no postprocessing),gaussian,cbe296c0-32ef-a6c0-58c3-7dcdd9f9743d_115103_5.png,2849219,629654,61990,21283,0.9855971701110623,0.9716033325922117,0.9787064412070724,0.9925856174285892,0.9766227998515502,0.9855971701110623,0.9103729664393821,0.9673040555384008,0.021293558792927613,0.9,1.25
HistoKit (no postprocessing),gaussian,db9f8afe-40d5-d8aa-882f-512377b755a1_120139_1.png,4171305,7755604,827902,221089,0.8883054124637535,0.7990552642991892,0.8343933347828966,0.9496654899355568,0.919158516942948,0.8883054124637535,0.9035473383486887,0.9722831253503175,0.16560666521710343,0.9,1.25
HistoKit (no postprocessing),gaussian,aedd99b7-9b77-3379-0a55-09f4124063bb_103758_2.png,5040644,135086,19627,338167,0.9657255302717231,0.9337226805235144,0.9961213539749155,0.9371297857463294,0.9353406617555106,0.965725530271723,0.8731392966331207,0.28544140237885446,0.0038786460250844275,0.9,1.25
HistoKit (no postprocessing),gaussian,16277008-7349-6ea9-1043-9abf63a9d11e_105523_2.png,6921447,376664,201,1480382,0.9033781301724145,0.8237827048939363,0.9999709606729495,0.8238024125461254,0.8313435916549774,0.9033781301724145,0.9994666525148262,0.2028296552697133,2.9039327050436542e-05,0.9,1.25
HistoKit (no postprocessing),gaussian,ed9d6e50-ec08-4213-59eb-4f99b1955e7c_103016_3.png,9921628,216699,113156,346641,0.9773533074065265,0.955709644870526,0.9887236237471578,0.9662415349656305,0.9566152462454676,0.9773533074065264,0.6569522972215064,0.38466822877835766,0.011276376252842115,0.9,1.25
HistoKit (no postprocessing),gaussian,042c1e4d-d1be-7f85-b2e1-b98e0b68f672_101215_1.png,3935798,647425,1385722,20615,0.8484213024603648,0.7367462634321297,0.7396003397525519,0.9947894721809882,0.765201951395428,0.8484213024603648,0.3184349188720737,0.9691410693970421,0.2603996602474481,0.9,1.25
HistoKit (no postprocessing),gaussian,e2bfe175-7bb7-d3b3-d437-ffbd60d747a4_123954_6.png,2173970,170932,3458,727569,0.8560677791369781,0.7483553339297768,0.9984118877868752,0.7492472098427765,0.7623394428154876,0.8560677791369781,0.980170881357876,0.19024130190172298,0.0015881122131248427,0.9,1.25
HistoKit (no postprocessing),gaussian,a2afe16d-3866-9541-f2c7-cc8ca97faf02_130229_2.png,1340806,2151701,13150,3013,0.994008766483491,0.9880888951774138,0.9902877198372768,0.9977578825719833,0.9953934111785947,0.994008766483491,0.993925678949729,0.9986016705697368,0.009712280162723162,0.9,1.25
HistoKit (no postprocessing),gaussian,15fe4c3f-571c-b45d-d559-12744253eeb9_122421_3.png,2481101,166206,647,191363,0.9627469727671272,0.9281698365687021,0.9997392966570336,0.9283945452586078,0.9323745816335407,0.9627469727671271,0.9961223352292138,0.4648221741817663,0.00026070334296632856,0.9,1.25
HistoKit (no postprocessing),gaussian,78f7eac9-40c9-a096-07a4-a0166ddd84e8_103411_4.png,0,3171834,366,0,0.0,0.0,0.0,,0.9998846226593532,,0.9998846226593532,1.0,1.0,0.9,1.25
HistoKit (no postprocessing),gaussian,73e02c87-178a-0dc6-cf2c-3f6aeb0c5685_124434_1.png,0,8830112,2542796,0,0.0,0.0,0.0,,0.7764163747741563,,0.7764163747741563,1.0,1.0,0.9,1.25
HistoKit (no postprocessing),gaussian,15fe4c3f-571c-b45d-d559-12744253eeb9_122421_1.png,4752394,1728083,195147,9418,0.9789311399019069,0.9587317546907287,0.9605567695143911,0.9980221814720951,0.9693995938993353,0.9789311399019069,0.8985316368817042,0.9945795714649949,0.03944323048560891,0.9,1.25
HistoKit (no postprocessing),gaussian,adf4a334-3c2a-d6ae-0b72-c218c11535ea_115443_6.png,0,5817943,111644,0,0.0,0.0,0.0,,0.9811717072369458,,0.9811717072369458,1.0,1.0,0.9,1.25
HistoKit (no postprocessing),gaussian,adf4a334-3c2a-d6ae-0b72-c218c11535ea_115443_5.png,0,5527851,28869,0,0.0,0.0,0.0,,0.9948046689413899,,0.9948046689413899,1.0,1.0,0.9,1.25
HistoKit (no postprocessing),gaussian,adf4a334-3c2a-d6ae-0b72-c218c11535ea_115443_8.png,0,7398872,2719,0,0.0,0.0,0.0,,0.9996326465485597,,0.9996326465485597,1.0,1.0,0.9,1.25
HistoKit (no postprocessing),gaussian,15fe4c3f-571c-b45d-d559-12744253eeb9_122421_5.png,3547305,267505,3161,766741,0.9021042882253851,0.8216666469780115,0.9991096943330819,0.8222687008900693,0.8320718945922885,0.9021042882253851,0.9883213998064034,0.2586473624263473,0.0008903056669180891,0.9,1.25
HistoKit (no postprocessing),gaussian,f010c097-faf6-f2df-c82a-aca0270a9814_110553_3.png,543840,4196660,127041,889,0.8947606551443308,0.8095627967905682,0.8106355672615561,0.9983679958291187,0.9737225347802063,0.8947606551443309,0.9706175334510874,0.999788209738588,0.18936443273844392,0.9,1.25
HistoKit (no postprocessing),gaussian,46e107b0-7f41-8fd8-abd7-fbe9d0e935a4_133028_1.png,0,8855201,407055,0,0.0,0.0,0.0,,0.9560522835905205,,0.9560522835905205,1.0,1.0,0.9,1.25
HistoKit (no postprocessing),gaussian,4a12a0e8-253e-42bb-77ff-6e284ada3080_105659_1.png,1909411,1425943,12835,11871,0.9935720515110076,0.9872262122715431,0.9933229149650982,0.9938213130607584,0.9926471551103254,0.9935720515110075,0.9910792352955077,0.9917437165029691,0.00667708503490188,0.9,1.25
HistoKit (no postprocessing),gaussian,c149f6be-4555-ddd6-581f-abc8aeab9698_132314_1.png,3701448,2081637,120231,32404,0.9797982431678197,0.9603965456893377,0.9685397439188378,0.991321562825736,0.9742853436482853,0.9797982431678197,0.9453959092915651,0.9846720096724709,0.031460256081162236,0.9,1.25
HistoKit (no postprocessing),gaussian,e2bfe175-7bb7-d3b3-d437-ffbd60d747a4_123954_3.png,4679882,280789,6422,685717,0.9311434859647969,0.8711585453593722,0.9986296236863849,0.8722012211497728,0.877558417848822,0.931143485964797,0.9776401321676398,0.29051966568236515,0.0013703763136151646,0.9,1.25
HistoKit (no postprocessing),gaussian,e4c17e5d-ca75-8d00-1c03-2c4b0f9dc6a7_131509_7.png,0,4796977,51221,0,0.0,0.0,0.0,,0.989435043700773,,0.989435043700773,1.0,1.0,0.9,1.25
HistoKit (no postprocessing),gaussian,f4701930-c3d0-97f5-7529-fedf8cc9402a_110850_3.png,2346506,427188,879,7349,0.9982498234508342,0.9965057624343132,0.9996255407613153,0.9968778875504226,0.9970423326031427,0.9982498234508344,0.9979465831283421,0.9830877462678668,0.0003744592386847492,0.9,1.25
HistoKit (no postprocessing),gaussian,67cf3804-696c-ef64-2d57-43ad0b86332a_122601_1.png,21141969,12623081,7668664,871707,0.8319628703658323,0.712274335513979,0.7338252165441835,0.9604015703692559,0.7981258477489209,0.8319628703658323,0.6220796190766245,0.935404172336757,0.26617478345581647,0.25,0.75
HistoKit (no postprocessing),gaussian,67cf3804-696c-ef64-2d57-43ad0b86332a_122601_2.png,6008026,4368118,5129,80222,0.9929470161435,0.9859928246684885,0.9991470367885079,0.9868234671123778,0.9918414146352887,0.9929470161435001,0.998827187213528,0.981965856926404,0.0008529632114921368,0.9,1.25
HistoKit (no postprocessing),gaussian,5b6306df-eee5-32e5-a263-7c4b8cf32245_100047_3.png,6726097,579433,5307,20515,0.9980841393866872,0.9961756057796309,0.999211605780904,0.9969592144916589,0.9964778665654029,0.9980841393866872,0.9909241714266169,0.9658053697987159,0.000788394219096046,0.9,1.25
HistoKit (no postprocessing),gaussian,78f7eac9-40c9-a096-07a4-a0166ddd84e8_103411_6.png,0,6398621,421299,0,0.0,0.0,0.0,,0.9382252284484276,,0.9382252284484276,1.0,1.0,0.9,1.25
HistoKit (no postprocessing),gaussian,18a7f9da-53be-2120-be0a-0738920b492f_101923_4.png,9215587,240255,83461,710189,0.9587174374132111,0.920708241797052,0.9910247801710454,0.9284500274839972,0.9225668940470415,0.9587174374132111,0.7421783291527141,0.25278185774227624,0.008975219828954533,0.9,1.25
HistoKit (no postprocessing),gaussian,6dacef70-8f47-e898-de47-4738667f2bb0_100303_3.png,3097719,198179,535,389753,0.9407372854564554,0.8881057291456124,0.9998273220981883,0.8882419701147422,0.8941214577886195,0.9407372854564554,0.9973076884366476,0.337078097467054,0.00017267790181179463,0.9,1.25
HistoKit (no postprocessing),gaussian,2852fafe-6f36-4c12-47aa-96e73b433b3f_123004_2.png,2498040,1107308,7378,88172,0.9812339074127538,0.9631591731923704,0.9970551820095489,0.9659068939437293,0.9741819417881822,0.9812339074127538,0.9933810956628144,0.9262455248101181,0.0029448179904510946,0.9,1.25
HistoKit (no postprocessing),gaussian,f4701930-c3d0-97f5-7529-fedf8cc9402a_110850_4.png,2530842,506710,3433,32785,0.9928955087798863,0.9858912530287567,0.9986453719505578,0.9872114781128456,0.9882170754480654,0.9928955087798864,0.9932705143459775,0.9392302060260058,0.0013546280494421482,0.9,1.25
HistoKit (no postprocessing),gaussian,78f7eac9-40c9-a096-07a4-a0166ddd84e8_103411_1.png,0,2771668,2092,0,0.0,0.0,0.0,,0.9992457891093678,,0.9992457891093678,1.0,1.0,0.9,1.25
HistoKit (no postprocessing),gaussian,7fcfd7e6-a936-d1a4-6766-2f191e54690d_131809_1.png,3297349,255151,6254,578281,0.9185797424320955,0.849419766278436,0.9981069153890464,0.8507904521329436,0.8587067791304642,0.9185797424320955,0.9760754384958207,0.3061449524376314,0.001893084610953556,0.9,1.25
HistoKit (no postprocessing),gaussian,eb22b9cd-e52e-fa2d-85a8-60a50dc5a7c4_102757_1.png,2192715,585692,20746,27528,0.9891120381513967,0.9784586180476567,0.9906273478502671,0.9876013571487445,0.9829220205605089,0.9891120381513966,0.9657904023164775,0.9551090962460455,0.00937265214973293,0.9,1.25
HistoKit (no postprocessing),gaussian,d7d73023-1258-3c47-44ee-6493877f23d1_111048_2.png,6549223,431012,14044,735065,0.9459031576332428,0.8973588759733045,0.9978602119950324,0.8990889706722195,0.9030824608142684,0.945903157633243,0.9684444204774231,0.3696256765205042,0.002139788004967648,0.9,1.25
HistoKit (no postprocessing),gaussian,0a6bb222-fb92-5dbe-8347-47a6b9e62ff2_125049_4.png,8395545,476760,11974,5205134,0.7629470618176009,0.6167456850622726,0.9985757986392895,0.6172886662496777,0.6297143110220419,0.762947061817601,0.9754999652162526,0.08390864032310352,0.0014242013607105735,0.9,1.25
HistoKit (no postprocessing),gaussian,db9f8afe-40d5-d8aa-882f-512377b755a1_120139_2.png,3002029,1972138,37881,63695,0.983363562244314,0.9672716083393345,0.9875387758190209,0.9792235047903856,0.9799879544728722,0.983363562244314,0.9811539094904078,0.9687130525932137,0.012461224180979042,0.9,1.25
HistoKit (no postprocessing),gaussian,adf4a334-3c2a-d6ae-0b72-c218c11535ea_115443_4.png,0,4484803,2950793,0,0.0,0.0,0.0,,0.6031531298903275,,0.6031531298903275,1.0,1.0,0.9,1.25
HistoKit (no postprocessing),gaussian,0823ec0e-9dd5-2324-aa8d-fe8db13ea4cd_103937_1.png,1451581,4080659,24090,43342,0.9773001628630503,0.9556080165212543,0.9836752230002487,0.9710072023776476,0.987957866103586,0.9773001628630503,0.9941311880458464,0.9894903032273755,0.0163247769997513,0.9,1.25
HistoKit (no postprocessing),gaussian,f569a03d-b1d7-9121-59cf-f65992813d75_131224_1.png,0,4333527,35379,0,0.0,0.0,0.0,,0.9919020917364667,,0.9919020917364667,1.0,1.0,0.9,1.25
HistoKit (no postprocessing),gaussian,18a7f9da-53be-2120-be0a-0738920b492f_101923_3.png,11620379,138671,77255,523031,0.9748213207441755,0.950879432502241,0.9933956730053274,0.9569288198290266,0.9514305622891068,0.9748213207441754,0.6422153886053555,0.2095671465402855,0.0066043269946725975,0.9,1.25
HistoKit (no postprocessing),gaussian,98491719-8df8-3c0a-7325-de39c48b2a96_133826_2.png,2682715,1625086,105907,51102,0.9715689027982021,0.944709767568961,0.962021744072879,0.9813074540102721,0.9648341138816657,0.971568902798202,0.9388171991452305,0.969512966325973,0.037978255927120994,0.9,1.25
HistoKit (no postprocessing),gaussian,46e107b0-7f41-8fd8-abd7-fbe9d0e935a4_133028_6.png,0,5265986,11469,0,0.0,0.0,0.0,,0.9978267934070494,,0.9978267934070494,1.0,1.0,0.9,1.25
HistoKit (no postprocessing),gaussian,8469f8e6-543f-6b82-f38a-8b184a96e4e9_104905_1.png,8806817,9347456,5530321,183523,0.7550595053610167,0.6065024863537548,0.6142660411024851,0.9795866452214266,0.7606076759218166,0.7550595053610168,0.6282831097683478,0.9807445803836101,0.385733958897515,0.9,1.25
HistoKit (no postprocessing),gaussian,2852fafe-6f36-4c12-47aa-96e73b433b3f_123004_1.png,2201742,2839880,31962,18349,0.9887037908121051,0.9776599396195382,0.9856910315780426,0.991735023474263,0.9901194693645812,0.9887037908121052,0.9888705576420987,0.9935802904525844,0.01430896842195743,0.9,1.25
HistoKit (no postprocessing),gaussian,8956f1ca-9d66-b2d7-8ef9-bd09fb590f4a_110204_2.png,6298545,1444638,153509,354562,0.9612312279108971,0.9253563003994937,0.9762077316773852,0.9467073053236631,0.9384249957642802,0.9612312279108971,0.9039456320351007,0.8029335260115606,0.023792268322614784,0.9,1.25
HistoKit (no postprocessing),gaussian,c93efc84-bec7-4ba6-b526-5de46512cbba_100824_1.png,7392654,881621,24577,30253,0.9963052904225015,0.9926377821019824,0.996686499314906,0.9959243730252851,0.9934170598161507,0.9963052904225015,0.9728789955396061,0.966823267249642,0.0033135006850939386,0.9,1.25
HistoKit (no postprocessing),gaussian,36c069a8-8f9e-b246-f3af-1b6cffe0751a_123150_4.png,3114472,200408,76084,1371396,0.8114382425983765,0.6827059995370403,0.9761533726410068,0.6942852531550193,0.696058256830647,0.8114382425983766,0.7248238647049463,0.12750190227280245,0.02384662735899323,0.9,1.25
HistoKit (no postprocessing),gaussian,36c069a8-8f9e-b246-f3af-1b6cffe0751a_123150_3.png,6399182,354418,3413,1844363,0.8738387042592792,0.7759445361550283,0.9994669348912433,0.776265793417759,0.7851766973098258,0.8738387042592792,0.9904619778610573,0.16118840393836403,0.0005330651087566838,0.9,1.25
HistoKit (no postprocessing),gaussian,6dacef70-8f47-e898-de47-4738667f2bb0_100303_1.png,8257766,337140,12351,1434071,0.9194730150182993,0.850948683187094,0.9985065507537559,0.8520331078618016,0.8559531169582351,0.9194730150182993,0.9646600341639698,0.19034434632576244,0.0014934492462440375,0.9,1.25
HistoKit (no postprocessing),gaussian,18a7f9da-53be-2120-be0a-0738920b492f_101923_5.png,6705397,412493,4325,1766575,0.8833529380845115,0.7910762211376029,0.9993554129366313,0.791480070991736,0.8007715335833111,0.8833529380845114,0.9896237686472273,0.18929790167172386,0.0006445870633686462,0.9,1.25
HistoKit (no postprocessing),gaussian,e2bfe175-7bb7-d3b3-d437-ffbd60d747a4_123954_2.png,3910932,174342,51440,127486,0.977636458399733,0.9562512928321717,0.9870178771705433,0.9684316977588748,0.9580399606022232,0.9776364583997331,0.7721696149383033,0.5776203665663888,0.0129821228294567,0.9,1.25
HistoKit (no postprocessing),gaussian,103a5b47-1de4-c7ee-81eb-83cd201d2a51_131937_2.png,2680062,1749705,127389,15654,0.9740071489743997,0.9493313213642426,0.9546246755508823,0.9941930084623157,0.968718796538671,0.9740071489743997,0.932134991641335,0.9911326817944679,0.045375324449117724,0.9,1.25
HistoKit (no postprocessing),gaussian,d18df4a2-af46-984e-1fcb-35841267a2a7_132544_2.png,8167657,140325,128502,649241,0.9545526553204375,0.9130566548170009,0.9845106633081646,0.9263640114697935,0.9143994562899493,0.9545526553204374,0.5219899786851767,0.17772421811476177,0.015489336691835342,0.9,1.25
HistoKit (no postprocessing),gaussian,0f170c8e-9c83-6973-94f2-3858ac80f3dc_115930_3.png,6424517,349360,45050,721185,0.9437223752244631,0.89344160388232,0.993036628262757,0.8990742966891146,0.8983788304470809,0.943722375224463,0.8857787581450774,0.32633845377821574,0.006963371737243002,0.9,1.25
HistoKit (no postprocessing),gaussian,d7d73023-1258-3c47-44ee-6493877f23d1_111048_3.png,6383360,272158,7656,1169924,0.9155511571036195,0.8442548148775152,0.9988020684035215,0.8451105505896508,0.8496661218843425,0.9155511571036195,0.9726389673140015,0.18872574513793253,0.0011979315964785568,0.9,1.25
HistoKit (no postprocessing),gaussian,aedd99b7-9b77-3379-0a55-09f4124063bb_103758_4.png,4641716,122918,18775,300421,0.9667595162490935,0.9356577984048094,0.9959714545098359,0.9392123285938856,0.9372134788142011,0.9667595162490934,0.8674952185358487,0.29035359369205294,0.004028545490164019,0.9,1.25
HistoKit (no postprocessing),gaussian,8956f1ca-9d66-b2d7-8ef9-bd09fb590f4a_110204_1.png,6887059,3446135,572806,104365,0.9531411350226267,0.9104772065365543,0.9232149643458696,0.9850724258749004,0.9384969526441675,0.9531411350226268,0.8574733990869734,0.9706055485142938,0.07678503565413047,0.9,1.25
HistoKit (no postprocessing),gaussian,36c069a8-8f9e-b246-f3af-1b6cffe0751a_123150_2.png,4497161,357948,4188,1501083,0.8566353000540117,0.7492231482172559,0.9990696122429076,0.7497462590718217,0.7633363100946798,0.8566353000540116,0.9884352839817085,0.19254547126970986,0.0009303877570923739,0.9,1.25
HistoKit (no postprocessing),gaussian,4a12a0e8-253e-42bb-77ff-6e284ada3080_105659_3.png,811499,3468239,8759,26887,0.9785089506850174,0.9579221974986573,0.9893216524556908,0.9679300465418077,0.9917397849183294,0.9785089506850175,0.9974808728679165,0.9923072873481529,0.010678347544309229,0.9,1.25
HistoKit (no postprocessing),gaussian,67cf3804-696c-ef64-2d57-43ad0b86332a_122601_3.png,3091498,3891109,1129371,28910,0.8422234987182747,0.7274491214719636,0.7324316390771664,0.9907351859115859,0.8577205582486824,0.8422234987182747,0.775047206641596,0.9926250357460003,0.26756836092283365,0.9,1.25
HistoKit (no postprocessing),gaussian,5b6306df-eee5-32e5-a263-7c4b8cf32245_100047_4.png,5966152,357765,7528,20425,0.9976628428636609,0.9953365848612928,0.998739805279158,0.9965882005693738,0.9955992487251786,0.997662842863661,0.9793918854180069,0.9459927549644359,0.001260194720842094,0.9,1.25
HistoKit (no postprocessing),gaussian,103a5b47-1de4-c7ee-81eb-83cd201d2a51_131937_3.png,499419,9913639,22183,2445,0.9759366700994464,0.9530042152707677,0.9574714054010529,0.9951281622112763,0.9976404731853401,0.9759366700994463,0.9977673714364046,0.999753430890662,0.04252859459894709,0.9,1.25
HistoKit (no postprocessing),gaussian,042c1e4d-d1be-7f85-b2e1-b98e0b68f672_101215_2.png,0,16838015,158923,0,0.0,0.0,0.0,,0.9906499041180241,,0.9906499041180241,1.0,1.0,0.9,1.25
HistoKit (no postprocessing),gaussian,e4c17e5d-ca75-8d00-1c03-2c4b0f9dc6a7_131509_4.png,0,13277219,179639,0,0.0,0.0,0.0,,0.986650747150635,,0.986650747150635,1.0,1.0,0.9,1.25
HistoKit (no postprocessing),gaussian,46e107b0-7f41-8fd8-abd7-fbe9d0e935a4_133028_4.png,0,5749693,58865,0,0.0,0.0,0.0,,0.9898658152333161,,0.9898658152333161,1.0,1.0,0.9,1.25
HistoKit (no postprocessing),gaussian,78f7eac9-40c9-a096-07a4-a0166ddd84e8_103411_2.png,0,3789211,13217,0,0.0,0.0,0.0,,0.9965240630460327,,0.9965240630460327,1.0,1.0,0.9,1.25
HistoKit (no postprocessing),gaussian,d07adf84-9a4a-637f-4bfb-56af281dbf05_133243_1.png,3512442,886409,13550,9767,0.9966917799307937,0.9934053763279681,0.9961571098289502,0.9972270242907221,0.994727246906947,0.9966917799307936,0.9849437585490005,0.9891014711395976,0.003842890171049736,0.9,1.25
HistoKit (no postprocessing),gaussian,aedd99b7-9b77-3379-0a55-09f4124063bb_103758_3.png,2289159,1195202,384583,1400775,0.7194454903109461,0.5618234013994787,0.8561630104924111,0.6203793888996388,0.6612043260750715,0.7194454903109461,0.7565599116335451,0.4604054658419547,0.143836989507589,0.9,1.25
HistoKit (no postprocessing),gaussian,f4701930-c3d0-97f5-7529-fedf8cc9402a_110850_2.png,3822046,435775,8005,12400,0.9973377248369985,0.994689587453425,0.9979099495019779,0.9967661560496615,0.9952304997445203,0.9973377248369985,0.9819617828653837,0.9723322362916271,0.002090050498022089,0.9,1.25
HistoKit (no postprocessing),gaussian,c93efc84-bec7-4ba6-b526-5de46512cbba_100824_2.png,3118699,317745,1965,19136,0.9966284248028161,0.9932795082489331,0.9993703263151689,0.9939015276456538,0.9938971148603996,0.9966284248028162,0.993853805010791,0.9431965590223254,0.000629673684831177,0.9,1.25
HistoKit (no postprocessing),gaussian,18a7f9da-53be-2120-be0a-0738920b492f_101923_1.png,4384968,474075,9018,1993371,0.8141172866581727,0.6865074239626813,0.9979476493552779,0.6874780409131593,0.7081674787420469,0.8141172866581726,0.981332786854705,0.19213186428396,0.002052350644722127,0.9,1.25
HistoKit (no postprocessing),gaussian,adf4a334-3c2a-d6ae-0b72-c218c11535ea_115443_2.png,0,5710618,424902,0,0.0,0.0,0.0,,0.9307471901322137,,0.9307471901322137,1.0,1.0,0.9,1.25
HistoKit (no postprocessing),gaussian,8469f8e6-543f-6b82-f38a-8b184a96e4e9_104905_2.png,8343033,3911133,322644,160550,0.9718570282004,0.9452547504160045,0.9627675944995411,0.9811197232978146,0.9620648234799047,0.9718570282004,0.923792868637153,0.96056913075011,0.03723240550045888,0.9,1.25
HistoKit (no postprocessing),gaussian,103a5b47-1de4-c7ee-81eb-83cd201d2a51_131937_1.png,1390134,2671307,123590,4771,0.9558688990586287,0.9154682761550087,0.9183536760994738,0.9965796953914424,0.9693634687271618,0.9558688990586286,0.955780123560904,0.9982171670631425,0.08164632390052612,0.9,1.25
HistoKit (no postprocessing),gaussian,a2afe16d-3866-9541-f2c7-cc8ca97faf02_130229_1.png,1116592,6656349,23681,2178,0.9885531174041398,0.9773653312045768,0.9792321663320976,0.9980532191603279,0.9966842334718162,0.9885531174041396,0.9964549560406166,0.9996729006280218,0.020767833667902337,0.9,1.25
HistoKit (no postprocessing),gaussian,36c069a8-8f9e-b246-f3af-1b6cffe0751a_123150_1.png,2963601,197903,36131,1205557,0.8267949431501947,0.704731826992152,0.9879552573363221,0.7108392150165573,0.718002757999197,0.8267949431501947,0.8456164488920414,0.14101078762486996,0.012044742663677955,0.9,1.25
HistoKit (no postprocessing),gaussian,32e0aaf3-9973-5f67-ccc7-24d8d8604aa6_110737_7.png,0,4721397,150327,0,0.0,0.0,0.0,,0.9691429563743759,,0.9691429563743759,1.0,1.0,0.9,1.25
HistoKit (no postprocessing),gaussian,9761f929-4dae-801a-b291-ba7ecada0fc3_101038_2.png,5324289,215178,95456,276437,0.9662543461164228,0.9347118824503852,0.9823873632431046,0.950642648828027,0.9370884195853407,0.9662543461164228,0.6927058853827978,0.4376961646817123,0.017612636756895388,0.9,1.25
HistoKit (no postprocessing),gaussian,ed9d6e50-ec08-4213-59eb-4f99b1955e7c_103016_1.png,5245771,232311,14495,740366,0.9328797838740084,0.8742030839418248,0.9972444359277649,0.8763199038044067,0.8788917209735433,0.9328797838740083,0.9412696611913811,0.23883673614159684,0.0027555640722351305,0.9,1.25
HistoKit (no postprocessing),gaussian,cbe296c0-32ef-a6c0-58c3-7dcdd9f9743d_115103_2.png,2783559,1564159,2503276,44478,0.6860389171880962,0.5221150962248887,0.5265076364214129,0.984272482997924,0.6305178238705051,0.6860389171880962,0.3845566063133154,0.972350505427887,0.4734923635785872,0.9,1.25
HistoKit (no postprocessing),gaussian,9761f929-4dae-801a-b291-ba7ecada0fc3_101038_4.png,4969833,537201,4065,2479007,0.8001187821879524,0.6668316582594304,0.9991827335421836,0.6671955633360362,0.6892316572521066,0.8001187821879525,0.9924898293999623,0.17810475935346634,0.0008172664578163846,0.9,1.25
HistoKit (no postprocessing),gaussian,d7d73023-1258-3c47-44ee-6493877f23d1_111048_1.png,6117405,475793,105405,2277889,0.8369628509962714,0.7196355264431784,0.9830615107965694,0.7286707291013275,0.7344960592623488,0.8369628509962715,0.818641839786097,0.17278429390176497,0.016938489203430603,0.9,1.25
HistoKit (no postprocessing),gaussian,367a29b2-8f5a-4095-840e-86626c38d291_123703_3.png,4506056,1564187,56136,25311,0.9910434407474565,0.9822458971688955,0.98769538853253,0.994414268365374,0.9867602236133485,0.9910434407474566,0.9653550557512298,0.9840761045311162,0.012304611467470023,0.9,1.25
HistoKit (no postprocessing),gaussian,aedd99b7-9b77-3379-0a55-09f4124063bb_103758_1.png,18819165,4156777,1077803,677241,0.9554482436564078,0.9146968906556748,0.9458307919075911,0.9652632900648458,0.9290346126919484,0.9554482436564078,0.7940994310909376,0.8599010181592207,0.054169208092408855,0.9,1.25
HistoKit (no postprocessing),gaussian,16277008-7349-6ea9-1043-9abf63a9d11e_105523_1.png,1776955,252714,2597,961812,0.7865557965252121,0.6482010415253137,0.9985406439373505,0.6488156896880969,0.6778944970705506,0.7865557965252121,0.98982809201327,0.20807623714930762,0.0014593560626494759,0.9,1.25
HistoKit (no postprocessing),gaussian,78f7eac9-40c9-a096-07a4-a0166ddd84e8_103411_8.png,0,5947136,637204,0,0.0,0.0,0.0,,0.9032243170917662,,0.9032243170917662,1.0,1.0,0.9,1.25
HistoKit (no postprocessing),gaussian,37e97aba-1a30-28bd-be40-a79de2fca963_105321_2.png,3130320,870706,41926,16444,0.9907627935388613,0.9816946771244618,0.9867834966140709,0.9947743141843494,0.9856210135695064,0.9907627935388612,0.9540603441474768,0.9814642394183621,0.013216503385929087,0.9,1.25
HistoKit (no postprocessing),gaussian,7f0a6db3-032c-fd36-2371-511c4ae59038_115247_3.png,3631369,690311,2942,16348,0.997351012657463,0.99471602250443,0.9991904930535664,0.9955182926745688,0.995556292717987,0.9973510126574632,0.9957562390642377,0.9768657867514601,0.0008095069464335881,0.9,1.25
HistoKit (no postprocessing),gaussian,0f170c8e-9c83-6973-94f2-3858ac80f3dc_115930_5.png,7245683,287704,33444,369449,0.9729497788376045,0.9473244431381737,0.9954054929938714,0.9514848856198421,0.9492340240011693,0.9729497788376044,0.8958610983098135,0.43780367737802306,0.00459450700612862,0.9,1.25
HistoKit (no postprocessing),gaussian,c149f6be-4555-ddd6-581f-abc8aeab9698_132314_2.png,2875190,1596106,39841,23783,0.9890567670748076,0.9783504502156312,0.9863325638732486,0.9917960601909711,0.9859702045460559,0.9890567670748076,0.9756465215560162,0.9853181298224755,0.01366743612675131,0.9,1.25
HistoKit (no postprocessing),gaussian,d76874a4-c608-41cd-b260-c14f0dca935a_100643_5.png,0,3906352,23418,0,0.0,0.0,0.0,,0.994040872621044,,0.994040872621044,1.0,1.0,0.9,1.25
HistoKit (no postprocessing),gaussian,0f170c8e-9c83-6973-94f2-3858ac80f3dc_115930_4.png,5835051,363538,10053,1761622,0.8681963701674266,0.767090992892343,0.9982800990367323,0.7681061169804202,0.7777143893853453,0.8681963701674266,0.9730908935172421,0.17106382578252932,0.0017199009632677194,0.9,1.25
HistoKit (no postprocessing),gaussian,0a6bb222-fb92-5dbe-8347-47a6b9e62ff2_125049_3.png,4754820,332160,10380,1333233,0.8762018170957592,0.7796789765502056,0.9978217073784941,0.781008312509763,0.7910592382382153,0.8762018170957593,0.9696969696969697,0.1994484184814035,0.002178292621505918,0.9,1.25
HistoKit (no postprocessing),gaussian,d7d9e09c-5b48-9d63-55ef-dabd0e7bf5cd_123455_1.png,0,3263549,2511976,0,0.0,0.0,0.0,,0.5650653403803118,,0.5650653403803118,1.0,1.0,0.9,1.25
HistoKit (no postprocessing),gaussian,8469f8e6-543f-6b82-f38a-8b184a96e4e9_104905_3.png,5228003,715708,1227255,46402,0.8914157209802192,0.8041027983622644,0.8098828892663934,0.9912024199886054,0.823528881996872,0.8914157209802192,0.3683590474960151,0.939113776226529,0.19011711073360663,0.9,1.25
HistoKit (no postprocessing),gaussian,ed9d6e50-ec08-4213-59eb-4f99b1955e7c_103016_4.png,6692456,319947,94342,1853508,0.8729615707854853,0.774562382397105,0.9860991884538187,0.7831130578130214,0.7826121650806065,0.8729615707854853,0.7722797370917404,0.14720663643829754,0.013900811546181278,0.9,1.25
HistoKit (no postprocessing),gaussian,46e107b0-7f41-8fd8-abd7-fbe9d0e935a4_133028_5.png,0,11490429,48831,0,0.0,0.0,0.0,,0.9957682728355198,,0.9957682728355198,1.0,1.0,0.9,1.25
HistoKit (no postprocessing),gaussian,16277008-7349-6ea9-1043-9abf63a9d11e_105523_3.png,2785929,294198,14,481431,0.9204657358139845,0.852650783167155,0.9999949747715585,0.8526544366093727,0.8648223312627121,0.9204657358139846,0.999952415265183,0.3793024757970628,5.025228441500778e-06,0.9,1.25
HistoKit (no postprocessing),gaussian,4a12a0e8-253e-42bb-77ff-6e284ada3080_105659_4.png,4956448,6311363,11488,32008,0.995631349187537,0.9913007025678687,0.997687570854375,0.9935835857828554,0.9961546441980578,0.995631349187537,0.9981830980992593,0.9949541024795806,0.0023124291456250645,0.9,1.25
HistoKit (no postprocessing),gaussian,9761f929-4dae-801a-b291-ba7ecada0fc3_101038_3.png,8951888,1117664,44918,126541,0.9905141482254588,0.9812065681596897,0.9950073392712925,0.9860613548886046,0.9832576100152612,0.9905141482254587,0.961363585536332,0.8982956988599146,0.004992660728707499,0.9,1.25
HistoKit (no postprocessing),gaussian,15fe4c3f-571c-b45d-d559-12744253eeb9_122421_2.png,4247540,341231,2325,382264,0.9566888135132064,0.9169735989649683,0.9994529237987559,0.9174340857625939,0.9226701867550308,0.9566888135132063,0.993232544330473,0.47164251307887406,0.0005470762012440395,0.9,1.25
HistoKit (no postprocessing),gaussian,d7d9e09c-5b48-9d63-55ef-dabd0e7bf5cd_123455_4.png,0,16693247,928579,0,0.0,0.0,0.0,,0.9473051771138814,,0.9473051771138814,1.0,1.0,0.9,1.25
HistoKit (no postprocessing),gaussian,4c439187-b529-301f-82bf-3874dfa019f2_103211_2.png,2435418,1534325,58109,29612,0.9823091677679615,0.9652333858737073,0.9766960614422864,0.9879871644564163,0.9783803380633814,0.9823091677679615,0.9635093196955101,0.9810657334662458,0.023303938557713632,0.9,1.25
HistoKit (no postprocessing),gaussian,7f0a6db3-032c-fd36-2371-511c4ae59038_115247_1.png,3459983,1244308,164152,45305,0.970620764120743,0.9429185379785472,0.9547058815413885,0.9870752417490375,0.9573732718894009,0.9706207641207429,0.8834528492111952,0.9648693057529663,0.045294118458611504,0.9,1.25
HistoKit (no postprocessing),gaussian,d18df4a2-af46-984e-1fcb-35841267a2a7_132544_3.png,4380599,297313,1154,1498343,0.8538600942723665,0.744987666868024,0.9997366350864597,0.7451339033451937,0.7572611753568527,0.8538600942723665,0.9961335759062141,0.16557347287008203,0.00026336491354031136,0.9,1.25
HistoKit (no postprocessing),gaussian,efbb89df-e3ec-91fc-7f90-b36e0f9bf420_124740_1.png,4155445,458476,1306,183033,0.9783008792346858,0.957523461997187,0.9996858123086998,0.9578117026293552,0.9615821151834206,0.9783008792346857,0.9971595234263194,0.714683659933064,0.00031418769130024866,0.9,1.25
HistoKit (no postprocessing),gaussian,5b6306df-eee5-32e5-a263-7c4b8cf32245_100047_2.png,4207919,1009361,36849,20596,0.9932204554008169,0.9865322162422715,0.9913189601881658,0.9951292593262646,0.9891093848494471,0.9932204554008168,0.964778581737892,0.9800030486709639,0.008681039811834238,0.9,1.25
HistoKit (no postprocessing),gaussian,6fecdbd3-f25f-98e1-f3e7-fdc984783bf1_110414_1.png,10810107,2896699,656984,3042144,0.8539011005894229,0.7450501008495624,0.9427070038948849,0.7803863068897611,0.7874789138003166,0.8539011005894228,0.815125884891815,0.4877547697421872,0.05729299610511506,0.9,1.25
HistoKit (no postprocessing),gaussian,786743ed-e3ab-4cc3-3e88-4ee844fd6584_104341_2.png,6043380,2860167,14600,91693,0.9912824950404135,0.9827156663451861,0.9975899557278168,0.985054293567493,0.9882025651953864,0.9912824950404137,0.9949213275371535,0.9689372124694261,0.0024100442721831368,0.9,1.25
HistoKit (no postprocessing),gaussian,36686384-7dd5-47b9-9af9-593716a57c66_072643_8.png,0,4124215,743,0,0.0,0.0,0.0,,0.9998198769538987,,0.9998198769538987,1.0,1.0,0.9,1.25
HistoKit (no postprocessing),gaussian,4f8d8d4c-adc3-ed68-4f51-2bb95426a546_131620_1.png,5844697,1336609,18781,2597,0.9981745012199025,0.9963556551868157,0.9967969522525709,0.9995558629342052,0.9970319397602339,0.9981745012199025,0.9861434716207144,0.9980607912449616,0.0032030477474290857,0.9,1.25
HistoKit (no postprocessing),gaussian,adf4a334-3c2a-d6ae-0b72-c218c11535ea_115443_3.png,0,8082122,91060,0,0.0,0.0,0.0,,0.9888586844144668,,0.9888586844144668,1.0,1.0,0.9,1.25
HistoKit (no postprocessing),gaussian,6dacef70-8f47-e898-de47-4738667f2bb0_100303_2.png,5603812,372640,1520,1957132,0.8512372063292613,0.7410034613057331,0.9997288296215103,0.7411524275275679,0.7531661840853,0.8512372063292611,0.9959375668163353,0.15994698193642984,0.0002711703784896238,0.9,1.25
HistoKit (no postprocessing),gaussian,b04c2edc-8554-0391-20e3-62a3af357e5f_130945_4.png,3921008,365497,197025,1472862,0.824442385503721,0.7013202716201967,0.9521555558199752,0.7269378016155377,0.7196479009440614,0.8244423855037211,0.6497470321160772,0.19881698841194784,0.04784444418002479,0.9,1.25
HistoKit (no postprocessing),gaussian,e2bfe175-7bb7-d3b3-d437-ffbd60d747a4_123954_4.png,2032313,251321,1819,408499,0.9083076793810158,0.8320180166386163,0.999105761081385,0.8326380729036075,0.8476891941653006,0.9083076793810156,0.9928142529825393,0.38089327392319117,0.0008942389186149179,0.9,1.25
HistoKit (no postprocessing),gaussian,18a7f9da-53be-2120-be0a-0738920b492f_101923_2.png,3853370,180222,37165,311457,0.9567217463349257,0.9170341114404787,0.9904473292233588,0.925217301943154,0.9204461489101171,0.9567217463349257,0.8290376149447759,0.36654402567528815,0.00955267077664126,0.9,1.25
HistoKit (no postprocessing),gaussian,b04c2edc-8554-0391-20e3-62a3af357e5f_130945_2.png,10211657,500735,20095,2028073,0.9088547875925584,0.8329366039074783,0.9980360157282937,0.8343041063814316,0.8394923106822898,0.9088547875925584,0.9614173530710597,0.1980122650671779,0.0019639842717063508,0.9,1.25
HistoKit (no postprocessing),gaussian,7f0a6db3-032c-fd36-2371-511c4ae59038_115247_4.png,2872257,861012,7463,6638,0.9975513209339398,0.9951146046332436,0.9974084285972248,0.9976942542190667,0.9962370942821231,0.9975513209339398,0.991406776245718,0.9923494496628825,0.0025915714027752697,0.9,1.25
HistoKit (no postprocessing),gaussian,d18df4a2-af46-984e-1fcb-35841267a2a7_132544_1.png,7408841,162348,220297,860374,0.9320262293836349,0.8727051684478448,0.9711242606962937,0.8959545736808149,0.8750937948602959,0.9320262293836349,0.424278378131166,0.15874108506514967,0.028875739303706394,0.9,1.25
HistoKit (no postprocessing),gaussian,0f170c8e-9c83-6973-94f2-3858ac80f3dc_115930_1.png,5535372,259565,10178,700745,0.9396585389826414,0.8861848503793048,0.9981646545428317,0.8876311974262189,0.890725745712327,0.9396585389826414,0.9622677882280541,0.2702929262425675,0.0018353454571683602,0.9,1.25
HistoKit (no postprocessing),gaussian,0a6bb222-fb92-5dbe-8347-47a6b9e62ff2_125049_2.png,5795876,387598,41091,3602665,0.7608379057659252,0.6139938506077356,0.992960213754849,0.6166782695314091,0.6292184064075024,0.7608379057659252,0.9041472955919093,0.09713595319406265,0.007039786245150949,0.9,1.25
HistoKit (no postprocessing),gaussian,367a29b2-8f5a-4095-840e-86626c38d291_123703_1.png,12387130,6032854,191453,85703,0.9889365136086519,0.978115149957921,0.9847794461427014,0.9931288264662887,0.9851765564145104,0.9889365136086519,0.9692410737452378,0.9859929391848438,0.015220553857298553,0.9,1.25
HistoKit (no postprocessing),gaussian,76bd570a-7866-8dee-341c-c3f9290b76cf_114927_1.png,2606595,446806,36786,362192,0.9289084004612834,0.8672539312803249,0.9860837314030781,0.8780000047157307,0.8844338932660638,0.9289084004612834,0.9239317441148737,0.5522955557368497,0.013916268596921896,0.75,1.25
HistoKit (no postprocessing),gaussian,96e6b3f2-f43e-7954-4202-361d3af0da92_104636_1.png,4569522,236259,100680,402388,0.94782595348405,0.9008262051535804,0.9784420459757415,0.9190677224648073,0.9052397233373939,0.9478259534840499,0.7011922039300882,0.3699367569251871,0.02155795402425848,0.75,1.25
HistoKit (no postprocessing),gaussian,6fecdbd3-f25f-98e1-f3e7-fdc984783bf1_110414_2.png,7680325,756581,11200,2758859,0.8472172820158329,0.73493232401795,0.9985438518369244,0.7357208187919669,0.7528270142719282,0.847217282015833,0.9854125069518521,0.21521658739731014,0.001456148163075593,0.9,1.25
HistoKit (no postprocessing),gaussian,0a6bb222-fb92-5dbe-8347-47a6b9e62ff2_125049_1.png,5941606,227881,46047,1655973,0.8747154262805376,0.7773281947599215,0.9923096745920313,0.7820393838616222,0.7837745681989484,0.8747154262805376,0.8319010834963932,0.1209653189684551,0.007690325407968698,0.75,1.25
HistoKit (no postprocessing),gaussian,4c439187-b529-301f-82bf-3874dfa019f2_103211_1.png,5218674,2768240,6779,63587,0.9933033959622426,0.9866958843192716,0.9987026962064341,0.9879621624149204,0.9912667798562294,0.9933033959622426,0.9975571338430476,0.9775455915915767,0.00129730379356584,0.75,1.25
HistoKit (no postprocessing),gaussian,32e0aaf3-9973-5f67-ccc7-24d8d8604aa6_110737_5.png,0,5461910,11998,0,0.0,0.0,0.0,,0.997808147305362,,0.997808147305362,1.0,1.0,0.75,1.25
HistoKit (no postprocessing),gaussian,9761f929-4dae-801a-b291-ba7ecada0fc3_101038_1.png,5071330,269155,18296,989018,0.9096577265561336,0.834286396768753,0.9964052368484443,0.8368050811603558,0.841312870807661,0.9096577265561336,0.9363508911083976,0.213925271008041,0.003594763151555733,0.75,1.25
HistoKit (no postprocessing),gaussian,36c069a8-8f9e-b246-f3af-1b6cffe0751a_123150_5.png,2155983,343656,2195,1149035,0.789275361894393,0.6519032792868195,0.9989829383859904,0.6523362353851023,0.6846695951018785,0.7892753618943931,0.9936533362633041,0.23022581364796868,0.0010170616140095952,0.75,1.25
HistoKit (no postprocessing),gaussian,96e6b3f2-f43e-7954-4202-361d3af0da92_104636_4.png,3139782,361210,5656,1906243,0.7665985917289744,0.6215321197043123,0.9982018402524545,0.6222287840428853,0.6467878255815608,0.7665985917289745,0.9845829267361925,0.15930208917230038,0.0017981597475454929,0.75,1.25
HistoKit (no postprocessing),gaussian,d7d9e09c-5b48-9d63-55ef-dabd0e7bf5cd_123455_3.png,0,3206967,1704,0,0.0,0.0,0.0,,0.9994689390093282,,0.9994689390093282,1.0,1.0,0.75,1.25
HistoKit (no postprocessing),gaussian,0fcbbf47-bbbc-4a27-0d18-fe35bf99ccdb_133554_3.png,1465254,237839,5669,1186686,0.7107944164043287,0.5513429552654284,0.9961459573342725,0.5525215502613181,0.5881967142908455,0.7107944164043287,0.976719450695665,0.16696021480844492,0.0038540426657275736,0.75,1.25
HistoKit (no postprocessing),gaussian,db9f8afe-40d5-d8aa-882f-512377b755a1_120139_1.png,4176303,7619415,964091,216091,0.8761976034713035,0.7796723037589016,0.8124480341390173,0.9508033660004089,0.9090481585092364,0.8761976034713034,0.887680977912755,0.9724215640955415,0.18755196586098263,0.75,1.25
HistoKit (no postprocessing),gaussian,6fecdbd3-f25f-98e1-f3e7-fdc984783bf1_110414_3.png,2501138,762807,393671,795134,0.8079810294841886,0.6778256466292297,0.8640079535471943,0.7587777950363319,0.7330177979900062,0.8079810294841886,0.6595949079878736,0.48962508849821657,0.1359920464528057,0.75,1.25
HistoKit (no postprocessing),gaussian,db9f8afe-40d5-d8aa-882f-512377b755a1_120139_3.png,5401111,977989,207538,139262,0.9688941325974602,0.939665036567198,0.9629967929888285,0.9748641472334083,0.9484381272394773,0.9688941325974602,0.8249403008113692,0.8753529869295261,0.0370032070111715,0.75,1.25
HistoKit (no postprocessing),gaussian,aedd99b7-9b77-3379-0a55-09f4124063bb_103758_2.png,4886377,130483,24230,492434,0.9497868586930767,0.9043753323359938,0.9950657831099088,0.9084492836799806,0.9066302052724449,0.9497868586930768,0.8433874335059109,0.20947092469783293,0.004934216890091184,0.75,1.25
HistoKit (no postprocessing),gaussian,cbe296c0-32ef-a6c0-58c3-7dcdd9f9743d_115103_5.png,2850309,640948,50696,20193,0.9877174193845732,0.9757329013644402,0.9825246767930425,0.9929653419506413,0.980099355837745,0.9877174193845732,0.9267021762640896,0.9694573472224534,0.017475323206957587,0.75,1.25
HistoKit (no postprocessing),gaussian,ed9d6e50-ec08-4213-59eb-4f99b1955e7c_103016_3.png,9789696,207693,122162,478573,0.9702313568195087,0.9421838227884868,0.9876751664521425,0.9533930207710765,0.9433168549452714,0.9702313568195087,0.6296493913992511,0.3026421241909114,0.012324833547857525,0.75,1.25
HistoKit (no postprocessing),gaussian,e2bfe175-7bb7-d3b3-d437-ffbd60d747a4_123954_6.png,2148942,171248,3142,752597,0.850455999586831,0.739820310732917,0.998540019813353,0.740621442620623,0.7543054472323646,0.850455999586831,0.9819829118642124,0.18536442801552208,0.0014599801866469896,0.75,1.25
HistoKit (no postprocessing),gaussian,16277008-7349-6ea9-1043-9abf63a9d11e_105523_2.png,7122186,375971,894,1279643,0.9175172620979614,0.847604520582197,0.9998744924948196,0.8476947102827254,0.854131263716448,0.9175172620979615,0.9976277977525109,0.2270885604977972,0.00012550750518034335,0.75,1.25
HistoKit (no postprocessing),gaussian,042c1e4d-d1be-7f85-b2e1-b98e0b68f672_101215_1.png,3924976,589099,1444048,31437,0.8417784603552627,0.7267853614719187,0.7310408744680598,0.9920541662359313,0.7536571968558625,0.8417784603552627,0.2897473719312967,0.9493389585777456,0.26895912553194024,0.75,1.25
HistoKit (no postprocessing),gaussian,a2afe16d-3866-9541-f2c7-cc8ca97faf02_130229_2.png,1341734,2138620,26231,2085,0.9895581653996041,0.9793321411627313,0.9808248018041398,0.9984484517632211,0.9919297055579465,0.9895581653996041,0.9878832307627639,0.999026021801229,0.019175198195860273,0.75,1.25
HistoKit (no postprocessing),gaussian,15fe4c3f-571c-b45d-d559-12744253eeb9_122421_3.png,2486747,166222,631,185717,0.9638849406629117,0.930287550573399,0.9997463192164601,0.9305072023421083,0.934368723182371,0.9638849406629117,0.9962182280210724,0.47230343894822685,0.00025368078353993643,0.75,1.25
HistoKit (no postprocessing),gaussian,15fe4c3f-571c-b45d-d559-12744253eeb9_122421_1.png,4753046,1703008,220222,8766,0.9764780566775003,0.9540372466346074,0.9557188552879113,0.9981591041393486,0.965746213711148,0.9764780566775003,0.8854936747034936,0.9948789968769242,0.04428114471208871,0.75,1.25
HistoKit (no postprocessing),gaussian,73e02c87-178a-0dc6-cf2c-3f6aeb0c5685_124434_1.png,0,9308477,2064431,0,0.0,0.0,0.0,,0.8184781763819773,,0.8184781763819773,1.0,1.0,0.75,1.25
HistoKit (no postprocessing),gaussian,78f7eac9-40c9-a096-07a4-a0166ddd84e8_103411_4.png,0,3169483,2717,0,0.0,0.0,0.0,,0.9991434966269466,,0.9991434966269466,1.0,1.0,0.75,1.25
HistoKit (no postprocessing),gaussian,adf4a334-3c2a-d6ae-0b72-c218c11535ea_115443_6.png,0,5877543,52044,0,0.0,0.0,0.0,,0.9912229974870088,,0.9912229974870088,1.0,1.0,0.75,1.25
HistoKit (no postprocessing),gaussian,adf4a334-3c2a-d6ae-0b72-c218c11535ea_115443_5.png,0,5527638,29082,0,0.0,0.0,0.0,,0.9947663369757699,,0.9947663369757699,1.0,1.0,0.75,1.25
HistoKit (no postprocessing),gaussian,46e107b0-7f41-8fd8-abd7-fbe9d0e935a4_133028_1.png,0,8917346,344910,0,0.0,0.0,0.0,,0.9627617720779905,,0.9627617720779905,1.0,1.0,0.75,1.25
HistoKit (no postprocessing),gaussian,15fe4c3f-571c-b45d-d559-12744253eeb9_122421_5.png,3474724,267519,3147,839322,0.8918791101085908,0.8048572301493123,0.9990951360760649,0.8054443554843875,0.8162438556663973,0.8918791101085908,0.9883731240717342,0.24169596175060373,0.0009048639239350741,0.75,1.25
HistoKit (no postprocessing),gaussian,f010c097-faf6-f2df-c82a-aca0270a9814_110553_3.png,543656,4196936,126765,1073,0.8947965271777147,0.8096215304976664,0.8109173191173904,0.9980302131885763,0.9737414320427735,0.8947965271777147,0.9706813676523885,0.9997444026442058,0.18908268088260957,0.75,1.25
HistoKit (no postprocessing),gaussian,adf4a334-3c2a-d6ae-0b72-c218c11535ea_115443_8.png,0,7392133,9458,0,0.0,0.0,0.0,,0.9987221666260673,,0.9987221666260673,1.0,1.0,0.75,1.25
HistoKit (no postprocessing),gaussian,4a12a0e8-253e-42bb-77ff-6e284ada3080_105659_1.png,1899601,1425899,12879,21681,0.9909853558984622,0.982131787374474,0.9932658119300594,0.9887153473566087,0.9897144693844753,0.9909853558984622,0.9910486537881452,0.9850225894251095,0.0067341880699406005,0.75,1.25
HistoKit (no postprocessing),gaussian,c149f6be-4555-ddd6-581f-abc8aeab9698_132314_1.png,3643207,2091513,110355,90645,0.9731549504274773,0.947713533636456,0.9705999261501476,0.9757234619904592,0.9661372167150741,0.9731549504274773,0.9498811917880636,0.9584608447234343,0.029400073849852486,0.75,1.25
HistoKit (no postprocessing),gaussian,f4701930-c3d0-97f5-7529-fedf8cc9402a_110850_3.png,2346798,427276,791,7057,0.9983307256238722,0.9966670149143438,0.9996630585677476,0.9970019393717965,0.997178928812526,0.9983307256238723,0.9981521584237981,0.983752098044588,0.0003369414322524087,0.75,1.25
HistoKit (no postprocessing),gaussian,e4c17e5d-ca75-8d00-1c03-2c4b0f9dc6a7_131509_7.png,0,4765231,82967,0,0.0,0.0,0.0,,0.9828870438047291,,0.9828870438047291,1.0,1.0,0.75,1.25
HistoKit (no postprocessing),gaussian,e2bfe175-7bb7-d3b3-d437-ffbd60d747a4_123954_3.png,4693432,275806,11405,672167,0.9321209131362336,0.8728712122959179,0.9975758990162678,0.8747265682731789,0.87907394729347,0.9321209131362337,0.9602905181208241,0.290942885504123,0.002424100983732274,0.75,1.25
HistoKit (no postprocessing),gaussian,5b6306df-eee5-32e5-a263-7c4b8cf32245_100047_3.png,6701557,566171,18569,45055,0.9952754705705271,0.9905953735753708,0.9972368077622354,0.9933218332401508,0.9913216552690418,0.9952754705705271,0.9682440058829566,0.9262874943147053,0.0027631922377645895,0.75,1.25
HistoKit (no postprocessing),gaussian,78f7eac9-40c9-a096-07a4-a0166ddd84e8_103411_6.png,0,6294649,525271,0,0.0,0.0,0.0,,0.9229798883271358,,0.9229798883271358,1.0,1.0,0.75,1.25
HistoKit (no postprocessing),gaussian,6dacef70-8f47-e898-de47-4738667f2bb0_100303_3.png,3042178,198674,40,445294,0.9317985999335343,0.8723061024592891,0.9999868516983332,0.8723161074841604,0.8791884077471945,0.9317985999335343,0.9997987056775064,0.30851532995428343,1.3148301666744461e-05,0.75,1.25
HistoKit (no postprocessing),gaussian,67cf3804-696c-ef64-2d57-43ad0b86332a_122601_2.png,6009817,4361687,11560,78431,0.9925686385829454,0.9852469126897109,0.9980801733556959,0.9871176404114944,0.9913978833809126,0.9925686385829454,0.997356655135189,0.982335829813532,0.0019198266443041184,0.75,1.25
HistoKit (no postprocessing),gaussian,18a7f9da-53be-2120-be0a-0738920b492f_101923_4.png,8371635,249192,74524,1554141,0.9113503830706999,0.8371383858484246,0.9911765809760389,0.8434237282807914,0.8410979783193158,0.9113503830706999,0.7697858616812268,0.13818412905436767,0.00882341902396107,0.75,1.25
HistoKit (no postprocessing),gaussian,67cf3804-696c-ef64-2d57-43ad0b86332a_122601_1.png,21258076,12308554,7983191,755600,0.8295034490624641,0.7086765427869517,0.7269888818429106,0.9656758825740871,0.7934356686817985,0.829503449062464,0.6065793750118583,0.9421623474432405,0.27301111815708945,0.9,1.25
HistoKit (no postprocessing),gaussian,d7d73023-1258-3c47-44ee-6493877f23d1_111048_2.png,6573228,423410,21646,711060,0.9472081959991533,0.8997108377929502,0.9967177538191025,0.9023844197264029,0.9052046331486864,0.9472081959991532,0.9513634239286741,0.37322273837122183,0.0032822461808974667,0.75,1.25
HistoKit (no postprocessing),gaussian,2852fafe-6f36-4c12-47aa-96e73b433b3f_123004_2.png,2490099,1109193,5493,96113,0.9800059191578424,0.9607956924109804,0.9977989190540761,0.9628363800028767,0.9725455821803248,0.9800059191578424,0.9950721548489888,0.9202584240018717,0.002201080945923853,0.75,1.25
HistoKit (no postprocessing),gaussian,7fcfd7e6-a936-d1a4-6766-2f191e54690d_131809_1.png,3150373,255035,6370,725257,0.8959629985497072,0.8115334878928387,0.9979820973706127,0.8128673273764524,0.8231518466727983,0.8959629985497072,0.9756316826380521,0.2601622781783387,0.0020179026293873146,0.75,1.25
HistoKit (no postprocessing),gaussian,f4701930-c3d0-97f5-7529-fedf8cc9402a_110850_4.png,2531871,506458,3685,31756,0.9930496708982596,0.9861952890805636,0.9985466698428274,0.9876128625576186,0.9884698594885108,0.9930496708982596,0.992776535206795,0.9409974471121153,0.001453330157172628,0.75,1.25
HistoKit (no postprocessing),gaussian,eb22b9cd-e52e-fa2d-85a8-60a50dc5a7c4_102757_1.png,2189634,586154,20284,30609,0.9885121556530339,0.977285254763723,0.9908213788927915,0.9862136712062598,0.9819954922398388,0.9885121556530337,0.9665522279276695,0.9503715365545599,0.009178621107208502,0.75,1.25
HistoKit (no postprocessing),gaussian,78f7eac9-40c9-a096-07a4-a0166ddd84e8_103411_1.png,0,2769128,4632,0,0.0,0.0,0.0,,0.9983300646054453,,0.9983300646054453,1.0,1.0,0.75,1.25
HistoKit (no postprocessing),gaussian,adf4a334-3c2a-d6ae-0b72-c218c11535ea_115443_4.png,0,4432586,3003010,0,0.0,0.0,0.0,,0.5961305590029367,,0.5961305590029367,1.0,1.0,0.75,1.25
HistoKit (no postprocessing),gaussian,0a6bb222-fb92-5dbe-8347-47a6b9e62ff2_125049_4.png,7491587,475740,12994,6109092,0.7099260563480384,0.5502987327519914,0.9982685242520535,0.5508244845716894,0.5654832461792411,0.7099260563480383,0.9734129403724725,0.07224785689293212,0.0017314757479464876,0.75,1.25
HistoKit (no postprocessing),gaussian,db9f8afe-40d5-d8aa-882f-512377b755a1_120139_2.png,3008359,1929546,80473,57365,0.9776039083891673,0.9561890116861722,0.9739471101050494,0.9812882699160134,0.972843778733478,0.9776039083891674,0.9599640600412235,0.9711285508007153,0.02605288989495058,0.75,1.25
HistoKit (no postprocessing),gaussian,f569a03d-b1d7-9121-59cf-f65992813d75_131224_1.png,0,4299367,69539,0,0.0,0.0,0.0,,0.9840832006914316,,0.9840832006914316,1.0,1.0,0.75,1.25
HistoKit (no postprocessing),gaussian,18a7f9da-53be-2120-be0a-0738920b492f_101923_3.png,11697753,135331,80595,445657,0.9780011151354344,0.9569492977138017,0.9931573595889678,0.9633005062004824,0.957420689914086,0.9780011151354344,0.6267471263303168,0.23293252184210345,0.006842640411032175,0.75,1.25
HistoKit (no postprocessing),gaussian,98491719-8df8-3c0a-7325-de39c48b2a96_133826_2.png,2683187,1626064,104929,50630,0.9718288867322367,0.9452015079897955,0.9623656261073786,0.9814801063860529,0.965158875741633,0.9718288867322368,0.9393821927645,0.9698036731806757,0.0376343738926214,0.75,1.25
HistoKit (no postprocessing),gaussian,0823ec0e-9dd5-2324-aa8d-fe8db13ea4cd_103937_1.png,1450834,4085044,19705,44089,0.9784876690377419,0.9578814071838101,0.986600151373068,0.9705075110891999,0.988607547013468,0.9784876690377419,0.9951994628660608,0.9893224558278941,0.01339984862693203,0.75,1.25
HistoKit (no postprocessing),gaussian,2852fafe-6f36-4c12-47aa-96e73b433b3f_123004_1.png,2182653,2836357,35485,37438,0.9835693471427455,0.96766989895264,0.9840023479152334,0.9831367272782963,0.9856787196532241,0.9835693471427456,0.9876438188451871,0.9869726267879233,0.015997652084766594,0.75,1.25
HistoKit (no postprocessing),gaussian,46e107b0-7f41-8fd8-abd7-fbe9d0e935a4_133028_6.png,0,5246779,30676,0,0.0,0.0,0.0,,0.9941873497737073,,0.9941873497737073,1.0,1.0,0.75,1.25
HistoKit (no postprocessing),gaussian,8956f1ca-9d66-b2d7-8ef9-bd09fb590f4a_110204_2.png,6243303,1444300,153847,409804,0.9568092030678017,0.9171948275249105,0.9759506967946664,0.9384041170538817,0.9316890499310772,0.9568092030678017,0.903734137097526,0.7789746421991431,0.024049303205333626,0.75,1.25
HistoKit (no postprocessing),gaussian,8469f8e6-543f-6b82-f38a-8b184a96e4e9_104905_1.png,8830336,8619137,6258640,160004,0.7334374448177847,0.5790771579476135,0.5852177112615197,0.9822026753159502,0.7310787440835823,0.7334374448177846,0.5793296270000552,0.9817745266877477,0.41478228873848033,0.75,1.25
HistoKit (no postprocessing),gaussian,36c069a8-8f9e-b246-f3af-1b6cffe0751a_123150_4.png,3258352,199257,77235,1227516,0.8331830842215419,0.7140649685093674,0.9768451549907108,0.7263593132923216,0.7260284816771516,0.833183084221542,0.7206609956165096,0.13965571257656265,0.02315484500928922,0.75,1.25
HistoKit (no postprocessing),gaussian,36c069a8-8f9e-b246-f3af-1b6cffe0751a_123150_3.png,6234835,354347,3484,2008710,0.8610542123582986,0.7560098309342673,0.9994415162161473,0.7563293461732786,0.7660613836669854,0.8610542123582987,0.9902635601722601,0.14995279419836255,0.0005584837838526693,0.75,1.25
HistoKit (no postprocessing),gaussian,6dacef70-8f47-e898-de47-4738667f2bb0_100303_1.png,8027056,337304,12187,1664781,0.9054221175472673,0.8271883911251662,0.9984840612480553,0.8282285391304043,0.8329934048564094,0.9054221175472673,0.965129288021723,0.1684763633911647,0.0015159387519446794,0.75,1.25
HistoKit (no postprocessing),gaussian,18a7f9da-53be-2120-be0a-0738920b492f_101923_5.png,6845418,412528,4290,1626554,0.8935597140783518,0.8075986797010286,0.9993736959298118,0.8080076279761076,0.8165280088740987,0.8935597140783518,0.9897077381495041,0.20231064763457282,0.0006263040701881015,0.75,1.25
HistoKit (no postprocessing),gaussian,c93efc84-bec7-4ba6-b526-5de46512cbba_100824_1.png,7390613,880752,25446,32294,0.9961088933015952,0.9922479506543259,0.9965687975243994,0.9956494133632551,0.9930676825421219,0.9961088933015952,0.971920043963902,0.9646304786396305,0.0034312024756005853,0.75,1.25
HistoKit (no postprocessing),gaussian,e2bfe175-7bb7-d3b3-d437-ffbd60d747a4_123954_2.png,3872816,175669,50113,165602,0.9729047107229467,0.9472389961088714,0.9872256163698094,0.9589933483854322,0.9494125510060504,0.9729047107229469,0.7780469656571383,0.51474927550246,0.012774383630190605,0.75,1.25
HistoKit (no postprocessing),gaussian,0f170c8e-9c83-6973-94f2-3858ac80f3dc_115930_3.png,6412576,350188,44222,733126,0.9428525638669363,0.8918836972407497,0.9931510943969442,0.8974032222446444,0.8969049796607795,0.9428525638669363,0.8878780963971502,0.3232562304188813,0.00684890560305588,0.75,1.25
HistoKit (no postprocessing),gaussian,103a5b47-1de4-c7ee-81eb-83cd201d2a51_131937_2.png,2679300,1752009,125085,16416,0.9742730178954896,0.949836588968878,0.9553966377654994,0.9939103377358742,0.969056007137843,0.9742730178954896,0.9333624208483965,0.9907171635777599,0.044603362234500614,0.75,1.25
HistoKit (no postprocessing),gaussian,d18df4a2-af46-984e-1fcb-35841267a2a7_132544_2.png,8525961,137269,131558,290937,0.9758220832202871,0.952785709624096,0.9848041915934577,0.96700234027886,0.9534990328234676,0.9758220832202871,0.5106220729316624,0.32056767070055064,0.015195808406542336,0.75,1.25
HistoKit (no postprocessing),gaussian,36c069a8-8f9e-b246-f3af-1b6cffe0751a_123150_2.png,4511886,357924,4212,1486358,0.8582345904289589,0.7516733150563703,0.9990673364484118,0.7522011442015363,0.7656476499831771,0.8582345904289588,0.9883690105374776,0.1940722731122464,0.0009326635515881187,0.75,1.25
HistoKit (no postprocessing),gaussian,d7d73023-1258-3c47-44ee-6493877f23d1_111048_3.png,6370035,272127,7687,1183249,0.9145118450167921,0.8424890136465277,0.9987947107133237,0.8433464172669795,0.8479610493830155,0.9145118450167922,0.9725281794334808,0.1869805466078869,0.00120528928667634,0.75,1.25
HistoKit (no postprocessing),gaussian,8956f1ca-9d66-b2d7-8ef9-bd09fb590f4a_110204_1.png,6912410,3442111,576830,79014,0.95470898295824,0.9133427604306092,0.9229788336333192,0.9886984396883954,0.9404339456503031,0.95470898295824,0.8564721402976555,0.9775600127800064,0.07702116636668073,0.75,1.25
HistoKit (no postprocessing),gaussian,aedd99b7-9b77-3379-0a55-09f4124063bb_103758_4.png,4642905,121739,19954,299232,0.9667687524284237,0.9356751014844347,0.9957206512142014,0.9394529127784196,0.9372154458351283,0.9667687524284237,0.8591744122857163,0.28918619097277487,0.004279348785798584,0.75,1.25
HistoKit (no postprocessing),gaussian,67cf3804-696c-ef64-2d57-43ad0b86332a_122601_3.png,3072376,3889147,1131333,48032,0.8389751283328761,0.7226159824881149,0.7308726650679198,0.9846071411174436,0.8551306687919058,0.8389751283328761,0.774656407355472,0.987800402267715,0.26912733493208024,0.75,1.25
HistoKit (no postprocessing),gaussian,5b6306df-eee5-32e5-a263-7c4b8cf32245_100047_4.png,5965634,357876,7417,20943,0.9976286887853033,0.9952685971991296,0.9987582560403385,0.9965016736609251,0.9955351731065025,0.9976286887853033,0.9796957510820081,0.9447150222137749,0.0012417439596614861,0.75,1.25
HistoKit (no postprocessing),gaussian,103a5b47-1de4-c7ee-81eb-83cd201d2a51_131937_3.png,500390,9912800,23022,1474,0.9761078968004713,0.9533308185015413,0.9560155288759142,0.9970629493249167,0.9976531196665621,0.9761078968004713,0.9976829295049771,0.9998513254727477,0.04398447112408581,0.75,1.25
HistoKit (no postprocessing),gaussian,e4c17e5d-ca75-8d00-1c03-2c4b0f9dc6a7_131509_4.png,0,12979608,477250,0,0.0,0.0,0.0,,0.9645348119152332,,0.9645348119152332,1.0,1.0,0.75,1.25
HistoKit (no postprocessing),gaussian,4a12a0e8-253e-42bb-77ff-6e284ada3080_105659_3.png,807038,3466583,10415,31348,0.9747783449961017,0.9507976545739225,0.9872592063396917,0.962609108453624,0.9903222980851762,0.9747783449961016,0.997004599945125,0.99103813082648,0.0127407936603083,0.75,1.25
HistoKit (no postprocessing),gaussian,042c1e4d-d1be-7f85-b2e1-b98e0b68f672_101215_2.png,0,16678662,318276,0,0.0,0.0,0.0,,0.9812745095616634,,0.9812745095616634,1.0,1.0,0.75,1.25
HistoKit (no postprocessing),gaussian,d07adf84-9a4a-637f-4bfb-56af281dbf05_133243_1.png,3511822,886319,13640,10387,0.9965907886449297,0.9932047437546117,0.9961310035393943,0.9970509983933378,0.9945666921745171,0.9965907886449296,0.9848437539932374,0.9884164932541992,0.0038689964606057306,0.75,1.25
HistoKit (no postprocessing),gaussian,78f7eac9-40c9-a096-07a4-a0166ddd84e8_103411_2.png,0,3792954,9474,0,0.0,0.0,0.0,,0.997508434084748,,0.997508434084748,1.0,1.0,0.75,1.25
HistoKit (no postprocessing),gaussian,46e107b0-7f41-8fd8-abd7-fbe9d0e935a4_133028_4.png,0,5752294,56264,0,0.0,0.0,0.0,,0.9903136027909164,,0.9903136027909164,1.0,1.0,0.75,1.25
HistoKit (no postprocessing),gaussian,aedd99b7-9b77-3379-0a55-09f4124063bb_103758_3.png,2382072,1182414,397371,1307862,0.7364146501278253,0.5827977114504546,0.8570321463688948,0.6455595140726095,0.6764091216248912,0.7364146501278253,0.7484651392436312,0.4748124304293982,0.14296785363110523,0.75,1.25
HistoKit (no postprocessing),gaussian,c93efc84-bec7-4ba6-b526-5de46512cbba_100824_2.png,3117670,317916,1794,20165,0.9964906583495531,0.9930058615205809,0.9994249012009756,0.993573594532536,0.9936489619079434,0.9964906583495531,0.9943886647274092,0.9403545304231826,0.0005750987990244478,0.75,1.25
HistoKit (no postprocessing),gaussian,18a7f9da-53be-2120-be0a-0738920b492f_101923_1.png,4433818,474388,8705,1944521,0.8194944173578778,0.6941893620898807,0.9980405278712119,0.6951367746367824,0.7153326011246632,0.8194944173578778,0.981980695228455,0.1961165136844751,0.001959472128788078,0.75,1.25
HistoKit (no postprocessing),gaussian,f4701930-c3d0-97f5-7529-fedf8cc9402a_110850_2.png,3818553,435865,7915,15893,0.9968922768223217,0.9938038096888866,0.9979315128207005,0.9958552030723604,0.9944350765948315,0.9968922768223217,0.982164586056154,0.9648196600834961,0.0020684871792995526,0.75,1.25
HistoKit (no postprocessing),gaussian,adf4a334-3c2a-d6ae-0b72-c218c11535ea_115443_2.png,0,5954058,181462,0,0.0,0.0,0.0,,0.9704243487104598,,0.9704243487104598,1.0,1.0,0.75,1.25
HistoKit (no postprocessing),gaussian,103a5b47-1de4-c7ee-81eb-83cd201d2a51_131937_1.png,1389648,2669087,125810,5257,0.9549654115311389,0.9138122527889841,0.9169821928420319,0.9962312845677662,0.968717614818075,0.9549654115311389,0.9549858187976158,0.9980342842955132,0.08301780715796808,0.75,1.25
HistoKit (no postprocessing),gaussian,8469f8e6-543f-6b82-f38a-8b184a96e4e9_104905_2.png,8336844,3924631,309146,166739,0.9722509126028969,0.946000268475293,0.9642440021327806,0.9803919124444367,0.9626386472550041,0.9722509126028969,0.9269810384439238,0.959246169376028,0.03575599786721937,0.75,1.25
HistoKit (no postprocessing),gaussian,9761f929-4dae-801a-b291-ba7ecada0fc3_101038_2.png,5181821,230347,80287,418905,0.9540458778988982,0.9121297557319443,0.9847424264192222,0.9252052323216668,0.9155537811941753,0.9540458778988983,0.7415382733377544,0.3547882794354118,0.015257573580777893,0.75,1.25
HistoKit (no postprocessing),gaussian,a2afe16d-3866-9541-f2c7-cc8ca97faf02_130229_1.png,1113671,6655631,24399,5099,0.986929512061112,0.9741962911870423,0.9785610726932438,0.9954423161150192,0.9962176232240858,0.9869295120611119,0.9963474714933915,0.9992344682940159,0.021438927306756176,0.75,1.25
HistoKit (no postprocessing),gaussian,36c069a8-8f9e-b246-f3af-1b6cffe0751a_123150_1.png,3112873,198118,35916,1056285,0.8507503538902372,0.7402659263546848,0.988593710153332,0.7466430871653221,0.7519524472246497,0.8507503538902372,0.8465351188288881,0.15793807891084444,0.011406289846668036,0.75,1.25
HistoKit (no postprocessing),gaussian,32e0aaf3-9973-5f67-ccc7-24d8d8604aa6_110737_7.png,0,4631407,240317,0,0.0,0.0,0.0,,0.9506710560778895,,0.9506710560778895,1.0,1.0,0.75,1.25
HistoKit (no postprocessing),gaussian,aedd99b7-9b77-3379-0a55-09f4124063bb_103758_1.png,18712674,4177451,1057129,783732,0.9531184433923835,0.9104357960808201,0.9465280964104701,0.9598012064377404,0.9255645933405162,0.9531184433923836,0.7980489361133081,0.8420271939172572,0.053471903589529954,0.75,1.25
HistoKit (no postprocessing),gaussian,cbe296c0-32ef-a6c0-58c3-7dcdd9f9743d_115103_2.png,2753827,1690765,2376670,74210,0.6920437859535437,0.5291031752603941,0.5367563805221989,0.9737591834901735,0.6445667533709077,0.6920437859535438,0.4156833483509878,0.9579540786696695,0.46324361947780107,0.75,1.25
HistoKit (no postprocessing),gaussian,d7d73023-1258-3c47-44ee-6493877f23d1_111048_1.png,6081848,474825,106373,2313446,0.8340716212792321,0.7153712324888755,0.9828104070620619,0.724435380106998,0.7304270978016802,0.8340716212792321,0.8169763144401736,0.170293705310567,0.01718959293793806,0.75,1.25
HistoKit (no postprocessing),gaussian,9761f929-4dae-801a-b291-ba7ecada0fc3_101038_4.png,5124355,537268,3998,2324485,0.8148646522320203,0.6875709629003073,0.9992204124794062,0.6879400013961905,0.708579210338386,0.8148646522320203,0.9926136132696308,0.1877408707180529,0.0007795875205938436,0.75,1.25
HistoKit (no postprocessing),gaussian,367a29b2-8f5a-4095-840e-86626c38d291_123703_3.png,4504375,1562526,57797,26992,0.9906759073667579,0.9815240858683629,0.9873312536221782,0.9940432986337235,0.9862169582667527,0.9906759073667579,0.9643299514973249,0.9830187515963958,0.012668746377821791,0.75,1.25
HistoKit (no postprocessing),gaussian,16277008-7349-6ea9-1043-9abf63a9d11e_105523_1.png,1997397,250587,4724,741370,0.8426256853146499,0.7280494085819855,0.9976405022473667,0.7293051946368566,0.7508100991356939,0.8426256853146498,0.9814970761150127,0.2526188131138749,0.0023594977526333323,0.75,1.25
HistoKit (no postprocessing),gaussian,ed9d6e50-ec08-4213-59eb-4f99b1955e7c_103016_1.png,5228782,227849,18957,757355,0.9308954451695924,0.8707244216327005,0.9963875871113255,0.8734818464729424,0.8754501685640315,0.9308954451695924,0.9231906841810977,0.23127088399965895,0.003612412888674532,0.75,1.25
HistoKit (no postprocessing),gaussian,78f7eac9-40c9-a096-07a4-a0166ddd84e8_103411_8.png,0,6082272,502068,0,0.0,0.0,0.0,,0.9237481661032085,,0.9237481661032085,1.0,1.0,0.75,1.25
HistoKit (no postprocessing),gaussian,37e97aba-1a30-28bd-be40-a79de2fca963_105321_2.png,3138125,871200,41432,8639,0.9920852893806685,0.9842948802394834,0.9869692538929166,0.9972546400047795,0.9876654063806537,0.9920852893806685,0.9546016357085879,0.9901811581437059,0.013030746107083472,0.75,1.25
HistoKit (no postprocessing),gaussian,7f0a6db3-032c-fd36-2371-511c4ae59038_115247_3.png,3629712,689840,3413,18005,0.9970583072672089,0.9941338708838086,0.9990605883364871,0.9950640359435778,0.9950660797010806,0.9970583072672089,0.9950768334215647,0.9745636403449908,0.0009394116635128161,0.75,1.25
HistoKit (no postprocessing),gaussian,0f170c8e-9c83-6973-94f2-3858ac80f3dc_115930_5.png,7170910,276212,44936,444222,0.9670178190541446,0.9361418201509438,0.9937725943707779,0.9416658831389922,0.9383643218233227,0.9670178190541447,0.8600769738562906,0.38339667478214523,0.006227405629222131,0.75,1.25
HistoKit (no postprocessing),gaussian,c149f6be-4555-ddd6-581f-abc8aeab9698_132314_2.png,2875164,1598473,37474,23809,0.9894550753655054,0.9791302209779369,0.9871340001744123,0.9917870914975752,0.9864864209291454,0.9894550753655054,0.9770933899447842,0.9853237599874745,0.012865999825587664,0.75,1.25
HistoKit (no postprocessing),gaussian,d76874a4-c608-41cd-b260-c14f0dca935a_100643_5.png,0,3913908,15862,0,0.0,0.0,0.0,,0.9959636314593475,,0.9959636314593475,1.0,1.0,0.75,1.25
HistoKit (no postprocessing),gaussian,0f170c8e-9c83-6973-94f2-3858ac80f3dc_115930_4.png,5993782,362838,10753,1602891,0.8813602438842197,0.7878856790720015,0.9982091868895759,0.7890009218509207,0.7975419634782487,0.8813602438842196,0.97121718670953,0.1845819032023234,0.0017908131104240378,0.75,1.25
HistoKit (no postprocessing),gaussian,0a6bb222-fb92-5dbe-8347-47a6b9e62ff2_125049_3.png,4727064,330633,11907,1360989,0.8731972885623972,0.7749336061220073,0.997487429233055,0.7764492194795282,0.7865055368921653,0.8731972885623972,0.9652390961639516,0.1954532395535173,0.002512570766944976,0.75,1.25
HistoKit (no postprocessing),gaussian,8469f8e6-543f-6b82-f38a-8b184a96e4e9_104905_3.png,5245211,641490,1301473,29194,0.8874327906675942,0.7976442081194328,0.801201188265693,0.9944649680864477,0.8156298805880482,0.8874327906675941,0.33016068756842,0.9564713039225626,0.19879881173430702,0.75,1.25
HistoKit (no postprocessing),gaussian,ed9d6e50-ec08-4213-59eb-4f99b1955e7c_103016_4.png,6674749,326354,87935,1871215,0.8720233164940496,0.7730862962376558,0.9869970266243403,0.7810410855931526,0.7813510399762149,0.8720233164940496,0.7877447868516905,0.14850682731691245,0.013002973375659723,0.75,1.25
HistoKit (no postprocessing),gaussian,46e107b0-7f41-8fd8-abd7-fbe9d0e935a4_133028_5.png,0,11481496,57764,0,0.0,0.0,0.0,,0.994994133072658,,0.994994133072658,1.0,1.0,0.75,1.25
HistoKit (no postprocessing),gaussian,d7d9e09c-5b48-9d63-55ef-dabd0e7bf5cd_123455_1.png,0,3057289,2718236,0,0.0,0.0,0.0,,0.5293525696798127,,0.5293525696798127,1.0,1.0,0.75,1.25
HistoKit (no postprocessing),gaussian,16277008-7349-6ea9-1043-9abf63a9d11e_105523_3.png,2803142,293427,785,464218,0.923409484677631,0.8577165333851466,0.9997200355073438,0.8579226041819695,0.8694388320662898,0.923409484677631,0.9973318559406142,0.38728824185469446,0.00027996449265619254,0.75,1.25
HistoKit (no postprocessing),gaussian,4a12a0e8-253e-42bb-77ff-6e284ada3080_105659_4.png,4953852,6309598,13253,34604,0.9951929378967193,0.9904318703867018,0.9973318462162567,0.9930631842798654,0.9957691007767714,0.9951929378967194,0.9979039518723437,0.9945455709008004,0.002668153783743247,0.75,1.25
HistoKit (no postprocessing),gaussian,d7d9e09c-5b48-9d63-55ef-dabd0e7bf5cd_123455_4.png,0,16420137,1201689,0,0.0,0.0,0.0,,0.9318067832470937,,0.9318067832470937,1.0,1.0,0.75,1.25
HistoKit (no postprocessing),gaussian,15fe4c3f-571c-b45d-d559-12744253eeb9_122421_2.png,4223156,339600,3956,406648,0.9536402964643675,0.9113885915541591,0.9990641364600701,0.9121673401293013,0.9174393166792671,0.9536402964643674,0.9884851377941296,0.45507659652019167,0.0009358635399298623,0.75,1.25
HistoKit (no postprocessing),gaussian,4c439187-b529-301f-82bf-3874dfa019f2_103211_2.png,2435390,1476629,115805,29640,0.9710050884878569,0.9436442081729363,0.9546075466595066,0.9879758055682892,0.9641537176916418,0.971005088487857,0.9272779907989908,0.9803222399186334,0.045392453340493376,0.75,1.25
HistoKit (no postprocessing),gaussian,7f0a6db3-032c-fd36-2371-511c4ae59038_115247_1.png,3448148,1199597,208863,57140,0.9628606680620286,0.9283812101338906,0.9428869642448436,0.9836989143260125,0.9458655592431684,0.9628606680620286,0.8517082487255584,0.9545330486808298,0.057113035755156326,0.75,1.25
HistoKit (no postprocessing),gaussian,6fecdbd3-f25f-98e1-f3e7-fdc984783bf1_110414_1.png,10744495,2857188,696495,3107756,0.8495941662833957,0.7385169141037997,0.9391228381459996,0.7756497481889405,0.7814394217512257,0.8495941662833957,0.8040075606068409,0.47899661757092776,0.0608771618540004,0.75,1.25
HistoKit (no postprocessing),gaussian,9761f929-4dae-801a-b291-ba7ecada0fc3_101038_3.png,8869971,1116042,46540,208458,0.9858294609484666,0.9720549187619157,0.9947804696253949,0.9770380976708636,0.9751003099205733,0.9858294609484666,0.9599684151311477,0.8426138165345414,0.005219530374605045,0.75,1.25
HistoKit (no postprocessing),gaussian,efbb89df-e3ec-91fc-7f90-b36e0f9bf420_124740_1.png,3995439,458697,1085,343039,0.9587133872313408,0.9207007710223356,0.9997285140787344,0.9209310269638339,0.9282815020444911,0.9587133872313409,0.9976401860011919,0.5721297284891785,0.0002714859212655798,0.75,1.25
HistoKit (no postprocessing),gaussian,d18df4a2-af46-984e-1fcb-35841267a2a7_132544_3.png,4401120,297321,1146,1477822,0.8561484214695394,0.74847859419791,0.9997396795195929,0.748624497401063,0.7605844133033769,0.8561484214695393,0.9961603795394466,0.16749129506749597,0.00026032048040713576,0.75,1.25
HistoKit (no postprocessing),gaussian,5b6306df-eee5-32e5-a263-7c4b8cf32245_100047_2.png,4204860,1009081,37129,23655,0.9928240397501731,0.9857503345333084,0.9912472663177581,0.9944058375103316,0.9884763660664774,0.992824039750173,0.9645109490446468,0.977094823846559,0.008752733682241986,0.75,1.25
HistoKit (no postprocessing),gaussian,36686384-7dd5-47b9-9af9-593716a57c66_072643_8.png,0,4123986,972,0,0.0,0.0,0.0,,0.9997643612371326,,0.9997643612371326,1.0,1.0,0.75,1.25
HistoKit (no postprocessing),gaussian,786743ed-e3ab-4cc3-3e88-4ee844fd6584_104341_2.png,6068371,2841135,33632,66702,0.9918008190845591,0.9837349978642195,0.994488367180416,0.9891277577300222,0.9888639531889578,0.9918008190845592,0.9883009649129825,0.9770613002035534,0.005511632819583996,0.75,1.25
HistoKit (no postprocessing),gaussian,4f8d8d4c-adc3-ed68-4f51-2bb95426a546_131620_1.png,5844049,1335568,19822,3245,0.998030341131732,0.9960684261228174,0.9966196391428119,0.9994450424418543,0.9967974438417678,0.9980303411317321,0.9853754269988712,0.9975762111661599,0.0033803608571880248,0.75,1.25
HistoKit (no postprocessing),gaussian,6dacef70-8f47-e898-de47-4738667f2bb0_100303_2.png,4970788,372942,1218,2590156,0.7932351122441245,0.6573236595566189,0.9997550284533043,0.6574295484796607,0.6734291069152969,0.7932351122441246,0.9967447081462476,0.12586218883074404,0.0002449715466956395,0.75,1.25
HistoKit (no postprocessing),gaussian,b04c2edc-8554-0391-20e3-62a3af357e5f_130945_4.png,4031755,362046,200476,1362115,0.837671451816265,0.7206838833350673,0.9526311300115707,0.7474698129543352,0.7376614903787393,0.837671451816265,0.6436121609465941,0.20998387041581384,0.04736886998842927,0.75,1.25
HistoKit (no postprocessing),gaussian,18a7f9da-53be-2120-be0a-0738920b492f_101923_2.png,3897139,180494,36893,267688,0.9623921098021339,0.9275104005026513,0.9906220895000346,0.9357265019651476,0.930496091701592,0.9623921098021339,0.8302888397190265,0.40272478591286576,0.00937791049996543,0.75,1.25
HistoKit (no postprocessing),gaussian,b04c2edc-8554-0391-20e3-62a3af357e5f_130945_2.png,10172563,496574,24256,2067167,0.9067849962130985,0.8294662926066615,0.9976212189311195,0.8311100816766382,0.8361025691662435,0.9067849962130985,0.9534281819403644,0.19369117239221903,0.0023787810688804026,0.75,1.25
HistoKit (no postprocessing),gaussian,e2bfe175-7bb7-d3b3-d437-ffbd60d747a4_123954_4.png,1907461,251334,1806,533351,0.8769776364980958,0.7809084351298484,0.9990540872491904,0.7814862431027052,0.8013487248473617,0.8769776364980959,0.9928656079639725,0.3202992283527785,0.0009459127508096039,0.75,1.25
HistoKit (no postprocessing),gaussian,adf4a334-3c2a-d6ae-0b72-c218c11535ea_115443_3.png,0,8023280,149902,0,0.0,0.0,0.0,,0.981659285208625,,0.981659285208625,1.0,1.0,0.75,1.25
HistoKit (no postprocessing),gaussian,0a6bb222-fb92-5dbe-8347-47a6b9e62ff2_125049_2.png,5165485,385951,42738,4233056,0.7072730140638953,0.5471170802176273,0.9917941301668535,0.549604986561212,0.5649034366754416,0.7072730140638953,0.9003053495657691,0.08355713684781166,0.008205869833146546,0.75,1.25
HistoKit (no postprocessing),gaussian,d18df4a2-af46-984e-1fcb-35841267a2a7_132544_1.png,7443892,152051,230594,825323,0.9337721524004997,0.8757716791047893,0.9699531668961283,0.9001933073453768,0.8779549137410915,0.9337721524004998,0.3973683178925636,0.15557094827568566,0.030046833103871712,0.75,1.25
HistoKit (no postprocessing),gaussian,0f170c8e-9c83-6973-94f2-3858ac80f3dc_115930_1.png,5617985,257976,11767,618132,0.9469150552732379,0.8991820270670838,0.9979098546436859,0.9008787038472819,0.9031797487188473,0.9469150552732378,0.9563769958812648,0.29445684778588943,0.002090145356314097,0.75,1.25
HistoKit (no postprocessing),gaussian,7f0a6db3-032c-fd36-2371-511c4ae59038_115247_4.png,2872430,860414,8061,6465,0.9974778561464712,0.994968402705133,0.9972015187688488,0.9977543467198352,0.9961236814085612,0.9974778561464712,0.990718212959498,0.9925422117735001,0.002798481231151217,0.75,1.25
HistoKit (no postprocessing),gaussian,6fecdbd3-f25f-98e1-f3e7-fdc984783bf1_110414_2.png,7692228,743542,24239,2746956,0.8473646028996702,0.7351540695621308,0.9968587956120333,0.7368610420124792,0.7527256487371916,0.8473646028996702,0.9684297996433879,0.21301888727625687,0.003141204387966669,0.75,1.25
HistoKit (no postprocessing),gaussian,76bd570a-7866-8dee-341c-c3f9290b76cf_114927_1.png,2687325,424719,58873,281462,0.940448662594915,0.887591407225382,0.9785619973505187,0.9051929289639169,0.9014201511479475,0.940448662594915,0.878258945557412,0.6014307946546282,0.02143800264948121,0.25,2.25
HistoKit (no postprocessing),gaussian,367a29b2-8f5a-4095-840e-86626c38d291_123703_1.png,12380875,6042639,181668,91958,0.9890704257846976,0.9783771797876503,0.9855389151702804,0.9926273365481603,0.9853653553431166,0.9890704257846976,0.9708131363057767,0.9850099362680221,0.014461084829719587,0.75,1.25
HistoKit (no postprocessing),gaussian,96e6b3f2-f43e-7954-4202-361d3af0da92_104636_1.png,4605233,243205,93734,366677,0.9523920116034978,0.9091110626802831,0.9800522114754158,0.9262502740395542,0.9132747983602472,0.9523920116034978,0.7218072113943473,0.39877386117314495,0.019947788524584235,0.25,2.25
HistoKit (no postprocessing),gaussian,32e0aaf3-9973-5f67-ccc7-24d8d8604aa6_110737_5.png,0,5464984,8924,0,0.0,0.0,0.0,,0.9983697204995042,,0.9983697204995042,1.0,1.0,0.25,2.25
HistoKit (no postprocessing),gaussian,0a6bb222-fb92-5dbe-8347-47a6b9e62ff2_125049_1.png,5671302,221953,51975,1926277,0.8514921263318214,0.7413898901818329,0.9909186642547617,0.7464617347183886,0.7486819232962634,0.8514921263318213,0.8102603603866709,0.10331901146525278,0.009081335745238261,0.25,2.25
HistoKit (no postprocessing),gaussian,9761f929-4dae-801a-b291-ba7ecada0fc3_101038_1.png,5082970,267233,20218,977378,0.9106379914034406,0.8359369834979178,0.9960381628111682,0.8387257629429861,0.8428437951485231,0.9106379914034406,0.9296645341292951,0.21471206666179232,0.0039618371888317655,0.25,2.25
HistoKit (no postprocessing),gaussian,4c439187-b529-301f-82bf-3874dfa019f2_103211_1.png,5209352,2767961,7058,72909,0.9923831311601249,0.9848814185720317,0.9986469621828039,0.986197387823131,0.9900751866634894,0.992383131160125,0.997456593990888,0.9743356788589411,0.0013530378171961177,0.25,2.25
HistoKit (no postprocessing),gaussian,96e6b3f2-f43e-7954-4202-361d3af0da92_104636_4.png,3274083,359382,7484,1771942,0.7863216641737492,0.6478830848030547,0.9977193822341582,0.6488439910622718,0.6712614386655855,0.7863216641737492,0.979600180992515,0.168619130643675,0.002280617765841746,0.25,2.25
HistoKit (no postprocessing),gaussian,36c069a8-8f9e-b246-f3af-1b6cffe0751a_123150_5.png,2190484,341891,3960,1114534,0.7966175600449644,0.6619820379585479,0.9981954426724947,0.6627752103014265,0.6936362274296887,0.7966175600449644,0.9885499825069177,0.23474672571536467,0.0018045573275052816,0.25,2.25
HistoKit (no postprocessing),gaussian,d7d9e09c-5b48-9d63-55ef-dabd0e7bf5cd_123455_3.png,0,3205601,3070,0,0.0,0.0,0.0,,0.99904321758136,,0.99904321758136,1.0,1.0,0.25,2.25
HistoKit (no postprocessing),gaussian,0fcbbf47-bbbc-4a27-0d18-fe35bf99ccdb_133554_3.png,1752889,233905,9603,899051,0.7941628730491261,0.6585987902506177,0.9945514646307615,0.6609836572471474,0.6861784428523668,0.7941628730491261,0.960563923977857,0.2064555022436882,0.0054485353692385555,0.25,2.25
HistoKit (no postprocessing),gaussian,6fecdbd3-f25f-98e1-f3e7-fdc984783bf1_110414_3.png,2331578,783826,372652,964694,0.7771276469868688,0.6354936760750564,0.862196632682871,0.7073378653217939,0.6996584133400707,0.7771276469868688,0.6777699186668489,0.4482796879646787,0.13780336731712908,0.25,2.25
HistoKit (no postprocessing),gaussian,db9f8afe-40d5-d8aa-882f-512377b755a1_120139_1.png,4106171,7216027,1367479,286223,0.832384489669821,0.7128926280145413,0.7501705443351329,0.9348366744877623,0.8725558920768501,0.8323844896698211,0.8406852631081052,0.9618483788196874,0.24982945566486714,0.25,2.25
HistoKit (no postprocessing),gaussian,cbe296c0-32ef-a6c0-58c3-7dcdd9f9743d_115103_5.png,2646174,657282,34362,224328,0.9533979050404627,0.9109459169172808,0.9871809220245503,0.9218506031349221,0.9273780468290744,0.9533979050404627,0.9503183718791748,0.745547350869432,0.012819077975449686,0.25,2.25
HistoKit (no postprocessing),gaussian,ed9d6e50-ec08-4213-59eb-4f99b1955e7c_103016_3.png,9738994,213088,116767,529275,0.9678969868361357,0.9377910678403041,0.9881524115692335,0.9484552849170585,0.9390418530675806,0.9678969868361357,0.6460050628306377,0.28704016768077073,0.011847588430766533,0.25,2.25
HistoKit (no postprocessing),gaussian,aedd99b7-9b77-3379-0a55-09f4124063bb_103758_2.png,4562749,131837,22876,816062,0.915806775215376,0.8446896312207649,0.9950113670437508,0.8482820831592707,0.848389922949643,0.9158067752153759,0.8521391221164349,0.13908338335624365,0.004988632956249148,0.25,2.25
HistoKit (no postprocessing),gaussian,db9f8afe-40d5-d8aa-882f-512377b755a1_120139_3.png,5419827,841284,344243,120546,0.9588843961617569,0.9210162566257509,0.940277789825592,0.9782422591403142,0.9308956422188852,0.958884396161757,0.7096287136438056,0.8746701600074858,0.059722210174408014,0.25,2.25
HistoKit (no postprocessing),gaussian,16277008-7349-6ea9-1043-9abf63a9d11e_105523_2.png,6935174,373130,3735,1466655,0.9041512865939044,0.8250694420981151,0.999461730943582,0.8254362234699135,0.8325046983070602,0.9041512865939044,0.9900892892680403,0.2028117415893705,0.000538269056417947,0.25,2.25
HistoKit (no postprocessing),gaussian,042c1e4d-d1be-7f85-b2e1-b98e0b68f672_101215_1.png,3928930,683685,1349462,27483,0.850896147780056,0.7404867246212924,0.7443422163416434,0.9930535563400484,0.7701091565991491,0.8508961477800561,0.3362693400919855,0.9613551228401728,0.25565778365835656,0.25,2.25
HistoKit (no postprocessing),gaussian,e2bfe175-7bb7-d3b3-d437-ffbd60d747a4_123954_6.png,2224059,164489,9901,677480,0.8661510789895976,0.763903429230896,0.9955679600350946,0.7665101175617491,0.7765289770992764,0.8661510789895976,0.9432249555593784,0.19536229956209789,0.00443203996490537,0.25,2.25
HistoKit (no postprocessing),gaussian,a2afe16d-3866-9541-f2c7-cc8ca97faf02_130229_2.png,1340256,2135440,29411,3563,0.9878481038781848,0.9759879990970194,0.978526897413751,0.9973486012625212,0.9906021369920797,0.9878481038781848,0.9864143074973751,0.9983342706859224,0.021473102586249068,0.25,2.25
HistoKit (no postprocessing),gaussian,15fe4c3f-571c-b45d-d559-12744253eeb9_122421_3.png,2440195,165786,1067,232269,0.9543706487207175,0.9127236602081666,0.9995629309758641,0.9130880715324884,0.9178196728297686,0.9543706487207175,0.9936051494429228,0.4164901835173531,0.00043706902413587727,0.25,2.25
HistoKit (no postprocessing),gaussian,78f7eac9-40c9-a096-07a4-a0166ddd84e8_103411_4.png,0,3170019,2181,0,0.0,0.0,0.0,,0.9993124645356535,,0.9993124645356535,1.0,1.0,0.25,2.25
HistoKit (no postprocessing),gaussian,15fe4c3f-571c-b45d-d559-12744253eeb9_122421_1.png,4751581,1678477,244753,10231,0.9738696264638795,0.9490700709967812,0.9510134830857985,0.9978514481462099,0.961857532084316,0.9738696264638794,0.8727385700098272,0.993941522157768,0.04898651691420149,0.25,2.25
HistoKit (no postprocessing),gaussian,adf4a334-3c2a-d6ae-0b72-c218c11535ea_115443_5.png,0,5526603,30117,0,0.0,0.0,0.0,,0.994580076016067,,0.994580076016067,1.0,1.0,0.25,2.25
HistoKit (no postprocessing),gaussian,adf4a334-3c2a-d6ae-0b72-c218c11535ea_115443_6.png,0,5887331,42256,0,0.0,0.0,0.0,,0.9928737026710291,,0.9928737026710291,1.0,1.0,0.25,2.25
HistoKit (no postprocessing),gaussian,73e02c87-178a-0dc6-cf2c-3f6aeb0c5685_124434_1.png,0,9476550,1896358,0,0.0,0.0,0.0,,0.8332565426538225,,0.8332565426538225,1.0,1.0,0.25,2.25
HistoKit (no postprocessing),gaussian,46e107b0-7f41-8fd8-abd7-fbe9d0e935a4_133028_1.png,0,8907592,354664,0,0.0,0.0,0.0,,0.9617086809088412,,0.9617086809088412,1.0,1.0,0.25,2.25
HistoKit (no postprocessing),gaussian,adf4a334-3c2a-d6ae-0b72-c218c11535ea_115443_8.png,0,7385289,16302,0,0.0,0.0,0.0,,0.9977975005644056,,0.9977975005644056,1.0,1.0,0.25,2.25
HistoKit (no postprocessing),gaussian,15fe4c3f-571c-b45d-d559-12744253eeb9_122421_5.png,3414644,267222,3444,899402,0.8832345637051815,0.7908863714797255,0.9989924191536321,0.7915177538672513,0.8030746533260977,0.8832345637051816,0.9872758307286471,0.22905580546945717,0.001007580846367911,0.25,2.25
HistoKit (no postprocessing),gaussian,f010c097-faf6-f2df-c82a-aca0270a9814_110553_3.png,543553,4199100,124601,1176,0.8962991483927139,0.8120852195479061,0.8135145490410893,0.9978411283408815,0.9741647718052843,0.896299148392714,0.9711818647959237,0.999720018398791,0.18648545095891067,0.25,2.25
HistoKit (no postprocessing),gaussian,4a12a0e8-253e-42bb-77ff-6e284ada3080_105659_1.png,1911569,1400772,38006,9713,0.9876722389899705,0.9756447240017803,0.9805054947873254,0.9949445214185112,0.985798170270769,0.9876722389899705,0.9735845279813842,0.9931137162040008,0.019494505212674557,0.25,2.25
HistoKit (no postprocessing),gaussian,f4701930-c3d0-97f5-7529-fedf8cc9402a_110850_3.png,2346079,427366,701,7776,0.9981966266259771,0.9963997458544201,0.9997012928352892,0.9966964830034135,0.9969528261396258,0.9981966266259771,0.9983624058850601,0.9821299713656692,0.00029870716471079524,0.25,2.25
HistoKit (no postprocessing),gaussian,67cf3804-696c-ef64-2d57-43ad0b86332a_122601_1.png,21120355,12465518,7826227,893321,0.8288951362844356,0.7077889964990838,0.7296320857502278,0.9594197261738566,0.7938905276465633,0.8288951362844356,0.6143147373476259,0.933128844505125,0.27036791424977225,0.75,1.25
HistoKit (no postprocessing),gaussian,e4c17e5d-ca75-8d00-1c03-2c4b0f9dc6a7_131509_7.png,0,4733498,114700,0,0.0,0.0,0.0,,0.9763417253173241,,0.9763417253173241,1.0,1.0,0.25,2.25
HistoKit (no postprocessing),gaussian,e2bfe175-7bb7-d3b3-d437-ffbd60d747a4_123954_3.png,4622245,274226,12985,743354,0.9243723695305659,0.8593795318619175,0.9971986287627582,0.8614592704374665,0.8662012344303098,0.9243723695305659,0.9547893360630338,0.2694883940329016,0.0028013712372417336,0.25,2.25
HistoKit (no postprocessing),gaussian,c149f6be-4555-ddd6-581f-abc8aeab9698_132314_1.png,3643648,2093114,108754,90204,0.9734235573626009,0.948223158970761,0.9710174975922089,0.9758415705818013,0.9664812356377996,0.9734235573626007,0.950608301678393,0.9586849006878522,0.02898250240779106,0.25,2.25
HistoKit (no postprocessing),gaussian,5b6306df-eee5-32e5-a263-7c4b8cf32245_100047_3.png,6725285,567919,16821,21327,0.9971718587340918,0.9943596691206965,0.9975050822398818,0.9968388577852113,0.9947965941343425,0.9971718587340918,0.9712333686766769,0.9638062880358967,0.0024949177601182775,0.25,2.25
HistoKit (no postprocessing),gaussian,78f7eac9-40c9-a096-07a4-a0166ddd84e8_103411_6.png,0,6301453,518467,0,0.0,0.0,0.0,,0.9239775539889031,,0.9239775539889031,1.0,1.0,0.25,2.25
HistoKit (no postprocessing),gaussian,6dacef70-8f47-e898-de47-4738667f2bb0_100303_3.png,2827309,198445,269,660163,0.8954193553495222,0.8106419025954049,0.9999048655775367,0.8107044300283988,0.8208359534760319,0.8954193553495221,0.9986462956812303,0.2311240985408941,9.513442246332374e-05,0.25,2.25
HistoKit (no postprocessing),gaussian,18a7f9da-53be-2120-be0a-0738920b492f_101923_4.png,8389895,251598,72118,1535881,0.9125507150424665,0.8391662284077026,0.9914774415969344,0.8452633829334855,0.8431142733708168,0.9125507150424664,0.7772183024626524,0.14075577950845855,0.00852255840306556,0.25,2.25
HistoKit (no postprocessing),gaussian,7fcfd7e6-a936-d1a4-6766-2f191e54690d_131809_1.png,3175012,251353,10052,700618,0.8993484209909111,0.8171054656557073,0.9968440194608335,0.8192247453962324,0.8282175519423935,0.8993484209909112,0.9615462596354316,0.26403430356596996,0.00315598053916656,0.25,2.25
HistoKit (no postprocessing),gaussian,78f7eac9-40c9-a096-07a4-a0166ddd84e8_103411_1.png,0,2767505,6255,0,0.0,0.0,0.0,,0.9977449382787263,,0.9977449382787263,1.0,1.0,0.25,2.25
HistoKit (no postprocessing),gaussian,f4701930-c3d0-97f5-7529-fedf8cc9402a_110850_4.png,2528093,506748,3395,35534,0.9923595443871237,0.9848349566150972,0.9986588915294088,0.9861391692317174,0.9873350966402822,0.9923595443871238,0.9933450032637907,0.9344732076668597,0.0013411084705912096,0.25,2.25
HistoKit (no postprocessing),gaussian,2852fafe-6f36-4c12-47aa-96e73b433b3f_123004_2.png,2479052,1107534,7152,107160,0.977463993489493,0.9559213438607153,0.9971233253586592,0.9585648817653,0.9691123613782384,0.977463993489493,0.9935838433424301,0.9117802508286037,0.002876674641340775,0.25,2.25
HistoKit (no postprocessing),gaussian,67cf3804-696c-ef64-2d57-43ad0b86332a_122601_2.png,5853549,4358983,14264,234699,0.9791768375889016,0.9592031937012168,0.9975691113537531,0.9614504862482606,0.9762019673096436,0.9791768375889015,0.9967383502463959,0.9489083049283777,0.0024308886462469067,0.25,2.25
HistoKit (no postprocessing),gaussian,eb22b9cd-e52e-fa2d-85a8-60a50dc5a7c4_102757_1.png,2187254,588578,17860,32989,0.988509627584848,0.9772803128363619,0.9919006454995071,0.9851417164697738,0.9820110581986435,0.988509627584848,0.9705493389266504,0.9469260755477688,0.008099354500492945,0.25,2.25
HistoKit (no postprocessing),gaussian,db9f8afe-40d5-d8aa-882f-512377b755a1_120139_2.png,3008394,1928075,81944,57330,0.9773761212931253,0.9557532751230434,0.973483806625683,0.9812996864688407,0.9725608644882139,0.9773761212931253,0.9592322261630363,0.9711242794291342,0.026516193374316984,0.25,2.25
HistoKit (no postprocessing),gaussian,adf4a334-3c2a-d6ae-0b72-c218c11535ea_115443_4.png,0,4479662,2955934,0,0.0,0.0,0.0,,0.6024617260001753,,0.6024617260001753,1.0,1.0,0.25,2.25
HistoKit (no postprocessing),gaussian,d7d73023-1258-3c47-44ee-6493877f23d1_111048_2.png,6462753,417981,27075,821535,0.9383909646179834,0.8839327222571223,0.9958280866611565,0.8872182154247608,0.8902093114241002,0.9383909646179833,0.9391649590163934,0.33721307348997515,0.004171913338843495,0.25,2.25
HistoKit (no postprocessing),gaussian,0a6bb222-fb92-5dbe-8347-47a6b9e62ff2_125049_4.png,7467853,470613,18121,6132826,0.7083014075301567,0.5483488266220224,0.9975793397091681,0.5490794246375493,0.5634348286901661,0.7083014075301567,0.9629225713782957,0.07126786512300635,0.0024206602908318944,0.25,2.25
HistoKit (no postprocessing),gaussian,0823ec0e-9dd5-2324-aa8d-fe8db13ea4cd_103937_1.png,1446644,4072476,32273,48279,0.9729131358781912,0.9472549692377403,0.9781779504867413,0.9677046911446275,0.9856148717282012,0.9729131358781912,0.9921376434953757,0.9882839431123666,0.02182204951325869,0.25,2.25
HistoKit (no postprocessing),gaussian,18a7f9da-53be-2120-be0a-0738920b492f_101923_3.png,11714234,131291,84635,429176,0.9785395951655229,0.9579809364456869,0.9928268548451551,0.9646577032316294,0.9584272973887917,0.9785395951655229,0.6080370126802701,0.23425286412937782,0.0071731451548449265,0.25,2.25
HistoKit (no postprocessing),gaussian,f569a03d-b1d7-9121-59cf-f65992813d75_131224_1.png,0,4165917,202989,0,0.0,0.0,0.0,,0.9535377964186,,0.9535377964186,1.0,1.0,0.25,2.25
HistoKit (no postprocessing),gaussian,98491719-8df8-3c0a-7325-de39c48b2a96_133826_2.png,2680123,1623945,107048,53694,0.9708852835760556,0.9434179378463954,0.9615925969378987,0.9803593290992045,0.9639980200725227,0.9708852835760556,0.9381580399227496,0.9679943062840098,0.038407403062101324,0.25,2.25
HistoKit (no postprocessing),gaussian,46e107b0-7f41-8fd8-abd7-fbe9d0e935a4_133028_6.png,0,5253425,24030,0,0.0,0.0,0.0,,0.9954466688962768,,0.9954466688962768,1.0,1.0,0.25,2.25
HistoKit (no postprocessing),gaussian,2852fafe-6f36-4c12-47aa-96e73b433b3f_123004_1.png,2099591,2840278,31564,120500,0.9650527687931227,0.9324656752477622,0.9851892518376185,0.945722945590969,0.9701362920525467,0.9650527687931227,0.9890091446535011,0.9593012377152221,0.014810748162381432,0.25,2.25
HistoKit (no postprocessing),gaussian,8469f8e6-543f-6b82-f38a-8b184a96e4e9_104905_1.png,8823774,8919084,5958693,166566,0.7423417857218123,0.5902571758320421,0.5969080803630409,0.9814727807847089,0.7433706647239914,0.7423417857218123,0.5994903674117443,0.9816671344372719,0.4030919196369591,0.25,2.25
HistoKit (no postprocessing),gaussian,c93efc84-bec7-4ba6-b526-5de46512cbba_100824_1.png,7387157,848781,57417,35750,0.993733504687176,0.9875450582087086,0.992287402878929,0.995183827575908,0.9888142843678883,0.9937335046871759,0.9366396747730629,0.9595831011010355,0.007712597121070998,0.25,2.25
HistoKit (no postprocessing),gaussian,36c069a8-8f9e-b246-f3af-1b6cffe0751a_123150_4.png,3304246,196543,79949,1181622,0.8397000125666084,0.7236921672506804,0.976375770308744,0.736590109205175,0.7350954148783376,0.8397000125666083,0.7108451600769643,0.1426120965196475,0.02362422969125597,0.25,2.25
HistoKit (no postprocessing),gaussian,8956f1ca-9d66-b2d7-8ef9-bd09fb590f4a_110204_2.png,6192178,1439815,158332,460929,0.9523777884260971,0.9090851433889373,0.97506782919797,0.9307197374099049,0.924949468286881,0.9523777884260971,0.9009277619643249,0.7575007470758819,0.024932170802030074,0.25,2.25
HistoKit (no postprocessing),gaussian,6dacef70-8f47-e898-de47-4738667f2bb0_100303_1.png,8095452,338094,11397,1596385,0.909668500247715,0.834304521564666,0.9985941516858153,0.835285612005237,0.8398835293499027,0.9096685002477151,0.967389718190168,0.17477263904131293,0.0014058483141847098,0.25,2.25
HistoKit (no postprocessing),gaussian,18a7f9da-53be-2120-be0a-0738920b492f_101923_5.png,7014409,412372,4446,1457563,0.9056209845994665,0.8275204219518197,0.9993665633497202,0.827954695789835,0.8355221576840043,0.9056209845994666,0.9893334740822134,0.2205274514889555,0.0006334366502798533,0.25,2.25
HistoKit (no postprocessing),gaussian,36c069a8-8f9e-b246-f3af-1b6cffe0751a_123150_3.png,6145091,353866,3965,2098454,0.8539236236730248,0.7450843951689662,0.9993551855764528,0.7454427676442599,0.7555717829333353,0.8539236236730248,0.9889193501960423,0.14429846023357473,0.0006448144235472892,0.25,2.25
HistoKit (no postprocessing),gaussian,e2bfe175-7bb7-d3b3-d437-ffbd60d747a4_123954_2.png,3849331,177230,48552,189087,0.9700567052585329,0.941854478990548,0.9875440078627296,0.9531779523565911,0.9442711411284649,0.9700567052585328,0.7849607143173504,0.4838159299186224,0.012455992137270411,0.25,2.25
HistoKit (no postprocessing),gaussian,d18df4a2-af46-984e-1fcb-35841267a2a7_132544_2.png,8501218,142281,126546,315680,0.9746497811192902,0.9505530531638595,0.9853327003381177,0.9641960244975046,0.9513273844409774,0.9746497811192902,0.5292660335457376,0.310683660835748,0.014667299661882268,0.25,2.25
HistoKit (no postprocessing),gaussian,103a5b47-1de4-c7ee-81eb-83cd201d2a51_131937_2.png,2675823,1770112,106982,19893,0.976841377444752,0.9547311197995646,0.9615560558501225,0.9926205134368754,0.9722544780998992,0.976841377444752,0.9430065835807903,0.9888866232217228,0.03844394414987755,0.25,2.25
HistoKit (no postprocessing),gaussian,0f170c8e-9c83-6973-94f2-3858ac80f3dc_115930_3.png,6450182,353171,41239,695520,0.945974015193674,0.897486427118297,0.9936471536817594,0.9026659661989823,0.9022880561986347,0.945974015193674,0.8954412920564895,0.3367731772276104,0.0063528463182406444,0.25,2.25
HistoKit (no postprocessing),gaussian,4a12a0e8-253e-42bb-77ff-6e284ada3080_105659_3.png,785190,3467984,9014,53196,0.9618949031906358,0.9265872079301393,0.9886502712149523,0.936549512992822,0.9855841334166322,0.9618949031906356,0.9974075337403128,0.9848925644244259,0.011349728785047671,0.25,2.25
HistoKit (no postprocessing),gaussian,d7d73023-1258-3c47-44ee-6493877f23d1_111048_3.png,6252910,272644,7170,1300374,0.9053421020397349,0.8270548303051642,0.9988546472249555,0.8278399170480019,0.8330744744927231,0.9053421020397349,0.9743758353763572,0.17332541649237326,0.0011453527750444083,0.25,2.25
HistoKit (no postprocessing),gaussian,aedd99b7-9b77-3379-0a55-09f4124063bb_103758_4.png,4481804,121731,19962,460333,0.9491423196532196,0.9032072919141678,0.9955657402006235,0.9068554756778292,0.9055249683801386,0.9491423196532196,0.859117952192416,0.20913679595370957,0.0044342597993765115,0.25,2.25
HistoKit (no postprocessing),gaussian,36c069a8-8f9e-b246-f3af-1b6cffe0751a_123150_2.png,4526115,357625,4511,1472129,0.8597532308785273,0.7540062854472654,0.9990043318517132,0.7545733384637238,0.767837770699235,0.8597532308785275,0.987543353878101,0.1954497708435123,0.0009956681482867931,0.25,2.25
HistoKit (no postprocessing),gaussian,5b6306df-eee5-32e5-a263-7c4b8cf32245_100047_4.png,5961512,360247,5046,25065,0.997480911911394,0.9949744835414378,0.9991542862735936,0.9958131332813392,0.9952595062556381,0.9974809119113939,0.9861864311662145,0.9349488206959555,0.0008457137264064139,0.25,2.25
HistoKit (no postprocessing),gaussian,e4c17e5d-ca75-8d00-1c03-2c4b0f9dc6a7_131509_4.png,0,13000983,455875,0,0.0,0.0,0.0,,0.9661232213344304,,0.9661232213344304,1.0,1.0,0.25,2.25
HistoKit (no postprocessing),gaussian,042c1e4d-d1be-7f85-b2e1-b98e0b68f672_101215_2.png,0,16699611,297327,0,0.0,0.0,0.0,,0.9825070256772132,,0.9825070256772132,1.0,1.0,0.25,2.25
HistoKit (no postprocessing),gaussian,8956f1ca-9d66-b2d7-8ef9-bd09fb590f4a_110204_1.png,6863380,3373353,645588,128044,0.9466475113224525,0.8986996485012725,0.9140244038861266,0.9816855621973435,0.9297360260082205,0.9466475113224525,0.8393636532608963,0.9634305964162304,0.08597559611387344,0.25,2.25
HistoKit (no postprocessing),gaussian,103a5b47-1de4-c7ee-81eb-83cd201d2a51_131937_3.png,501624,9910883,24939,240,0.9755169788424458,0.9522041446233221,0.9526381458628882,0.9995217827937449,0.9975876837069059,0.9755169788424458,0.9974899912659466,0.9999757847824107,0.047361854137111796,0.25,2.25
HistoKit (no postprocessing),gaussian,67cf3804-696c-ef64-2d57-43ad0b86332a_122601_3.png,2872826,3892453,1128027,247582,0.8068307003492781,0.6762080624983082,0.7180533751177561,0.9206571704725792,0.8310246990254626,0.8068307003492781,0.7753149101281153,0.9401980901127648,0.28194662488224387,0.25,2.25
HistoKit (no postprocessing),gaussian,d07adf84-9a4a-637f-4bfb-56af281dbf05_133243_1.png,3505883,889852,10107,16326,0.9962443517155454,0.992516807669529,0.997125418445445,0.995364840644039,0.9940226151516631,0.9962443517155455,0.9887694883878043,0.9819836720820854,0.002874581554555047,0.25,2.25
HistoKit (no postprocessing),gaussian,78f7eac9-40c9-a096-07a4-a0166ddd84e8_103411_2.png,0,3791930,10498,0,0.0,0.0,0.0,,0.9972391324700954,,0.9972391324700954,1.0,1.0,0.25,2.25
HistoKit (no postprocessing),gaussian,46e107b0-7f41-8fd8-abd7-fbe9d0e935a4_133028_4.png,0,5751871,56687,0,0.0,0.0,0.0,,0.9902407792088845,,0.9902407792088845,1.0,1.0,0.25,2.25
HistoKit (no postprocessing),gaussian,aedd99b7-9b77-3379-0a55-09f4124063bb_103758_3.png,2247846,1203538,376247,1442088,0.7120165941640731,0.552815037008928,0.8566182677214565,0.6091832536842122,0.6549464971471913,0.7120165941640731,0.7618365790281589,0.45491615216965664,0.14338173227854348,0.25,2.25
HistoKit (no postprocessing),gaussian,f4701930-c3d0-97f5-7529-fedf8cc9402a_110850_2.png,3814705,435829,7951,19741,0.9963834881656272,0.9927930403859883,0.9979200325637463,0.9948516682722875,0.9935272236670059,0.996383488165627,0.9820834647798459,0.9566674715191957,0.002079967436253746,0.25,2.25
HistoKit (no postprocessing),gaussian,c93efc84-bec7-4ba6-b526-5de46512cbba_100824_2.png,3114208,317521,2189,23627,0.9958722349922421,0.9917784067892474,0.999297586283134,0.9924702860411717,0.992533430512112,0.9958722349922421,0.9931531700603672,0.9307426688709886,0.0007024137168659834,0.25,2.25
HistoKit (no postprocessing),gaussian,18a7f9da-53be-2120-be0a-0738920b492f_101923_1.png,4413382,470176,12917,1964957,0.8169421317030705,0.6905343800968072,0.9970817606311729,0.6919328057038047,0.7117403480789433,0.8169421317030705,0.9732618771126884,0.19308021368853365,0.0029182393688270947,0.25,2.25
HistoKit (no postprocessing),gaussian,8469f8e6-543f-6b82-f38a-8b184a96e4e9_104905_2.png,8256167,3788687,445090,247416,0.9597493496016237,0.9226135539872783,0.9488476205219545,0.9709044999031584,0.9456319048845286,0.9597493496016237,0.8948716477036934,0.9386992849290516,0.05115237947804553,0.25,2.25
HistoKit (no postprocessing),gaussian,adf4a334-3c2a-d6ae-0b72-c218c11535ea_115443_2.png,0,5951743,183777,0,0.0,0.0,0.0,,0.970047037577907,,0.970047037577907,1.0,1.0,0.25,2.25
HistoKit (no postprocessing),gaussian,103a5b47-1de4-c7ee-81eb-83cd201d2a51_131937_1.png,1389840,2661142,133755,5065,0.952434469761864,0.9091884395483626,0.9122109221938901,0.9963689283499593,0.9668671693793645,0.9524344697618639,0.9521431380118838,0.9981002975387883,0.0877890778061099,0.25,2.25
HistoKit (no postprocessing),gaussian,a2afe16d-3866-9541-f2c7-cc8ca97faf02_130229_1.png,1109680,6659903,20127,9090,0.9870064489675026,0.9743462314853758,0.9821854529136392,0.9918750055864923,0.9962536544083705,0.9870064489675027,0.9969869895793881,0.9986369756273549,0.01781454708636077,0.25,2.25
HistoKit (no postprocessing),gaussian,36c069a8-8f9e-b246-f3af-1b6cffe0751a_123150_1.png,3126167,199056,34978,1042991,0.8529434594995595,0.7435932139207676,0.988935021961979,0.749831740605657,0.7551846478645492,0.8529434594995595,0.8505430834835964,0.16026446664256666,0.011064978038021034,0.25,2.25
HistoKit (no postprocessing),gaussian,32e0aaf3-9973-5f67-ccc7-24d8d8604aa6_110737_7.png,0,4626718,245006,0,0.0,0.0,0.0,,0.9497085631287815,,0.9497085631287815,1.0,1.0,0.25,2.25
HistoKit (no postprocessing),gaussian,9761f929-4dae-801a-b291-ba7ecada0fc3_101038_2.png,5211946,213426,97208,388780,0.9554543221373654,0.9147080327711764,0.9816904915547751,0.9305839992886636,0.9177874465436042,0.9554543221373654,0.6870658073488414,0.3544069637300193,0.018309508445224984,0.25,2.25
HistoKit (no postprocessing),gaussian,ed9d6e50-ec08-4213-59eb-4f99b1955e7c_103016_1.png,5173261,237042,9764,812876,0.9263472049201185,0.862799602595173,0.9981161580351243,0.8642069167478125,0.8680174036566675,0.9263472049201185,0.9604385630819348,0.2257719174259323,0.001883841964875724,0.25,2.25
HistoKit (no postprocessing),gaussian,cbe296c0-32ef-a6c0-58c3-7dcdd9f9743d_115103_2.png,2743886,1266163,2801272,84151,0.655397611067221,0.4874285636123368,0.4948255757545592,0.9702440243886484,0.5815481521787051,0.655397611067221,0.3112927434611739,0.9376804209983752,0.5051744242454408,0.25,2.25
HistoKit (no postprocessing),gaussian,9761f929-4dae-801a-b291-ba7ecada0fc3_101038_4.png,5038781,535769,5497,2410059,0.8066490687112696,0.6759529385376594,0.9989102503866758,0.6764517696715193,0.6976816077283581,0.8066490687112696,0.9898441801258531,0.18187382291158885,0.0010897496133242459,0.25,2.25
HistoKit (no postprocessing),gaussian,367a29b2-8f5a-4095-840e-86626c38d291_123703_3.png,4499028,1562183,58140,32339,0.9900447101760624,0.9802856821004957,0.987242076658135,0.992863301515856,0.9852920091877192,0.9900447101760624,0.9641182653088304,0.9797186868541168,0.012757923341864947,0.25,2.25
HistoKit (no postprocessing),gaussian,d7d73023-1258-3c47-44ee-6493877f23d1_111048_1.png,5797079,466358,114840,2598215,0.810371523790133,0.6811971468369358,0.9805748353453422,0.6905153053603602,0.6977599935475908,0.810371523790133,0.8024081294154488,0.15217715485974717,0.01942516465465782,0.25,2.25
HistoKit (no postprocessing),gaussian,16277008-7349-6ea9-1043-9abf63a9d11e_105523_1.png,1803869,252738,2573,934898,0.7937452381177631,0.6580245427418707,0.9985756531347256,0.6586427395977825,0.6868915906666426,0.7937452381177631,0.9899220950135326,0.2128076279264017,0.0014243468652743903,0.25,2.25
HistoKit (no postprocessing),gaussian,78f7eac9-40c9-a096-07a4-a0166ddd84e8_103411_8.png,0,5970323,614017,0,0.0,0.0,0.0,,0.906745854557936,,0.906745854557936,1.0,1.0,0.25,2.25
HistoKit (no postprocessing),gaussian,aedd99b7-9b77-3379-0a55-09f4124063bb_103758_1.png,18614273,4111044,1123536,882133,0.9488795939972292,0.9027315886727518,0.9430769646215545,0.9547540710836654,0.9189005646600584,0.9488795939972293,0.7853627225106885,0.8233323192828934,0.0569230353784455,0.25,2.25
HistoKit (no postprocessing),gaussian,37e97aba-1a30-28bd-be40-a79de2fca963_105321_2.png,3131498,834719,77913,15266,0.9853403973301553,0.9711043927810444,0.9757235829253406,0.9951486670115712,0.9770460925714072,0.9853403973301554,0.9146282400792434,0.9820396830532303,0.024276417074659492,0.25,2.25
HistoKit (no postprocessing),gaussian,7f0a6db3-032c-fd36-2371-511c4ae59038_115247_3.png,3632143,689065,4188,15574,0.9972869481365306,0.9945885777423016,0.9988482896633998,0.995730480188019,0.9954475612593499,0.9972869481365307,0.9939589154320284,0.9778979023301293,0.001151710336600271,0.25,2.25
HistoKit (no postprocessing),gaussian,0f170c8e-9c83-6973-94f2-3858ac80f3dc_115930_5.png,7128492,277635,43513,486640,0.9641476913347052,0.930777180558702,0.9939329378604728,0.9360956579610176,0.9331988034696357,0.9641476913347052,0.8645079527196183,0.36326584017532954,0.006067062139527232,0.25,2.25
HistoKit (no postprocessing),gaussian,c149f6be-4555-ddd6-581f-abc8aeab9698_132314_2.png,2861916,1597606,38341,37057,0.9869986187821487,0.9743309704035727,0.9867801370706113,0.9872171972626168,0.9833739073677155,0.9869986187821487,0.976563421675641,0.9773304956434445,0.01321986292938867,0.25,2.25
HistoKit (no postprocessing),gaussian,0f170c8e-9c83-6973-94f2-3858ac80f3dc_115930_4.png,6103225,362841,10750,1493448,0.8902897952015105,0.8022723332198038,0.9982417330787253,0.8034076233108889,0.8112737545456462,0.8902897952015105,0.971225216881563,0.19546579223386013,0.001758266921274621,0.25,2.25
HistoKit (no postprocessing),gaussian,d7d9e09c-5b48-9d63-55ef-dabd0e7bf5cd_123455_1.png,0,3101518,2674007,0,0.0,0.0,0.0,,0.5370105747962306,,0.5370105747962306,1.0,1.0,0.25,2.25
HistoKit (no postprocessing),gaussian,d76874a4-c608-41cd-b260-c14f0dca935a_100643_5.png,0,3917891,11879,0,0.0,0.0,0.0,,0.9969771767813383,,0.9969771767813383,1.0,1.0,0.25,2.25
HistoKit (no postprocessing),gaussian,0a6bb222-fb92-5dbe-8347-47a6b9e62ff2_125049_3.png,4659100,333585,8955,1428953,0.866317073052818,0.7641617002962765,0.9980816421400348,0.765285716139462,0.7763957383090486,0.8663170730528179,0.9738570677877036,0.1892640045207536,0.0019183578599652317,0.25,2.25
HistoKit (no postprocessing),gaussian,8469f8e6-543f-6b82-f38a-8b184a96e4e9_104905_3.png,5242486,705868,1237095,31919,0.8920354337668941,0.8051118789833371,0.8090779326626213,0.9939483221330179,0.8241721913029791,0.8920354337668941,0.36329461755061726,0.9567368359702733,0.19092206733737876,0.25,2.25
HistoKit (no postprocessing),gaussian,46e107b0-7f41-8fd8-abd7-fbe9d0e935a4_133028_5.png,0,11464740,74520,0,0.0,0.0,0.0,,0.9935420468903552,,0.9935420468903552,1.0,1.0,0.25,2.25
HistoKit (no postprocessing),gaussian,9761f929-4dae-801a-b291-ba7ecada0fc3_101038_3.png,8810011,1114108,48474,268418,0.9823329698743051,0.9652793505091486,0.9945279582231047,0.970433430718024,0.9690565706842811,0.982332969874305,0.9583048765592449,0.8058495825756622,0.0054720417768952595,0.25,2.25
HistoKit (no postprocessing),gaussian,4a12a0e8-253e-42bb-77ff-6e284ada3080_105659_4.png,4951275,6308604,14247,37181,0.994833422376461,0.9897199573910344,0.9971308152496354,0.9925465915706182,0.9954533989750256,0.994833422376461,0.9977467443088569,0.9941408352158165,0.002869184750364614,0.25,2.25
HistoKit (no postprocessing),gaussian,16277008-7349-6ea9-1043-9abf63a9d11e_105523_3.png,2689256,294068,144,578104,0.9029257515830753,0.8230306680573306,0.9999464564586896,0.8230669408941775,0.8376424792198501,0.9029257515830754,0.9995105570133102,0.33716743945001676,5.354354131032944e-05,0.25,2.25
HistoKit (no postprocessing),gaussian,ed9d6e50-ec08-4213-59eb-4f99b1955e7c_103016_4.png,6671658,324352,89937,1874306,0.8716815006233195,0.7725491526593461,0.9866988484225985,0.7806793943901472,0.7807826408473064,0.8716815006233194,0.7829124113843235,0.1475227161295663,0.013301151577401487,0.25,2.25
HistoKit (no postprocessing),gaussian,d7d9e09c-5b48-9d63-55ef-dabd0e7bf5cd_123455_4.png,0,16286694,1335132,0,0.0,0.0,0.0,,0.9242341854924683,,0.9242341854924683,1.0,1.0,0.25,2.25
HistoKit (no postprocessing),gaussian,4c439187-b529-301f-82bf-3874dfa019f2_103211_2.png,2436522,1528486,63948,28508,0.981380324237237,0.9634413585250643,0.9744256079856987,0.9884350291882857,0.9772133529712155,0.981380324237237,0.959842605721807,0.9816903597573272,0.02557439201430131,0.25,2.25
HistoKit (no postprocessing),gaussian,15fe4c3f-571c-b45d-d559-12744253eeb9_122421_2.png,4195199,338978,4578,434605,0.9502600406519857,0.9052337506921095,0.9989099421231175,0.9061288555627841,0.9116928997699745,0.9502600406519857,0.9866746614816798,0.438192152619693,0.0010900578768825106,0.25,2.25
HistoKit (no postprocessing),gaussian,7f0a6db3-032c-fd36-2371-511c4ae59038_115247_1.png,3420418,1167812,240648,84870,0.9545769020062363,0.9131010246838174,0.9342683251271624,0.9757880094303235,0.9337536235069442,0.9545769020062362,0.8291410476690854,0.9322493657608236,0.06573167487283758,0.25,2.25
HistoKit (no postprocessing),gaussian,6fecdbd3-f25f-98e1-f3e7-fdc984783bf1_110414_1.png,10942682,2779840,773843,2909569,0.8559410118028332,0.7481616076035065,0.9339528571824837,0.789956953566608,0.788381824267517,0.8559410118028332,0.7822419726238947,0.48859907944744346,0.06604714281751628,0.25,2.25
HistoKit (no postprocessing),gaussian,efbb89df-e3ec-91fc-7f90-b36e0f9bf420_124740_1.png,3776059,458690,1092,562419,0.9305647165487727,0.8701458900305791,0.9997108932102529,0.8703649067714531,0.8825593027472459,0.9305647165487727,0.997624961394748,0.44920767518452975,0.00028910678974708714,0.25,2.25
HistoKit (no postprocessing),gaussian,d18df4a2-af46-984e-1fcb-35841267a2a7_132544_3.png,4092032,297304,1163,1786910,0.8206930971766634,0.6959113825348356,0.99971586987671,0.6960490510027144,0.7105464443102278,0.8206930971766634,0.9961034218188275,0.14264562084315718,0.0002841301232899972,0.25,2.25
HistoKit (no postprocessing),gaussian,5b6306df-eee5-32e5-a263-7c4b8cf32245_100047_2.png,4203582,1008189,38021,24933,0.9925675179495729,0.9852447043690713,0.9910361719378263,0.9941036037474149,0.9880649702117172,0.9925675179495729,0.9636583477504517,0.9758663546028445,0.008963828062173664,0.25,2.25
HistoKit (no postprocessing),gaussian,36686384-7dd5-47b9-9af9-593716a57c66_072643_8.png,0,4124806,152,0,0.0,0.0,0.0,,0.9999631511399631,,0.9999631511399631,1.0,1.0,0.25,2.25
HistoKit (no postprocessing),gaussian,4f8d8d4c-adc3-ed68-4f51-2bb95426a546_131620_1.png,5843819,1333983,21407,3475,0.9978756066158265,0.9957602201918277,0.9963501832665953,0.9994057080078409,0.9965454544444821,0.9978756066158264,0.9842060218830004,0.9974017875701517,0.003649816733404646,0.25,2.25
HistoKit (no postprocessing),gaussian,adf4a334-3c2a-d6ae-0b72-c218c11535ea_115443_3.png,0,7867462,305720,0,0.0,0.0,0.0,,0.962594739723158,,0.962594739723158,1.0,1.0,0.25,2.25
HistoKit (no postprocessing),gaussian,786743ed-e3ab-4cc3-3e88-4ee844fd6584_104341_2.png,6063999,2820030,54737,71074,0.9897329067231259,0.9796744972785918,0.991054198121965,0.9884151337726543,0.9860362670147306,0.9897329067231259,0.9809595003699431,0.9754163115543405,0.008945801878034941,0.25,2.25
HistoKit (no postprocessing),gaussian,6dacef70-8f47-e898-de47-4738667f2bb0_100303_2.png,5392637,372503,1657,2168307,0.8325029613504592,0.7130664436746035,0.9996928235650485,0.7132227139891527,0.7265361613407966,0.8325029613504591,0.9955714132991234,0.14660797147366392,0.00030717643495145055,0.25,2.25
HistoKit (no postprocessing),gaussian,b04c2edc-8554-0391-20e3-62a3af357e5f_130945_4.png,3963603,358853,203669,1430267,0.8291066067212474,0.7080974335328436,0.9511265403362199,0.7348347290535368,0.7256836017508586,0.8291066067212474,0.6379359385055162,0.20057514308710428,0.048873459663780046,0.25,2.25
HistoKit (no postprocessing),gaussian,18a7f9da-53be-2120-be0a-0738920b492f_101923_2.png,3785846,175215,42172,378981,0.9473087492626218,0.8998922985244351,0.9889833328892393,0.9090043836154539,0.9038949261720217,0.9473087492626218,0.8060049588981861,0.31616070848580646,0.011016667110760712,0.25,2.25
HistoKit (no postprocessing),gaussian,e2bfe175-7bb7-d3b3-d437-ffbd60d747a4_123954_4.png,1858790,250468,2672,582022,0.8640965219788419,0.7607129819552737,0.9985645691397407,0.7615457478904561,0.7829604981825957,0.8640965219788419,0.989444576123884,0.300866076469387,0.0014354308602593016,0.25,2.25
HistoKit (no postprocessing),gaussian,b04c2edc-8554-0391-20e3-62a3af357e5f_130945_2.png,10187382,496214,24616,2052348,0.9074920202133216,0.8306502442119621,0.997589502073933,0.8323208109982818,0.8372356699079038,0.9074920202133216,0.9527369775166561,0.19470352300630708,0.0024104979260669655,0.25,2.25
HistoKit (no postprocessing),gaussian,7f0a6db3-032c-fd36-2371-511c4ae59038_115247_4.png,2869711,860093,8382,9184,0.9969487516736182,0.9939160669378103,0.9970876549159461,0.9968098871268316,0.9953124457953177,0.9969487516736181,0.9903485995566942,0.9894348981970074,0.0029123450840539203,0.25,2.25
HistoKit (no postprocessing),gaussian,0a6bb222-fb92-5dbe-8347-47a6b9e62ff2_125049_2.png,5234637,381546,47143,4163904,0.7131502097263405,0.5541829474710355,0.9910744105206957,0.5569627243207217,0.5714919667088284,0.7131502097263404,0.8900298351485576,0.08394020394020393,0.008925589479304325,0.25,2.25
HistoKit (no postprocessing),gaussian,0f170c8e-9c83-6973-94f2-3858ac80f3dc_115930_1.png,5451527,259949,9794,784590,0.9320890608695682,0.8728153507150518,0.9982066609891637,0.8741861321716703,0.8778971573320054,0.9320890608695682,0.9636913654849245,0.24886481021771326,0.0017933390108363892,0.25,2.25
HistoKit (no postprocessing),gaussian,d18df4a2-af46-984e-1fcb-35841267a2a7_132544_1.png,7157743,152162,230483,1111472,0.9142928272889548,0.842117331698138,0.9688040133044117,0.8655891762398245,0.8448940459045801,0.9142928272889547,0.397658404003711,0.12041619646195022,0.03119598669558836,0.25,2.25
HistoKit (no postprocessing),constant,76bd570a-7866-8dee-341c-c3f9290b76cf_114927_1.png,2696681,417789,65803,272106,0.9410411756833693,0.8886475602964486,0.9761797715389483,0.908344384423672,0.9021228549936146,0.9410411756833694,0.8639286836837665,0.6055834583523579,0.02382022846105172,0.25,
HistoKit (no postprocessing),gaussian,367a29b2-8f5a-4095-840e-86626c38d291_123703_1.png,12354207,6055125,169182,118626,0.988485939995252,0.9772340089772081,0.9864907174886925,0.9904892497157622,0.9846068436135152,0.9884859399952521,0.9728191427575793,0.9807854252625349,0.013509282511307442,0.25,2.25
HistoKit (no postprocessing),constant,96e6b3f2-f43e-7954-4202-361d3af0da92_104636_1.png,4611892,244506,92433,360018,0.9532410074786319,0.9106594873214551,0.9803514850695902,0.9275895983636068,0.9147741817482471,0.953241007478632,0.72566844443653,0.40446036881910397,0.019648514930409783,0.25,
HistoKit (no postprocessing),constant,0a6bb222-fb92-5dbe-8347-47a6b9e62ff2_125049_1.png,5743815,222842,51086,1853764,0.8577671947242035,0.7509565394745358,0.9911843187657563,0.7560059592667612,0.7580069483518214,0.8577671947242035,0.8135057387342659,0.10731067905996612,0.008815681234243691,0.25,
HistoKit (no postprocessing),gaussian,6fecdbd3-f25f-98e1-f3e7-fdc984783bf1_110414_2.png,7885632,676073,91708,2553552,0.8563648601657946,0.7488095025568584,0.9885039374026932,0.7553877774354777,0.7639628570268578,0.8563648601657945,0.880554481030398,0.20933482989511165,0.011496062597306872,0.25,2.25
HistoKit (no postprocessing),constant,32e0aaf3-9973-5f67-ccc7-24d8d8604aa6_110737_5.png,0,5464161,9747,0,0.0,0.0,0.0,,0.9982193708772599,,0.9982193708772599,1.0,1.0,0.25,
HistoKit (no postprocessing),constant,4c439187-b529-301f-82bf-3874dfa019f2_103211_1.png,5220110,2767441,7578,62151,0.9933654292708747,0.9868183133739987,0.998550410812581,0.9882340156989592,0.9913458387942333,0.9933654292708747,0.9972692078865045,0.9780353492659012,0.001449589187418989,0.25,
HistoKit (no postprocessing),constant,36c069a8-8f9e-b246-f3af-1b6cffe0751a_123150_5.png,2294299,341587,4264,1010719,0.8188688626076789,0.693292079671663,0.9981449279397606,0.6941865369568335,0.7219886553037099,0.818868862607679,0.9876709912650246,0.2525959361268825,0.0018550720602393757,0.25,
HistoKit (no postprocessing),constant,9761f929-4dae-801a-b291-ba7ecada0fc3_101038_1.png,5103733,267662,19789,956615,0.9126953371239115,0.8394108553803968,0.9961376178339821,0.8421518038238068,0.8461822751476535,0.9126953371239115,0.9311569624040271,0.21862862734495542,0.003862382166017829,0.25,
HistoKit (no postprocessing),constant,96e6b3f2-f43e-7954-4202-361d3af0da92_104636_4.png,3389346,359692,7174,1656679,0.8029204463819856,0.6707327378161834,0.9978878381402141,0.6716863273566818,0.6926128754486282,0.8029204463819855,0.9804451761678651,0.17838582284708518,0.0021121618597858987,0.25,
HistoKit (no postprocessing),constant,d7d9e09c-5b48-9d63-55ef-dabd0e7bf5cd_123455_3.png,0,3205938,2733,0,0.0,0.0,0.0,,0.9991482454885527,,0.9991482454885527,1.0,1.0,0.25,
HistoKit (no postprocessing),constant,0fcbbf47-bbbc-4a27-0d18-fe35bf99ccdb_133554_3.png,1836255,232998,10510,815685,0.8163482602215526,0.6896861912899773,0.9943089673022827,0.6924195117536596,0.7146572827417381,0.8163482602215527,0.9568392003548138,0.22218153626977838,0.00569103269771736,0.25,
HistoKit (no postprocessing),constant,db9f8afe-40d5-d8aa-882f-512377b755a1_120139_1.png,4101272,7198636,1384870,291122,0.8303400422896672,0.7098986648351192,0.7475694212800179,0.9337213373845789,0.8708380921554574,0.8303400422896673,0.8386591679437283,0.961130653353553,0.2524305787199821,0.25,
HistoKit (no postprocessing),constant,6fecdbd3-f25f-98e1-f3e7-fdc984783bf1_110414_3.png,2423192,774070,382408,873080,0.7942454381212848,0.6587123642175998,0.8636983176504135,0.7351310814156113,0.7180421088091629,0.7942454381212847,0.6693339605249733,0.4699450566129375,0.13630168234958653,0.25,
HistoKit (no postprocessing),constant,cbe296c0-32ef-a6c0-58c3-7dcdd9f9743d_115103_5.png,2740507,654407,37237,129995,0.9703922244179874,0.9424872727572867,0.9865945169893265,0.954713496106256,0.9530530191631674,0.9703922244179874,0.9461616091515288,0.8342750273456723,0.01340548301067341,0.25,
HistoKit (no postprocessing),constant,aedd99b7-9b77-3379-0a55-09f4124063bb_103758_2.png,4556203,134666,20047,822608,0.9153541098341839,0.8439197696994438,0.9956193389784211,0.8470650855737448,0.847718199107838,0.9153541098341839,0.8704245926328105,0.1406765461090555,0.004380661021578804,0.25,
HistoKit (no postprocessing),constant,ed9d6e50-ec08-4213-59eb-4f99b1955e7c_103016_3.png,9739788,213718,116137,528481,0.9679680090541762,0.937924422446503,0.988216529650946,0.9485326105110803,0.9391762164700093,0.9679680090541763,0.6479149929514484,0.2879524224635172,0.011783470349053995,0.25,
HistoKit (no postprocessing),constant,db9f8afe-40d5-d8aa-882f-512377b755a1_120139_3.png,5416432,848340,337187,123941,0.9591705041051916,0.9215443143072976,0.9413956676658639,0.9776294845130463,0.9314399559910198,0.9591705041051914,0.7155804971122547,0.8725255353133508,0.05860433233413613,0.25,
HistoKit (no postprocessing),constant,16277008-7349-6ea9-1043-9abf63a9d11e_105523_2.png,7210287,371637,5228,1191542,0.9233691721204322,0.8576469744406395,0.9992754501930908,0.8581806413817753,0.8636733436659257,0.9233691721204322,0.9861276584453319,0.2377443658083943,0.0007245498069091396,0.25,
HistoKit (no postprocessing),constant,e2bfe175-7bb7-d3b3-d437-ffbd60d747a4_123954_6.png,2245498,163721,10669,656041,0.8707351679215527,0.7710637426996972,0.9952711833831449,0.773898955002845,0.7832492232427992,0.8707351679215526,0.9388210333161305,0.1997177229488559,0.0047288166168550465,0.25,
HistoKit (no postprocessing),constant,042c1e4d-d1be-7f85-b2e1-b98e0b68f672_101215_1.png,3927155,706138,1327009,29258,0.8527489645871263,0.7432976203680115,0.7474366997299665,0.9926049176362528,0.7735614970047884,0.8527489645871263,0.34731281112482276,0.9602146326604986,0.25256330027003343,0.25,
HistoKit (no postprocessing),constant,a2afe16d-3866-9541-f2c7-cc8ca97faf02_130229_2.png,1341489,2127394,37457,2330,0.9853872809441873,0.971195474329533,0.972836499761412,0.9982661355435516,0.9886603755839107,0.9853872809441873,0.9826976544806086,0.9989059615236529,0.027163500238588024,0.25,
HistoKit (no postprocessing),constant,15fe4c3f-571c-b45d-d559-12744253eeb9_122421_3.png,2461994,165970,883,210470,0.9588434341555897,0.9209406784828157,0.9996414762085155,0.9212449634494608,0.9255620277693544,0.9588434341555897,0.9947079165492979,0.4408936351078525,0.0003585237914845118,0.25,
HistoKit (no postprocessing),constant,78f7eac9-40c9-a096-07a4-a0166ddd84e8_103411_4.png,0,3170055,2145,0,0.0,0.0,0.0,,0.9993238131265368,,0.9993238131265368,1.0,1.0,0.25,
HistoKit (no postprocessing),constant,15fe4c3f-571c-b45d-d559-12744253eeb9_122421_1.png,4750704,1660501,262729,11108,0.9719866867786946,0.9455000964267184,0.9475949912963831,0.9976672745585085,0.9590373553374832,0.9719866867786946,0.8633917940131965,0.9933549053636347,0.05240500870361686,0.25,
HistoKit (no postprocessing),constant,73e02c87-178a-0dc6-cf2c-3f6aeb0c5685_124434_1.png,0,9474848,1898060,0,0.0,0.0,0.0,,0.8331068887570355,,0.8331068887570355,1.0,1.0,0.25,
HistoKit (no postprocessing),constant,adf4a334-3c2a-d6ae-0b72-c218c11535ea_115443_6.png,0,5887408,42179,0,0.0,0.0,0.0,,0.9928866883983657,,0.9928866883983657,1.0,1.0,0.25,
HistoKit (no postprocessing),constant,15fe4c3f-571c-b45d-d559-12744253eeb9_122421_5.png,3494525,267220,3446,819521,0.8946537110710333,0.809387718610712,0.9990148574702306,0.8100342462736837,0.8204975579709259,0.8946537110710332,0.9872684415478856,0.24589115529827255,0.0009851425297694007,0.25,
HistoKit (no postprocessing),constant,46e107b0-7f41-8fd8-abd7-fbe9d0e935a4_133028_1.png,0,8915425,346831,0,0.0,0.0,0.0,,0.9625543712028689,,0.9625543712028689,1.0,1.0,0.25,
HistoKit (no postprocessing),constant,adf4a334-3c2a-d6ae-0b72-c218c11535ea_115443_8.png,0,7387011,14580,0,0.0,0.0,0.0,,0.9980301532467817,,0.9980301532467817,1.0,1.0,0.25,
HistoKit (no postprocessing),constant,adf4a334-3c2a-d6ae-0b72-c218c11535ea_115443_5.png,0,5526695,30025,0,0.0,0.0,0.0,,0.9945966325458184,,0.9945966325458184,1.0,1.0,0.25,
HistoKit (no postprocessing),constant,f010c097-faf6-f2df-c82a-aca0270a9814_110553_3.png,543372,4197192,126509,1357,0.8947267023983007,0.8095072090674247,0.8111470544768399,0.9975088530260001,0.9737356807019922,0.8947267023983008,0.9707405761869288,0.9996767931016167,0.1888529455231601,0.25,
HistoKit (no postprocessing),constant,4a12a0e8-253e-42bb-77ff-6e284ada3080_105659_1.png,1910938,1399944,38834,10344,0.9872959664215483,0.9749106685522694,0.9800827994247533,0.9946160948783156,0.9853639518341935,0.9872959664215482,0.9730090396155626,0.992665327933018,0.019917200575246746,0.25,
HistoKit (no postprocessing),constant,c149f6be-4555-ddd6-581f-abc8aeab9698_132314_1.png,3641757,2092448,109420,92095,0.9730775926185457,0.9475668128615409,0.9708304886706226,0.9753351230846857,0.966050453862379,0.9730775926185455,0.9503058312305733,0.957842441187928,0.02916951132937742,0.25,
HistoKit (no postprocessing),constant,e2bfe175-7bb7-d3b3-d437-ffbd60d747a4_123954_3.png,4656309,275386,11825,709290,0.9281309359138817,0.8658995459536015,0.9974668679176734,0.8678078626449721,0.8724324716379995,0.9281309359138818,0.9588281785864747,0.2796716889616483,0.0025331320823266854,0.25,
HistoKit (no postprocessing),constant,f4701930-c3d0-97f5-7529-fedf8cc9402a_110850_3.png,2346086,427349,718,7769,0.99819450847211,0.9963955247936674,0.9996940519958207,0.9966994568484465,0.9969492315025368,0.99819450847211,0.9983226924757106,0.9821450732904637,0.00030594800417930085,0.25,
HistoKit (no postprocessing),constant,e4c17e5d-ca75-8d00-1c03-2c4b0f9dc6a7_131509_7.png,0,4747918,100280,0,0.0,0.0,0.0,,0.9793160262844051,,0.9793160262844051,1.0,1.0,0.25,
HistoKit (no postprocessing),constant,5b6306df-eee5-32e5-a263-7c4b8cf32245_100047_3.png,6724998,567974,16766,21614,0.9971545870310852,0.9943253208677676,0.9975131137785304,0.9967963179148289,0.9947649492208258,0.9971545870310852,0.9713274275746485,0.9633405021811842,0.002486886221469633,0.25,
HistoKit (no postprocessing),constant,67cf3804-696c-ef64-2d57-43ad0b86332a_122601_2.png,5913458,4357505,15742,174790,0.9841453859421734,0.968785663148203,0.9973450043850772,0.9712905913162538,0.9817873066899139,0.9841453859421734,0.9964003862576251,0.9614345491632826,0.0026549956149227553,0.25,
HistoKit (no postprocessing),constant,6dacef70-8f47-e898-de47-4738667f2bb0_100303_3.png,2924346,198325,389,563126,0.9121184016673198,0.8384353619596653,0.9998669964971185,0.8385288828125358,0.8471278985922034,0.9121184016673198,0.9980424127137494,0.2604566807319184,0.00013300350288145764,0.25,
HistoKit (no postprocessing),constant,18a7f9da-53be-2120-be0a-0738920b492f_101923_4.png,8416468,255155,68561,1509308,0.9142965774717619,0.8421236946482793,0.9919197683355001,0.8479405539677703,0.8460539312582517,0.9142965774717617,0.788206329004436,0.1446077361780893,0.008080231664499908,0.25,
HistoKit (no postprocessing),constant,78f7eac9-40c9-a096-07a4-a0166ddd84e8_103411_6.png,0,6315039,504881,0,0.0,0.0,0.0,,0.9259696594681462,,0.9259696594681462,1.0,1.0,0.25,
HistoKit (no postprocessing),constant,7fcfd7e6-a936-d1a4-6766-2f191e54690d_131809_1.png,3349557,251716,9689,526073,0.9259473140935657,0.8621060458613565,0.9971157218018567,0.8642612942927989,0.8704961403517253,0.9259473140935658,0.9629349094317248,0.3236301876215786,0.002884278198143274,0.25,
HistoKit (no postprocessing),constant,78f7eac9-40c9-a096-07a4-a0166ddd84e8_103411_1.png,0,2767255,6505,0,0.0,0.0,0.0,,0.997654807914167,,0.997654807914167,1.0,1.0,0.25,
HistoKit (no postprocessing),constant,2852fafe-6f36-4c12-47aa-96e73b433b3f_123004_2.png,2482394,1108731,5955,103818,0.9783679809938239,0.9576520339931802,0.9976068469495235,0.9598571192152847,0.9703388204700589,0.9783679809938238,0.9946576883534914,0.9143803673088675,0.0023931530504764406,0.25,
HistoKit (no postprocessing),constant,f4701930-c3d0-97f5-7529-fedf8cc9402a_110850_4.png,2526062,507077,3066,37565,0.9920218035228476,0.9841699026724271,0.9987877244647166,0.9853469322955328,0.986781379218354,0.9920218035228476,0.993989920473279,0.9310280881753519,0.0012122755352833071,0.25,
HistoKit (no postprocessing),constant,d7d73023-1258-3c47-44ee-6493877f23d1_111048_2.png,6618123,417717,27339,666165,0.9502141818769181,0.9051505225854656,0.9958860648063295,0.9085476850997655,0.9102764736567553,0.9502141818769181,0.9385717752372735,0.3853897379973097,0.004113935193670508,0.25,
HistoKit (no postprocessing),constant,eb22b9cd-e52e-fa2d-85a8-60a50dc5a7c4_102757_1.png,2187071,589144,17294,33172,0.9885942438290578,0.9774457360928557,0.992154656783246,0.9850592930593634,0.9821465527946026,0.9885942438290578,0.9714826577490197,0.9466958908335958,0.00784534321675403,0.25,
HistoKit (no postprocessing),constant,adf4a334-3c2a-d6ae-0b72-c218c11535ea_115443_4.png,0,4471987,2963609,0,0.0,0.0,0.0,,0.6014295289846302,,0.6014295289846302,1.0,1.0,0.25,
HistoKit (no postprocessing),constant,0a6bb222-fb92-5dbe-8347-47a6b9e62ff2_125049_4.png,7666395,471636,17098,5934284,0.7203846125656191,0.5629696388771824,0.9977747100179567,0.5636773722841337,0.5775990099800468,0.7203846125656191,0.9650157345304399,0.07362502185478433,0.002225289982043323,0.25,
HistoKit (no postprocessing),constant,db9f8afe-40d5-d8aa-882f-512377b755a1_120139_2.png,3007383,1931191,78828,58341,0.9777031129230072,0.9563788418827229,0.9744580004413178,0.9809699111857427,0.9729755820970447,0.977703112923007,0.960782460265301,0.9706760182796759,0.025541999558682152,0.25,
HistoKit (no postprocessing),constant,f569a03d-b1d7-9121-59cf-f65992813d75_131224_1.png,0,4174307,194599,0,0.0,0.0,0.0,,0.9554581856418976,,0.9554581856418976,1.0,1.0,0.25,
HistoKit (no postprocessing),constant,0823ec0e-9dd5-2324-aa8d-fe8db13ea4cd_103937_1.png,1448528,4069504,35245,46395,0.9725920335609944,0.9466463813123788,0.976246366526416,0.9689649567235236,0.9854205746336571,0.9725920335609943,0.9914136040961335,0.9887278575105949,0.023753633473583897,0.25,
HistoKit (no postprocessing),constant,98491719-8df8-3c0a-7325-de39c48b2a96_133826_2.png,2680525,1626496,104497,53292,0.971409022803528,0.9444074897985212,0.9624789319438051,0.9805063762497636,0.9646594143983731,0.971409022803528,0.9396317604981649,0.9682745679811976,0.03752106805619489,0.25,
HistoKit (no postprocessing),gaussian,67cf3804-696c-ef64-2d57-43ad0b86332a_122601_1.png,21142441,12628598,7663147,871235,0.8320640377633175,0.7124226538669587,0.733970124130082,0.9604230115860704,0.7982674135307624,0.8320640377633175,0.6223515030373189,0.9354632757308924,0.266029875869918,0.25,2.25
HistoKit (no postprocessing),constant,2852fafe-6f36-4c12-47aa-96e73b433b3f_123004_1.png,2120210,2842336,29506,99881,0.970390683158318,0.9424843649773715,0.9862744660224886,0.9550104027267351,0.9745898070536277,0.970390683158318,0.989725757893366,0.9660524699571785,0.013725533977511448,0.25,
HistoKit (no postprocessing),constant,18a7f9da-53be-2120-be0a-0738920b492f_101923_3.png,11724631,132772,83154,418779,0.979043509102573,0.958947337943841,0.9929576969770367,0.9655138877794622,0.9593883522545225,0.9790435091025729,0.6148958439465373,0.24072479244893039,0.00704230302296324,0.25,
HistoKit (no postprocessing),constant,8956f1ca-9d66-b2d7-8ef9-bd09fb590f4a_110204_2.png,6207268,1440728,157419,445839,0.9536589686393869,0.9114227006842056,0.9752668120207639,0.9329878506388068,0.9268889310642964,0.953658968639387,0.9014990485856432,0.7636770917756963,0.024733187979236057,0.25,
HistoKit (no postprocessing),constant,8469f8e6-543f-6b82-f38a-8b184a96e4e9_104905_1.png,8823607,8761543,6116234,166733,0.7374459056536179,0.5840905423029735,0.5906091637789184,0.9814542052914573,0.7367631891531284,0.737445905653618,0.58890135266848,0.9813252860910662,0.4093908362210816,0.25,
HistoKit (no postprocessing),constant,36c069a8-8f9e-b246-f3af-1b6cffe0751a_123150_4.png,3374489,198417,78075,1111379,0.8501651207694416,0.7393801806902497,0.9773863714039769,0.752248840135287,0.7502385371958441,0.8501651207694416,0.7176229330324204,0.15148694911268626,0.02261362859602313,0.25,
HistoKit (no postprocessing),constant,c93efc84-bec7-4ba6-b526-5de46512cbba_100824_1.png,7386828,857719,48479,36079,0.9943090064525925,0.9886824211732602,0.9934798926258189,0.9951395053177953,0.9898478888187866,0.9943090064525925,0.9465028614055648,0.9596340560171314,0.006520107374181052,0.25,
HistoKit (no postprocessing),constant,36c069a8-8f9e-b246-f3af-1b6cffe0751a_123150_3.png,6375333,353451,4380,1868212,0.8719442685070591,0.7729620480302621,0.9993134487397788,0.7733727419453645,0.7822915775336411,0.871944268507059,0.9877595848319458,0.15909298574986394,0.000686551260221267,0.25,
HistoKit (no postprocessing),constant,46e107b0-7f41-8fd8-abd7-fbe9d0e935a4_133028_6.png,0,5252523,24932,0,0.0,0.0,0.0,,0.9952757531802734,,0.9952757531802734,1.0,1.0,0.25,
HistoKit (no postprocessing),constant,6dacef70-8f47-e898-de47-4738667f2bb0_100303_1.png,8154771,338415,11076,1537066,0.9133066751545161,0.8404456476111865,0.998643618965675,0.8414061235243638,0.8458229827767801,0.9133066751545161,0.9683081967775994,0.18044171068648523,0.001356381034325037,0.25,
HistoKit (no postprocessing),constant,18a7f9da-53be-2120-be0a-0738920b492f_101923_5.png,7147497,412141,4677,1324475,0.9149296223934416,0.8431984148453003,0.9993460729562788,0.8436639072933669,0.8504687364646931,0.9149296223934416,0.9887792753671867,0.23732419832593965,0.0006539270437212518,0.25,
HistoKit (no postprocessing),constant,e2bfe175-7bb7-d3b3-d437-ffbd60d747a4_123954_2.png,3852471,176900,48882,185947,0.970423706174901,0.9425466689501627,0.9874705006186315,0.9539554845486524,0.9449301158482247,0.9704237061749009,0.7834991274769468,0.4875333129390625,0.012529499381368464,0.25,
HistoKit (no postprocessing),constant,d18df4a2-af46-984e-1fcb-35841267a2a7_132544_2.png,8506366,140376,128451,310532,0.9748458532585479,0.9509261181425118,0.9851240622702253,0.9647799033174707,0.9516843179823294,0.974845853258548,0.5221796917720318,0.31131849512539145,0.014875937729774701,0.25,
HistoKit (no postprocessing),constant,103a5b47-1de4-c7ee-81eb-83cd201d2a51_131937_2.png,2675153,1758186,118908,20563,0.9745944143086323,0.9504477329831622,0.9574425898360844,0.9923719709346237,0.9694999354882446,0.9745944143086323,0.9366531457668076,0.9884396280756869,0.04255741016391553,0.25,
HistoKit (no postprocessing),constant,0f170c8e-9c83-6973-94f2-3858ac80f3dc_115930_3.png,6477932,354836,39574,667770,0.9482300203583228,0.9015564607399911,0.9939280454824284,0.9065494194972027,0.9061891918846828,0.9482300203583228,0.8996627874546791,0.346991901084093,0.0060719545175715985,0.25,
HistoKit (no postprocessing),constant,d7d73023-1258-3c47-44ee-6493877f23d1_111048_3.png,6296859,272725,7089,1256425,0.9088191638849663,0.8328767641490704,0.9988754666123515,0.8336584457833176,0.8386954944263432,0.9088191638849664,0.9746653133867498,0.17835071771899422,0.001124533387648502,0.25,
HistoKit (no postprocessing),constant,67cf3804-696c-ef64-2d57-43ad0b86332a_122601_3.png,2918927,3898066,1122414,201481,0.8151436192471978,0.6879682909158102,0.7222669406021417,0.9354312000225612,0.8373770772918139,0.8151436192471978,0.7764329307157881,0.950852862523591,0.2777330593978583,0.25,
HistoKit (no postprocessing),constant,aedd99b7-9b77-3379-0a55-09f4124063bb_103758_4.png,4522607,121315,20378,419530,0.9536212607492028,0.9113538195854319,0.9955144029751364,0.9151116207422012,0.9134691757985614,0.9536212607492028,0.8561820273408002,0.22430640941489705,0.004485597024863609,0.25,
HistoKit (no postprocessing),constant,36c069a8-8f9e-b246-f3af-1b6cffe0751a_123150_2.png,4643406,357553,4583,1354838,0.8723096704721754,0.7735365353690853,0.9990139821759475,0.7741275613329501,0.7862673299394062,0.8723096704721754,0.9873445335454084,0.20880336325056603,0.0009860178240525097,0.25,
HistoKit (no postprocessing),constant,8956f1ca-9d66-b2d7-8ef9-bd09fb590f4a_110204_1.png,6874769,3395408,623533,116655,0.9489163563203334,0.9027981379277651,0.9168434400214875,0.983314557949854,0.9327735274897789,0.9489163563203334,0.8448514173261066,0.9667844796633773,0.08315655997851247,0.25,
HistoKit (no postprocessing),constant,042c1e4d-d1be-7f85-b2e1-b98e0b68f672_101215_2.png,0,16709870,287068,0,0.0,0.0,0.0,,0.9831106049807324,,0.9831106049807324,1.0,1.0,0.25,
HistoKit (no postprocessing),constant,103a5b47-1de4-c7ee-81eb-83cd201d2a51_131937_3.png,501542,9910733,25089,322,0.9752930252456259,0.9517774830013302,0.9523594319362134,0.9993583919149411,0.9975654565580915,0.9752930252456259,0.9974748943771335,0.9999675110268281,0.047640568063786595,0.25,
HistoKit (no postprocessing),constant,5b6306df-eee5-32e5-a263-7c4b8cf32245_100047_4.png,5960886,360284,5009,25691,0.9974314936692594,0.9948761479848575,0.9991603942074073,0.9957085660136001,0.9951667776576032,0.9974314936692594,0.9862877197208816,0.9334386942159466,0.0008396057925927292,0.25,
HistoKit (no postprocessing),constant,e4c17e5d-ca75-8d00-1c03-2c4b0f9dc6a7_131509_4.png,0,13025044,431814,0,0.0,0.0,0.0,,0.9679112315816961,,0.9679112315816961,1.0,1.0,0.25,
HistoKit (no postprocessing),constant,78f7eac9-40c9-a096-07a4-a0166ddd84e8_103411_2.png,0,3792242,10186,0,0.0,0.0,0.0,,0.9973211853058098,,0.9973211853058098,1.0,1.0,0.25,
HistoKit (no postprocessing),constant,4a12a0e8-253e-42bb-77ff-6e284ada3080_105659_3.png,789638,3467824,9174,48748,0.9646212614479128,0.9316602954363113,0.9885154454364732,0.9418549450968885,0.9865777877472781,0.9646212614479128,0.9973615170327966,0.9861376363117264,0.011484554563526837,0.25,
HistoKit (no postprocessing),constant,d07adf84-9a4a-637f-4bfb-56af281dbf05_133243_1.png,3502688,890414,9545,19521,0.9958680446864158,0.9917700949726397,0.9972823556979278,0.9944577394470345,0.9934272058411169,0.9958680446864159,0.9893939612804583,0.9785468192783001,0.0027176443020722144,0.25,
HistoKit (no postprocessing),constant,46e107b0-7f41-8fd8-abd7-fbe9d0e935a4_133028_4.png,0,5751870,56688,0,0.0,0.0,0.0,,0.9902406070491161,,0.9902406070491161,1.0,1.0,0.25,
HistoKit (no postprocessing),constant,aedd99b7-9b77-3379-0a55-09f4124063bb_103758_3.png,2356247,1177688,402097,1333687,0.7308143352380279,0.5758135752148505,0.8542252162891938,0.6385607439049046,0.6706116588000233,0.7308143352380279,0.7454735929256197,0.4689415161017371,0.14577478371080618,0.25,
HistoKit (no postprocessing),constant,f4701930-c3d0-97f5-7529-fedf8cc9402a_110850_2.png,3812730,436347,7433,21716,0.996191967479985,0.9924128271608762,0.9980542715062158,0.994336600385036,0.9931866619482,0.9961919674799848,0.9832507098111677,0.9525916740710338,0.0019457284937841658,0.25,
HistoKit (no postprocessing),constant,18a7f9da-53be-2120-be0a-0738920b492f_101923_1.png,4644733,471868,11225,1733606,0.8418720286394321,0.7269248731212333,0.9975891105546915,0.7282041609892481,0.745704540976286,0.841872028639432,0.9767643083215861,0.21395310033126666,0.0024108894453085702,0.25,
HistoKit (no postprocessing),constant,c93efc84-bec7-4ba6-b526-5de46512cbba_100824_2.png,3113207,318045,1665,24628,0.9957949412950263,0.991625099538143,0.9994654676018789,0.9921512762780708,0.9923954713532289,0.9957949412950263,0.9947921553908229,0.9281297330107712,0.0005345323981210142,0.25,
HistoKit (no postprocessing),constant,adf4a334-3c2a-d6ae-0b72-c218c11535ea_115443_2.png,0,5969253,166267,0,0.0,0.0,0.0,,0.9729009114141914,,0.9729009114141914,1.0,1.0,0.25,
HistoKit (no postprocessing),constant,8469f8e6-543f-6b82-f38a-8b184a96e4e9_104905_2.png,8268493,3782133,451644,235090,0.9601285901071314,0.923314730045369,0.9482067770265536,0.972354006540537,0.9460850600124359,0.9601285901071314,0.8933236209653933,0.9414794747515883,0.05179322297344641,0.25,
HistoKit (no postprocessing),constant,103a5b47-1de4-c7ee-81eb-83cd201d2a51_131937_1.png,1389173,2664240,130657,5732,0.9532070668517035,0.9105975371699085,0.9140318325075831,0.9958907595857782,0.9674473877285847,0.9532070668517035,0.9532515867311031,0.9978531610069319,0.08596816749241691,0.25,
HistoKit (no postprocessing),constant,9761f929-4dae-801a-b291-ba7ecada0fc3_101038_2.png,5209992,217674,92960,390734,0.9556393723292269,0.9150472997632817,0.9824701411591129,0.9302351159474682,0.9181755129107346,0.9556393723292269,0.7007410650476124,0.3577763606001236,0.017529858840887112,0.25,
HistoKit (no postprocessing),constant,a2afe16d-3866-9541-f2c7-cc8ca97faf02_130229_1.png,1108638,6661563,18467,10132,0.9872659876440141,0.9748522075873367,0.9836155460227751,0.9909436255888163,0.996332897368826,0.9872659876440141,0.9972354914573737,0.998481345445198,0.016384453977224836,0.25,
HistoKit (no postprocessing),constant,36c069a8-8f9e-b246-f3af-1b6cffe0751a_123150_1.png,3263470,196539,37495,905688,0.8737392945203178,0.7757877818778968,0.9886412003762536,0.7827647692891466,0.7857956228118147,0.8737392945203178,0.8397882358973483,0.1783108198220512,0.011358799623746389,0.25,
HistoKit (no postprocessing),constant,32e0aaf3-9973-5f67-ccc7-24d8d8604aa6_110737_7.png,0,4627459,244265,0,0.0,0.0,0.0,,0.9498606653414684,,0.9498606653414684,1.0,1.0,0.25,
HistoKit (no postprocessing),constant,ed9d6e50-ec08-4213-59eb-4f99b1955e7c_103016_1.png,5246434,240057,6749,739703,0.9335856617660143,0.8754436510222287,0.9987152551129477,0.8764306597059172,0.8802408428891456,0.9335856617660142,0.9726546356247417,0.24501612639830161,0.0012847448870522882,0.25,
HistoKit (no postprocessing),constant,9761f929-4dae-801a-b291-ba7ecada0fc3_101038_4.png,5299353,534383,6883,2149487,0.8309402468476079,0.7107765403838099,0.9987028469898437,0.7114333238463976,0.7301199758801697,0.8309402468476079,0.9872835167921133,0.1991091222749239,0.0012971530101563518,0.25,
HistoKit (no postprocessing),constant,d7d73023-1258-3c47-44ee-6493877f23d1_111048_1.png,5814128,467991,113207,2581166,0.8118799977294672,0.6833316467847862,0.9809008601673433,0.6925460859381458,0.6998412074560976,0.8118799977294671,0.805217843144677,0.15348209357537182,0.019099139832656667,0.25,
HistoKit (no postprocessing),constant,367a29b2-8f5a-4095-840e-86626c38d291_123703_3.png,4498759,1561377,58946,32608,0.9899270244531014,0.9800549548581982,0.9870667364386243,0.9928039375314337,0.9851172604601337,0.9899270244531015,0.9636208336239133,0.9795430948220968,0.012933263561375736,0.25,
HistoKit (no postprocessing),constant,16277008-7349-6ea9-1043-9abf63a9d11e_105523_1.png,1885949,252496,2815,852818,0.8150994558437318,0.6879053772602826,0.9985096073410972,0.6886124303381778,0.7142248799129481,0.8150994558437319,0.988974231427553,0.22843825374508964,0.0014903926589028592,0.25,
HistoKit (no postprocessing),constant,78f7eac9-40c9-a096-07a4-a0166ddd84e8_103411_8.png,0,5968249,616091,0,0.0,0.0,0.0,,0.9064308647487828,,0.9064308647487828,1.0,1.0,0.25,
HistoKit (no postprocessing),constant,aedd99b7-9b77-3379-0a55-09f4124063bb_103758_1.png,18732587,4066723,1167857,763819,0.9509687703458525,0.9065209342331735,0.9413150279461101,0.9608225741708497,0.9218924793374595,0.9509687703458525,0.7768957585899919,0.8418771640946295,0.05868497205388985,0.25,
HistoKit (no postprocessing),constant,cbe296c0-32ef-a6c0-58c3-7dcdd9f9743d_115103_2.png,2738079,1342808,2724627,89958,0.6605147451802571,0.4931108743478806,0.5012312579150333,0.9681906566286085,0.5918212705381154,0.6605147451802571,0.3301363144094497,0.9372137529785045,0.4987687420849667,0.25,
HistoKit (no postprocessing),constant,0f170c8e-9c83-6973-94f2-3858ac80f3dc_115930_5.png,7152076,280324,40824,463056,0.96597252085895,0.9341845747284859,0.9943244032309638,0.9391926495824366,0.9365092965469969,0.96597252085895,0.8728810392716131,0.3770938147380882,0.005675596769036133,0.25,
HistoKit (no postprocessing),constant,7f0a6db3-032c-fd36-2371-511c4ae59038_115247_3.png,3632183,689205,4048,15534,0.9973116227628204,0.9946376615143636,0.998886759394549,0.995741445950988,0.9954890266461183,0.9973116227628204,0.9941608619075576,0.9779577971419207,0.0011132406054510837,0.25,
HistoKit (no postprocessing),constant,37e97aba-1a30-28bd-be40-a79de2fca963_105321_2.png,3127946,844315,68317,18818,0.9862628678704978,0.9728980389607602,0.9786259766483547,0.9940198883678598,0.9785349840222536,0.9862628678704978,0.9251428834404228,0.9781980297358577,0.021374023351645344,0.25,
HistoKit (no postprocessing),constant,c149f6be-4555-ddd6-581f-abc8aeab9698_132314_2.png,2860938,1597178,38769,38035,0.9867549166362,0.9738561112582385,0.9866300284821881,0.9868798364110325,0.9830638688223827,0.9867549166362,0.9763017995081748,0.9767400332556064,0.013369971517811972,0.25,
HistoKit (no postprocessing),constant,0a6bb222-fb92-5dbe-8347-47a6b9e62ff2_125049_3.png,4701295,334914,7626,1386758,0.8708541856264542,0.7712504218151908,0.9983805207180159,0.7722165033714391,0.7831640099132382,0.8708541856264542,0.9777369066386408,0.19452834221617127,0.0016194792819841318,0.25,
HistoKit (no postprocessing),constant,0f170c8e-9c83-6973-94f2-3858ac80f3dc_115930_4.png,6303205,361816,11775,1293468,0.9061762825740406,0.8284481933766256,0.9981353860186414,0.829732305181492,0.8362359138919363,0.9061762825740406,0.9684815747702702,0.21858243056780588,0.001864613981358611,0.25,
HistoKit (no postprocessing),constant,d76874a4-c608-41cd-b260-c14f0dca935a_100643_5.png,0,3917631,12139,0,0.0,0.0,0.0,,0.9969110151484692,,0.9969110151484692,1.0,1.0,0.25,
HistoKit (no postprocessing),constant,8469f8e6-543f-6b82-f38a-8b184a96e4e9_104905_3.png,5238706,761958,1181005,35699,0.8959558807181321,0.8115218088394076,0.8160345535803715,0.9932316536178014,0.8314199857898337,0.895955880718132,0.39216289759506484,0.9552451743042436,0.18396544641962856,0.25,
HistoKit (no postprocessing),constant,ed9d6e50-ec08-4213-59eb-4f99b1955e7c_103016_4.png,6724025,326433,87856,1821939,0.8756469413514721,0.7788006930883433,0.9871025345275409,0.786807082267138,0.7868592549786262,0.875646941351472,0.7879354749945087,0.15194435600538453,0.012897465472459076,0.25,
HistoKit (no postprocessing),constant,46e107b0-7f41-8fd8-abd7-fbe9d0e935a4_133028_5.png,0,11466967,72293,0,0.0,0.0,0.0,,0.9937350402018847,,0.9937350402018847,1.0,1.0,0.25,
HistoKit (no postprocessing),constant,d7d9e09c-5b48-9d63-55ef-dabd0e7bf5cd_123455_1.png,0,3112025,2663500,0,0.0,0.0,0.0,,0.5388298033512104,,0.5388298033512104,1.0,1.0,0.25,
HistoKit (no postprocessing),constant,16277008-7349-6ea9-1043-9abf63a9d11e_105523_3.png,2774559,293654,558,492801,0.9183515303409512,0.8490295656133354,0.9997989273965746,0.8491745629499046,0.8614771791781831,0.9183515303409512,0.9981034084265767,0.3733894501274707,0.00020107260342536908,0.25,
HistoKit (no postprocessing),constant,9761f929-4dae-801a-b291-ba7ecada0fc3_101038_3.png,8812833,1115844,46738,265596,0.9825881369160442,0.9657722428531993,0.994724575264423,0.9707442774515282,0.9695016439294909,0.9825881369160442,0.9597981045638071,0.8077397498262683,0.005275424735576926,0.25,
HistoKit (no postprocessing),constant,4a12a0e8-253e-42bb-77ff-6e284ada3080_105659_4.png,4950881,6308277,14574,37575,0.9947609537597835,0.9895765166309216,0.9970649215429401,0.9924676092161583,0.9953896574463057,0.9947609537597834,0.9976950271325388,0.9940788092757284,0.0029350784570598264,0.25,
HistoKit (no postprocessing),constant,4c439187-b529-301f-82bf-3874dfa019f2_103211_2.png,2433295,1520564,71870,31735,0.9791547414135663,0.9591607867870235,0.971311270914291,0.9871259173316349,0.9744655775134419,0.9791547414135662,0.9548678312570568,0.9795561293281771,0.028688729085708926,0.25,
HistoKit (no postprocessing),constant,d7d9e09c-5b48-9d63-55ef-dabd0e7bf5cd_123455_4.png,0,16362241,1259585,0,0.0,0.0,0.0,,0.9285213121500575,,0.9285213121500575,1.0,1.0,0.25,
HistoKit (no postprocessing),constant,7f0a6db3-032c-fd36-2371-511c4ae59038_115247_1.png,3424349,1165033,243427,80939,0.9547799935982727,0.9134727499956652,0.9336308978519954,0.9769094579389768,0.9339880677641589,0.9547799935982727,0.8271679706913935,0.935039471191969,0.06636910214800468,0.25,
HistoKit (no postprocessing),constant,6fecdbd3-f25f-98e1-f3e7-fdc984783bf1_110414_1.png,11250703,2775555,778128,2601548,0.8694151967835039,0.7689960048198341,0.9353114197048741,0.8121931229805177,0.8058319651217797,0.8694151967835039,0.781036181336377,0.5161803670117534,0.06468858029512593,0.25,
HistoKit (no postprocessing),constant,15fe4c3f-571c-b45d-d559-12744253eeb9_122421_2.png,4231300,338517,5039,398504,0.9544849434528633,0.9129327573771108,0.9988105295633801,0.9139263778769037,0.9188590811845513,0.9544849434528634,0.9853328132822596,0.4593044160207104,0.0011894704366199212,0.25,
HistoKit (no postprocessing),constant,efbb89df-e3ec-91fc-7f90-b36e0f9bf420_124740_1.png,3811706,458687,1095,526772,0.9352412057052641,0.8783596911493365,0.9997128095591666,0.8785813826876614,0.8899878289213173,0.935241205705264,0.9976184365634149,0.4654551838280436,0.00028719044083339257,0.25,
HistoKit (no postprocessing),constant,5b6306df-eee5-32e5-a263-7c4b8cf32245_100047_2.png,4202930,1008823,37387,25585,0.9925642638796,0.9852382919251309,0.9911829705184777,0.993949412500606,0.9880615577115395,0.9925642638795998,0.9642643446344424,0.9752660458929165,0.008817029481522255,0.25,
HistoKit (no postprocessing),constant,786743ed-e3ab-4cc3-3e88-4ee844fd6584_104341_2.png,6061797,2823310,51457,73276,0.9898163234864648,0.9798379705586169,0.9915827151955408,0.9880562138380423,0.9861559139784947,0.9898163234864648,0.9821004624026921,0.9747026326855133,0.008417284804459295,0.25,
HistoKit (no postprocessing),constant,d18df4a2-af46-984e-1fcb-35841267a2a7_132544_3.png,4313631,297236,1231,1565311,0.8463241004045202,0.7335891307959816,0.9997147069825176,0.7337427380640938,0.7464079195662777,0.8463241004045202,0.9958755909363515,0.1595857715268393,0.0002852930174823668,0.25,
HistoKit (no postprocessing),constant,36686384-7dd5-47b9-9af9-593716a57c66_072643_8.png,0,4124824,134,0,0.0,0.0,0.0,,0.999967514820757,,0.999967514820757,1.0,1.0,0.25,
HistoKit (no postprocessing),constant,4f8d8d4c-adc3-ed68-4f51-2bb95426a546_131620_1.png,5843828,1333500,21890,3466,0.9978352280352825,0.9956798083004383,0.996268146542333,0.9994072471813458,0.9964796456432075,0.9978352280352825,0.9838496668855459,0.9974075630943494,0.003731853457667075,0.25,
HistoKit (no postprocessing),constant,6dacef70-8f47-e898-de47-4738667f2bb0_100303_2.png,5677055,372640,1520,1883889,0.8575923339813176,0.7506885322032607,0.9997323272123728,0.7508394454449074,0.7623964348797445,0.8575923339813176,0.9959375668163353,0.1651385823093787,0.0002676727876271776,0.25,
HistoKit (no postprocessing),constant,adf4a334-3c2a-d6ae-0b72-c218c11535ea_115443_3.png,0,7898159,275023,0,0.0,0.0,0.0,,0.9663505596718635,,0.9663505596718635,1.0,1.0,0.25,
HistoKit (no postprocessing),constant,b04c2edc-8554-0391-20e3-62a3af357e5f_130945_4.png,3992308,360879,201643,1401562,0.8327873455292918,0.7134838217693356,0.9519205160003061,0.7401565110023045,0.7308429331044699,0.8327873455292918,0.6415375754192725,0.20476089696052235,0.04807948399969385,0.25,
HistoKit (no postprocessing),constant,e2bfe175-7bb7-d3b3-d437-ffbd60d747a4_123954_4.png,1897652,250117,3023,543160,0.8741944868198385,0.7765057788271303,0.9984095124100648,0.777467498520984,0.7972558531109686,0.8741944868198384,0.9880579916251876,0.3152959180714933,0.0015904875899351546,0.25,
HistoKit (no postprocessing),constant,b04c2edc-8554-0391-20e3-62a3af357e5f_130945_2.png,10345545,497188,23642,1894185,0.9151738670189289,0.8436134042088913,0.9977199755390659,0.8452429097700684,0.8497066743152338,0.9151738670189288,0.9546070694852447,0.2079090129394285,0.002280024460934112,0.25,
HistoKit (no postprocessing),constant,0a6bb222-fb92-5dbe-8347-47a6b9e62ff2_125049_2.png,5487074,382756,45933,3911467,0.7349638496959592,0.5809824877489207,0.9916983658253098,0.5838218932066158,0.5973025969678128,0.7349638496959591,0.8928523941598688,0.08913277209870098,0.008301634174690181,0.25,
HistoKit (no postprocessing),constant,18a7f9da-53be-2120-be0a-0738920b492f_101923_2.png,3807263,176265,41122,357564,0.950246418040606,0.905209026547873,0.989314478670923,0.9141467340660249,0.9090217867041637,0.950246418040606,0.8108350545340798,0.330190004664415,0.010685521329077002,0.25,
HistoKit (no postprocessing),constant,7f0a6db3-032c-fd36-2371-511c4ae59038_115247_4.png,2870177,860322,8153,8718,0.9970695951608631,0.9941563146854503,0.9971674547393802,0.9969717547878613,0.9954979092003191,0.9970695951608631,0.9906122801462334,0.9899682408174537,0.0028325452606198735,0.25,
HistoKit (no postprocessing),constant,d18df4a2-af46-984e-1fcb-35841267a2a7_132544_1.png,7232366,154023,228622,1036849,0.9195515150058775,0.8510831638686409,0.9693576775622746,0.8746133701929385,0.8537342259352324,0.9195515150058776,0.40252191979511037,0.1293363182609046,0.030642322437725404,0.25,
HistoKit (no postprocessing),constant,0f170c8e-9c83-6973-94f2-3858ac80f3dc_115930_1.png,5496160,259913,9830,739957,0.9361454464688492,0.8799562340186364,0.9982146716575947,0.8813433102682326,0.884752054301814,0.9361454464688492,0.9635579051170929,0.2599467930831008,0.0017853283424052713,0.25,
HistoKit (no postprocessing),constant,367a29b2-8f5a-4095-840e-86626c38d291_123703_1.png,12361772,6054907,169400,111061,0.9887833569062237,0.9778155488828595,0.9864817113674603,0.991095767898119,0.9849997914119486,0.9887833569062237,0.9727841187782029,0.981988067404826,0.013518288632539718,0.25,
HistoKit (no postprocessing),gaussian,76bd570a-7866-8dee-341c-c3f9290b76cf_114927_1.png,2607006,446801,36791,361781,0.9289860071582002,0.8673892342837218,0.9860840299009341,0.8781384450955896,0.8845514933325687,0.9289860071582002,0.9239214048205926,0.5525735175900527,0.01391597009906585,0.75,1.75
HistoKit (no postprocessing),gaussian,96e6b3f2-f43e-7954-4202-361d3af0da92_104636_1.png,4570335,237144,99795,401575,0.9480016676968774,0.9011436982237728,0.9786312158333922,0.9192312411125704,0.9055595666782009,0.9480016676968773,0.7038187921255776,0.37128064140881983,0.02136878416660778,0.75,1.75
HistoKit (no postprocessing),gaussian,32e0aaf3-9973-5f67-ccc7-24d8d8604aa6_110737_5.png,0,5461988,11920,0,0.0,0.0,0.0,,0.9978223967227802,,0.9978223967227802,1.0,1.0,0.75,1.75
HistoKit (no postprocessing),gaussian,36c069a8-8f9e-b246-f3af-1b6cffe0751a_123150_5.png,2156284,343682,2169,1148734,0.7893458206330738,0.6519994182367069,0.9989951136299934,0.6524273090191944,0.6847591628184961,0.7893458206330738,0.9937285131458344,0.2302856576182512,0.0010048863700066668,0.75,1.75
HistoKit (no postprocessing),gaussian,0a6bb222-fb92-5dbe-8347-47a6b9e62ff2_125049_1.png,5944474,228094,45834,1653105,0.8749666522837584,0.7777250817141504,0.9923486405039608,0.7824168725326844,0.7841659799070242,0.8749666522837585,0.832678660085862,0.12124926708976562,0.007651359496039269,0.75,1.75
HistoKit (no postprocessing),gaussian,4c439187-b529-301f-82bf-3874dfa019f2_103211_1.png,5218669,2768262,6757,63592,0.99330499661819,0.986699043187223,0.9987068996862648,0.987961215850561,0.9912688897493943,0.99330499661819,0.9975650617166946,0.9775440400529123,0.0012931003137351864,0.75,1.75
HistoKit (no postprocessing),constant,6fecdbd3-f25f-98e1-f3e7-fdc984783bf1_110414_2.png,8193322,667676,100105,2245862,0.8747656159624518,0.7774074702762207,0.9879295977404757,0.7848623034137534,0.7906688385303247,0.8747656159624517,0.8696177686084965,0.22916330591878328,0.01207040225952432,0.25,
HistoKit (no postprocessing),gaussian,96e6b3f2-f43e-7954-4202-361d3af0da92_104636_4.png,3140616,361234,5632,1905409,0.7667264018179082,0.6217001668957334,0.9982099313213707,0.6223940626532766,0.6469463360706875,0.7667264018179082,0.9846483457175099,0.15936960518264234,0.0017900686786292753,0.75,1.75
HistoKit (no postprocessing),gaussian,9761f929-4dae-801a-b291-ba7ecada0fc3_101038_1.png,5071909,269304,18147,988439,0.909726499595889,0.8344021011780054,0.9964348132908557,0.8369006202284093,0.8414275562285447,0.9097264995958891,0.9368692403226985,0.21411687443301214,0.003565186709144261,0.75,1.75
HistoKit (no postprocessing),gaussian,d7d9e09c-5b48-9d63-55ef-dabd0e7bf5cd_123455_3.png,0,3206986,1685,0,0.0,0.0,0.0,,0.9994748604640363,,0.9994748604640363,1.0,1.0,0.75,1.75
HistoKit (no postprocessing),gaussian,0fcbbf47-bbbc-4a27-0d18-fe35bf99ccdb_133554_3.png,1463956,237809,5699,1187984,0.7103832375573049,0.550848328158941,0.9961222191602791,0.5520320972571023,0.5877380633325137,0.7103832375573048,0.9765962514578577,0.16679069121534473,0.003877780839720887,0.75,1.75
HistoKit (no postprocessing),gaussian,db9f8afe-40d5-d8aa-882f-512377b755a1_120139_1.png,4175677,7623027,960479,216717,0.8764559140687723,0.7800814627957734,0.8129965289216293,0.9506608469094531,0.90927827742199,0.8764559140687723,0.8881017849815681,0.9723566228693182,0.18700347107837068,0.75,1.75
HistoKit (no postprocessing),gaussian,6fecdbd3-f25f-98e1-f3e7-fdc984783bf1_110414_3.png,2500896,763022,393456,795376,0.8079624929570912,0.6777995559564283,0.8640607638600972,0.7587043787648592,0.7330117343214867,0.8079624929570911,0.659780817274518,0.48961946819746943,0.13593923613990283,0.75,1.75
HistoKit (no postprocessing),gaussian,aedd99b7-9b77-3379-0a55-09f4124063bb_103758_2.png,4890173,130895,23818,488638,0.9502121968342537,0.9051469201383252,0.9951530232757854,0.9091550158575938,0.9073906609965006,0.9502121968342537,0.8460504288585963,0.21128010937270492,0.004846976724214595,0.75,1.75
HistoKit (no postprocessing),gaussian,16277008-7349-6ea9-1043-9abf63a9d11e_105523_2.png,7121679,376009,856,1280150,0.9174841558726657,0.8475480159020599,0.9998798180703921,0.8476343662790566,0.8540778389131687,0.9174841558726657,0.9977286296153796,0.2270367760583374,0.00012018192960792752,0.75,1.75
HistoKit (no postprocessing),gaussian,cbe296c0-32ef-a6c0-58c3-7dcdd9f9743d_115103_5.png,2850113,641117,50527,20389,0.9877119641138616,0.9757222540412984,0.98258074080203,0.9928970612108962,0.9800917761371937,0.9877119641138618,0.9269465216209495,0.969177906171675,0.0174192591979701,0.75,1.75
HistoKit (no postprocessing),gaussian,db9f8afe-40d5-d8aa-882f-512377b755a1_120139_3.png,5401126,979139,206388,139247,0.968995469724442,0.9398556856636286,0.9631943852480797,0.9748668546323506,0.9486113382595638,0.968995469724442,0.8259103335478652,0.8754928978009381,0.03680561475192037,0.75,1.75
HistoKit (no postprocessing),gaussian,e2bfe175-7bb7-d3b3-d437-ffbd60d747a4_123954_6.png,2149565,171225,3165,751974,0.8505938247449829,0.7400289323800291,0.9985297738220771,0.7408361562605225,0.7545005102523498,0.8505938247449829,0.9818510235678651,0.18546922169543079,0.0014702261779229165,0.75,1.75
HistoKit (no postprocessing),gaussian,042c1e4d-d1be-7f85-b2e1-b98e0b68f672_101215_1.png,3925096,586996,1446151,31317,0.8416035747443624,0.7265246649553805,0.7307606594893141,0.99208449673985,0.7533261207834966,0.8416035747443624,0.2887130148484099,0.9493508950968199,0.2692393405106859,0.75,1.75
HistoKit (no postprocessing),gaussian,ed9d6e50-ec08-4213-59eb-4f99b1955e7c_103016_3.png,9792543,208169,121686,475726,0.9703995015879601,0.9425010021698843,0.9877261257531977,0.9536702826932173,0.9436304010030454,0.9703995015879601,0.6310924497127526,0.30438736940612227,0.012273874246802248,0.75,1.75
HistoKit (no postprocessing),gaussian,a2afe16d-3866-9541-f2c7-cc8ca97faf02_130229_2.png,1341723,2138817,26034,2096,0.9896259592207631,0.9794649498887837,0.9809659171914309,0.9984402661370319,0.9919827170979317,0.9896259592207632,0.987974230097129,0.9990209784330331,0.019034082808569067,0.75,1.75
HistoKit (no postprocessing),gaussian,15fe4c3f-571c-b45d-d559-12744253eeb9_122421_3.png,2486488,166241,612,185976,0.9638364792063826,0.9301972708594892,0.9997539302802461,0.9304102880338145,0.9342841958118802,0.9638364792063825,0.9963321007114047,0.4719846004025927,0.0002460697197539303,0.75,1.75
HistoKit (no postprocessing),gaussian,73e02c87-178a-0dc6-cf2c-3f6aeb0c5685_124434_1.png,0,9306893,2066015,0,0.0,0.0,0.0,,0.8183388980197501,,0.8183388980197501,1.0,1.0,0.75,1.75
HistoKit (no postprocessing),gaussian,15fe4c3f-571c-b45d-d559-12744253eeb9_122421_1.png,4752986,1702680,220550,8826,0.9764388494381505,0.9539623977543181,0.9556552923312508,0.9981465038938958,0.9656881736868669,0.9764388494381505,0.885323128278989,0.9948431381485078,0.04434470766874916,0.75,1.75
HistoKit (no postprocessing),gaussian,adf4a334-3c2a-d6ae-0b72-c218c11535ea_115443_6.png,0,5877508,52079,0,0.0,0.0,0.0,,0.991217094883674,,0.991217094883674,1.0,1.0,0.75,1.75
HistoKit (no postprocessing),gaussian,78f7eac9-40c9-a096-07a4-a0166ddd84e8_103411_4.png,0,3169481,2719,0,0.0,0.0,0.0,,0.9991428661496753,,0.9991428661496753,1.0,1.0,0.75,1.75
HistoKit (no postprocessing),gaussian,adf4a334-3c2a-d6ae-0b72-c218c11535ea_115443_8.png,0,7392217,9374,0,0.0,0.0,0.0,,0.9987335155374027,,0.9987335155374027,1.0,1.0,0.75,1.75
HistoKit (no postprocessing),gaussian,adf4a334-3c2a-d6ae-0b72-c218c11535ea_115443_5.png,0,5527655,29065,0,0.0,0.0,0.0,,0.9947693963345283,,0.9947693963345283,1.0,1.0,0.75,1.75
HistoKit (no postprocessing),gaussian,46e107b0-7f41-8fd8-abd7-fbe9d0e935a4_133028_1.png,0,8917725,344531,0,0.0,0.0,0.0,,0.9628026908347167,,0.9628026908347167,1.0,1.0,0.75,1.75
HistoKit (no postprocessing),gaussian,15fe4c3f-571c-b45d-d559-12744253eeb9_122421_5.png,3475876,267532,3134,838170,0.8920444046597381,0.8051264946099074,0.9990991690164731,0.8057113901891635,0.8164979610496799,0.8920444046597381,0.9884211537466842,0.24195669357566504,0.0009008309835269229,0.75,1.75
HistoKit (no postprocessing),gaussian,f010c097-faf6-f2df-c82a-aca0270a9814_110553_3.png,543652,4197196,126505,1077,0.894984385366199,0.809929175220564,0.8112308011406283,0.998022870087695,0.9737940157299171,0.8949843853661991,0.9707415013202809,0.9997434659442108,0.18876919885937177,0.75,1.75
HistoKit (no postprocessing),gaussian,4a12a0e8-253e-42bb-77ff-6e284ada3080_105659_1.png,1899620,1425952,12826,21662,0.9910040566258221,0.9821685241982351,0.993293405408571,0.9887252365868207,0.9897358975732576,0.9910040566258222,0.9910854906038319,0.9850360662441784,0.006706594591428987,0.75,1.75
HistoKit (no postprocessing),gaussian,e2bfe175-7bb7-d3b3-d437-ffbd60d747a4_123954_3.png,4693299,275886,11325,672300,0.932114214352552,0.8728594638867874,0.9975927938130656,0.8747017807331483,0.8790645714255388,0.932114214352552,0.9605690589845096,0.2909618998804032,0.002407206186934386,0.75,1.75
HistoKit (no postprocessing),gaussian,f4701930-c3d0-97f5-7529-fedf8cc9402a_110850_3.png,2346757,427271,796,7098,0.9983209285388548,0.9966474861879744,0.9996609235233453,0.9969845211366035,0.9971623934819165,0.9983209285388547,0.9981404780092836,0.9836590548588873,0.0003390764766546272,0.75,1.75
HistoKit (no postprocessing),gaussian,e4c17e5d-ca75-8d00-1c03-2c4b0f9dc6a7_131509_7.png,0,4765471,82727,0,0.0,0.0,0.0,,0.9829365467334461,,0.9829365467334461,1.0,1.0,0.75,1.75
HistoKit (no postprocessing),gaussian,c149f6be-4555-ddd6-581f-abc8aeab9698_132314_1.png,3643575,2091553,110315,90277,0.9732106154298585,0.9478191244032842,0.9706131506250849,0.9758220197265451,0.9662059531109958,0.9732106154298585,0.9498993581813261,0.9586232657906436,0.029386849374915088,0.75,1.75
HistoKit (no postprocessing),gaussian,5b6306df-eee5-32e5-a263-7c4b8cf32245_100047_3.png,6701740,566159,18581,44872,0.9952882367499712,0.990620666697905,0.997235102311333,0.993348957965865,0.9913449797527114,0.9952882367499712,0.9682234839415809,0.9265634640468323,0.002764897688666955,0.75,1.75
HistoKit (no postprocessing),constant,67cf3804-696c-ef64-2d57-43ad0b86332a_122601_1.png,21165615,12410798,7880947,848061,0.8290449018275238,0.7080074232747474,0.7286788364144439,0.9614757208200938,0.7936669156418512,0.8290449018275238,0.6116180742464485,0.9360381613530998,0.2713211635855562,0.25,
HistoKit (no postprocessing),gaussian,78f7eac9-40c9-a096-07a4-a0166ddd84e8_103411_6.png,0,6294823,525097,0,0.0,0.0,0.0,,0.9230054018228953,,0.9230054018228953,1.0,1.0,0.75,1.75
HistoKit (no postprocessing),gaussian,6dacef70-8f47-e898-de47-4738667f2bb0_100303_3.png,3042520,198675,39,444952,0.9318546879792761,0.8724044167889363,0.9999871818426529,0.8724141727876238,0.8792814578537274,0.9318546879792761,0.9998037380355687,0.3086803381461623,1.2818157347154156e-05,0.75,1.75
HistoKit (no postprocessing),gaussian,67cf3804-696c-ef64-2d57-43ad0b86332a_122601_2.png,6009747,4361665,11582,78501,0.9925610118338568,0.9852318835115077,0.998076504373038,0.9871061428509482,0.991389089226731,0.9925610118338568,0.997351624548076,0.9823202555940476,0.0019234956269620876,0.75,1.75
HistoKit (no postprocessing),gaussian,18a7f9da-53be-2120-be0a-0738920b492f_101923_4.png,8377045,249476,74240,1548731,0.9116849533230585,0.8377031596749446,0.9912155370455499,0.8439687738268524,0.8416535180475286,0.9116849533230585,0.7706631738931656,0.13873597422321235,0.008784462954450123,0.75,1.75
HistoKit (no postprocessing),gaussian,2852fafe-6f36-4c12-47aa-96e73b433b3f_123004_2.png,2489849,1109302,5384,96363,0.9799767585794985,0.9607396368878482,0.9978422856703162,0.9627397135269653,0.9725074833189135,0.9799767585794985,0.9951699402342902,0.9200748134846745,0.0021577143296838412,0.75,1.75
HistoKit (no postprocessing),gaussian,7fcfd7e6-a936-d1a4-6766-2f191e54690d_131809_1.png,3150399,255406,5999,725231,0.8960143503410396,0.811617751207032,0.9980994158531339,0.8128740359631853,0.823247809119333,0.8960143503410395,0.9770509362866051,0.26044907544789764,0.001900584146866143,0.75,1.75
HistoKit (no postprocessing),gaussian,f4701930-c3d0-97f5-7529-fedf8cc9402a_110850_4.png,2531646,506488,3655,31981,0.9930110799760263,0.9861191719491664,0.9985583565817234,0.9875250962796069,0.9884064194783605,0.9930110799760263,0.9928353422471738,0.9406075372955546,0.0014416434182765675,0.75,1.75
HistoKit (no postprocessing),gaussian,78f7eac9-40c9-a096-07a4-a0166ddd84e8_103411_1.png,0,2769159,4601,0,0.0,0.0,0.0,,0.9983412407706507,,0.9983412407706507,1.0,1.0,0.75,1.75
HistoKit (no postprocessing),gaussian,d7d73023-1258-3c47-44ee-6493877f23d1_111048_2.png,6573339,423680,21376,710949,0.9472350427476671,0.8997592826606863,0.9967586165588657,0.9023996580036374,0.9052539258182842,0.9472350427476671,0.9519700891573195,0.37340840045512674,0.0032413834411343023,0.75,1.75
HistoKit (no postprocessing),gaussian,adf4a334-3c2a-d6ae-0b72-c218c11535ea_115443_4.png,0,4430833,3004763,0,0.0,0.0,0.0,,0.5958948011699399,,0.5958948011699399,1.0,1.0,0.75,1.75
HistoKit (no postprocessing),gaussian,db9f8afe-40d5-d8aa-882f-512377b755a1_120139_2.png,3008143,1930503,79516,57581,0.9777200606560651,0.9564112754511579,0.9742471561788397,0.9812178134757076,0.9729897672124062,0.9777200606560651,0.9604401749436199,0.9710369380770631,0.025752843821160304,0.75,1.75
HistoKit (no postprocessing),gaussian,eb22b9cd-e52e-fa2d-85a8-60a50dc5a7c4_102757_1.png,2189728,586126,20312,30515,0.9885273694705282,0.9773149956149257,0.990809216122785,0.9862560089143395,0.9820188411780459,0.9885273694705281,0.9665060566785063,0.9505141565351639,0.009190783877214892,0.75,1.75
HistoKit (no postprocessing),gaussian,0a6bb222-fb92-5dbe-8347-47a6b9e62ff2_125049_4.png,7489855,476482,12252,6110824,0.7098451360877185,0.5502014959159053,0.9983668588038,0.5506971379884784,0.5654129806543395,0.7098451360877186,0.9749311486411831,0.07233336359355402,0.0016331411961999476,0.75,1.75
HistoKit (no postprocessing),gaussian,0823ec0e-9dd5-2324-aa8d-fe8db13ea4cd_103937_1.png,1450534,4084968,19781,44389,0.9783592413155369,0.9576352871584151,0.9865464203248964,0.9703068318568916,0.9885404002234417,0.9783592413155369,0.9951809477266454,0.9892503845029625,0.013453579675103635,0.75,1.75
HistoKit (no postprocessing),gaussian,18a7f9da-53be-2120-be0a-0738920b492f_101923_3.png,11698919,135551,80375,444491,0.9780599216543414,0.9570619084023484,0.993176585965169,0.9633965253581984,0.9575328318608702,0.9780599216543413,0.6277659939053194,0.23369169818737265,0.00682341403483095,0.75,1.75
HistoKit (no postprocessing),gaussian,f569a03d-b1d7-9121-59cf-f65992813d75_131224_1.png,0,4299459,69447,0,0.0,0.0,0.0,,0.9841042585947145,,0.9841042585947145,1.0,1.0,0.75,1.75
HistoKit (no postprocessing),gaussian,98491719-8df8-3c0a-7325-de39c48b2a96_133826_2.png,2683022,1626057,104936,50795,0.9717969312404073,0.9451410531314278,0.9623609824825194,0.981419751212316,0.9651203522658299,0.9717969312404072,0.9393781488428896,0.9697081197386531,0.037639017517480534,0.75,1.75
HistoKit (no postprocessing),gaussian,2852fafe-6f36-4c12-47aa-96e73b433b3f_123004_1.png,2182705,2836545,35297,37386,0.9836229209257219,0.9677736158922544,0.9840861279656196,0.9831601497416097,0.9857258530306664,0.983622920925722,0.9877092820566034,0.9869913369527661,0.01591387203438049,0.75,1.75
HistoKit (no postprocessing),gaussian,8469f8e6-543f-6b82-f38a-8b184a96e4e9_104905_1.png,8829475,8608726,6269051,160865,0.7330751891766096,0.5786256476421634,0.5847905285588805,0.9821069058567307,0.7306064822792682,0.7330751891766097,0.5786298584795295,0.9816564991457413,0.41520947144111947,0.75,1.75
HistoKit (no postprocessing),gaussian,8956f1ca-9d66-b2d7-8ef9-bd09fb590f4a_110204_2.png,6243228,1444551,153596,409879,0.9568216107809305,0.9172176309147028,0.9759887093970383,0.9383928441253087,0.9317103800222366,0.9568216107809305,0.9038911939890386,0.7789730537146186,0.02401129060296172,0.75,1.75
HistoKit (no postprocessing),gaussian,46e107b0-7f41-8fd8-abd7-fbe9d0e935a4_133028_6.png,0,5246856,30599,0,0.0,0.0,0.0,,0.9942019401397075,,0.9942019401397075,1.0,1.0,0.75,1.75
HistoKit (no postprocessing),gaussian,c93efc84-bec7-4ba6-b526-5de46512cbba_100824_1.png,7390543,880852,25346,32364,0.9961108704506754,0.9922518743657069,0.9965822034283415,0.9956399830955716,0.9930712843696892,0.9961108704506753,0.9720303951233615,0.9645604106804961,0.0034177965716585025,0.75,1.75
HistoKit (no postprocessing),gaussian,36c069a8-8f9e-b246-f3af-1b6cffe0751a_123150_4.png,3257441,199526,76966,1228427,0.833075818944986,0.7139074092986947,0.9769176348298213,0.72615623107947,0.7258936745647117,0.8330758189449861,0.7216338989916525,0.13972868854927298,0.023082365170178684,0.75,1.75
HistoKit (no postprocessing),gaussian,36c069a8-8f9e-b246-f3af-1b6cffe0751a_123150_3.png,6234524,354393,3438,2009021,0.8610324878481225,0.7559763370434982,0.9994488584572975,0.756291619685463,0.7660305746429409,0.8610324878481226,0.990392112477678,0.14994960679762412,0.0005511415427025685,0.75,1.75
HistoKit (no postprocessing),gaussian,18a7f9da-53be-2120-be0a-0738920b492f_101923_5.png,6844989,412530,4288,1626983,0.8935288500304381,0.8075482583120386,0.9993739485204058,0.8079569904149825,0.8164799708396756,0.893528850030438,0.989712536406777,0.20226887497162313,0.0006260514795941236,0.75,1.75
HistoKit (no postprocessing),gaussian,6dacef70-8f47-e898-de47-4738667f2bb0_100303_1.png,8027134,337328,12163,1664703,0.9054281581764596,0.8271984748557296,0.9984870567662819,0.8282365871402914,0.8330035628753487,0.9054281581764595,0.9651979593179796,0.16849289546465565,0.0015129432337180726,0.75,1.75
HistoKit (no postprocessing),gaussian,e2bfe175-7bb7-d3b3-d437-ffbd60d747a4_123954_2.png,3873561,175849,49933,164857,0.9730228116060564,0.9474629257615111,0.9872733334114949,0.9591778265647588,0.9496294732892453,0.9730228116060565,0.778844194842813,0.516131209899444,0.012726666588505041,0.75,1.75
HistoKit (no postprocessing),gaussian,103a5b47-1de4-c7ee-81eb-83cd201d2a51_131937_2.png,2679252,1751449,125645,16464,0.9741648794416186,0.9496310468600083,0.9552051287444779,0.9938925317058622,0.968923047316639,0.9741648794416186,0.933064087360569,0.9906873245459477,0.04479487125552204,0.75,1.75
HistoKit (no postprocessing),gaussian,d18df4a2-af46-984e-1fcb-35841267a2a7_132544_2.png,8527641,137271,131556,289257,0.975920650465679,0.952973664501153,0.9848073672420202,0.9671928834835108,0.9536841583913227,0.975920650465679,0.5106295126605587,0.3218335021381949,0.015192632757979753,0.75,1.75
HistoKit (no postprocessing),gaussian,0f170c8e-9c83-6973-94f2-3858ac80f3dc_115930_3.png,6413355,350358,44052,732347,0.9429248857742741,0.8920131342463178,0.9931780666759893,0.8975122388255206,0.8970308398602037,0.9429248857742741,0.8883091199513197,0.323595069755843,0.006821933324010706,0.75,1.75
HistoKit (no postprocessing),gaussian,d7d73023-1258-3c47-44ee-6493877f23d1_111048_3.png,6368746,272127,7687,1184538,0.9144113983076613,0.8423185328974281,0.9987944670633252,0.8431757630191054,0.8477964912477796,0.9144113983076612,0.9725281794334808,0.18681508788911658,0.0012055329366747836,0.75,1.75
HistoKit (no postprocessing),gaussian,aedd99b7-9b77-3379-0a55-09f4124063bb_103758_4.png,4645817,121800,19893,296320,0.9670880479258256,0.936273460660254,0.9957363402354625,0.9400421315718281,0.9378002411567656,0.9670880479258257,0.8596049204971311,0.29130393188558307,0.004263659764537444,0.75,1.75
HistoKit (no postprocessing),gaussian,36c069a8-8f9e-b246-f3af-1b6cffe0751a_123150_2.png,4511229,357926,4210,1487015,0.858163404774521,0.7515641102788959,0.9990676432568351,0.7520916121451545,0.7655446687147623,0.8581634047745209,0.9883745333244969,0.19400403590141907,0.0009323567431649503,0.75,1.75
HistoKit (no postprocessing),gaussian,8956f1ca-9d66-b2d7-8ef9-bd09fb590f4a_110204_1.png,6913460,3441847,577094,77964,0.9547673667229711,0.9134496343934175,0.9229571003693452,0.9888486236852464,0.9405053329294715,0.9547673667229711,0.856406451351239,0.9778499470568164,0.07704289963065482,0.75,1.75
HistoKit (no postprocessing),gaussian,4a12a0e8-253e-42bb-77ff-6e284ada3080_105659_3.png,807083,3466613,10385,31303,0.9748238673216358,0.950884278562769,0.9872961388091033,0.9626627830140293,0.990339677766799,0.9748238673216358,0.9970132280777844,0.9910509571985148,0.01270386119089677,0.75,1.75
HistoKit (no postprocessing),gaussian,5b6306df-eee5-32e5-a263-7c4b8cf32245_100047_4.png,5965648,357881,7412,20929,0.9976302792467698,0.9952717630946604,0.9987590950032311,0.9965040122260183,0.9955381643516004,0.9976302792467697,0.9797094387245308,0.9447506665610729,0.0012409049967688254,0.75,1.75
HistoKit (no postprocessing),gaussian,67cf3804-696c-ef64-2d57-43ad0b86332a_122601_3.png,3072569,3889532,1130948,47839,0.8390498264250384,0.7227268193959763,0.7309519623686547,0.9846689920036098,0.8552016684174994,0.8390498264250384,0.7747330932500478,0.9878500146417495,0.2690480376313454,0.75,1.75
HistoKit (no postprocessing),gaussian,103a5b47-1de4-c7ee-81eb-83cd201d2a51_131937_3.png,500384,9912890,22932,1480,0.9761875963245479,0.9534828771560759,0.9561794403381513,0.9970509938947604,0.9976611674273398,0.9761875963245479,0.9976919876382648,0.9998507217301755,0.043820559661848675,0.75,1.75
HistoKit (no postprocessing),gaussian,e4c17e5d-ca75-8d00-1c03-2c4b0f9dc6a7_131509_4.png,0,12981037,475821,0,0.0,0.0,0.0,,0.96464100312272,,0.96464100312272,1.0,1.0,0.75,1.75
HistoKit (no postprocessing),gaussian,042c1e4d-d1be-7f85-b2e1-b98e0b68f672_101215_2.png,0,16680335,316603,0,0.0,0.0,0.0,,0.981372939055258,,0.981372939055258,1.0,1.0,0.75,1.75
HistoKit (no postprocessing),gaussian,46e107b0-7f41-8fd8-abd7-fbe9d0e935a4_133028_4.png,0,5752301,56257,0,0.0,0.0,0.0,,0.9903148079092953,,0.9903148079092953,1.0,1.0,0.75,1.75
HistoKit (no postprocessing),gaussian,78f7eac9-40c9-a096-07a4-a0166ddd84e8_103411_2.png,0,3792895,9533,0,0.0,0.0,0.0,,0.9974929176831224,,0.9974929176831224,1.0,1.0,0.75,1.75
HistoKit (no postprocessing),gaussian,d07adf84-9a4a-637f-4bfb-56af281dbf05_133243_1.png,3511836,886311,13648,10373,0.9965916506295038,0.9932064560303202,0.9961287584910328,0.9970549731716658,0.9945680489750729,0.9965916506295038,0.9848348646993919,0.9884318221357803,0.0038712415089672794,0.75,1.75
HistoKit (no postprocessing),gaussian,aedd99b7-9b77-3379-0a55-09f4124063bb_103758_3.png,2380747,1182402,397383,1309187,0.7361544350828935,0.5824718268732276,0.8569602574393567,0.6452004290591647,0.6761554079069492,0.7361544350828935,0.7484575432732935,0.4745574009196541,0.1430397425606433,0.75,1.75
HistoKit (no postprocessing),gaussian,f4701930-c3d0-97f5-7529-fedf8cc9402a_110850_2.png,3818580,435855,7925,15866,0.996894510877305,0.9938082501663686,0.997928919470901,0.9958622445067684,0.9944390502044539,0.9968945108773049,0.9821420523682906,0.9648765499058047,0.002071080529099008,0.75,1.75
HistoKit (no postprocessing),gaussian,18a7f9da-53be-2120-be0a-0738920b492f_101923_1.png,4433931,474411,8682,1944408,0.8195084868688078,0.6942095540315274,0.9980457447002473,0.6951544908478524,0.7153524220600015,0.8195084868688078,0.9820283051089542,0.1961333196076267,0.0019542552997526457,0.75,1.75
HistoKit (no postprocessing),gaussian,adf4a334-3c2a-d6ae-0b72-c218c11535ea_115443_2.png,0,5955336,180184,0,0.0,0.0,0.0,,0.9706326440138733,,0.9706326440138733,1.0,1.0,0.75,1.75
HistoKit (no postprocessing),gaussian,8469f8e6-543f-6b82-f38a-8b184a96e4e9_104905_2.png,8335714,3923300,310477,167869,0.9721077373964229,0.945729209921421,0.9640908927410926,0.98025902728297,0.9624454361029287,0.9721077373964228,0.9266666619427523,0.9589679624576741,0.03590910725890742,0.75,1.75
HistoKit (no postprocessing),gaussian,c93efc84-bec7-4ba6-b526-5de46512cbba_100824_2.png,3117609,317943,1767,20226,0.9964851752641872,0.9929949719741546,0.9994335405542647,0.9935541543771422,0.9936391283410628,0.9964851752641872,0.9944731162616121,0.9401896684793698,0.0005664594457353009,0.75,1.75
HistoKit (no postprocessing),gaussian,103a5b47-1de4-c7ee-81eb-83cd201d2a51_131937_1.png,1389653,2669164,125733,5252,0.9549924732612649,0.9138618132652215,0.9170290605825843,0.9962348690412609,0.9687371861486533,0.954992473261265,0.955013369007874,0.9980362067830884,0.08297093941741576,0.75,1.75
HistoKit (no postprocessing),gaussian,9761f929-4dae-801a-b291-ba7ecada0fc3_101038_2.png,5182843,231354,79280,417883,0.9542327247667716,0.9124713952766952,0.9849338375404756,0.9253877086649124,0.9158970186217723,0.9542327247667717,0.7447800305182305,0.3563475279443408,0.015066162459524416,0.75,1.75
HistoKit (no postprocessing),gaussian,a2afe16d-3866-9541-f2c7-cc8ca97faf02_130229_1.png,1113735,6655705,24325,5035,0.9869906018619037,0.9743153456186932,0.9786259072456637,0.9954995217962584,0.9962353182540904,0.9869906018619037,0.9963585492879523,0.999244077985329,0.021374092754336327,0.75,1.75
HistoKit (no postprocessing),gaussian,36c069a8-8f9e-b246-f3af-1b6cffe0751a_123150_1.png,3115029,198116,35918,1054129,0.8510886114338524,0.7407782879548431,0.9886008872888056,0.7471602179624759,0.7524416377936733,0.8510886114338523,0.8465265730620337,0.15820865725157618,0.011399112711194445,0.75,1.75
HistoKit (no postprocessing),gaussian,ed9d6e50-ec08-4213-59eb-4f99b1955e7c_103016_1.png,5229119,227818,18988,757018,0.9309249469746251,0.8707760454611686,0.9963819335238401,0.8735381432132275,0.8754992625474034,0.9309249469746251,0.9230650794551186,0.2313258248073791,0.0036180664761598803,0.75,1.75
HistoKit (no postprocessing),gaussian,32e0aaf3-9973-5f67-ccc7-24d8d8604aa6_110737_7.png,0,4631511,240213,0,0.0,0.0,0.0,,0.950692403756863,,0.950692403756863,1.0,1.0,0.75,1.75
HistoKit (no postprocessing),gaussian,cbe296c0-32ef-a6c0-58c3-7dcdd9f9743d_115103_2.png,2753928,1690453,2376982,74109,0.6920332551529744,0.5290908640295069,0.5367328602528596,0.9737948973086279,0.6445361535802046,0.6920332551529743,0.4156066415320712,0.9580014757203204,0.46326713974714034,0.75,1.75
HistoKit (no postprocessing),gaussian,aedd99b7-9b77-3379-0a55-09f4124063bb_103758_1.png,18713566,4179728,1054852,782840,0.9531974980965151,0.9105800725191616,0.9466395338261261,0.9598469584599336,0.9256927321862541,0.9531974980965151,0.7984839280324305,0.8422510280967435,0.053360466173873904,0.75,1.75
HistoKit (no postprocessing),gaussian,9761f929-4dae-801a-b291-ba7ecada0fc3_101038_4.png,5123024,537268,3998,2325816,0.8147392202617999,0.6873923732140695,0.999220210094671,0.6877613158558916,0.7084126293193107,0.8147392202617999,0.9926136132696308,0.18765359311846946,0.0007797899053290585,0.75,1.75
HistoKit (no postprocessing),gaussian,d7d73023-1258-3c47-44ee-6493877f23d1_111048_1.png,6080494,475074,106124,2314800,0.8339776018398685,0.7152329176144497,0.9828462012686091,0.7242740992751415,0.7303039984884964,0.8339776018398686,0.8174047398648997,0.17028510965011323,0.017153798731390883,0.75,1.75
HistoKit (no postprocessing),gaussian,16277008-7349-6ea9-1043-9abf63a9d11e_105523_1.png,1997252,250632,4679,741515,0.8425982840501547,0.7280084973423935,0.9976627566084945,0.7292522511042377,0.7507766998722144,0.8425982840501547,0.9816733317405048,0.25261579181310834,0.0023372433915055013,0.75,1.75
HistoKit (no postprocessing),gaussian,37e97aba-1a30-28bd-be40-a79de2fca963_105321_2.png,3138120,871176,41456,8644,0.9920807291419683,0.984285902478499,0.9869617835837231,0.9972530510708779,0.9876582624607207,0.9920807291419683,0.9545753381428659,0.9901752631220022,0.013038216416276888,0.75,1.75
HistoKit (no postprocessing),gaussian,0f170c8e-9c83-6973-94f2-3858ac80f3dc_115930_5.png,7171938,276581,44567,443194,0.9671134750668453,0.9363211269790105,0.9938242958329552,0.9418008775159774,0.9385403488788198,0.9671134750668453,0.8612259768082006,0.38426035914000906,0.006175704167044851,0.75,1.75
HistoKit (no postprocessing),gaussian,367a29b2-8f5a-4095-840e-86626c38d291_123703_3.png,4504506,1562464,57859,26861,0.9906836928996808,0.9815393706912668,0.9873182001001674,0.9940722082320854,0.9862281746967093,0.9906836928996808,0.964291687521562,0.9830991144039136,0.012681799899832653,0.75,1.75
HistoKit (no postprocessing),gaussian,78f7eac9-40c9-a096-07a4-a0166ddd84e8_103411_8.png,0,6081969,502371,0,0.0,0.0,0.0,,0.923702147823472,,0.923702147823472,1.0,1.0,0.75,1.75
HistoKit (no postprocessing),gaussian,7f0a6db3-032c-fd36-2371-511c4ae59038_115247_3.png,3629682,689860,3393,18035,0.9970569135885217,0.9941310998573036,0.9990660803864495,0.9950558116213511,0.9950637760684824,0.9970569135885217,0.9951056829180689,0.9745230577981198,0.0009339196135505047,0.75,1.75
HistoKit (no postprocessing),gaussian,c149f6be-4555-ddd6-581f-abc8aeab9698_132314_2.png,2875276,1598414,37533,23697,0.9894645050347725,0.9791486889521084,0.9871145001268535,0.9918257258691268,0.9864981080151359,0.9894645050347726,0.9770573252067457,0.9853912586746529,0.012885499873146506,0.75,1.75
HistoKit (no postprocessing),gaussian,d76874a4-c608-41cd-b260-c14f0dca935a_100643_5.png,0,3913922,15848,0,0.0,0.0,0.0,,0.9959671940088097,,0.9959671940088097,1.0,1.0,0.75,1.75
HistoKit (no postprocessing),gaussian,0f170c8e-9c83-6973-94f2-3858ac80f3dc_115930_4.png,5992634,362865,10726,1604039,0.88126756751252,0.7877375697002352,0.9982133338663681,0.788849803065105,0.7974013156904213,0.88126756751252,0.9712894582578274,0.18448536380016514,0.001786666133631833,0.75,1.75
HistoKit (no postprocessing),gaussian,0a6bb222-fb92-5dbe-8347-47a6b9e62ff2_125049_3.png,4726544,330725,11815,1361509,0.8731505876554485,0.7748600461518184,0.9975065207174045,0.7763638062940648,0.7864389800442976,0.8731505876554485,0.9655076779354236,0.19543691948040282,0.0024934792825955145,0.75,1.75
HistoKit (no postprocessing),gaussian,46e107b0-7f41-8fd8-abd7-fbe9d0e935a4_133028_5.png,0,11481669,57591,0,0.0,0.0,0.0,,0.9950091253685245,,0.9950091253685245,1.0,1.0,0.75,1.75
HistoKit (no postprocessing),gaussian,4a12a0e8-253e-42bb-77ff-6e284ada3080_105659_4.png,4953577,6309649,13202,34879,0.9951702797573337,0.990386987674887,0.9973419393131847,0.9930080570020062,0.9957492975833827,0.9951702797573337,0.9979120178539712,0.9945025067270568,0.0026580606868153384,0.75,1.75
HistoKit (no postprocessing),gaussian,d7d9e09c-5b48-9d63-55ef-dabd0e7bf5cd_123455_1.png,0,3055297,2720228,0,0.0,0.0,0.0,,0.5290076659697603,,0.5290076659697603,1.0,1.0,0.75,1.75
HistoKit (no postprocessing),gaussian,16277008-7349-6ea9-1043-9abf63a9d11e_105523_3.png,2802098,293427,785,465262,0.9232243256159597,0.8573970861146002,0.9997199312279536,0.8576030801625777,0.8691457030771805,0.9232243256159597,0.9973318559406142,0.386755310805877,0.0002800687720464964,0.75,1.75
HistoKit (no postprocessing),gaussian,ed9d6e50-ec08-4213-59eb-4f99b1955e7c_103016_4.png,6674559,326546,87743,1871405,0.8720202536329066,0.7730814816856768,0.9870246847892922,0.7810188528760477,0.781351263184198,0.8720202536329066,0.7882082314519574,0.14856837117842936,0.012975315210707833,0.75,1.75
HistoKit (no postprocessing),gaussian,8469f8e6-543f-6b82-f38a-8b184a96e4e9_104905_3.png,5245236,641572,1301391,29169,0.8874412995413599,0.7976579565424475,0.8012119829035624,0.99446970795758,0.8156447059371228,0.8874412995413598,0.3302028911512983,0.9565122752299323,0.1987880170964376,0.75,1.75
HistoKit (no postprocessing),gaussian,9761f929-4dae-801a-b291-ba7ecada0fc3_101038_3.png,8869709,1116430,46152,208720,0.985835951293438,0.9720675393204357,0.9948236070526447,0.9770092380520903,0.9751126133933457,0.985835951293438,0.960302155030785,0.8424933026449836,0.00517639294735528,0.75,1.75
HistoKit (no postprocessing),gaussian,d7d9e09c-5b48-9d63-55ef-dabd0e7bf5cd_123455_4.png,0,16425168,1196658,0,0.0,0.0,0.0,,0.9320922814695821,,0.9320922814695821,1.0,1.0,0.75,1.75
HistoKit (no postprocessing),gaussian,15fe4c3f-571c-b45d-d559-12744253eeb9_122421_2.png,4223284,339679,3877,406520,0.953663924380417,0.9114317537180483,0.9990828359743099,0.9121949870880063,0.9174809384400083,0.9536639243804169,0.9887150857502125,0.4552123495207043,0.0009171640256900554,0.75,1.75
HistoKit (no postprocessing),gaussian,7f0a6db3-032c-fd36-2371-511c4ae59038_115247_1.png,3448572,1199277,209183,56716,0.9628790445624855,0.9284153786636105,0.9428110958771159,0.9838198744297187,0.9458867243497224,0.9628790445624854,0.8514810502250685,0.9548436973772944,0.05718890412288412,0.75,1.75
HistoKit (no postprocessing),gaussian,4c439187-b529-301f-82bf-3874dfa019f2_103211_2.png,2435225,1476497,115937,29805,0.9709456894791906,0.943532017263297,0.9545552183671597,0.9879088692632544,0.9640805192603065,0.9709456894791905,0.9271950988235619,0.9802131312313201,0.04544478163284025,0.75,1.75
HistoKit (no postprocessing),gaussian,6fecdbd3-f25f-98e1-f3e7-fdc984783bf1_110414_1.png,10751577,2862426,691257,3100674,0.850092181939693,0.739269851537882,0.9395904021678546,0.7761610008366149,0.7821472263424646,0.850092181939693,0.8054815243790737,0.4800231423253006,0.06040959783214543,0.75,1.75
HistoKit (no postprocessing),gaussian,efbb89df-e3ec-91fc-7f90-b36e0f9bf420_124740_1.png,3997791,458688,1094,340687,0.959006103008829,0.9212408504801856,0.9997264237406177,0.9214731525664069,0.9287698040539696,0.959006103008829,0.9976206115071925,0.573808287724785,0.00027357625938230284,0.75,1.75
HistoKit (no postprocessing),gaussian,d18df4a2-af46-984e-1fcb-35841267a2a7_132544_3.png,4400635,297329,1138,1478307,0.8560951256794882,0.7483971306512837,0.9997414678130835,0.7485419995638671,0.7605071964637601,0.8560951256794882,0.9961871831726791,0.16744929704060968,0.0002585321869164993,0.75,1.75
HistoKit (no postprocessing),gaussian,5b6306df-eee5-32e5-a263-7c4b8cf32245_100047_2.png,4204773,1009068,37142,23742,0.9928121712829219,0.9857269349129572,0.9912440489731642,0.9943852629114477,0.9884574077321566,0.992812171282922,0.9644985232410319,0.9770122287739275,0.008755951026835757,0.75,1.75
HistoKit (no postprocessing),gaussian,36686384-7dd5-47b9-9af9-593716a57c66_072643_8.png,0,4124000,958,0,0.0,0.0,0.0,,0.9997677552110834,,0.9997677552110834,1.0,1.0,0.75,1.75
HistoKit (no postprocessing),gaussian,786743ed-e3ab-4cc3-3e88-4ee844fd6584_104341_2.png,6068718,2841171,33596,66355,0.9918323249889867,0.9837969908905795,0.994494547478219,0.9891843177742139,0.9889064622679204,0.9918323249889867,0.9883134876670004,0.9771781920436825,0.005505452521781082,0.75,1.75
HistoKit (no postprocessing),gaussian,4f8d8d4c-adc3-ed68-4f51-2bb95426a546_131620_1.png,5844021,1335726,19664,3273,0.9980414105430468,0.9960904782342058,0.996646477428443,0.9994402539020614,0.9968154926691217,0.9980414105430468,0.9854919986129453,0.997555636710707,0.003353522571556965,0.75,1.75
HistoKit (no postprocessing),gaussian,adf4a334-3c2a-d6ae-0b72-c218c11535ea_115443_3.png,0,8025944,147238,0,0.0,0.0,0.0,,0.9819852292534291,,0.9819852292534291,1.0,1.0,0.75,1.75
HistoKit (no postprocessing),gaussian,b04c2edc-8554-0391-20e3-62a3af357e5f_130945_4.png,4031607,362061,200461,1362263,0.8376548862043367,0.7206593603417459,0.9526328499447552,0.7474423743990863,0.7376391614252387,0.8376548862043366,0.6436388265703386,0.2099727197440852,0.04736715005524486,0.75,1.75
HistoKit (no postprocessing),gaussian,6dacef70-8f47-e898-de47-4738667f2bb0_100303_2.png,4970902,372939,1221,2590042,0.7932458990285458,0.657338473836527,0.9997544308537821,0.6574446259620492,0.6734430953898021,0.7932458990285458,0.9967366901860166,0.12586614628983447,0.00024556914621782285,0.75,1.75
HistoKit (no postprocessing),gaussian,e2bfe175-7bb7-d3b3-d437-ffbd60d747a4_123954_4.png,1909140,251339,1801,531672,0.8774119303186555,0.781597412279391,0.9990575323884934,0.7821741289374192,0.8019738287838833,0.8774119303186555,0.9928853598799083,0.320990381999742,0.0009424676115065824,0.75,1.75
HistoKit (no postprocessing),gaussian,18a7f9da-53be-2120-be0a-0738920b492f_101923_2.png,3898739,180752,36635,266088,0.962627717509726,0.9279481761348788,0.990690846664129,0.9361106715837176,0.9309200782983214,0.962627717509726,0.8314756632181317,0.40451168203383764,0.009309153335871,0.75,1.75
HistoKit (no postprocessing),gaussian,b04c2edc-8554-0391-20e3-62a3af357e5f_130945_2.png,10171688,496568,24262,2068042,0.9067421179121827,0.8293945397224656,0.9976204277188492,0.8310385931715814,0.8360335283091024,0.9067421179121827,0.953416661866636,0.19362320196833047,0.002379572281150849,0.75,1.75
HistoKit (no postprocessing),gaussian,7f0a6db3-032c-fd36-2371-511c4ae59038_115247_4.png,2872355,860455,8020,6540,0.9974719018208905,0.9949565539685097,0.9972156403246105,0.9977282950576524,0.9961146083786763,0.9974719018208905,0.9907654221480181,0.99245670390256,0.0027843596753894893,0.75,1.75
HistoKit (no postprocessing),gaussian,367a29b2-8f5a-4095-840e-86626c38d291_123703_1.png,12381466,6042439,181868,91367,0.9890863885034797,0.978408419132147,0.9855239063134037,0.9926747195284343,0.9853862676323759,0.9890863885034797,0.9707810042146058,0.985104354457901,0.01447609368659625,0.75,1.75
HistoKit (no postprocessing),gaussian,d18df4a2-af46-984e-1fcb-35841267a2a7_132544_1.png,7448709,152201,230444,820506,0.9341029753012973,0.8763538631373329,0.9699909612427308,0.9007758293864654,0.878529009946994,0.9341029753012974,0.3977603261508709,0.1564715788001937,0.030009038757269194,0.75,1.75
HistoKit (no postprocessing),gaussian,0f170c8e-9c83-6973-94f2-3858ac80f3dc_115930_1.png,5618029,258202,11541,618088,0.9469369957255741,0.8992215963165717,0.9979499322328348,0.9008857595199063,0.9032212497655959,0.9469369957255741,0.9572148304126521,0.29465359641214667,0.002050067767165165,0.75,1.75
HistoKit (no postprocessing),gaussian,0a6bb222-fb92-5dbe-8347-47a6b9e62ff2_125049_2.png,5167626,385962,42727,4230915,0.7074630016481741,0.5473444880496984,0.9917995959198925,0.549832787876331,0.565122420051225,0.7074630016481741,0.9003310091931447,0.08359806856452966,0.008200404080107433,0.75,1.75
HistoKit (no postprocessing),gaussian,6fecdbd3-f25f-98e1-f3e7-fdc984783bf1_110414_2.png,7692383,743775,24006,2746801,0.8473853179957471,0.7351852542102361,0.9968889593305884,0.7368758899162999,0.7527602700641967,0.8473853179957471,0.9687332715969789,0.21308087834214182,0.0031110406694115603,0.75,1.75
HistoKit (no postprocessing),gaussian,67cf3804-696c-ef64-2d57-43ad0b86332a_122601_1.png,21120583,12469404,7822341,893093,0.8289635886224748,0.7078888244365862,0.7297321790984215,0.9594300833718095,0.7939877728672172,0.8289635886224749,0.6145062437951985,0.9331642132454735,0.2702678209015786,0.75,1.75
