Method,Mode,Image,TP,TN,FP,FN,DICE,JACCARD,PRECISION,RECALL,ACCURACY,F1,SPECIFICITY,NPV,FDR,Overlap,Sigma
HistoKit (no postprocessing),gaussian,2125a939-8f92-6ca7-9a29-e1755d6267ed_103351_7.png,1081660,327891,17477,1285422,0.6241152102622483,0.45361008052222657,0.9840993433939537,0.4569592434905086,0.5196597172298106,0.6241152102622484,0.9493960065784902,0.20324078464625278,0.01590065660604638,0.25,1.75
HistoKit (no postprocessing),gaussian,228e0715-eef2-126e-c558-f7684e2bcfa8_110725_2.png,2873101,183134,63175,621096,0.8935893207233745,0.8076470495635543,0.9784846519877559,0.8222492893216954,0.8170645896571213,0.8935893207233745,0.7435132293176457,0.22771346505352946,0.02151534801224408,0.25,1.75
HistoKit (no postprocessing),gaussian,39bcf904-a619-148a-5bca-38122a540be1_104536_1.png,1685489,912291,1405,320131,0.9129221988054751,0.8397947210423388,0.999167108306746,0.8403830237033935,0.8898591313855712,0.9129221988054751,0.9984622894266802,0.7402423845079039,0.0008328916932539923,0.25,1.75
HistoKit (no postprocessing),gaussian,9e7010fd-072a-6a7f-3911-83d91e8c9301_113642_3.png,3295130,270468,4183,474545,0.932277717828917,0.8731462604051344,0.9987321603012506,0.8741151425520768,0.8816297202549943,0.9322777178289169,0.9847697623529498,0.36303796041142905,0.0012678396987494064,0.25,1.75
HistoKit (no postprocessing),gaussian,c74350c8-f970-c60d-af8a-f9c4d9c5bab2_124242_3.png,307509,1906577,1520759,19159,0.28539965920101573,0.1664525851359756,0.16819689454718892,0.941350239386778,0.5897931914830139,0.2853996592010157,0.5562854065081451,0.9900510765753977,0.8318031054528111,0.25,1.75
HistoKit (no postprocessing),gaussian,0502ebf6-5b9d-c3a6-85fe-a3909acf1f7b_112628_8.png,4011112,94866,550,52437,0.9934383138719224,0.9869621778406481,0.9998628997158784,0.9870957628417918,0.987259570590279,0.9934383138719224,0.9942357675861491,0.6440194700718926,0.00013710028412164334,0.25,1.75
HistoKit (no postprocessing),gaussian,be2180cd-04c9-2627-2456-4397fd5e59ee_103647_4.png,4398629,437252,27349,448894,0.9486447459271315,0.9023065631261703,0.9938208007360181,0.9073972418490845,0.9103479135652707,0.9486447459271314,0.941134435784684,0.4934311050323536,0.006179199263981881,0.25,1.75
HistoKit (no postprocessing),gaussian,3e1fffa8-5bae-87b0-bc39-e4a1bc285608_122517_10.png,3663072,1690719,317131,1566958,0.7954352512037426,0.6603507632102259,0.9203229081531771,0.7003921583623803,0.7396904894803451,0.7954352512037426,0.8420544363373758,0.518995284062846,0.0796770918468229,0.25,1.75
HistoKit (no postprocessing),gaussian,04e13be9-17d6-1bd0-76ee-d5d53a64912e_105258_2.png,3282466,114048,8324,887514,0.8799268708189637,0.7855976970560304,0.9974705161982381,0.7871658856877012,0.7912943766028508,0.8799268708189638,0.9319779034419639,0.1138701348493653,0.002529483801761887,0.25,1.75
HistoKit (no postprocessing),gaussian,332605c9-e7e2-297a-c808-98d567218fe3_115336_2.png,5443775,468840,13028,184213,0.9822061597733327,0.9650344902407652,0.9976125214709052,0.9672684092432322,0.9677175697757853,0.9822061597733327,0.9729635501838678,0.7179202913086686,0.0023874785290947833,0.25,1.75
HistoKit (no postprocessing),gaussian,d9d9ce51-54c1-b32b-5fae-fd9ffdaa32e5_111717_1.png,7403952,299342,8358,644358,0.9577820294399578,0.9189843741854573,0.9988724162912777,0.9199387200542722,0.9218866420696002,0.9577820294399578,0.9728371790705233,0.31720038147716434,0.0011275837087223821,0.25,1.75
HistoKit (no postprocessing),gaussian,cd7afea3-2dfd-f8a4-f2e6-1e02af01c417_132555_3.png,0,3997909,4841,106110,0.0,0.0,0.0,0.0,0.9729971330247319,,0.9987905814752358,0.9741448565418435,1.0,0.25,1.75
HistoKit (no postprocessing),gaussian,b91bdd22-8eea-af27-bee7-880d6f1d7c1e_121440_5.png,4220932,798179,313437,3779592,0.6734691712166988,0.5076920615817178,0.9308752772436474,0.5275819433827085,0.5508158346996425,0.6734691712166988,0.7180348249755312,0.17435974844525862,0.06912472275635265,0.25,1.75
HistoKit (no postprocessing),gaussian,19a1c0fb-3d0a-327d-ea5a-6aae35f53e51_121144_1.png,6543323,59889,3888,14048,0.998631318419771,0.997266378297214,0.9994061593554874,0.997857678023708,0.9972911042012654,0.998631318419771,0.9390375840820359,0.810000405750842,0.0005938406445126024,0.25,1.75
HistoKit (no postprocessing),gaussian,be2180cd-04c9-2627-2456-4397fd5e59ee_103647_5.png,4964963,480753,15253,109167,0.9876252518065323,0.9755530287266649,0.9969372814351827,0.9784855728962404,0.9776630229495294,0.9876252518065323,0.9692483558666629,0.8149460943856794,0.0030627185648172688,0.25,1.75
HistoKit (no postprocessing),gaussian,0504f20c-cba2-27c1-e181-78505aa24ca7_112258_3.png,3463973,2234041,2632279,117929,0.7158334120329145,0.5574303355502519,0.5682135515395361,0.967076430343432,0.6744631000463767,0.7158334120329146,0.4590822222952868,0.9498594795001637,0.4317864484604639,0.25,1.75
HistoKit (no postprocessing),gaussian,def4a0a8-b472-78ea-531c-84458df3a3e9_124843_7.png,11369813,165290,59791,387112,0.9807257481272854,0.9621804399801095,0.9947687601425211,0.9670737033705668,0.9627021552150783,0.9807257481272855,0.734357853395,0.29922049521906147,0.0052312398574788765,0.25,1.75
HistoKit (no postprocessing),gaussian,d9d9ce51-54c1-b32b-5fae-fd9ffdaa32e5_111717_2.png,6775204,750313,6284,1605704,0.8936851405279218,0.8078036129374409,0.9990733597110251,0.8084093036219941,0.8235855411296629,0.8936851405279218,0.991694389483437,0.31846671734541815,0.0009266402889749271,0.25,1.75
HistoKit (no postprocessing),gaussian,cbd7b0be-5303-525e-8ff2-6d1502e77bdd_110516_1.png,11620558,482127,19151,95724,0.9950815617286374,0.9902112687277922,0.9983546839530095,0.9918298313406932,0.9905975497562525,0.9950815617286375,0.9617956503177877,0.8343448397597304,0.001645316046990522,0.25,1.75
HistoKit (no postprocessing),gaussian,b0f43f79-08e2-79bc-61fa-379c7ef1dd21_131900_10.png,5009283,182255,4137,415405,0.9598067006012967,0.9227195571785791,0.9991748147970846,0.9234232457239937,0.9252297240459947,0.9598067006012967,0.9778048414095025,0.30494762908677175,0.0008251852029153751,0.25,1.75
HistoKit (no postprocessing),gaussian,6f1702fd-ae84-1c96-04ae-a23a14a5d2d4_111419_5.png,2299203,936320,24323,235685,0.946482946904072,0.898403062506374,0.9895318580467789,0.9070235055749998,0.9256170235652323,0.946482946904072,0.9746805004564651,0.7989044415339525,0.010468141953221096,0.25,1.75
HistoKit (no postprocessing),gaussian,e398b039-2e70-a00a-855c-e3ff4eba631e_115619_4.png,5046763,185841,986,533754,0.9496869950375725,0.9041942645197898,0.9998046654063029,0.9043540231129124,0.907281410645871,0.9496869950375725,0.9947223902326752,0.25825776999562255,0.00019533459369711133,0.25,1.75
HistoKit (no postprocessing),gaussian,c0272a60-2518-4785-1810-6431c15f4b4b_130712_1.png,8107535,225047,48491,17877,0.9959237015796762,0.991880500661679,0.9940545800123737,0.9977998654099017,0.9920980598765322,0.9959237015796761,0.8227266412710482,0.9264090826760633,0.005945419987626327,0.25,1.75
HistoKit (no postprocessing),gaussian,deaaef3a-8172-327d-10b9-23d266fb17ca_123636_1.png,3627517,3644385,441952,102668,0.930173825659446,0.8694625799680116,0.8913981160687058,0.9724764321340631,0.9303245100570304,0.930173825659446,0.8918464140378045,0.972600334182623,0.10860188393129423,0.25,1.75
HistoKit (no postprocessing),gaussian,04e13be9-17d6-1bd0-76ee-d5d53a64912e_105258_4.png,8000755,383735,33295,728959,0.9545296629086403,0.913014582091608,0.9958557639048798,0.9164968061954836,0.9166638970107833,0.9545296629086403,0.9201616190681725,0.3448701979160488,0.004144236095120145,0.25,1.75
HistoKit (no postprocessing),gaussian,2125a939-8f92-6ca7-9a29-e1755d6267ed_103351_8.png,6857436,209012,0,1308502,0.9129022548463481,0.8397609680602522,1.0,0.8397609680602522,0.8437600224478952,0.9129022548463481,1.0,0.13773316094612637,0.0,0.25,1.75
HistoKit (no postprocessing),gaussian,0502ebf6-5b9d-c3a6-85fe-a3909acf1f7b_112628_7.png,4997290,878516,26318,237186,0.9743125519346498,0.9499117433604128,0.994761135821107,0.954687728055301,0.9570792157424857,0.9743125519346497,0.9709140019053218,0.7874109753321228,0.005238864178892939,0.25,1.75
HistoKit (no postprocessing),gaussian,8e6bc805-8b70-bd59-8612-caf5bbe72e5e_125634_2.png,7180316,1492610,216197,55950,0.9814015505872125,0.9634822742494662,0.9707704157350903,0.9922681117581913,0.9695757653403164,0.9814015505872125,0.8734807383162639,0.9638696595546831,0.029229584264909694,0.25,1.75
HistoKit (no postprocessing),gaussian,9e7010fd-072a-6a7f-3911-83d91e8c9301_113642_1.png,8240620,270258,75559,55930,0.9920850451482114,0.9842943994159655,0.99091421673343,0.9932586436530847,0.9847855338705241,0.9920850451482113,0.7815058253353653,0.828534464787178,0.0090857832665699,0.25,1.75
HistoKit (no postprocessing),gaussian,f4c75e72-7c5b-0601-d74f-78529d4dec70_114117_1.png,4373329,8452063,10320016,168018,0.45473345765037465,0.294275094417652,0.2976401221097034,0.9630026069357835,0.550129011497495,0.4547334576503747,0.4502465070597668,0.9805085358246634,0.7023598778902966,0.25,1.75
HistoKit (no postprocessing),gaussian,7ea29210-064a-9e70-4612-3ab81fa629dc_120503_2.png,8472625,43970,24890,315220,0.9803238115954773,0.9614069865938327,0.9970709083773315,0.964130000017069,0.9615985854784596,0.9803238115954774,0.6385419692128957,0.12241432111138952,0.0029290916226685096,0.25,1.75
HistoKit (no postprocessing),gaussian,24aa9d72-799e-9634-ead4-94165f32d151_102546_1.png,6244707,394467,34989,93045,0.989852623129495,0.9799091160302922,0.9944282334686265,0.9853189269633775,0.9810802327931992,0.989852623129495,0.91852715994188,0.8091431595529956,0.0055717665313734935,0.25,1.75
HistoKit (no postprocessing),gaussian,e398b039-2e70-a00a-855c-e3ff4eba631e_115619_1.png,14234954,375739,1083,1996088,0.9344482285288983,0.876961827240734,0.9999239254576257,0.8770203416391874,0.8797454627518626,0.9344482285288984,0.9971259639829946,0.158417540571045,7.607454237439815e-05,0.25,1.75
HistoKit (no postprocessing),gaussian,d9d9ce51-54c1-b32b-5fae-fd9ffdaa32e5_111717_5.png,9066231,225752,6172,997689,0.9475415940669479,0.9003126287227564,0.9993196951237726,0.9008647723749791,0.9024984255783207,0.9475415940669479,0.9733878339456029,0.184522179655578,0.0006803048762273899,0.25,1.75
HistoKit (no postprocessing),gaussian,b1a83861-bd20-5668-5a83-92a470ead44d_110338_5.png,2700306,2333901,269,174232,0.9687000066186999,0.9392999251775859,0.9999003915832739,0.9393878251044168,0.9664982179841911,0.9687000066186999,0.9998847556090602,0.9305331894281523,9.960841672606759e-05,0.25,1.75
HistoKit (no postprocessing),gaussian,b91bdd22-8eea-af27-bee7-880d6f1d7c1e_121440_6.png,5499134,393160,115043,801361,0.9230860908298608,0.8571586669738376,0.9795084836121127,0.8728098347828226,0.865406866334797,0.9230860908298609,0.7736278613073909,0.32913611397371834,0.020491516387887307,0.25,1.75
HistoKit (no postprocessing),gaussian,0502ebf6-5b9d-c3a6-85fe-a3909acf1f7b_112628_2.png,8275047,2891330,272522,411506,0.9603096693872771,0.9236497071405251,0.9681170166628663,0.9526272389059274,0.9422780909175678,0.9603096693872772,0.9138638596242807,0.8754082854855645,0.03188298333713364,0.25,1.75
HistoKit (no postprocessing),gaussian,2125a939-8f92-6ca7-9a29-e1755d6267ed_103351_5.png,4153866,952393,2740,39073,0.9949921822087311,0.9900342709725887,0.9993408083421907,0.9906812381482297,0.9918779302231981,0.9949921822087312,0.9971312895690967,0.9605906808705492,0.00065919165780928,0.25,1.75
HistoKit (no postprocessing),gaussian,59c3e1ff-f1eb-ac9b-3a83-925048a454e4_130514_4.png,1778495,1074224,131,71470,0.9802675473758271,0.9612987650370576,0.9999263476413816,0.961366836669883,0.9755153334792362,0.9802675473758272,0.9998780663747086,0.9376185962394845,7.36523586183942e-05,0.25,1.75
HistoKit (no postprocessing),gaussian,6247d1f0-d194-53f2-2d84-7b4b827443da_115125_1.png,2663717,454691,246081,13871,0.9534752028945199,0.9110870621811156,0.9154302119940971,0.9948195913635705,0.9230537894126144,0.9534752028945199,0.6488429903021239,0.970396660420606,0.08456978800590281,0.25,1.75
HistoKit (no postprocessing),gaussian,40f80889-968b-7602-00a3-4e00b00e88fe_110004_3.png,21141281,9005194,126767,1131015,0.9711122631461065,0.94384666894325,0.9940395564275575,0.9492187514030884,0.9599486782954298,0.9711122631461064,0.9861183156607874,0.8884183425973162,0.0059604435724425675,0.25,1.75
HistoKit (no postprocessing),gaussian,66e65946-ef0a-6028-f7a7-e909aade97a4_112429_4.png,9078705,971114,23139,52450,0.9958542749878943,0.9917427821304406,0.997457767898461,0.9942559292882445,0.9925347205761981,0.995854274987894,0.9767272515144536,0.9487574787702576,0.002542232101538985,0.25,1.75
HistoKit (no postprocessing),gaussian,7e3642ed-4a56-9d3f-3ecf-de46d455c0fd_113100_1.png,558528,1941099,1717671,95902,0.3811659544759845,0.23545709057076405,0.24537749115960422,0.8534572070351298,0.5795295836038208,0.3811659544759845,0.5305332119810756,0.9529200034756978,0.7546225088403957,0.25,1.75
HistoKit (no postprocessing),gaussian,0e99786b-efbd-e936-5e70-bad7ef5912da_122209_4.png,5240581,253234,12172,28500,0.9961345141921075,0.992298797274056,0.9976827389370869,0.9945910871364475,0.9926511707408473,0.9961345141921075,0.9541381882851179,0.8988407504951479,0.002317261062913105,0.25,1.75
HistoKit (no postprocessing),gaussian,0e99786b-efbd-e936-5e70-bad7ef5912da_122209_3.png,9726671,1756018,61146,198345,0.9868364430419514,0.9740149418765688,0.9937528460125481,0.9800156493450489,0.9779009519527039,0.9868364430419515,0.9663508632132267,0.8985116889748731,0.006247153987451952,0.25,1.75
HistoKit (no postprocessing),gaussian,0502ebf6-5b9d-c3a6-85fe-a3909acf1f7b_112628_5.png,2742714,843953,208,11613,0.9978496517076086,0.995708531567034,0.9999241684597666,0.9957837250261135,0.9967150091927498,0.9978496517076086,0.9997536015049262,0.986426529338473,7.583154023337156e-05,0.25,1.75
HistoKit (no postprocessing),gaussian,728c532f-2f31-cf1c-4143-7abb9ca2b76d_102101_5.png,4829057,1828695,589748,76212,0.9354944569362831,0.8788065623818816,0.8911664103063314,0.9844632373882044,0.9090679699037865,0.9354944569362832,0.7561455862304797,0.9599917476286244,0.10883358969366862,0.25,1.75
HistoKit (no postprocessing),gaussian,59c3e1ff-f1eb-ac9b-3a83-925048a454e4_130514_1.png,4973877,709386,118640,89218,0.9795326958139007,0.9598864087028766,0.9767030723706961,0.9823787623973084,0.9647167321805137,0.9795326958139008,0.8567194749923311,0.8882825530550811,0.023296927629303937,0.25,1.75
HistoKit (no postprocessing),gaussian,228e0715-eef2-126e-c558-f7684e2bcfa8_110725_7.png,7251845,366199,1154,1981911,0.8797176885324007,0.7852642851960658,0.9998408934014743,0.785362424564825,0.7934545894646129,0.8797176885324008,0.9968586073885336,0.15595478917086508,0.00015910659852565816,0.25,1.75
HistoKit (no postprocessing),gaussian,f761dbde-597d-9a8f-e1a1-2533f0d71b83_120113_1.png,9251743,892368,116803,119326,0.9873994743221779,0.9751125436768119,0.9875324303259012,0.987266554114584,0.9772520673895787,0.987399474322178,0.8842584656118735,0.8820532690714782,0.01246756967409884,0.25,1.75
HistoKit (no postprocessing),gaussian,c38dfb82-e376-0eab-4312-72ca49852e8b_104329_1.png,3513410,810325,42665,77338,0.9832089027530134,0.9669723755598386,0.9880022215504454,0.9784618692261334,0.9729950325604255,0.9832089027530134,0.9499818286263614,0.9128745931733101,0.011997778449554635,0.25,1.75
HistoKit (no postprocessing),gaussian,59c3e1ff-f1eb-ac9b-3a83-925048a454e4_130514_3.png,2348219,404641,7838,69390,0.983822077204396,0.9681592712601017,0.996673255358423,0.971298088317838,0.9727118026011912,0.983822077204396,0.980997820495104,0.853617168497419,0.0033267446415770076,0.25,1.75
HistoKit (no postprocessing),gaussian,7d4546a5-f4cc-3733-763f-d1c5a5904dff_120251_4.png,3286367,261029,5618,168522,0.9741895283652844,0.9496778940195757,0.9982934308631418,0.9512221666166409,0.9532074928201689,0.9741895283652843,0.978930946157279,0.6076787156821891,0.001706569136858157,0.25,1.75
HistoKit (no postprocessing),gaussian,7e3642ed-4a56-9d3f-3ecf-de46d455c0fd_113100_3.png,3820312,1312202,241621,113777,0.9555531488032424,0.914889204470617,0.9405157593687538,0.9710792002926217,0.9352398507847793,0.9555531488032424,0.8444990195150928,0.9202113074596471,0.05948424063124626,0.25,1.75
HistoKit (no postprocessing),gaussian,7e3642ed-4a56-9d3f-3ecf-de46d455c0fd_113100_4.png,8164058,3774083,5932,99831,0.993564331342588,0.9872109686533723,0.999273928119863,0.987919610246459,0.9912185450830562,0.993564331342588,0.9984306940580924,0.9742299390229107,0.0007260718801369402,0.25,1.75
HistoKit (no postprocessing),gaussian,3e1fffa8-5bae-87b0-bc39-e4a1bc285608_122517_7.png,3635841,351513,482,2550676,0.7402830545952087,0.5876582491770243,0.9998674485187372,0.5877040344348847,0.6098259053436011,0.7402830545952086,0.9986306623673632,0.12111995462735198,0.0001325514812628031,0.25,1.75
HistoKit (no postprocessing),gaussian,b0f43f79-08e2-79bc-61fa-379c7ef1dd21_131900_5.png,7424054,146762,24020,425205,0.9706337699519256,0.9429430863557611,0.996775005189261,0.945828644461853,0.9439871940804293,0.9706337699519256,0.8593528592006183,0.2565917264457565,0.0032249948107389913,0.25,1.75
HistoKit (no postprocessing),gaussian,cbd7b0be-5303-525e-8ff2-6d1502e77bdd_110516_5.png,4547849,503775,137020,108831,0.9736819878587587,0.9487137284352379,0.9707526507144597,0.9766290576118608,0.9535909088763986,0.9736819878587588,0.7861718646368964,0.8223474794566165,0.029247349285540323,0.25,1.75
HistoKit (no postprocessing),gaussian,66e65946-ef0a-6028-f7a7-e909aade97a4_112429_5.png,13326970,461433,17855,16782,0.9987021788385345,0.9974077219903265,0.9986620281644757,0.9987423327411961,0.9974942559668496,0.9987021788385345,0.9627468244562768,0.9649069978984348,0.0013379718355242575,0.25,1.75
HistoKit (no postprocessing),gaussian,1875292b-dccd-c5b5-17ad-67c30baa6d69_130951_13.png,11200873,342137,49603,1471214,0.9364275056982816,0.8804547980653514,0.995591030992822,0.8839012074333139,0.883585644543517,0.9364275056982816,0.8733777505488334,0.1886766544370064,0.004408969007178008,0.25,1.75
HistoKit (no postprocessing),gaussian,1875292b-dccd-c5b5-17ad-67c30baa6d69_130951_12.png,7223823,277122,9023,957392,0.9373030248161078,0.882004039443054,0.9987524965967753,0.882976795011499,0.8858658424821905,0.9373030248161077,0.9684670359433154,0.22447862073658137,0.001247503403224678,0.25,1.75
HistoKit (no postprocessing),gaussian,6f1702fd-ae84-1c96-04ae-a23a14a5d2d4_111419_3.png,4543996,344875,16579,74294,0.9900997563424236,0.9803936206179722,0.9963647127829276,0.9839130933743875,0.9817514715615903,0.9900997563424235,0.9541324760550444,0.8227588395134182,0.0036352872170724087,0.25,1.75
HistoKit (no postprocessing),gaussian,c0272a60-2518-4785-1810-6431c15f4b4b_130712_3.png,33230173,2122055,166133,363238,0.9920977274765916,0.984319367583875,0.9950254078999037,0.989187224840014,0.9852467277169003,0.9920977274765916,0.9273953888404275,0.8538449993622482,0.00497459210009634,0.25,1.75
HistoKit (no postprocessing),gaussian,04e13be9-17d6-1bd0-76ee-d5d53a64912e_105258_3.png,9188827,316013,1446,1667214,0.9167597594250994,0.8463125030681593,0.9998426597338295,0.8464252299710364,0.8506591488790441,0.9167597594250992,0.9954450810970865,0.159342828632325,0.00015734026617054793,0.25,1.75
HistoKit (no postprocessing),gaussian,e398b039-2e70-a00a-855c-e3ff4eba631e_115619_3.png,16725945,538508,24065,4085882,0.8905818424162801,0.8027467698527138,0.9985632844398302,0.8036749969140143,0.80771638034284,0.8905818424162801,0.9572233292390498,0.11644952090978486,0.001436715560169815,0.25,1.75
HistoKit (no postprocessing),gaussian,b91bdd22-8eea-af27-bee7-880d6f1d7c1e_121440_1.png,5068445,1313900,70692,687075,0.9304459975197016,0.8699383063987373,0.986244383054976,0.8806232972867786,0.8938718328227905,0.9304459975197017,0.9489438043842519,0.656629892927198,0.013755616945024038,0.25,1.75
HistoKit (no postprocessing),gaussian,b1a83861-bd20-5668-5a83-92a470ead44d_110338_3.png,847396,1698875,47752,89648,0.9250078594383121,0.860478718435087,0.9466546314129061,0.9043289322593177,0.9488014738021165,0.9250078594383121,0.9726604478231471,0.9498759591014485,0.053345368587093975,0.25,1.75
HistoKit (no postprocessing),gaussian,b91bdd22-8eea-af27-bee7-880d6f1d7c1e_121440_2.png,9051838,1021280,2672,1861045,0.9066619763531474,0.8292604453003076,0.9997048984428755,0.8294634882459566,0.8438684123555364,0.9066619763531473,0.9973905026798131,0.3543250674368782,0.00029510155712457106,0.25,1.75
HistoKit (no postprocessing),gaussian,3e1fffa8-5bae-87b0-bc39-e4a1bc285608_122517_3.png,10508859,485925,22805,1602835,0.9282067615589525,0.8660315518588777,0.9978346251836367,0.8676621949002344,0.871189747666164,0.9282067615589524,0.9551726849212745,0.2326380244738505,0.0021653748163633023,0.25,1.75
HistoKit (no postprocessing),gaussian,c74350c8-f970-c60d-af8a-f9c4d9c5bab2_124242_4.png,0,2718609,918769,1278,0.0,0.0,0.0,0.0,0.7471464738628768,,0.7474089852635607,0.9995301275383867,1.0,0.25,1.75
HistoKit (no postprocessing),gaussian,0504f20c-cba2-27c1-e181-78505aa24ca7_112258_4.png,9870460,1352842,422863,207195,0.9690708025898412,0.9399974363169512,0.9589187087590665,0.9794401574572656,0.9468456201448365,0.9690708025898414,0.7618619083687888,0.8671858423870716,0.041081291240933564,0.25,1.75
HistoKit (no postprocessing),gaussian,5fe08b37-e6eb-942a-a4ce-507361c4911e_102333_2.png,8932698,68319,14665,255728,0.9850906403906662,0.9706193277888918,0.9983609695951757,0.9721684649797473,0.9708358275602093,0.9850906403906662,0.8232791863491757,0.2108305276703688,0.0016390304048243042,0.25,1.75
HistoKit (no postprocessing),gaussian,cbd7b0be-5303-525e-8ff2-6d1502e77bdd_110516_4.png,3236721,341788,449,81512,0.9874971836209002,0.9753031474543207,0.9998612986034098,0.9754351186309099,0.9776091594795204,0.9874971836209002,0.9986880436656469,0.8074368060477203,0.0001387013965902316,0.25,1.75
HistoKit (no postprocessing),gaussian,7e6be544-b3c1-c3b1-a8a1-838402bd2649_124526_4.png,4602761,474502,18092,88005,0.988605955634568,0.9774686346455977,0.996084705572759,0.9812386718928209,0.9795312307074947,0.988605955634568,0.9632719846364348,0.8435486136172528,0.003915294427241031,0.25,1.75
HistoKit (no postprocessing),gaussian,24aa9d72-799e-9634-ead4-94165f32d151_102546_6.png,8292496,118298,2869,31661,0.9979223229163872,0.9958532614165009,0.999654144211858,0.9961964917288321,0.9959113469181289,0.997922322916387,0.9763219358406167,0.7888689575150541,0.00034585578814193225,0.25,1.75
HistoKit (no postprocessing),gaussian,66e65946-ef0a-6028-f7a7-e909aade97a4_112429_3.png,4704314,170353,11995,3776,0.9983265776417148,0.9966587466115546,0.9974566975997544,0.999197976249392,0.9967751354786627,0.9983265776417148,0.9342191852940531,0.9783149274388528,0.0025433024002456156,0.25,1.75
HistoKit (no postprocessing),gaussian,c74350c8-f970-c60d-af8a-f9c4d9c5bab2_124242_5.png,0,5537807,5563057,1850,0.0,0.0,0.0,0.0,0.4987795776780344,,0.49886270113749703,0.9996660443056312,1.0,0.25,1.75
HistoKit (no postprocessing),gaussian,def4a0a8-b472-78ea-531c-84458df3a3e9_124843_6.png,16518109,7847827,2134274,82289,0.9371237406773667,0.8816865862396737,0.885576336278319,0.9950429501750501,0.9166157026846874,0.9371237406773667,0.7861899013043446,0.989623228714435,0.11442366372168103,0.25,1.75
HistoKit (no postprocessing),gaussian,0f3058e5-e9f7-bd55-4b60-07a71af55b96_123333_3.png,30681489,1532402,101190,447748,0.9911335646598306,0.9824229748763922,0.996712761745006,0.9856164800955449,0.9832450976684584,0.9911335646598306,0.9380567485639009,0.7738817766330833,0.0032872382549939856,0.25,1.75
HistoKit (no postprocessing),gaussian,9e7010fd-072a-6a7f-3911-83d91e8c9301_113642_6.png,6741231,1647197,31076,1145296,0.9197499610132702,0.8514232148290335,0.9954113125704431,0.8547781552006352,0.877010287721646,0.9197499610132702,0.9814833462732225,0.5898661160475603,0.00458868742955687,0.25,1.75
HistoKit (no postprocessing),gaussian,b91bdd22-8eea-af27-bee7-880d6f1d7c1e_121440_4.png,6483875,244307,31452,222557,0.9807885622480337,0.96230136939134,0.9951726137460176,0.9668143954937588,0.9636204452155491,0.9807885622480337,0.8859438857843261,0.5232937215120463,0.004827386253982341,0.25,1.75
HistoKit (no postprocessing),gaussian,d9d9ce51-54c1-b32b-5fae-fd9ffdaa32e5_111717_3.png,10795695,732854,29155,1127046,0.9491725959025727,0.903262126778881,0.9973066601384777,0.9054708980091072,0.908851100731193,0.9491725959025727,0.9617392970424233,0.3940287112210334,0.0026933398615223304,0.25,1.75
HistoKit (no postprocessing),gaussian,969ce636-2f0f-f223-bb1c-2b4624598a38_125938_4.png,15292749,753317,87924,4216030,0.8766402521885411,0.7803735659003456,0.9942834751119148,0.7838906268813646,0.7885036968022636,0.876640252188541,0.8954829828788659,0.151592754540989,0.005716524888085196,0.25,1.75
HistoKit (no postprocessing),gaussian,35ce6eab-4a33-9fbb-2efe-2acf7936ba3e_104917_2.png,7202960,4500123,890141,197076,0.9298258964598325,0.8688547904345106,0.8900123697949649,0.9733682376680329,0.9149967553536664,0.9298258964598325,0.8348613351776463,0.9580439321391323,0.10998763020503513,0.25,1.75
HistoKit (no postprocessing),gaussian,1875292b-dccd-c5b5-17ad-67c30baa6d69_130951_4.png,3915357,146234,6845,142199,0.9813222405992763,0.9633294057353101,0.9982548068661431,0.9649545194200647,0.9646029636859998,0.9813222405992763,0.9552845262903468,0.506994692008196,0.0017451931338569508,0.25,1.75
HistoKit (no postprocessing),gaussian,859ead5f-592a-5c4e-67de-d71b0ee92f6d_113334_2.png,12697403,598322,41756,311263,0.986289366189183,0.9729496103650901,0.9967222326057787,0.9760726426522135,0.9741354222776836,0.986289366189183,0.9347642006130503,0.6577966875003436,0.0032777673942212355,0.25,1.75
HistoKit (no postprocessing),gaussian,6b809376-ab46-9021-2fa3-0d0025b512da_132412_1.png,3741603,440514,6504,78092,0.9888215891483418,0.9778903292797891,0.9982647240326917,0.979555435708872,0.9801730278085261,0.9888215891483418,0.9854502503254903,0.8494194050975115,0.0017352759673082971,0.25,1.75
HistoKit (no postprocessing),gaussian,c38dfb82-e376-0eab-4312-72ca49852e8b_104329_5.png,2600421,527578,2574,91505,0.9822322183843725,0.9650848023752088,0.9990111390917001,0.9660076094216558,0.9708017620926619,0.9822322183843725,0.995144788664383,0.8521926785261427,0.0009888609082998622,0.25,1.75
HistoKit (no postprocessing),gaussian,cbd7b0be-5303-525e-8ff2-6d1502e77bdd_110516_2.png,9597563,747811,32214,37512,0.9963806625662113,0.992787429857533,0.9966547511951731,0.9961067246492632,0.9933052971166864,0.9963806625662113,0.9587013236755232,0.9522336669115765,0.0033452488048269446,0.25,1.75
HistoKit (no postprocessing),gaussian,84acf623-2a5d-c4c6-c1db-583a94b80fc7_105804_1.png,45316232,3736227,55028,860673,0.9899976039934826,0.9801933222216774,0.9987871617407142,0.9813613970013798,0.9816743102007358,0.9899976039934825,0.9854855450240092,0.8127709978463747,0.0012128382592857241,0.25,1.75
HistoKit (no postprocessing),gaussian,7e6be544-b3c1-c3b1-a8a1-838402bd2649_124526_3.png,50300306,513581,35526,57027,0.9990808412864964,0.9981633707267928,0.9992942204670422,0.9988675532121608,0.9981818999717914,0.9990808412864964,0.9353022270704981,0.9000592350615484,0.0007057795329577547,0.25,1.75
HistoKit (no postprocessing),gaussian,e3dca99c-de77-4ab1-72a1-8daf3d4d032c_120923_2.png,9085016,1116230,191314,237136,0.9769631736611623,0.9549638375750752,0.9793761110266668,0.9745620968205625,0.9596931088151534,0.9769631736611623,0.8536844649204922,0.8247805841139795,0.020623888973333206,0.25,1.75
HistoKit (no postprocessing),gaussian,b0f43f79-08e2-79bc-61fa-379c7ef1dd21_131900_4.png,12836893,194772,12966,695701,0.9731386994226807,0.9476827093158201,0.998990961690708,0.9485907136503171,0.9484243175492412,0.9731386994226806,0.937584842445773,0.21872869811886492,0.001009038309291954,0.25,1.75
HistoKit (no postprocessing),gaussian,19a1c0fb-3d0a-327d-ea5a-6aae35f53e51_121144_3.png,24680934,1521270,39221,171371,0.995751834788913,0.9915396107092832,0.9984133999159794,0.9931044223061,0.992026894842939,0.995751834788913,0.9748662440219136,0.8987552587938021,0.0015866000840205087,0.25,1.75
HistoKit (no postprocessing),gaussian,7ea29210-064a-9e70-4612-3ab81fa629dc_120503_4.png,2762054,176346,4837,524370,0.9125756713470222,0.8392084371309355,0.9982518284963159,0.8404435946183451,0.8473855312900221,0.9125756713470222,0.9733032348509518,0.2516654393506071,0.001748171503684099,0.25,1.75
HistoKit (no postprocessing),gaussian,24aa9d72-799e-9634-ead4-94165f32d151_102546_7.png,10986427,598068,10819,71206,0.9962808682831585,0.99258929794338,0.999016208239772,0.9935604663312664,0.9929691973270521,0.9962808682831586,0.9822315142218507,0.8936071026216468,0.00098379176022797,0.25,1.75
HistoKit (no postprocessing),gaussian,7ea29210-064a-9e70-4612-3ab81fa629dc_120503_1.png,8767569,155614,5519,1018818,0.9448078676794468,0.8953894165242191,0.9993709170590789,0.8958943683710853,0.8970258918805893,0.9448078676794468,0.9657487913711034,0.1325014985967685,0.0006290829409211443,0.25,1.75
HistoKit (no postprocessing),gaussian,5fe08b37-e6eb-942a-a4ce-507361c4911e_102333_3.png,13479024,1653491,29211,1697269,0.9398114551510138,0.8864569040263315,0.9978375413220157,0.8881631370717473,0.8975929466732744,0.9398114551510138,0.9826404199911809,0.49346745216010696,0.0021624586779842073,0.25,1.75
HistoKit (no postprocessing),gaussian,969ce636-2f0f-f223-bb1c-2b4624598a38_125938_2.png,4525929,328165,6911,1265499,0.8767554271159951,0.7805561213306087,0.9984753487879563,0.7814875709410529,0.7923105901832431,0.8767554271159951,0.9793748283971397,0.20591856250752982,0.0015246512120436636,0.25,1.75
HistoKit (no postprocessing),gaussian,f761dbde-597d-9a8f-e1a1-2533f0d71b83_120113_5.png,3492195,670014,527979,32019,0.9257729056352881,0.8618037196155267,0.8686676248341489,0.9909145698870727,0.8814118059627627,0.9257729056352881,0.5592803964630845,0.9543910329001628,0.13133237516585103,0.25,1.75
HistoKit (no postprocessing),gaussian,969ce636-2f0f-f223-bb1c-2b4624598a38_125938_5.png,12699091,272316,8513,1688865,0.9373558619936255,0.8820976171309785,0.9993300861436979,0.8826195326146397,0.8842863945446061,0.9373558619936255,0.9696861791339213,0.1388530686356843,0.0006699138563021007,0.25,1.75
HistoKit (no postprocessing),gaussian,859ead5f-592a-5c4e-67de-d71b0ee92f6d_113334_1.png,20239791,372590,9168,360091,0.99096035552147,0.9820826772704224,0.999547235983835,0.982519754239369,0.9824008514110432,0.99096035552147,0.9759847861734398,0.5085296329507657,0.00045276401616497916,0.25,1.75
HistoKit (no postprocessing),gaussian,04e13be9-17d6-1bd0-76ee-d5d53a64912e_105258_1.png,14090497,253353,57815,807793,0.9701993369138324,0.9421234338753305,0.9959136468011166,0.9457794820747885,0.9430875183060435,0.9701993369138325,0.8142000462772522,0.23875413939269433,0.0040863531988833725,0.25,1.75
HistoKit (no postprocessing),gaussian,8e6bc805-8b70-bd59-8612-caf5bbe72e5e_125634_1.png,64573263,1029214,141509,108372,0.9980688721905547,0.9961451885147687,0.9978133431421191,0.9983245321488858,0.996205435802314,0.9980688721905546,0.8791268301724661,0.9047351145320002,0.0021866568578809177,0.25,1.75
HistoKit (no postprocessing),gaussian,9e7010fd-072a-6a7f-3911-83d91e8c9301_113642_2.png,2600925,835557,96617,435257,0.9072375998565679,0.8302240265015406,0.9641833194812166,0.8566433105788783,0.8659711981485532,0.9072375998565678,0.8963530413849775,0.6574974779944194,0.035816680518783395,0.25,1.75
HistoKit (no postprocessing),gaussian,a40a1d35-8d5f-0529-214c-05d84888ba26_111152_2.png,2751086,3931382,413,131199,0.9766387919735652,0.9543441595338811,0.9998498999999637,0.954480906641779,0.9806852869352869,0.9766387919735652,0.9998949589182549,0.9677055054409992,0.00015010000003634383,0.25,1.75
HistoKit (no postprocessing),gaussian,2125a939-8f92-6ca7-9a29-e1755d6267ed_103351_3.png,10169723,2436772,404736,753665,0.9461154877509361,0.8977411440764597,0.9617251341179723,0.9310044649150978,0.9158438247553777,0.9461154877509361,0.8575629560078663,0.7637737400863894,0.03827486588202763,0.25,1.75
HistoKit (no postprocessing),gaussian,40f80889-968b-7602-00a3-4e00b00e88fe_110004_1.png,9161459,891901,100851,2490564,0.8760938252250263,0.7795079739644958,0.9891116794838437,0.7862547988448014,0.7950604103275859,0.8760938252250263,0.8984126952149177,0.26368373360847785,0.010888320516156336,0.25,1.75
HistoKit (no postprocessing),gaussian,c38dfb82-e376-0eab-4312-72ca49852e8b_104329_2.png,5768553,752510,15456,58972,0.9935901664672385,0.987261981512519,0.9973278049878553,0.9898804380933587,0.9887153208153874,0.9935901664672385,0.9798741090100342,0.9273280245279624,0.0026721950121446907,0.25,1.75
HistoKit (no postprocessing),gaussian,c0272a60-2518-4785-1810-6431c15f4b4b_130712_2.png,17040229,1506394,74045,252971,0.9904957858865199,0.981170531077324,0.9956734945344453,0.9853716489718503,0.9826733996554665,0.9904957858865199,0.9531490933848127,0.8562146001540328,0.0043265054655546595,0.25,1.75
HistoKit (no postprocessing),gaussian,0f3058e5-e9f7-bd55-4b60-07a71af55b96_123333_2.png,15229499,834860,40324,95545,0.9955590916607024,0.9911574522653802,0.9973592359256555,0.9937654338871719,0.9916131427286086,0.9955590916607024,0.9539251174610139,0.897308161499562,0.002640764074344542,0.25,1.75
HistoKit (no postprocessing),gaussian,f9a50b4c-7c73-18cd-0877-8296eed330e2_114604_2.png,8628838,1653866,43146,2151116,0.8871957128384843,0.7972612282987315,0.9950246679421918,0.8004522097218597,0.8241349699919035,0.8871957128384843,0.9745753123725701,0.43465803517598767,0.004975332057808225,0.25,1.75
HistoKit (no postprocessing),gaussian,7d4546a5-f4cc-3733-763f-d1c5a5904dff_120251_3.png,2795664,448743,11984,251189,0.9550477487321294,0.9139630519704057,0.9957316586694629,0.9175578867769466,0.9249702073794468,0.9550477487321294,0.9739889348790064,0.6411237091603185,0.004268341330537161,0.25,1.75
HistoKit (no postprocessing),gaussian,0502ebf6-5b9d-c3a6-85fe-a3909acf1f7b_112628_1.png,7695578,2965893,366972,66736,0.9725932557777431,0.9466486970688447,0.9544843752906959,0.9914025637200453,0.9609102295690768,0.9725932557777431,0.8898929299566589,0.9779940111368717,0.04551562470930413,0.25,1.75
HistoKit (no postprocessing),gaussian,7ea29210-064a-9e70-4612-3ab81fa629dc_120503_3.png,3888708,233188,5461,557716,0.9324775828289428,0.873496956907018,0.9985976468920583,0.8745697666259448,0.8797933351305305,0.9324775828289428,0.9771170212320186,0.2948373001021616,0.001402353107941643,0.25,1.75
HistoKit (no postprocessing),gaussian,228e0715-eef2-126e-c558-f7684e2bcfa8_110725_12.png,2044127,6089358,479280,301603,0.8396259953252496,0.7235822174080799,0.8100663111420393,0.8714246737689333,0.9124017541120133,0.8396259953252496,0.9270351022540746,0.9528078797539212,0.1899336888579607,0.25,1.75
HistoKit (no postprocessing),gaussian,c38dfb82-e376-0eab-4312-72ca49852e8b_104329_4.png,5028702,146168,5636,25114,0.9969518704809621,0.993922266680265,0.9988804883581516,0.9950306857234217,0.9940929226489832,0.9969518704809621,0.9628731785723696,0.8533763034060788,0.0011195116418484417,0.25,1.75
HistoKit (no postprocessing),gaussian,5fe08b37-e6eb-942a-a4ce-507361c4911e_102333_4.png,5132812,512173,16515,2162700,0.8248900608517314,0.7019684145039399,0.9967927847658539,0.7035574747872391,0.7214775951534981,0.8248900608517313,0.9687622945858427,0.1914756326748971,0.003207215234146132,0.25,1.75
HistoKit (no postprocessing),gaussian,6f1702fd-ae84-1c96-04ae-a23a14a5d2d4_111419_1.png,2876759,787530,833,127500,0.9781815282298039,0.9572948182618036,0.9997105218529938,0.9575602502979936,0.9661624596387407,0.9781815282298039,0.9989433801434111,0.8606603062194682,0.0002894781470062469,0.25,1.75
HistoKit (no postprocessing),gaussian,be2180cd-04c9-2627-2456-4397fd5e59ee_103647_6.png,3763663,359231,11146,74687,0.988725705058833,0.9777027953789276,0.9970472678220276,0.9805418995141142,0.9796059473565285,0.988725705058833,0.9699063386765376,0.8278776174300213,0.0029527321779724484,0.25,1.75
HistoKit (no postprocessing),gaussian,9e7010fd-072a-6a7f-3911-83d91e8c9301_113642_4.png,6877123,215917,46733,971107,0.9310970705152949,0.8710772932058073,0.9932504373285638,0.8762642022468761,0.874509301086935,0.9310970705152949,0.8220711974110032,0.1818977543840731,0.006749562671436263,0.25,1.75
HistoKit (no postprocessing),gaussian,0f3058e5-e9f7-bd55-4b60-07a71af55b96_123333_1.png,18642820,804781,32992,256407,0.992298105133038,0.9847139418786567,0.9982334369182984,0.986432937177801,0.9853372346354563,0.992298105133038,0.9606194040629145,0.7583774034384105,0.001766563081701615,0.25,1.75
HistoKit (no postprocessing),gaussian,228e0715-eef2-126e-c558-f7684e2bcfa8_110725_1.png,7312280,551615,29776,2671928,0.8440688656250418,0.7302068787008248,0.9959444602438337,0.7323845817314704,0.7442923964840991,0.8440688656250418,0.9487848969110289,0.17112072027579592,0.004055539756166393,0.25,1.75
HistoKit (no postprocessing),gaussian,7e6be544-b3c1-c3b1-a8a1-838402bd2649_124526_2.png,49837607,1372086,76736,106766,0.9981623837422464,0.9963315087636302,0.9984626462978787,0.9978623017251613,0.996429449463105,0.9981623837422464,0.9470355916737874,0.9278048107586154,0.001537353702121252,0.25,1.75
HistoKit (no postprocessing),gaussian,deaaef3a-8172-327d-10b9-23d266fb17ca_123636_5.png,2368387,163025,690,456294,0.9120128431089781,0.8382569935063395,0.9997087473307115,0.8384617590446496,0.8470805074026334,0.912012843108978,0.9957853587026234,0.26323267976600107,0.0002912526692885035,0.25,1.75
HistoKit (no postprocessing),gaussian,f761dbde-597d-9a8f-e1a1-2533f0d71b83_120113_2.png,3035978,467699,17690,70737,0.9856458600057821,0.9716979712937344,0.9942069668346395,0.977230933638908,0.9753829510504151,0.985645860005782,0.9635550043367279,0.8686250547883129,0.005793033165360478,0.25,1.75
HistoKit (no postprocessing),gaussian,9e7010fd-072a-6a7f-3911-83d91e8c9301_113642_7.png,2913301,3269752,339518,411174,0.8858661327895636,0.7951164208010223,0.895623457683935,0.8763191180562344,0.8917335437054579,0.8858661327895636,0.905931670393182,0.8882960428979012,0.10437654231606493,0.25,1.75
HistoKit (no postprocessing),gaussian,3e1fffa8-5bae-87b0-bc39-e4a1bc285608_122517_5.png,4949271,1749003,247775,703866,0.9122926313777381,0.8387298437936374,0.952323877833677,0.8754910769011967,0.8756011014501468,0.9122926313777381,0.8759125951908525,0.713043786684083,0.04767612216632294,0.25,1.75
HistoKit (no postprocessing),gaussian,8e6bc805-8b70-bd59-8612-caf5bbe72e5e_125634_3.png,31219458,393680,25364,96383,0.9980539368644479,0.9961154333408687,0.9991882174908854,0.9969222285935095,0.9961636224615278,0.9980539368644479,0.9394717499832953,0.8033252867488466,0.0008117825091146303,0.25,1.75
HistoKit (no postprocessing),gaussian,7e3642ed-4a56-9d3f-3ecf-de46d455c0fd_113100_2.png,2178758,1256926,170,147038,0.9673214163620235,0.9367110267303993,0.9999219799828173,0.9367794939882947,0.9589136373633367,0.9673214163620236,0.9998647676867956,0.8952693943719354,7.802001718276143e-05,0.25,1.75
HistoKit (no postprocessing),gaussian,7d4546a5-f4cc-3733-763f-d1c5a5904dff_120251_1.png,6248867,933918,27406,523425,0.9577860860562062,0.9189918434612832,0.9956333958067153,0.9227108045547947,0.9287744568646801,0.9577860860562063,0.9714914014421777,0.6408360969243342,0.004366604193284772,0.25,1.75
HistoKit (no postprocessing),gaussian,1875292b-dccd-c5b5-17ad-67c30baa6d69_130951_1.png,10106082,348582,7463,1818554,0.917143025551882,0.8469659864538502,0.9992620787270933,0.8474960577413013,0.8513097929992645,0.917143025551882,0.9790391663975059,0.1608491575978619,0.00073792127290678,0.25,1.75
HistoKit (no postprocessing),gaussian,be2180cd-04c9-2627-2456-4397fd5e59ee_103647_1.png,28911097,455541,8585,51437,0.9989630320995312,0.9979282125761176,0.9997031433471503,0.9982240158958466,0.997960284993268,0.9989630320995313,0.9815028677557387,0.8985419485658155,0.0002968566528497789,0.25,1.75
HistoKit (no postprocessing),gaussian,54b22c23-34e4-1c55-9de2-c8e205e762bc_131621_2.png,20989375,1715752,78537,313171,0.9907551624766482,0.9816796932129209,0.996272198213093,0.985298893381101,0.9830406200676413,0.9907551624766483,0.9562294591339522,0.8456466805295223,0.003727801786907027,0.25,1.75
HistoKit (no postprocessing),gaussian,f761dbde-597d-9a8f-e1a1-2533f0d71b83_120113_3.png,9965042,14652931,459839,164328,0.9696331916935333,0.9410563149712127,0.955890239898182,0.9837770759681994,0.975272817597874,0.9696331916935332,0.969572818219294,0.9889096897071179,0.04410976010181795,0.25,1.75
HistoKit (no postprocessing),gaussian,1c7a4a4c-ace6-25f8-ee0c-f8914aeab226_121941_3.png,6957833,3645492,752281,179622,0.937235314414097,0.8818841340191864,0.9024293285417051,0.9748338868686387,0.9192124334256765,0.9372353144140969,0.8289404660040434,0.9530413995504448,0.09757067145829491,0.25,1.75
HistoKit (no postprocessing),gaussian,6f1702fd-ae84-1c96-04ae-a23a14a5d2d4_111419_2.png,6262990,566911,13288,355847,0.9713740435816198,0.9443413687166632,0.9978828216340959,0.9462372317070205,0.9487243847648491,0.9713740435816199,0.9770975130946451,0.6143658467333797,0.0021171783659041233,0.25,1.75
HistoKit (no postprocessing),gaussian,f9a50b4c-7c73-18cd-0877-8296eed330e2_114604_5.png,5053556,3232773,401151,977960,0.879933464638463,0.7856082088502327,0.9264578280739919,0.837858342745008,0.8573152386233839,0.879933464638463,0.8896094139558229,0.7677459007730958,0.07354217192600812,0.25,1.75
HistoKit (no postprocessing),gaussian,9601a588-d18f-b3b2-00f0-b816a7730c15_114312_2.png,5454941,423260,19427,58852,0.9928760599703627,0.9858529030112665,0.9964512798555011,0.9893264038022465,0.9868581779843129,0.9928760599703627,0.9561157205881357,0.8779287800345148,0.0035487201444988716,0.25,1.75
HistoKit (no postprocessing),gaussian,54b22c23-34e4-1c55-9de2-c8e205e762bc_131621_1.png,26112501,1334689,138220,179838,0.9939467172258334,0.9879662779739165,0.9947346208128912,0.9931600608070663,0.9885447448551513,0.9939467172258335,0.9061584931587763,0.881257976912924,0.005265379187108804,0.25,1.75
HistoKit (no postprocessing),gaussian,9601a588-d18f-b3b2-00f0-b816a7730c15_114312_1.png,9483907,967255,393640,75096,0.9758837859599568,0.9529033644630879,0.9601480003081737,0.9921439505772726,0.9570750569281874,0.975883785959957,0.7107491760936736,0.9279551705711416,0.03985199969182632,0.25,1.75
HistoKit (no postprocessing),gaussian,2125a939-8f92-6ca7-9a29-e1755d6267ed_103351_7.png,1078381,329198,16170,1288701,0.6230475616565939,0.4524829938252438,0.985226819033558,0.4555739936343566,0.5189326992202621,0.6230475616565939,0.9531803757151792,0.20347252826041676,0.014773180966441948,0.5,1.75
HistoKit (no postprocessing),gaussian,be2180cd-04c9-2627-2456-4397fd5e59ee_103647_4.png,4418205,441401,23200,429318,0.951284152487779,0.9070942855916874,0.9947764277295135,0.9114355929822303,0.9148141120199754,0.951284152487779,0.9500646791548016,0.5069385186265604,0.005223572270486479,0.5,1.75
HistoKit (no postprocessing),gaussian,39bcf904-a619-148a-5bca-38122a540be1_104536_1.png,1673019,912305,1391,332601,0.9092420442224656,0.8335873595112334,0.9991692596198064,0.8341654949591647,0.8855923784886597,0.9092420442224656,0.9984776118096172,0.7328304305706616,0.0008307403801936205,0.5,1.75
HistoKit (no postprocessing),gaussian,228e0715-eef2-126e-c558-f7684e2bcfa8_110725_2.png,2700976,179413,66896,793221,0.8626465150735324,0.7584682567964386,0.9758312523122457,0.7729890444070555,0.7700533029488523,0.8626465150735324,0.7284061889740123,0.184460958592852,0.024168747687754347,0.5,1.75
HistoKit (no postprocessing),gaussian,be2180cd-04c9-2627-2456-4397fd5e59ee_103647_3.png,21745030,1446639,43924,333106,0.9914051741293985,0.9829568313258349,0.9979841161718915,0.9849124038369906,0.9840029354187093,0.9914051741293985,0.9705319399448397,0.8128349847871464,0.0020158838281084993,0.25,1.75
HistoKit (no postprocessing),gaussian,10fd35f3-17d4-d309-f849-cc9e883460c1_123055_2.png,4864001,3688210,3619331,105948,0.7230951319607463,0.5662873954510739,0.5733597364809017,0.9786822762165165,0.6965764989423734,0.7230951319607462,0.5047128712654503,0.9720760179201815,0.4266402635190984,0.25,1.75
HistoKit (no postprocessing),gaussian,9e7010fd-072a-6a7f-3911-83d91e8c9301_113642_3.png,3165843,271191,3460,603832,0.9124810598909523,0.8390484305491323,0.9989082773089225,0.8398185519971881,0.8498409871014354,0.9124810598909522,0.9874021940571853,0.3099244248436898,0.001091722691077502,0.5,1.75
HistoKit (no postprocessing),gaussian,332605c9-e7e2-297a-c808-98d567218fe3_115336_3.png,9042299,259922,37059,198296,0.9871530783949064,0.9746320567677993,0.9959183237405111,0.9785407757833776,0.9753233945396608,0.9871530783949064,0.8752142392947697,0.5672452849953515,0.004081676259488832,0.25,1.75
HistoKit (no postprocessing),gaussian,969ce636-2f0f-f223-bb1c-2b4624598a38_125938_1.png,21442277,770323,144925,2765225,0.9364522587590041,0.8804985638597747,0.9932865315291903,0.8857699154584393,0.8841627608442547,0.9364522587590041,0.8416549394262539,0.2178793782463143,0.006713468470809695,0.25,1.75
HistoKit (no postprocessing),gaussian,c74350c8-f970-c60d-af8a-f9c4d9c5bab2_124242_3.png,306483,1905709,1521627,20185,0.2844682839717131,0.1658193091470788,0.16765019610417317,0.9382094358798535,0.5892886635176734,0.28446828397171314,0.5560321485842065,0.9895191531828854,0.8323498038958268,0.5,1.75
HistoKit (no postprocessing),gaussian,332605c9-e7e2-297a-c808-98d567218fe3_115336_2.png,5458798,467864,14004,169190,0.9834972105588882,0.967530262361237,0.9974411645076873,0.9699377468466528,0.9700166419634112,0.9834972105588882,0.9709380992304947,0.7344181184012658,0.002558835492312713,0.5,1.75
HistoKit (no postprocessing),gaussian,7e6be544-b3c1-c3b1-a8a1-838402bd2649_124526_1.png,51760641,2592978,154606,265345,0.9959597265889659,0.9919519694218878,0.9970219538780197,0.9948997602851775,0.9923329627774856,0.9959597265889659,0.9437302007873098,0.9071675944251227,0.0029780461219803115,0.25,1.75
HistoKit (no postprocessing),gaussian,0502ebf6-5b9d-c3a6-85fe-a3909acf1f7b_112628_8.png,3946333,94857,559,117216,0.9852973138432704,0.9710207012215226,0.9998583695728183,0.9711542791781272,0.971681656373641,0.9852973138432702,0.9941414437830133,0.44728466141375844,0.00014163042718169132,0.5,1.75
HistoKit (no postprocessing),gaussian,def4a0a8-b472-78ea-531c-84458df3a3e9_124843_7.png,11423592,165109,59972,333333,0.983076733023991,0.9667167277501022,0.9947775795040634,0.9716479436587373,0.9671753627898367,0.983076733023991,0.7335536984463371,0.3312501755470045,0.005222420495936627,0.5,1.75
HistoKit (no postprocessing),gaussian,3e1fffa8-5bae-87b0-bc39-e4a1bc285608_122517_10.png,3718337,1765977,241873,1511693,0.809192578213409,0.6795326963946546,0.9389241984642228,0.7109590193555295,0.7577238086290461,0.809192578213409,0.879536319944219,0.538790360225404,0.061075801535777144,0.5,1.75
HistoKit (no postprocessing),gaussian,b91bdd22-8eea-af27-bee7-880d6f1d7c1e_121440_5.png,3842105,780454,331162,4158419,0.6312092921588682,0.461143758898259,0.9206468217825508,0.48023166982562643,0.5072967491719838,0.6312092921588682,0.7020895704991652,0.1580226906016818,0.0793531782174493,0.5,1.75
HistoKit (no postprocessing),gaussian,04e13be9-17d6-1bd0-76ee-d5d53a64912e_105258_2.png,3163547,118130,4242,1006433,0.8622639933200404,0.7578770367268439,0.9986608956594015,0.7586480031079286,0.7645405129868194,0.8622639933200404,0.9653352074003857,0.10504524868771248,0.0013391043405984427,0.5,1.75
HistoKit (no postprocessing),gaussian,d9d9ce51-54c1-b32b-5fae-fd9ffdaa32e5_111717_1.png,7423380,300661,7039,624930,0.9591717769592064,0.9215466642103278,0.9990526779176249,0.9223526429772213,0.9243695256468099,0.9591717769592063,0.9771238219044523,0.32483137800605233,0.0009473220823751662,0.5,1.75
HistoKit (no postprocessing),gaussian,cd7afea3-2dfd-f8a4-f2e6-1e02af01c417_132555_3.png,0,3998562,4188,106110,0.0,0.0,0.0,0.0,0.9731560578846687,,0.998953719317969,0.9741489697593376,1.0,0.5,1.75
HistoKit (no postprocessing),gaussian,be2180cd-04c9-2627-2456-4397fd5e59ee_103647_5.png,4958614,478690,17316,115516,0.9867829644798141,0.9739107514839596,0.9965200475087069,0.9772343239136562,0.9761528264300907,0.9867829644798142,0.9650891319863066,0.8055960390840887,0.003479952491293085,0.5,1.75
HistoKit (no postprocessing),gaussian,19a1c0fb-3d0a-327d-ea5a-6aae35f53e51_121144_1.png,6544073,59593,4184,13298,0.9986660692642886,0.9973356925302005,0.9993610513454191,0.997972053129219,0.9973596723710149,0.9986660692642886,0.934396412499804,0.8175632108216377,0.000638948654580906,0.5,1.75
HistoKit (no postprocessing),gaussian,cbd7b0be-5303-525e-8ff2-6d1502e77bdd_110516_1.png,11669792,483097,18181,46490,0.9972367845077743,0.9944887976552484,0.9984444693703519,0.9960320176656724,0.9947067172168583,0.9972367845077744,0.9637307043197587,0.9122146125188119,0.0015555306296481006,0.5,1.75
HistoKit (no postprocessing),gaussian,b0f43f79-08e2-79bc-61fa-379c7ef1dd21_131900_10.png,4985475,181515,4877,439213,0.957360701447138,0.918208917288954,0.999022714229377,0.9190344218874892,0.9208548086999294,0.9573607014471379,0.9738347139362205,0.2924227681045482,0.000977285770622994,0.5,1.75
HistoKit (no postprocessing),gaussian,0504f20c-cba2-27c1-e181-78505aa24ca7_112258_3.png,3520797,2222052,2644268,61105,0.7224395034886237,0.5654835958542732,0.5710883826853407,0.9829406276330285,0.679770133881425,0.7224395034886237,0.456618553650397,0.9732366192951252,0.4289116173146593,0.5,1.75
HistoKit (no postprocessing),gaussian,def4a0a8-b472-78ea-531c-84458df3a3e9_124843_8.png,29553484,639779,182981,1715276,0.9688836980766812,0.939645407864703,0.993846578603072,0.9451440990944316,0.9408486416349241,0.9688836980766812,0.7776010015071224,0.2716620206322145,0.00615342139692798,0.25,1.75
HistoKit (no postprocessing),gaussian,c0272a60-2518-4785-1810-6431c15f4b4b_130712_1.png,8103583,226820,46718,21829,0.995788387273725,0.9916121011290814,0.9942679417606786,0.9973134900728726,0.9918386226849785,0.995788387273725,0.8292083732424745,0.9122095805734187,0.005732058239321468,0.5,1.75
HistoKit (no postprocessing),gaussian,d9d9ce51-54c1-b32b-5fae-fd9ffdaa32e5_111717_2.png,6706795,749976,6621,1674113,0.8886512572540513,0.7996151190654601,0.9990137658682257,0.8002468228979486,0.8160620431945044,0.8886512572540513,0.9912489740244806,0.30938468018294707,0.0009862341317743457,0.5,1.75
HistoKit (no postprocessing),gaussian,6f1702fd-ae84-1c96-04ae-a23a14a5d2d4_111419_5.png,2295779,936589,24054,239109,0.9457923534637727,0.8971594510543811,0.9896311501733099,0.905672755561587,0.9247144425267577,0.9457923534637727,0.974960521234215,0.7966237928447611,0.010368849826690112,0.5,1.75
HistoKit (no postprocessing),gaussian,e398b039-2e70-a00a-855c-e3ff4eba631e_115619_4.png,5069878,184995,1832,510639,0.9518907173119762,0.9081979646919245,0.9996387806085127,0.9084961124569642,0.9111426334201671,0.9518907173119763,0.9901941368217656,0.2659372601109204,0.0003612193914872893,0.5,1.75
HistoKit (no postprocessing),gaussian,2125a939-8f92-6ca7-9a29-e1755d6267ed_103351_8.png,6822947,209012,0,1342991,0.9104008737140888,0.8355374483617192,1.0,0.8355374483617192,0.8396419083099004,0.9104008737140887,1.0,0.13467242009197147,0.0,0.5,1.75
HistoKit (no postprocessing),gaussian,deaaef3a-8172-327d-10b9-23d266fb17ca_123636_1.png,3599436,3802458,283879,130749,0.9455404216194917,0.8967061810673671,0.9268977664701421,0.964948387278379,0.9469549244536125,0.9455404216194917,0.9305297140201604,0.9667576611147087,0.07310223352985787,0.5,1.75
HistoKit (no postprocessing),gaussian,04e13be9-17d6-1bd0-76ee-d5d53a64912e_105258_4.png,8059215,377468,39562,670499,0.9578060207537324,0.9190285492211672,0.9951150649042442,0.9231934746086756,0.9223700805445085,0.9578060207537324,0.905133923218953,0.36019073119668843,0.004884935095755816,0.5,1.75
HistoKit (no postprocessing),gaussian,f4c75e72-7c5b-0601-d74f-78529d4dec70_114117_1.png,4370655,8452709,10319370,170692,0.45453387309028187,0.29410794916557526,0.2975253615974105,0.962413794849854,0.5500420229956764,0.4545338730902818,0.4502809198704097,0.9802059535443151,0.7024746384025895,0.5,1.75
HistoKit (no postprocessing),gaussian,8e6bc805-8b70-bd59-8612-caf5bbe72e5e_125634_2.png,7189412,1503197,205610,46854,0.9827449230717077,0.9660752208179766,0.9721961611473232,0.993525113642865,0.9717761945598432,0.9827449230717077,0.8796762887792478,0.9697726074819474,0.02780383885267684,0.5,1.75
HistoKit (no postprocessing),gaussian,7ea29210-064a-9e70-4612-3ab81fa629dc_120503_2.png,8250442,48002,20858,537403,0.9672749718699266,0.9366239274953418,0.9974782682286945,0.9388470097048821,0.9369674162117853,0.9672749718699266,0.6970955562009875,0.08199793305489363,0.002521731771305599,0.5,1.75
HistoKit (no postprocessing),gaussian,0502ebf6-5b9d-c3a6-85fe-a3909acf1f7b_112628_7.png,4957818,897925,6909,276658,0.9721971412864319,0.9458984600444348,0.9986083826965713,0.9471469541554876,0.9538112589199763,0.9721971412864319,0.9923643452832233,0.7644627923271493,0.0013916173034287686,0.5,1.75
HistoKit (no postprocessing),gaussian,9e7010fd-072a-6a7f-3911-83d91e8c9301_113642_1.png,8255889,270281,75536,40661,0.9930119572587762,0.986120902245868,0.9909336037952691,0.9950990471943157,0.9865549565298488,0.9930119572587763,0.7815723345006174,0.8692328472834162,0.009066396204730884,0.5,1.75
HistoKit (no postprocessing),gaussian,24aa9d72-799e-9634-ead4-94165f32d151_102546_1.png,6241384,404360,25096,96368,0.9903632367287432,0.9809104350756139,0.995995199857017,0.9847946085615215,0.982051091085127,0.9903632367287432,0.9415632800566298,0.8075442156220543,0.004004800142982982,0.5,1.75
HistoKit (no postprocessing),gaussian,e16fa7c2-3d43-e563-886f-5b0ebdd4e8c5_105048_1.png,42025746,447378,1003792,46697,0.9876561157841908,0.9756132586796409,0.9766720246915038,0.9988900810917968,0.9758639293111994,0.9876561157841908,0.3082877953651192,0.9054860092091281,0.023327975308496222,0.25,1.75
HistoKit (no postprocessing),gaussian,b91bdd22-8eea-af27-bee7-880d6f1d7c1e_121440_6.png,5680745,401976,106227,619750,0.9399396912521043,0.8866851097956178,0.9816437681053235,0.901634712828119,0.8933750623100041,0.9399396912521043,0.7909752598863052,0.39342837512209733,0.018356231894676524,0.5,1.75
HistoKit (no postprocessing),gaussian,e398b039-2e70-a00a-855c-e3ff4eba631e_115619_1.png,14418430,376450,372,1812612,0.94084850807071,0.8883040011178324,0.9999742003531222,0.888324360198193,0.8908358112759113,0.9408485080707099,0.9990127964927737,0.17196863314058716,2.5799646877736443e-05,0.5,1.75
HistoKit (no postprocessing),gaussian,b1a83861-bd20-5668-5a83-92a470ead44d_110338_5.png,2678902,2333908,262,195636,0.964726591379948,0.9318568248225964,0.9999022083007983,0.9319417589887488,0.9623902894921351,0.964726591379948,0.9998877545337315,0.9226595781690297,9.779169920169127e-05,0.5,1.75
HistoKit (no postprocessing),gaussian,d9d9ce51-54c1-b32b-5fae-fd9ffdaa32e5_111717_5.png,8881597,226915,5009,1182323,0.937345696895168,0.8820796134325707,0.9994363427387238,0.8825186408477015,0.8846785168850655,0.937345696895168,0.9784024076852762,0.1610196432398218,0.0005636572612761272,0.5,1.75
HistoKit (no postprocessing),gaussian,0502ebf6-5b9d-c3a6-85fe-a3909acf1f7b_112628_2.png,8341776,2887592,276260,344777,0.9641114273213885,0.9307095886079515,0.9679439723853556,0.9603091122566109,0.9475936054506154,0.9641114273213885,0.9126823884303058,0.8933361259187921,0.03205602761464445,0.5,1.75
HistoKit (no postprocessing),gaussian,59c3e1ff-f1eb-ac9b-3a83-925048a454e4_130514_4.png,1785545,1074176,179,64420,0.9822319785878275,0.9650843393811509,0.9998997605453026,0.9651777195784785,0.9779097362805712,0.9822319785878275,0.9998333884051361,0.9434215472388802,0.00010023945469736644,0.5,1.75
HistoKit (no postprocessing),gaussian,2125a939-8f92-6ca7-9a29-e1755d6267ed_103351_5.png,4156942,952435,2698,35997,0.9953672991300052,0.9907773241584055,0.99935138617765,0.9914148524459812,0.9924835938580502,0.9953672991300052,0.997175262502709,0.9635817132589799,0.000648613822350011,0.5,1.75
HistoKit (no postprocessing),gaussian,6247d1f0-d194-53f2-2d84-7b4b827443da_115125_1.png,2665907,453691,247081,11681,0.9537146082979643,0.9115243468577128,0.9151795338669435,0.9956374916529354,0.9234060313288104,0.9537146082979643,0.6474159926481081,0.9748996501723353,0.08482046613305651,0.5,1.75
HistoKit (no postprocessing),gaussian,40f80889-968b-7602-00a3-4e00b00e88fe_110004_3.png,21415732,8989628,142333,856564,0.9772099298931168,0.9554354881358955,0.993397691304855,0.9615412798033934,0.9681923059029863,0.9772099298931168,0.9844137529715687,0.9130055558534711,0.006602308695144949,0.5,1.75
HistoKit (no postprocessing),gaussian,0e99786b-efbd-e936-5e70-bad7ef5912da_122209_3.png,9737677,1758486,58678,187339,0.9875253601790667,0.9753581189487578,0.9940102211485803,0.9811245644339516,0.9790484390462418,0.9875253601790667,0.9677090235113617,0.9037225855356982,0.005989778851419737,0.5,1.75
HistoKit (no postprocessing),gaussian,66e65946-ef0a-6028-f7a7-e909aade97a4_112429_4.png,9081185,971449,22804,49970,0.9960091348881039,0.992049997165161,0.9974951639330847,0.9945275269119843,0.9928127340646421,0.9960091348881038,0.9770641878877911,0.9510778632471102,0.002504836066915283,0.5,1.75
HistoKit (no postprocessing),gaussian,7e3642ed-4a56-9d3f-3ecf-de46d455c0fd_113100_1.png,565582,1943992,1714778,88848,0.38543268853989554,0.23872196953581112,0.2480231191566244,0.864236052748193,0.581835759992581,0.38543268853989554,0.5313239148675648,0.9562936581334488,0.7519768808433757,0.5,1.75
HistoKit (no postprocessing),gaussian,0e99786b-efbd-e936-5e70-bad7ef5912da_122209_4.png,5243086,252049,13357,25995,0.9962612787733893,0.9925504094889519,0.997458928024141,0.9950665021091913,0.9928896752309654,0.9962612787733893,0.949673330670746,0.9065076031131764,0.0025410719758589603,0.5,1.75
HistoKit (no postprocessing),gaussian,728c532f-2f31-cf1c-4143-7abb9ca2b76d_102101_5.png,4833970,1822043,596400,71299,0.9353983822383889,0.8786370099691566,0.8901732294484538,0.9854648134485591,0.9088305220085116,0.9353983822383889,0.7533950562407301,0.9623422498418142,0.10982677055154622,0.5,1.75
HistoKit (no postprocessing),gaussian,0502ebf6-5b9d-c3a6-85fe-a3909acf1f7b_112628_5.png,2743493,843836,325,10834,0.9979704063825163,0.9959490345785965,0.999881551910513,0.9960665527368392,0.9968989753474237,0.9979704063825163,0.9996150023514472,0.9873237623878222,0.00011844808948698492,0.5,1.75
HistoKit (no postprocessing),gaussian,59c3e1ff-f1eb-ac9b-3a83-925048a454e4_130514_1.png,4978187,704914,123112,84908,0.979534441502366,0.9598897614383691,0.9758665390913177,0.9832300203729142,0.9646892331697142,0.979534441502366,0.8513186783989874,0.8924972968592924,0.024133460908682278,0.5,1.75
HistoKit (no postprocessing),gaussian,228e0715-eef2-126e-c558-f7684e2bcfa8_110725_7.png,7309574,367069,284,1924182,0.8836731804791867,0.7915900299327272,0.9999611483560966,0.7916143766415313,0.7995579468996759,0.8836731804791866,0.9992269016450117,0.16020462184195447,3.885164390334258e-05,0.5,1.75
HistoKit (no postprocessing),gaussian,f761dbde-597d-9a8f-e1a1-2533f0d71b83_120113_1.png,9232829,908635,100536,138240,0.9872342568612341,0.9747903338452142,0.9892283222610495,0.9852482144779854,0.9769970636517075,0.9872342568612341,0.9003776366938804,0.8679498507462686,0.010771677738950528,0.5,1.75
HistoKit (no postprocessing),gaussian,c38dfb82-e376-0eab-4312-72ca49852e8b_104329_1.png,3511068,812468,40522,79680,0.9831704968317098,0.9668980824890465,0.9885904622999839,0.9778096374348743,0.9729502504423078,0.9831704968317097,0.9524941675752353,0.9106874644117344,0.01140953770001605,0.5,1.75
HistoKit (no postprocessing),gaussian,7d4546a5-f4cc-3733-763f-d1c5a5904dff_120251_4.png,3271261,259601,7046,183628,0.9716815016227064,0.9449227094096221,0.9978507198990211,0.9468498119621209,0.9487647036062529,0.9716815016227064,0.9735755511969008,0.5857040040250074,0.0021492801009789504,0.5,1.75
HistoKit (no postprocessing),gaussian,59c3e1ff-f1eb-ac9b-3a83-925048a454e4_130514_3.png,2341040,406496,5983,76569,0.9826740029450334,0.9659381612086523,0.9974508132216855,0.9683286255138859,0.9708305890134865,0.9826740029450333,0.9854950191403684,0.8414933808079658,0.002549186778314486,0.5,1.75
HistoKit (no postprocessing),gaussian,7e3642ed-4a56-9d3f-3ecf-de46d455c0fd_113100_4.png,8148635,3771986,8029,115254,0.9924921529743852,0.9850962013888436,0.9990156514967393,0.9860532976665103,0.9897638672643023,0.9924921529743852,0.9978759343547579,0.9703506858336506,0.0009843485032606468,0.5,1.75
HistoKit (no postprocessing),gaussian,7e3642ed-4a56-9d3f-3ecf-de46d455c0fd_113100_3.png,3807086,1331175,222648,127003,0.9560950814702939,0.9158832998094418,0.9447487104607897,0.9677173038027356,0.9362870614543382,0.9560950814702939,0.8567095479987102,0.9129029514915189,0.05525128953921028,0.5,1.75
HistoKit (no postprocessing),gaussian,c0272a60-2518-4785-1810-6431c15f4b4b_130712_3.png,33264463,2113211,174977,328948,0.9924824173150565,0.985077019370898,0.994767346582359,0.9902079607218213,0.9859558934371905,0.9924824173150564,0.923530321809222,0.8653044294003789,0.0052326534176409655,0.5,1.75
HistoKit (no postprocessing),gaussian,3e1fffa8-5bae-87b0-bc39-e4a1bc285608_122517_7.png,3445559,351513,482,2740958,0.7153985473017656,0.5569031124782791,0.999860129348432,0.5569465015613794,0.5807241769992928,0.7153985473017656,0.9986306623673632,0.11366735532847358,0.00013987065156798772,0.5,1.75
HistoKit (no postprocessing),gaussian,b0f43f79-08e2-79bc-61fa-379c7ef1dd21_131900_5.png,7424151,150563,20219,425108,0.9708815350496602,0.9434108590175867,0.9972839877652507,0.9458410023162696,0.944473226508443,0.9708815350496601,0.8816093030881474,0.26154348577572956,0.002716012234749213,0.5,1.75
HistoKit (no postprocessing),gaussian,66e65946-ef0a-6028-f7a7-e909aade97a4_112429_5.png,13328093,465174,14114,15659,0.9988843196528931,0.9977711260166856,0.9989421540229438,0.9988264919791675,0.9978461322545548,0.9988843196528931,0.970552152359333,0.9674335996073481,0.0010578459770561198,0.5,1.75
HistoKit (no postprocessing),gaussian,cbd7b0be-5303-525e-8ff2-6d1502e77bdd_110516_5.png,4501991,503142,137653,154689,0.9685529463043672,0.9390234261992231,0.9703311288538518,0.9667812690586426,0.9448148410327561,0.9685529463043671,0.7851840292137111,0.7648499386620575,0.02966887114614828,0.5,1.75
HistoKit (no postprocessing),gaussian,1875292b-dccd-c5b5-17ad-67c30baa6d69_130951_13.png,11307850,337851,53889,1364237,0.9409945798891945,0.8885644605961853,0.9952569760667799,0.8923431475809785,0.8914463579470242,0.9409945798891944,0.8624368203400214,0.19849208736563562,0.004743023933220082,0.5,1.75
HistoKit (no postprocessing),gaussian,6f1702fd-ae84-1c96-04ae-a23a14a5d2d4_111419_3.png,4529691,345185,16269,88599,0.9885568377117604,0.9773726043837181,0.9964212179605628,0.9808156265630785,0.9789410861281223,0.9885568377117604,0.954990123224532,0.7957531859174152,0.0035787820394372147,0.5,1.75
HistoKit (no postprocessing),gaussian,1875292b-dccd-c5b5-17ad-67c30baa6d69_130951_12.png,6943660,275050,11095,1237555,0.9175044612271298,0.8475826720424398,0.9984046885907555,0.8487321259739538,0.8525337295213621,0.9175044612271298,0.9612259518775446,0.18183861616218377,0.0015953114092444665,0.5,1.75
HistoKit (no postprocessing),gaussian,e398b039-2e70-a00a-855c-e3ff4eba631e_115619_3.png,16885449,536990,25583,3926378,0.8952369702413064,0.8103429840848743,0.9984872005445913,0.8113391005989047,0.8151077457144996,0.8952369702413064,0.9545250127539003,0.12031049198721683,0.0015127994554087532,0.5,1.75
HistoKit (no postprocessing),gaussian,04e13be9-17d6-1bd0-76ee-d5d53a64912e_105258_3.png,9401179,315659,1800,1454862,0.9280981014876336,0.8658423898452741,0.9998085713049024,0.8659859519690466,0.8696324338837428,0.9280981014876337,0.9943299764694024,0.17828593956242259,0.00019142869509758555,0.5,1.75
HistoKit (no postprocessing),gaussian,b91bdd22-8eea-af27-bee7-880d6f1d7c1e_121440_1.png,5204020,1314523,70069,551500,0.9436454184368639,0.8933036642303465,0.9867144828234791,0.9041789447347938,0.9129468837463613,0.9436454184368639,0.9493937564278864,0.7044516600277703,0.013285517176520913,0.5,1.75
HistoKit (no postprocessing),gaussian,b91bdd22-8eea-af27-bee7-880d6f1d7c1e_121440_2.png,9187361,1019385,4567,1725522,0.9139465175773103,0.8415299360198581,0.999503151025552,0.8418821130951372,0.8550630045569031,0.9139465175773103,0.9955398299920308,0.3713732377818265,0.0004968489744480157,0.5,1.75
HistoKit (no postprocessing),gaussian,b1a83861-bd20-5668-5a83-92a470ead44d_110338_3.png,841710,1684554,62073,95334,0.9144911499016475,0.8424538867820285,0.9313186904378595,0.8982609141086224,0.9413463870943942,0.9144911499016474,0.9644612158176875,0.9464382028532132,0.06868130956214047,0.5,1.75
HistoKit (no postprocessing),gaussian,3e1fffa8-5bae-87b0-bc39-e4a1bc285608_122517_3.png,10429187,493411,15319,1682507,0.9247290767061828,0.8599963568934906,0.9985332958782349,0.8610840894758405,0.8654699715318598,0.9247290767061828,0.9698877597153697,0.22675992385742477,0.0014667041217650697,0.5,1.75
HistoKit (no postprocessing),gaussian,c74350c8-f970-c60d-af8a-f9c4d9c5bab2_124242_4.png,0,2722452,914926,1278,0.0,0.0,0.0,0.0,0.7482026330601189,,0.7484655155444389,0.9995307904968554,1.0,0.5,1.75
HistoKit (no postprocessing),gaussian,0504f20c-cba2-27c1-e181-78505aa24ca7_112258_4.png,9949333,1326724,448981,128322,0.9718058276021028,0.9451578832971901,0.9568217501414171,0.9872666805918638,0.9512962569263061,0.9718058276021028,0.747153384148831,0.9118089737369128,0.043178249858582846,0.5,1.75
HistoKit (no postprocessing),gaussian,c74350c8-f970-c60d-af8a-f9c4d9c5bab2_124242_5.png,0,5544167,5556697,1850,0.0,0.0,0.0,0.0,0.4993524105907799,,0.4994356295149639,0.9996664272756467,1.0,0.5,1.75
HistoKit (no postprocessing),gaussian,5fe08b37-e6eb-942a-a4ce-507361c4911e_102333_2.png,9055077,70832,12152,133349,0.9920298121321859,0.9841856674656745,0.9986597890049981,0.9854872858528763,0.984306486284179,0.992029812132186,0.8535621324592693,0.3469078905480921,0.0013402109950018909,0.5,1.75
HistoKit (no postprocessing),gaussian,cbd7b0be-5303-525e-8ff2-6d1502e77bdd_110516_4.png,3244754,341314,923,73479,0.9886649877892902,0.9775840605262301,0.9997156217331546,0.9778559853994581,0.9796741948438316,0.9886649877892902,0.9973030385376216,0.8228538090083487,0.000284378266845407,0.5,1.75
HistoKit (no postprocessing),gaussian,7e6be544-b3c1-c3b1-a8a1-838402bd2649_124526_4.png,4614450,475242,17352,76316,0.9899525538456786,0.9801050016163572,0.9962537258717018,0.9837305889912223,0.9819290961847141,0.9899525538456786,0.964774235983386,0.8616355850155378,0.0037462741282982305,0.5,1.75
HistoKit (no postprocessing),gaussian,66e65946-ef0a-6028-f7a7-e909aade97a4_112429_3.png,4704312,168696,13652,3778,0.9981508699186319,0.9963085657793247,0.9971063789380334,0.9991975514486766,0.9964359020603063,0.9981508699186319,0.9251321648715642,0.9780952491390007,0.0028936210619665602,0.5,1.75
HistoKit (no postprocessing),gaussian,24aa9d72-799e-9634-ead4-94165f32d151_102546_6.png,8290950,118303,2864,33207,0.9978293980655039,0.995668198747187,0.9996546823934079,0.996010767216428,0.9957288790814893,0.997829398065504,0.9763632012016473,0.7808263480958353,0.0003453176065920938,0.5,1.75
HistoKit (no postprocessing),gaussian,0f3058e5-e9f7-bd55-4b60-07a71af55b96_123333_3.png,30529013,1533744,99848,600224,0.9886642882039535,0.9775826925444662,0.9967400681337775,0.9807183195656225,0.978632126059688,0.9886642882039534,0.9388782511177821,0.71872867821823,0.003259931866222515,0.5,1.75
HistoKit (no postprocessing),gaussian,def4a0a8-b472-78ea-531c-84458df3a3e9_124843_6.png,16586617,7858179,2123922,13781,0.9394605982843219,0.8858328099498406,0.886485258388334,0.9991698391809642,0.9195823161697476,0.9394605982843219,0.7872269575312852,0.9982493559418493,0.11351474161166603,0.5,1.75
HistoKit (no postprocessing),gaussian,84acf623-2a5d-c4c6-c1db-583a94b80fc7_105804_1.png,45371295,3740460,50795,805610,0.9906504978575366,0.9814742026966515,0.9988817115196593,0.982553832917126,0.9828609858758057,0.9906504978575366,0.9866020618502317,0.8227897942618569,0.001118288480340733,0.5,1.75
HistoKit (no postprocessing),gaussian,9e7010fd-072a-6a7f-3911-83d91e8c9301_113642_6.png,6896048,1650397,27876,990479,0.9312407839572204,0.871328892400349,0.9959739592751162,0.8744087226227717,0.8935309677149549,0.9312407839572204,0.983390068242771,0.6249430113341179,0.004026040724883751,0.5,1.75
HistoKit (no postprocessing),gaussian,969ce636-2f0f-f223-bb1c-2b4624598a38_125938_4.png,15292595,764737,76504,4216184,0.8769223288182841,0.7808207315666564,0.9950222195848957,0.7838827329993333,0.7890573080517856,0.8769223288182841,0.9090581652582316,0.1535332521836825,0.00497778041510436,0.5,1.75
HistoKit (no postprocessing),gaussian,b91bdd22-8eea-af27-bee7-880d6f1d7c1e_121440_4.png,6392304,257274,18485,314128,0.974643028428049,0.9505402074107383,0.9971165795661033,0.9531601900981028,0.9523626609469721,0.9746430284280488,0.9329668297317585,0.450250436645304,0.00288342043389667,0.5,1.75
HistoKit (no postprocessing),gaussian,859ead5f-592a-5c4e-67de-d71b0ee92f6d_113334_2.png,12736273,604660,35418,272393,0.9880602506784526,0.9764022525460584,0.997226835506747,0.9790606508000128,0.9774476684448035,0.9880602506784525,0.9446661188167692,0.6894224180294691,0.002773164493253086,0.5,1.75
HistoKit (no postprocessing),gaussian,35ce6eab-4a33-9fbb-2efe-2acf7936ba3e_104917_2.png,7241504,4511519,878745,158532,0.9331663690454138,0.874706554020453,0.8917834908757108,0.9785768609774331,0.9189012767487862,0.9331663690454137,0.8369755173401525,0.9660534756472681,0.10821650912428916,0.5,1.75
HistoKit (no postprocessing),gaussian,d9d9ce51-54c1-b32b-5fae-fd9ffdaa32e5_111717_3.png,10685223,732807,29202,1237518,0.9440424653863474,0.8940155588091409,0.9972745154312994,0.8962052434083739,0.9001383551114527,0.9440424653863474,0.96167761798089,0.3719218910585817,0.002725484568700607,0.5,1.75
HistoKit (no postprocessing),gaussian,1875292b-dccd-c5b5-17ad-67c30baa6d69_130951_4.png,3885597,150037,3042,171959,0.9779767549122568,0.9569026532545206,0.9992177211615684,0.9576200550281992,0.9584383353104698,0.9779767549122567,0.9801279078123061,0.4659592044621672,0.0007822788384316467,0.5,1.75
HistoKit (no postprocessing),gaussian,6b809376-ab46-9021-2fa3-0d0025b512da_132412_1.png,3742213,439601,7417,77482,0.9887838083316544,0.9778164318159489,0.9980219381645655,0.9797151343235521,0.9801020129547031,0.9887838083316544,0.9834078269778845,0.8501555843065813,0.0019780618354344297,0.5,1.75
HistoKit (no postprocessing),gaussian,c38dfb82-e376-0eab-4312-72ca49852e8b_104329_5.png,2614942,527645,2507,76984,0.9850281812831078,0.9704980602598023,0.9990421971927629,0.9714018884620157,0.9753292750827262,0.9850281812831078,0.9952711675142223,0.8726756407648326,0.0009578028072371229,0.5,1.75
HistoKit (no postprocessing),gaussian,8e6bc805-8b70-bd59-8612-caf5bbe72e5e_125634_1.png,64594081,1025530,145193,87554,0.9982016275283617,0.9964097117323093,0.9977572655510472,0.9986463854848443,0.9964656239037029,0.9982016275283618,0.8759800567683389,0.9213410668017867,0.0022427344489528876,0.5,1.75
HistoKit (no postprocessing),gaussian,cbd7b0be-5303-525e-8ff2-6d1502e77bdd_110516_2.png,9595886,749665,30360,39189,0.9963891884673953,0.9928043590381602,0.9968461225694835,0.995932673072083,0.9933222916726676,0.9963891884673954,0.9610781705714561,0.9503216057724243,0.0031538774305165276,0.5,1.75
HistoKit (no postprocessing),gaussian,e3dca99c-de77-4ab1-72a1-8daf3d4d032c_120923_2.png,9156851,1283551,23993,165301,0.9897695486720096,0.9797463018174873,0.9973866237134625,0.9822679355582273,0.9821919648501707,0.9897695486720097,0.9816503306963283,0.8859089817317435,0.0026133762865374905,0.5,1.75
HistoKit (no postprocessing),gaussian,7ea29210-064a-9e70-4612-3ab81fa629dc_120503_4.png,2790331,175934,5249,496093,0.91756960370299,0.8476938626649732,0.9981223932064187,0.8490477795926514,0.8554213323482159,0.91756960370299,0.9710292908275059,0.26179602902859556,0.0018776067935812961,0.5,1.75
HistoKit (no postprocessing),gaussian,19a1c0fb-3d0a-327d-ea5a-6aae35f53e51_121144_3.png,24686717,1521012,39479,165588,0.9958637918480028,0.9917616591884294,0.9984033532695445,0.9933371170199303,0.9922360737575833,0.9958637918480028,0.9747009114438981,0.9018214158662398,0.0015966467304554246,0.5,1.75
HistoKit (no postprocessing),gaussian,b0f43f79-08e2-79bc-61fa-379c7ef1dd21_131900_4.png,12967357,196077,11661,565237,0.9782397992245813,0.9574064428054552,0.9991015499015411,0.9582314373726131,0.9580142604996735,0.9782397992245814,0.9438667937498195,0.2575507609212493,0.0008984500984589126,0.5,1.75
HistoKit (no postprocessing),gaussian,24aa9d72-799e-9634-ead4-94165f32d151_102546_7.png,10990324,591731,17156,67309,0.9961720114463044,0.9923732181263227,0.9984414234684051,0.9939128925693229,0.9927600518406517,0.9961720114463043,0.9718240001839422,0.8978681111920369,0.0015585765315948791,0.5,1.75
HistoKit (no postprocessing),gaussian,7e6be544-b3c1-c3b1-a8a1-838402bd2649_124526_3.png,50305419,508231,40876,51914,0.9990785833455772,0.9981588631453153,0.9991881031166245,0.9989690875805516,0.9981772443722248,0.9990785833455772,0.9255591351048157,0.907320425961135,0.0008118968833754301,0.5,1.75
HistoKit (no postprocessing),gaussian,7ea29210-064a-9e70-4612-3ab81fa629dc_120503_1.png,8697039,156277,4856,1089348,0.9408163505943927,0.88824667103043,0.9994419606304145,0.8886874185539566,0.8900023322395934,0.9408163505943927,0.9698634047650078,0.12546071249372806,0.0005580393695855903,0.5,1.75
HistoKit (no postprocessing),gaussian,f761dbde-597d-9a8f-e1a1-2533f0d71b83_120113_5.png,3493627,654266,543727,30587,0.9240482926292536,0.8588194863199835,0.865325904045075,0.9913209016251567,0.8783801726607918,0.9240482926292536,0.5461350775839258,0.9553378608256078,0.13467409595492494,0.5,1.75
HistoKit (no postprocessing),gaussian,5fe08b37-e6eb-942a-a4ce-507361c4911e_102333_3.png,13326971,1659180,23522,1849322,0.934347879217799,0.8767850792920835,0.998238117498732,0.8781440237085565,0.8889112903823745,0.934347879217799,0.9860212919459298,0.47290268040320343,0.0017618825012679308,0.5,1.75
HistoKit (no postprocessing),gaussian,859ead5f-592a-5c4e-67de-d71b0ee92f6d_113334_1.png,20280625,373202,8556,319257,0.9919828683772969,0.9840932631575474,0.9995782974187081,0.9845019986036814,0.9843761974755072,0.991982868377297,0.9775878959969405,0.5389517646532141,0.0004217025812919703,0.5,1.75
HistoKit (no postprocessing),gaussian,969ce636-2f0f-f223-bb1c-2b4624598a38_125938_2.png,4397863,329664,5412,1393565,0.862774128878497,0.7586655833178076,0.9987709148304387,0.7593745445855495,0.7716516630038925,0.8627741288784969,0.9838484403538301,0.19130597268267885,0.0012290851695612925,0.5,1.75
HistoKit (no postprocessing),gaussian,969ce636-2f0f-f223-bb1c-2b4624598a38_125938_5.png,12787195,272227,8602,1600761,0.9407968796655856,0.8882119601087982,0.9993277480097567,0.8887429875376321,0.890286550658422,0.9407968796655856,0.9693692602971915,0.1453436968095898,0.0006722519902433588,0.5,1.75
HistoKit (no postprocessing),gaussian,a40a1d35-8d5f-0529-214c-05d84888ba26_111152_2.png,2763016,3931382,413,119269,0.9788012641093757,0.9584826436900431,0.9998505479967099,0.9586199837975773,0.9824360735418428,0.9788012641093757,0.9998949589182549,0.9705555971126616,0.00014945200329011528,0.5,1.75
HistoKit (no postprocessing),gaussian,9e7010fd-072a-6a7f-3911-83d91e8c9301_113642_2.png,2590743,922768,9406,445439,0.9193012262764554,0.8506544549032896,0.9963825150020249,0.8532897566746658,0.8853820070578345,0.9193012262764554,0.9899096091502231,0.6744359588863381,0.003617484997975116,0.5,1.75
HistoKit (no postprocessing),gaussian,04e13be9-17d6-1bd0-76ee-d5d53a64912e_105258_1.png,14204063,263488,47680,694227,0.9745486737527879,0.9503607326924917,0.9966544443020058,0.9534022360955519,0.9512206812366358,0.9745486737527879,0.8467708761826409,0.275121513185029,0.0033455556979942735,0.5,1.75
HistoKit (no postprocessing),gaussian,2125a939-8f92-6ca7-9a29-e1755d6267ed_103351_3.png,10206664,2427769,413739,716724,0.9475272016888764,0.9002866422860042,0.9610430037353573,0.9343862911397087,0.917873480482526,0.9475272016888764,0.8543945679547621,0.772070092062536,0.03895699626464269,0.5,1.75
HistoKit (no postprocessing),gaussian,40f80889-968b-7602-00a3-4e00b00e88fe_110004_1.png,9304694,902402,90350,2347329,0.8841796341504495,0.7924032050421155,0.9903832275825425,0.7985475140239596,0.8072184756154221,0.8841796341504496,0.9089903621448256,0.27768513763139163,0.009616772417457545,0.5,1.75
HistoKit (no postprocessing),gaussian,f9a50b4c-7c73-18cd-0877-8296eed330e2_114604_2.png,8557823,1664933,32079,2222131,0.8836227796427604,0.7915091454123383,0.9962654987216385,0.7938645192734589,0.8193302762867191,0.8836227796427604,0.9810967748018281,0.42832662389916915,0.0037345012783614995,0.5,1.75
HistoKit (no postprocessing),gaussian,c38dfb82-e376-0eab-4312-72ca49852e8b_104329_2.png,5766502,752240,15726,61023,0.9933892650429341,0.9868653597115715,0.9972802871142404,0.9895284876512757,0.9883634137321998,0.9933892650429341,0.9795225309453804,0.9249652326492168,0.0027197128857596067,0.5,1.75
HistoKit (no postprocessing),gaussian,0f3058e5-e9f7-bd55-4b60-07a71af55b96_123333_2.png,15229757,836802,38382,95287,0.9956307586562667,0.9912995317580857,0.9974861376360276,0.9937822690753775,0.9917489432864772,0.9956307586562666,0.9561440794164427,0.8977704918736301,0.002513862363972453,0.5,1.75
HistoKit (no postprocessing),gaussian,0502ebf6-5b9d-c3a6-85fe-a3909acf1f7b_112628_1.png,7696250,2945534,387331,66064,0.9713872267864958,0.9443662883475292,0.9520842309862424,0.9914891358427397,0.9591358553115727,0.9713872267864958,0.8837843717042244,0.9780634732789701,0.04791576901375764,0.5,1.75
HistoKit (no postprocessing),gaussian,7d4546a5-f4cc-3733-763f-d1c5a5904dff_120251_3.png,2814822,450597,10130,232031,0.9587586781236774,0.9207843157780072,0.9964140983634412,0.9238456860242354,0.9309606623369959,0.9587586781236773,0.978013009873526,0.6600915872188073,0.0035859016365587804,0.5,1.75
HistoKit (no postprocessing),gaussian,7ea29210-064a-9e70-4612-3ab81fa629dc_120503_3.png,3773254,234446,4203,673170,0.9176334141994515,0.847802792730103,0.9988873466991153,0.848604181697472,0.8554189016905392,0.9176334141994517,0.9823883611496381,0.2583096816274724,0.0011126533008846958,0.5,1.75
HistoKit (no postprocessing),gaussian,c38dfb82-e376-0eab-4312-72ca49852e8b_104329_4.png,5026288,146096,5708,27528,0.9967046778187022,0.9934310026002446,0.9988656588757224,0.9945530268612865,0.993615361858914,0.9967046778187021,0.9623988827698875,0.8414504907155693,0.0011343411242775233,0.5,1.75
HistoKit (no postprocessing),gaussian,228e0715-eef2-126e-c558-f7684e2bcfa8_110725_12.png,2014134,6102236,466402,331596,0.8346551972062874,0.716230248082238,0.8119753150125618,0.8586384622271105,0.910481819911406,0.8346551972062874,0.9289956304488084,0.9484605752839055,0.1880246849874382,0.5,1.75
HistoKit (no postprocessing),gaussian,c0272a60-2518-4785-1810-6431c15f4b4b_130712_2.png,17010860,1508212,72227,282340,0.9896857098033885,0.9795820166126638,0.9957720170833293,0.983673351375107,0.981213638768867,0.9896857098033887,0.9542994066838391,0.842316782757496,0.00422798291667074,0.5,1.75
HistoKit (no postprocessing),gaussian,5fe08b37-e6eb-942a-a4ce-507361c4911e_102333_4.png,5331021,516201,12487,1964491,0.8435813852656298,0.729477521822321,0.9976631456339169,0.7307260957147353,0.7473252217479104,0.8435813852656298,0.9763811548588204,0.20808750139074098,0.002336854366083105,0.5,1.75
HistoKit (no postprocessing),gaussian,7e6be544-b3c1-c3b1-a8a1-838402bd2649_124526_2.png,49841250,1369792,79030,103123,0.9981760012724422,0.9963586443729148,0.9984168758668821,0.9979352428751083,0.996455698074424,0.9981760012724422,0.9454522363685808,0.9299871343560219,0.0015831241331178431,0.5,1.75
HistoKit (no postprocessing),gaussian,6f1702fd-ae84-1c96-04ae-a23a14a5d2d4_111419_1.png,2929985,787296,1067,74274,0.9873063096440945,0.9749308394496969,0.9996359668815156,0.975277098279476,0.9801348512981257,0.9873063096440945,0.9986465625606479,0.9137922629618023,0.0003640331184844213,0.5,1.75
HistoKit (no postprocessing),gaussian,be2180cd-04c9-2627-2456-4397fd5e59ee_103647_6.png,3752053,359919,10458,86297,0.9872705210633375,0.9748610478880734,0.9972204732424702,0.9775171623223521,0.9770108633798296,0.9872705210633375,0.9717639054260929,0.8066026319092099,0.0027795267575297456,0.5,1.75
HistoKit (no postprocessing),gaussian,0f3058e5-e9f7-bd55-4b60-07a71af55b96_123333_1.png,18632565,802732,35041,266662,0.9919688998005235,0.9840657690067554,0.9981228980298813,0.9858903223925508,0.984713836955971,0.9919688998005236,0.95817363414672,0.7506419523580645,0.001877101970118718,0.5,1.75
HistoKit (no postprocessing),gaussian,9e7010fd-072a-6a7f-3911-83d91e8c9301_113642_4.png,6787308,217753,44897,1060922,0.9246739623178741,0.8599010252844025,0.9934286222383549,0.8648202206102522,0.8636622659933324,0.9246739623178741,0.8290614886731391,0.17029581402623808,0.006571377761645032,0.5,1.75
HistoKit (no postprocessing),gaussian,9e7010fd-072a-6a7f-3911-83d91e8c9301_113642_7.png,2950392,3214096,395174,374083,0.8846698243683959,0.7931909704383397,0.8818812721076195,0.8874760676497793,0.8890560584503756,0.8846698243683959,0.8905113776470034,0.8957457250599816,0.11811872789238054,0.5,1.75
HistoKit (no postprocessing),gaussian,228e0715-eef2-126e-c558-f7684e2bcfa8_110725_1.png,7773087,561964,19427,2211121,0.8745242233073116,0.7770262509577769,0.9975069663012476,0.778538167474075,0.7888857981454719,0.8745242233073116,0.9665853100581192,0.20264939588941558,0.002493033698752418,0.5,1.75
HistoKit (no postprocessing),gaussian,deaaef3a-8172-327d-10b9-23d266fb17ca_123636_5.png,2295594,163279,436,529087,0.896591899054643,0.8125659928420663,0.9998101070107969,0.8126914154200067,0.822806950618325,0.896591899054643,0.9973368353541215,0.2358275825213832,0.00018989298920310275,0.5,1.75
HistoKit (no postprocessing),gaussian,f761dbde-597d-9a8f-e1a1-2533f0d71b83_120113_2.png,3064226,463082,22307,42489,0.9895376384087962,0.979291932111695,0.9927727971805258,0.9863234960400294,0.9819615467703607,0.9895376384087962,0.9540430458869072,0.9159583916007841,0.007227202819474148,0.5,1.75
HistoKit (no postprocessing),gaussian,7e3642ed-4a56-9d3f-3ecf-de46d455c0fd_113100_2.png,2186662,1256540,556,139134,0.9690472930064032,0.9399531971086061,0.9997457958008759,0.9401779003833526,0.9610119423080573,0.9690472930064034,0.9995577107874021,0.9003105309692665,0.0002542041991241842,0.5,1.75
HistoKit (no postprocessing),gaussian,8e6bc805-8b70-bd59-8612-caf5bbe72e5e_125634_3.png,31230106,393343,25701,85735,0.9982190656061991,0.9964444633898357,0.9991777207992102,0.997262248202116,0.9964885330449441,0.9982190656061991,0.9386675384923779,0.8210416675363928,0.0008222792007897924,0.5,1.75
HistoKit (no postprocessing),gaussian,3e1fffa8-5bae-87b0-bc39-e4a1bc285608_122517_5.png,5060005,1781199,215579,593132,0.9260013134199326,0.8621996702515508,0.9591364671664786,0.8950791392460504,0.8942849691793961,0.9260013134199326,0.8920365709157453,0.7501898429494456,0.04086353283352137,0.5,1.75
HistoKit (no postprocessing),gaussian,7d4546a5-f4cc-3733-763f-d1c5a5904dff_120251_1.png,6388625,931890,29434,383667,0.9686815764038424,0.9392652688449961,0.9954138782457438,0.9433475402419151,0.9465837196985214,0.9686815764038424,0.9693818109191074,0.7083615533192404,0.004586121754256232,0.5,1.75
HistoKit (no postprocessing),gaussian,1875292b-dccd-c5b5-17ad-67c30baa6d69_130951_1.png,10150482,347819,8226,1774154,0.91928849181537,0.8506326478928525,0.9991902513587357,0.8512194418345348,0.8548630975757777,0.91928849181537,0.9768961788537965,0.16391301868591165,0.0008097486412642238,0.5,1.75
HistoKit (no postprocessing),gaussian,54b22c23-34e4-1c55-9de2-c8e205e762bc_131621_2.png,20974395,1717436,76853,328151,0.9904375981051426,0.9810563430711967,0.9963492425722218,0.9845956910502622,0.9824649567787102,0.9904375981051425,0.9571679924471476,0.8395810102430256,0.0036507574277781537,0.5,1.75
HistoKit (no postprocessing),gaussian,be2180cd-04c9-2627-2456-4397fd5e59ee_103647_1.png,28912489,455466,8660,50045,0.9989858109063309,0.9979736768874627,0.9997005651469795,0.9982720779887561,0.9980050403273766,0.9989858109063308,0.9813412737058471,0.9010011651576326,0.00029943485302053524,0.5,1.75
HistoKit (no postprocessing),gaussian,f761dbde-597d-9a8f-e1a1-2533f0d71b83_120113_3.png,10030953,14707547,405223,98417,0.9755104970225444,0.952191793266242,0.9611713140905251,0.9902839959444665,0.9800476504765444,0.9755104970225444,0.9731867156054118,0.9933528813118822,0.038828685909474886,0.5,1.75
HistoKit (no postprocessing),gaussian,9601a588-d18f-b3b2-00f0-b816a7730c15_114312_2.png,5462231,423475,19212,51562,0.9935632122857572,0.9872087590739571,0.996495083502647,0.9906485426638251,0.9881181503169657,0.9935632122857572,0.9566013910505616,0.8914568759907123,0.003504916497352978,0.5,1.75
HistoKit (no postprocessing),gaussian,1c7a4a4c-ace6-25f8-ee0c-f8914aeab226_121941_3.png,7004984,3782728,615045,132471,0.9493466501471389,0.9035774266365688,0.9192857402511198,0.9814400230894625,0.9351971196408081,0.9493466501471389,0.860146260391339,0.9661649382317476,0.08071425974888022,0.5,1.75
HistoKit (no postprocessing),gaussian,6f1702fd-ae84-1c96-04ae-a23a14a5d2d4_111419_2.png,6375006,565688,14511,243831,0.9801403006099004,0.9610540559608813,0.9977289363186607,0.9631610508009186,0.9641143619784649,0.9801403006099004,0.974989615631878,0.6987952104891917,0.002271063681339294,0.5,1.75
HistoKit (no postprocessing),gaussian,9601a588-d18f-b3b2-00f0-b816a7730c15_114312_1.png,9486613,1021246,339649,72390,0.9787447321457818,0.9583742311579395,0.9654345670815616,0.9924270344930324,0.9622671383926846,0.9787447321457818,0.7504223323621587,0.9338079580408838,0.03456543291843837,0.5,1.75
HistoKit (no postprocessing),gaussian,54b22c23-34e4-1c55-9de2-c8e205e762bc_131621_1.png,26127192,1339271,133638,165147,0.9943146149759303,0.9886935116911666,0.9949111280945804,0.9937188167245219,0.989238885962769,0.9943146149759303,0.9092693438630628,0.890225323015279,0.005088871905419593,0.5,1.75
HistoKit (no postprocessing),gaussian,f9a50b4c-7c73-18cd-0877-8296eed330e2_114604_5.png,4882711,3214645,419279,1148805,0.8616417549873799,0.7569161630465703,0.920920446851088,0.809532959872775,0.8377638265821318,0.8616417549873799,0.8846208671397641,0.7367209432902864,0.07907955314891202,0.5,1.75
HistoKit (no postprocessing),gaussian,be2180cd-04c9-2627-2456-4397fd5e59ee_103647_4.png,4692875,432603,31998,154648,0.9805016424310068,0.9617491143085561,0.9932277544814432,0.9680975211463669,0.9648641485025575,0.9805016424310068,0.9311280001549717,0.7366577494120913,0.006772245518556795,0.9,2.25
HistoKit (no postprocessing),gaussian,2125a939-8f92-6ca7-9a29-e1755d6267ed_103351_7.png,728729,344765,603,1638353,0.47069222655626797,0.3077812293442751,0.9991732160387862,0.3078596347739537,0.3957654518977308,0.470692226556268,0.9982540362743508,0.17384996757631166,0.000826783961213823,0.9,2.25
HistoKit (no postprocessing),gaussian,228e0715-eef2-126e-c558-f7684e2bcfa8_110725_2.png,2630454,188902,57407,863743,0.8509962216465778,0.7406383144066737,0.9786421247229674,0.7528064387897992,0.753736526555498,0.850996221646578,0.7669309688237133,0.17945461195369758,0.021357875277032555,0.9,2.25
HistoKit (no postprocessing),gaussian,39bcf904-a619-148a-5bca-38122a540be1_104536_1.png,1696039,912557,1139,309581,0.9160850794453276,0.8451632707265795,0.9993288859506781,0.845643242488607,0.8935641088528957,0.9160850794453276,0.9987534147024831,0.7466889991146662,0.0006711140493218743,0.9,2.25
HistoKit (no postprocessing),gaussian,332605c9-e7e2-297a-c808-98d567218fe3_115336_3.png,9073821,267987,28994,166774,0.9893276113874138,0.9788806170370661,0.9968148314559837,0.9819520279808822,0.9794740298792901,0.9893276113874138,0.902370858741805,0.6164007351165353,0.003185168544016329,0.5,1.75
HistoKit (no postprocessing),gaussian,be2180cd-04c9-2627-2456-4397fd5e59ee_103647_3.png,21837486,1445510,45053,240650,0.9935009414664356,0.9870858129901616,0.9979411438498978,0.9891000762020852,0.9878778629231931,0.9935009414664356,0.9697745080214657,0.8572792617545192,0.002058856150102143,0.5,1.75
HistoKit (no postprocessing),gaussian,10fd35f3-17d4-d309-f849-cc9e883460c1_123055_2.png,4871258,3691240,3616301,98691,0.7239465137230459,0.5673324210219828,0.5739292062653114,0.9801424521660081,0.6974143737848697,0.723946513723046,0.5051275114296314,0.9739596842264411,0.42607079373468865,0.5,1.75
HistoKit (no postprocessing),gaussian,9e7010fd-072a-6a7f-3911-83d91e8c9301_113642_3.png,3199713,272262,2389,569962,0.9179045744004721,0.8482658300601474,0.9992539275763233,0.8488034114346727,0.8584804983574519,0.917904574400472,0.9913016883244554,0.32326554455821727,0.0007460724236766973,0.9,2.25
HistoKit (no postprocessing),gaussian,969ce636-2f0f-f223-bb1c-2b4624598a38_125938_1.png,21764355,768910,146338,2443147,0.9438511199321656,0.8936724146992836,0.9933211605858382,0.8990747992089394,0.896926689952334,0.9438511199321656,0.8401110955719105,0.23938242689964717,0.0066788394141618435,0.5,1.75
HistoKit (no postprocessing),gaussian,c74350c8-f970-c60d-af8a-f9c4d9c5bab2_124242_3.png,303217,1907522,1519814,23451,0.28210181983617244,0.16421335274321655,0.16632575090604604,0.9282115175040102,0.5889016101208203,0.28210181983617244,0.5565611308608202,0.9878553454657315,0.8336742490939539,0.9,2.25
HistoKit (no postprocessing),gaussian,332605c9-e7e2-297a-c808-98d567218fe3_115336_2.png,5448071,470373,11495,179917,0.982736318578471,0.9660585908318191,0.9978945212861242,0.9680317370968098,0.9686716020803109,0.982736318578471,0.9761449193555082,0.7233280536376079,0.0021054787138757914,0.9,2.25
HistoKit (no postprocessing),gaussian,0502ebf6-5b9d-c3a6-85fe-a3909acf1f7b_112628_8.png,4011921,95148,268,51628,0.9935738380814236,0.9872297399218518,0.999933203545496,0.9872948498959899,0.9875218954715896,0.9935738380814236,0.997191246751069,0.6482531204011555,6.679645450401265e-05,0.9,2.25
HistoKit (no postprocessing),gaussian,7e6be544-b3c1-c3b1-a8a1-838402bd2649_124526_1.png,51757034,2598443,149141,268952,0.9959772509685428,0.9919867372819237,0.997126719508806,0.9948304295472651,0.9923668842472747,0.9959772509685427,0.9457192209592136,0.9062033657727658,0.0028732804911939668,0.5,1.75
HistoKit (no postprocessing),gaussian,def4a0a8-b472-78ea-531c-84458df3a3e9_124843_7.png,11473828,163710,61371,283097,0.9852109665911104,0.9708529892972726,0.9946796756605586,0.9759208296387023,0.9712512245445378,0.9852109665911104,0.7273381582630253,0.3663998102088821,0.005320324339441391,0.9,2.25
HistoKit (no postprocessing),gaussian,b91bdd22-8eea-af27-bee7-880d6f1d7c1e_121440_5.png,4081610,713403,398213,3918914,0.6540859801414175,0.48597902279830885,0.9111096576806718,0.5101678340068726,0.5262224899968613,0.6540859801414176,0.6417710792216017,0.15400565203115418,0.08889034231932824,0.9,2.25
HistoKit (no postprocessing),gaussian,3e1fffa8-5bae-87b0-bc39-e4a1bc285608_122517_10.png,3346781,1784536,223314,1883249,0.7606212411755515,0.6137116968964363,0.9374487233533001,0.639916214629744,0.7089530359718592,0.7606212411755514,0.8887795403043056,0.4865432406752304,0.06255127664669988,0.9,2.25
HistoKit (no postprocessing),gaussian,04e13be9-17d6-1bd0-76ee-d5d53a64912e_105258_2.png,3236853,117857,4515,933127,0.8734856331128966,0.7753879211736988,0.9986070696076471,0.7762274639206903,0.781555193982227,0.8734856331128967,0.9631043049063511,0.11213967101306965,0.0013929303923528584,0.9,2.25
HistoKit (no postprocessing),gaussian,d9d9ce51-54c1-b32b-5fae-fd9ffdaa32e5_111717_1.png,7489501,299930,7770,558809,0.9635536941334003,0.9296706338566648,0.9989636228969181,0.9305681565446658,0.932195030881964,0.9635536941334003,0.9747481312967176,0.34926793822104274,0.001036377103081908,0.9,2.25
HistoKit (no postprocessing),gaussian,cd7afea3-2dfd-f8a4-f2e6-1e02af01c417_132555_3.png,0,4002371,379,106110,0.0,0.0,0.0,0.0,0.9740830790048821,,0.9999053150958715,0.9741729364210276,1.0,0.9,2.25
HistoKit (no postprocessing),gaussian,be2180cd-04c9-2627-2456-4397fd5e59ee_103647_5.png,4983007,479366,16640,91123,0.9893026220453361,0.9788316895086598,0.9966717650266109,0.9820416504898377,0.9806534346737674,0.989302622045336,0.96645201872558,0.8402721174290828,0.0033282349733891213,0.9,2.25
HistoKit (no postprocessing),gaussian,0504f20c-cba2-27c1-e181-78505aa24ca7_112258_3.png,3533828,2190232,2676088,48074,0.7217920104315665,0.5646905795630865,0.5690621258000913,0.9865786389465708,0.6775461156205412,0.7217920104315664,0.4500797317069161,0.9785221502332567,0.43093787419990864,0.9,2.25
HistoKit (no postprocessing),gaussian,19a1c0fb-3d0a-327d-ea5a-6aae35f53e51_121144_1.png,6550764,58872,4905,6607,0.9991220952578502,0.9982457305971282,0.9992517926088093,0.9989924315705181,0.9982613287000985,0.9991220952578502,0.9230913965849757,0.8990974205470457,0.0007482073911907388,0.9,2.25
HistoKit (no postprocessing),gaussian,b0f43f79-08e2-79bc-61fa-379c7ef1dd21_131900_10.png,4978870,182317,4075,445818,0.9567727839749922,0.9171278981970663,0.999182210520084,0.9178168403417856,0.9198206049459284,0.9567727839749922,0.9781374737113181,0.2902512994817993,0.0008177894799159934,0.9,2.25
HistoKit (no postprocessing),gaussian,cbd7b0be-5303-525e-8ff2-6d1502e77bdd_110516_1.png,11677153,480888,20390,39129,0.9974579548621381,0.9949288009411867,0.9982568989060352,0.9966602886478834,0.9951284053444387,0.9974579548621381,0.9593239679379506,0.9247543830297855,0.0017431010939647754,0.9,2.25
HistoKit (no postprocessing),gaussian,def4a0a8-b472-78ea-531c-84458df3a3e9_124843_8.png,29537286,640762,181998,1731474,0.9686254571469779,0.9391597493453099,0.9938760974187669,0.9446260740752112,0.9403745288474962,0.9686254571469779,0.7787957606106276,0.2701088761826395,0.006123902581233114,0.5,1.75
HistoKit (no postprocessing),gaussian,d9d9ce51-54c1-b32b-5fae-fd9ffdaa32e5_111717_2.png,6687114,749149,7448,1693794,0.88715164436001,0.7971900572650946,0.9988874552211183,0.7978985093261971,0.8138176668576378,0.8871516443600099,0.9901559218447866,0.3066584034093305,0.0011125447788817252,0.9,2.25
HistoKit (no postprocessing),gaussian,c0272a60-2518-4785-1810-6431c15f4b4b_130712_1.png,8107945,226444,47094,17467,0.9960344464658872,0.9921002199325397,0.9942251655694105,0.9978503243897048,0.9923132058173938,0.9960344464658872,0.8278337927454321,0.928387813587743,0.005774834430589479,0.9,2.25
HistoKit (no postprocessing),gaussian,6f1702fd-ae84-1c96-04ae-a23a14a5d2d4_111419_5.png,2308527,935374,25269,226361,0.9483166292985948,0.9017130590038033,0.9891725754950305,0.9107017745951695,0.9280137981897457,0.9483166292985948,0.9736957433718874,0.805152638080113,0.010827424504969586,0.9,2.25
HistoKit (no postprocessing),gaussian,e398b039-2e70-a00a-855c-e3ff4eba631e_115619_4.png,4947455,185996,831,633062,0.9397943906823976,0.8864265406851535,0.9998320630618359,0.88655853928946,0.8900892681275818,0.9397943906823976,0.995552034770135,0.22708526136122228,0.00016793693816404307,0.9,2.25
HistoKit (no postprocessing),gaussian,2125a939-8f92-6ca7-9a29-e1755d6267ed_103351_8.png,6543123,209012,0,1622815,0.8896724270842306,0.8012702276211257,1.0,0.8012702276211257,0.8062298879396295,0.8896724270842306,1.0,0.11410029440553066,0.0,0.9,2.25
HistoKit (no postprocessing),gaussian,deaaef3a-8172-327d-10b9-23d266fb17ca_123636_1.png,3651550,3640077,446260,78635,0.9329464313658862,0.8743201454825815,0.891097927917595,0.9789192761216937,0.9328480109184111,0.9329464313658861,0.890792169123594,0.9788542377038071,0.10890207208240499,0.9,2.25
HistoKit (no postprocessing),gaussian,04e13be9-17d6-1bd0-76ee-d5d53a64912e_105258_4.png,7942696,384989,32041,787018,0.950967619348879,0.906518842400866,0.9959821872495607,0.9098460728495802,0.9104534903349214,0.9509676193488789,0.9231685969834305,0.32848694589708083,0.004017812750439293,0.9,2.25
HistoKit (no postprocessing),gaussian,8e6bc805-8b70-bd59-8612-caf5bbe72e5e_125634_2.png,7194160,1488867,219940,42106,0.9821133478849607,0.9648553164974251,0.9703349024156674,0.9941812531490689,0.9707049903337849,0.9821133478849606,0.8712903212592177,0.9724972288864663,0.029665097584332556,0.9,2.25
HistoKit (no postprocessing),gaussian,0502ebf6-5b9d-c3a6-85fe-a3909acf1f7b_112628_7.png,5012866,889862,14972,221610,0.9769465249260547,0.954932023328929,0.9970221793144489,0.9576633840712996,0.9614643990937092,0.9769465249260547,0.9834533185092514,0.8006157600011516,0.0029778206855511254,0.9,2.25
HistoKit (no postprocessing),gaussian,f4c75e72-7c5b-0601-d74f-78529d4dec70_114117_1.png,4392435,8441517,10330562,148912,0.45601708524307916,0.29535112136579106,0.2983383749925372,0.9672097287434763,0.5504961818996488,0.45601708524307916,0.4496847152624917,0.9826653593202388,0.7016616250074628,0.9,2.25
HistoKit (no postprocessing),gaussian,7ea29210-064a-9e70-4612-3ab81fa629dc_120503_2.png,8254416,53276,15584,533429,0.9678146330911085,0.9376364596113628,0.9981155985489721,0.9392992252366763,0.9380115968636191,0.9678146330911084,0.7736857391809469,0.09080543032699567,0.0018844014510278114,0.9,2.25
HistoKit (no postprocessing),gaussian,9e7010fd-072a-6a7f-3911-83d91e8c9301_113642_1.png,8268298,270877,74940,28252,0.9937984786825409,0.9876734010313576,0.9910178757935468,0.9965947291343993,0.9880597526117556,0.9937984786825409,0.783295789391499,0.9055524539579913,0.008982124206453179,0.9,2.25
HistoKit (no postprocessing),gaussian,e16fa7c2-3d43-e563-886f-5b0ebdd4e8c5_105048_1.png,42035236,449166,1002004,37207,0.987789744205721,0.9758740721616229,0.9767177449111514,0.999115644413613,0.9761230530195184,0.9877897442057211,0.30951990462867895,0.9235010989508052,0.023282255088848635,0.5,1.75
HistoKit (no postprocessing),gaussian,24aa9d72-799e-9634-ead4-94165f32d151_102546_1.png,6275690,409894,19562,62062,0.9935388289277831,0.9871606153164686,0.9968925787244101,0.9902075688666896,0.9879383048370909,0.9935388289277831,0.9544493498751909,0.8685004534320996,0.0031074212755899206,0.9,2.25
HistoKit (no postprocessing),gaussian,e398b039-2e70-a00a-855c-e3ff4eba631e_115619_1.png,14537389,375924,898,1693653,0.9449272683196959,0.8956039142579384,0.9999382320626907,0.89565346451571,0.8979669510781157,0.9449272683196959,0.9976169119637388,0.18164291543634278,6.176793730925797e-05,0.9,2.25
HistoKit (no postprocessing),gaussian,b91bdd22-8eea-af27-bee7-880d6f1d7c1e_121440_6.png,5679631,410440,97763,620864,0.9405006123172683,0.8876839602279245,0.9830783567816216,0.9014579013236261,0.894454563853471,0.9405006123172683,0.8076300218613428,0.39798158447945514,0.01692164321837839,0.9,2.25
HistoKit (no postprocessing),gaussian,d9d9ce51-54c1-b32b-5fae-fd9ffdaa32e5_111717_5.png,9207398,224768,7156,856522,0.9551998773346895,0.9142417354411783,0.999223402456592,0.9148918115406323,0.9161139193639686,0.9551998773346895,0.9691450647625947,0.20787022907823063,0.000776597543407961,0.9,2.25
HistoKit (no postprocessing),gaussian,40f80889-968b-7602-00a3-4e00b00e88fe_110004_3.png,21337504,9004263,127698,934792,0.9757075724816267,0.9525673980091245,0.994050929499755,0.9580289342418941,0.9661673256590659,0.9757075724816267,0.9860163660357288,0.9059475976337791,0.0059490705002450016,0.9,2.25
HistoKit (no postprocessing),gaussian,0502ebf6-5b9d-c3a6-85fe-a3909acf1f7b_112628_2.png,8394067,2876542,287310,292486,0.9666168622282564,0.9353905893147689,0.9669050197912151,0.9663288763678757,0.9510737396738761,0.9666168622282563,0.9091898103956823,0.9077048230561547,0.033094980208784854,0.9,2.25
HistoKit (no postprocessing),gaussian,b1a83861-bd20-5668-5a83-92a470ead44d_110338_5.png,2708575,2333908,262,165963,0.9702285803837285,0.9421785863364408,0.9999032795254937,0.9422644612803867,0.9680870956866847,0.9702285803837284,0.9998877545337315,0.9336113743469163,9.672047450621798e-05,0.9,2.25
HistoKit (no postprocessing),gaussian,59c3e1ff-f1eb-ac9b-3a83-925048a454e4_130514_4.png,1779377,1074224,131,70588,0.9805153530553885,0.961775497055288,0.9999263841466293,0.9618436024465328,0.9758169420583247,0.9805153530553884,0.9998780663747086,0.9383409677746215,7.361585337070696e-05,0.9,2.25
HistoKit (no postprocessing),gaussian,2125a939-8f92-6ca7-9a29-e1755d6267ed_103351_5.png,4153738,952548,2585,39201,0.9949952462864382,0.9900403382271201,0.9993780560365496,0.9906507106351893,0.9918831749050907,0.9949952462864382,0.9972935706336186,0.9604728615809041,0.0006219439634503863,0.9,2.25
HistoKit (no postprocessing),gaussian,6247d1f0-d194-53f2-2d84-7b4b827443da_115125_1.png,2645666,451744,249028,31922,0.94958080011026,0.9040017549278757,0.9139708722234544,0.9880780762387641,0.9168383476006109,0.94958080011026,0.6446376282157392,0.933999909028131,0.08602912777654564,0.9,2.25
HistoKit (no postprocessing),gaussian,0e99786b-efbd-e936-5e70-bad7ef5912da_122209_3.png,9751966,1757737,59427,173050,0.9882209068529133,0.976716077201302,0.993943061907723,0.9825642598460295,0.980201546901853,0.9882209068529134,0.9672968427725841,0.9103733348111418,0.006056938092277009,0.9,2.25
HistoKit (no postprocessing),gaussian,7e3642ed-4a56-9d3f-3ecf-de46d455c0fd_113100_1.png,571580,1942087,1716683,82850,0.38847409498714275,0.2410597892213488,0.24978772107926406,0.8734012805036444,0.5827847074098117,0.38847409498714275,0.5308032480861055,0.9590851468465439,0.7502122789207359,0.9,2.25
HistoKit (no postprocessing),gaussian,66e65946-ef0a-6028-f7a7-e909aade97a4_112429_4.png,9085608,974884,19369,45547,0.996440253887173,0.9929057614624037,0.9978727019299445,0.9950119125127106,0.9935888015574286,0.996440253887173,0.9805190429397749,0.9553649389326667,0.0021272980700555314,0.9,2.25
HistoKit (no postprocessing),gaussian,728c532f-2f31-cf1c-4143-7abb9ca2b76d_102101_5.png,4845677,1823926,594517,59592,0.9367733469251207,0.8810664633132999,0.8907176839649469,0.9878514307778024,0.9106861383953929,0.9367733469251207,0.7541736563565897,0.9683613323578537,0.10928231603505316,0.9,2.25
HistoKit (no postprocessing),gaussian,0502ebf6-5b9d-c3a6-85fe-a3909acf1f7b_112628_5.png,2740123,843793,368,14204,0.9973480468324883,0.9947101221732352,0.99986571749369,0.9948430233592452,0.9959505214412275,0.9973480468324883,0.9995640642010233,0.983445163561178,0.00013428250631000065,0.9,2.25
HistoKit (no postprocessing),gaussian,0e99786b-efbd-e936-5e70-bad7ef5912da_122209_4.png,5242724,252998,12408,26357,0.9963165891834382,0.9926602138147026,0.9976388794800968,0.9949977994265035,0.99299573745498,0.9963165891834381,0.9532489845745763,0.9056505163680622,0.0023611205199032107,0.9,2.25
HistoKit (no postprocessing),gaussian,228e0715-eef2-126e-c558-f7684e2bcfa8_110725_7.png,7405829,366513,840,1827927,0.8901009439362276,0.8019656734306514,0.999886588694594,0.8020386287010399,0.8095254412797521,0.8901009439362275,0.9977133710627109,0.1670189205446492,0.0001134113054059794,0.9,2.25
HistoKit (no postprocessing),gaussian,f761dbde-597d-9a8f-e1a1-2533f0d71b83_120113_1.png,9235182,892131,117040,135887,0.9864913171514559,0.9733427387902057,0.9874853270164031,0.9854993064291812,0.9756338003745578,0.9864913171514559,0.8840236193866055,0.8678165168314174,0.012514672983596839,0.9,2.25
HistoKit (no postprocessing),gaussian,c38dfb82-e376-0eab-4312-72ca49852e8b_104329_1.png,3513812,811461,41529,76936,0.9834224007005791,0.9673854719780457,0.9883192638905804,0.978573823615581,0.9733411375738173,0.9834224007005791,0.9513136144620687,0.9133990772143535,0.011680736109419602,0.9,2.25
HistoKit (no postprocessing),gaussian,59c3e1ff-f1eb-ac9b-3a83-925048a454e4_130514_1.png,4979631,708995,119031,83464,0.9800728358294732,0.960924338775244,0.9766544634651209,0.9835152214208898,0.9656270852355604,0.9800728358294731,0.8562472675978774,0.894677200965602,0.02334553653487915,0.9,2.25
HistoKit (no postprocessing),gaussian,7d4546a5-f4cc-3733-763f-d1c5a5904dff_120251_4.png,3329687,263057,3590,125202,0.9810269813672795,0.9627605083043731,0.9989229817983923,0.9637609196706465,0.9653927840547559,0.9810269813672795,0.9865365070673963,0.6775296902325509,0.0010770182016076072,0.9,2.25
HistoKit (no postprocessing),gaussian,59c3e1ff-f1eb-ac9b-3a83-925048a454e4_130514_3.png,2339346,412447,32,78263,0.9835410523509944,0.967615125653478,0.9999863211503228,0.9676279332183161,0.9723347825226636,0.9835410523509944,0.9999224202929119,0.840510688594078,1.3678849677136401e-05,0.9,2.25
HistoKit (no postprocessing),gaussian,c0272a60-2518-4785-1810-6431c15f4b4b_130712_3.png,33299368,2106882,181306,294043,0.9929130751466829,0.9859258924360491,0.9945847565673259,0.9912470037651133,0.9867522904985366,0.9929130751466828,0.9207643777521777,0.8775292855878464,0.005415243432674025,0.9,2.25
HistoKit (no postprocessing),gaussian,7e3642ed-4a56-9d3f-3ecf-de46d455c0fd_113100_4.png,8159475,3776152,3863,104414,0.9934086866882645,0.9869036952245303,0.9995267867139643,0.9873650287413105,0.9910098087796116,0.9934086866882645,0.9989780463834138,0.9730931003363942,0.00047321328603568786,0.9,2.25
HistoKit (no postprocessing),gaussian,7e3642ed-4a56-9d3f-3ecf-de46d455c0fd_113100_3.png,3808477,1332254,221569,125612,0.9564069418712766,0.916455829618318,0.9450207268105625,0.9680708799419637,0.9367371415576634,0.9564069418712767,0.8574039642867946,0.9138384460574566,0.05497927318943754,0.9,2.25
HistoKit (no postprocessing),gaussian,3e1fffa8-5bae-87b0-bc39-e4a1bc285608_122517_7.png,3235375,351513,482,2951142,0.6867430649643073,0.5229312304721562,0.999851044097437,0.5229719727594703,0.5485786368519321,0.6867430649643074,0.9986306623673632,0.10643346035235288,0.00014895590256306136,0.9,2.25
HistoKit (no postprocessing),gaussian,b0f43f79-08e2-79bc-61fa-379c7ef1dd21_131900_5.png,7288623,151054,19728,560636,0.9617113779810933,0.9262466693616345,0.9973006222607534,0.9285746590856538,0.9276357814130876,0.9617113779810934,0.884484313335129,0.21224690525369191,0.002699377739246514,0.9,2.25
HistoKit (no postprocessing),gaussian,66e65946-ef0a-6028-f7a7-e909aade97a4_112429_5.png,13328632,464610,14678,15120,0.9988834289814292,0.9977693486435157,0.9988999730951316,0.9988668854157361,0.9978443236798852,0.9988834289814292,0.9693754068534993,0.9684822712775937,0.0011000269048684322,0.9,2.25
HistoKit (no postprocessing),gaussian,cbd7b0be-5303-525e-8ff2-6d1502e77bdd_110516_5.png,4616957,464996,175799,39723,0.9771920779187244,0.9554013581848985,0.9633198518764569,0.991469673673089,0.9593160892689442,0.9771920779187244,0.7256548506152514,0.9212968007941053,0.036680148123543116,0.9,2.25
HistoKit (no postprocessing),gaussian,1875292b-dccd-c5b5-17ad-67c30baa6d69_130951_12.png,7086326,281530,4615,1094889,0.9280059737472561,0.8656820383516394,0.9993491695954035,0.8661703671153979,0.8701479563878234,0.9280059737472561,0.9838718132415384,0.2045380076851598,0.0006508304045965127,0.9,2.25
HistoKit (no postprocessing),gaussian,1875292b-dccd-c5b5-17ad-67c30baa6d69_130951_13.png,11302909,340880,50860,1369178,0.9408954253284462,0.8883876510685771,0.9955204302641705,0.8919532354852046,0.891299999609609,0.9408954253284461,0.8701689896359831,0.19933826805874422,0.004479569735829574,0.9,2.25
HistoKit (no postprocessing),gaussian,6f1702fd-ae84-1c96-04ae-a23a14a5d2d4_111419_3.png,4559660,345770,15684,58630,0.9919167980800628,0.9839632246533968,0.9965720610297281,0.9873048249460298,0.9850767429008399,0.9919167980800627,0.9566085864314685,0.8550197823936696,0.003427938970271962,0.9,2.25
HistoKit (no postprocessing),gaussian,e398b039-2e70-a00a-855c-e3ff4eba631e_115619_3.png,17618521,539536,23037,3193306,0.9163573505947525,0.8456268781020121,0.9986941629531814,0.8465629182867991,0.84952358896624,0.9163573505947525,0.9590506476492828,0.14453759360830165,0.001305837046818654,0.9,2.25
HistoKit (no postprocessing),gaussian,b91bdd22-8eea-af27-bee7-880d6f1d7c1e_121440_1.png,5321514,1311459,73133,434006,0.9545173628341171,0.9129920755275704,0.9864434132576237,0.9245930862893361,0.9289732429967485,0.9545173628341171,0.9471808301651317,0.7513522184632748,0.013556586742376284,0.9,2.25
HistoKit (no postprocessing),gaussian,04e13be9-17d6-1bd0-76ee-d5d53a64912e_105258_3.png,9352428,316013,1446,1503613,0.9255286823324096,0.8613805386089801,0.999845411644416,0.8614952725399618,0.865301024746051,0.9255286823324096,0.9954450810970865,0.17366920455082527,0.00015458835558400722,0.9,2.25
HistoKit (no postprocessing),gaussian,b91bdd22-8eea-af27-bee7-880d6f1d7c1e_121440_2.png,8851291,1021669,2283,2061592,0.8955870037812037,0.8109167556407296,0.9997421380337477,0.8110864012745302,0.8271003159547736,0.8955870037812037,0.9977704033001547,0.33135988163181773,0.0002578619662522728,0.9,2.25
HistoKit (no postprocessing),gaussian,b1a83861-bd20-5668-5a83-92a470ead44d_110338_3.png,843459,1692477,54150,93585,0.9194752359165466,0.8509524876058572,0.93967306477542,0.9001274219780501,0.9449504056197648,0.9194752359165466,0.968997387536091,0.9476026028211787,0.06032693522457997,0.9,2.25
HistoKit (no postprocessing),gaussian,c74350c8-f970-c60d-af8a-f9c4d9c5bab2_124242_5.png,0,5518863,5582001,1850,0.0,0.0,0.0,0.0,0.49707332819705163,,0.4971561673037342,0.999664898356426,1.0,0.9,2.25
HistoKit (no postprocessing),gaussian,c74350c8-f970-c60d-af8a-f9c4d9c5bab2_124242_4.png,0,2719589,917789,1278,0.0,0.0,0.0,0.0,0.7474158040771098,,0.7476784101075005,0.999530296776726,1.0,0.9,2.25
HistoKit (no postprocessing),gaussian,3e1fffa8-5bae-87b0-bc39-e4a1bc285608_122517_3.png,10388922,506632,2098,1722772,0.9233483570026264,0.8576110601866038,0.9997980948934754,0.8577596164500193,0.8633270958249897,0.9233483570026264,0.9958760049535117,0.2272499735355279,0.00020190510652467227,0.9,2.25
HistoKit (no postprocessing),gaussian,5fe08b37-e6eb-942a-a4ce-507361c4911e_102333_2.png,9035456,70752,12232,152970,0.9909409427907722,0.9820445450749283,0.9986480524085269,0.98335188203072,0.9821815667735544,0.9909409427907723,0.8525980911983033,0.31624963123876954,0.0013519475914730923,0.9,2.25
HistoKit (no postprocessing),gaussian,7e6be544-b3c1-c3b1-a8a1-838402bd2649_124526_4.png,4616609,475205,17389,74157,0.9901824861197559,0.9805558653018008,0.9962475167231406,0.9841908549691031,0.9823384831460674,0.9901824861197559,0.9646991234160384,0.8650125054153728,0.0037524832768594204,0.9,2.25
HistoKit (no postprocessing),gaussian,0504f20c-cba2-27c1-e181-78505aa24ca7_112258_4.png,9969460,1323646,452059,108195,0.9726694353635907,0.9467930468007013,0.9566225422608738,0.9892638714065921,0.9527345832742784,0.9726694353635907,0.7454199881173956,0.9244364423144749,0.04337745773912613,0.9,2.25
HistoKit (no postprocessing),gaussian,24aa9d72-799e-9634-ead4-94165f32d151_102546_6.png,8291158,117630,3537,32999,0.997801532861596,0.9956127110338108,0.9995735828743553,0.9960357547316804,0.9956738190269551,0.997801532861596,0.9708088836069226,0.7809253198255316,0.0004264171256447645,0.9,2.25
HistoKit (no postprocessing),gaussian,cbd7b0be-5303-525e-8ff2-6d1502e77bdd_110516_4.png,3242468,341143,1094,75765,0.9882868940587142,0.9768450050266214,0.9996627164826817,0.9771670645189774,0.9790029695640178,0.9882868940587141,0.9968033847889036,0.8182692584455084,0.0003372835173183062,0.9,2.25
HistoKit (no postprocessing),gaussian,66e65946-ef0a-6028-f7a7-e909aade97a4_112429_3.png,4702224,170243,12105,5866,0.9980927403037373,0.9961927420371404,0.9974322963034612,0.9987540595018362,0.9963252780221322,0.9980927403037372,0.9336159431416852,0.9666910833631445,0.0025677036965387865,0.9,2.25
HistoKit (no postprocessing),gaussian,9e7010fd-072a-6a7f-3911-83d91e8c9301_113642_6.png,6924253,1654376,23897,962274,0.933522583605966,0.875332725527734,0.9965606672279672,0.8779850750526816,0.8968958054533289,0.933522583605966,0.9857609578417814,0.6322496321632621,0.0034393327720328433,0.9,2.25
HistoKit (no postprocessing),gaussian,969ce636-2f0f-f223-bb1c-2b4624598a38_125938_4.png,16014809,764422,76819,3493970,0.8996980849123438,0.817682921910273,0.995226151138965,0.8209026818131467,0.8245314255219405,0.8996980849123438,0.9086837184588007,0.17950954256912,0.004773848861035068,0.9,2.25
HistoKit (no postprocessing),gaussian,35ce6eab-4a33-9fbb-2efe-2acf7936ba3e_104917_2.png,7228645,4501397,888867,171391,0.9316736123516421,0.8720870542217709,0.8905000694794168,0.9768391667283781,0.9171045245224897,0.9316736123516421,0.8350976872375824,0.9633214688960852,0.10949993052058316,0.9,2.25
HistoKit (no postprocessing),gaussian,def4a0a8-b472-78ea-531c-84458df3a3e9_124843_6.png,16588646,7834839,2147262,11752,0.938900970576834,0.8848382144758332,0.8853932246037929,0.9992920651661484,0.9187806232965531,0.938900970576834,0.7848887724137433,0.9985022795249555,0.11460677539620712,0.9,2.25
HistoKit (no postprocessing),gaussian,859ead5f-592a-5c4e-67de-d71b0ee92f6d_113334_2.png,12676271,607061,33017,332395,0.9857915602462,0.9719812235890107,0.9974021361385469,0.9744481870777526,0.9732274266408689,0.9857915602462,0.9484172241508066,0.646183536003815,0.0025978638614531356,0.9,2.25
HistoKit (no postprocessing),gaussian,b91bdd22-8eea-af27-bee7-880d6f1d7c1e_121440_4.png,6381731,256396,19363,324701,0.9737506528691989,0.9488441143388997,0.9969750483276765,0.9515836438809787,0.9507226313344909,0.9737506528691989,0.9297828901323257,0.441227540324593,0.003024951672323512,0.9,2.25
HistoKit (no postprocessing),gaussian,1875292b-dccd-c5b5-17ad-67c30baa6d69_130951_4.png,3881726,151153,1926,175830,0.9776159999838816,0.9562121472641091,0.9995040750304095,0.9566660324589482,0.9577840396994752,0.9776159999838816,0.9874182611592707,0.46226562237180524,0.0004959249695904782,0.9,2.25
HistoKit (no postprocessing),gaussian,6b809376-ab46-9021-2fa3-0d0025b512da_132412_1.png,3770776,439136,7882,48919,0.9925245642049008,0.9851600634030354,0.9979140742559924,0.9871929565056896,0.9866874101914049,0.9925245642049008,0.9823676004098268,0.8997674442429644,0.0020859257440075285,0.9,2.25
HistoKit (no postprocessing),gaussian,d9d9ce51-54c1-b32b-5fae-fd9ffdaa32e5_111717_3.png,10966815,738897,23112,955926,0.9572708861316369,0.9180436926521698,0.9978969833011629,0.9198233023765257,0.9228177141843552,0.9572708861316368,0.969669649571068,0.43597296000821323,0.002103016698837035,0.9,2.25
HistoKit (no postprocessing),gaussian,0f3058e5-e9f7-bd55-4b60-07a71af55b96_123333_3.png,30739819,1529206,104386,389418,0.9920320062261508,0.9841899865411067,0.9966157013935033,0.9874902812426787,0.9849279193808325,0.9920320062261508,0.9361003237038379,0.7970326650766383,0.003384298606496747,0.9,2.25
HistoKit (no postprocessing),gaussian,cbd7b0be-5303-525e-8ff2-6d1502e77bdd_110516_2.png,9591624,749851,30174,43451,0.9961766897460455,0.9923825035443992,0.9968639956897869,0.9954903309003822,0.9929309368128967,0.9961766897460455,0.9613166244671645,0.9452276686558209,0.0031360043102131225,0.9,2.25
HistoKit (no postprocessing),gaussian,c38dfb82-e376-0eab-4312-72ca49852e8b_104329_5.png,2637088,526277,3875,54838,0.9889903952623053,0.9782205734028587,0.9985327321889781,0.979628711933389,0.9817779085422513,0.9889903952623054,0.9926907754757126,0.9056331362983231,0.0014672678110219644,0.9,2.25
HistoKit (no postprocessing),gaussian,b0f43f79-08e2-79bc-61fa-379c7ef1dd21_131900_4.png,13155539,195057,12681,377055,0.9854035910665495,0.971227162239231,0.9990369996856067,0.972137270947462,0.9716356198671182,0.9854035910665494,0.9389567628455073,0.34094198338786813,0.0009630003143932893,0.9,2.25
HistoKit (no postprocessing),gaussian,859ead5f-592a-5c4e-67de-d71b0ee92f6d_113334_1.png,20394454,373664,8094,205428,0.9947924549837656,0.989638866039052,0.9996032848446185,0.9900277098674642,0.9898233884481862,0.9947924549837657,0.9787980867460537,0.6452584390735842,0.0003967151553815729,0.9,2.25
HistoKit (no postprocessing),gaussian,84acf623-2a5d-c4c6-c1db-583a94b80fc7_105804_1.png,45196293,3750127,41128,980612,0.9888229772650733,0.9778930444746534,0.9990908411865478,0.9787640163410692,0.9795521788274774,0.9888229772650733,0.9891518771488597,0.7927148379988834,0.0009091588134522523,0.9,2.25
HistoKit (no postprocessing),gaussian,e3dca99c-de77-4ab1-72a1-8daf3d4d032c_120923_2.png,9158386,1304619,2925,163766,0.9909816142137434,0.9821244371494198,0.9996807225516086,0.9824325971084789,0.9843183662072744,0.9909816142137434,0.9977629815899121,0.8884720287935385,0.0003192774483913929,0.9,2.25
HistoKit (no postprocessing),gaussian,5fe08b37-e6eb-942a-a4ce-507361c4911e_102333_3.png,13466127,1661273,21429,1710166,0.9395895854740234,0.8860622006377008,0.9984112021481134,0.8873133248020448,0.8972895478051924,0.9395895854740233,0.9872651247814527,0.4927489419206458,0.0015887978518865835,0.9,2.25
HistoKit (no postprocessing),gaussian,7ea29210-064a-9e70-4612-3ab81fa629dc_120503_4.png,2692968,178214,2969,593456,0.9003027400051585,0.8186823526407456,0.9988987131375845,0.8194219613780814,0.8280009816568025,0.9003027400051585,0.9836132528990027,0.23094587064418728,0.0011012868624155534,0.9,2.25
HistoKit (no postprocessing),gaussian,7ea29210-064a-9e70-4612-3ab81fa629dc_120503_1.png,8611692,155546,5587,1174695,0.9358670169302138,0.8794643449829421,0.999351651489989,0.8799664268335189,0.8813491201827189,0.9358670169302139,0.9653267797409594,0.11693069150627593,0.0006483485100111068,0.9,2.25
HistoKit (no postprocessing),gaussian,f761dbde-597d-9a8f-e1a1-2533f0d71b83_120113_5.png,3492927,657567,540426,31287,0.9243522419318281,0.8593447390174775,0.8660107359807089,0.9911222757755346,0.8789309744363176,0.9243522419318281,0.5488905193936859,0.954581086848592,0.13398926401929115,0.9,2.25
HistoKit (no postprocessing),gaussian,24aa9d72-799e-9634-ead4-94165f32d151_102546_7.png,10999856,597844,11043,57777,0.9968815324916038,0.993782454197774,0.9989970846158883,0.9947749215406226,0.9941010686991494,0.9968815324916039,0.9818636298689247,0.9118743908447106,0.0010029153841116878,0.9,2.25
HistoKit (no postprocessing),gaussian,7e6be544-b3c1-c3b1-a8a1-838402bd2649_124526_3.png,50322526,506310,42797,34807,0.9992295278631255,0.9984602420668359,0.9991502685290036,0.9993087997730142,0.9984755563343263,0.9992295278631255,0.9220607276905958,0.9356756487044392,0.0008497314709964234,0.9,2.25
HistoKit (no postprocessing),gaussian,969ce636-2f0f-f223-bb1c-2b4624598a38_125938_2.png,4226021,329140,5936,1565407,0.8432323012634954,0.7289556081005091,0.9985973392451767,0.7297027607008151,0.7435171836988925,0.8432323012634952,0.9822846160274087,0.1737301845771047,0.0014026607548233594,0.9,2.25
HistoKit (no postprocessing),gaussian,19a1c0fb-3d0a-327d-ea5a-6aae35f53e51_121144_3.png,24663281,1527346,33145,189024,0.9955161515640027,0.9910723334317845,0.9986579029694418,0.9923941058988291,0.9915885845633305,0.9955161515640029,0.9787598903165734,0.8898698998467697,0.0013420970305581868,0.9,2.25
HistoKit (no postprocessing),gaussian,a40a1d35-8d5f-0529-214c-05d84888ba26_111152_2.png,2755351,3931382,413,126934,0.9774129313171985,0.9558236762921402,0.9998501323045079,0.9559606353986507,0.9813111968160045,0.9774129313171985,0.9998949589182549,0.9687224947490536,0.0001498676954920668,0.9,2.25
HistoKit (no postprocessing),gaussian,969ce636-2f0f-f223-bb1c-2b4624598a38_125938_5.png,12966959,271397,9432,1420997,0.9477265435933845,0.9006466311806003,0.999273141507527,0.9012370485425449,0.9024848342926834,0.9477265435933845,0.9664137250782505,0.1603627760438763,0.0007268584924729842,0.9,2.25
HistoKit (no postprocessing),gaussian,04e13be9-17d6-1bd0-76ee-d5d53a64912e_105258_1.png,14293299,264190,46978,604991,0.977701745779812,0.9563762255718666,0.9967240521225637,0.9593919167904504,0.9571339754513277,0.9777017457798121,0.8490268922254216,0.3039528015453628,0.0032759478774363983,0.9,2.25
HistoKit (no postprocessing),gaussian,40f80889-968b-7602-00a3-4e00b00e88fe_110004_1.png,9242574,906673,86079,2409449,0.8810558820888326,0.7873993597942837,0.9907726227998833,0.7932162509462949,0.8026435424908708,0.8810558820888327,0.9132925443615324,0.27341364400947854,0.009227377200116673,0.9,2.25
HistoKit (no postprocessing),gaussian,9e7010fd-072a-6a7f-3911-83d91e8c9301_113642_2.png,2614069,922096,10078,422113,0.9236456043456132,0.8581240603231504,0.9961595139296693,0.8609724318239157,0.8910906682767372,0.923645604345613,0.9891887136950827,0.6859766598795277,0.0038404860703306638,0.9,2.25
HistoKit (no postprocessing),gaussian,2125a939-8f92-6ca7-9a29-e1755d6267ed_103351_3.png,10166480,2466055,375453,756908,0.9472469570802132,0.8997807828254243,0.9643848049499082,0.9307075790038768,0.9177355934981274,0.9472469570802133,0.8678683994555004,0.7651515080998448,0.03561519505009186,0.9,2.25
HistoKit (no postprocessing),gaussian,c0272a60-2518-4785-1810-6431c15f4b4b_130712_2.png,16992864,1511809,68630,300336,0.9892600993622589,0.9787484383846634,0.9959774917718226,0.9826327111234474,0.9804507228309284,0.9892600993622589,0.956575356593959,0.8342649180943026,0.004022508228177439,0.9,2.25
HistoKit (no postprocessing),gaussian,8e6bc805-8b70-bd59-8612-caf5bbe72e5e_125634_1.png,64583840,1031791,138932,97795,0.9981706419009362,0.996347964682259,0.9978534293926719,0.9984880561538062,0.9964051856730779,0.9981706419009362,0.8813280340439199,0.9134240332298736,0.0021465706073281287,0.9,2.25
HistoKit (no postprocessing),gaussian,0f3058e5-e9f7-bd55-4b60-07a71af55b96_123333_2.png,15233541,843101,32083,91503,0.9959600097650695,0.9919525312254044,0.997898349913505,0.9940291851690606,0.9923713419342,0.9959600097650695,0.9633414230607507,0.9020943629601414,0.0021016500864949905,0.9,2.25
HistoKit (no postprocessing),gaussian,f9a50b4c-7c73-18cd-0877-8296eed330e2_114604_2.png,8967847,1661828,35184,1812107,0.9066222311749212,0.8291939501835298,0.9960919828000148,0.8319003030996236,0.8519438940524483,0.9066222311749214,0.9792670882704424,0.4783704934030142,0.003908017199985205,0.9,2.25
HistoKit (no postprocessing),gaussian,7d4546a5-f4cc-3733-763f-d1c5a5904dff_120251_3.png,2837316,445360,15367,209537,0.961877679871773,0.9265552442345749,0.9946131413830419,0.9312283854849578,0.9358805786325615,0.9618776798717731,0.9666461917795137,0.6800458698085348,0.00538685861695814,0.9,2.25
HistoKit (no postprocessing),gaussian,c38dfb82-e376-0eab-4312-72ca49852e8b_104329_2.png,5762105,750980,16986,65420,0.9929000838831922,0.9859002746337546,0.9970607834346267,0.9887739649336553,0.9875057065501265,0.9929000838831921,0.9778818333103289,0.9198677119059284,0.0029392165653733433,0.9,2.25
HistoKit (no postprocessing),gaussian,7ea29210-064a-9e70-4612-3ab81fa629dc_120503_3.png,3688804,233985,4664,757620,0.9063520744501279,0.8287420963144292,0.9987372301587559,0.8296113910864101,0.8372951712812159,0.9063520744501279,0.980456653914326,0.23596593401606486,0.0012627698412440557,0.9,2.25
HistoKit (no postprocessing),gaussian,0502ebf6-5b9d-c3a6-85fe-a3909acf1f7b_112628_1.png,7717200,2939489,393376,45114,0.9723749109330437,0.9462350825006836,0.9514983892635985,0.9941880732987611,0.9604792315653492,0.9723749109330436,0.8819706168716704,0.9848844218142245,0.04850161073640146,0.9,2.25
HistoKit (no postprocessing),gaussian,c38dfb82-e376-0eab-4312-72ca49852e8b_104329_4.png,5032367,144943,6861,21449,0.9971950979308125,0.9944058868013114,0.9986384819261999,0.9957558803090576,0.9945616468355355,0.9971950979308126,0.954803562488472,0.87109356219049,0.001361518073800193,0.9,2.25
HistoKit (no postprocessing),gaussian,5fe08b37-e6eb-942a-a4ce-507361c4911e_102333_4.png,4968144,511407,17281,2327368,0.809082238594661,0.6793770861557273,0.9965336957230326,0.6809863379019868,0.7003337082385419,0.8090822385946609,0.9673134249311504,0.18015059312555592,0.00346630427696736,0.9,2.25
HistoKit (no postprocessing),gaussian,228e0715-eef2-126e-c558-f7684e2bcfa8_110725_12.png,2209690,6117362,451276,136040,0.8826938963340295,0.7900197568399925,0.8304089567472865,0.9420052606224928,0.9341158004695341,0.8826938963340295,0.9312983909297483,0.9782454414413146,0.16959104325271349,0.9,2.25
HistoKit (no postprocessing),gaussian,be2180cd-04c9-2627-2456-4397fd5e59ee_103647_6.png,3761079,360731,9646,77271,0.9885771923656949,0.9774123985575869,0.9974418712581798,0.9798686935792723,0.9793483872914541,0.988577192365695,0.9739562661828354,0.8235829973379117,0.002558128741820207,0.9,2.25
HistoKit (no postprocessing),gaussian,6f1702fd-ae84-1c96-04ae-a23a14a5d2d4_111419_1.png,2960637,787708,655,43622,0.9925778859320791,0.9852651357077108,0.9997788127614569,0.9854799469686202,0.9883254909136739,0.992577885932079,0.9991691644585046,0.9475274560042342,0.00022118723854317642,0.9,2.25
HistoKit (no postprocessing),gaussian,9e7010fd-072a-6a7f-3911-83d91e8c9301_113642_4.png,6683264,228221,34429,1164966,0.9176574666775322,0.8478438557344673,0.9948748774318803,0.8515632187130092,0.8521251701418342,0.9176574666775323,0.8689168094422235,0.16381218027443553,0.00512512256811974,0.9,2.25
HistoKit (no postprocessing),gaussian,228e0715-eef2-126e-c558-f7684e2bcfa8_110725_1.png,8027968,561697,19694,1956240,0.8904199065321566,0.8024836708716259,0.9975528296292762,0.8040665819462095,0.8129841952169489,0.8904199065321566,0.9661260666229783,0.22307825811368592,0.00244717037072382,0.9,2.25
HistoKit (no postprocessing),gaussian,deaaef3a-8172-327d-10b9-23d266fb17ca_123636_5.png,2220184,163082,633,604497,0.880065357274941,0.7858184966343564,0.9997149697611285,0.7859945954959162,0.7975067561327214,0.880065357274941,0.9961335247228416,0.2124628214164275,0.00028503023887155044,0.9,2.25
HistoKit (no postprocessing),gaussian,0f3058e5-e9f7-bd55-4b60-07a71af55b96_123333_1.png,18716125,804444,33329,183102,0.9942512992686251,0.9885683158681796,0.998222401569667,0.9903116672443799,0.9890342503926636,0.9942512992686251,0.9602171471269664,0.8145888900365148,0.0017775984303329579,0.9,2.25
HistoKit (no postprocessing),gaussian,9e7010fd-072a-6a7f-3911-83d91e8c9301_113642_7.png,2657702,3201972,407298,666773,0.8318999604818862,0.7121821182585328,0.8671132137030995,0.7994350987749945,0.8450951109393264,0.8318999604818862,0.8871522496238852,0.827651344298991,0.13288678629690048,0.9,2.25
HistoKit (no postprocessing),gaussian,3e1fffa8-5bae-87b0-bc39-e4a1bc285608_122517_5.png,5004432,1794698,202080,648705,0.9216563076762426,0.8546962478077242,0.961187067272677,0.8852486681288637,0.8887850387880126,0.9216563076762426,0.89879696190563,0.7345075699751535,0.038812932727323016,0.9,2.25
HistoKit (no postprocessing),gaussian,f761dbde-597d-9a8f-e1a1-2533f0d71b83_120113_2.png,3074740,464610,20779,31975,0.9914943550985016,0.9831321818682945,0.993287393810214,0.9897077781515202,0.9853138995975618,0.9914943550985017,0.9571910364676579,0.9356102177874885,0.006712606189785945,0.9,2.25
HistoKit (no postprocessing),gaussian,1875292b-dccd-c5b5-17ad-67c30baa6d69_130951_1.png,10241269,348360,7685,1683367,0.923735759522928,0.8582797093708759,0.9992501673829349,0.8588328398451743,0.8622998187152651,0.923735759522928,0.9784156497072,0.17146004359837713,0.0007498326170651171,0.9,2.25
HistoKit (no postprocessing),gaussian,7e3642ed-4a56-9d3f-3ecf-de46d455c0fd_113100_2.png,2178404,1256965,131,147392,0.967248632482826,0.9365745356582559,0.9999398678469705,0.9366272880338602,0.9588257195583902,0.967248632482826,0.9998957915704131,0.8950466298811485,6.0132153029444097e-05,0.9,2.25
HistoKit (no postprocessing),gaussian,8e6bc805-8b70-bd59-8612-caf5bbe72e5e_125634_3.png,31274369,393477,25567,41472,0.9989293592891133,0.9978610086694254,0.9991831612690838,0.9986756862126104,0.9978875297641696,0.9989293592891134,0.938987313981348,0.9046508901043571,0.0008168387309162549,0.9,2.25
HistoKit (no postprocessing),gaussian,7d4546a5-f4cc-3733-763f-d1c5a5904dff_120251_1.png,6513268,928864,32460,259024,0.9781135634275966,0.9571646402396443,0.995041040507641,0.9617523875225699,0.9623094811017252,0.9781135634275966,0.9662340688467156,0.7819457726654365,0.004958959492358986,0.9,2.25
HistoKit (no postprocessing),gaussian,54b22c23-34e4-1c55-9de2-c8e205e762bc_131621_2.png,20972247,1723779,70510,330299,0.9905347471477534,0.981246996218042,0.9966492033339548,0.9844948580324624,0.9826465833955171,0.9905347471477534,0.9607030974385955,0.8391984140816464,0.0033507966660452334,0.9,2.25
HistoKit (no postprocessing),gaussian,be2180cd-04c9-2627-2456-4397fd5e59ee_103647_1.png,28914933,456098,8028,47601,0.9990389820455021,0.9980798094286193,0.9997224350577384,0.9983564628702724,0.998109571388666,0.9990389820455021,0.9827029728996005,0.905497132215867,0.000277564942261617,0.9,2.25
HistoKit (no postprocessing),gaussian,7e6be544-b3c1-c3b1-a8a1-838402bd2649_124526_2.png,49824189,1386457,62365,120184,0.9981714183621675,0.996349511939771,0.9987498635403841,0.9975936428313956,0.9964479927741406,0.9981714183621676,0.9569546845644255,0.9202304995018721,0.0012501364596159519,0.9,2.25
HistoKit (no postprocessing),gaussian,f761dbde-597d-9a8f-e1a1-2533f0d71b83_120113_3.png,10042594,14680529,432241,86776,0.9748101419103528,0.9508581598015682,0.9587352927277614,0.9914332283251575,0.9794384707477258,0.9748101419103528,0.9713989559822587,0.9941237754620765,0.04126470727223865,0.9,2.25
HistoKit (no postprocessing),gaussian,6f1702fd-ae84-1c96-04ae-a23a14a5d2d4_111419_2.png,6469983,565409,14790,148854,0.9875115330813417,0.9753311423750537,0.9977192725173264,0.9775105505695336,0.9772686231878823,0.9875115330813417,0.9745087461371013,0.7915977728091753,0.0022807274826736417,0.9,2.25
HistoKit (no postprocessing),gaussian,f9a50b4c-7c73-18cd-0877-8296eed330e2_114604_5.png,4911210,3233848,400076,1120306,0.8659606330076114,0.7636072064272734,0.9246743632333111,0.8142579742804297,0.8426991425118774,0.8659606330076115,0.8899052374237876,0.7427040936080809,0.0753256367666889,0.9,2.25
HistoKit (no postprocessing),gaussian,1c7a4a4c-ace6-25f8-ee0c-f8914aeab226_121941_3.png,7015203,3847517,550256,122252,0.9542602235175965,0.9125216855836542,0.9272673343415119,0.9828717659165627,0.9416996352391127,0.9542602235175965,0.8748784896355496,0.9692042534464852,0.07273266565848814,0.9,2.25
HistoKit (no postprocessing),gaussian,9601a588-d18f-b3b2-00f0-b816a7730c15_114312_2.png,5466540,420525,22162,47253,0.9936909764557948,0.9874610613706217,0.9959622511843419,0.9914300373626649,0.9883463052003868,0.9936909764557947,0.9499375405195997,0.898984133499224,0.004037748815658056,0.9,2.25
HistoKit (no postprocessing),gaussian,9601a588-d18f-b3b2-00f0-b816a7730c15_114312_1.png,9501536,1029879,331016,57467,0.9799663822731081,0.9607196912361847,0.9663346809658367,0.9939881805665298,0.9644243013991523,0.9799663822731081,0.7567659518184724,0.9471492974637328,0.033665319034163255,0.9,2.25
HistoKit (no postprocessing),gaussian,54b22c23-34e4-1c55-9de2-c8e205e762bc_131621_1.png,26123441,1341543,131366,168898,0.9942858171593182,0.988636567052198,0.9949964972128723,0.9935761515930553,0.9891856179350532,0.9942858171593183,0.9108118695723905,0.888179677326026,0.005003502787127706,0.9,2.25
HistoKit (no postprocessing),gaussian,2125a939-8f92-6ca7-9a29-e1755d6267ed_103351_7.png,1079349,329178,16190,1287733,0.6234288996687769,0.45288536096593257,0.9852218862130878,0.45598293595236666,0.5192821987502074,0.6234288996687769,0.9531224664705473,0.20358448918957198,0.014778113786912196,0.5,0.75
HistoKit (no postprocessing),gaussian,228e0715-eef2-126e-c558-f7684e2bcfa8_110725_2.png,2706756,180308,66001,787441,0.8638186908664082,0.7602824337298094,0.9761966158592332,0.7746432155943125,0.7718378208723633,0.8638186908664082,0.7320398361407825,0.18631690655324884,0.023803384140766753,0.5,0.75
HistoKit (no postprocessing),gaussian,be2180cd-04c9-2627-2456-4397fd5e59ee_103647_4.png,4410466,442019,22582,437057,0.9504729827507381,0.9056203100343833,0.994905987934261,0.9098391075194486,0.9134735936134021,0.9504729827507381,0.9513948527876608,0.5028222815774746,0.005094012065738968,0.5,0.75
HistoKit (no postprocessing),gaussian,39bcf904-a619-148a-5bca-38122a540be1_104536_1.png,1668926,912335,1361,336694,0.9080349421244879,0.8315604382901483,0.9991851699737829,0.8321247295100767,0.8842006141164575,0.9080349421244879,0.9985104454873394,0.7304354022204449,0.0008148300262170513,0.5,0.75
HistoKit (no postprocessing),gaussian,be2180cd-04c9-2627-2456-4397fd5e59ee_103647_3.png,21834975,1450179,40384,243161,0.9935489771632495,0.9871806522317045,0.9981539045827773,0.9889863437746738,0.987969425041238,0.9935489771632494,0.9729068814937711,0.8564015496001984,0.0018460954172226385,0.9,2.25
HistoKit (no postprocessing),gaussian,332605c9-e7e2-297a-c808-98d567218fe3_115336_3.png,9185264,264647,32334,55331,0.9952506185193751,0.9905461370404108,0.9964921446997363,0.9940121821159784,0.9908084611855256,0.9952506185193751,0.891124348022264,0.8270787366631456,0.0035078553002636913,0.9,2.25
HistoKit (no postprocessing),gaussian,c74350c8-f970-c60d-af8a-f9c4d9c5bab2_124242_3.png,306505,1906013,1521323,20163,0.2845259401734791,0.1658584917350788,0.16768809756716715,0.9382767825437447,0.589375504128392,0.2845259401734791,0.5561208472119453,0.9895321092153573,0.8323119024328328,0.5,0.75
HistoKit (no postprocessing),gaussian,10fd35f3-17d4-d309-f849-cc9e883460c1_123055_2.png,4872427,3641475,3666066,97522,0.7213899278688097,0.5641985336987024,0.5706425009659198,0.9803776658472753,0.6934562357615441,0.7213899278688096,0.4983174230565384,0.9739176041061279,0.42935749903408016,0.9,2.25
HistoKit (no postprocessing),gaussian,9e7010fd-072a-6a7f-3911-83d91e8c9301_113642_3.png,3176819,271180,3471,592856,0.9141971218560093,0.8419549627817211,0.9989085900971295,0.8427302088376319,0.8525521928746594,0.9141971218560093,0.9873621432290434,0.3138526635464263,0.001091409902870493,0.5,0.75
HistoKit (no postprocessing),gaussian,332605c9-e7e2-297a-c808-98d567218fe3_115336_2.png,5458739,468166,13702,169249,0.9835185649131218,0.967571596454254,0.9974961813201824,0.9699272635265036,0.9700564137681804,0.983518564913122,0.9715648268820507,0.7344759693449323,0.0025038186798176537,0.5,0.75
HistoKit (no postprocessing),gaussian,0502ebf6-5b9d-c3a6-85fe-a3909acf1f7b_112628_8.png,3946192,94807,609,117357,0.9852733026646776,0.9709740615399303,0.9998456978195759,0.9711195804455662,0.9716357314860788,0.9852733026646776,0.9936174226544814,0.4468571482438114,0.00015430218042409536,0.5,0.75
HistoKit (no postprocessing),gaussian,def4a0a8-b472-78ea-531c-84458df3a3e9_124843_7.png,11425413,164874,60207,331512,0.9831464669639233,0.9668516015561136,0.9947580539840253,0.971802831097417,0.9673077279380431,0.9831464669639233,0.7325096298665814,0.3321487713190944,0.005241946015974758,0.5,0.75
HistoKit (no postprocessing),gaussian,b91bdd22-8eea-af27-bee7-880d6f1d7c1e_121440_5.png,3847293,779684,331932,4153231,0.6317524277388639,0.46172377027853495,0.9205757048256554,0.48088012735165847,0.5077815968586962,0.631752427738864,0.7013968852553399,0.1580574568992168,0.07942429517434453,0.5,0.75
HistoKit (no postprocessing),gaussian,3e1fffa8-5bae-87b0-bc39-e4a1bc285608_122517_10.png,3718344,1769276,238574,1511686,0.809484063695582,0.6799439125597685,0.9397071154873565,0.7109603577799745,0.7581805722117526,0.8094840636955819,0.8811793709689468,0.539255255013621,0.060292884512643426,0.5,0.75
HistoKit (no postprocessing),gaussian,d9d9ce51-54c1-b32b-5fae-fd9ffdaa32e5_111717_1.png,7411406,301032,6668,636904,0.9583889809020648,0.9201025750784173,0.9991011143862949,0.9208648772226716,0.9229809442544946,0.9583889809020649,0.9783295417614559,0.3209515361389263,0.0008988856137051208,0.5,0.75
HistoKit (no postprocessing),gaussian,969ce636-2f0f-f223-bb1c-2b4624598a38_125938_1.png,21965204,771522,143726,2242298,0.948484287390704,0.9020162761401601,0.9934991878847145,0.9073717726017332,0.905025365455613,0.9484842873907041,0.8429649668723669,0.2559947176672794,0.006500812115285543,0.9,2.25
HistoKit (no postprocessing),gaussian,04e13be9-17d6-1bd0-76ee-d5d53a64912e_105258_2.png,3165244,118130,4242,1004736,0.8625270557830774,0.758283579550872,0.9986616126400306,0.7590549594962086,0.7649358673286814,0.8625270557830775,0.9653352074003857,0.10520400475212537,0.0013383873599694084,0.5,0.75
HistoKit (no postprocessing),gaussian,cd7afea3-2dfd-f8a4-f2e6-1e02af01c417_132555_3.png,0,3998459,4291,106110,0.0,0.0,0.0,0.0,0.9731309901043111,,0.9989279870089314,0.9741483210539279,1.0,0.5,0.75
HistoKit (no postprocessing),gaussian,7e6be544-b3c1-c3b1-a8a1-838402bd2649_124526_1.png,51766578,2597719,149865,259408,0.9960625030227069,0.9921558921961809,0.9971133422988936,0.9950138763347993,0.9925279108153805,0.9960625030227069,0.9454557167314994,0.9092066960971633,0.002886657701106372,0.9,2.25
HistoKit (no postprocessing),gaussian,be2180cd-04c9-2627-2456-4397fd5e59ee_103647_5.png,4958209,478602,17404,115921,0.9867334915927701,0.9738143749997545,0.9965021395353698,0.9771545072751388,0.9760643187168141,0.98673349159277,0.9649117147776438,0.8050184769975257,0.0034978604646301874,0.5,0.75
HistoKit (no postprocessing),gaussian,0504f20c-cba2-27c1-e181-78505aa24ca7_112258_3.png,3520277,2223899,2642421,61625,0.7225082609855715,0.5655678537248148,0.5712233505519823,0.9827954533652791,0.6799272083522426,0.7225082609855715,0.4569981012346085,0.9730368178150831,0.42877664944801774,0.5,0.75
HistoKit (no postprocessing),gaussian,def4a0a8-b472-78ea-531c-84458df3a3e9_124843_8.png,30153440,633560,189200,1115320,0.9788266457181626,0.9585313224379457,0.9937645504807756,0.9643311727103985,0.9593500089743334,0.9788266457181625,0.7700422966600223,0.36226613604135216,0.006235449519224431,0.9,2.25
HistoKit (no postprocessing),gaussian,cbd7b0be-5303-525e-8ff2-6d1502e77bdd_110516_1.png,11669439,482935,18343,46843,0.9972147572319064,0.9944449865249209,0.9984305833219682,0.9960018886537555,0.994664564773981,0.9972147572319064,0.9634075303524192,0.9115799448070702,0.0015694166780318114,0.5,0.75
HistoKit (no postprocessing),gaussian,b0f43f79-08e2-79bc-61fa-379c7ef1dd21_131900_10.png,4985067,181380,5012,439621,0.9573074462443567,0.918110945356097,0.9989956070835753,0.9189592101886781,0.9207580358861396,0.9573074462443567,0.9731104339242027,0.29207682435293986,0.00100439291642477,0.5,0.75
HistoKit (no postprocessing),gaussian,d9d9ce51-54c1-b32b-5fae-fd9ffdaa32e5_111717_2.png,6693662,749979,6618,1687246,0.8876836493252388,0.7980496275063708,0.9990122800838174,0.798679808918079,0.8146251082762745,0.8876836493252388,0.9912529391472606,0.3077184092564289,0.0009877199161826074,0.5,0.75
HistoKit (no postprocessing),gaussian,19a1c0fb-3d0a-327d-ea5a-6aae35f53e51_121144_1.png,6543879,59655,4122,13492,0.9986559710018151,0.9973155499822982,0.9993704949037119,0.9979424681019268,0.9973397362511758,0.998655971001815,0.9353685497906769,0.8155495098910414,0.0006295050962881649,0.5,0.75
HistoKit (no postprocessing),gaussian,c0272a60-2518-4785-1810-6431c15f4b4b_130712_1.png,8104399,226439,47099,21013,0.9958154219689118,0.9916657193853884,0.994222043604746,0.997413915749749,0.9918904148732878,0.9958154219689117,0.8278155137494607,0.9150825210545883,0.005777956395253977,0.5,0.75
HistoKit (no postprocessing),gaussian,6f1702fd-ae84-1c96-04ae-a23a14a5d2d4_111419_5.png,2296735,936073,24570,238153,0.9458993907367356,0.8973520956389985,0.989415436575547,0.906049892539631,0.9248403175368778,0.9458993907367356,0.9744233810062635,0.7971829954369942,0.010584563424453056,0.5,0.75
HistoKit (no postprocessing),gaussian,e398b039-2e70-a00a-855c-e3ff4eba631e_115619_4.png,5070291,184916,1911,510226,0.9519242927556805,0.9082590944298788,0.9996232405570599,0.9085701199369163,0.9112005456931301,0.9519242927556805,0.9897712857349312,0.26601183643054227,0.0003767594429401668,0.5,0.75
HistoKit (no postprocessing),gaussian,2125a939-8f92-6ca7-9a29-e1755d6267ed_103351_8.png,6822999,209012,0,1342939,0.9104046537789838,0.8355438162768318,1.0,0.8355438162768318,0.8396481173021928,0.9104046537789837,1.0,0.13467693245469733,0.0,0.5,0.75
HistoKit (no postprocessing),gaussian,04e13be9-17d6-1bd0-76ee-d5d53a64912e_105258_4.png,8058978,377386,39644,670736,0.9577866759969613,0.9189929296990726,0.9951048462318651,0.9231663259529465,0.9223352047460823,0.9577866759969613,0.9049372946790398,0.3600592297461555,0.004895153768134875,0.5,0.75
HistoKit (no postprocessing),gaussian,deaaef3a-8172-327d-10b9-23d266fb17ca_123636_1.png,3598722,3797037,289300,131463,0.9447687625185296,0.8953191764616611,0.925591984819016,0.9647569758604466,0.946170048520301,0.9447687625185297,0.9292030980313175,0.9665360824742268,0.07440801518098406,0.5,0.75
HistoKit (no postprocessing),gaussian,0502ebf6-5b9d-c3a6-85fe-a3909acf1f7b_112628_7.png,4958231,899243,5591,276245,0.9723644082571425,0.9462151915233145,0.998873650183266,0.9472258541256088,0.9540932124294098,0.9723644082571424,0.9938209660556522,0.7649954742200686,0.0011263498167339602,0.5,0.75
HistoKit (no postprocessing),gaussian,8e6bc805-8b70-bd59-8612-caf5bbe72e5e_125634_2.png,7189170,1503818,204989,47096,0.9827698101729786,0.9661233219396459,0.9722769012676087,0.9934916709805859,0.9718185642531928,0.9827698101729786,0.8800397002119023,0.969633390374966,0.027723098732391337,0.5,0.75
HistoKit (no postprocessing),gaussian,7ea29210-064a-9e70-4612-3ab81fa629dc_120503_2.png,8243988,47950,20910,543857,0.9668811639277036,0.9358857182428164,0.9974700232235171,0.9381125861914952,0.9362328315101384,0.9668811639277035,0.6963404008132442,0.0810230362263373,0.0025299767764829038,0.5,0.75
HistoKit (no postprocessing),gaussian,9e7010fd-072a-6a7f-3911-83d91e8c9301_113642_1.png,8254946,270372,75445,41604,0.9929602805470952,0.986018983527821,0.9909434022964828,0.9949853854915598,0.9864563724266743,0.9929602805470952,0.781835479458789,0.8666435879683052,0.009056597703517157,0.5,0.75
HistoKit (no postprocessing),gaussian,24aa9d72-799e-9634-ead4-94165f32d151_102546_1.png,6242127,403922,25534,95625,0.990388335550767,0.9809596802658249,0.9959260719429465,0.9849118425586865,0.9820961613711298,0.990388335550767,0.9405433851197794,0.8085765703727578,0.004073928057053501,0.5,0.75
HistoKit (no postprocessing),gaussian,f4c75e72-7c5b-0601-d74f-78529d4dec70_114117_1.png,4372703,8453164,10318915,168644,0.45470919330430853,0.29425477155113416,0.2976325003821907,0.9628647623711644,0.5501493860233155,0.45470919330430853,0.4503051579955529,0.9804398335012795,0.7023674996178093,0.5,0.75
HistoKit (no postprocessing),gaussian,e16fa7c2-3d43-e563-886f-5b0ebdd4e8c5_105048_1.png,41992790,444436,1006734,79653,0.9872297886329583,0.9747816212923474,0.9765873222224506,0.9981067655139494,0.9750391356526399,0.9872297886329583,0.30626046569319926,0.8480162720453969,0.02341267777754935,0.9,2.25
HistoKit (no postprocessing),gaussian,e398b039-2e70-a00a-855c-e3ff4eba631e_115619_1.png,14423069,376634,188,1807973,0.9410144397691169,0.8885998781361609,0.9999869654960735,0.8886101705608302,0.8911262158697831,0.9410144397691168,0.9995010907006491,0.1724035490136212,1.303450392654031e-05,0.5,0.75
HistoKit (no postprocessing),gaussian,0502ebf6-5b9d-c3a6-85fe-a3909acf1f7b_112628_2.png,8343321,2887581,276271,343232,0.9642032931077371,0.9308808250613869,0.9679484829444364,0.9604869733713707,0.9477230525032688,0.9642032931077372,0.9126789116557917,0.893762963068429,0.03205151705556365,0.5,0.75
HistoKit (no postprocessing),gaussian,b91bdd22-8eea-af27-bee7-880d6f1d7c1e_121440_6.png,5688358,402120,106083,612137,0.9406181231550129,0.8878933496165972,0.9816922805840977,0.9028430305872792,0.894514340333497,0.940618123155013,0.7912586112242549,0.39646756196900784,0.01830771941590224,0.5,0.75
HistoKit (no postprocessing),gaussian,40f80889-968b-7602-00a3-4e00b00e88fe_110004_3.png,21411874,8988408,143553,860422,0.9770926954156391,0.9552113774499462,0.9933402850242772,0.9613680601227642,0.9680306080796626,0.9770926954156391,0.9842801562555951,0.9126371355785408,0.006659714975722819,0.5,0.75
HistoKit (no postprocessing),gaussian,b1a83861-bd20-5668-5a83-92a470ead44d_110338_5.png,2681710,2333908,262,192828,0.9652497700894986,0.9328335884235425,0.9999023106878073,0.9329186116168928,0.9629293867116375,0.9652497700894986,0.9998877545337315,0.9236849437376916,9.768931219267017e-05,0.5,0.75
HistoKit (no postprocessing),gaussian,59c3e1ff-f1eb-ac9b-3a83-925048a454e4_130514_4.png,1785462,1074170,185,64503,0.9822071222121612,0.9650363484041834,0.999896396096205,0.9651328538648029,0.9778793018547902,0.9822071222121613,0.9998278036589395,0.9433524813532945,0.000103603903795095,0.5,0.75
HistoKit (no postprocessing),gaussian,d9d9ce51-54c1-b32b-5fae-fd9ffdaa32e5_111717_5.png,8882607,226782,5142,1181313,0.937395751266023,0.8821682694971984,0.999421450808298,0.8826189993561158,0.8847636968858502,0.9373957512660231,0.9778289439644021,0.16105589466619794,0.0005785491917019708,0.5,0.75
HistoKit (no postprocessing),gaussian,2125a939-8f92-6ca7-9a29-e1755d6267ed_103351_5.png,4156933,952503,2630,36006,0.9953743201737635,0.990791237136131,0.9993677220419549,0.9914127059802206,0.9924950544592228,0.9953743201737636,0.9972464567761767,0.9635754454435923,0.000632277958045112,0.5,0.75
HistoKit (no postprocessing),gaussian,6247d1f0-d194-53f2-2d84-7b4b827443da_115125_1.png,2665573,453739,247033,12015,0.9536602844194674,0.9114251043126613,0.9151848894083168,0.995512752522046,0.9233213748682793,0.9536602844194674,0.6474844885355009,0.9742031201020281,0.08481511059168319,0.5,0.75
HistoKit (no postprocessing),gaussian,7e3642ed-4a56-9d3f-3ecf-de46d455c0fd_113100_1.png,565729,1944115,1714655,88701,0.3855297132969926,0.2387964129611221,0.2480849716538969,0.8644606757025197,0.5818983585273115,0.3855297132969926,0.5313575327227457,0.9563654556044423,0.7519150283461031,0.5,0.75
HistoKit (no postprocessing),gaussian,0e99786b-efbd-e936-5e70-bad7ef5912da_122209_3.png,9736367,1758637,58527,188649,0.9874656628757433,0.9752416551919494,0.9940247439124915,0.9809925747222977,0.978949735057715,0.9874656628757433,0.9677921200287921,0.9031220888970598,0.005975256087508451,0.5,0.75
HistoKit (no postprocessing),gaussian,66e65946-ef0a-6028-f7a7-e909aade97a4_112429_4.png,9082032,972712,21541,49123,0.9961247571118144,0.9922794332948456,0.9976337862068003,0.9946202862617051,0.9930211207291597,0.9961247571118144,0.9783344883042847,0.9519266809220667,0.002366213793199659,0.5,0.75
HistoKit (no postprocessing),gaussian,0e99786b-efbd-e936-5e70-bad7ef5912da_122209_4.png,5243250,252133,13273,25831,0.9962848687828271,0.9925972397911992,0.9974749468422377,0.9950976270814588,0.9929344851654724,0.996284868782827,0.9499898269067014,0.9070706998028522,0.00252505315776227,0.5,0.75
HistoKit (no postprocessing),gaussian,59c3e1ff-f1eb-ac9b-3a83-925048a454e4_130514_1.png,4978217,704684,123342,84878,0.9795152889611393,0.9598529780656739,0.9758226847910609,0.9832359456024428,0.9646552837736655,0.9795152889611392,0.8510409093434265,0.8924998923453763,0.024177315208939072,0.5,0.75
HistoKit (no postprocessing),gaussian,728c532f-2f31-cf1c-4143-7abb9ca2b76d_102101_5.png,4833195,1822209,596234,72074,0.9353335723985355,0.8785226509919198,0.8901847689692599,0.9853068200744954,0.9087473674551921,0.9353335723985354,0.7534636954437214,0.9619518308510396,0.10981523103074006,0.5,0.75
HistoKit (no postprocessing),gaussian,0502ebf6-5b9d-c3a6-85fe-a3909acf1f7b_112628_5.png,2743665,843842,319,10662,0.9980028412361541,0.9960136438584123,0.9998837456778173,0.9961289999335591,0.9969484405672605,0.998002841236154,0.9996221100003435,0.987522586202054,0.00011625432218263664,0.5,0.75
HistoKit (no postprocessing),gaussian,228e0715-eef2-126e-c558-f7684e2bcfa8_110725_7.png,7305258,366903,450,1928498,0.8833730041070255,0.7911084071548761,0.9999384043271371,0.7911469612149162,0.7990911258272352,0.8833730041070255,0.9987750202121665,0.1598426593000526,6.15956728629176e-05,0.5,0.75
HistoKit (no postprocessing),gaussian,f761dbde-597d-9a8f-e1a1-2533f0d71b83_120113_1.png,9236373,909276,99895,134696,0.9874599468646981,0.9752305045188642,0.9893003285681173,0.9856263997202453,0.9774002335206122,0.9874599468646981,0.9010128115056814,0.8709773825351638,0.010699671431882633,0.5,0.75
HistoKit (no postprocessing),gaussian,7d4546a5-f4cc-3733-763f-d1c5a5904dff_120251_4.png,3269749,259307,7340,185140,0.9714081062059323,0.9444057571004113,0.9977602073059353,0.9464121712738094,0.948279420110406,0.9714081062059324,0.9724729698815288,0.5834373952349774,0.002239792694064763,0.5,0.75
HistoKit (no postprocessing),gaussian,c38dfb82-e376-0eab-4312-72ca49852e8b_104329_1.png,3510745,813292,39698,80003,0.9832379500842366,0.9670285689416672,0.9888188600690111,0.9777196840324077,0.973062993362795,0.9832379500842365,0.9534601812447977,0.9104405599494008,0.011181139930988893,0.5,0.75
HistoKit (no postprocessing),gaussian,59c3e1ff-f1eb-ac9b-3a83-925048a454e4_130514_3.png,2340770,406533,5946,76839,0.982623981361473,0.9658415014307494,0.9974662464482281,0.9682169449236828,0.9707482594180817,0.982623981361473,0.985584720676689,0.841035475782627,0.002533753551771923,0.5,0.75
HistoKit (no postprocessing),gaussian,7e3642ed-4a56-9d3f-3ecf-de46d455c0fd_113100_4.png,8148440,3772414,7601,115449,0.9925060581866062,0.9851235992547897,0.9990680527476505,0.9860297010281721,0.9897832131508189,0.9925060581866061,0.9979891614186717,0.9703052808187943,0.0009319472523495161,0.5,0.75
HistoKit (no postprocessing),gaussian,7e3642ed-4a56-9d3f-3ecf-de46d455c0fd_113100_3.png,3808798,1333256,220567,125291,0.9565693479236522,0.9167541187525513,0.9452601092231654,0.9681524744356317,0.9369782168518738,0.9565693479236522,0.8580488253810119,0.914098757187804,0.05473989077683456,0.5,0.75
HistoKit (no postprocessing),gaussian,3e1fffa8-5bae-87b0-bc39-e4a1bc285608_122517_7.png,3448142,351513,482,2738375,0.7157429247792014,0.5573206008276387,0.9998602341107642,0.5573640224378273,0.5811192210093061,0.7157429247792015,0.9986306623673632,0.11376237585310535,0.00013976588923582275,0.5,0.75
HistoKit (no postprocessing),gaussian,b0f43f79-08e2-79bc-61fa-379c7ef1dd21_131900_5.png,7425502,150195,20587,423757,0.9709490754966804,0.9435384123145485,0.9972351928643346,0.9460131204741747,0.9445957944604024,0.9709490754966804,0.8794545092574159,0.2616856461864407,0.002764807135665448,0.5,0.75
HistoKit (no postprocessing),gaussian,c0272a60-2518-4785-1810-6431c15f4b4b_130712_3.png,33265128,2113034,175154,328283,0.9924897916634251,0.9850915489005826,0.9947621853188917,0.9902277562704186,0.9859694937229525,0.9924897916634251,0.9234529680253546,0.8655303674205357,0.005237814681108252,0.5,0.75
HistoKit (no postprocessing),gaussian,66e65946-ef0a-6028-f7a7-e909aade97a4_112429_5.png,13329196,464244,15044,14556,0.9988908869576999,0.9977842314531938,0.9988726221950445,0.9989091523883238,0.997858647591268,0.9988908869576999,0.9686117741316286,0.9695989974937343,0.0011273778049555464,0.5,0.75
HistoKit (no postprocessing),gaussian,cbd7b0be-5303-525e-8ff2-6d1502e77bdd_110516_5.png,4500321,504239,136556,156359,0.9684819278560405,0.9388899273893462,0.9705500059630652,0.9664226444591426,0.9447066762938947,0.9684819278560405,0.7868959651682675,0.7633068825518696,0.029449994036934775,0.5,0.75
HistoKit (no postprocessing),gaussian,1875292b-dccd-c5b5-17ad-67c30baa6d69_130951_13.png,11312679,337890,53850,1359408,0.9412088449684458,0.8889466449503876,0.995262405964037,0.892724221353594,0.8918189899483513,0.9412088449684459,0.8625363761678665,0.19907523605165386,0.004737594035962958,0.5,0.75
HistoKit (no postprocessing),gaussian,1875292b-dccd-c5b5-17ad-67c30baa6d69_130951_12.png,6941244,274717,11428,1239971,0.9173114613582088,0.8472533222795134,0.998356315384934,0.8484368153141068,0.852209071068196,0.9173114613582087,0.9600622062241172,0.18136870431402374,0.0016436846150659776,0.5,0.75
HistoKit (no postprocessing),gaussian,6f1702fd-ae84-1c96-04ae-a23a14a5d2d4_111419_3.png,4528991,345339,16115,89299,0.98849618634838,0.9772540380048788,0.9964544281255486,0.9806640553105154,0.9788314419375775,0.98849618634838,0.9554161802055033,0.7945439653228664,0.003545571874451333,0.5,0.75
HistoKit (no postprocessing),gaussian,e398b039-2e70-a00a-855c-e3ff4eba631e_115619_3.png,16899365,536635,25938,3912462,0.8956359426379271,0.8109970047171565,0.9984675015862345,0.8120077588574997,0.815742196272176,0.8956359426379271,0.9538939835363588,0.12061661051669587,0.0015324984137654728,0.5,0.75
HistoKit (no postprocessing),gaussian,b91bdd22-8eea-af27-bee7-880d6f1d7c1e_121440_1.png,5204784,1314379,70213,550736,0.9437062650825886,0.8934127259179231,0.9866894711030167,0.9043116868675637,0.9130337171181628,0.9437062650825887,0.9492897546714122,0.7047174034845036,0.013310528896983259,0.5,0.75
HistoKit (no postprocessing),gaussian,04e13be9-17d6-1bd0-76ee-d5d53a64912e_105258_3.png,9403665,315665,1794,1452376,0.9282298941341954,0.8660718273946878,0.9998092597075805,0.8662149488934318,0.8698554615832103,0.9282298941341953,0.9943488765478377,0.1785394116991631,0.0001907402924195406,0.5,0.75
HistoKit (no postprocessing),gaussian,b91bdd22-8eea-af27-bee7-880d6f1d7c1e_121440_2.png,9192467,1019102,4850,1720416,0.9142094061719923,0.8419758021193594,0.9994726723021508,0.8423500004535923,0.8554670480072817,0.9142094061719922,0.9952634498492117,0.3720004759961424,0.000527327697849275,0.5,0.75
HistoKit (no postprocessing),gaussian,b1a83861-bd20-5668-5a83-92a470ead44d_110338_3.png,842257,1685655,60972,94787,0.9153609274276153,0.8439313598178787,0.9324955243908245,0.8988446647115824,0.9419604713096352,0.9153609274276154,0.9650915736445159,0.9467620961536517,0.06750447560917552,0.5,0.75
HistoKit (no postprocessing),gaussian,3e1fffa8-5bae-87b0-bc39-e4a1bc285608_122517_3.png,10429932,493423,15307,1681762,0.9247650822033296,0.8600586410440636,0.9985345476537205,0.8611456002768895,0.8655299536687515,0.9247650822033298,0.9699113478662552,0.22684185483073854,0.0014654523462794868,0.5,0.75
HistoKit (no postprocessing),gaussian,c74350c8-f970-c60d-af8a-f9c4d9c5bab2_124242_5.png,0,5547096,5553768,1850,0.0,0.0,0.0,0.0,0.4996162199620741,,0.4996994828510646,0.9996666033513392,1.0,0.5,0.75
HistoKit (no postprocessing),gaussian,c74350c8-f970-c60d-af8a-f9c4d9c5bab2_124242_4.png,0,2720108,917270,1278,0.0,0.0,0.0,0.0,0.7475584391599536,,0.7478210953054646,0.9995303863546002,1.0,0.5,0.75
HistoKit (no postprocessing),gaussian,0504f20c-cba2-27c1-e181-78505aa24ca7_112258_4.png,9953698,1326926,448779,123957,0.9720345552460307,0.9455906910165399,0.9568584482330507,0.9876998170705388,0.9516815485229505,0.9720345552460307,0.7472671417831228,0.9145644411024183,0.04314155176694935,0.5,0.75
HistoKit (no postprocessing),gaussian,5fe08b37-e6eb-942a-a4ce-507361c4911e_102333_2.png,9054938,70877,12107,133488,0.9920245826579879,0.9841753733180458,0.9986647248359306,0.9854721581258857,0.9842963475889859,0.9920245826579879,0.8541044056685626,0.34681574633621215,0.0013352751640694405,0.5,0.75
HistoKit (no postprocessing),gaussian,7e6be544-b3c1-c3b1-a8a1-838402bd2649_124526_4.png,4614836,475123,17471,75930,0.9899817367084865,0.9801622135844054,0.9962284451354368,0.9838128783230713,0.9819806071737252,0.9899817367084867,0.9645326577262411,0.8622092611781443,0.003771554864563165,0.5,0.75
HistoKit (no postprocessing),gaussian,cbd7b0be-5303-525e-8ff2-6d1502e77bdd_110516_4.png,3244222,341356,881,74011,0.9885893393237829,0.9774361471163691,0.999728514010187,0.977695659105313,0.9795403322524157,0.9885893393237829,0.997425760510991,0.8218178141258212,0.0002714859898129582,0.5,0.75
HistoKit (no postprocessing),gaussian,66e65946-ef0a-6028-f7a7-e909aade97a4_112429_3.png,4704678,168452,13896,3412,0.9981639315880995,0.9963345931139991,0.9970550424768161,0.9992752899795884,0.9964608487010775,0.9981639315880995,0.9237940640972206,0.9801470930503189,0.002944957523183911,0.5,0.75
HistoKit (no postprocessing),gaussian,24aa9d72-799e-9634-ead4-94165f32d151_102546_6.png,8290976,118299,2868,33181,0.9978307258496374,0.9956708428280208,0.9996542013570547,0.9960138906558346,0.9957314840733168,0.9978307258496374,0.9763301889128227,0.7809545814628994,0.0003457986429452977,0.5,0.75
HistoKit (no postprocessing),gaussian,0f3058e5-e9f7-bd55-4b60-07a71af55b96_123333_3.png,30519895,1533628,99964,609342,0.9885130949933258,0.9772870910145924,0.9967353213481486,0.9804254116475775,0.9783502822665283,0.988513094993326,0.9388072419551516,0.7156553754835578,0.0032646786518514014,0.5,0.75
HistoKit (no postprocessing),gaussian,84acf623-2a5d-c4c6-c1db-583a94b80fc7_105804_1.png,45369830,3739909,51346,807075,0.9906283953699859,0.9814308138112342,0.9988695581109569,0.9825221071009415,0.982820640183669,0.9906283953699859,0.986456727389743,0.8225032241151498,0.0011304418890431195,0.5,0.75
HistoKit (no postprocessing),gaussian,9e7010fd-072a-6a7f-3911-83d91e8c9301_113642_6.png,6890826,1650341,27932,995701,0.9308602975221348,0.8706629221277159,0.9959628592299369,0.8737465807192444,0.8929791527266644,0.9308602975221347,0.9833567006083039,0.6237017401840182,0.004037140770063066,0.5,0.75
HistoKit (no postprocessing),gaussian,b91bdd22-8eea-af27-bee7-880d6f1d7c1e_121440_4.png,6390996,256920,18839,315436,0.9745144712287421,0.9502956832520206,0.9970609227850639,0.9529651534526854,0.9521246267826246,0.9745144712287421,0.9316831000982743,0.44888146538168555,0.0029390772149361097,0.5,0.75
HistoKit (no postprocessing),gaussian,35ce6eab-4a33-9fbb-2efe-2acf7936ba3e_104917_2.png,7232032,4512132,878132,168004,0.9325517401451948,0.8736271116991102,0.8917245076671693,0.9772968672044298,0.9182086424868846,0.9325517401451947,0.8370892408980339,0.9641027525695834,0.10827549233283075,0.5,0.75
HistoKit (no postprocessing),gaussian,969ce636-2f0f-f223-bb1c-2b4624598a38_125938_4.png,15290132,762673,78568,4218647,0.8767911235786279,0.7806127088063534,0.9948877914202242,0.7837564821458073,0.7888348512679595,0.8767911235786279,0.906604647181961,0.15310660628106607,0.005112208579775778,0.5,0.75
HistoKit (no postprocessing),gaussian,859ead5f-592a-5c4e-67de-d71b0ee92f6d_113334_2.png,12737177,604975,35103,271489,0.9881078064396861,0.9764951372567239,0.9972516261779416,0.9791301429370237,0.9775369806921428,0.9881078064396861,0.9451582463387275,0.6902451213056098,0.002748373822058395,0.5,0.75
HistoKit (no postprocessing),gaussian,1875292b-dccd-c5b5-17ad-67c30baa6d69_130951_4.png,3886044,149952,3127,171512,0.9780237826214491,0.9569927029516956,0.9991959726121582,0.9577302198663432,0.9585243080912974,0.9780237826214492,0.979572638964195,0.4664659184232138,0.0008040273878417791,0.5,0.75
HistoKit (no postprocessing),gaussian,def4a0a8-b472-78ea-531c-84458df3a3e9_124843_6.png,16586502,7871720,2110381,13896,0.9398175457197397,0.8864677414018945,0.8871265868219852,0.999162911636215,0.9200873853131717,0.9398175457197397,0.7885834855808411,0.9982378041233557,0.11287341317801475,0.5,0.75
HistoKit (no postprocessing),gaussian,6b809376-ab46-9021-2fa3-0d0025b512da_132412_1.png,3742026,439665,7353,77669,0.9887671860520851,0.9777839211841607,0.9980388752377394,0.9796661775351173,0.9800731851427551,0.9887671860520852,0.9835509979463914,0.8498668171819366,0.0019611247622606303,0.5,0.75
HistoKit (no postprocessing),gaussian,d9d9ce51-54c1-b32b-5fae-fd9ffdaa32e5_111717_3.png,10681255,732021,29988,1241486,0.9438245604485715,0.893624794806274,0.997200324929609,0.8958724340317382,0.8997635743707996,0.9438245604485714,0.9606461341007784,0.37092394402452084,0.00279967507039099,0.5,0.75
HistoKit (no postprocessing),gaussian,c38dfb82-e376-0eab-4312-72ca49852e8b_104329_5.png,2613664,527628,2524,78262,0.9847806584410207,0.9700176288296313,0.9990352375288014,0.970927135441316,0.9749273605418615,0.9847806584410207,0.99523910123889,0.8708313390219347,0.000964762471198553,0.5,0.75
HistoKit (no postprocessing),gaussian,cbd7b0be-5303-525e-8ff2-6d1502e77bdd_110516_2.png,9596742,749414,30611,38333,0.9964208042724416,0.9928671384524596,0.9968204136692609,0.9960215151412937,0.9933803804092135,0.9964208042724416,0.9607563860132688,0.9513384373409229,0.003179586330739093,0.5,0.75
HistoKit (no postprocessing),gaussian,e3dca99c-de77-4ab1-72a1-8daf3d4d032c_120923_2.png,9155980,1283524,24020,166172,0.9897205471017642,0.9796502782101592,0.9973834422657952,0.9821745021964885,0.9821074845414206,0.9897205471017642,0.9816296812956199,0.8853745888793236,0.002616557734204793,0.5,0.75
HistoKit (no postprocessing),gaussian,b0f43f79-08e2-79bc-61fa-379c7ef1dd21_131900_4.png,12957100,196127,11611,575494,0.9778461853104969,0.9566526791347296,0.9991046912835053,0.9574734895615726,0.9572714109091396,0.9778461853104969,0.9441074815392465,0.2541753010869326,0.0008953087164946462,0.5,0.75
HistoKit (no postprocessing),gaussian,8e6bc805-8b70-bd59-8612-caf5bbe72e5e_125634_1.png,64595823,1024680,146043,85812,0.9982085556470922,0.9964235183620181,0.9977442262785567,0.9986733173952699,0.9964791693563957,0.9982085556470923,0.8752540097016972,0.9227261430068834,0.0022557737214432467,0.5,0.75
HistoKit (no postprocessing),gaussian,19a1c0fb-3d0a-327d-ea5a-6aae35f53e51_121144_3.png,24688500,1520933,39558,163805,0.9958983156295165,0.9918301414401968,0.998400278744089,0.9934088608682373,0.9923005879422989,0.9958983156295164,0.9746502863521802,0.9027712320847514,0.001599721255910998,0.5,0.75
HistoKit (no postprocessing),gaussian,24aa9d72-799e-9634-ead4-94165f32d151_102546_7.png,10989959,591187,17700,67674,0.9961308465802311,0.9922915184581809,0.9983920286774872,0.9938798836966284,0.9926821365754313,0.9961308465802311,0.9709305667554078,0.8972863775515625,0.0016079713225128067,0.5,0.75
HistoKit (no postprocessing),gaussian,859ead5f-592a-5c4e-67de-d71b0ee92f6d_113334_1.png,20275015,372886,8872,324867,0.9918368827492396,0.9838059593510602,0.9995626084882054,0.9842296669466359,0.9840937600683264,0.9918368827492396,0.9767601464802309,0.5344097409828407,0.0004373915117945589,0.5,0.75
HistoKit (no postprocessing),gaussian,7e6be544-b3c1-c3b1-a8a1-838402bd2649_124526_3.png,50304800,509179,39928,52533,0.9990818360708625,0.9981653566450764,0.9992069080202399,0.9989567954283838,0.9981837072087539,0.9990818360708625,0.9272855745783609,0.9064769846469365,0.0007930919797600257,0.5,0.75
HistoKit (no postprocessing),gaussian,5fe08b37-e6eb-942a-a4ce-507361c4911e_102333_3.png,13325063,1659367,23335,1851230,0.934282723693659,0.8766703369319302,0.9982518501471113,0.878018301307177,0.8888092083780795,0.934282723693659,0.986132422734388,0.4726737361195261,0.0017481498528887137,0.5,0.75
HistoKit (no postprocessing),gaussian,7ea29210-064a-9e70-4612-3ab81fa629dc_120503_4.png,2789428,175611,5572,496996,0.9173601445977126,0.8473363880150523,0.9980064400715564,0.8487730128553103,0.8550677744046543,0.9173601445977128,0.9692465628673772,0.26109005704668553,0.0019935599284436494,0.5,0.75
HistoKit (no postprocessing),gaussian,7ea29210-064a-9e70-4612-3ab81fa629dc_120503_1.png,8696451,156252,4881,1089936,0.9407813911494436,0.8881843495653474,0.9994390514004062,0.8886273350931247,0.8899407088399923,0.9407813911494435,0.969708253430396,0.12538397095783302,0.0005609485995937174,0.5,0.75
HistoKit (no postprocessing),gaussian,f761dbde-597d-9a8f-e1a1-2533f0d71b83_120113_5.png,3493489,654726,543267,30725,0.9240848727081313,0.8588826843936087,0.8654199064793612,0.9912817439576598,0.8784483611158935,0.9240848727081314,0.5465190531163371,0.9551754975920963,0.13458009352063885,0.5,0.75
HistoKit (no postprocessing),gaussian,969ce636-2f0f-f223-bb1c-2b4624598a38_125938_2.png,4395330,329822,5254,1396098,0.8625048714620822,0.7582492881272425,0.9988060675583059,0.7589371740441218,0.7712640030921387,0.8625048714620823,0.9843199751698122,0.19109923982571614,0.0011939324416941025,0.5,0.75
HistoKit (no postprocessing),gaussian,969ce636-2f0f-f223-bb1c-2b4624598a38_125938_5.png,12786185,272010,8819,1601771,0.9407500139793459,0.8881284176490916,0.9993107466007827,0.8886727899362494,0.8902029036488025,0.9407500139793459,0.9685965480772997,0.1451663775008926,0.000689253399217382,0.5,0.75
HistoKit (no postprocessing),gaussian,a40a1d35-8d5f-0529-214c-05d84888ba26_111152_2.png,2763757,3931382,413,118528,0.9789352788608073,0.9587396945500362,0.9998505880607922,0.9588770714901546,0.9825448189630882,0.9789352788608073,0.9998949589182549,0.9707331767866446,0.00014941193920779114,0.5,0.75
HistoKit (no postprocessing),gaussian,9e7010fd-072a-6a7f-3911-83d91e8c9301_113642_2.png,2590007,922628,9546,446175,0.9191372553890487,0.850373703758182,0.9963278302077319,0.8530473469640489,0.885161260733664,0.9191372553890487,0.9897594225970688,0.6740400189070305,0.003672169792268132,0.5,0.75
HistoKit (no postprocessing),gaussian,2125a939-8f92-6ca7-9a29-e1755d6267ed_103351_3.png,10196863,2427322,414186,726525,0.9470285199469111,0.8993866765500274,0.9609665359193045,0.9334890420444646,0.9171289779450568,0.9470285199469111,0.8542372571184034,0.7696384764384575,0.03903346408069551,0.5,0.75
HistoKit (no postprocessing),gaussian,40f80889-968b-7602-00a3-4e00b00e88fe_110004_1.png,9303029,901874,90878,2348994,0.8840691763205523,0.792225788159161,0.9903258569623906,0.7984046203822289,0.8070450442969527,0.8840691763205523,0.908458507260625,0.2774255983325069,0.009674143037609379,0.5,0.75
HistoKit (no postprocessing),gaussian,04e13be9-17d6-1bd0-76ee-d5d53a64912e_105258_1.png,14204170,263241,47927,694120,0.9745441801510216,0.9503521861083644,0.9966371966174522,0.9534094181278523,0.951211476437885,0.9745441801510217,0.845977092760181,0.2749652429961112,0.0033628033825478455,0.5,0.75
HistoKit (no postprocessing),gaussian,c38dfb82-e376-0eab-4312-72ca49852e8b_104329_2.png,5767826,751725,16241,59699,0.9934599837817243,0.9870049553661115,0.9971921141300749,0.9897556853037953,0.9884860732885542,0.9934599837817243,0.9788519283405775,0.9264268742359112,0.002807885869925089,0.5,0.75
HistoKit (no postprocessing),gaussian,0502ebf6-5b9d-c3a6-85fe-a3909acf1f7b_112628_1.png,7695768,2948075,384790,66546,0.9715117309538321,0.9446016645914916,0.9523807638036879,0.9914270409571166,0.9593214314072805,0.9715117309538321,0.8845467788224245,0.9779255833486199,0.047619236196312184,0.5,0.75
HistoKit (no postprocessing),gaussian,c0272a60-2518-4785-1810-6431c15f4b4b_130712_2.png,17011113,1507916,72523,282087,0.9896846236808996,0.9795798884964363,0.9957548264315629,0.9836879814030949,0.9812113604588919,0.9896846236808995,0.9541121169497842,0.8424097613244224,0.0042451735684370705,0.5,0.75
HistoKit (no postprocessing),gaussian,7d4546a5-f4cc-3733-763f-d1c5a5904dff_120251_3.png,2811582,451007,9720,235271,0.9582507619515844,0.9198478164925228,0.9965547821537716,0.9227822937306132,0.9301538382588566,0.9582507619515844,0.9789029077957229,0.6571782863504294,0.0034452178462284436,0.5,0.75
HistoKit (no postprocessing),gaussian,f9a50b4c-7c73-18cd-0877-8296eed330e2_114604_2.png,8551597,1663358,33654,2228357,0.8831919930617828,0.7908181062231958,0.9960800214227866,0.7932869657885367,0.8187050441589726,0.8831919930617826,0.9801686729380817,0.42741002360141994,0.003919978577213409,0.5,0.75
HistoKit (no postprocessing),gaussian,0f3058e5-e9f7-bd55-4b60-07a71af55b96_123333_2.png,15227500,838067,37117,97544,0.9955978263374674,0.9912342410680373,0.9975684290015269,0.9936349938049117,0.9916877095803837,0.9955978263374674,0.957589489753012,0.8957429957535771,0.0024315709984731354,0.5,0.75
HistoKit (no postprocessing),gaussian,c38dfb82-e376-0eab-4312-72ca49852e8b_104329_4.png,5026568,146176,5628,27248,0.9967404361604963,0.9935020527947339,0.998881601591035,0.9946084305404075,0.9936845178864381,0.9967404361604965,0.9629258781059787,0.8428821847033859,0.0011183984089649926,0.5,0.75
HistoKit (no postprocessing),gaussian,7ea29210-064a-9e70-4612-3ab81fa629dc_120503_3.png,3772099,234564,4085,674325,0.9174945467423474,0.8475657503445112,0.998918220086733,0.8483444223942656,0.8551975604222175,0.9174945467423474,0.9828828111578092,0.25807771906140353,0.0010817799132669384,0.5,0.75
HistoKit (no postprocessing),gaussian,228e0715-eef2-126e-c558-f7684e2bcfa8_110725_12.png,2015213,6096821,471817,330517,0.8339801686820781,0.7152366934784051,0.8102889792242153,0.859098446965337,0.909995414144895,0.8339801686820782,0.9281712586383966,0.9485763779654968,0.18971102077578478,0.5,0.75
HistoKit (no postprocessing),gaussian,5fe08b37-e6eb-942a-a4ce-507361c4911e_102333_4.png,5335071,515567,13121,1960441,0.8439095062649363,0.7299683812280627,0.9975466475399537,0.7312812315297404,0.7477618159045014,0.8439095062649362,0.9751819598704718,0.2082250945877396,0.002453352460046311,0.5,0.75
HistoKit (no postprocessing),gaussian,7e6be544-b3c1-c3b1-a8a1-838402bd2649_124526_2.png,49841047,1369728,79094,103326,0.9981733251112602,0.9963533115367633,0.9984155894110956,0.997931178353165,0.9964505028340814,0.9981733251112602,0.9454080625501269,0.9298559319617611,0.0015844105889043863,0.5,0.75
HistoKit (no postprocessing),gaussian,be2180cd-04c9-2627-2456-4397fd5e59ee_103647_6.png,3752698,359736,10641,85652,0.987332683565455,0.9749822745753367,0.9971724577562638,0.9776852032774499,0.977120635289483,0.9873326835654551,0.9712698142703245,0.8076912714307525,0.002827542243736214,0.5,0.75
HistoKit (no postprocessing),gaussian,0f3058e5-e9f7-bd55-4b60-07a71af55b96_123333_1.png,18633226,801037,36736,266001,0.9919418808854245,0.9840125902231642,0.9980323473609641,0.9859252973679823,0.984661448041749,0.9919418808854245,0.9561504130593849,0.7507108462866364,0.0019676526390359017,0.5,0.75
HistoKit (no postprocessing),gaussian,9e7010fd-072a-6a7f-3911-83d91e8c9301_113642_4.png,6785685,217991,44659,1062545,0.924570057009625,0.8597213263736511,0.9934616763079576,0.8646134223895069,0.8634915077032332,0.924570057009625,0.8299676375404531,0.17023418318579095,0.006538323692042451,0.5,0.75
HistoKit (no postprocessing),gaussian,228e0715-eef2-126e-c558-f7684e2bcfa8_110725_1.png,7783674,560334,21057,2200534,0.8751139120776118,0.777957805215554,0.9973020210433903,0.7795985420175541,0.7897335494182582,0.8751139120776118,0.9637816890870343,0.20295573710876436,0.0026979789566097794,0.5,0.75
HistoKit (no postprocessing),gaussian,6f1702fd-ae84-1c96-04ae-a23a14a5d2d4_111419_1.png,2928238,787203,1160,76021,0.9869926758489748,0.974319387745935,0.9996040142036009,0.974695590493363,0.9796496988099526,0.9869926758489748,0.9985285965982675,0.9119336348386977,0.00039598579639912363,0.5,0.75
HistoKit (no postprocessing),gaussian,deaaef3a-8172-327d-10b9-23d266fb17ca_123636_5.png,2293787,163279,436,530894,0.896202390199152,0.8119263733148043,0.9998099574452876,0.8120516971650958,0.822202278412901,0.896202390199152,0.9973368353541215,0.23521370033118547,0.00019004255471242334,0.5,0.75
HistoKit (no postprocessing),gaussian,f761dbde-597d-9a8f-e1a1-2533f0d71b83_120113_2.png,3059143,462994,22395,47572,0.9886935779775002,0.9776399679141993,0.9927325251221955,0.9846873626966104,0.9805220004766009,0.9886935779775002,0.9538617480000577,0.9068249746359922,0.007267474877804525,0.5,0.75
HistoKit (no postprocessing),gaussian,8e6bc805-8b70-bd59-8612-caf5bbe72e5e_125634_3.png,31227601,393709,25335,88240,0.9981847975069099,0.9963761729936362,0.9991893561616099,0.9971822567370935,0.9964211308785269,0.9981847975069099,0.9395409551264307,0.8169100879968627,0.0008106438383900956,0.5,0.75
HistoKit (no postprocessing),gaussian,9e7010fd-072a-6a7f-3911-83d91e8c9301_113642_7.png,2944378,3216610,392660,380097,0.8839967737059133,0.792109514451318,0.8823327753534721,0.8856670602125147,0.8885512807292452,0.8839967737059133,0.8912079173904972,0.8943208329174437,0.11766722464652785,0.5,0.75
HistoKit (no postprocessing),gaussian,3e1fffa8-5bae-87b0-bc39-e4a1bc285608_122517_5.png,5060864,1775158,221620,592273,0.92557413977679,0.8614592909970574,0.9580462524827335,0.8952310902778404,0.8936075760318906,0.9255741397767899,0.8890111970384289,0.7498245989006649,0.0419537475172665,0.5,0.75
HistoKit (no postprocessing),gaussian,7e3642ed-4a56-9d3f-3ecf-de46d455c0fd_113100_2.png,2186444,1256537,559,139352,0.9689968465247399,0.9398582761444405,0.999744399070326,0.9400841690328816,0.9609502602925235,0.9689968465247399,0.9995553243348161,0.9001697126347439,0.00025560092967407907,0.5,0.75
HistoKit (no postprocessing),gaussian,54b22c23-34e4-1c55-9de2-c8e205e762bc_131621_2.png,20974385,1717530,76759,328161,0.9904395579228161,0.9810601888134343,0.9963536898517249,0.9845952216228051,0.9824685936406439,0.9904395579228162,0.9572203808862452,0.8395842773908669,0.003646310148275077,0.5,0.75
HistoKit (no postprocessing),gaussian,7d4546a5-f4cc-3733-763f-d1c5a5904dff_120251_1.png,6388207,931489,29835,384085,0.9686194451179174,0.9391484457729178,0.9953513859834511,0.9432858181543264,0.9464778183969828,0.9686194451179174,0.9689646778817548,0.7080475898733176,0.004648614016548973,0.5,0.75
HistoKit (no postprocessing),gaussian,1875292b-dccd-c5b5-17ad-67c30baa6d69_130951_1.png,10152294,347775,8270,1772342,0.9193753282741384,0.8507813603827936,0.999186068804842,0.8513713961583398,0.855007063533366,0.9193753282741384,0.9767725989692314,0.16403575840389942,0.000813931195158064,0.5,0.75
HistoKit (no postprocessing),gaussian,be2180cd-04c9-2627-2456-4397fd5e59ee_103647_1.png,28912954,455360,8766,49580,0.9989920229428888,0.9979860758750901,0.9996969059931429,0.9982881332137582,0.998017240148899,0.9989920229428888,0.981112887448667,0.9018101160533925,0.0003030940068571302,0.5,0.75
HistoKit (no postprocessing),gaussian,1c7a4a4c-ace6-25f8-ee0c-f8914aeab226_121941_3.png,7006239,3784705,613068,131216,0.9495631900819435,0.9039698353259515,0.9195375642430473,0.9816158560719472,0.9354773048265712,0.9495631900819435,0.8605958061045897,0.9664916631362073,0.0804624357569527,0.5,0.75
HistoKit (no postprocessing),gaussian,f9a50b4c-7c73-18cd-0877-8296eed330e2_114604_5.png,4874777,3215585,418339,1156739,0.8609157454299619,0.7557963706160836,0.9209654577757223,0.8082175360224527,0.8370402175172573,0.8609157454299617,0.8848795406838448,0.7354406946969163,0.07903454222427772,0.5,0.75
HistoKit (no postprocessing),gaussian,f761dbde-597d-9a8f-e1a1-2533f0d71b83_120113_3.png,10032806,14709283,403487,96564,0.9756851505346558,0.9525246568903385,0.9613380919834275,0.9904669293351906,0.9801898333501042,0.9756851505346558,0.9733015853480202,0.9934779820431753,0.03866190801657255,0.5,0.75
HistoKit (no postprocessing),gaussian,6f1702fd-ae84-1c96-04ae-a23a14a5d2d4_111419_2.png,6374720,565713,14486,244117,0.980119761289227,0.9610145623844941,0.9977327386219821,0.9631178407928764,0.9640781071243427,0.980119761289227,0.9750327042962845,0.6985577219910352,0.002267261378017863,0.5,0.75
HistoKit (no postprocessing),gaussian,9601a588-d18f-b3b2-00f0-b816a7730c15_114312_1.png,9486834,1019732,341163,72169,0.9786799401660907,0.9582499929799156,0.96528661944036,0.9924501540589536,0.962148730693272,0.9786799401660906,0.7493098291932883,0.9339051800483743,0.034713380559639975,0.5,0.75
HistoKit (no postprocessing),gaussian,9601a588-d18f-b3b2-00f0-b816a7730c15_114312_2.png,5462217,423321,19366,51576,0.9935480150928899,0.987178752679979,0.9964670789441663,0.9906460035768481,0.9880899457397657,0.9935480150928899,0.9562535154635217,0.8913953973177342,0.003532921055833689,0.5,0.75
HistoKit (no postprocessing),gaussian,2125a939-8f92-6ca7-9a29-e1755d6267ed_103351_7.png,1078129,329256,16112,1288953,0.6229577534370528,0.452388265495801,0.9852756385476326,0.45546753344413077,0.518861177164556,0.6229577534370527,0.9533483125246114,0.20346939116022714,0.01472436145236744,0.5,2.25
HistoKit (no postprocessing),gaussian,54b22c23-34e4-1c55-9de2-c8e205e762bc_131621_1.png,26128201,1337107,135802,164138,0.9942929818060777,0.9886507340792529,0.9948293487477899,0.9937571929222425,0.9891972871987313,0.9942929818060777,0.9078001424392138,0.8906654143727373,0.005170651252210107,0.5,0.75
HistoKit (no postprocessing),gaussian,be2180cd-04c9-2627-2456-4397fd5e59ee_103647_4.png,4418954,441384,23217,428569,0.9513669664469034,0.9072448950262177,0.9947735015153626,0.9115901048844947,0.9149519100081248,0.9513669664469034,0.9500280886179754,0.5073653404264369,0.005226498484637354,0.5,2.25
HistoKit (no postprocessing),gaussian,228e0715-eef2-126e-c558-f7684e2bcfa8_110725_2.png,2701324,179473,66836,792873,0.8627179830214087,0.7585787607135345,0.9758554418819722,0.773088638104835,0.7701623791005816,0.8627179830214087,0.7286497854321198,0.18457730067280578,0.02414455811802786,0.5,2.25
HistoKit (no postprocessing),gaussian,39bcf904-a619-148a-5bca-38122a540be1_104536_1.png,1673338,912299,1397,332282,0.9093351049015652,0.8337438098431652,0.9991658381773832,0.8343245480200636,0.8856995953846722,0.9093351049015652,0.9984710450740728,0.7330169751908474,0.0008341618226167125,0.5,2.25
HistoKit (no postprocessing),gaussian,9e7010fd-072a-6a7f-3911-83d91e8c9301_113642_3.png,3164260,271192,3459,605415,0.9122330373624448,0.8386291077920901,0.9989080470837217,0.8393986218971131,0.8494498217997263,0.9122330373624447,0.9874058350415619,0.3093655423696137,0.0010919529162782431,0.5,2.25
HistoKit (no postprocessing),gaussian,332605c9-e7e2-297a-c808-98d567218fe3_115336_3.png,9074342,267284,29697,166253,0.989318402318629,0.9788625859897401,0.9967380412144544,0.9820084096316308,0.9794549474625418,0.989318402318629,0.9000037039406561,0.6165194666199194,0.0032619587855456243,0.5,0.75
HistoKit (no postprocessing),gaussian,be2180cd-04c9-2627-2456-4397fd5e59ee_103647_3.png,21835216,1445816,44747,242920,0.9934558817022547,0.9869968575072245,0.9979548868524137,0.9889972595512592,0.9877945320613581,0.9934558817022547,0.9699797995790852,0.8561527675136907,0.0020451131475862183,0.5,0.75
HistoKit (no postprocessing),gaussian,c74350c8-f970-c60d-af8a-f9c4d9c5bab2_124242_3.png,306478,1905587,1521749,20190,0.28444819817206873,0.16580565965363878,0.16763673220010425,0.9381941298198783,0.589254832973007,0.2844481981720687,0.5559965524243903,0.9895159200675883,0.8323632677998958,0.5,2.25
HistoKit (no postprocessing),gaussian,332605c9-e7e2-297a-c808-98d567218fe3_115336_2.png,5458731,467852,14016,169257,0.9834900121478443,0.9675163293042685,0.9974389461087823,0.9699258420593647,0.9700037120351118,0.9834900121478442,0.9709131961450024,0.7343358828709059,0.002561053891217701,0.5,2.25
HistoKit (no postprocessing),gaussian,10fd35f3-17d4-d309-f849-cc9e883460c1_123055_2.png,4872007,3694946,3612595,97942,0.7242169582619293,0.567664669123747,0.5742175060185498,0.980293157937838,0.6977772329686279,0.7242169582619294,0.5056346587723558,0.9741774605524867,0.4257824939814502,0.5,0.75
HistoKit (no postprocessing),gaussian,969ce636-2f0f-f223-bb1c-2b4624598a38_125938_1.png,21762053,769416,145832,2445449,0.9438087551992137,0.8935964578812905,0.9933434012457159,0.8989797047212885,0.8968552009632703,0.9438087551992137,0.840663951191371,0.23933073394994814,0.006656598754284131,0.5,0.75
HistoKit (no postprocessing),gaussian,0502ebf6-5b9d-c3a6-85fe-a3909acf1f7b_112628_8.png,3946364,94874,542,117185,0.9853033317083736,0.9710323907609352,0.9998626772464305,0.9711619079774847,0.971693197706641,0.9853033317083736,0.9943196109667142,0.4473943572307707,0.00013732275356950484,0.5,2.25
HistoKit (no postprocessing),gaussian,3e1fffa8-5bae-87b0-bc39-e4a1bc285608_122517_10.png,3717802,1765621,242229,1512228,0.8090919091831926,0.6793907232826516,0.9388315394500699,0.7108567254872343,0.7576007062841605,0.8090919091831925,0.8793590158627388,0.5386523296222614,0.06116846054993004,0.5,2.25
HistoKit (no postprocessing),gaussian,b91bdd22-8eea-af27-bee7-880d6f1d7c1e_121440_5.png,3839821,780485,331131,4160703,0.6309540437002052,0.4608713394877728,0.9206102108103857,0.47994618852465165,0.5070494966056273,0.6309540437002054,0.7021174578271633,0.1579549290575465,0.07938978918961427,0.5,2.25
HistoKit (no postprocessing),gaussian,def4a0a8-b472-78ea-531c-84458df3a3e9_124843_7.png,11423045,165138,59943,333880,0.9830540243416573,0.9666728104265868,0.9947798430164693,0.9716014178877556,0.9671321312975474,0.9830540243416575,0.733682540951924,0.33092593854329905,0.005220156983530767,0.5,2.25
HistoKit (no postprocessing),gaussian,d9d9ce51-54c1-b32b-5fae-fd9ffdaa32e5_111717_1.png,7423139,300677,7023,625171,0.9591565627408184,0.9215185765752949,0.9990547985360212,0.9223226988026058,0.9243425989198194,0.9591565627408184,0.9771758206044849,0.32475849167465937,0.0009452014639788473,0.5,2.25
HistoKit (no postprocessing),gaussian,04e13be9-17d6-1bd0-76ee-d5d53a64912e_105258_2.png,3163269,118130,4242,1006711,0.8622208872215312,0.7578104374899083,0.9986607781314729,0.7585813361215161,0.7644757466302857,0.8622208872215312,0.9653352074003857,0.10501928717036452,0.0013392218685270548,0.5,2.25
HistoKit (no postprocessing),gaussian,cd7afea3-2dfd-f8a4-f2e6-1e02af01c417_132555_3.png,0,3998600,4150,106110,0.0,0.0,0.0,0.0,0.9731653061919852,,0.998963212791206,0.9741492090793259,1.0,0.5,2.25
HistoKit (no postprocessing),gaussian,7e6be544-b3c1-c3b1-a8a1-838402bd2649_124526_1.png,51758710,2596177,151407,267276,0.9959717269753706,0.99197577770894,0.9970832853256717,0.9948626442178338,0.9923561126287733,0.9959717269753706,0.9448944964012019,0.9066595470573465,0.00291671467432832,0.5,0.75
HistoKit (no postprocessing),gaussian,be2180cd-04c9-2627-2456-4397fd5e59ee_103647_5.png,4958588,478758,17248,115542,0.986787019975988,0.9739186522784204,0.9965336478131513,0.9772291998825414,0.9761603666409582,0.986787019975988,0.9652262271020915,0.805583038869258,0.003466352186848602,0.5,2.25
HistoKit (no postprocessing),gaussian,cbd7b0be-5303-525e-8ff2-6d1502e77bdd_110516_1.png,11669606,483181,18097,46676,0.9972323943977917,0.994480065796409,0.9984516204766668,0.9960161423222827,0.9946983685776866,0.9972323943977917,0.9638982760065273,0.9119083073357529,0.001548379523333199,0.5,2.25
HistoKit (no postprocessing),gaussian,b0f43f79-08e2-79bc-61fa-379c7ef1dd21_131900_10.png,4985533,181556,4836,439155,0.9573702765140891,0.9182265333019984,0.999030933383884,0.9190451137466339,0.9208724523621121,0.9573702765140892,0.9740546804583887,0.29249683024789314,0.0009690666161159626,0.5,2.25
HistoKit (no postprocessing),gaussian,d9d9ce51-54c1-b32b-5fae-fd9ffdaa32e5_111717_2.png,6706673,749983,6614,1674235,0.8886426868077429,0.7996012409863128,0.99901478962541,0.8002322660026814,0.8160494577020752,0.888642686807743,0.991258225977634,0.309371104413877,0.0009852103745899737,0.5,2.25
HistoKit (no postprocessing),gaussian,19a1c0fb-3d0a-327d-ea5a-6aae35f53e51_121144_1.png,6544125,59579,4198,13246,0.9986689754850068,0.9973414895126456,0.999358919833368,0.9979799831365345,0.9973654115570291,0.9986689754850068,0.9341768976276714,0.8181119121180913,0.0006410801666319758,0.5,2.25
HistoKit (no postprocessing),gaussian,0504f20c-cba2-27c1-e181-78505aa24ca7_112258_3.png,3520897,2221458,2644862,61005,0.7224085860187383,0.5654457114481937,0.5710403212321468,0.9829685457614419,0.6797116600392367,0.7224085860187384,0.45649649016094296,0.973272294008709,0.42895967876785324,0.5,2.25
HistoKit (no postprocessing),gaussian,def4a0a8-b472-78ea-531c-84458df3a3e9_124843_8.png,29528285,640799,181961,1740475,0.9684738055585885,0.9388746604569097,0.993875479859709,0.9443382148828415,0.9400952027202202,0.9684738055585885,0.778840731197433,0.26909923007600134,0.006124520140290996,0.5,0.75
HistoKit (no postprocessing),gaussian,c0272a60-2518-4785-1810-6431c15f4b4b_130712_1.png,8103383,226916,46622,22029,0.9957819206721401,0.9915992762634125,0.9942795127119554,0.9972888759363833,0.991826240184785,0.99578192067214,0.8295593299651237,0.9115105746249171,0.005720487288044609,0.5,2.25
HistoKit (no postprocessing),gaussian,6f1702fd-ae84-1c96-04ae-a23a14a5d2d4_111419_5.png,2295599,936671,23972,239289,0.9457692401975174,0.8971178571707713,0.9896653303563461,0.9056017465071435,0.9246864067290492,0.9457692401975174,0.9750458807278042,0.7965160379604749,0.010334669643653933,0.5,2.25
HistoKit (no postprocessing),gaussian,e398b039-2e70-a00a-855c-e3ff4eba631e_115619_4.png,5069622,185029,1798,510895,0.9518685662523164,0.9081576371093355,0.9996454641895169,0.9084502385710858,0.9111041408315509,0.9518685662523163,0.9903761233654664,0.26587529672780363,0.00035453581048305996,0.5,2.25
HistoKit (no postprocessing),gaussian,2125a939-8f92-6ca7-9a29-e1755d6267ed_103351_8.png,6822881,209012,0,1343057,0.9103960759016437,0.8355293660079222,1.0,0.8355293660079222,0.8396340276658368,0.9103960759016437,1.0,0.13466669329778508,0.0,0.5,2.25
HistoKit (no postprocessing),gaussian,deaaef3a-8172-327d-10b9-23d266fb17ca_123636_1.png,3599683,3803169,283168,130502,0.9456629392006027,0.8969265848281973,0.927072143638785,0.9650146038333219,0.9470774853572983,0.9456629392006028,0.9307037084802354,0.9668243734669218,0.07292785636121499,0.5,2.25
HistoKit (no postprocessing),gaussian,04e13be9-17d6-1bd0-76ee-d5d53a64912e_105258_4.png,8059399,377498,39532,670315,0.9578191232865153,0.9190526756804405,0.9951188619831433,0.923214552046035,0.922393476848155,0.9578191232865154,0.905205860489653,0.3602723004963672,0.004881138016856793,0.5,2.25
HistoKit (no postprocessing),gaussian,8e6bc805-8b70-bd59-8612-caf5bbe72e5e_125634_2.png,7189420,1503128,205679,46846,0.9827408447537191,0.9660673385788259,0.9721871201453828,0.9935262191854196,0.9717693751632882,0.9827408447537191,0.879635909731175,0.9697762672148049,0.027812879854617226,0.5,2.25
HistoKit (no postprocessing),gaussian,f4c75e72-7c5b-0601-d74f-78529d4dec70_114117_1.png,4370442,8452729,10319350,170905,0.4545172285427296,0.29409401187575523,0.29751558088773483,0.9623668924660459,0.5500337445041326,0.4545172285427296,0.45028198528250385,0.9801817887911292,0.7024844191122652,0.5,2.25
HistoKit (no postprocessing),gaussian,7ea29210-064a-9e70-4612-3ab81fa629dc_120503_2.png,8251158,47936,20924,536687,0.9673145729169884,0.9366981924489108,0.9974705279759074,0.9389284858802129,0.9370408069366655,0.9673145729169883,0.6961370897473134,0.08199472138455038,0.0025294720240926047,0.5,2.25
HistoKit (no postprocessing),gaussian,0502ebf6-5b9d-c3a6-85fe-a3909acf1f7b_112628_7.png,4957662,897709,7125,276814,0.972160831620873,0.9458297188206428,0.9985648931162606,0.9471171517454661,0.9537506657914326,0.9721608316208731,0.992125627463159,0.7643179401339948,0.0014351068837394232,0.5,2.25
HistoKit (no postprocessing),gaussian,24aa9d72-799e-9634-ead4-94165f32d151_102546_1.png,6241266,404445,25011,96486,0.9903604633089943,0.9809049936324833,0.9960086347922379,0.9847759899724697,0.9820462146279529,0.9903604633089943,0.9417612048731419,0.807386646065027,0.003991365207762121,0.5,2.25
HistoKit (no postprocessing),gaussian,9e7010fd-072a-6a7f-3911-83d91e8c9301_113642_1.png,8256033,270256,75561,40517,0.9930191848230325,0.9861351575486756,0.990930787073878,0.9951164038064014,0.9865687259057617,0.9930191848230326,0.7815000419296911,0.8696250961312598,0.00906921292612194,0.5,2.25
HistoKit (no postprocessing),gaussian,e16fa7c2-3d43-e563-886f-5b0ebdd4e8c5_105048_1.png,42034755,451106,1000064,37688,0.9878065399401522,0.9759068586372277,0.9767615149026188,0.9991042117520963,0.9761565750527191,0.9878065399401522,0.31085675696162407,0.922895943894565,0.023238485097381262,0.5,0.75
HistoKit (no postprocessing),gaussian,e398b039-2e70-a00a-855c-e3ff4eba631e_115619_1.png,14418409,376440,382,1812633,0.9408474754169134,0.8883021600569365,0.9999735067940162,0.888323066381074,0.8908339446902985,0.9408474754169134,0.9989862587640849,0.1719632008617346,2.6493205983774923e-05,0.5,2.25
HistoKit (no postprocessing),gaussian,0502ebf6-5b9d-c3a6-85fe-a3909acf1f7b_112628_2.png,8341275,2887603,276249,345278,0.9640820484097476,0.9306548331648964,0.9679433442831142,0.9602514369048344,0.9475522566528317,0.9640820484097475,0.91268586520482,0.8931980484280121,0.032056655716885735,0.5,2.25
HistoKit (no postprocessing),gaussian,40f80889-968b-7602-00a3-4e00b00e88fe_110004_3.png,21415476,8989627,142334,856820,0.9772039337527497,0.9554240243983505,0.9933975668214907,0.9615297857032791,0.9681841222990883,0.9772039337527497,0.9844136434660639,0.9129818095806538,0.00660243317850932,0.5,2.25
HistoKit (no postprocessing),gaussian,d9d9ce51-54c1-b32b-5fae-fd9ffdaa32e5_111717_5.png,8881076,226955,4969,1182844,0.9373184594272338,0.8820313740671886,0.9994408085936994,0.8824668717557373,0.8846317990055016,0.9373184594272338,0.9785748779772684,0.1609839416824668,0.0005591914063005533,0.5,2.25
HistoKit (no postprocessing),gaussian,b91bdd22-8eea-af27-bee7-880d6f1d7c1e_121440_6.png,5681554,401929,106274,618941,0.9400069802899873,0.886804877778487,0.9816383624392432,0.9017631154377553,0.8934869779802247,0.9400069802899873,0.7908827771579467,0.39371222584658183,0.018361637560756816,0.5,2.25
HistoKit (no postprocessing),gaussian,59c3e1ff-f1eb-ac9b-3a83-925048a454e4_130514_4.png,1785544,1074181,174,64421,0.9822330494710347,0.9650864070213103,0.9999025602026748,0.9651771790277114,0.9779111041199322,0.9822330494710348,0.9998380423602999,0.9434209671158139,9.743979732522157e-05,0.5,2.25
HistoKit (no postprocessing),gaussian,b1a83861-bd20-5668-5a83-92a470ead44d_110338_5.png,2678861,2333908,262,195677,0.9647189484558024,0.9318425629609016,0.9999022068042416,0.9319274958271555,0.9623824180583745,0.9647189484558023,0.9998877545337315,0.9226446235252027,9.779319575846275e-05,0.5,2.25
HistoKit (no postprocessing),gaussian,2125a939-8f92-6ca7-9a29-e1755d6267ed_103351_5.png,4156949,952430,2703,35990,0.9953675452323716,0.9907778118342795,0.9993501860251771,0.9914165219193506,0.9924839823530052,0.9953675452323717,0.99717002762966,0.9635883531292365,0.0006498139748228938,0.5,2.25
HistoKit (no postprocessing),gaussian,0e99786b-efbd-e936-5e70-bad7ef5912da_122209_3.png,9737769,1758623,58541,187247,0.9875369435097823,0.9753807185154549,0.9940241784916973,0.9811338339404189,0.9790679413873744,0.9875369435097823,0.9677844157159178,0.9037720916607995,0.005975821508302616,0.5,2.25
HistoKit (no postprocessing),gaussian,6247d1f0-d194-53f2-2d84-7b4b827443da_115125_1.png,2665929,453683,247089,11659,0.9537173608728642,0.9115293757225157,0.9151776611061105,0.9956457080028742,0.923410175351354,0.9537173608728642,0.647404576666876,0.9749453090415221,0.08482233889388943,0.5,2.25
HistoKit (no postprocessing),gaussian,7e3642ed-4a56-9d3f-3ecf-de46d455c0fd_113100_1.png,565548,1943938,1714832,88882,0.38540689175789916,0.23870217814661274,0.24800603408203895,0.8641840991397094,0.5818153575071873,0.3854068917578991,0.5313091558091927,0.9562765025924578,0.7519939659179611,0.5,2.25
HistoKit (no postprocessing),gaussian,728c532f-2f31-cf1c-4143-7abb9ca2b76d_102101_5.png,4834225,1822243,596200,71044,0.9354427482082964,0.8787153031308547,0.8902111713171621,0.9855167983651865,0.9088926489736352,0.9354427482082963,0.7534777540756594,0.9624758422785347,0.1097888286828379,0.5,2.25
HistoKit (no postprocessing),gaussian,0e99786b-efbd-e936-5e70-bad7ef5912da_122209_4.png,5242991,252043,13363,26090,0.9962516513569273,0.9925312980128138,0.9974577435233624,0.9950484723996461,0.992871426023767,0.9962516513569272,0.9496507237967491,0.9061959566106863,0.0025422564766376084,0.5,2.25
HistoKit (no postprocessing),gaussian,0502ebf6-5b9d-c3a6-85fe-a3909acf1f7b_112628_5.png,2743447,843835,326,10880,0.9979618413633801,0.9959319740090675,0.9998811855062354,0.9960498517423676,0.9968859143062309,0.9979618413633801,0.9996138177432978,0.9872706106713934,0.00011881449376460808,0.5,2.25
HistoKit (no postprocessing),gaussian,59c3e1ff-f1eb-ac9b-3a83-925048a454e4_130514_1.png,4978211,704964,123062,84884,0.9795416694869765,0.9599036434878466,0.9758762175637336,0.983234760556537,0.9647017944462523,0.9795416694869764,0.8513790629762834,0.8925312211969898,0.024123782436266398,0.5,2.25
HistoKit (no postprocessing),gaussian,66e65946-ef0a-6028-f7a7-e909aade97a4_112429_4.png,9080998,971424,22829,50157,0.9959974734277226,0.9920268595619132,0.9974923732623654,0.9945070475750329,0.992791796636738,0.9959974734277226,0.9770390433823182,0.9509025716022518,0.0025076267376346233,0.5,2.25
HistoKit (no postprocessing),gaussian,228e0715-eef2-126e-c558-f7684e2bcfa8_110725_7.png,7309323,367071,282,1924433,0.8836563501213568,0.7915630193421339,0.9999614206239599,0.7915871937703357,0.7995320123956514,0.8836563501213568,0.9992323459996243,0.16018780678541256,3.8579376040155385e-05,0.5,2.25
HistoKit (no postprocessing),gaussian,f761dbde-597d-9a8f-e1a1-2533f0d71b83_120113_1.png,9232437,908610,100561,138632,0.9872117117630086,0.974746374172133,0.989225220020405,0.985206383604688,0.9769568911701464,0.9872117117630086,0.9003528638853079,0.8676218104315908,0.010774779979594981,0.5,2.25
HistoKit (no postprocessing),gaussian,c38dfb82-e376-0eab-4312-72ca49852e8b_104329_1.png,3511106,812487,40503,79642,0.9831785221601217,0.9669136063576987,0.9885958730254372,0.9778202201881057,0.9729630774811656,0.9831785221601216,0.9525164421622763,0.9107281570266184,0.011404126974562797,0.5,2.25
HistoKit (no postprocessing),gaussian,7d4546a5-f4cc-3733-763f-d1c5a5904dff_120251_4.png,3271664,259698,6949,183225,0.9717570441057268,0.9450655981013554,0.9978805061774598,0.9469664582566908,0.9488990567335638,0.9717570441057269,0.9739393280254419,0.5863276461145617,0.0021194938225402023,0.5,2.25
HistoKit (no postprocessing),gaussian,59c3e1ff-f1eb-ac9b-3a83-925048a454e4_130514_3.png,2341105,406485,5994,76504,0.9826856126335549,0.9659605966818823,0.9974462091288011,0.9683555115818977,0.9708496696922498,0.9826856126335549,0.9854683511160568,0.8416030178741131,0.0025537908711988715,0.5,2.25
HistoKit (no postprocessing),gaussian,c0272a60-2518-4785-1810-6431c15f4b4b_130712_3.png,33263945,2113370,174818,329466,0.99247698575314,0.9850663178101523,0.9947719956028278,0.990192541031335,0.9859458883089351,0.9924769857531399,0.9235998091065943,0.8651297098945652,0.005228004397172228,0.5,2.25
HistoKit (no postprocessing),gaussian,7e3642ed-4a56-9d3f-3ecf-de46d455c0fd_113100_4.png,8148711,3771925,8090,115178,0.9924931290950624,0.9850981246446588,0.999008189607666,0.9860624943050421,0.9897651127076403,0.9924931290950624,0.997859796852658,0.9703691926866872,0.0009918103923339553,0.5,2.25
HistoKit (no postprocessing),gaussian,7e3642ed-4a56-9d3f-3ecf-de46d455c0fd_113100_3.png,3806721,1330645,223178,127368,0.9559836102214117,0.9156787379785807,0.9446194557233321,0.9676245250171005,0.9361239757488823,0.9559836102214117,0.8563684538071582,0.9126427542141257,0.05538054427666798,0.5,2.25
HistoKit (no postprocessing),gaussian,66e65946-ef0a-6028-f7a7-e909aade97a4_112429_5.png,13328104,465291,13997,15648,0.9988891117701952,0.9977806889469176,0.9989509148521661,0.9988273163350159,0.9978553921568627,0.9988891117701952,0.9707962644589474,0.9674636492361817,0.001049085147833913,0.5,2.25
HistoKit (no postprocessing),gaussian,3e1fffa8-5bae-87b0-bc39-e4a1bc285608_122517_7.png,3444303,351513,482,2742214,0.7152310248396323,0.5567001061419277,0.999860078350318,0.5567434794085266,0.5805320843641489,0.7152310248396323,0.9986306623673632,0.11362120833544782,0.00013992164968205562,0.5,2.25
HistoKit (no postprocessing),gaussian,b0f43f79-08e2-79bc-61fa-379c7ef1dd21_131900_5.png,7423865,150642,20140,425394,0.9708673047166386,0.9433839865026541,0.9972944671584718,0.9458045657558248,0.9444474161665757,0.9708673047166386,0.8820718811115925,0.2615149053184176,0.0027055328415281827,0.5,2.25
HistoKit (no postprocessing),gaussian,1875292b-dccd-c5b5-17ad-67c30baa6d69_130951_13.png,11308166,337963,53777,1363921,0.9410128888080775,0.8885971121489276,0.9952669186951563,0.8923680842784618,0.891479120168998,0.9410128888080775,0.862722724255884,0.19858168946884747,0.004733081304843722,0.5,2.25
HistoKit (no postprocessing),gaussian,1875292b-dccd-c5b5-17ad-67c30baa6d69_130951_12.png,6944406,275137,11008,1236809,0.9175630848850164,0.8476827351989807,0.9984173479824494,0.8488233104740555,0.8526321072920013,0.9175630848850163,0.9615299935347463,0.18197541446586055,0.0015826520175506447,0.5,2.25
HistoKit (no postprocessing),gaussian,cbd7b0be-5303-525e-8ff2-6d1502e77bdd_110516_5.png,4502307,503089,137706,154373,0.9685824841155882,0.9390789560957337,0.970322065908005,0.9668491285636978,0.9448644873265093,0.9685824841155882,0.7851013194547398,0.7651985970291819,0.029677934091995,0.5,2.25
HistoKit (no postprocessing),gaussian,6f1702fd-ae84-1c96-04ae-a23a14a5d2d4_111419_3.png,4529793,345165,16289,88497,0.9885659377423789,0.9773903951146372,0.9964169146091073,0.9808377126598806,0.9789575528380575,0.9885659377423789,0.9549347911490812,0.7959309323851295,0.0035830853908926413,0.5,2.25
HistoKit (no postprocessing),gaussian,04e13be9-17d6-1bd0-76ee-d5d53a64912e_105258_3.png,9400315,315659,1800,1455726,0.9280523854194824,0.8657628160147123,0.9998085537137122,0.8659063649446423,0.869555108068197,0.9280523854194823,0.9943299764694024,0.17819897989426353,0.00019144628628771292,0.5,2.25
HistoKit (no postprocessing),gaussian,e398b039-2e70-a00a-855c-e3ff4eba631e_115619_3.png,16885278,537086,25487,3926549,0.8952342405315096,0.8103385110000262,0.99849285351668,0.8113308841169975,0.8151042368440752,0.8952342405315097,0.9546956572747004,0.1203248025432187,0.0015071464833199444,0.5,2.25
HistoKit (no postprocessing),gaussian,b91bdd22-8eea-af27-bee7-880d6f1d7c1e_121440_1.png,5204147,1314627,69965,551373,0.9436664795344033,0.8933414127750736,0.9867342597199301,0.904201010508173,0.9129792361800487,0.9436664795344033,0.9494688688075621,0.704516077170418,0.013265740280069896,0.5,2.25
HistoKit (no postprocessing),gaussian,b91bdd22-8eea-af27-bee7-880d6f1d7c1e_121440_2.png,9186029,1019472,4480,1726854,0.9138785136359078,0.8414146346512431,0.9995125406003085,0.8417600555233663,0.8549587055530213,0.9138785136359078,0.9956247949122615,0.37121303151920054,0.0004874593996915731,0.5,2.25
HistoKit (no postprocessing),gaussian,b1a83861-bd20-5668-5a83-92a470ead44d_110338_3.png,841559,1684415,62212,95485,0.9143330535659477,0.8421855860760405,0.9311639784857004,0.8980997690610046,0.9412383261584598,0.9143330535659477,0.9643816338577155,0.9463537277375134,0.06883602151429953,0.5,2.25
HistoKit (no postprocessing),gaussian,3e1fffa8-5bae-87b0-bc39-e4a1bc285608_122517_3.png,10428745,493411,15319,1682949,0.924708005822726,0.8599599093362892,0.9985332338063038,0.8610475958193792,0.8654349489367393,0.9247080058227259,0.9698877597153697,0.22671387086695216,0.001466766193696247,0.5,2.25
HistoKit (no postprocessing),gaussian,c74350c8-f970-c60d-af8a-f9c4d9c5bab2_124242_4.png,0,2722901,914477,1278,0.0,0.0,0.0,0.0,0.7483260302705175,,0.7485889561106929,0.9995308678321064,1.0,0.5,2.25
HistoKit (no postprocessing),gaussian,0504f20c-cba2-27c1-e181-78505aa24ca7_112258_4.png,9948890,1326700,449005,128765,0.9717824429624601,0.9451136447838155,0.9568177020445003,0.9872227219526765,0.9512568588147158,0.9717824429624601,0.7471398683903013,0.9115299921330984,0.043182297955499646,0.5,2.25
HistoKit (no postprocessing),gaussian,5fe08b37-e6eb-942a-a4ce-507361c4911e_102333_2.png,9055147,70808,12176,133279,0.9920323729253727,0.9841907083906032,0.9986571560316093,0.9854949041326556,0.984311447773316,0.9920323729253727,0.8532729200809794,0.3469500752130219,0.0013428439683906706,0.5,2.25
HistoKit (no postprocessing),gaussian,c74350c8-f970-c60d-af8a-f9c4d9c5bab2_124242_5.png,0,5543456,5557408,1850,0.0,0.0,0.0,0.0,0.4992883721944022,,0.4993715804463508,0.999666384506103,1.0,0.5,2.25
HistoKit (no postprocessing),gaussian,7e6be544-b3c1-c3b1-a8a1-838402bd2649_124526_4.png,4614292,475281,17313,76474,0.989939576530477,0.9800795611118674,0.9962619869354143,0.9836969057932116,0.9819061381034696,0.9899395765304769,0.964853408689509,0.8613986280142455,0.0037380130645856026,0.5,2.25
HistoKit (no postprocessing),gaussian,cbd7b0be-5303-525e-8ff2-6d1502e77bdd_110516_4.png,3244834,341310,927,73399,0.9886767111609182,0.9776069848997939,0.9997143967162092,0.9778800946166227,0.9796949572049491,0.988676711160918,0.997291350730634,0.8230108341029493,0.00028560328379076584,0.5,2.25
HistoKit (no postprocessing),gaussian,24aa9d72-799e-9634-ead4-94165f32d151_102546_6.png,8290970,118297,2870,33187,0.9978302439216953,0.9956698831407657,0.9996539600474569,0.9960131698621254,0.9957305368035614,0.9978302439216952,0.9763136827684106,0.7809207573077025,0.0003460399525430922,0.5,2.25
HistoKit (no postprocessing),gaussian,0f3058e5-e9f7-bd55-4b60-07a71af55b96_123333_3.png,30528581,1533726,99866,600656,0.9886569256709821,0.9775682958296945,0.996739436380826,0.9807044419366913,0.9786183909820486,0.9886569256709822,0.9388672324546153,0.7185808351082421,0.0032605636191740312,0.5,2.25
HistoKit (no postprocessing),gaussian,84acf623-2a5d-c4c6-c1db-583a94b80fc7_105804_1.png,45371851,3740574,50681,805054,0.9906578574276609,0.9814886505213575,0.9988842321691799,0.982565873568183,0.9828743944143631,0.9906578574276608,0.9866321310489534,0.8228948783314429,0.0011157678308201754,0.5,2.25
HistoKit (no postprocessing),gaussian,66e65946-ef0a-6028-f7a7-e909aade97a4_112429_3.png,4704244,168729,13619,3846,0.9981471369526244,0.9963011274095883,0.9971133116837009,0.9991831082243543,0.9964287452371342,0.9981471369526245,0.9253131375172746,0.9777140373750544,0.002886688316299138,0.5,2.25
HistoKit (no postprocessing),gaussian,def4a0a8-b472-78ea-531c-84458df3a3e9_124843_6.png,16586578,7855440,2126661,13820,0.9393865604950291,0.885701166424477,0.8863552696569524,0.9991674898397014,0.9194778113224042,0.9393865604950291,0.7869525663985969,0.9982437992898952,0.1136447303430475,0.5,2.25
HistoKit (no postprocessing),gaussian,1875292b-dccd-c5b5-17ad-67c30baa6d69_130951_4.png,3885560,150065,3014,171996,0.9779754421334662,0.9569001396355684,0.999224908668319,0.9576109362384647,0.9584361978656426,0.9779754421334662,0.9803108199034486,0.46595210224150085,0.000775091331680971,0.5,2.25
HistoKit (no postprocessing),gaussian,9e7010fd-072a-6a7f-3911-83d91e8c9301_113642_6.png,6896696,1650496,27777,989831,0.9312937681452974,0.8714216689174437,0.9959885755926841,0.8744908880677135,0.8936090665774507,0.9312937681452973,0.9834490574537039,0.6251104503343715,0.004011424407315907,0.5,2.25
HistoKit (no postprocessing),gaussian,b91bdd22-8eea-af27-bee7-880d6f1d7c1e_121440_4.png,6392401,257375,18384,314031,0.9746581153609032,0.9505689077589632,0.9971323324678647,0.9531746538248654,0.9523910188077066,0.9746581153609032,0.9333330915763403,0.4504240417496491,0.0028676675321353,0.5,2.25
HistoKit (no postprocessing),gaussian,859ead5f-592a-5c4e-67de-d71b0ee92f6d_113334_2.png,12736067,604651,35427,272599,0.9880518196939041,0.9763857862712264,0.9972260880363722,0.9790448152024197,0.9774319160796041,0.9880518196939041,0.9446520580304275,0.6892573382730123,0.002773911963627748,0.5,2.25
HistoKit (no postprocessing),gaussian,35ce6eab-4a33-9fbb-2efe-2acf7936ba3e_104917_2.png,7242127,4511452,878812,157909,0.9332051626911325,0.8747747271117914,0.8917844352728176,0.9786610497570553,0.9189447471912309,0.9332051626911324,0.8369630875222438,0.9661818822746838,0.10821556472718241,0.5,2.25
HistoKit (no postprocessing),gaussian,969ce636-2f0f-f223-bb1c-2b4624598a38_125938_4.png,15291480,764895,76346,4217299,0.8768903968720579,0.7807700997568308,0.9950320884684665,0.783825579243068,0.7890102810709768,0.8768903968720579,0.9092459830179461,0.15352573585051085,0.004967911531533478,0.5,2.25
HistoKit (no postprocessing),gaussian,d9d9ce51-54c1-b32b-5fae-fd9ffdaa32e5_111717_3.png,10685772,732912,29097,1236969,0.944072452878197,0.8940693473254908,0.9972844278357487,0.8962512898669861,0.9001899130846095,0.944072452878197,0.9618154116289965,0.37205902285468007,0.002715572164251378,0.5,2.25
HistoKit (no postprocessing),gaussian,6b809376-ab46-9021-2fa3-0d0025b512da_132412_1.png,3742122,439573,7445,77573,0.988767993497913,0.9777855003997763,0.9980144374003719,0.9796913104318539,0.9800741226325745,0.9887679934979131,0.9833451896791628,0.8499978729411036,0.00198556259962817,0.5,2.25
HistoKit (no postprocessing),gaussian,c38dfb82-e376-0eab-4312-72ca49852e8b_104329_5.png,2615174,527641,2511,76752,0.9850717877449026,0.9705827228471106,0.9990407554766902,0.9714880721089658,0.9754000368706158,0.9850717877449026,0.9952636225082618,0.873009780060325,0.0009592445233097183,0.5,2.25
HistoKit (no postprocessing),gaussian,cbd7b0be-5303-525e-8ff2-6d1502e77bdd_110516_2.png,9595671,749736,30289,39404,0.9963816586180337,0.9927894076208614,0.9968534047513183,0.9959103587673163,0.9933084655932253,0.9963816586180338,0.9611691932950867,0.9500671617203538,0.00314659524868169,0.5,2.25
HistoKit (no postprocessing),gaussian,7e6be544-b3c1-c3b1-a8a1-838402bd2649_124526_3.png,50305479,508373,40734,51854,0.9990805884829518,0.9981628660480173,0.9991909222646002,0.9989702790654144,0.9981812124359905,0.9990805884829518,0.9258177367981104,0.9074410908435331,0.00080907773539988,0.5,2.25
HistoKit (no postprocessing),gaussian,e3dca99c-de77-4ab1-72a1-8daf3d4d032c_120923_2.png,9156944,1283553,23991,165208,0.989774733264779,0.9797564621042071,0.9973868674595779,0.9822779117954739,0.9822009020765975,0.989774733264779,0.981651860281566,0.8859660081959688,0.002613132540422081,0.5,2.25
HistoKit (no postprocessing),gaussian,b0f43f79-08e2-79bc-61fa-379c7ef1dd21_131900_4.png,12968387,196070,11668,564207,0.9782792356961388,0.9574819949584554,0.9991010823914074,0.9583075499050663,0.958088712849151,0.9782792356961388,0.9438330974592997,0.25789284694920406,0.0008989176085925676,0.5,2.25
HistoKit (no postprocessing),gaussian,7ea29210-064a-9e70-4612-3ab81fa629dc_120503_4.png,2790256,176016,5167,496168,0.9175686267674935,0.8476921950509647,0.9981516214182969,0.849024958435065,0.8554233510314173,0.9175686267674935,0.9714818719195509,0.26185687252299966,0.0018483785817030197,0.5,2.25
HistoKit (no postprocessing),gaussian,24aa9d72-799e-9634-ead4-94165f32d151_102546_7.png,10990345,591984,16903,67288,0.9961843891204308,0.9923977853338506,0.9984643754733245,0.9939147917099437,0.9927835378501901,0.9961843891204307,0.9722395124218451,0.8979359050589135,0.0015356245266755142,0.5,2.25
HistoKit (no postprocessing),gaussian,19a1c0fb-3d0a-327d-ea5a-6aae35f53e51_121144_3.png,24686223,1520976,39515,166082,0.9958530634216441,0.9917403789678698,0.9984018677218047,0.9933172395880382,0.9922160077259522,0.9958530634216441,0.9746778417818495,0.9015552518052136,0.001598132278195296,0.5,2.25
HistoKit (no postprocessing),gaussian,859ead5f-592a-5c4e-67de-d71b0ee92f6d_113334_1.png,20281250,373329,8429,318632,0.9920013570211722,0.9841296552638399,0.9995845671092184,0.9845323385832987,0.9844120383344677,0.9920013570211722,0.9779205674799218,0.5395231812197508,0.00041543289078156437,0.5,2.25
HistoKit (no postprocessing),gaussian,7ea29210-064a-9e70-4612-3ab81fa629dc_120503_1.png,8696705,156310,4823,1089682,0.940798894845633,0.8882155525210877,0.9994457295316409,0.88865328951328,0.8899720734414206,0.940798894845633,0.9700682045266953,0.12545024366127552,0.0005542704683591204,0.5,2.25
HistoKit (no postprocessing),gaussian,5fe08b37-e6eb-942a-a4ce-507361c4911e_102333_3.png,13326438,1659176,23526,1849855,0.9343278369819076,0.876749782349382,0.9982377480568487,0.8781089031425526,0.8888794379498897,0.9343278369819076,0.986018914816765,0.4728302485785962,0.0017622519431513073,0.5,2.25
HistoKit (no postprocessing),gaussian,f761dbde-597d-9a8f-e1a1-2533f0d71b83_120113_5.png,3493648,654071,543922,30566,0.9240274517230326,0.8587834821648047,0.8652848123995374,0.9913268604006453,0.8783433254831904,0.9240274517230325,0.5459723053473601,0.9553544433035317,0.13471518760046267,0.5,2.25
HistoKit (no postprocessing),gaussian,969ce636-2f0f-f223-bb1c-2b4624598a38_125938_2.png,4398957,329641,5435,1392471,0.8628942056646743,0.7588512959509307,0.9987660044791653,0.759563444456186,0.7718264772209403,0.8628942056646743,0.9837797992097316,0.19141670228184926,0.0012339955208346578,0.5,2.25
HistoKit (no postprocessing),gaussian,04e13be9-17d6-1bd0-76ee-d5d53a64912e_105258_1.png,14203641,263455,47713,694649,0.9745327249965728,0.9503303993716581,0.9966520374134276,0.9533739106971337,0.9511907656406954,0.9745327249965728,0.8466648241464418,0.2749753680185032,0.003347962586572476,0.5,2.25
HistoKit (no postprocessing),gaussian,a40a1d35-8d5f-0529-214c-05d84888ba26_111152_2.png,2762998,3931382,413,119287,0.9787980082526583,0.958476399539598,0.999850547023226,0.9586137387524134,0.9824334319526628,0.9787980082526583,0.9998949589182549,0.970551284244652,0.00014945297677399416,0.5,2.25
HistoKit (no postprocessing),gaussian,8e6bc805-8b70-bd59-8612-caf5bbe72e5e_125634_1.png,64593601,1025748,144975,88034,0.9981995934159,0.9964056581086069,0.9977606087597601,0.9986389645221553,0.9964616453066115,0.9981995934159,0.876166266486607,0.9209593977995694,0.0022393912402398223,0.5,2.25
HistoKit (no postprocessing),gaussian,969ce636-2f0f-f223-bb1c-2b4624598a38_125938_5.png,12787247,272254,8575,1600709,0.9407998402576713,0.8882172378887664,0.9993298593869155,0.8887466016715647,0.8902919362442083,0.9407998402576714,0.9694654042139522,0.1453600524943632,0.0006701406130844896,0.5,2.25
HistoKit (no postprocessing),gaussian,9e7010fd-072a-6a7f-3911-83d91e8c9301_113642_2.png,2590904,922789,9385,445278,0.9193355203992002,0.8507131841131716,0.9963907857934252,0.8533427837988632,0.8854278698786097,0.9193355203992001,0.9899321371331962,0.6745203268553368,0.0036092142065747308,0.5,2.25
HistoKit (no postprocessing),gaussian,40f80889-968b-7602-00a3-4e00b00e88fe_110004_1.png,9304548,902474,90278,2347475,0.8841749185353114,0.7923956301239425,0.990390668225255,0.7985349840109309,0.8072126233958296,0.8841749185353114,0.9090628878108531,0.27768866526828573,0.00960933177474495,0.5,2.25
HistoKit (no postprocessing),gaussian,2125a939-8f92-6ca7-9a29-e1755d6267ed_103351_3.png,10206510,2427940,413568,716878,0.9475271991981234,0.9002866377888386,0.9610579131339714,0.9343721929496599,0.9178747155082029,0.9475271991981234,0.854454747268,0.7720446779432069,0.038942086866028666,0.5,2.25
HistoKit (no postprocessing),gaussian,f9a50b4c-7c73-18cd-0877-8296eed330e2_114604_2.png,8558877,1664939,32073,2221077,0.8836837971010543,0.7916070686837907,0.9962666526984792,0.7939622933455931,0.819415232837855,0.8836837971010543,0.9811003104279757,0.42844368113769987,0.0037333473015207863,0.5,2.25
HistoKit (no postprocessing),gaussian,c0272a60-2518-4785-1810-6431c15f4b4b_130712_2.png,17010534,1508308,72131,282666,0.9896788924438702,0.9795686589561696,0.9957775323698029,0.9836545000346957,0.9812014524596979,0.9896788924438701,0.9543601493002893,0.8421719131601018,0.0042224676301970444,0.5,2.25
HistoKit (no postprocessing),gaussian,c38dfb82-e376-0eab-4312-72ca49852e8b_104329_2.png,5766161,752343,15623,61364,0.993368511424754,0.9868243967121832,0.9972978928303098,0.9894699722437913,0.9883273284733464,0.993368511424754,0.979656651466341,0.9245871056780881,0.0027021071696901855,0.5,2.25
HistoKit (no postprocessing),gaussian,0f3058e5-e9f7-bd55-4b60-07a71af55b96_123333_2.png,15230083,836646,38538,94961,0.9956363841991471,0.9913106852295253,0.9974759999609657,0.9938035414449707,0.9917594369659489,0.995636384199147,0.9559658311852136,0.898067532768646,0.002524000039034304,0.5,2.25
HistoKit (no postprocessing),gaussian,7d4546a5-f4cc-3733-763f-d1c5a5904dff_120251_3.png,2814940,450564,10163,231913,0.9587742142481994,0.9208129757907711,0.9964026090376173,0.9238844145090033,0.9309848955690248,0.9587742142481993,0.9779413839432028,0.6601892811039786,0.0035973909623826105,0.5,2.25
HistoKit (no postprocessing),gaussian,0502ebf6-5b9d-c3a6-85fe-a3909acf1f7b_112628_1.png,7696299,2945046,387819,66015,0.9713604930119285,0.9443157553379804,0.9520270485908295,0.9914954483933528,0.959096288577228,0.9713604930119284,0.8836379511321341,0.9780758343985725,0.047972951409170426,0.5,2.25
HistoKit (no postprocessing),gaussian,c38dfb82-e376-0eab-4312-72ca49852e8b_104329_4.png,5026196,146068,5736,27620,0.9966927589307208,0.9934073214387361,0.9988600799851827,0.9945348227952897,0.9935923098497393,0.9966927589307208,0.9622144344022555,0.8409792271198931,0.0011399200148173704,0.5,2.25
HistoKit (no postprocessing),gaussian,7ea29210-064a-9e70-4612-3ab81fa629dc_120503_3.png,3773534,234418,4231,672890,0.9176671401885341,0.8478603711139147,0.9988800256236161,0.8486671536497644,0.8554726895397361,0.917667140188534,0.9822710340290552,0.25836650839626674,0.00111997437638392,0.5,2.25
HistoKit (no postprocessing),gaussian,5fe08b37-e6eb-942a-a4ce-507361c4911e_102333_4.png,5329265,516255,12433,1966247,0.8434243001421992,0.7292426256628916,0.9976724629509194,0.7304853997909948,0.7471076915211778,0.843424300142199,0.9764832944950519,0.20795753638869174,0.002327537049080648,0.5,2.25
HistoKit (no postprocessing),gaussian,228e0715-eef2-126e-c558-f7684e2bcfa8_110725_12.png,2014569,6102791,465847,331161,0.8348562186059021,0.7165263480246139,0.8121899713596429,0.858823905564579,0.9105928765785751,0.834856218605902,0.9290801228504296,0.948529146627143,0.1878100286403571,0.5,2.25
HistoKit (no postprocessing),gaussian,be2180cd-04c9-2627-2456-4397fd5e59ee_103647_6.png,3751710,359981,10396,86640,0.9872328712908804,0.9747876321274513,0.9972366541506273,0.9774278010082458,0.9769440973482005,0.9872328712908806,0.9719313024296865,0.8060100174420818,0.002763345849372665,0.5,2.25
HistoKit (no postprocessing),gaussian,9e7010fd-072a-6a7f-3911-83d91e8c9301_113642_4.png,6787392,217717,44933,1060838,0.924677847669928,0.8599077454754197,0.9934234685849985,0.8648309236604942,0.8636681839701734,0.9246778476699281,0.8289244241385875,0.17028364051605133,0.006576531415001482,0.5,2.25
HistoKit (no postprocessing),gaussian,6f1702fd-ae84-1c96-04ae-a23a14a5d2d4_111419_1.png,2930392,787330,1033,73867,0.9873814037270178,0.9750772969814581,0.999647611656447,0.9754125726177404,0.9802511296933889,0.9873814037270178,0.9986896899017331,0.9142275228548172,0.00035238834355305013,0.5,2.25
HistoKit (no postprocessing),gaussian,228e0715-eef2-126e-c558-f7684e2bcfa8_110725_1.png,7770351,562128,19263,2213857,0.874359043316626,0.7767654847002605,0.9975270918430618,0.7782641347215523,0.7886423666088407,0.874359043316626,0.9668673921680934,0.20249677141627206,0.0024729081569382,0.5,2.25
HistoKit (no postprocessing),gaussian,7e6be544-b3c1-c3b1-a8a1-838402bd2649_124526_2.png,49841099,1369889,78933,103274,0.9981754560095761,0.9963575578151512,0.9984188111097365,0.9979322195114954,0.9964546473516581,0.9981754560095762,0.945519187312175,0.9298964201517416,0.0015811888902635318,0.5,2.25
HistoKit (no postprocessing),gaussian,deaaef3a-8172-327d-10b9-23d266fb17ca_123636_5.png,2295695,163279,436,528986,0.896613662052034,0.812601743573806,0.9998101153636269,0.8127271716700045,0.8228407480133155,0.8966136620520339,0.9973368353541215,0.2358619892671159,0.0001898846363730989,0.5,2.25
HistoKit (no postprocessing),gaussian,0f3058e5-e9f7-bd55-4b60-07a71af55b96_123333_1.png,18632213,802873,34900,267014,0.9919631776744819,0.9840545064475378,0.9981304018462844,0.9858716972921697,0.984703146374829,0.991963177674482,0.958341937493808,0.7504278489223628,0.0018695981537155747,0.5,2.25
HistoKit (no postprocessing),gaussian,f761dbde-597d-9a8f-e1a1-2533f0d71b83_120113_2.png,3064349,463093,22296,42366,0.9895594636836871,0.9793346843459483,0.9927766231620416,0.9863630876987429,0.9819988508127827,0.9895594636836872,0.9540657081227634,0.9161831127747255,0.007223376837958366,0.5,2.25
HistoKit (no postprocessing),gaussian,9e7010fd-072a-6a7f-3911-83d91e8c9301_113642_7.png,2951031,3213140,396130,373444,0.8846498819779737,0.7931589082958282,0.8816519432438416,0.8876682784499809,0.8890103400110618,0.8846498819779736,0.8902465041407265,0.8958775258017099,0.11834805675615843,0.5,2.25
HistoKit (no postprocessing),gaussian,3e1fffa8-5bae-87b0-bc39-e4a1bc285608_122517_5.png,5059884,1780808,215970,593253,0.9259562936779799,0.862121614071783,0.9590644471966056,0.8950577352008274,0.894218040331167,0.92595629367798,0.8918407554570413,0.7501104647268962,0.04093555280339448,0.5,2.25
HistoKit (no postprocessing),gaussian,7e3642ed-4a56-9d3f-3ecf-de46d455c0fd_113100_2.png,2186659,1256541,555,139137,0.9690468224089909,0.9399523115815284,0.9997462525386176,0.9401766105023829,0.9610113840997719,0.9690468224089909,0.9995585062715974,0.9003086671854109,0.0002537474613823796,0.5,2.25
HistoKit (no postprocessing),gaussian,8e6bc805-8b70-bd59-8612-caf5bbe72e5e_125634_3.png,31230114,393288,25756,85727,0.9982183162611615,0.9964429700247884,0.99917596278715,0.9972625036638805,0.9964870520249246,0.9982183162611615,0.9385362873588454,0.8210348318946171,0.0008240372128499383,0.5,2.25
HistoKit (no postprocessing),gaussian,54b22c23-34e4-1c55-9de2-c8e205e762bc_131621_2.png,20974298,1717481,76808,328248,0.9904363382879002,0.9810538709448378,0.9963513556009836,0.9845911376039277,0.9824627053879893,0.9904363382879001,0.957193072019056,0.8395447295316242,0.0036486443990163746,0.5,2.25
HistoKit (no postprocessing),gaussian,7d4546a5-f4cc-3733-763f-d1c5a5904dff_120251_1.png,6388541,932056,29268,383751,0.9686871995900562,0.9392758426008151,0.9954395651226142,0.9433351367601988,0.946594322759237,0.9686871995900562,0.9695544894333232,0.7083531247363785,0.004560434877385724,0.5,2.25
HistoKit (no postprocessing),gaussian,1875292b-dccd-c5b5-17ad-67c30baa6d69_130951_1.png,10149278,347822,8223,1775358,0.9192296923074067,0.8505319638822515,0.9991904504858036,0.8511184743920066,0.854765301696217,0.9192296923074067,0.976904604755017,0.1638212492581882,0.0008095495141964544,0.5,2.25
HistoKit (no postprocessing),gaussian,be2180cd-04c9-2627-2456-4397fd5e59ee_103647_1.png,28912369,455483,8643,50165,0.9989840290710593,0.9979701204407401,0.9997011515364677,0.9982679347048846,0.9980015401000317,0.9989840290710593,0.9813779016904892,0.9007906686074106,0.0002988484635323273,0.5,2.25
HistoKit (no postprocessing),gaussian,f761dbde-597d-9a8f-e1a1-2533f0d71b83_120113_3.png,10030689,14707433,405337,98681,0.9754919380108217,0.9521564292201008,0.9611598322963166,0.9902579331192365,0.9800326755180029,0.9754919380108217,0.9731791723158627,0.9933351181815836,0.03884016770368338,0.5,2.25
HistoKit (no postprocessing),gaussian,f9a50b4c-7c73-18cd-0877-8296eed330e2_114604_5.png,4883571,3214405,419519,1147945,0.8617098821079444,0.7570213151843076,0.9208915933917773,0.8096755442578616,0.8378279726530815,0.8617098821079444,0.884554822830637,0.7368516969064839,0.07910840660822276,0.5,2.25
HistoKit (no postprocessing),gaussian,1c7a4a4c-ace6-25f8-ee0c-f8914aeab226_121941_3.png,7004712,3782474,615299,132743,0.9493109453885917,0.9035127388280345,0.9192522163025749,0.9814019142677607,0.9351515201953529,0.9493109453885917,0.860088503885944,0.9660956212644153,0.08074778369742511,0.5,2.25
HistoKit (no postprocessing),gaussian,6f1702fd-ae84-1c96-04ae-a23a14a5d2d4_111419_2.png,6374923,565728,14471,243914,0.9801368072261324,0.9610473386732532,0.9977351529738188,0.9631485108335498,0.9641083889565214,0.9801368072261324,0.9750585574949284,0.6987384547738383,0.0022648470261811995,0.5,2.25
HistoKit (no postprocessing),gaussian,54b22c23-34e4-1c55-9de2-c8e205e762bc_131621_1.png,26126852,1339655,133254,165487,0.9943153739088638,0.9886950124449431,0.9949256107343969,0.9937058852010086,0.9892404706775895,0.9943153739088638,0.9095300524336534,0.8900522342742412,0.005074389265603117,0.5,2.25
HistoKit (no postprocessing),gaussian,9601a588-d18f-b3b2-00f0-b816a7730c15_114312_2.png,5462035,423569,19118,51758,0.9935537655209948,0.9871901066183787,0.9965120477388608,0.9906129954461476,0.98810102610938,0.993553765520995,0.9568137306945991,0.891110751125015,0.0034879522611392165,0.5,2.25
HistoKit (no postprocessing),gaussian,9601a588-d18f-b3b2-00f0-b816a7730c15_114312_1.png,9486560,1021418,339477,72443,0.9787506241926764,0.9583855298995402,0.9654512801040745,0.9924214899817481,0.9622780359303722,0.9787506241926763,0.7505487197763236,0.9337731210821119,0.034548719895925485,0.5,2.25
HistoKit (no postprocessing),constant,2125a939-8f92-6ca7-9a29-e1755d6267ed_103351_7.png,909880,336709,8659,1457202,0.5538557246864444,0.3829878762036771,0.9905730731084907,0.3843888804866076,0.4595804530959096,0.5538557246864443,0.9749281925366565,0.18769548768026953,0.009426926891509233,0.75,
HistoKit (no postprocessing),constant,228e0715-eef2-126e-c558-f7684e2bcfa8_110725_2.png,2761243,183154,63155,732954,0.8740053761951826,0.7762074149535947,0.977639482820764,0.7902367840164707,0.7871654262818988,0.8740053761951825,0.7435944281370149,0.19992620957354373,0.02236051717923607,0.75,
HistoKit (no postprocessing),constant,39bcf904-a619-148a-5bca-38122a540be1_104536_1.png,1657522,912148,1548,348098,0.9045905656412957,0.8258013280403036,0.9990669471450873,0.8264387072326762,0.8802301635040537,0.9045905656412957,0.998305782229538,0.7237856735907117,0.000933052854912692,0.75,
HistoKit (no postprocessing),constant,be2180cd-04c9-2627-2456-4397fd5e59ee_103647_4.png,4400283,437798,26803,447240,0.9488880878967513,0.9027469644008218,0.9939456789409558,0.9077384470377964,0.9107620605241896,0.9488880878967512,0.9423096377321616,0.4946657657637299,0.006054321059044256,0.75,
HistoKit (no postprocessing),constant,9e7010fd-072a-6a7f-3911-83d91e8c9301_113642_3.png,3209664,270834,3817,560011,0.9192588565972176,0.8505819013264106,0.9988121915144356,0.8514431615457566,0.86058789523891,0.9192588565972176,0.9861023626347619,0.3259741588382911,0.0011878084855644082,0.75,
HistoKit (no postprocessing),constant,c74350c8-f970-c60d-af8a-f9c4d9c5bab2_124242_3.png,304711,1906227,1521109,21957,0.28312445876585607,0.16490680423016413,0.16688994533962823,0.9327849682246195,0.5889546201868725,0.28312445876585607,0.5561832863775247,0.9886126012870141,0.8331100546603718,0.75,
HistoKit (no postprocessing),gaussian,be2180cd-04c9-2627-2456-4397fd5e59ee_103647_3.png,21837896,1445490,45073,240240,0.9935098765147055,0.9871034532106079,0.9979402703536252,0.9891186466103842,0.9878944102939241,0.9935098765147055,0.9697610902726017,0.8574860742823583,0.0020597296463747677,0.5,2.25
HistoKit (no postprocessing),gaussian,332605c9-e7e2-297a-c808-98d567218fe3_115336_3.png,9073918,268133,28848,166677,0.9893408301782863,0.9789064995598981,0.9968308533911561,0.9819625251404266,0.9794995080511023,0.9893408301782864,0.9028624726834377,0.6166670499758515,0.003169146608843949,0.5,2.25
HistoKit (no postprocessing),constant,332605c9-e7e2-297a-c808-98d567218fe3_115336_2.png,5436118,468058,13810,191870,0.9814333309622496,0.963543537007174,0.9974660215694593,0.9659078875079335,0.9663363588274421,0.9814333309622497,0.97134069911262,0.7092561612782,0.002533978430540734,0.75,
HistoKit (no postprocessing),gaussian,10fd35f3-17d4-d309-f849-cc9e883460c1_123055_2.png,4871147,3690949,3616592,98802,0.723920334607252,0.5673002667779726,0.5739039572258289,0.9801201179327997,0.697381630935965,0.7239203346072519,0.5050876895524774,0.9739291578787103,0.42609604277417107,0.5,2.25
HistoKit (no postprocessing),constant,0502ebf6-5b9d-c3a6-85fe-a3909acf1f7b_112628_8.png,4020004,94808,608,43545,0.9945383324255912,0.9891360004054961,0.9998487792405734,0.9892839978058589,0.9893836567511388,0.9945383324255912,0.9936279030770521,0.685261613409178,0.00015122075942667436,0.75,
HistoKit (no postprocessing),gaussian,7e6be544-b3c1-c3b1-a8a1-838402bd2649_124526_1.png,51756765,2598656,148928,269221,0.9959766934968884,0.9919856312556644,0.9971307964234289,0.9948252590541965,0.9923658618563661,0.9959766934968884,0.9457967436118423,0.9061253324323184,0.002869203576571071,0.5,2.25
HistoKit (no postprocessing),constant,3e1fffa8-5bae-87b0-bc39-e4a1bc285608_122517_10.png,3609691,1729873,277977,1620339,0.7917987632404583,0.6553533791805275,0.92849775238009,0.690185524748424,0.7377248586602707,0.7917987632404583,0.8615548970291605,0.5163473236917544,0.07150224761990993,0.75,
HistoKit (no postprocessing),gaussian,969ce636-2f0f-f223-bb1c-2b4624598a38_125938_1.png,21764015,768802,146446,2443487,0.9438411232516927,0.8936544908447698,0.9933161607142816,0.8990607539761848,0.8969088575096277,0.9438411232516926,0.839993094767757,0.23933151718291848,0.006683839285718361,0.5,2.25
HistoKit (no postprocessing),constant,b91bdd22-8eea-af27-bee7-880d6f1d7c1e_121440_5.png,3572894,760883,350733,4427630,0.599270170262017,0.42782709237663263,0.9106100044678049,0.44658249884632556,0.47560474268393593,0.5992701702620169,0.6844836706200702,0.14664760404377902,0.08938999553219508,0.75,
HistoKit (no postprocessing),constant,def4a0a8-b472-78ea-531c-84458df3a3e9_124843_7.png,11429218,164799,60282,327707,0.9833097347226509,0.9671674533584798,0.9947532964880978,0.9721264701441916,0.9676190280659182,0.9833097347226509,0.7321764164900636,0.33461318237747356,0.005246703511902172,0.75,
HistoKit (no postprocessing),constant,d9d9ce51-54c1-b32b-5fae-fd9ffdaa32e5_111717_1.png,7475186,299662,8038,573124,0.9625818029307344,0.9278628480299014,0.9989258640393499,0.9287895222723777,0.9304498199499522,0.9625818029307343,0.9738771530711732,0.34333960443911793,0.0010741359606501156,0.75,
HistoKit (no postprocessing),constant,04e13be9-17d6-1bd0-76ee-d5d53a64912e_105258_2.png,3280323,117335,5037,889657,0.8799928641752086,0.785702908515103,0.9984668346847834,0.7866519743499969,0.791560897149162,0.8799928641752086,0.9588386232144608,0.11652029013140124,0.0015331653152165974,0.75,
HistoKit (no postprocessing),constant,cd7afea3-2dfd-f8a4-f2e6-1e02af01c417_132555_3.png,0,3999985,2765,106110,0.0,0.0,0.0,0.0,0.9735023826560165,,0.9993092249078759,0.9741579286402288,1.0,0.75,
HistoKit (no postprocessing),constant,0504f20c-cba2-27c1-e181-78505aa24ca7_112258_3.png,3523613,2212446,2653874,58289,0.7220970493132306,0.5650640754254161,0.5703958583806004,0.9837268021291481,0.6789664144715895,0.7220970493132306,0.45464457742195336,0.9743303379742683,0.4296041416193996,0.75,
HistoKit (no postprocessing),gaussian,def4a0a8-b472-78ea-531c-84458df3a3e9_124843_8.png,29536551,640731,182029,1732209,0.9686125349949678,0.9391354538037185,0.9938749092318677,0.9446025681862664,0.9403506596135054,0.9686125349949678,0.7787580825514123,0.2700156767554173,0.00612509076813226,0.5,2.25
HistoKit (no postprocessing),constant,b0f43f79-08e2-79bc-61fa-379c7ef1dd21_131900_10.png,5075436,181350,5042,349252,0.9662743073265097,0.9347492416750004,0.9990075736968057,0.9356180484481319,0.9368581449560512,0.9662743073265095,0.972949482810421,0.34178159901395017,0.0009924263031943056,0.75,
HistoKit (no postprocessing),constant,d9d9ce51-54c1-b32b-5fae-fd9ffdaa32e5_111717_2.png,6735070,750472,6125,1645838,0.8907583819525631,0.8030336830676593,0.9990914073840024,0.8036205623543415,0.8192107145221809,0.8907583819525631,0.9919045409907784,0.3131781781155193,0.0009085926159976088,0.75,
HistoKit (no postprocessing),constant,19a1c0fb-3d0a-327d-ea5a-6aae35f53e51_121144_1.png,6536773,59594,4183,20598,0.9981080789935998,0.9962233031992116,0.9993604910352554,0.996858802102245,0.9962572955626426,0.9981080789935997,0.9344120921335277,0.7431414604948124,0.0006395089647446031,0.75,
HistoKit (no postprocessing),constant,be2180cd-04c9-2627-2456-4397fd5e59ee_103647_5.png,4979582,479889,16117,94548,0.9890102403923642,0.9782594047007935,0.9967738248441309,0.9813666579295367,0.9801324420085973,0.9890102403923642,0.9675064414543373,0.8354075381634539,0.0032261751558690785,0.75,
HistoKit (no postprocessing),constant,c0272a60-2518-4785-1810-6431c15f4b4b_130712_1.png,8109114,224261,49277,16298,0.9959729923040705,0.9919782881036819,0.9939599609775996,0.9979941940174849,0.9921924764405075,0.9959729923040705,0.8198531831043584,0.9322494689452484,0.006040039022400373,0.75,
HistoKit (no postprocessing),constant,6f1702fd-ae84-1c96-04ae-a23a14a5d2d4_111419_5.png,2297683,936210,24433,237205,0.9461318129447701,0.8977705414834638,0.9894781311527934,0.9064238735596997,0.9251507138686511,0.9461318129447701,0.9745659938187236,0.7978507177767457,0.0105218688472066,0.75,
HistoKit (no postprocessing),constant,cbd7b0be-5303-525e-8ff2-6d1502e77bdd_110516_1.png,11666950,482461,18817,49332,0.9970879045676727,0.994192720487488,0.9983897505401229,0.9957894492467833,0.9944220449909802,0.9970879045676727,0.9624619472627963,0.9072345818767829,0.001610249459877131,0.75,
HistoKit (no postprocessing),constant,e398b039-2e70-a00a-855c-e3ff4eba631e_115619_4.png,4978347,186298,529,602170,0.942922950211248,0.8920096698719201,0.9998937511197307,0.8920942271119324,0.8954979969982716,0.942922950211248,0.9971685034818308,0.2362784539131582,0.000106248880269362,0.75,
HistoKit (no postprocessing),constant,2125a939-8f92-6ca7-9a29-e1755d6267ed_103351_8.png,6699564,209012,0,1466374,0.9013572498258048,0.8204279777779356,1.0,0.8204279777779356,0.8249095218478917,0.9013572498258048,1.0,0.1247545341789892,0.0,0.75,
HistoKit (no postprocessing),constant,deaaef3a-8172-327d-10b9-23d266fb17ca_123636_1.png,3652411,3743240,343097,77774,0.945523204196698,0.8966752117825381,0.9141293172232418,0.9791500957727298,0.9461562316334554,0.945523204196698,0.9160380066548598,0.9796457170792884,0.0858706827767583,0.75,
HistoKit (no postprocessing),constant,04e13be9-17d6-1bd0-76ee-d5d53a64912e_105258_4.png,8079531,378194,38836,650183,0.9591040071566608,0.9214215577261919,0.9952162793330235,0.9255206986162433,0.9246705712983768,0.9591040071566608,0.9068748051698918,0.36775812761273347,0.004783720666976499,0.75,
HistoKit (no postprocessing),constant,8e6bc805-8b70-bd59-8612-caf5bbe72e5e_125634_2.png,7187169,1488276,220531,49097,0.98158777478724,0.9638413114907111,0.970229490935108,0.993215147149096,0.96985737288002,0.9815877747872399,0.8709444659344209,0.9680643539336258,0.029770509064891936,0.75,
HistoKit (no postprocessing),constant,f4c75e72-7c5b-0601-d74f-78529d4dec70_114117_1.png,4377309,8416770,10355309,164038,0.45421987639803224,0.29384507502891927,0.29711684644236347,0.9638789988961425,0.5487858798616728,0.4542198763980323,0.44836642760772527,0.9808831522625842,0.7028831535576365,0.75,
HistoKit (no postprocessing),constant,0502ebf6-5b9d-c3a6-85fe-a3909acf1f7b_112628_7.png,5127573,886535,18299,106903,0.9879385546611732,0.9761645987121094,0.9964439457491364,0.9795771343683685,0.9796065030109247,0.9879385546611732,0.9797764009752065,0.892390868881601,0.003556054250863605,0.75,
HistoKit (no postprocessing),constant,7ea29210-064a-9e70-4612-3ab81fa629dc_120503_2.png,8494815,48839,20021,293030,0.9819073703086822,0.9644577926140112,0.9976486922355287,0.9666550786910784,0.9646537849008181,0.9819073703086821,0.7092506534998548,0.14285881434116576,0.00235130776447133,0.75,
HistoKit (no postprocessing),constant,24aa9d72-799e-9634-ead4-94165f32d151_102546_1.png,6281950,405951,23505,55802,0.9937273035235443,0.9875328099462103,0.9962722753552281,0.991195300794351,0.9882806912392821,0.9937273035235442,0.9452679669162848,0.8791518409192793,0.0037277246447718682,0.75,
HistoKit (no postprocessing),constant,9e7010fd-072a-6a7f-3911-83d91e8c9301_113642_1.png,8240369,273165,72652,56181,0.9922434480697906,0.9846062981870912,0.9912604575400447,0.993228390113963,0.9850928570841762,0.9922434480697906,0.7899120054826686,0.8294164799329581,0.008739542459955292,0.75,
HistoKit (no postprocessing),constant,b91bdd22-8eea-af27-bee7-880d6f1d7c1e_121440_6.png,5772516,406550,101653,527979,0.9482834187456837,0.9016530077092876,0.9826949139529353,0.9162003937785841,0.9075253447869182,0.9482834187456837,0.7999756003014543,0.43503197867588916,0.0173050860470647,0.75,
HistoKit (no postprocessing),constant,0502ebf6-5b9d-c3a6-85fe-a3909acf1f7b_112628_2.png,8347277,2877349,286503,339276,0.9638702673903556,0.9302602145801832,0.9668160411777923,0.9609423899215258,0.947193450350431,0.9638702673903555,0.9094448792168534,0.8945242295884662,0.033183958822207656,0.75,
HistoKit (no postprocessing),gaussian,e16fa7c2-3d43-e563-886f-5b0ebdd4e8c5_105048_1.png,42035294,449466,1001704,37149,0.9877939158359647,0.9758822153808409,0.9767245847398557,0.9991170229881825,0.9761312784395909,0.9877939158359647,0.30972663437088693,0.9236583335902099,0.023275415260144306,0.5,2.25
HistoKit (no postprocessing),constant,b1a83861-bd20-5668-5a83-92a470ead44d_110338_5.png,2711204,2333908,262,163334,0.9707132325719781,0.9430930847363295,0.9999033733043305,0.9431790430323064,0.9685918273783057,0.9707132325719781,0.9998877545337315,0.9345942443703894,9.662669566942753e-05,0.75,
HistoKit (no postprocessing),constant,d9d9ce51-54c1-b32b-5fae-fd9ffdaa32e5_111717_5.png,8912675,227104,4820,1151245,0.939094898878719,0.8851827537507175,0.9994594894642498,0.8856067019610648,0.8877153733098521,0.939094898878719,0.9792173298149394,0.16476523725123318,0.0005405105357502303,0.75,
HistoKit (no postprocessing),constant,59c3e1ff-f1eb-ac9b-3a83-925048a454e4_130514_4.png,1782406,1074152,203,67559,0.9813460097440547,0.9633752178180576,0.9998861219706621,0.9634809307203109,0.9768281173059036,0.9813460097440548,0.9998110494203499,0.9408265314076855,0.00011387802933789742,0.75,
HistoKit (no postprocessing),constant,40f80889-968b-7602-00a3-4e00b00e88fe_110004_3.png,21459033,8997906,134055,813263,0.9784039733927782,0.9577210050846744,0.9937917633642765,0.9634854439793724,0.9698347265467863,0.9784039733927783,0.9853202395411018,0.9171084505832078,0.006208236635723431,0.75,
HistoKit (no postprocessing),constant,e398b039-2e70-a00a-855c-e3ff4eba631e_115619_1.png,14686546,374256,2566,1544496,0.9499659024984157,0.9047000518923458,0.9998253127895002,0.9048430778504547,0.9068476235113678,0.9499659024984158,0.9931904188184342,0.19505178365937859,0.00017468721049985868,0.75,
HistoKit (no postprocessing),constant,6247d1f0-d194-53f2-2d84-7b4b827443da_115125_1.png,2665988,453361,247411,11600,0.9536734748265377,0.9114492004954532,0.9150782299300576,0.9956677427595284,0.9233323269278585,0.9536734748265377,0.6469450834222829,0.9750516710003635,0.08492177006994236,0.75,
HistoKit (no postprocessing),constant,2125a939-8f92-6ca7-9a29-e1755d6267ed_103351_5.png,4155116,952374,2759,37823,0.9951403539822585,0.9903277118610538,0.999336439888164,0.9909793583927646,0.9921170488680034,0.9951403539822584,0.9971113970515101,0.9618025504015868,0.0006635601118359739,0.75,
HistoKit (no postprocessing),constant,66e65946-ef0a-6028-f7a7-e909aade97a4_112429_4.png,9086791,974254,19999,44364,0.9964709291534765,0.992966679393659,0.9978039462862326,0.9951414689598413,0.9936434166405936,0.9964709291534765,0.9798854014018564,0.956446872134598,0.0021960537137674196,0.75,
HistoKit (no postprocessing),constant,0e99786b-efbd-e936-5e70-bad7ef5912da_122209_3.png,9735715,1758997,58167,189301,0.9874502114671926,0.9752115132017514,0.9940608841315425,0.980926882132986,0.9789248674436944,0.9874502114671926,0.9679902309312753,0.9028377589054651,0.005939115868457472,0.75,
HistoKit (no postprocessing),constant,0e99786b-efbd-e936-5e70-bad7ef5912da_122209_4.png,5242964,252597,12809,26117,0.9963015163915813,0.9926302895365106,0.9975628703903308,0.995043348166407,0.9929666471345944,0.9963015163915813,0.9517380918291222,0.9062946245972574,0.002437129609669215,0.75,
HistoKit (no postprocessing),constant,7e3642ed-4a56-9d3f-3ecf-de46d455c0fd_113100_1.png,569239,1942813,1715957,85191,0.38728668204730804,0.24014601835059002,0.24909854559521372,0.8698241217548095,0.5824102754335528,0.38728668204730804,0.5310016754264412,0.9579926864049578,0.7509014544047863,0.75,
HistoKit (no postprocessing),constant,228e0715-eef2-126e-c558-f7684e2bcfa8_110725_7.png,7326392,366056,1297,1907364,0.8847527495336307,0.7933243046899676,0.9998230001300547,0.7934357373099311,0.8012041109001053,0.8847527495336306,0.9964693360337332,0.16101556245656323,0.00017699986994535385,0.75,
HistoKit (no postprocessing),constant,0502ebf6-5b9d-c3a6-85fe-a3909acf1f7b_112628_5.png,2743861,843820,341,10466,0.9980345652446317,0.9960768412019162,0.9998757380105401,0.9962001606926121,0.9969967942091233,0.9980345652446319,0.9995960486210569,0.9877488335288183,0.00012426198945995957,0.75,
HistoKit (no postprocessing),constant,728c532f-2f31-cf1c-4143-7abb9ca2b76d_102101_5.png,4847097,1821003,597440,58172,0.936654658067987,0.8808565017703098,0.8902679878931854,0.9881409154115707,0.910480914596314,0.9366546580679869,0.7529650274990976,0.9690438623332047,0.10973201210681459,0.75,
HistoKit (no postprocessing),constant,59c3e1ff-f1eb-ac9b-3a83-925048a454e4_130514_1.png,4976589,708638,119388,86506,0.9797329913598407,0.9602711673149724,0.9765721077626528,0.9829144031466919,0.9650501152497122,0.9797329913598407,0.8558161217159848,0.8912071272624833,0.023427892237347224,0.75,
HistoKit (no postprocessing),constant,f761dbde-597d-9a8f-e1a1-2533f0d71b83_120113_1.png,9238417,904858,104313,132652,0.9873374187678301,0.9749915095771337,0.9888348480583299,0.985844517845296,0.977171529752684,0.9873374187678301,0.8966349607747349,0.8721438829505258,0.011165151941670155,0.75,
HistoKit (no postprocessing),constant,c0272a60-2518-4785-1810-6431c15f4b4b_130712_3.png,33265963,2115458,172730,327448,0.9925382321282948,0.9851869954579648,0.9948344272905643,0.9902526123351987,0.9860603202215152,0.9925382321282948,0.9245123215400133,0.86595963987153,0.005165572709435743,0.75,
HistoKit (no postprocessing),constant,c38dfb82-e376-0eab-4312-72ca49852e8b_104329_1.png,3498883,810453,42537,91865,0.981155519611989,0.9630081317595509,0.9879887163906004,0.9744161940631868,0.969754742516323,0.9811555196119888,0.9501318890022158,0.8981899951015052,0.012011283609399619,0.75,
HistoKit (no postprocessing),constant,7d4546a5-f4cc-3733-763f-d1c5a5904dff_120251_4.png,3280783,261160,5487,174106,0.973358735493407,0.9481001486543659,0.9983303258709723,0.9496059062968448,0.9517422376137165,0.973358735493407,0.9794222323896388,0.6000009189782799,0.0016696741290277426,0.75,
HistoKit (no postprocessing),constant,59c3e1ff-f1eb-ac9b-3a83-925048a454e4_130514_3.png,2347940,409510,2969,69669,0.9847671750426443,0.9699914648484783,0.9987370842512406,0.9711826850412949,0.9743336602960756,0.9847671750426442,0.9928020578017305,0.8546075683617187,0.0012629157487593096,0.75,
HistoKit (no postprocessing),constant,7e3642ed-4a56-9d3f-3ecf-de46d455c0fd_113100_3.png,3810649,1325640,228183,123440,0.9558978447171369,0.9155213787085514,0.9435027255404532,0.9686229772636054,0.9359277262463392,0.9558978447171369,0.8531473662058033,0.9148149170508184,0.05649727445954672,0.75,
HistoKit (no postprocessing),constant,7e3642ed-4a56-9d3f-3ecf-de46d455c0fd_113100_4.png,8181617,3776154,3861,82272,0.9947637498756031,0.9895820507393185,0.9995283109917343,0.9900443967725123,0.9928484152646849,0.9947637498756031,0.9989785754818433,0.9786773155685764,0.0004716890082656138,0.75,
HistoKit (no postprocessing),constant,3e1fffa8-5bae-87b0-bc39-e4a1bc285608_122517_7.png,3441732,351513,482,2744785,0.7148879743343126,0.5562845573435522,0.9998599738424165,0.556327898234176,0.5801388756340893,0.7148879743343126,0.9986306623673632,0.11352686337038619,0.00014002615758346227,0.75,
HistoKit (no postprocessing),constant,b0f43f79-08e2-79bc-61fa-379c7ef1dd21_131900_5.png,7356348,151566,19216,492911,0.9663623675624997,0.9349140716593749,0.9973946399217741,0.9372028620790829,0.9361440920314497,0.9663623675624997,0.8874822873604946,0.23517674020950322,0.002605360078225882,0.75,
HistoKit (no postprocessing),constant,cbd7b0be-5303-525e-8ff2-6d1502e77bdd_110516_5.png,4554108,507436,133359,102572,0.9747509323215913,0.9507454949740493,0.9715498797111531,0.977973148251544,0.9554634991198637,0.9747509323215913,0.7918850802518747,0.8318513855555992,0.028450120288846834,0.75,
HistoKit (no postprocessing),constant,1875292b-dccd-c5b5-17ad-67c30baa6d69_130951_13.png,11352555,336640,55100,1319532,0.9429133418456062,0.891992472492154,0.9951699100297126,0.895870980052457,0.89477570393423,0.9429133418456063,0.8593454842497575,0.2032639122023558,0.004830089970287495,0.75,
HistoKit (no postprocessing),constant,66e65946-ef0a-6028-f7a7-e909aade97a4_112429_5.png,13327457,464468,14820,16295,0.9988340340932703,0.9976707839730174,0.9988892450666405,0.9987788292228452,0.9977490479662939,0.9988340340932702,0.9690791340488392,0.9661059607332511,0.0011107549333595756,0.75,
HistoKit (no postprocessing),constant,1875292b-dccd-c5b5-17ad-67c30baa6d69_130951_12.png,7022942,282915,3230,1158273,0.9236224474329482,0.8580840851151178,0.9995402902177744,0.8584228626188164,0.862825839458816,0.9236224474329482,0.9887120166349228,0.19630679689256364,0.0004597097822256557,0.75,
HistoKit (no postprocessing),constant,6f1702fd-ae84-1c96-04ae-a23a14a5d2d4_111419_3.png,4559783,345653,15801,58507,0.9919176616951679,0.9839649242969117,0.9965466703266731,0.9873314581804088,0.9850779477820547,0.9919176616951679,0.9562848937900812,0.8552380245447347,0.0034533296733269456,0.75,
HistoKit (no postprocessing),constant,b91bdd22-8eea-af27-bee7-880d6f1d7c1e_121440_1.png,5243011,1313546,71046,512509,0.9472829901269036,0.8998458096930507,0.9866305536429135,0.9109534846547315,0.9182708898683942,0.9472829901269036,0.9486881333995864,0.7193353978932726,0.013369446357086498,0.75,
HistoKit (no postprocessing),constant,04e13be9-17d6-1bd0-76ee-d5d53a64912e_105258_3.png,9316962,316013,1446,1539079,0.923639798043555,0.8581140368853308,0.9998448232788262,0.8582283357257033,0.8621269074148655,0.9236397980435549,0.9954450810970865,0.17034896382497472,0.0001551767211738314,0.75,
HistoKit (no postprocessing),constant,b1a83861-bd20-5668-5a83-92a470ead44d_110338_3.png,837746,1682599,64028,99298,0.9111788116061513,0.836848897981364,0.9289977311388441,0.894030589812218,0.9391408261295815,0.9111788116061512,0.9633419155893044,0.944273995634989,0.0710022688611559,0.75,
HistoKit (no postprocessing),constant,e398b039-2e70-a00a-855c-e3ff4eba631e_115619_3.png,17403307,535099,27474,3408520,0.9101527280775411,0.8351195176843983,0.998423822776501,0.8362219712858463,0.8392472303316116,0.9101527280775411,0.9511636712035594,0.13568729636407573,0.0015761772234990504,0.75,
HistoKit (no postprocessing),constant,b91bdd22-8eea-af27-bee7-880d6f1d7c1e_121440_2.png,8797325,1020513,3439,2115558,0.8925111624449804,0.8058872759524682,0.9996092384706601,0.8061412369215357,0.8224825089732748,0.8925111624449804,0.9966414441301936,0.32541131881261615,0.0003907615293399528,0.75,
HistoKit (no postprocessing),constant,3e1fffa8-5bae-87b0-bc39-e4a1bc285608_122517_3.png,10484302,506895,1835,1627392,0.9279033903740584,0.8655035208979976,0.9998250070545521,0.8656346502809599,0.8709055258365329,0.9279033903740584,0.9963929785937531,0.23750086094325645,0.00017499294544788037,0.75,
HistoKit (no postprocessing),constant,c74350c8-f970-c60d-af8a-f9c4d9c5bab2_124242_5.png,0,5525999,5574865,1850,0.0,0.0,0.0,0.0,0.49771605393059754,,0.49779900014989825,0.9996653309451832,1.0,0.75,
HistoKit (no postprocessing),constant,0504f20c-cba2-27c1-e181-78505aa24ca7_112258_4.png,9940956,1327805,447900,136699,0.9714363136931351,0.9444590807800634,0.9568864945283677,0.9864354356246567,0.9506807352514393,0.9714363136931351,0.7477621564392735,0.9066585000792077,0.04311350547163229,0.75,
HistoKit (no postprocessing),constant,c74350c8-f970-c60d-af8a-f9c4d9c5bab2_124242_4.png,0,2715900,921478,1278,0.0,0.0,0.0,0.0,0.7464019681992472,,0.7466642180163844,0.9995296590801191,1.0,0.75,
HistoKit (no postprocessing),constant,cbd7b0be-5303-525e-8ff2-6d1502e77bdd_110516_4.png,3250309,341314,923,67924,0.9895201511843049,0.979257678759299,0.999716107617051,0.9795300691663303,0.9811917595281481,0.9895201511843049,0.9973030385376216,0.834023233424071,0.0002838923829489867,0.75,
HistoKit (no postprocessing),constant,5fe08b37-e6eb-942a-a4ce-507361c4911e_102333_2.png,9010457,70077,12907,177969,0.9895190972441479,0.979255614376743,0.9985696022015736,0.9806311766563718,0.9794124086843318,0.9895190972441479,0.844463993058903,0.282516146198689,0.001430397798426396,0.75,
HistoKit (no postprocessing),constant,7e6be544-b3c1-c3b1-a8a1-838402bd2649_124526_4.png,4621399,474725,17869,69367,0.9906499804823863,0.981473187027663,0.9961483147772451,0.9852120101493018,0.9831699901222373,0.9906499804823862,0.9637246901099079,0.8725086933827367,0.003851685222754969,0.75,
HistoKit (no postprocessing),constant,66e65946-ef0a-6028-f7a7-e909aade97a4_112429_3.png,4702292,171653,10695,5798,0.9982493508969303,0.996504820626496,0.9977307384892001,0.9987685027261586,0.9966275004406558,0.9982493508969302,0.9413484107311295,0.9673261914556694,0.002269261510799839,0.75,
HistoKit (no postprocessing),constant,24aa9d72-799e-9634-ead4-94165f32d151_102546_6.png,8298992,117719,3448,25165,0.9982790826048169,0.9965640781473185,0.9995847004013279,0.9969768710513269,0.9966119713109882,0.9982790826048169,0.9715434070332681,0.823878110915148,0.0004152995986721976,0.75,
HistoKit (no postprocessing),constant,0f3058e5-e9f7-bd55-4b60-07a71af55b96_123333_3.png,30753052,1530907,102685,376185,0.9922744179903987,0.9846672900886472,0.9966720937503454,0.9879153800011224,0.9853837408240906,0.9922744179903988,0.9371415873731017,0.8027441780469952,0.0033279062496546427,0.75,
HistoKit (no postprocessing),constant,9e7010fd-072a-6a7f-3911-83d91e8c9301_113642_6.png,6855707,1653005,25268,1030820,0.9284856707654415,0.8665172694691913,0.9963278459811291,0.8692935432795703,0.8895859819337572,0.9284856707654415,0.984944046647953,0.6159138542937784,0.0036721540188708723,0.75,
HistoKit (no postprocessing),constant,84acf623-2a5d-c4c6-c1db-583a94b80fc7_105804_1.png,45293528,3744022,47233,883377,0.989831362176566,0.9798674450132526,0.9989582662717108,0.980869722645985,0.9813759401987185,0.989831362176566,0.9875415924278372,0.8090985886455868,0.0010417337282892097,0.75,
HistoKit (no postprocessing),constant,def4a0a8-b472-78ea-531c-84458df3a3e9_124843_6.png,16587141,7831895,2150206,13257,0.9387775592358822,0.8846190234725239,0.8852449068696865,0.9992014046892129,0.9186132575421144,0.9387775592358821,0.7845938445223105,0.9983101665844077,0.11475509313031348,0.75,
HistoKit (no postprocessing),constant,35ce6eab-4a33-9fbb-2efe-2acf7936ba3e_104917_2.png,7233448,4511322,878942,166588,0.9326004842827292,0.8737126732309229,0.8916543706601877,0.9774882176248872,0.9182560221417794,0.9326004842827292,0.8369389699651074,0.9643883700199448,0.10834562933981232,0.75,
HistoKit (no postprocessing),constant,969ce636-2f0f-f223-bb1c-2b4624598a38_125938_4.png,15592413,758432,82809,3916366,0.8863354113706398,0.7958728511440727,0.9947172040051491,0.7992510961347197,0.8034805371198652,0.8863354113706398,0.9015632856696238,0.16223845393961409,0.005282795994850982,0.75,
HistoKit (no postprocessing),constant,d9d9ce51-54c1-b32b-5fae-fd9ffdaa32e5_111717_3.png,10905672,736468,25541,1017069,0.95437944786272,0.9127397562260415,0.997663479798628,0.9146950353110916,0.9178060269220915,0.9543794478627201,0.966482023178204,0.4199899973596223,0.0023365202013719793,0.75,
HistoKit (no postprocessing),constant,1875292b-dccd-c5b5-17ad-67c30baa6d69_130951_4.png,3900851,151036,2043,156705,0.9800579112989843,0.9608956451117463,0.9994765422786271,0.9613794609365836,0.962298323174533,0.9800579112989843,0.9866539499212825,0.4907893325881179,0.0005234577213729094,0.75,
HistoKit (no postprocessing),constant,859ead5f-592a-5c4e-67de-d71b0ee92f6d_113334_2.png,12782440,604252,35826,226226,0.9898535373849282,0.9799109079908976,0.9972050821850631,0.9826095927130423,0.9808002846269225,0.9898535373849283,0.9440286965026138,0.7275954329916025,0.002794917814936903,0.75,
HistoKit (no postprocessing),constant,b91bdd22-8eea-af27-bee7-880d6f1d7c1e_121440_4.png,6470724,248596,27163,235708,0.9800920441258651,0.960961269574425,0.99581971800987,0.9648534421880368,0.9623512161153999,0.9800920441258651,0.9014973219369087,0.5133056922924444,0.004180281990130022,0.75,
HistoKit (no postprocessing),constant,6b809376-ab46-9021-2fa3-0d0025b512da_132412_1.png,3757105,440235,6783,62590,0.9908522132611985,0.9818702733950123,0.9981978741131511,0.9836138749298046,0.9837408796888847,0.9908522132611985,0.9848261143846556,0.8755232933923334,0.001802125886848918,0.75,
HistoKit (no postprocessing),constant,c38dfb82-e376-0eab-4312-72ca49852e8b_104329_5.png,2624942,527721,2431,66984,0.9869503481567778,0.9742368958530737,0.9990747411958637,0.9751167008305578,0.9784564495334999,0.9869503481567778,0.9954145226274729,0.8873660049940727,0.0009252588041362989,0.75,
HistoKit (no postprocessing),constant,cbd7b0be-5303-525e-8ff2-6d1502e77bdd_110516_2.png,9597580,748597,31428,37495,0.9964222018769333,0.9928699137630227,0.9967361123804238,0.9961084890361518,0.9933823967124655,0.9964222018769334,0.9597089836864203,0.9523020206286287,0.0032638876195761808,0.75,
HistoKit (no postprocessing),constant,e3dca99c-de77-4ab1-72a1-8daf3d4d032c_120923_2.png,9144696,1300970,6574,177456,0.9900381207120154,0.9802727617897664,0.9992816297628635,0.9809640520772457,0.9826871812702828,0.9900381207120154,0.9949722533237887,0.8799696433910118,0.0007183702371364849,0.75,
HistoKit (no postprocessing),constant,b0f43f79-08e2-79bc-61fa-379c7ef1dd21_131900_4.png,13000781,194872,12866,531813,0.9794818784324304,0.9597888148501417,0.9990113455513278,0.9607013259985484,0.9603591092267639,0.9794818784324304,0.9380662180246272,0.2681657114155377,0.0009886544486722285,0.75,
HistoKit (no postprocessing),constant,24aa9d72-799e-9634-ead4-94165f32d151_102546_7.png,10985120,598374,10513,72513,0.9962352061594868,0.9924986533426646,0.9990438931528544,0.9934422674364396,0.9928833962484099,0.9962352061594868,0.9827340705254013,0.8919147337778195,0.0009561068471455895,0.75,
HistoKit (no postprocessing),constant,19a1c0fb-3d0a-327d-ea5a-6aae35f53e51_121144_3.png,24686076,1522052,38439,166229,0.995871699717731,0.9917773450243191,0.9984453082295042,0.9933113246437302,0.9922511800719621,0.9958716997177309,0.9753673683475265,0.9015394949063574,0.0015546917704958015,0.75,
HistoKit (no postprocessing),constant,7ea29210-064a-9e70-4612-3ab81fa629dc_120503_1.png,8789030,155844,5289,997357,0.9460383259925645,0.8976022082430015,0.999398589020935,0.8980873125086919,0.8992064353728366,0.9460383259925645,0.9671761836495317,0.13514036148078262,0.0006014109790650078,0.75,
HistoKit (no postprocessing),constant,8e6bc805-8b70-bd59-8612-caf5bbe72e5e_125634_1.png,64585257,1028883,141840,96378,0.9981591814067076,0.9963251275868812,0.9978086457361126,0.9985099634540778,0.9963825441148212,0.9981591814067076,0.8788440989029855,0.9143505373420033,0.0021913542638873486,0.75,
HistoKit (no postprocessing),constant,5fe08b37-e6eb-942a-a4ce-507361c4911e_102333_3.png,13395491,1660578,22124,1780802,0.9369471986830201,0.8813740931045648,0.9983511227591491,0.8826589602612444,0.8930585126812126,0.9369471986830202,0.986852098589055,0.48253258867082394,0.0016488772408509262,0.75,
HistoKit (no postprocessing),constant,7ea29210-064a-9e70-4612-3ab81fa629dc_120503_4.png,2702112,175997,5186,584312,0.9016474237543883,0.820908916913,0.9980844369552225,0.8222043169110255,0.8299986128762573,0.9016474237543883,0.9713770055689551,0.23148088474554424,0.0019155630447774865,0.75,
HistoKit (no postprocessing),constant,f761dbde-597d-9a8f-e1a1-2533f0d71b83_120113_5.png,3490854,653866,544127,33360,0.9236046960026828,0.8580534424228451,0.8651475682289458,0.9905340595094395,0.8777082410830359,0.9236046960026827,0.5458011858166116,0.9514570170511593,0.1348524317710542,0.75,
HistoKit (no postprocessing),constant,969ce636-2f0f-f223-bb1c-2b4624598a38_125938_5.png,12935869,270977,9852,1452087,0.9465150993040563,0.8984610018413914,0.9992389763382047,0.8990762134663186,0.900336735455595,0.9465150993040562,0.9649181530397501,0.15726461698462738,0.0007610236617952758,0.75,
HistoKit (no postprocessing),constant,7e6be544-b3c1-c3b1-a8a1-838402bd2649_124526_3.png,50306653,508143,40964,50680,0.9990899752196888,0.9981816052236845,0.9991863765866019,0.9989935924525629,0.9981997562587366,0.9990899752196888,0.9253988749005203,0.9093093877667884,0.0008136234133980959,0.75,
HistoKit (no postprocessing),constant,859ead5f-592a-5c4e-67de-d71b0ee92f6d_113334_1.png,20311843,371735,10023,288039,0.9927162935464047,0.9855379246046986,0.9995067874180452,0.9860174441775928,0.985794151458132,0.9927162935464048,0.9737451474494313,0.5634277798155126,0.0004932125819548264,0.75,
HistoKit (no postprocessing),constant,969ce636-2f0f-f223-bb1c-2b4624598a38_125938_2.png,4333018,329422,5654,1458410,0.8554738847592818,0.747448112688418,0.9986968362669499,0.7481778241912012,0.7610278227191234,0.8554738847592818,0.9831262161420096,0.18425780498391348,0.001303163733050113,0.75,
HistoKit (no postprocessing),constant,04e13be9-17d6-1bd0-76ee-d5d53a64912e_105258_1.png,14164832,261984,49184,733458,0.9731164546017069,0.9476405177222587,0.9965397534377336,0.9507689808696166,0.9485424135429416,0.973116454601707,0.8419374742904154,0.26318359080689785,0.0034602465622664276,0.75,
HistoKit (no postprocessing),constant,9e7010fd-072a-6a7f-3911-83d91e8c9301_113642_2.png,2596780,922850,9324,439402,0.9204708871546037,0.8526596237209842,0.9964222456202823,0.8552781091515594,0.8869239554112585,0.9204708871546036,0.9899975755599276,0.6774444082299017,0.00357775437971777,0.75,
HistoKit (no postprocessing),constant,a40a1d35-8d5f-0529-214c-05d84888ba26_111152_2.png,2756380,3931382,413,125905,0.9775995295684862,0.956180633559256,0.9998501882440938,0.9563176438138491,0.9814622076641307,0.9775995295684863,0.9998949589182549,0.9689681799685356,0.00014981175590622872,0.75,
HistoKit (no postprocessing),constant,40f80889-968b-7602-00a3-4e00b00e88fe_110004_1.png,9188384,903522,89230,2463639,0.8780261215232734,0.7825726947541288,0.9903822254299435,0.7885655563845008,0.7981087840629826,0.8780261215232733,0.9101185391719181,0.268333471431868,0.009617774570056482,0.75,
HistoKit (no postprocessing),constant,f9a50b4c-7c73-18cd-0877-8296eed330e2_114604_2.png,8632998,1661891,35121,2146956,0.8877998349759383,0.7982374602117878,0.995948255901886,0.8008381111830347,0.8251115695915177,0.8877998349759382,0.9793042123449922,0.43632390589593123,0.00405174409811402,0.75,
HistoKit (no postprocessing),constant,c38dfb82-e376-0eab-4312-72ca49852e8b_104329_2.png,5766621,751211,16755,60904,0.9933115440395194,0.9867119645191538,0.9971029032177745,0.9895489079840928,0.9882254406836428,0.9933115440395195,0.9781826278767549,0.9250056950062491,0.0028970967822254685,0.75,
HistoKit (no postprocessing),constant,c0272a60-2518-4785-1810-6431c15f4b4b_130712_2.png,17033403,1507802,72637,259797,0.9903360074234199,0.9808570125355893,0.9957537220771143,0.9849769273471654,0.9823863325986049,0.99033600742342,0.9540399850927496,0.8530226595511765,0.004246277922885717,0.75,
HistoKit (no postprocessing),constant,0f3058e5-e9f7-bd55-4b60-07a71af55b96_123333_2.png,15231574,839578,35606,93470,0.9957807578814799,0.9915969701802984,0.9976678076763358,0.9939008331721593,0.9920324578147912,0.9957807578814799,0.959315983838827,0.8998229458720237,0.002332192323664226,0.75,
HistoKit (no postprocessing),constant,0502ebf6-5b9d-c3a6-85fe-a3909acf1f7b_112628_1.png,7697070,2951545,381320,65244,0.9718090812125522,0.9451640385606721,0.9527975252494618,0.9915947744448369,0.959751528118654,0.9718090812125522,0.8855879251034771,0.9783730317234649,0.04720247475053817,0.75,
HistoKit (no postprocessing),constant,7d4546a5-f4cc-3733-763f-d1c5a5904dff_120251_3.png,2841260,447652,13075,205593,0.9629450883449231,0.9285381878266417,0.9954192482662336,0.9325228358571943,0.9376584425729421,0.962945088344923,0.9716209382128679,0.685274284533368,0.0045807517337663585,0.75,
HistoKit (no postprocessing),constant,2125a939-8f92-6ca7-9a29-e1755d6267ed_103351_3.png,10161111,2452050,389458,762277,0.9463659631990509,0.8981922851243621,0.9630865406406043,0.9302160648326325,0.916328100117865,0.9463659631990509,0.8629396785087355,0.7628502016129659,0.03691345935939569,0.75,
HistoKit (no postprocessing),constant,c38dfb82-e376-0eab-4312-72ca49852e8b_104329_4.png,5027514,146192,5612,26302,0.9968361075140514,0.9936921723167125,0.9988849871829157,0.994795615827723,0.9938693181599886,0.9968361075140514,0.963031277173197,0.8475193340058205,0.0011150128170842534,0.75,
HistoKit (no postprocessing),constant,7ea29210-064a-9e70-4612-3ab81fa629dc_120503_3.png,3748902,234016,4633,697522,0.9143709133179813,0.8422498296472052,0.9987656968697508,0.8431274210466658,0.8501293362984953,0.9143709133179813,0.9805865517978286,0.2512146579098222,0.0012343031302492185,0.75,
HistoKit (no postprocessing),constant,228e0715-eef2-126e-c558-f7684e2bcfa8_110725_12.png,2096545,6098430,470208,249185,0.8535581700740745,0.7445281110592634,0.8168082398267383,0.8937708090871499,0.9192996071061909,0.8535581700740746,0.9284162104838172,0.9607435233548348,0.1831917601732617,0.75,
HistoKit (no postprocessing),constant,5fe08b37-e6eb-942a-a4ce-507361c4911e_102333_4.png,5108283,514780,13908,2187229,0.8227420159750962,0.6988629740800227,0.9972847556836518,0.7001952707363102,0.7186757751591217,0.8227420159750962,0.9736933692461338,0.19051750012675753,0.002715244316348219,0.75,
HistoKit (no postprocessing),constant,be2180cd-04c9-2627-2456-4397fd5e59ee_103647_6.png,3760703,361133,9244,77647,0.9885794416280016,0.9774167960548852,0.9975479761386566,0.9797707348209517,0.9793545649313914,0.9885794416280016,0.9750416467545231,0.8230388805323853,0.0024520238613434087,0.75,
HistoKit (no postprocessing),constant,0f3058e5-e9f7-bd55-4b60-07a71af55b96_123333_1.png,18676658,809722,28051,222569,0.9933352721374699,0.9867587933140729,0.998500324169705,0.9882233807763672,0.9873020215838273,0.9933352721374699,0.9665171830555532,0.7843931604557242,0.0014996758302949274,0.75,
HistoKit (no postprocessing),constant,9e7010fd-072a-6a7f-3911-83d91e8c9301_113642_4.png,6854838,216564,46086,993392,0.9295228729729176,0.868325767552249,0.9933217638681429,0.8734247085011525,0.8718415264434932,0.9295228729729177,0.8245345516847515,0.17898502094291033,0.006678236131857126,0.75,
HistoKit (no postprocessing),constant,6f1702fd-ae84-1c96-04ae-a23a14a5d2d4_111419_1.png,2938808,787393,970,65451,0.9888256079159669,0.9778981901212853,0.999670043112099,0.9782139289588547,0.982486786186443,0.9888256079159669,0.9987696023278616,0.9232556012588469,0.0003299568879010592,0.75,
HistoKit (no postprocessing),constant,228e0715-eef2-126e-c558-f7684e2bcfa8_110725_1.png,7821305,561098,20293,2162903,0.8775260989601256,0.7817786214424888,0.9974121346184796,0.78336759410461,0.7933675128120989,0.8775260989601256,0.9650957789164263,0.205983037451161,0.00258786538152045,0.75,
HistoKit (no postprocessing),constant,deaaef3a-8172-327d-10b9-23d266fb17ca_123636_5.png,2357489,162988,727,467192,0.9097186380512675,0.8343888741024306,0.9996917161108227,0.8346036242676607,0.8434213537964848,0.9097186380512675,0.9955593561982714,0.25863721476403567,0.00030828388917724243,0.75,
HistoKit (no postprocessing),constant,f761dbde-597d-9a8f-e1a1-2533f0d71b83_120113_2.png,3076250,463064,22325,30465,0.9914927424826236,0.9831290108148186,0.992795075155515,0.9901938220918237,0.9853038776160156,0.9914927424826236,0.9540059622282334,0.9382711046362017,0.007204924844484965,0.75,
HistoKit (no postprocessing),constant,9e7010fd-072a-6a7f-3911-83d91e8c9301_113642_7.png,2816830,3217035,392235,507645,0.8622676221466464,0.7578826435207482,0.8777728092138988,0.8473007016145406,0.8702173212311672,0.8622676221466463,0.8913256697337689,0.8637077547601405,0.12222719078610125,0.75,
HistoKit (no postprocessing),constant,7e6be544-b3c1-c3b1-a8a1-838402bd2649_124526_2.png,49836883,1382665,66157,107490,0.9982608763233555,0.9965277912471634,0.998674289181581,0.9978478055976396,0.9966212063678859,0.9982608763233556,0.9543373858210326,0.9278665642164742,0.0013257108184190783,0.75,
HistoKit (no postprocessing),constant,3e1fffa8-5bae-87b0-bc39-e4a1bc285608_122517_5.png,5075418,1809843,186935,577719,0.92994780811489,0.8690677101241218,0.9644769174549864,0.8978055900644191,0.9000441181372604,0.9299478081148899,0.9063816808879104,0.758029739123005,0.03552308254501361,0.75,
HistoKit (no postprocessing),constant,8e6bc805-8b70-bd59-8612-caf5bbe72e5e_125634_3.png,31235491,394143,24901,80350,0.9983180355391479,0.9966417195866007,0.9992034328936118,0.9974342059023739,0.9966834289772911,0.9983180355391479,0.9405766458892145,0.8306613585448047,0.0007965671063881732,0.75,
HistoKit (no postprocessing),constant,7e3642ed-4a56-9d3f-3ecf-de46d455c0fd_113100_2.png,2176261,1256965,131,149535,0.9667570523487691,0.9356531825805368,0.9999398086374146,0.9357058830611111,0.9582275993806121,0.9667570523487692,0.9998957915704131,0.8936829008176325,6.01913625854166e-05,0.75,
HistoKit (no postprocessing),constant,1875292b-dccd-c5b5-17ad-67c30baa6d69_130951_1.png,10397818,348331,7714,1526818,0.9312798721442669,0.8713973358139847,0.9992586635647269,0.8719610393139045,0.8750450402546894,0.931279872144267,0.9783341993287366,0.18576177146456094,0.0007413364352730836,0.75,
HistoKit (no postprocessing),constant,7d4546a5-f4cc-3733-763f-d1c5a5904dff_120251_1.png,6411965,933080,28244,360327,0.9705906550167905,0.942861709724057,0.9956144280410776,0.9467939362331098,0.949755586519941,0.9705906550167905,0.9706196870149918,0.7214125174828959,0.004385571958922451,0.75,
HistoKit (no postprocessing),constant,54b22c23-34e4-1c55-9de2-c8e205e762bc_131621_2.png,20954378,1719101,75188,348168,0.9899991760392205,0.9801964043523042,0.996424652795973,0.9836560381092476,0.9816703890381517,0.9899991760392206,0.9580959366077594,0.8315806989801521,0.00357534720402694,0.75,
HistoKit (no postprocessing),constant,be2180cd-04c9-2627-2456-4397fd5e59ee_103647_1.png,28915444,455587,8539,47090,0.9990389990124989,0.998079843297485,0.9997047778654827,0.9983741063540919,0.998109571388666,0.999038999012499,0.9816019787730056,0.9063215543977544,0.0002952221345172275,0.75,
HistoKit (no postprocessing),constant,f761dbde-597d-9a8f-e1a1-2533f0d71b83_120113_3.png,10029614,14674506,438264,99756,0.9738790347137637,0.9490879415392319,0.9581324887431818,0.9901518060846825,0.9786856423425272,0.9738790347137637,0.9710004188510776,0.9932479876152189,0.041867511256818236,0.75,
HistoKit (no postprocessing),constant,1c7a4a4c-ace6-25f8-ee0c-f8914aeab226_121941_3.png,7016184,3822307,575466,121271,0.9526965827183661,0.9096662600330018,0.9241975064709252,0.9830092098654212,0.9395991999464597,0.9526965827183661,0.8691460427811986,0.9692484844980878,0.07580249352907471,0.75,
HistoKit (no postprocessing),constant,6f1702fd-ae84-1c96-04ae-a23a14a5d2d4_111419_2.png,6386624,565754,14445,232213,0.9810553163747879,0.9628150891217953,0.9977433456817916,0.9649163440646749,0.9657373570572504,0.9810553163747879,0.9751033697059113,0.7089942315910307,0.0022566543182084117,0.75,
HistoKit (no postprocessing),constant,9601a588-d18f-b3b2-00f0-b816a7730c15_114312_2.png,5462631,420746,21941,51162,0.9933532847836929,0.9867943438033692,0.9959995055220353,0.9907210880060242,0.9877271475770925,0.9933532847836928,0.950436764576326,0.8915848004272019,0.004000494477964735,0.75,
HistoKit (no postprocessing),constant,9601a588-d18f-b3b2-00f0-b816a7730c15_114312_1.png,9492526,967268,393627,66477,0.9763383744517143,0.9537706113861362,0.9601840068629325,0.9930456136482015,0.9578655405023014,0.9763383744517145,0.7107587286307908,0.9356930384185655,0.039815993137067573,0.75,
HistoKit (no postprocessing),constant,f9a50b4c-7c73-18cd-0877-8296eed330e2_114604_5.png,4929535,3248831,385093,1101981,0.8689357371103346,0.7682461250171235,0.9275409304282445,0.8172961822533505,0.8461452349815425,0.8689357371103346,0.8940283286056615,0.7467183137308622,0.07245906957175553,0.75,
HistoKit (no postprocessing),constant,54b22c23-34e4-1c55-9de2-c8e205e762bc_131621_1.png,26124523,1338339,134570,167816,0.9942459037081997,0.9885576478126897,0.9948752990059482,0.993617304264942,0.9891091914612108,0.9942459037081997,0.9086365824365252,0.8885798606385134,0.005124700994051851,0.75,
HistoKit (no postprocessing),gaussian,2125a939-8f92-6ca7-9a29-e1755d6267ed_103351_7.png,729163,344765,603,1637919,0.47090654756061645,0.3079645307547246,0.9991737077364525,0.30804298287934256,0.39592545484709396,0.47090654756061645,0.9982540362743508,0.17388802249879456,0.0008262922635474934,0.9,1.75
HistoKit (no postprocessing),gaussian,be2180cd-04c9-2627-2456-4397fd5e59ee_103647_4.png,4692269,432677,31924,155254,0.9804446767956759,0.9616395054603524,0.9932424437358931,0.9679725088462705,0.9647640002379463,0.9804446767956759,0.9312872766093917,0.735931597415343,0.006757556264106907,0.9,1.75
HistoKit (no postprocessing),gaussian,228e0715-eef2-126e-c558-f7684e2bcfa8_110725_2.png,2628612,188848,57461,865585,0.8506463309855394,0.7401084226015004,0.9786078040321317,0.7522792790446561,0.7532296432621682,0.8506463309855395,0.7667117320114165,0.17909909875734162,0.021392195967868333,0.9,1.75
HistoKit (no postprocessing),gaussian,39bcf904-a619-148a-5bca-38122a540be1_104536_1.png,1695760,912558,1138,309860,0.9160036494083216,0.8450246616682231,0.999329364522794,0.8455041333851876,0.8934688810666608,0.9160036494083216,0.9987545091584071,0.7465187849000915,0.0006706354772060548,0.9,1.75
HistoKit (no postprocessing),constant,332605c9-e7e2-297a-c808-98d567218fe3_115336_3.png,9122096,264517,32464,118499,0.9917933281888628,0.9837202588703469,0.9964537891498881,0.9871762586716548,0.984171764397998,0.9917933281888628,0.8906866095810844,0.6906160578148172,0.003546210850111857,0.75,
HistoKit (no postprocessing),gaussian,c74350c8-f970-c60d-af8a-f9c4d9c5bab2_124242_3.png,303294,1907572,1519764,23374,0.28216991374714734,0.16425950156843036,0.16636552430037882,0.9284472308276293,0.5889354406654868,0.28216991374714734,0.5565757194509088,0.9878950524768688,0.8336344756996212,0.9,1.75
HistoKit (no postprocessing),gaussian,9e7010fd-072a-6a7f-3911-83d91e8c9301_113642_3.png,3197347,272258,2393,572328,0.917536694256261,0.8476376883979823,0.9992521267352973,0.8481757711208526,0.8578944921848536,0.917536694256261,0.9912871243869492,0.3223567523023114,0.0007478732647027571,0.9,1.75
HistoKit (no postprocessing),gaussian,332605c9-e7e2-297a-c808-98d567218fe3_115336_2.png,5447640,470399,11469,180348,0.9826990780363877,0.9659866189244816,0.9978991077115331,0.9679551555547027,0.9686053157390289,0.9826990780363878,0.9761988760407414,0.7228600362352804,0.002100892288466854,0.9,1.75
HistoKit (no postprocessing),constant,969ce636-2f0f-f223-bb1c-2b4624598a38_125938_1.png,21828965,771024,144224,2378537,0.9453719521000671,0.8964031954038905,0.9934363646533054,0.9017438065274145,0.8995826093879054,0.9453719521000671,0.842420852053214,0.24480364088836506,0.006563635346694556,0.75,
HistoKit (no postprocessing),constant,10fd35f3-17d4-d309-f849-cc9e883460c1_123055_2.png,4871055,3658814,3648727,98894,0.7221871214481593,0.5651743956960442,0.5717346993150764,0.9801016066764467,0.694756745882098,0.7221871214481594,0.5006901774482004,0.973682361694948,0.42826530068492363,0.75,
HistoKit (no postprocessing),constant,be2180cd-04c9-2627-2456-4397fd5e59ee_103647_3.png,21841575,1448019,42544,236561,0.9936512583351331,0.9873826211490786,0.9980559418453171,0.9892852820546082,0.9881578104926368,0.9936512583351331,0.971457764616457,0.8595727124861984,0.0019440581546828547,0.75,
HistoKit (no postprocessing),gaussian,3e1fffa8-5bae-87b0-bc39-e4a1bc285608_122517_10.png,3350132,1785133,222717,1879898,0.7611446209813858,0.6143934424245248,0.9376640322610891,0.6405569375319071,0.7094984995606448,0.7611446209813858,0.8890768732724058,0.4870717328175396,0.06233596773891088,0.9,1.75
HistoKit (no postprocessing),gaussian,0502ebf6-5b9d-c3a6-85fe-a3909acf1f7b_112628_8.png,4011965,95143,273,51584,0.9935787063229875,0.9872393525110106,0.9999319581739667,0.9873056778692714,0.9875312728046521,0.9935787063229875,0.9971388446382158,0.6484355299297334,6.804182603325126e-05,0.9,1.75
HistoKit (no postprocessing),gaussian,def4a0a8-b472-78ea-531c-84458df3a3e9_124843_7.png,11473204,163685,61396,283721,0.985182722041601,0.9707981362157958,0.9946772319803028,0.9758677545361564,0.9711970599914572,0.9851827220416011,0.7272270871375194,0.36585338596263794,0.005322768019697259,0.9,1.75
HistoKit (no postprocessing),gaussian,d9d9ce51-54c1-b32b-5fae-fd9ffdaa32e5_111717_1.png,7488620,299873,7827,559690,0.9634914202904555,0.9295546984863837,0.9989559053775742,0.9304586925702415,0.932082776348999,0.9634914202904554,0.9745628859278518,0.3488668079012242,0.0010440946224257973,0.9,1.75
HistoKit (no postprocessing),gaussian,04e13be9-17d6-1bd0-76ee-d5d53a64912e_105258_2.png,3236351,117855,4517,933629,0.8734090889463662,0.7752672956765809,0.9986062375882017,0.7761070796502622,0.7814377758394465,0.8734090889463663,0.9630879612983362,0.11208444446135177,0.0013937624117983207,0.9,1.75
HistoKit (no postprocessing),constant,7e6be544-b3c1-c3b1-a8a1-838402bd2649_124526_1.png,51766335,2596015,151569,259651,0.9960438271071056,0.9921188334715952,0.9970806024834901,0.9950092055919901,0.9924923644743259,0.9960438271071055,0.9448355355104703,0.9090751509455237,0.0029193975165099115,0.75,
HistoKit (no postprocessing),gaussian,b91bdd22-8eea-af27-bee7-880d6f1d7c1e_121440_5.png,4081073,713531,398085,3919451,0.6540347742835114,0.48592249025999423,0.9111250373396071,0.5101007134032721,0.5261776048216994,0.6540347742835115,0.6418862268984973,0.15401117466029438,0.08887496266039287,0.9,1.75
HistoKit (no postprocessing),gaussian,cd7afea3-2dfd-f8a4-f2e6-1e02af01c417_132555_3.png,0,4002359,391,106110,0.0,0.0,0.0,0.0,0.9740801584867822,,0.9999023171569545,0.9741728609854425,1.0,0.9,1.75
HistoKit (no postprocessing),gaussian,0504f20c-cba2-27c1-e181-78505aa24ca7_112258_3.png,3533849,2190427,2675893,48053,0.721809126230488,0.564711531777567,0.5690814529814604,0.9865845017535376,0.6775716831304859,0.721809126230488,0.45011980305446414,0.9785332011007469,0.4309185470185396,0.9,1.75
HistoKit (no postprocessing),gaussian,19a1c0fb-3d0a-327d-ea5a-6aae35f53e51_121144_1.png,6550697,58874,4903,6674,0.9991171337143963,0.9982358249594576,0.9992520898163403,0.9989822140610924,0.9982515116713899,0.9991171337143963,0.9231227558524233,0.8981814853237322,0.0007479101836597718,0.9,1.75
HistoKit (no postprocessing),gaussian,d9d9ce51-54c1-b32b-5fae-fd9ffdaa32e5_111717_2.png,6684844,749119,7478,1696064,0.8869822858139894,0.7969165939669443,0.9988826000900733,0.7976276556191764,0.8135659570090522,0.8869822858139894,0.9901162706169864,0.30636520865718436,0.0011173999099266293,0.9,1.75
HistoKit (no postprocessing),gaussian,be2180cd-04c9-2627-2456-4397fd5e59ee_103647_5.png,4982906,479407,16599,91224,0.9892965151109803,0.9788197328909082,0.9966798713072594,0.9820217455997383,0.9806426629439569,0.9892965151109803,0.9665346790159797,0.8401348682423493,0.0033201286927405814,0.9,1.75
HistoKit (no postprocessing),gaussian,cbd7b0be-5303-525e-8ff2-6d1502e77bdd_110516_1.png,11677085,480879,20399,39197,0.9974546597928757,0.9949222442017467,0.9982561207179254,0.9966544847589022,0.995122102940358,0.9974546597928756,0.959306013828654,0.9246321691445096,0.0017438792820746753,0.9,1.75
HistoKit (no postprocessing),gaussian,b0f43f79-08e2-79bc-61fa-379c7ef1dd21_131900_10.png,4978313,182313,4079,446375,0.9567165814041979,0.9170246208761584,0.9991813169256855,0.9177141616255166,0.9197206241935599,0.9567165814041979,0.9781160135628139,0.28998962919604,0.000818683074314506,0.9,1.75
HistoKit (no postprocessing),constant,def4a0a8-b472-78ea-531c-84458df3a3e9_124843_8.png,30033406,639107,183653,1235354,0.9769213938583139,0.9548840020636891,0.9939222079819218,0.9604923892089101,0.9557824933191074,0.976921393858314,0.7767842384170354,0.34095507988696483,0.006077792018078265,0.75,
HistoKit (no postprocessing),gaussian,c0272a60-2518-4785-1810-6431c15f4b4b_130712_1.png,8107924,226464,47074,17488,0.996034375055665,0.9921000782381273,0.9942275890196417,0.9978477399053735,0.9923130867548919,0.9960343750556652,0.8279069087293173,0.9283137666426182,0.005772410980358303,0.9,1.75
HistoKit (no postprocessing),gaussian,e398b039-2e70-a00a-855c-e3ff4eba631e_115619_4.png,4946668,185991,836,633849,0.9397146909186447,0.8862847413521416,0.999831025907205,0.8864175129293577,0.889951943216843,0.9397146909186447,0.9955252720431201,0.22686255854800938,0.00016897409279507405,0.9,1.75
HistoKit (no postprocessing),gaussian,6f1702fd-ae84-1c96-04ae-a23a14a5d2d4_111419_5.png,2308602,935367,25276,226286,0.9483314663304829,0.9017398885383905,0.9891699566129849,0.9107313617011876,0.9280332516004006,0.9483314663304828,0.9736884565858492,0.8052034471567672,0.010830043387015088,0.9,1.75
HistoKit (no postprocessing),gaussian,2125a939-8f92-6ca7-9a29-e1755d6267ed_103351_8.png,6544402,209012,0,1621536,0.8897689652312591,0.8014268538409182,1.0,0.8014268538409182,0.8063826052692852,0.889768965231259,1.0,0.11418001603891294,0.0,0.9,1.75
HistoKit (no postprocessing),gaussian,04e13be9-17d6-1bd0-76ee-d5d53a64912e_105258_4.png,7941328,384975,32055,788386,0.9508809054991418,0.9063612610649744,0.9959797491228002,0.909689366684865,0.9103023983179152,0.9508809054991418,0.9231350262571038,0.3280959568282907,0.004020250877199804,0.9,1.75
HistoKit (no postprocessing),gaussian,f4c75e72-7c5b-0601-d74f-78529d4dec70_114117_1.png,4392678,8442002,10330077,148669,0.45604804210442823,0.29537709367979825,0.29835978388555673,0.9672632370968349,0.5505274085413272,0.45604804210442823,0.4497105515057762,0.9826941341369027,0.7016402161144433,0.9,1.75
HistoKit (no postprocessing),gaussian,deaaef3a-8172-327d-10b9-23d266fb17ca_123636_1.png,3651599,3639281,447056,78586,0.9328582523081325,0.8741652684152051,0.8909261696824934,0.978932412199395,0.9327524441177291,0.9328582523081326,0.8905973736380528,0.9788626112768424,0.1090738303175066,0.9,1.75
HistoKit (no postprocessing),gaussian,0502ebf6-5b9d-c3a6-85fe-a3909acf1f7b_112628_7.png,5011895,890081,14753,222581,0.9768705650570054,0.9547868839404796,0.9970650421513502,0.9574778831730244,0.9613419097585885,0.9768705650570055,0.9836953518545943,0.799956320967194,0.002934957848649836,0.9,1.75
HistoKit (no postprocessing),gaussian,8e6bc805-8b70-bd59-8612-caf5bbe72e5e_125634_2.png,7194097,1489292,219515,42169,0.982137462168627,0.9649018660821717,0.9703902766964335,0.9941725470014507,0.97074545953957,0.9821374621686269,0.8715390327872018,0.9724648554550197,0.029609723303566468,0.9,1.75
HistoKit (no postprocessing),gaussian,7ea29210-064a-9e70-4612-3ab81fa629dc_120503_2.png,8253564,53316,15544,534281,0.9677653447248169,0.9375439390443839,0.9981202325571271,0.9392022731397743,0.9379199149119226,0.967765344724817,0.7742666279407493,0.09073565726169466,0.0018797674428729194,0.9,1.75
HistoKit (no postprocessing),gaussian,9e7010fd-072a-6a7f-3911-83d91e8c9301_113642_1.png,8268254,270868,74949,28296,0.9937952804948487,0.9876670832786338,0.9910167593908479,0.9965894257251509,0.9880536200325675,0.9937952804948487,0.7832697640659655,0.9054164271102138,0.008983240609152145,0.9,1.75
HistoKit (no postprocessing),constant,e16fa7c2-3d43-e563-886f-5b0ebdd4e8c5_105048_1.png,42023972,441494,1009676,48471,0.9875667300945593,0.9754388357731429,0.9765375224521984,0.9988479157247893,0.9756879788449548,0.9875667300945592,0.3042331360212794,0.9010725255885624,0.023462477547801664,0.75,
HistoKit (no postprocessing),gaussian,24aa9d72-799e-9634-ead4-94165f32d151_102546_1.png,6275795,409876,19580,61957,0.9935457784917384,0.9871743366556914,0.9968897801957787,0.9902241362552526,0.9879511609514589,0.9935457784917384,0.9544074363846354,0.8686887097765523,0.003110219804221353,0.9,1.75
HistoKit (no postprocessing),gaussian,40f80889-968b-7602-00a3-4e00b00e88fe_110004_3.png,21334642,9004336,127625,937654,0.9756421711587698,0.9524427340614282,0.9940535172728957,0.9579004337945222,0.966078516043223,0.9756421711587698,0.9860243599375862,0.9056874931477501,0.005946482727104271,0.9,1.75
HistoKit (no postprocessing),gaussian,b91bdd22-8eea-af27-bee7-880d6f1d7c1e_121440_6.png,5676949,410272,97931,623546,0.9402522074883802,0.887241487203259,0.9830418987061204,0.9010322204842636,0.8940359816223308,0.9402522074883803,0.8072994453004017,0.3968512833013161,0.016958101293879698,0.9,1.75
HistoKit (no postprocessing),gaussian,0502ebf6-5b9d-c3a6-85fe-a3909acf1f7b_112628_2.png,8392409,2876613,287239,294144,0.9665221541544982,0.9352132298141076,0.966906607272553,0.966138006640839,0.9509398202002379,0.9665221541544982,0.9092122513948188,0.9072322476935318,0.03309339272744701,0.9,1.75
HistoKit (no postprocessing),gaussian,b1a83861-bd20-5668-5a83-92a470ead44d_110338_5.png,2709066,2333908,262,165472,0.9703191301510459,0.9423493808264922,0.9999032970537344,0.9424352713375158,0.9681813609056219,0.9703191301510459,0.9998877545337315,0.9337947811057142,9.670294626564226e-05,0.9,1.75
HistoKit (no postprocessing),gaussian,d9d9ce51-54c1-b32b-5fae-fd9ffdaa32e5_111717_5.png,9207585,224749,7175,856335,0.9552090703305413,0.9142585786351931,0.9992213579083992,0.9149103927694179,0.9161302366275169,0.9552090703305413,0.9690631413738984,0.20789226369088804,0.0007786420916008664,0.9,1.75
HistoKit (no postprocessing),gaussian,e398b039-2e70-a00a-855c-e3ff4eba631e_115619_1.png,14531228,375924,898,1699814,0.944715966834105,0.895224353958923,0.9999382058757267,0.8952738832171095,0.8975959822407024,0.9447159668341051,0.9976169119637388,0.18110378092032808,6.179412427335133e-05,0.9,1.75
HistoKit (no postprocessing),gaussian,2125a939-8f92-6ca7-9a29-e1755d6267ed_103351_5.png,4153828,952546,2587,39111,0.9950058411704666,0.9900613176989012,0.9993775886190382,0.9906721752927958,0.9919002686831109,0.9950058411704665,0.9972914766843989,0.9605599516768398,0.0006224113809617182,0.9,1.75
HistoKit (no postprocessing),gaussian,59c3e1ff-f1eb-ac9b-3a83-925048a454e4_130514_4.png,1779450,1074224,131,70515,0.9805358576527202,0.9618149544672276,0.9999263871664172,0.9618830626525366,0.9758419051266619,0.9805358576527202,0.9998780663747086,0.9384008057731937,7.361283358273661e-05,0.9,1.75
HistoKit (no postprocessing),gaussian,6247d1f0-d194-53f2-2d84-7b4b827443da_115125_1.png,2645636,451727,249045,31952,0.9495722478580987,0.9039862531448255,0.913964613026444,0.9880668721252112,0.9168244355249292,0.9495722478580987,0.644613369255621,0.9339396583271137,0.08603538697355598,0.9,1.75
HistoKit (no postprocessing),gaussian,66e65946-ef0a-6028-f7a7-e909aade97a4_112429_4.png,9085612,974899,19354,45543,0.9964412936281789,0.9929078262203774,0.9978743468124978,0.9950123505733941,0.9935906780250238,0.996441293628179,0.9805341296430586,0.9553693399526871,0.0021256531875022927,0.9,1.75
HistoKit (no postprocessing),gaussian,7e3642ed-4a56-9d3f-3ecf-de46d455c0fd_113100_1.png,571624,1942013,1716757,82806,0.38848842144466633,0.241070822334974,0.2497940683828436,0.8734685145852116,0.5827777520170639,0.3884884214446664,0.5307830227098178,0.9591044927966401,0.7502059316171564,0.9,1.75
HistoKit (no postprocessing),gaussian,0e99786b-efbd-e936-5e70-bad7ef5912da_122209_3.png,9751564,1757697,59467,173452,0.9881982952310562,0.9766719017900075,0.9939387613799202,0.9825237561329876,0.9801639048285753,0.9881982952310562,0.967274830450086,0.9101819693871369,0.006061238620079785,0.9,1.75
HistoKit (no postprocessing),gaussian,59c3e1ff-f1eb-ac9b-3a83-925048a454e4_130514_1.png,4979723,708978,119048,83372,0.9800804301099818,0.9609389397397949,0.976651628402217,0.9835333921247774,0.9656398162590787,0.9800804301099818,0.8562267368415968,0.8947788224900612,0.023348371597783073,0.9,1.75
HistoKit (no postprocessing),gaussian,728c532f-2f31-cf1c-4143-7abb9ca2b76d_102101_5.png,4845819,1823949,594494,59450,0.9367900230262541,0.8810959672262241,0.8907243020760018,0.9878803792411792,0.910708667954174,0.936790023026254,0.7541831666076066,0.9684347289129919,0.10927569792399812,0.9,1.75
HistoKit (no postprocessing),gaussian,0e99786b-efbd-e936-5e70-bad7ef5912da_122209_4.png,5242698,252986,12420,26383,0.9963129735574175,0.9926530355669724,0.9976365897016966,0.9949928649796805,0.9929888714166282,0.9963129735574177,0.9532037708265827,0.9055621776217118,0.0023634102983034824,0.9,1.75
HistoKit (no postprocessing),gaussian,0502ebf6-5b9d-c3a6-85fe-a3909acf1f7b_112628_5.png,2740127,843791,370,14200,0.9973484137071542,0.9947108520465228,0.9998649879930538,0.9948444756196341,0.9959510772302145,0.9973484137071542,0.9995616949847245,0.9834497098454412,0.0001350120069461853,0.9,1.75
HistoKit (no postprocessing),gaussian,228e0715-eef2-126e-c558-f7684e2bcfa8_110725_7.png,7402530,366523,830,1831226,0.8898813953091389,0.8016092979154669,0.9998878887424089,0.8016813526369985,0.8091828766864327,0.8898813953091389,0.9977405928357738,0.16677200171630155,0.0001121112575911478,0.9,1.75
HistoKit (no postprocessing),gaussian,f761dbde-597d-9a8f-e1a1-2533f0d71b83_120113_1.png,9234958,892683,116488,136111,0.9865082762652346,0.9733757594289025,0.9875433168303597,0.9854754030730112,0.9756653988732438,0.9865082762652346,0.884570602999888,0.8676984896879258,0.01245668316964029,0.9,1.75
HistoKit (no postprocessing),gaussian,c38dfb82-e376-0eab-4312-72ca49852e8b_104329_1.png,3513744,811492,41498,77004,0.9834169933067357,0.9673750070892776,0.9883276581453527,0.9785548860571669,0.9733328112503482,0.9834169933067357,0.9513499572093459,0.9133321928292305,0.011672341854647307,0.9,1.75
HistoKit (no postprocessing),gaussian,7d4546a5-f4cc-3733-763f-d1c5a5904dff_120251_4.png,3329363,263061,3586,125526,0.9809789214179832,0.9626679389037076,0.9989240759459566,0.9636671395231511,0.9653067980532769,0.980978921417983,0.9865515081737278,0.6769680920874862,0.0010759240540434312,0.9,1.75
HistoKit (no postprocessing),gaussian,59c3e1ff-f1eb-ac9b-3a83-925048a454e4_130514_3.png,2339182,412450,29,78427,0.9835066283777818,0.9675484915442262,0.9999876026574772,0.9675600976005632,0.9722778938322766,0.9835066283777818,0.9999296933904513,0.8402308521279261,1.2397342522756604e-05,0.9,1.75
HistoKit (no postprocessing),gaussian,7e3642ed-4a56-9d3f-3ecf-de46d455c0fd_113100_4.png,8159519,3776152,3863,104370,0.9934113828158068,0.9869090171064637,0.9995267892645474,0.9873703531109869,0.9910134620800697,0.9934113828158067,0.9989780463834138,0.9731041339283736,0.0004732107354525367,0.9,1.75
HistoKit (no postprocessing),gaussian,c0272a60-2518-4785-1810-6431c15f4b4b_130712_3.png,33299033,2106877,181311,294378,0.9929079712325634,0.985915827819397,0.9945845538504622,0.991237031571459,0.986742814889604,0.9929079712325632,0.9207621926170402,0.8774066061288784,0.00541544614953777,0.9,1.75
HistoKit (no postprocessing),gaussian,3e1fffa8-5bae-87b0-bc39-e4a1bc285608_122517_7.png,3241234,351513,482,2945283,0.6875591640554493,0.523878216240216,0.9998513133167742,0.5239190323084864,0.5494747122892792,0.6875591640554491,0.9986306623673632,0.10662261177215697,0.0001486866832257977,0.9,1.75
HistoKit (no postprocessing),gaussian,66e65946-ef0a-6028-f7a7-e909aade97a4_112429_5.png,13328629,464603,14685,15123,0.9988830544354332,0.9977686012218345,0.9988994488175876,0.9988666605914138,0.9978436002500174,0.9988830544354333,0.9693608018560865,0.9684757549100945,0.0011005511824124052,0.9,1.75
HistoKit (no postprocessing),gaussian,b0f43f79-08e2-79bc-61fa-379c7ef1dd21_131900_5.png,7287273,151056,19726,561986,0.961619022320681,0.9260753451684048,0.9973003965102499,0.9284026683283098,0.9274677024718452,0.961619022320681,0.8844960241711656,0.21184726846384924,0.0026996034897500327,0.9,1.75
HistoKit (no postprocessing),gaussian,7e3642ed-4a56-9d3f-3ecf-de46d455c0fd_113100_3.png,3808666,1332559,221264,125423,0.9564683358992488,0.9165685803348115,0.9450948279498651,0.9681189215597309,0.9368271575783285,0.9564683358992488,0.8576002543404236,0.9139749324751609,0.054905172050134864,0.9,1.75
HistoKit (no postprocessing),gaussian,1875292b-dccd-c5b5-17ad-67c30baa6d69_130951_13.png,11303449,340872,50868,1368638,0.9409189157062372,0.8884295354341818,0.9955199418864208,0.8919958488290051,0.8913407227453334,0.9409189157062372,0.8701485679277071,0.19939748816912448,0.0044800581135791785,0.9,1.75
HistoKit (no postprocessing),gaussian,cbd7b0be-5303-525e-8ff2-6d1502e77bdd_110516_5.png,4616808,465273,175522,39872,0.9772045960370451,0.9554252905818093,0.9633743919972122,0.9914376766279839,0.9593402517236985,0.977204596037045,0.7260871261479881,0.9210682081382573,0.03662560800278779,0.9,1.75
HistoKit (no postprocessing),gaussian,6f1702fd-ae84-1c96-04ae-a23a14a5d2d4_111419_3.png,4559618,345785,15669,58672,0.9919138111314019,0.9839573461914531,0.9965752968065172,0.9872957306708761,0.9850713209353734,0.9919138111314018,0.9566500854880565,0.8549363714807755,0.003424703193482726,0.9,1.75
HistoKit (no postprocessing),gaussian,1875292b-dccd-c5b5-17ad-67c30baa6d69_130951_12.png,7085555,281520,4625,1095660,0.927951244794598,0.8655867937804794,0.9993476893393398,0.8660761268344617,0.8700557198465637,0.9279512447945981,0.9838368659246186,0.20441772317344137,0.0006523106606602372,0.9,1.75
HistoKit (no postprocessing),gaussian,e398b039-2e70-a00a-855c-e3ff4eba631e_115619_3.png,17616240,539523,23050,3195587,0.9162927568528113,0.8455168705819573,0.9986932580619742,0.8464533171451022,0.8494162643161913,0.9162927568528114,0.9590275395370912,0.1444463483003178,0.0013067419380258503,0.9,1.75
HistoKit (no postprocessing),gaussian,b91bdd22-8eea-af27-bee7-880d6f1d7c1e_121440_1.png,5321971,1311130,73462,433549,0.9545320476196071,0.9130189456752482,0.9863844106673181,0.9246724883242522,0.9289911698864107,0.954532047619607,0.9469432150409651,0.7515021387888545,0.013615589332681918,0.9,1.75
HistoKit (no postprocessing),gaussian,04e13be9-17d6-1bd0-76ee-d5d53a64912e_105258_3.png,9353957,316013,1446,1502084,0.9256099663141337,0.861521363092583,0.9998454369095591,0.861636115781066,0.8654378663802748,0.9256099663141336,0.9954450810970865,0.17381525848180818,0.00015456309044089282,0.9,1.75
HistoKit (no postprocessing),gaussian,b1a83861-bd20-5668-5a83-92a470ead44d_110338_3.png,843445,1692510,54117,93599,0.9194835294335677,0.8509666946136905,0.9397066720739069,0.9001124813776087,0.9449574854741881,0.9194835294335677,0.9690162810949333,0.9475961433484743,0.060293327926093127,0.9,1.75
HistoKit (no postprocessing),gaussian,3e1fffa8-5bae-87b0-bc39-e4a1bc285608_122517_3.png,10391408,506622,2108,1720286,0.9234668772253181,0.8578155726831262,0.9997971812426132,0.8579648726264055,0.8635232857469765,0.9234668772253181,0.995856348161107,0.22750019309284442,0.00020281875738681693,0.9,1.75
HistoKit (no postprocessing),gaussian,c74350c8-f970-c60d-af8a-f9c4d9c5bab2_124242_5.png,0,5518704,5582160,1850,0.0,0.0,0.0,0.0,0.49705900737423303,,0.4971418440942975,0.9996648887050104,1.0,0.9,1.75
HistoKit (no postprocessing),gaussian,b91bdd22-8eea-af27-bee7-880d6f1d7c1e_121440_2.png,8850059,1021669,2283,2062824,0.8955181638458454,0.8108038851630841,0.999742102146528,0.8109735071841235,0.8269971060167959,0.8955181638458454,0.9977704033001547,0.3312275307481651,0.00025789785347199646,0.9,1.75
HistoKit (no postprocessing),gaussian,c74350c8-f970-c60d-af8a-f9c4d9c5bab2_124242_4.png,0,2719397,917981,1278,0.0,0.0,0.0,0.0,0.7473630373412601,,0.7476256248319532,0.9995302636294302,1.0,0.9,1.75
HistoKit (no postprocessing),gaussian,5fe08b37-e6eb-942a-a4ce-507361c4911e_102333_2.png,9035446,70762,12222,152980,0.9909409328554678,0.9820445255595041,0.9986491546772053,0.9833507937050372,0.9821815667735544,0.9909409328554679,0.8527185963559241,0.31626605644000677,0.0013508453227947799,0.9,1.75
HistoKit (no postprocessing),gaussian,0504f20c-cba2-27c1-e181-78505aa24ca7_112258_4.png,9969931,1323634,452071,107724,0.9726924699276676,0.946836698314847,0.9566234011469198,0.9893106084699268,0.9527733064717515,0.9726924699276676,0.7454132302381308,0.9247400021518027,0.04337659885308024,0.9,1.75
HistoKit (no postprocessing),gaussian,7e6be544-b3c1-c3b1-a8a1-838402bd2649_124526_4.png,4616658,475211,17383,74108,0.9901884296372032,0.9805675223957441,0.9962488463093011,0.9842013010241824,0.9823490940239535,0.9901884296372031,0.964711303832365,0.8650911401207677,0.0037511536906988953,0.9,1.75
HistoKit (no postprocessing),gaussian,cbd7b0be-5303-525e-8ff2-6d1502e77bdd_110516_4.png,3242224,341145,1092,76009,0.9882495733857966,0.9767720846858925,0.9996633075531339,0.9770935314066251,0.978936857835196,0.9882495733857967,0.9968092286923974,0.8177915110486774,0.00033669244686610866,0.9,1.75
HistoKit (no postprocessing),gaussian,66e65946-ef0a-6028-f7a7-e909aade97a4_112429_3.png,4702233,170215,12133,5857,0.9980907313337415,0.9961887393879484,0.9974263771629102,0.9987559711050553,0.996321392889553,0.9980907313337415,0.9334623905938096,0.966735199236676,0.002573622837089865,0.9,1.75
HistoKit (no postprocessing),gaussian,24aa9d72-799e-9634-ead4-94165f32d151_102546_6.png,8291100,117631,3536,33057,0.9977980952046277,0.9956058658742584,0.9995737004010785,0.9960287870591581,0.9956670697299476,0.9977980952046277,0.9708171366791288,0.7806261945211298,0.0004262995989215199,0.9,1.75
HistoKit (no postprocessing),gaussian,def4a0a8-b472-78ea-531c-84458df3a3e9_124843_6.png,16588566,7836773,2145328,11832,0.9389499583011314,0.8849252357577402,0.8854841390690051,0.9992872460045837,0.9188503684322531,0.9389499583011315,0.785082519201118,0.9984924709550296,0.11451586093099492,0.9,1.75
HistoKit (no postprocessing),gaussian,0f3058e5-e9f7-bd55-4b60-07a71af55b96_123333_3.png,30739642,1529362,104230,389595,0.9920316245550953,0.9841892352200285,0.9966207225863212,0.9874845952697138,0.9849272784105426,0.9920316245550953,0.936195818784617,0.7969756487508579,0.0033792774136788013,0.9,1.75
HistoKit (no postprocessing),gaussian,84acf623-2a5d-c4c6-c1db-583a94b80fc7_105804_1.png,45193862,3749969,41286,983043,0.9887943770390979,0.9778371031440846,0.9990873026435108,0.9787113709764654,0.9795003658329624,0.9887943770390979,0.9891102022944909,0.7923007590092735,0.0009126973564892503,0.9,1.75
HistoKit (no postprocessing),gaussian,9e7010fd-072a-6a7f-3911-83d91e8c9301_113642_6.png,6920491,1654385,23888,966036,0.9332526279918435,0.874858145874774,0.9965600955823408,0.8775080589973254,0.8965034292405487,0.9332526279918436,0.9857663204973207,0.6313432078280551,0.003439904417659232,0.9,1.75
HistoKit (no postprocessing),gaussian,969ce636-2f0f-f223-bb1c-2b4624598a38_125938_4.png,16007359,764270,76971,3501420,0.8994639383707672,0.8172961974905224,0.9952145348920347,0.8205208024551408,0.8241578632355152,0.8994639383707672,0.9085030330190754,0.17916679364885868,0.00478546510796533,0.9,1.75
HistoKit (no postprocessing),gaussian,1875292b-dccd-c5b5-17ad-67c30baa6d69_130951_4.png,3881950,151152,1927,175606,0.9776447147511035,0.9562670911542184,0.9995038462855543,0.9567212381049085,0.957837000832416,0.9776447147511035,0.987411728584587,0.4625808702464821,0.0004961537144456429,0.9,1.75
HistoKit (no postprocessing),gaussian,859ead5f-592a-5c4e-67de-d71b0ee92f6d_113334_2.png,12675868,607165,32913,332798,0.9857796537891184,0.9719580734817463,0.9974102158184959,0.974417207729063,0.9732055198632197,0.9857796537891182,0.9485797043485326,0.6459456382857623,0.002589784181504111,0.9,1.75
HistoKit (no postprocessing),gaussian,d9d9ce51-54c1-b32b-5fae-fd9ffdaa32e5_111717_3.png,10963808,738904,23105,958933,0.9571343155160702,0.9177925113047666,0.9978970435098558,0.9195710952707938,0.9225812097203334,0.9571343155160702,0.9696788358142752,0.4352031437646841,0.002102956490144229,0.9,1.75
HistoKit (no postprocessing),gaussian,35ce6eab-4a33-9fbb-2efe-2acf7936ba3e_104917_2.png,7228299,4501691,888573,171737,0.931667443024087,0.8720762434324022,0.8905276564666783,0.9767924101990855,0.9171004589415417,0.931667443024087,0.8351522300206446,0.9632524562269923,0.1094723435333217,0.9,1.75
HistoKit (no postprocessing),gaussian,b91bdd22-8eea-af27-bee7-880d6f1d7c1e_121440_4.png,6380162,256209,19550,326270,0.9736139019989404,0.9485844594885922,0.9969451750328765,0.9513496893728289,0.9504711343473703,0.9736139019989403,0.929104761766615,0.4398596344245887,0.0030548249671235204,0.9,1.75
HistoKit (no postprocessing),gaussian,6b809376-ab46-9021-2fa3-0d0025b512da_132412_1.png,3770709,439125,7893,48986,0.992514243652229,0.9851397276822897,0.9979111322123897,0.9871754158381756,0.9866691291399258,0.992514243652229,0.9823429928996148,0.8996416798638015,0.0020888677876103384,0.9,1.75
HistoKit (no postprocessing),gaussian,c38dfb82-e376-0eab-4312-72ca49852e8b_104329_5.png,2637061,526294,3858,54865,0.9889884292530535,0.9782167265626623,0.9985391448961517,0.9796186819399939,0.9817748049550632,0.9889884292530535,0.992722841751045,0.9055938220005196,0.0014608551038483195,0.9,1.75
HistoKit (no postprocessing),gaussian,cbd7b0be-5303-525e-8ff2-6d1502e77bdd_110516_2.png,9591694,749803,30222,43381,0.996177855616176,0.99238481755915,0.9968590455372922,0.9954975960228644,0.9929330491305892,0.996177855616176,0.9612550879779495,0.9453077722193085,0.003140954462707843,0.9,1.75
HistoKit (no postprocessing),gaussian,b0f43f79-08e2-79bc-61fa-379c7ef1dd21_131900_4.png,13149520,195053,12685,383074,0.98517467765912,0.9707825139666743,0.9990362557033567,0.9716924929544181,0.9711972752914558,0.9851746776591201,0.9389375078223532,0.3373878057935367,0.0009637442966433056,0.9,1.75
HistoKit (no postprocessing),gaussian,e3dca99c-de77-4ab1-72a1-8daf3d4d032c_120923_2.png,9157302,1304626,2918,164850,0.9909228101241551,0.9820089286193026,0.9996814486988304,0.9823163149453045,0.9842170462824148,0.9909228101241551,0.9977683351382439,0.8878171538698149,0.0003185513011696226,0.9,1.75
HistoKit (no postprocessing),gaussian,24aa9d72-799e-9634-ead4-94165f32d151_102546_7.png,10999856,597872,11015,57777,0.9968827973114988,0.9937849681370299,0.998999625006959,0.9947749215406226,0.9941034687293212,0.9968827973114989,0.9819096154130406,0.9118781543173253,0.0010003749930409683,0.9,1.75
HistoKit (no postprocessing),gaussian,7ea29210-064a-9e70-4612-3ab81fa629dc_120503_4.png,2693244,178127,3056,593180,0.9003403800676748,0.8187446040103603,0.9988665949634684,0.8195059432379997,0.8280554861032406,0.9003403800676748,0.983133075398906,0.23094176508186753,0.0011334050365315433,0.9,1.75
HistoKit (no postprocessing),gaussian,859ead5f-592a-5c4e-67de-d71b0ee92f6d_113334_1.png,20394065,373678,8080,205817,0.9947832579106394,0.9896206621499011,0.9996039632107311,0.9900088262641504,0.9898055156794225,0.9947832579106394,0.9788347591929966,0.644833863967765,0.00039603678926897147,0.9,1.75
HistoKit (no postprocessing),gaussian,19a1c0fb-3d0a-327d-ea5a-6aae35f53e51_121144_3.png,24663463,1527295,33196,188842,0.9955188164983632,0.9910776158374308,0.998655850574768,0.9924014291632104,0.9915935442805828,0.995518816498363,0.9787272082953378,0.8899609996171635,0.0013441494252319716,0.9,1.75
HistoKit (no postprocessing),gaussian,7e6be544-b3c1-c3b1-a8a1-838402bd2649_124526_3.png,50322160,506322,42785,35173,0.9992260103569143,0.9984532179071486,0.9991505004125389,0.9993015317153512,0.9984686024007965,0.9992260103569144,0.9220825813548179,0.9350446449182356,0.0008494995874610803,0.9,1.75
HistoKit (no postprocessing),gaussian,f761dbde-597d-9a8f-e1a1-2533f0d71b83_120113_5.png,3492940,657624,540369,31274,0.924361063803577,0.8593599884662215,0.8660234065874943,0.9911259645413133,0.8789457980135136,0.924361063803577,0.5489380989705283,0.9546028584783234,0.1339765934125057,0.9,1.75
HistoKit (no postprocessing),gaussian,5fe08b37-e6eb-942a-a4ce-507361c4911e_102333_3.png,13462306,1661154,21548,1713987,0.9394443092005076,0.8858038454277815,0.9984019405727769,0.8870615505380662,0.89705584466927,0.9394443092005076,0.9871944051887975,0.4921732158745368,0.001598059427223107,0.9,1.75
HistoKit (no postprocessing),gaussian,969ce636-2f0f-f223-bb1c-2b4624598a38_125938_5.png,12966680,271388,9441,1421276,0.9477155030663011,0.9006266896717511,0.9992724328017595,0.9012176573239451,0.9024652007647532,0.947715503066301,0.9663816771059969,0.16033187921524886,0.0007275671982405219,0.9,1.75
HistoKit (no postprocessing),gaussian,969ce636-2f0f-f223-bb1c-2b4624598a38_125938_2.png,4222830,329135,5941,1568598,0.842863500016317,0.7284045573086688,0.998595100089364,0.7291517739666279,0.7429955158765913,0.842863500016317,0.9822696940395612,0.17343588376236277,0.0014048999106359744,0.9,1.75
HistoKit (no postprocessing),gaussian,7ea29210-064a-9e70-4612-3ab81fa629dc_120503_1.png,8609682,155546,5587,1176705,0.9357507824295813,0.8792590748300598,0.9993515002259361,0.8797610394929201,0.8811470597696712,0.9357507824295813,0.9653267797409594,0.11675427528296094,0.0006484997740639323,0.9,1.75
HistoKit (no postprocessing),gaussian,8e6bc805-8b70-bd59-8612-caf5bbe72e5e_125634_1.png,64583818,1031670,139053,97817,0.9981695382384908,0.9963457654136593,0.9978515631669058,0.9984877160263497,0.9964030141487112,0.9981695382384906,0.8812246791085508,0.9133969669416293,0.0021484368330941315,0.9,1.75
HistoKit (no postprocessing),gaussian,04e13be9-17d6-1bd0-76ee-d5d53a64912e_105258_1.png,14289996,264213,46955,608294,0.9775870156158453,0.9561566906397319,0.9967248963883604,0.9591702134943003,0.9569183201663071,0.9775870156158453,0.8491008072809544,0.30282049313071413,0.003275103611639602,0.9,1.75
HistoKit (no postprocessing),gaussian,a40a1d35-8d5f-0529-214c-05d84888ba26_111152_2.png,2755525,3931382,413,126760,0.9774444891590843,0.9558840364131103,0.9998501417666145,0.9560210041685676,0.9813367321780784,0.9774444891590843,0.9998949589182549,0.9687640304356033,0.00014985823338551157,0.9,1.75
HistoKit (no postprocessing),gaussian,9e7010fd-072a-6a7f-3911-83d91e8c9301_113642_2.png,2613726,922088,10086,422456,0.9235790709318773,0.8580092099578894,0.9961559745896429,0.8608594609941038,0.8910022185509566,0.9235790709318773,0.989180131606331,0.6857997953209415,0.0038440254103571446,0.9,1.75
HistoKit (no postprocessing),gaussian,2125a939-8f92-6ca7-9a29-e1755d6267ed_103351_3.png,10166486,2465936,375572,756902,0.9472420000031678,0.8997718374080447,0.9643739391302912,0.9307081282840086,0.9177273842098044,0.9472420000031679,0.8678265202842997,0.7651442610519051,0.035626060869708744,0.9,1.75
HistoKit (no postprocessing),gaussian,40f80889-968b-7602-00a3-4e00b00e88fe_110004_1.png,9241081,906615,86137,2410942,0.8809738159736094,0.7872682771405399,0.9907649848003981,0.793088118689776,0.8025208831315701,0.8809738159736094,0.9132341209083437,0.27327789695851495,0.009235015199601853,0.9,1.75
HistoKit (no postprocessing),gaussian,f9a50b4c-7c73-18cd-0877-8296eed330e2_114604_2.png,8964053,1661891,35121,1815901,0.9064153889898483,0.8288479737773432,0.9960973084863122,0.83154835354585,0.8516448630219878,0.9064153889898483,0.9793042123449922,0.4778580777688832,0.0039026915136878117,0.9,1.75
HistoKit (no postprocessing),gaussian,c0272a60-2518-4785-1810-6431c15f4b4b_130712_2.png,16992060,1511764,68675,301140,0.9892351487537018,0.9786995932178985,0.995974675182517,0.9825862188605926,0.9804057394549085,0.9892351487537017,0.956546883492498,0.8338908182672662,0.004025324817482951,0.9,1.75
HistoKit (no postprocessing),gaussian,0f3058e5-e9f7-bd55-4b60-07a71af55b96_123333_2.png,15232936,843186,31998,92108,0.9959429196058919,0.9919186259958135,0.9979038232330385,0.9939897073052449,0.9923392436205218,0.9959429196058919,0.9634385454944332,0.9015197360402184,0.0020961767669614557,0.9,1.75
HistoKit (no postprocessing),gaussian,0502ebf6-5b9d-c3a6-85fe-a3909acf1f7b_112628_1.png,7717280,2939804,393061,45034,0.9723993875000748,0.9462814401544993,0.9515358232163111,0.9941983795038438,0.9605148326133359,0.9723993875000748,0.8820651301507861,0.9849124140070583,0.048464176783688875,0.9,1.75
HistoKit (no postprocessing),gaussian,7d4546a5-f4cc-3733-763f-d1c5a5904dff_120251_3.png,2836950,445405,15322,209903,0.9618206089886212,0.9264493374807122,0.994628142056578,0.9311082615406782,0.9357890625445464,0.9618206089886212,0.9667438635026816,0.6796880245624958,0.0053718579434219454,0.9,1.75
HistoKit (no postprocessing),gaussian,c38dfb82-e376-0eab-4312-72ca49852e8b_104329_2.png,5762176,750958,17008,65349,0.9929043624682932,0.9859087116113469,0.9970570239673975,0.9887861484935715,0.9875131358681256,0.9929043624682931,0.9778531862087645,0.9199455596975158,0.0029429760326025265,0.9,1.75
HistoKit (no postprocessing),gaussian,c38dfb82-e376-0eab-4312-72ca49852e8b_104329_4.png,5032377,144950,6854,21439,0.9971967830923605,0.9944092383024382,0.998639871837588,0.9957578590118833,0.9945649125368352,0.9971967830923605,0.95484967458038,0.8711513381293234,0.0013601281624120824,0.9,1.75
HistoKit (no postprocessing),gaussian,7ea29210-064a-9e70-4612-3ab81fa629dc_120503_3.png,3687569,233970,4679,758855,0.9061844487651056,0.8284618441766007,0.9987327503461306,0.8293336397968345,0.837028366473692,0.9061844487651056,0.9803938000997281,0.23566086671870673,0.0012672496538694042,0.9,1.75
HistoKit (no postprocessing),gaussian,5fe08b37-e6eb-942a-a4ce-507361c4911e_102333_4.png,4970285,511399,17289,2325227,0.8092892942376207,0.679669117209671,0.9965335852661034,0.6812798059957957,0.7006063239692237,0.8092892942376206,0.96729829313319,0.18028425319375907,0.00346641473389668,0.9,1.75
HistoKit (no postprocessing),gaussian,228e0715-eef2-126e-c558-f7684e2bcfa8_110725_12.png,2209548,6117284,451354,136182,0.8826484550891697,0.7899469590473508,0.8303755643762905,0.9419447250962387,0.9340911212101631,0.8826484550891698,0.9312865163219529,0.9782229566771451,0.16962443562370955,0.9,1.75
HistoKit (no postprocessing),gaussian,0f3058e5-e9f7-bd55-4b60-07a71af55b96_123333_1.png,18715524,804400,33373,183703,0.9942340818894455,0.9885342742148463,0.998220001955315,0.9902798670019679,0.9890015706541014,0.9942340818894455,0.9601646269335489,0.8140851712827509,0.0017799980446849754,0.9,1.75
HistoKit (no postprocessing),gaussian,7e6be544-b3c1-c3b1-a8a1-838402bd2649_124526_2.png,49824045,1386467,62355,120328,0.9981700732698925,0.9963468315703439,0.9987500601366305,0.9975907596237118,0.9964453854250548,0.9981700732698925,0.9569615867235589,0.9201430851575696,0.0012499398633695757,0.9,1.75
HistoKit (no postprocessing),gaussian,be2180cd-04c9-2627-2456-4397fd5e59ee_103647_6.png,3760597,360770,9607,77753,0.988518186241433,0.9772970436000195,0.9974518620212594,0.9797431187880209,0.9792431298109856,0.988518186241433,0.9740615642979991,0.8226934505145682,0.002548137978740673,0.9,1.75
HistoKit (no postprocessing),gaussian,6f1702fd-ae84-1c96-04ae-a23a14a5d2d4_111419_1.png,2960959,787656,707,43300,0.9926236082418066,0.9853552419561485,0.9997612830076045,0.9855871281404166,0.9883966817679167,0.9926236082418065,0.9991032049956683,0.9478913444273824,0.00023871699239549633,0.9,1.75
HistoKit (no postprocessing),gaussian,228e0715-eef2-126e-c558-f7684e2bcfa8_110725_1.png,8027709,561693,19698,1956499,0.8904037713759971,0.8024574601160787,0.9975522550307199,0.804040640980236,0.8129593031119201,0.8904037713759971,0.9661191865715155,0.22305408007014557,0.002447744969280167,0.9,1.75
HistoKit (no postprocessing),gaussian,9e7010fd-072a-6a7f-3911-83d91e8c9301_113642_4.png,6679836,228199,34451,1168394,0.9174012981409738,0.8474066120397362,0.9948690009825317,0.8511264323293277,0.8516998155563884,0.9174012981409738,0.8688330477822197,0.16339692379956078,0.005130999017468273,0.9,1.75
HistoKit (no postprocessing),gaussian,deaaef3a-8172-327d-10b9-23d266fb17ca_123636_5.png,2219904,163084,631,604777,0.8800035518796421,0.785719948805654,0.9997158342471522,0.7858954692582986,0.7974137296395792,0.880003551879642,0.9961457410744281,0.21238739824004604,0.0002841657528478497,0.9,1.75
HistoKit (no postprocessing),gaussian,9e7010fd-072a-6a7f-3911-83d91e8c9301_113642_7.png,2658292,3202354,406916,666183,0.8320575527768749,0.7124131456606932,0.8672468556783096,0.7996125704058535,0.8452352949235947,0.8320575527768749,0.8872580882006611,0.8277945900478656,0.13275314432169041,0.9,1.75
HistoKit (no postprocessing),gaussian,f761dbde-597d-9a8f-e1a1-2533f0d71b83_120113_2.png,3074726,464578,20811,31989,0.9914869631224271,0.9831176463441071,0.9932770953795739,0.9897032717838617,0.9853010937322527,0.9914869631224271,0.957125109963349,0.9355796901525877,0.006722904620426117,0.9,1.75
HistoKit (no postprocessing),gaussian,3e1fffa8-5bae-87b0-bc39-e4a1bc285608_122517_5.png,5003300,1794124,202654,649837,0.9214951785559214,0.8544191553284604,0.9610726487402693,0.8850484253256201,0.8885620297741871,0.9214951785559214,0.8985094988025709,0.7341050041305897,0.03892735125973069,0.9,1.75
HistoKit (no postprocessing),gaussian,7e3642ed-4a56-9d3f-3ecf-de46d455c0fd_113100_2.png,2178562,1256965,131,147234,0.9672848573944791,0.9366424655631926,0.999939872207787,0.9366952217649356,0.9588698180129348,0.9672848573944792,0.9998957915704131,0.8951473402274179,6.0127792213037814e-05,0.9,1.75
HistoKit (no postprocessing),gaussian,54b22c23-34e4-1c55-9de2-c8e205e762bc_131621_2.png,20971827,1723774,70515,330719,0.9905246177531513,0.9812271157603489,0.9966488996329401,0.9844751420792613,0.9826281826059717,0.9905246177531511,0.9607003108194945,0.839026465410201,0.0033511003670599025,0.9,1.75
HistoKit (no postprocessing),gaussian,1875292b-dccd-c5b5-17ad-67c30baa6d69_130951_1.png,10239753,348377,7668,1684883,0.9236628789110546,0.8581538821002214,0.9992517141630074,0.858705708081991,0.8621777570804094,0.9236628789110546,0.978463396480782,0.17133913026371442,0.0007482858369925467,0.9,1.75
HistoKit (no postprocessing),gaussian,7d4546a5-f4cc-3733-763f-d1c5a5904dff_120251_1.png,6513304,928847,32477,258988,0.9781150771586851,0.9571675394124327,0.9950384835667432,0.9617577033004484,0.9623119379084765,0.9781150771586851,0.9662163849024886,0.7819663505453198,0.00496151643325678,0.9,1.75
HistoKit (no postprocessing),gaussian,8e6bc805-8b70-bd59-8612-caf5bbe72e5e_125634_3.png,31274265,393503,25541,41576,0.9989281113712679,0.9978585181725553,0.9991839885525169,0.9986723652096714,0.9978850719011586,0.998928111371268,0.9390493599717452,0.9044403430181646,0.0008160114474830931,0.9,1.75
HistoKit (no postprocessing),gaussian,f761dbde-597d-9a8f-e1a1-2533f0d71b83_120113_3.png,10042837,14679708,433062,86533,0.9747833915684382,0.9508072572680232,0.9586611134757981,0.9914572179711078,0.9794155725306967,0.9747833915684381,0.9713446310636634,0.9941398084996717,0.04133888652420188,0.9,1.75
HistoKit (no postprocessing),gaussian,be2180cd-04c9-2627-2456-4397fd5e59ee_103647_1.png,28914962,456079,8047,47572,0.9990391555971065,0.9980801558657039,0.9997217786019428,0.9983574641638746,0.9981099112165635,0.9990391555971065,0.9826620357402946,0.9055457052601901,0.00027822139805716616,0.9,1.75
HistoKit (no postprocessing),gaussian,1c7a4a4c-ace6-25f8-ee0c-f8914aeab226_121941_3.png,7015385,3847091,550682,122070,0.9542455202229778,0.912494795553201,0.9272168750289946,0.982897265201672,0.941678482644643,0.9542455202229778,0.8747816224257141,0.9692453896427986,0.0727831249710054,0.9,1.75
HistoKit (no postprocessing),gaussian,6f1702fd-ae84-1c96-04ae-a23a14a5d2d4_111419_2.png,6470250,565418,14781,148587,0.9875328414480365,0.975372715160867,0.9977207510650296,0.977550889982636,0.9773069616543104,0.9875328414480367,0.9745242580562876,0.7918964152912095,0.0022792489349703956,0.9,1.75
HistoKit (no postprocessing),gaussian,f9a50b4c-7c73-18cd-0877-8296eed330e2_114604_5.png,4911132,3231997,401927,1120384,0.8658115442843827,0.7633753808030941,0.9243511129840644,0.8142450422082939,0.8424995654621,0.8658115442843826,0.8893958706896457,0.7425813594903571,0.07564888701593564,0.9,1.75
HistoKit (no postprocessing),gaussian,9601a588-d18f-b3b2-00f0-b816a7730c15_114312_2.png,5466603,420458,22229,47190,0.9936906874495859,0.9874604905833105,0.9959501402119795,0.9914414632540612,0.9883456336628345,0.9936906874495858,0.9497861920499133,0.8990907691254961,0.004049859788020475,0.9,1.75
HistoKit (no postprocessing),gaussian,9601a588-d18f-b3b2-00f0-b816a7730c15_114312_1.png,9501545,1029362,331533,57458,0.9799407294142387,0.9606703822725078,0.9662839041854443,0.9939891220873139,0.9643777808180992,0.9799407294142388,0.7563860547654301,0.9471319997791723,0.03371609581455573,0.9,1.75
HistoKit (no postprocessing),constant,2125a939-8f92-6ca7-9a29-e1755d6267ed_103351_7.png,1189107,330495,14873,1177975,0.6659682749837443,0.49921472068112116,0.9876468047641987,0.5023514183285581,0.5602322623458497,0.6659682749837443,0.9569357902295522,0.21909285567495543,0.01235319523580126,0.5,
HistoKit (no postprocessing),constant,be2180cd-04c9-2627-2456-4397fd5e59ee_103647_4.png,4463577,438210,26391,383946,0.9560548974023108,0.9158095526511136,0.994122229824355,0.9207954247973655,0.9227546269627742,0.9560548974023108,0.9431964201540677,0.5330010362996803,0.005877770175644904,0.5,
HistoKit (no postprocessing),constant,228e0715-eef2-126e-c558-f7684e2bcfa8_110725_2.png,2745378,180289,66020,748819,0.8707752400844012,0.771126591440915,0.9765170210692332,0.7856963989151156,0.7821580823557027,0.8707752400844013,0.7319626972623818,0.19404525631035358,0.02348297893076683,0.5,
HistoKit (no postprocessing),gaussian,54b22c23-34e4-1c55-9de2-c8e205e762bc_131621_1.png,26123461,1341464,131445,168878,0.9942847051258349,0.9886343681889014,0.9949935071182506,0.993576912270909,0.989183492976544,0.9942847051258349,0.91075823421542,0.8881855897538439,0.005006492881749414,0.9,1.75
HistoKit (no postprocessing),constant,39bcf904-a619-148a-5bca-38122a540be1_104536_1.png,1675957,912269,1427,329663,0.9101032743923168,0.8350362497739215,0.9991492705307788,0.8356303786360327,0.8865864469622337,0.9101032743923166,0.9984382113963507,0.7345563203138336,0.0008507294692211206,0.5,
HistoKit (no postprocessing),gaussian,be2180cd-04c9-2627-2456-4397fd5e59ee_103647_3.png,21831670,1450197,40366,246466,0.9934737001711847,0.987032033181994,0.9981544470757089,0.9888366481663126,0.9878299604063847,0.9934737001711846,0.9729189574677488,0.8547348530615685,0.0018455529242910901,0.9,1.75
HistoKit (no postprocessing),gaussian,332605c9-e7e2-297a-c808-98d567218fe3_115336_3.png,9185437,264646,32335,55158,0.9952599815574151,0.990564686674007,0.9964921024299581,0.994030903854135,0.990826495117837,0.9952599815574151,0.8911209808034858,0.8275256094357795,0.003507897570041871,0.9,1.75
HistoKit (no postprocessing),gaussian,10fd35f3-17d4-d309-f849-cc9e883460c1_123055_2.png,4872549,3641857,3665684,97400,0.7214218760155882,0.5642376187130694,0.570674166422959,0.9804022133828737,0.6934972864974844,0.7214218760155882,0.49836969782311175,0.9739520444837035,0.42932583357704107,0.9,1.75
HistoKit (no postprocessing),constant,9e7010fd-072a-6a7f-3911-83d91e8c9301_113642_3.png,3217967,271164,3487,551708,0.9205857880751449,0.8528568346654609,0.9989175695198503,0.8536457386910012,0.8627224907190963,0.920585788075145,0.9873038874790189,0.3295336334205077,0.0010824304801496467,0.5,
HistoKit (no postprocessing),constant,c74350c8-f970-c60d-af8a-f9c4d9c5bab2_124242_3.png,306076,1893831,1533505,20592,0.28258616622558164,0.16454168510133196,0.1663835405997344,0.936963522597867,0.5860161576812385,0.2825861662255816,0.5525664831227519,0.9892437564738827,0.8336164594002656,0.5,
HistoKit (no postprocessing),constant,332605c9-e7e2-297a-c808-98d567218fe3_115336_2.png,5452169,466331,15537,175819,0.9827540305275182,0.9660928231911793,0.9971584061030349,0.9687598836387,0.9686807675991055,0.9827540305275182,0.9677567300588543,0.7262026006384801,0.002841593896965199,0.5,
HistoKit (no postprocessing),constant,0502ebf6-5b9d-c3a6-85fe-a3909acf1f7b_112628_8.png,4008711,95019,397,54838,0.9931577670152466,0.9864085300346018,0.9999009754788347,0.9865049000270453,0.986719051494783,0.9931577670152466,0.9958392722394567,0.6340644747993087,9.90245211653066e-05,0.5,
HistoKit (no postprocessing),gaussian,969ce636-2f0f-f223-bb1c-2b4624598a38_125938_1.png,21961581,771478,143770,2245921,0.9484011274364808,0.9018658655695686,0.9934961448927004,0.9072221082538793,0.9048794021355147,0.9484011274364808,0.8429168924706746,0.25567649488847843,0.006503855107299585,0.9,1.75
HistoKit (no postprocessing),constant,def4a0a8-b472-78ea-531c-84458df3a3e9_124843_7.png,11412897,163342,61739,344028,0.9825338039058159,0.9656672700061529,0.9946195243143224,0.9707382670213512,0.9661353032205124,0.9825338039058159,0.725703191295578,0.32193862467232987,0.0053804756856775235,0.5,
HistoKit (no postprocessing),constant,3e1fffa8-5bae-87b0-bc39-e4a1bc285608_122517_10.png,3888641,1731306,276544,1341389,0.8277918067867526,0.7061815568082804,0.933605830233231,0.7435217388810389,0.7764631356142959,0.8277918067867526,0.8622685957616356,0.5634486989434356,0.06639416976676907,0.5,
HistoKit (no postprocessing),constant,b91bdd22-8eea-af27-bee7-880d6f1d7c1e_121440_5.png,4118136,779614,332002,3882388,0.6615127773928808,0.49422420044053866,0.9253951225782212,0.5147332849698345,0.53749722897146,0.6615127773928807,0.7013339138695377,0.16722729848678744,0.07460487742177883,0.5,
HistoKit (no postprocessing),constant,d9d9ce51-54c1-b32b-5fae-fd9ffdaa32e5_111717_1.png,7528170,300670,7030,520140,0.9661712926035277,0.9345564557175737,0.9990670453338996,0.9353727676990573,0.936911277032938,0.9661712926035277,0.9771530711732207,0.36630888999890354,0.0009329546661004353,0.5,
HistoKit (no postprocessing),gaussian,7e6be544-b3c1-c3b1-a8a1-838402bd2649_124526_1.png,51766574,2597633,149951,259412,0.9960616402657426,0.9921541801922982,0.9971116903529271,0.995013799450144,0.9925262676871345,0.9960616402657427,0.9454244165055554,0.9092026901921391,0.002888309647072873,0.9,1.75
HistoKit (no postprocessing),constant,04e13be9-17d6-1bd0-76ee-d5d53a64912e_105258_2.png,3200660,116335,6037,969320,0.8677782692667715,0.7664384508013258,0.9981173774759511,0.7675480457939846,0.7727686359366613,0.8677782692667714,0.9506668192070081,0.10715650920412101,0.001882622524048889,0.5,
HistoKit (no postprocessing),constant,cd7afea3-2dfd-f8a4-f2e6-1e02af01c417_132555_3.png,0,3999001,3749,106110,0.0,0.0,0.0,0.0,0.9732629001718238,,0.9990633939166823,0.97415173426492,1.0,0.5,
HistoKit (no postprocessing),constant,be2180cd-04c9-2627-2456-4397fd5e59ee_103647_5.png,4954371,480364,15642,119759,0.9865194073800024,0.9733974331266705,0.9968527245300968,0.9763981214513621,0.9756916168653692,0.9865194073800024,0.9684640911601876,0.8004425759385992,0.0031472754699031972,0.5,
HistoKit (no postprocessing),constant,0504f20c-cba2-27c1-e181-78505aa24ca7_112258_3.png,3533022,2196138,2670182,48880,0.7221223765997016,0.565095094691626,0.5695479303921006,0.9863536188315594,0.6781497929386798,0.7221223765997017,0.45129337980239687,0.9782273460613679,0.4304520696078994,0.5,
HistoKit (no postprocessing),constant,b0f43f79-08e2-79bc-61fa-379c7ef1dd21_131900_10.png,5045712,181069,5323,378976,0.9633152766639591,0.9292268468701076,0.9989461565797901,0.9301386549788669,0.9315106895642193,0.9633152766639591,0.9714419073779991,0.32331151961003135,0.0010538434202099175,0.5,
HistoKit (no postprocessing),constant,19a1c0fb-3d0a-327d-ea5a-6aae35f53e51_121144_1.png,6543108,59525,4252,14263,0.9985871514646123,0.9971782895786606,0.9993505779428655,0.9978248904934615,0.9972036571301532,0.9985871514646123,0.9333301974065886,0.8067029869355451,0.0006494220571344787,0.5,
HistoKit (no postprocessing),constant,d9d9ce51-54c1-b32b-5fae-fd9ffdaa32e5_111717_2.png,6854144,748184,8413,1526764,0.8992894988114579,0.8170081941077234,0.9987740721133537,0.8178283307727516,0.8319916651208399,0.8992894988114578,0.9888804740172112,0.32887960516020587,0.001225927886646333,0.5,
HistoKit (no postprocessing),gaussian,def4a0a8-b472-78ea-531c-84458df3a3e9_124843_8.png,30147139,633542,189218,1121621,0.9787219136358429,0.958330475022902,0.9937626657017519,0.9641296616814994,0.9591531033743493,0.9787219136358429,0.7700204190772522,0.3609590676193607,0.006237334298248139,0.9,1.75
HistoKit (no postprocessing),constant,c0272a60-2518-4785-1810-6431c15f4b4b_130712_1.png,8100543,227725,45813,24869,0.9956561573395097,0.9913498893984684,0.9943762585381734,0.9969393551982348,0.9915844242435067,0.9956561573395097,0.8325168715132815,0.9015455632358647,0.005623741461826613,0.5,
HistoKit (no postprocessing),constant,6f1702fd-ae84-1c96-04ae-a23a14a5d2d4_111419_5.png,2293313,937775,22868,241575,0.9454876852916336,0.8966113264908772,0.990126851053523,0.9046999315157119,0.9243482606791358,0.9454876852916337,0.9761951109829562,0.7951625895620469,0.00987314894647698,0.5,
HistoKit (no postprocessing),constant,cbd7b0be-5303-525e-8ff2-6d1502e77bdd_110516_1.png,11666989,483724,17554,49293,0.9971433913120584,0.9943030565622359,0.998497673379267,0.9957927779478165,0.9945286129145263,0.9971433913120584,0.9649815072674245,0.907520773258639,0.0015023266207330487,0.5,
HistoKit (no postprocessing),constant,e398b039-2e70-a00a-855c-e3ff4eba631e_115619_4.png,5208826,185005,1822,371691,0.9653871477268673,0.9330902333233435,0.9996503313983213,0.9333948807968867,0.9352365664333531,0.9653871477268673,0.9902476622757953,0.33232679954589217,0.00034966860167871637,0.5,
HistoKit (no postprocessing),constant,2125a939-8f92-6ca7-9a29-e1755d6267ed_103351_8.png,6984329,208898,114,1181609,0.9220004434211918,0.8552883327218588,0.9999836780112602,0.8553002729141466,0.8588979038680828,0.9220004434211918,0.9994545767707117,0.1502315342533335,1.6321988739832225e-05,0.5,
HistoKit (no postprocessing),constant,04e13be9-17d6-1bd0-76ee-d5d53a64912e_105258_4.png,8125186,377399,39631,604528,0.9618717441756743,0.9265442287878969,0.9951461251366687,0.9307505377610309,0.9295750487823864,0.9618717441756742,0.9049684674963432,0.3843452721027123,0.004853874863331291,0.5,
HistoKit (no postprocessing),constant,f4c75e72-7c5b-0601-d74f-78529d4dec70_114117_1.png,4365772,8393512,10378567,175575,0.4527473899554312,0.2926137509907899,0.29609818385212117,0.9613385632060267,0.5472933922281521,0.4527473899554312,0.44712745988337255,0.9795106526517936,0.7039018161478788,0.5,
HistoKit (no postprocessing),constant,deaaef3a-8172-327d-10b9-23d266fb17ca_123636_1.png,3608744,3826057,260280,121441,0.9497683245716758,0.9043417245859818,0.9327272200947836,0.9674437058751778,0.9511648531149788,0.9497683245716758,0.9363048128433852,0.9692359565476664,0.0672727799052164,0.5,
HistoKit (no postprocessing),constant,8e6bc805-8b70-bd59-8612-caf5bbe72e5e_125634_2.png,7189326,1495719,213088,46940,0.9822369230012542,0.9650938859933358,0.971213714877336,0.9935132290604022,0.970930589387029,0.9822369230012542,0.8753001362939173,0.9695720181841871,0.02878628512266404,0.5,
HistoKit (no postprocessing),constant,0502ebf6-5b9d-c3a6-85fe-a3909acf1f7b_112628_7.png,5011143,876116,28718,223333,0.9754679061043063,0.9521106385210197,0.99430182697499,0.9573342202734333,0.9589447348317645,0.9754679061043063,0.968261581682386,0.796868249459502,0.005698173025010015,0.5,
HistoKit (no postprocessing),constant,7ea29210-064a-9e70-4612-3ab81fa629dc_120503_2.png,8357679,46870,21990,430166,0.9736621155515004,0.9486759967695195,0.997375791334956,0.9510498876573267,0.9489476052324199,0.9736621155515004,0.6806564042985768,0.0982525427850309,0.0026242086650439295,0.5,
HistoKit (no postprocessing),constant,9e7010fd-072a-6a7f-3911-83d91e8c9301_113642_1.png,8256814,269295,76522,39736,0.9930090921849976,0.9861152513677178,0.9908173629384439,0.9952105393205609,0.9865478982783304,0.9930090921849976,0.7787211155032864,0.8714174306137572,0.00918263706155614,0.5,
HistoKit (no postprocessing),constant,24aa9d72-799e-9634-ead4-94165f32d151_102546_1.png,6237127,405327,24129,100625,0.9900981093114632,0.980390390829379,0.9961463003589056,0.9841229192937812,0.9815649230820155,0.9900981093114632,0.9438149659103611,0.801117497311998,0.0038536996410943746,0.5,
HistoKit (no postprocessing),gaussian,e16fa7c2-3d43-e563-886f-5b0ebdd4e8c5_105048_1.png,41992623,444436,1006734,79820,0.98722780051674,0.9747777447094683,0.9765872312927842,0.99810279616993,0.9750352986550083,0.98722780051674,0.30626046569319926,0.8477461392907282,0.023412768707215783,0.9,1.75
HistoKit (no postprocessing),constant,b1a83861-bd20-5668-5a83-92a470ead44d_110338_5.png,2696762,2332695,1475,177776,0.9678345169148225,0.9376737865927588,0.999453346759384,0.938154931331574,0.965586283585104,0.9678345169148226,0.9993680837299769,0.9291861965344351,0.0005466532406160022,0.5,
HistoKit (no postprocessing),constant,b91bdd22-8eea-af27-bee7-880d6f1d7c1e_121440_6.png,5792673,397189,111014,507822,0.9492931193585936,0.9034804443072606,0.9811958188162753,0.919399666216702,0.909110963652669,0.9492931193585935,0.7815557956171058,0.43887753850505684,0.018804181183724678,0.5,
HistoKit (no postprocessing),constant,40f80889-968b-7602-00a3-4e00b00e88fe_110004_3.png,21468339,8986701,145260,803957,0.9783707954457804,0.957657427062968,0.9932792312839708,0.9639032724780597,0.9697742570378277,0.9783707954457804,0.9840932303587367,0.9178852943285324,0.0067207687160292,0.5,
HistoKit (no postprocessing),constant,0502ebf6-5b9d-c3a6-85fe-a3909acf1f7b_112628_2.png,8347736,2885376,278476,338817,0.9643446324142908,0.931144338741124,0.9677174639343433,0.9609952302138719,0.9479095440198035,0.9643446324142908,0.9119819764009188,0.8949141692200188,0.03228253606565663,0.5,
HistoKit (no postprocessing),constant,e398b039-2e70-a00a-855c-e3ff4eba631e_115619_1.png,14772665,376184,638,1458377,0.9529415957666578,0.9101131244578503,0.9999568139907508,0.9101488986350968,0.9121491481384963,0.9529415957666578,0.9983068929096497,0.20505396113838678,4.3186009249251846e-05,0.5,
HistoKit (no postprocessing),constant,d9d9ce51-54c1-b32b-5fae-fd9ffdaa32e5_111717_5.png,8986215,227299,4625,1077705,0.9431989697062572,0.892503832480264,0.9994855875535545,0.8929139937519376,0.8948770008558793,0.9431989697062572,0.9800581224884014,0.17417494505763967,0.0005144124464454934,0.5,
HistoKit (no postprocessing),constant,59c3e1ff-f1eb-ac9b-3a83-925048a454e4_130514_4.png,1787601,1073134,1221,62364,0.9825257702635521,0.9656517497431376,0.9993174278938877,0.9662890919557937,0.9782564835585709,0.982525770263552,0.998863504149001,0.9450778424973008,0.0006825721061122906,0.5,
HistoKit (no postprocessing),constant,2125a939-8f92-6ca7-9a29-e1755d6267ed_103351_5.png,4156220,952303,2830,36719,0.9952647207748957,0.9905740759322069,0.9993195561486398,0.9912426581927378,0.9923177065122633,0.9952647207748957,0.9970370618542129,0.9628734244536522,0.0006804438513602866,0.5,
HistoKit (no postprocessing),constant,0e99786b-efbd-e936-5e70-bad7ef5912da_122209_3.png,9744659,1760017,57147,180357,0.9879603516471127,0.976207160712563,0.9941697479015602,0.9818280393704151,0.9797734321906154,0.9879603516471128,0.9685515451549778,0.9070503933777715,0.005830252098439818,0.5,
HistoKit (no postprocessing),constant,6247d1f0-d194-53f2-2d84-7b4b827443da_115125_1.png,2665401,453654,247118,12187,0.9536135891495457,0.9113398064625983,0.9151531715329583,0.9954485156043424,0.9232453024544454,0.9536135891495459,0.6473631937349095,0.9738387132090134,0.08484682846704177,0.5,
HistoKit (no postprocessing),constant,7e3642ed-4a56-9d3f-3ecf-de46d455c0fd_113100_1.png,569839,1941912,1716858,84591,0.38749703770017413,0.24030779896832438,0.2491974231828703,0.8707409501398163,0.5823404896596495,0.38749703770017413,0.5307554178043441,0.9582576487673593,0.7508025768171297,0.5,
HistoKit (no postprocessing),constant,728c532f-2f31-cf1c-4143-7abb9ca2b76d_102101_5.png,4867526,1826795,591648,37743,0.9392740159794405,0.8855010908842175,0.8916231649696456,0.9923056207518894,0.9140612028435853,0.9392740159794404,0.755359956798651,0.9797574519800616,0.1083768350303544,0.5,
HistoKit (no postprocessing),constant,0e99786b-efbd-e936-5e70-bad7ef5912da_122209_4.png,5232801,251853,13553,36280,0.9952609663794223,0.9905666377795622,0.9974166821377284,0.9931145488179058,0.9909959134423841,0.9952609663794222,0.9489348394535165,0.8740859255968598,0.002583317862271589,0.5,
HistoKit (no postprocessing),constant,66e65946-ef0a-6028-f7a7-e909aade97a4_112429_4.png,9077665,969915,24338,53490,0.9957315128843834,0.991499310850874,0.9973260830610581,0.9941420335105471,0.9923135936843236,0.9957315128843836,0.9755213210319708,0.9477333020651648,0.002673916938941901,0.5,
HistoKit (no postprocessing),constant,59c3e1ff-f1eb-ac9b-3a83-925048a454e4_130514_1.png,4980167,706357,121669,82928,0.9798722686853457,0.9605388017660977,0.976151918642622,0.9836210855218004,0.9652702770830882,0.9798722686853457,0.8530613772997466,0.894932755595254,0.02384808135737801,0.5,
HistoKit (no postprocessing),constant,228e0715-eef2-126e-c558-f7684e2bcfa8_110725_7.png,7506008,365840,1513,1727748,0.8967067446527526,0.8127546690843548,0.9997984687621919,0.8128878432568502,0.8198894523538895,0.8967067446527526,0.9958813457355732,0.17474307265803968,0.00020153123780805942,0.5,
HistoKit (no postprocessing),constant,0502ebf6-5b9d-c3a6-85fe-a3909acf1f7b_112628_5.png,2742446,843787,374,11881,0.9977706617632747,0.9955512413143931,0.9998636439868457,0.9956864235800614,0.9965944029825861,0.9977706617632747,0.999556956552127,0.9861149417764834,0.0001363560131543448,0.5,
HistoKit (no postprocessing),constant,f761dbde-597d-9a8f-e1a1-2533f0d71b83_120113_1.png,9223700,905698,103473,147369,0.9865847281257778,0.9735246305309534,0.9889062848946836,0.9842740460026492,0.9758346627823634,0.9865847281257778,0.8974673271427737,0.8600573372824332,0.011093715105316477,0.5,
HistoKit (no postprocessing),constant,c38dfb82-e376-0eab-4312-72ca49852e8b_104329_1.png,3510401,813014,39976,80347,0.9831506940433055,0.9668597778294357,0.9887403506726187,0.9776238822663134,0.9729230211142061,0.9831506940433055,0.9531342688659891,0.9100621137479697,0.011259649327381289,0.5,
HistoKit (no postprocessing),constant,59c3e1ff-f1eb-ac9b-3a83-925048a454e4_130514_3.png,2357825,404049,8430,59784,0.9857408153743501,0.971882562481477,0.9964374084787988,0.9752714355381702,0.9758968625710579,0.9857408153743501,0.9795625959139738,0.8711087826868722,0.003562591521201223,0.5,
HistoKit (no postprocessing),constant,c0272a60-2518-4785-1810-6431c15f4b4b_130712_3.png,33254864,2116123,172065,338547,0.9923812382927332,0.9848776898628646,0.9948525035009946,0.9899222201639483,0.9857695305050369,0.9923812382927332,0.9248029445133005,0.8620804425849503,0.005147496499005338,0.5,
HistoKit (no postprocessing),constant,7d4546a5-f4cc-3733-763f-d1c5a5904dff_120251_4.png,3296010,261606,5041,158879,0.9757369070773275,0.9526233189688809,0.9984729105972613,0.9540132837842258,0.9559536707424031,0.9757369070773275,0.9810948557456113,0.6221529899996433,0.0015270894027387034,0.5,
HistoKit (no postprocessing),constant,7e3642ed-4a56-9d3f-3ecf-de46d455c0fd_113100_4.png,8180508,3754641,25374,83381,0.9933966902150613,0.9868800157504956,0.9969078278239926,0.989910198454989,0.9909701206519083,0.9933966902150613,0.993287328224888,0.978275007282397,0.0030921721760074055,0.5,
HistoKit (no postprocessing),constant,7e3642ed-4a56-9d3f-3ecf-de46d455c0fd_113100_3.png,3798601,1317480,236343,135488,0.9533405119542108,0.9108411310866596,0.9414259528756781,0.9655605147722891,0.9322454514576765,0.9533405119542108,0.8478958028037943,0.9067508713199465,0.058574047124321925,0.5,
HistoKit (no postprocessing),constant,3e1fffa8-5bae-87b0-bc39-e4a1bc285608_122517_7.png,3842594,351513,482,2343923,0.766251232726991,0.6210755812309005,0.999874579633606,0.621123970078802,0.6414467083642272,0.766251232726991,0.9986306623673632,0.1304104419470542,0.00012542036639400314,0.5,
HistoKit (no postprocessing),constant,66e65946-ef0a-6028-f7a7-e909aade97a4_112429_5.png,13332960,466677,12611,10792,0.9991231324975909,0.9982478014411558,0.9990550423057957,0.9991912319713376,0.9983069570803528,0.9991231324975908,0.9736880539466876,0.9773974854912046,0.0009449576942043169,0.5,
HistoKit (no postprocessing),constant,b0f43f79-08e2-79bc-61fa-379c7ef1dd21_131900_5.png,7496221,154423,16359,353038,0.9759535951392277,0.9530364937631093,0.9978224524730519,0.9550227607472247,0.9539407591557201,0.9759535951392279,0.9042112166387558,0.3043051584259677,0.0021775475269481324,0.5,
HistoKit (no postprocessing),constant,1875292b-dccd-c5b5-17ad-67c30baa6d69_130951_13.png,11381170,338156,53584,1290917,0.9442274083111927,0.89434733932694,0.9953139350439896,0.8981290927058818,0.8970821490517289,0.9442274083111927,0.86321539796804,0.2075757194428979,0.004686064956010422,0.5,
HistoKit (no postprocessing),constant,cbd7b0be-5303-525e-8ff2-6d1502e77bdd_110516_5.png,4528140,502308,138487,128540,0.9713591969029873,0.9443133054594345,0.9703239620393916,0.9723966431019525,0.9495935327679697,0.9713591969029873,0.783882520931031,0.7962425180075073,0.02967603796060838,0.5,
HistoKit (no postprocessing),constant,1875292b-dccd-c5b5-17ad-67c30baa6d69_130951_12.png,7064993,278569,7576,1116222,0.9263266085320206,0.8627638683170691,0.9989288192168928,0.8635628082136945,0.8672788212618809,0.9263266085320206,0.9735239127016023,0.19972096177850301,0.0010711807831072415,0.5,
HistoKit (no postprocessing),constant,6f1702fd-ae84-1c96-04ae-a23a14a5d2d4_111419_3.png,4547146,344974,16480,71144,0.9904568937463597,0.9810942074795513,0.9963888364208636,0.9845951640109218,0.9824039147393923,0.9904568937463597,0.9544063698285259,0.8290292657371227,0.0036111635791364147,0.5,
HistoKit (no postprocessing),constant,e398b039-2e70-a00a-855c-e3ff4eba631e_115619_3.png,17476316,537134,25439,3335511,0.9122778444469118,0.8387048473633729,0.9985464886235694,0.8397300246633801,0.8427581592933603,0.9122778444469118,0.9547809795351003,0.1386995193207743,0.0014535113764305352,0.5,
HistoKit (no postprocessing),constant,b91bdd22-8eea-af27-bee7-880d6f1d7c1e_121440_1.png,5270797,1302842,81750,484723,0.9490034584775191,0.9029558338058716,0.9847268973070203,0.9157811978761259,0.9206632893153497,0.9490034584775192,0.9409573361683442,0.728836154209777,0.015273102692979622,0.5,
HistoKit (no postprocessing),constant,04e13be9-17d6-1bd0-76ee-d5d53a64912e_105258_3.png,9573884,314082,3377,1282157,0.937086330931731,0.8816203593967927,0.9996473939678578,0.8818946059617866,0.8849479572202086,0.937086330931731,0.9893624058539843,0.19676376783175953,0.0003526060321421751,0.5,
HistoKit (no postprocessing),constant,b91bdd22-8eea-af27-bee7-880d6f1d7c1e_121440_2.png,9647511,1018833,5119,1265372,0.9382222558707872,0.8836333790743032,0.999469678212052,0.8840478725924212,0.893565505429203,0.9382222558707872,0.9950007422222916,0.44603395929874945,0.0005303217879479478,0.5,
HistoKit (no postprocessing),constant,b1a83861-bd20-5668-5a83-92a470ead44d_110338_3.png,837793,1685943,60684,99251,0.9128667010619873,0.8397008002180956,0.9324590390182498,0.8940807475422712,0.9404043938321799,0.9128667010619873,0.9652564628853213,0.9444032413283935,0.06754096098175023,0.5,
HistoKit (no postprocessing),constant,3e1fffa8-5bae-87b0-bc39-e4a1bc285608_122517_3.png,10623679,492146,16584,1488015,0.9338694688988732,0.8759428997257483,0.9984413919092038,0.8771422890968018,0.880780629874242,0.9338694688988731,0.9674011754761858,0.24853837642494728,0.001558608090796252,0.5,
HistoKit (no postprocessing),constant,0504f20c-cba2-27c1-e181-78505aa24ca7_112258_4.png,9942692,1323097,452608,134963,0.9713001371809785,0.9442016785335751,0.9564603234153897,0.9866076979217884,0.9504300046569074,0.9713001371809785,0.7451108151410285,0.9074365938301578,0.04353967658461035,0.5,
HistoKit (no postprocessing),constant,c74350c8-f970-c60d-af8a-f9c4d9c5bab2_124242_5.png,0,5500017,5600847,1850,0.0,0.0,0.0,0.0,0.495375905386737,,0.4954584616116367,0.9996637505050558,1.0,0.5,
HistoKit (no postprocessing),constant,c74350c8-f970-c60d-af8a-f9c4d9c5bab2_124242_4.png,0,2725269,912109,1278,0.0,0.0,0.0,0.0,0.748976820012664,,0.7492399745091107,0.99953127527235,1.0,0.5,
HistoKit (no postprocessing),constant,5fe08b37-e6eb-942a-a4ce-507361c4911e_102333_2.png,9072186,69977,13007,116240,0.9929271262578037,0.9859536009228128,0.9985683298087339,0.9873493022635215,0.9860596176849045,0.9929271262578037,0.8432589414826954,0.37578201775348113,0.0014316701912661623,0.5,
HistoKit (no postprocessing),constant,cbd7b0be-5303-525e-8ff2-6d1502e77bdd_110516_4.png,3245957,341266,971,72276,0.9888430763541062,0.977932359686238,0.9997009480961697,0.9782185277525719,0.979989728095026,0.9888430763541061,0.997162784853771,0.8252269418825657,0.00029905190383032823,0.5,
HistoKit (no postprocessing),constant,7e6be544-b3c1-c3b1-a8a1-838402bd2649_124526_4.png,4610442,475510,17084,80324,0.9895465821418775,0.9793094512357021,0.9963081784953775,0.982876144322697,0.9812075564884554,0.9895465821418775,0.9653182945793087,0.8554892287985262,0.0036918215046225565,0.5,
HistoKit (no postprocessing),constant,66e65946-ef0a-6028-f7a7-e909aade97a4_112429_3.png,4701968,169789,12559,6122,0.9980174297650005,0.9960427051449917,0.997336106039906,0.9986996850102695,0.9961800967520701,0.9980174297650004,0.9311261982582754,0.9651983105092916,0.002663893960093982,0.5,
HistoKit (no postprocessing),constant,24aa9d72-799e-9634-ead4-94165f32d151_102546_6.png,8293547,117730,3437,30610,0.9979515846715938,0.9959115441987205,0.99958575308811,0.9963227507602271,0.995968538329613,0.9979515846715937,0.9716341908275355,0.7936497236079277,0.00041424691188991086,0.5,
HistoKit (no postprocessing),constant,0f3058e5-e9f7-bd55-4b60-07a71af55b96_123333_3.png,30587025,1528407,105185,542212,0.9895279545947865,0.9792729636552903,0.9965729088912137,0.9825819052359042,0.9802398932033617,0.9895279545947865,0.9356112174888221,0.7381401407018867,0.003427091108786236,0.5,
HistoKit (no postprocessing),constant,84acf623-2a5d-c4c6-c1db-583a94b80fc7_105804_1.png,45407308,3740103,51152,769597,0.9910433160821698,0.9822456522453453,0.9988747529062797,0.9833337249432373,0.9835745602799862,0.9910433160821698,0.9865078977805503,0.82934629797991,0.0011252470937202887,0.5,
HistoKit (no postprocessing),constant,def4a0a8-b472-78ea-531c-84458df3a3e9_124843_6.png,16584499,7801318,2180783,15899,0.9378866177604955,0.8830381326925074,0.8837862921537764,0.9990422518785393,0.9173636007660528,0.9378866177604955,0.781530661731433,0.9979661559862033,0.11621370784622367,0.5,
HistoKit (no postprocessing),constant,1875292b-dccd-c5b5-17ad-67c30baa6d69_130951_4.png,3890752,149979,3100,166804,0.9786322120560283,0.9581584847374415,0.9992038731826479,0.9588905242466155,0.9596488415642771,0.9786322120560283,0.9797490184806538,0.47344396637445824,0.000796126817352072,0.5,
HistoKit (no postprocessing),constant,969ce636-2f0f-f223-bb1c-2b4624598a38_125938_4.png,15805543,765904,75337,3703236,0.8932294600521582,0.8070593025490658,0.99525611930825,0.8101759213121437,0.8143209195863198,0.8932294600521583,0.910445401496123,0.1713761484312418,0.00474388069175008,0.5,
HistoKit (no postprocessing),constant,b91bdd22-8eea-af27-bee7-880d6f1d7c1e_121440_4.png,6435635,255858,19901,270797,0.9779137891841099,0.9567820980614549,0.9969172195771195,0.9596213008646028,0.9583657909100453,0.9779137891841099,0.9278319111978213,0.48581709088492464,0.003082780422880455,0.5,
HistoKit (no postprocessing),constant,9e7010fd-072a-6a7f-3911-83d91e8c9301_113642_6.png,7040278,1649604,28669,846249,0.9414984774136881,0.88946350791566,0.9959443747420939,0.8926968740486149,0.9085273084643694,0.9414984774136881,0.9829175587046922,0.6609379638945082,0.004055625257906164,0.5,
HistoKit (no postprocessing),constant,859ead5f-592a-5c4e-67de-d71b0ee92f6d_113334_2.png,12744494,601124,38954,264172,0.9882473379266237,0.9767677170242542,0.996952778311454,0.9796926141389133,0.9777909234725188,0.9882473379266236,0.9391417920940885,0.6947033153972745,0.003047221688546001,0.5,
HistoKit (no postprocessing),constant,35ce6eab-4a33-9fbb-2efe-2acf7936ba3e_104917_2.png,7253894,4498605,891659,146142,0.9332414487479375,0.8748384980393031,0.8905342583861403,0.9802511771564355,0.9188603082023096,0.9332414487479375,0.8345797163181617,0.968536068810637,0.10946574161385973,0.5,
HistoKit (no postprocessing),constant,d9d9ce51-54c1-b32b-5fae-fd9ffdaa32e5_111717_3.png,10899832,734088,27921,1022909,0.9540128104013856,0.9120693062861287,0.9974449459097401,0.9142052150591882,0.9171580046906719,0.9540128104013856,0.9633587004877895,0.4178083400256233,0.00255505409025991,0.5,
HistoKit (no postprocessing),constant,6b809376-ab46-9021-2fa3-0d0025b512da_132412_1.png,3748615,439209,7809,71080,0.9895871487763062,0.9793889176863042,0.9979211611894717,0.9813911843746687,0.9815105914084215,0.9895871487763063,0.9825309047957801,0.8607063840294421,0.002078838810528311,0.5,
HistoKit (no postprocessing),constant,c38dfb82-e376-0eab-4312-72ca49852e8b_104329_5.png,2623218,527510,2642,68708,0.9865827620742919,0.9735208018502409,0.9989938534423008,0.9744762671782211,0.977855905412594,0.9865827620742919,0.9950165235630536,0.8847602722494121,0.0010061465576991918,0.5,
HistoKit (no postprocessing),constant,cbd7b0be-5303-525e-8ff2-6d1502e77bdd_110516_2.png,9592339,749847,30178,42736,0.9962137529967402,0.9924560691789444,0.9968638143221779,0.9955645389371645,0.9929992030801432,0.9962137529967401,0.9613114964263966,0.9460800950815246,0.003136185677822133,0.5,
HistoKit (no postprocessing),constant,b0f43f79-08e2-79bc-61fa-379c7ef1dd21_131900_4.png,13145311,195470,12268,387283,0.9850300333384875,0.9705016559046522,0.9990676096263605,0.9713814661106362,0.9709212994271172,0.9850300333384875,0.9409448439861748,0.3354251286565663,0.0009323903736394058,0.5,
HistoKit (no postprocessing),constant,e3dca99c-de77-4ab1-72a1-8daf3d4d032c_120923_2.png,9200490,1268796,38748,121662,0.9913578670562927,0.982863827196103,0.9958061476498387,0.9869491507969405,0.9849092579881871,0.9913578670562926,0.9703658156054404,0.912502211501534,0.004193852350161345,0.5,
HistoKit (no postprocessing),constant,7e6be544-b3c1-c3b1-a8a1-838402bd2649_124526_3.png,50304368,510746,38361,52965,0.9990930889397069,0.9981878213642618,0.9992380031682431,0.9989482167373717,0.9982060030125854,0.999093088939707,0.9301392988980289,0.9060422805302717,0.0007619968317569753,0.5,
HistoKit (no postprocessing),constant,24aa9d72-799e-9634-ead4-94165f32d151_102546_7.png,10990286,597405,11482,67347,0.9964265122158122,0.9928784731209316,0.9989563495612706,0.993909456029152,0.9932431436280913,0.9964265122158122,0.9811426422308245,0.8986885334681204,0.0010436504387294843,0.5,
HistoKit (no postprocessing),constant,859ead5f-592a-5c4e-67de-d71b0ee92f6d_113334_1.png,20296036,374009,7749,303846,0.9923822233346462,0.9848796302690008,0.9996183470224886,0.9852501096850943,0.985149158978993,0.9923822233346462,0.9797018006171448,0.5517536936365447,0.00038165297751133594,0.5,
HistoKit (no postprocessing),constant,19a1c0fb-3d0a-327d-ea5a-6aae35f53e51_121144_3.png,24672707,1519708,40783,179598,0.9955537684808646,0.9911468998944607,0.9983497676774912,0.9927733866134348,0.9916562790247575,0.9955537684808647,0.9738652770185794,0.8943109716554876,0.0016502323225088807,0.5,
HistoKit (no postprocessing),constant,7ea29210-064a-9e70-4612-3ab81fa629dc_120503_4.png,2836399,177322,3861,450025,0.9259165316833706,0.8620526793271708,0.9986406174082655,0.8630654474285728,0.869106850920534,0.9259165316833706,0.9786900537026101,0.28265377853086093,0.0013593825917345595,0.5,
HistoKit (no postprocessing),constant,7ea29210-064a-9e70-4612-3ab81fa629dc_120503_1.png,8780031,156128,5005,1006356,0.945542083662625,0.8967091706674597,0.9994302812191094,0.8971677698827975,0.8983303376117867,0.9455420836626252,0.9689387028107216,0.1343055044198458,0.0005697187808905962,0.5,
HistoKit (no postprocessing),constant,8e6bc805-8b70-bd59-8612-caf5bbe72e5e_125634_1.png,64587489,1027138,143585,94146,0.9981630011315195,0.9963327390173146,0.997781822683801,0.9985444709305817,0.996389939446056,0.9981630011315195,0.877353566983821,0.9160373286339589,0.0022181773161990175,0.5,
HistoKit (no postprocessing),constant,5fe08b37-e6eb-942a-a4ce-507361c4911e_102333_3.png,13598258,1657107,25595,1578035,0.9443186850511105,0.8945111291439589,0.9981213097352122,0.8960197328820682,0.9048798579037481,0.9443186850511106,0.9847893447562314,0.5122207927812751,0.0018786902647877953,0.5,
HistoKit (no postprocessing),constant,f761dbde-597d-9a8f-e1a1-2533f0d71b83_120113_5.png,3494620,641665,556328,29594,0.9226522152265523,0.85641074151424,0.8626672077745753,0.9916026665804063,0.8759220000309177,0.9226522152265522,0.5356166521841113,0.9559126953977526,0.13733279222542477,0.5,
HistoKit (no postprocessing),constant,969ce636-2f0f-f223-bb1c-2b4624598a38_125938_5.png,13026015,272164,8665,1361941,0.9500191739408276,0.9047966880561765,0.9993352349271328,0.9053415926487404,0.9065630861724403,0.9500191739408275,0.9691449244914165,0.1665523329284226,0.0006647650728671513,0.5,
HistoKit (no postprocessing),constant,969ce636-2f0f-f223-bb1c-2b4624598a38_125938_2.png,4618806,328706,6370,1172622,0.8868160870855799,0.7966483137218647,0.9986227551124541,0.7975245483497334,0.8075587643458652,0.8868160870855799,0.9809893874822428,0.2189434953587757,0.001377244887545901,0.5,
HistoKit (no postprocessing),constant,9e7010fd-072a-6a7f-3911-83d91e8c9301_113642_2.png,2600127,922928,9246,436055,0.9211236096362536,0.8537804866836451,0.996456620038607,0.8563804804850302,0.8877870332198019,0.9211236096362537,0.9900812509252565,0.6791313798627356,0.0035433799613930244,0.5,
HistoKit (no postprocessing),constant,a40a1d35-8d5f-0529-214c-05d84888ba26_111152_2.png,2766483,3931147,648,115802,0.9793872499387547,0.9596071084551739,0.9997658224348612,0.9598228488855196,0.9829103855546163,0.9793872499387547,0.9998351897797316,0.9713853572160163,0.00023417756513876648,0.5,
HistoKit (no postprocessing),constant,04e13be9-17d6-1bd0-76ee-d5d53a64912e_105258_1.png,14311226,259781,51387,587064,0.978180748557213,0.9572933247989237,0.9964221691415065,0.9605952092488467,0.9580227645192879,0.9781807485572129,0.8348576974496092,0.30676333921792065,0.003577830858493507,0.5,
HistoKit (no postprocessing),constant,40f80889-968b-7602-00a3-4e00b00e88fe_110004_1.png,9474489,902074,90678,2177534,0.8930955512959068,0.8068406919328015,0.9905199773302442,0.8131196617102455,0.8206206120709938,0.8930955512959068,0.9086599674440343,0.2929184493610875,0.009480022669755792,0.5,
HistoKit (no postprocessing),constant,2125a939-8f92-6ca7-9a29-e1755d6267ed_103351_3.png,10205609,2424527,416981,717779,0.9473330939073641,0.8999362366427406,0.9607458256413925,0.934289709383206,0.9175613095805446,0.9473330939073641,0.8532536244839009,0.771575715414094,0.03925417435860746,0.5,
HistoKit (no postprocessing),constant,f9a50b4c-7c73-18cd-0877-8296eed330e2_114604_2.png,8747598,1662144,34868,2032356,0.8943267755216379,0.8088527023375882,0.996029816682467,0.8114689543202133,0.8343167722024729,0.894326775521638,0.9794532979142163,0.4498968737312221,0.003970183317532912,0.5,
HistoKit (no postprocessing),constant,c38dfb82-e376-0eab-4312-72ca49852e8b_104329_2.png,5756007,752927,15039,71518,0.992537270324077,0.985185100240237,0.9973940599329827,0.9877275515763553,0.9868763371824781,0.9925372703240769,0.9804171017987775,0.9132531581852034,0.0026059400670173137,0.5,
HistoKit (no postprocessing),constant,0502ebf6-5b9d-c3a6-85fe-a3909acf1f7b_112628_1.png,7701022,2936826,396039,61292,0.9711633655172414,0.9439432199121562,0.9510885492896743,0.9921039009759203,0.9587811066410015,0.9711633655172414,0.8811716046104477,0.979556508449634,0.048911450710325634,0.5,
HistoKit (no postprocessing),constant,c0272a60-2518-4785-1810-6431c15f4b4b_130712_2.png,17007242,1509927,70512,285958,0.9896287429205486,0.9794704035634777,0.9958711198205572,0.9834641361922606,0.9811128103064809,0.9896287429205486,0.9553845482172991,0.8407704279505648,0.004128880179442801,0.5,
HistoKit (no postprocessing),constant,0f3058e5-e9f7-bd55-4b60-07a71af55b96_123333_2.png,15237611,829640,45544,87433,0.9956555104728638,0.991348606832738,0.9970199870380166,0.9942947635256382,0.9917916587346796,0.9956555104728638,0.9479606574160405,0.9046608067187673,0.002980012961983308,0.5,
HistoKit (no postprocessing),constant,7d4546a5-f4cc-3733-763f-d1c5a5904dff_120251_3.png,2826922,448491,12236,219931,0.9605561389538687,0.9241058367376693,0.9956902715523405,0.9278169967504175,0.9338099202299021,0.9605561389538686,0.973441973229266,0.6709698364207043,0.004309728447659482,0.5,
HistoKit (no postprocessing),constant,c38dfb82-e376-0eab-4312-72ca49852e8b_104329_4.png,5024304,145837,5967,29512,0.9964816844598822,0.9929880392103771,0.9988137816034166,0.9941604522206586,0.9931844813874235,0.9964816844598823,0.960692735369292,0.831695646966906,0.0011862183965834047,0.5,
HistoKit (no postprocessing),constant,7ea29210-064a-9e70-4612-3ab81fa629dc_120503_3.png,3909585,231329,7320,536839,0.9349351197352155,0.8778198746941899,0.9981311775496214,0.8792650003688357,0.8838526101941208,0.9349351197352155,0.9693273384761721,0.30114376021911876,0.0018688224503785515,0.5,
HistoKit (no postprocessing),constant,228e0715-eef2-126e-c558-f7684e2bcfa8_110725_12.png,2048126,6116881,451757,297604,0.8453526932505753,0.7321306586947499,0.819288742713159,0.8731294735540749,0.9159378432660622,0.8453526932505753,0.9312251641816767,0.9536043813338093,0.18071125728684104,0.5,
HistoKit (no postprocessing),constant,5fe08b37-e6eb-942a-a4ce-507361c4911e_102333_4.png,5533033,512493,16195,1762479,0.8615251067752248,0.7567361493013874,0.9970815760318372,0.75841599602605,0.772670177142711,0.8615251067752246,0.969367566504252,0.22527442095990632,0.0029184239681627785,0.5,
HistoKit (no postprocessing),constant,7e6be544-b3c1-c3b1-a8a1-838402bd2649_124526_2.png,49835907,1354804,94018,108466,0.9979726115321481,0.9959534270396504,0.9981170009768691,0.9978282638566711,0.9960601009530542,0.997972611532148,0.9351072802594107,0.9258742405707764,0.001882999023130918,0.5,
HistoKit (no postprocessing),constant,be2180cd-04c9-2627-2456-4397fd5e59ee_103647_6.png,3748969,359996,10381,89381,0.9868694473327454,0.9740792484587777,0.9972386183781771,0.9767136920812328,0.9762963955609381,0.9868694473327455,0.9719718017047495,0.8011001898183485,0.0027613816218229215,0.5,
HistoKit (no postprocessing),constant,0f3058e5-e9f7-bd55-4b60-07a71af55b96_123333_1.png,18626670,805297,32476,272557,0.9918784288126645,0.9838877146974047,0.9982595130559566,0.9855784048733846,0.9845451183057202,0.9918784288126645,0.9612353226948112,0.7471299452430478,0.0017404869440434197,0.5,
HistoKit (no postprocessing),constant,6f1702fd-ae84-1c96-04ae-a23a14a5d2d4_111419_1.png,2936501,787446,917,67758,0.9884418153326072,0.9771477610629128,0.9996878210727925,0.9774460191348349,0.981892474388431,0.9884418153326073,0.9988368302419063,0.9207697812451766,0.00031217892720749994,0.5,
HistoKit (no postprocessing),constant,9e7010fd-072a-6a7f-3911-83d91e8c9301_113642_4.png,6967801,213023,49627,880429,0.9374359345546628,0.8822394479920312,0.99292803574187,0.8878181449830089,0.8853322943996212,0.9374359345546629,0.8110527317723206,0.19481696498794643,0.007071964258129902,0.5,
HistoKit (no postprocessing),constant,228e0715-eef2-126e-c558-f7684e2bcfa8_110725_1.png,7924924,562896,18495,2059284,0.8841018390219743,0.7922782471897846,0.9976716575066731,0.7937458834992219,0.8033448931764304,0.8841018390219743,0.9681883620489481,0.21466718531908566,0.002328342493326866,0.5,
HistoKit (no postprocessing),constant,deaaef3a-8172-327d-10b9-23d266fb17ca_123636_5.png,2367638,162419,1296,457043,0.911749523212637,0.8378121973391857,0.9994529184856986,0.8381965963590224,0.8466270869054837,0.9117495232126371,0.992083804171884,0.26219364545363555,0.0005470815143013693,0.5,
HistoKit (no postprocessing),constant,9e7010fd-072a-6a7f-3911-83d91e8c9301_113642_7.png,2998662,3187214,422056,325813,0.8891256336178964,0.800383608196489,0.8766177159298135,0.9019956534490409,0.8921406829931011,0.8891256336178964,0.8830633341368199,0.9072557654694939,0.12338228407018643,0.5,
HistoKit (no postprocessing),constant,f761dbde-597d-9a8f-e1a1-2533f0d71b83_120113_2.png,3066574,463334,22055,40141,0.989960848017479,0.9801212617098732,0.9928592912907312,0.9870792782730312,0.9826853565486968,0.989960848017479,0.9545622171083399,0.9202721088435374,0.00714070870926874,0.5,
HistoKit (no postprocessing),constant,8e6bc805-8b70-bd59-8612-caf5bbe72e5e_125634_3.png,31227476,391495,27549,88365,0.9981474764948914,0.9963018039848274,0.9991185737333437,0.9971782651470226,0.996347426499261,0.9981474764948914,0.9342575004056853,0.8158525403242612,0.0008814262666563216,0.5,
HistoKit (no postprocessing),constant,3e1fffa8-5bae-87b0-bc39-e4a1bc285608_122517_5.png,5131411,1718077,278701,521726,0.9276499154995065,0.8650625657679795,0.9484851699927839,0.9077103562146115,0.8953678570284768,0.9276499154995065,0.8604246441016478,0.7670661214401445,0.051514830007216114,0.5,
HistoKit (no postprocessing),constant,7e3642ed-4a56-9d3f-3ecf-de46d455c0fd_113100_2.png,2195160,1252494,4602,130636,0.9701168342113834,0.9419678527015557,0.9979079554970037,0.9438317032104278,0.9622545139512997,0.9701168342113835,0.9963391817331373,0.9055504544041413,0.002092044502996233,0.5,
HistoKit (no postprocessing),constant,1875292b-dccd-c5b5-17ad-67c30baa6d69_130951_1.png,10304036,347448,8597,1620600,0.9267357425950102,0.8634739638453385,0.9991663622665521,0.8640964805969759,0.8673365915131254,0.9267357425950102,0.9758541757362131,0.1765444745250116,0.0008336377334478984,0.5,
HistoKit (no postprocessing),constant,7d4546a5-f4cc-3733-763f-d1c5a5904dff_120251_1.png,6378625,934819,26505,393667,0.9681142487506281,0.9381990666878273,0.9958619106872147,0.9418709352756792,0.9456693996702189,0.9681142487506281,0.9724286504862044,0.7036724511963243,0.004138089312785221,0.5,
HistoKit (no postprocessing),constant,be2180cd-04c9-2627-2456-4397fd5e59ee_103647_1.png,28907284,455453,8673,55250,0.9988955655391915,0.9977935679379876,0.9997000618032459,0.9980923630508297,0.99782771813043,0.9988955655391915,0.9813132640705325,0.8918157911741267,0.0002999381967541313,0.5,
HistoKit (no postprocessing),constant,54b22c23-34e4-1c55-9de2-c8e205e762bc_131621_2.png,20988513,1717356,76933,314033,0.9907721376080321,0.9817130249057987,0.9963479054751558,0.985258428734293,0.9830727456813888,0.9907721376080321,0.9571234065415326,0.8454097171935065,0.0036520945248441454,0.5,
HistoKit (no postprocessing),constant,f761dbde-597d-9a8f-e1a1-2533f0d71b83_120113_3.png,10021678,14699876,412894,107692,0.9746845230355152,0.9506191459443626,0.9604301930160624,0.989368341762617,0.9793763127848907,0.9746845230355151,0.9726791316218006,0.9927272324530267,0.039569806983937625,0.5,
HistoKit (no postprocessing),constant,f9a50b4c-7c73-18cd-0877-8296eed330e2_114604_5.png,4982087,3166592,467332,1049429,0.8678887216067332,0.7666107900969525,0.9142418668852588,0.8260090829569217,0.8430737762585045,0.8678887216067331,0.8713974205294331,0.7510854428856023,0.08575813311474122,0.5,
HistoKit (no postprocessing),constant,1c7a4a4c-ace6-25f8-ee0c-f8914aeab226_121941_3.png,7003531,3756407,641366,133924,0.9475530010379944,0.9003332253049658,0.9161053445193572,0.9812364491264743,0.9327893648916172,0.9475530010379946,0.8541611856728394,0.9655751657121207,0.08389465548064284,0.5,
HistoKit (no postprocessing),constant,9601a588-d18f-b3b2-00f0-b816a7730c15_114312_2.png,5457310,424531,18156,56483,0.9932080042885512,0.9865076485701513,0.9966841178449469,0.9897560535914206,0.9874692771569786,0.9932080042885512,0.9589868236474077,0.8825751433430212,0.003315882155053104,0.5,
HistoKit (no postprocessing),constant,6f1702fd-ae84-1c96-04ae-a23a14a5d2d4_111419_2.png,6370952,566063,14136,247885,0.9798506220237352,0.960497200878098,0.9977860915934127,0.9625485564911177,0.9636033213335785,0.9798506220237351,0.9756359455979758,0.6954535179151494,0.0022139084065873485,0.5,
HistoKit (no postprocessing),gaussian,2125a939-8f92-6ca7-9a29-e1755d6267ed_103351_7.png,914692,336189,9179,1452390,0.5558827488572459,0.3849290965933456,0.9900646302351735,0.386421763166633,0.46116278641080943,0.5558827488572459,0.9734225521762294,0.18796430015112556,0.009935369764826474,0.75,2.25
HistoKit (no postprocessing),constant,9601a588-d18f-b3b2-00f0-b816a7730c15_114312_1.png,9480939,1014724,346171,78064,0.9781165517811642,0.9571703636907337,0.9647738755341092,0.9918334579453527,0.9611502781436236,0.9781165517811642,0.7456298979715554,0.9285643693012734,0.03522612446589079,0.5,
HistoKit (no postprocessing),constant,54b22c23-34e4-1c55-9de2-c8e205e762bc_131621_1.png,26119377,1342554,130355,172962,0.9942271594128826,0.9885205876433342,0.9950340445380547,0.9934215818531779,0.9890756603362592,0.9942271594128826,0.9114982663558985,0.8858725345030999,0.004965955461945288,0.5,
HistoKit (no postprocessing),gaussian,228e0715-eef2-126e-c558-f7684e2bcfa8_110725_2.png,2746402,182818,63491,747795,0.8713079921130568,0.7719625779438781,0.9774044776793992,0.7859894562327195,0.7831079538436778,0.8713079921130568,0.742230287971613,0.19644900726725287,0.02259552232060082,0.75,2.25
HistoKit (no postprocessing),gaussian,be2180cd-04c9-2627-2456-4397fd5e59ee_103647_4.png,4389804,438440,26161,457719,0.9477648160174655,0.9007157624499249,0.9940758135537759,0.9055767244425659,0.9089102588719691,0.9477648160174656,0.9436914685934813,0.4892435382560461,0.005924186446224098,0.75,2.25
HistoKit (no postprocessing),gaussian,39bcf904-a619-148a-5bca-38122a540be1_104536_1.png,1669437,912148,1548,336183,0.9081405263823554,0.8317375526114406,0.9990736003016185,0.8323795135668771,0.8843115990184002,0.9081405263823554,0.998305782229538,0.7306940226590544,0.0009263996983814935,0.75,2.25
HistoKit (no postprocessing),constant,be2180cd-04c9-2627-2456-4397fd5e59ee_103647_3.png,21816608,1445010,45553,261528,0.9930114036325244,0.986119810308308,0.9979163541975562,0.9881544347765591,0.9869708124322009,0.9930114036325244,0.9694390642998653,0.8467493838402661,0.002083645802443775,0.5,
HistoKit (no postprocessing),gaussian,9e7010fd-072a-6a7f-3911-83d91e8c9301_113642_3.png,3206874,270813,3838,562801,0.9188241282324318,0.8498378036593487,0.9988046265127486,0.8507030446921817,0.8598928474114105,0.9188241282324319,0.9860259019628547,0.32486618506886883,0.0011953734872514258,0.75,2.25
HistoKit (no postprocessing),constant,332605c9-e7e2-297a-c808-98d567218fe3_115336_3.png,9094904,266332,30649,145691,0.9903986399325542,0.9809798987061499,0.9966414090192671,0.9842335910187602,0.9815110254429428,0.9903986399325543,0.8967981116637092,0.646400807721899,0.0033585909807328936,0.5,
HistoKit (no postprocessing),gaussian,c74350c8-f970-c60d-af8a-f9c4d9c5bab2_124242_3.png,305080,1906584,1520752,21588,0.283465737514518,0.16513840924099554,0.16709094812666225,0.933914555450794,0.5891480136941782,0.283465737514518,0.5562874489107575,0.9888039033862124,0.8329090518733377,0.75,2.25
HistoKit (no postprocessing),constant,10fd35f3-17d4-d309-f849-cc9e883460c1_123055_2.png,4868377,3662505,3645036,101572,0.7221310234049935,0.5651056850360158,0.5718478593720285,0.9795627681491299,0.6948392546033432,0.7221310234049935,0.5011952721168448,0.9730154298118768,0.4281521406279714,0.5,
HistoKit (no postprocessing),gaussian,332605c9-e7e2-297a-c808-98d567218fe3_115336_2.png,5420491,468074,13794,207497,0.9799958833053569,0.9607764000806838,0.9974616715906508,0.9631312291355276,0.9637813067934825,0.9799958833053568,0.9713739032266098,0.692856857384346,0.00253832840934916,0.75,2.25
HistoKit (no postprocessing),constant,969ce636-2f0f-f223-bb1c-2b4624598a38_125938_1.png,22002167,765158,150090,2205335,0.94919246668215,0.9032981174822208,0.9932246181506471,0.9088986959497102,0.9062433451751898,0.94919246668215,0.8360116602276104,0.2575861986545668,0.006775381849352867,0.5,
HistoKit (no postprocessing),gaussian,0502ebf6-5b9d-c3a6-85fe-a3909acf1f7b_112628_8.png,4019723,94740,676,43826,0.9944950165438966,0.989050310944891,0.999831857484792,0.9892148464310385,0.9892997416424519,0.9944950165438966,0.9929152343422487,0.683717506459016,0.00016814251520806765,0.75,2.25
HistoKit (no postprocessing),gaussian,def4a0a8-b472-78ea-531c-84458df3a3e9_124843_7.png,11417034,164985,60096,339891,0.9827844515303076,0.9661516214619573,0.9947638477563642,0.9710901447444804,0.9666176932309999,0.9827844515303076,0.7330027856638277,0.32678321013476574,0.005236152243635822,0.75,2.25
HistoKit (no postprocessing),gaussian,3e1fffa8-5bae-87b0-bc39-e4a1bc285608_122517_10.png,3620063,1729853,277997,1609967,0.7931698745301591,0.6572340694771467,0.9286832424334156,0.6921686873689061,0.7391551117177958,0.7931698745301591,0.8615449361257066,0.517947973244067,0.0713167575665844,0.75,2.25
HistoKit (no postprocessing),gaussian,b91bdd22-8eea-af27-bee7-880d6f1d7c1e_121440_5.png,3573751,760850,350766,4426773,0.5993691761730631,0.4279280207009935,0.9106218676081668,0.4466896168300976,0.4756951714964871,0.5993691761730631,0.6844539841096206,0.1466664019339879,0.08937813239183319,0.75,2.25
HistoKit (no postprocessing),gaussian,d9d9ce51-54c1-b32b-5fae-fd9ffdaa32e5_111717_1.png,7438148,299658,8042,610162,0.960101713511246,0.9232650211907325,0.9989199845827195,0.9241875623578117,0.9260168429669184,0.9601017135112458,0.973864153396165,0.32935965355784663,0.0010800154172805152,0.75,2.25
HistoKit (no postprocessing),gaussian,04e13be9-17d6-1bd0-76ee-d5d53a64912e_105258_2.png,3268822,117335,5037,901158,0.8782624127147296,0.7829481891930021,0.9984614487062515,0.7838939275488132,0.7888814803632135,0.8782624127147296,0.9588386232144608,0.11520452276058844,0.0015385512937484479,0.75,2.25
HistoKit (no postprocessing),gaussian,cd7afea3-2dfd-f8a4-f2e6-1e02af01c417_132555_3.png,0,3999499,3251,106110,0.0,0.0,0.0,0.0,0.9733841016729701,,0.9991878083817376,0.9741548695942551,1.0,0.75,2.25
HistoKit (no postprocessing),gaussian,0504f20c-cba2-27c1-e181-78505aa24ca7_112258_3.png,3523893,2213241,2653079,58009,0.7221925398360508,0.5651810326286479,0.5704887443232703,0.9838049728887055,0.6790936601808049,0.7221925398360506,0.4548079452234954,0.9744594386351129,0.42951125567672965,0.75,2.25
HistoKit (no postprocessing),gaussian,19a1c0fb-3d0a-327d-ea5a-6aae35f53e51_121144_1.png,6536045,59605,4172,21326,0.998053229342685,0.9961140237898312,0.999362100676476,0.9967477819998289,0.996149006184426,0.998053229342685,0.9345845681044891,0.7364915792465186,0.0006378993235239748,0.75,2.25
HistoKit (no postprocessing),gaussian,be2180cd-04c9-2627-2456-4397fd5e59ee_103647_5.png,4979446,479972,16034,94684,0.9890047380186522,0.9782486379613702,0.9967902984297805,0.9813398553052445,0.980122926980598,0.9890047380186523,0.9676737781397806,0.8352336006236775,0.0032097015702194785,0.75,2.25
HistoKit (no postprocessing),gaussian,d9d9ce51-54c1-b32b-5fae-fd9ffdaa32e5_111717_2.png,6719325,750589,6008,1661583,0.8896091357207925,0.8011675567037991,0.99910666133558,0.8017418876331777,0.8175004008205741,0.8896091357207924,0.9920591807791995,0.3111672799452112,0.0008933386644200369,0.75,2.25
HistoKit (no postprocessing),gaussian,b0f43f79-08e2-79bc-61fa-379c7ef1dd21_131900_10.png,5063341,181303,5089,361347,0.9650784447482627,0.9325136188834274,0.9989959415440284,0.9333884271316618,0.9346942121659289,0.9650784447482627,0.9726973260654964,0.33410669860867964,0.001004058455971573,0.75,2.25
HistoKit (no postprocessing),gaussian,c0272a60-2518-4785-1810-6431c15f4b4b_130712_1.png,8109105,224286,49252,16307,0.9959739664693107,0.9919802208384345,0.9939630001481916,0.9979930863813429,0.9921943814405372,0.9959739664693106,0.819944578084215,0.9322216357084371,0.006036999851808398,0.75,2.25
HistoKit (no postprocessing),constant,7e6be544-b3c1-c3b1-a8a1-838402bd2649_124526_1.png,51750408,2601901,145683,275578,0.9959463762449628,0.9919254835416517,0.9971927943474587,0.9947030701157686,0.9923090461330163,0.9959463762449628,0.9469777812070532,0.9042293618823978,0.0028072056525413444,0.5,
HistoKit (no postprocessing),gaussian,cbd7b0be-5303-525e-8ff2-6d1502e77bdd_110516_1.png,11666330,482535,18743,49952,0.9970644862231268,0.994146156484541,0.9983959877700379,0.9957365314354844,0.9943773552165899,0.9970644862231268,0.9626095699392353,0.906191137060623,0.0016040122299621064,0.75,2.25
HistoKit (no postprocessing),gaussian,2125a939-8f92-6ca7-9a29-e1755d6267ed_103351_8.png,6707221,209012,0,1458717,0.9019228531073997,0.8213656532782885,1.0,0.8213656532782885,0.825823795962961,0.9019228531073997,1.0,0.1253273163685467,0.0,0.75,2.25
HistoKit (no postprocessing),gaussian,6f1702fd-ae84-1c96-04ae-a23a14a5d2d4_111419_5.png,2298905,936130,24513,235983,0.9463813106873055,0.8982199350551164,0.9894495953805987,0.9069059461404212,0.9254774167358264,0.9463813106873055,0.9744827162640023,0.7986687290389237,0.010550404619401245,0.75,2.25
HistoKit (no postprocessing),gaussian,e398b039-2e70-a00a-855c-e3ff4eba631e_115619_4.png,4970100,186289,538,610417,0.9420959127223513,0.8905305538110626,0.9998917643972464,0.8906164070461572,0.8940664888378429,0.9420959127223513,0.997120330573204,0.23382402040401354,0.0001082356027536103,0.75,2.25
HistoKit (no postprocessing),gaussian,deaaef3a-8172-327d-10b9-23d266fb17ca_123636_1.png,3649776,3803034,283303,80409,0.9525382395804189,0.909377578804272,0.9279691559716955,0.9784436964922651,0.9534688189964795,0.9525382395804189,0.9306706715574364,0.9792944044756161,0.07203084402830454,0.75,2.25
HistoKit (no postprocessing),constant,def4a0a8-b472-78ea-531c-84458df3a3e9_124843_8.png,29528640,639051,183709,1740120,0.9684520496339284,0.9388337685031977,0.9938170825874454,0.9443495680672979,0.9400517956145424,0.9684520496339285,0.7767161748261947,0.2686023829308612,0.006182917412554625,0.5,
HistoKit (no postprocessing),gaussian,04e13be9-17d6-1bd0-76ee-d5d53a64912e_105258_4.png,8052031,378250,38780,677683,0.9574054317567376,0.9182912139758549,0.9952069081826285,0.9223705381413412,0.9216701593485069,0.9574054317567376,0.9070090880751984,0.3582140154725726,0.004793091817371584,0.75,2.25
HistoKit (no postprocessing),gaussian,0502ebf6-5b9d-c3a6-85fe-a3909acf1f7b_112628_7.png,5108127,886484,18350,126349,0.986034199749772,0.9724531138095951,0.9964205437769447,0.9758621493345274,0.9764307389592641,0.986034199749772,0.9797200370454691,0.8752518924640094,0.0035794562230553263,0.75,2.25
HistoKit (no postprocessing),gaussian,8e6bc805-8b70-bd59-8612-caf5bbe72e5e_125634_2.png,7187066,1489603,219204,49200,0.9816695687140533,0.9639990503616808,0.9704029153676547,0.9932009132887044,0.9699942079846637,0.9816695687140534,0.8717210311053267,0.9680270963859572,0.029597084632345297,0.75,2.25
HistoKit (no postprocessing),gaussian,7ea29210-064a-9e70-4612-3ab81fa629dc_120503_2.png,8498959,49002,19858,288886,0.9821603958059619,0.9649461386243383,0.9976689251570964,0.9671266391248367,0.965140083134755,0.9821603958059619,0.71161777519605,0.14502438677905105,0.002331074842903657,0.75,2.25
HistoKit (no postprocessing),gaussian,24aa9d72-799e-9634-ead4-94165f32d151_102546_1.png,6282386,405901,23555,55366,0.9937580736893881,0.9875935872926743,0.9962646336208981,0.9912640949030508,0.9883377310110758,0.9937580736893881,0.9451515405536306,0.8799697355327826,0.003735366379101866,0.75,2.25
HistoKit (no postprocessing),gaussian,9e7010fd-072a-6a7f-3911-83d91e8c9301_113642_1.png,8238198,272563,73254,58352,0.9920757475824004,0.9842760953542042,0.9911863775426966,0.9929667150803647,0.9847719959126938,0.9920757475824004,0.7881712003747647,0.823664687306408,0.008813622457303489,0.75,2.25
HistoKit (no postprocessing),gaussian,f4c75e72-7c5b-0601-d74f-78529d4dec70_114117_1.png,4379163,8417867,10354212,162184,0.45439441357442145,0.29399118220403814,0.29722741734327673,0.9642872478143599,0.548912459284191,0.45439441357442145,0.4484248654610925,0.9810975482546666,0.7027725826567233,0.75,2.25
HistoKit (no postprocessing),gaussian,d9d9ce51-54c1-b32b-5fae-fd9ffdaa32e5_111717_5.png,8893229,227064,4860,1170691,0.9380049339708677,0.8832479208007326,0.9994538153079835,0.8836744528970819,0.8858227649913888,0.9380049339708678,0.9790448595229472,0.16244907011600745,0.0005461846920164544,0.75,2.25
HistoKit (no postprocessing),gaussian,b91bdd22-8eea-af27-bee7-880d6f1d7c1e_121440_6.png,5764337,406739,101464,536158,0.9475911156526193,0.900402048810372,0.9827024476282097,0.914902241807985,0.9063518458301426,0.9475911156526194,0.8003474989325132,0.4313716132302892,0.017297552371790315,0.75,2.25
HistoKit (no postprocessing),gaussian,0502ebf6-5b9d-c3a6-85fe-a3909acf1f7b_112628_2.png,8305447,2879173,284679,381106,0.9614633692042319,0.9257866701028353,0.9668597410561848,0.9561269009698093,0.9438175319746456,0.961463369204232,0.9100213916453741,0.8831063231091573,0.03314025894381526,0.75,2.25
HistoKit (no postprocessing),gaussian,e398b039-2e70-a00a-855c-e3ff4eba631e_115619_1.png,14578669,374885,1937,1652373,0.9463089413458183,0.8980895619959836,0.9998671522980594,0.8981967393097744,0.9003899598407116,0.9463089413458182,0.9948596419529645,0.18492219539890828,0.0001328477019405092,0.75,2.25
HistoKit (no postprocessing),gaussian,59c3e1ff-f1eb-ac9b-3a83-925048a454e4_130514_4.png,1783362,1074152,203,66603,0.9816140227272102,0.9638919276519754,0.9998861830098706,0.9639976972537319,0.9771550309131696,0.9816140227272102,0.9998110494203499,0.941614983059465,0.00011381699012931965,0.75,2.25
HistoKit (no postprocessing),gaussian,b1a83861-bd20-5668-5a83-92a470ead44d_110338_5.png,2714145,2333908,262,160393,0.9712548611589487,0.9441161124252122,0.99990347799722,0.9442021639651311,0.9691564587609826,0.9712548611589485,0.9998877545337315,0.935696213087354,9.652200277998105e-05,0.75,2.25
HistoKit (no postprocessing),gaussian,40f80889-968b-7602-00a3-4e00b00e88fe_110004_3.png,21434681,8995737,136224,837615,0.9777881409708201,0.9565415743654646,0.993684826853579,0.9623920677059967,0.9689902232044528,0.9777881409708201,0.9850827221009814,0.9148189752588944,0.00631517314642107,0.75,2.25
HistoKit (no postprocessing),gaussian,2125a939-8f92-6ca7-9a29-e1755d6267ed_103351_5.png,4155305,952382,2751,37634,0.9951640493138841,0.9903746463632919,0.9993383927489192,0.9910244341737383,0.9921553156210714,0.9951640493138841,0.9971197728483887,0.9619864729458918,0.0006616072510807936,0.75,2.25
HistoKit (no postprocessing),constant,e16fa7c2-3d43-e563-886f-5b0ebdd4e8c5_105048_1.png,42044645,436438,1014732,27798,0.9877539326658352,0.9758041691060043,0.9764341225837987,0.9993392824847371,0.9760467955635944,0.9877539326658352,0.30074905076593367,0.9401209729534117,0.023565877416201354,0.5,
HistoKit (no postprocessing),gaussian,6247d1f0-d194-53f2-2d84-7b4b827443da_115125_1.png,2666051,453523,247249,11537,0.9537128985592271,0.9115212232339786,0.9151309511550475,0.9956912713979895,0.9233989272901645,0.953712898559227,0.6471762570422335,0.9751924482862426,0.08486904884495246,0.75,2.25
HistoKit (no postprocessing),gaussian,0e99786b-efbd-e936-5e70-bad7ef5912da_122209_3.png,9735291,1759118,58046,189725,0.9874344982058085,0.9751808613429427,0.9940729089584072,0.9808841617988323,0.978899063035995,0.9874344982058085,0.9680568182068322,0.9026473656420758,0.00592709104159287,0.75,2.25
HistoKit (no postprocessing),gaussian,66e65946-ef0a-6028-f7a7-e909aade97a4_112429_4.png,9087008,974246,20007,44147,0.996482432173842,0.992989524171903,0.9978031220987338,0.9951652337519186,0.9936640577841407,0.996482432173842,0.9798773551601051,0.9566503304716352,0.0021968779012662217,0.75,2.25
HistoKit (no postprocessing),gaussian,0e99786b-efbd-e936-5e70-bad7ef5912da_122209_4.png,5242842,252581,12825,26239,0.9962883671894092,0.9926041849286981,0.9975597769036737,0.9950201942236226,0.9929417125742639,0.996288367189409,0.9516778068317974,0.9058926906247758,0.0024402230963263085,0.75,2.25
HistoKit (no postprocessing),gaussian,7e3642ed-4a56-9d3f-3ecf-de46d455c0fd_113100_1.png,565096,1942585,1716185,89334,0.3849806741876159,0.23837527392680802,0.2477099489278173,0.8634934217563376,0.581396874710192,0.3849806741876159,0.5309393594022035,0.9560346647676409,0.7522900510721827,0.75,2.25
HistoKit (no postprocessing),gaussian,728c532f-2f31-cf1c-4143-7abb9ca2b76d_102101_5.png,4845980,1821027,597416,59289,0.9365420563908485,0.880657351820066,0.890249395781604,0.9879132010905008,0.9103316733372366,0.9365420563908485,0.752974951239289,0.9684685978314284,0.10975060421839601,0.75,2.25
HistoKit (no postprocessing),gaussian,59c3e1ff-f1eb-ac9b-3a83-925048a454e4_130514_1.png,4977665,707890,120136,85430,0.9797689101433574,0.9603401816357403,0.9764337603605947,0.983126921379117,0.9651057922592322,0.9797689101433575,0.8549127684396384,0.892313316190188,0.023566239639405306,0.75,2.25
HistoKit (no postprocessing),gaussian,f761dbde-597d-9a8f-e1a1-2533f0d71b83_120113_1.png,9238085,907488,101683,132984,0.9874582307568603,0.9752271567966733,0.9891128987358144,0.985809089656687,0.9773929119172582,0.9874582307568605,0.8992410602365705,0.872188775863262,0.010887101264185578,0.75,2.25
HistoKit (no postprocessing),gaussian,0502ebf6-5b9d-c3a6-85fe-a3909acf1f7b_112628_5.png,2743962,843813,348,10365,0.9980516989937688,0.9961109749788996,0.9998731921685232,0.9962368302674302,0.9970229162915091,0.9980516989937688,0.9995877563640111,0.9878655268573997,0.00012680783147676466,0.75,2.25
HistoKit (no postprocessing),gaussian,228e0715-eef2-126e-c558-f7684e2bcfa8_110725_7.png,7318263,366371,982,1915493,0.8842219003067782,0.7924711020496737,0.9998658331562886,0.7925553804973837,0.800390246585056,0.8842219003067782,0.9973268218852167,0.16055777206704694,0.0001341668437113391,0.75,2.25
HistoKit (no postprocessing),gaussian,59c3e1ff-f1eb-ac9b-3a83-925048a454e4_130514_3.png,2347399,408917,3562,70210,0.9845295340112444,0.9695304462179665,0.9984848749086012,0.9709589102290734,0.9739329660420454,0.9845295340112445,0.9913644088547539,0.8534626518647457,0.001515125091398794,0.75,2.25
HistoKit (no postprocessing),gaussian,c38dfb82-e376-0eab-4312-72ca49852e8b_104329_1.png,3497831,810861,42129,92917,0.9810613476249483,0.9628267073176439,0.9880990180680008,0.9741232188947818,0.9696098194808065,0.9810613476249483,0.9506102064502515,0.8971904604891909,0.011900981931999231,0.75,2.25
HistoKit (no postprocessing),gaussian,7d4546a5-f4cc-3733-763f-d1c5a5904dff_120251_4.png,3281627,260831,5816,173262,0.9734397534858859,0.9482538962436845,0.9982308438503724,0.9498501977921722,0.9518806213348466,0.9734397534858859,0.9781883913938653,0.6008643309152647,0.0017691561496275372,0.75,2.25
HistoKit (no postprocessing),gaussian,7e3642ed-4a56-9d3f-3ecf-de46d455c0fd_113100_3.png,3810145,1325408,228415,123944,0.9558040244842084,0.9153492705352355,0.9434414741888197,0.9684948662828929,0.9357936133086682,0.9558040244842084,0.852998057050256,0.9144831621303865,0.056558525811180226,0.75,2.25
HistoKit (no postprocessing),gaussian,7e3642ed-4a56-9d3f-3ecf-de46d455c0fd_113100_4.png,8181126,3776167,3848,82763,0.9947345296753946,0.9895242192633849,0.9995298702231675,0.9899849816472608,0.9928087271369815,0.9947345296753947,0.998982014621635,0.9785528630993565,0.00047012977683252264,0.75,2.25
HistoKit (no postprocessing),gaussian,3e1fffa8-5bae-87b0-bc39-e4a1bc285608_122517_7.png,3357058,351513,482,2829459,0.7034865780872851,0.5425987623401911,0.99985644251446,0.5426410369518099,0.5671888344014663,0.7034865780872851,0.9986306623673632,0.11050490227515364,0.00014355748554000845,0.75,2.25
HistoKit (no postprocessing),gaussian,b0f43f79-08e2-79bc-61fa-379c7ef1dd21_131900_5.png,7355484,151136,19646,493775,0.9662764134573808,0.9347531835750972,0.9973361825486466,0.9370927879943827,0.9359827462228685,0.9662764134573808,0.884964457612629,0.23435171674851257,0.0026638174513533997,0.75,2.25
HistoKit (no postprocessing),gaussian,66e65946-ef0a-6028-f7a7-e909aade97a4_112429_5.png,13327504,464460,14828,16248,0.9988354979321807,0.9976737048398857,0.9988886500500812,0.9987823514705609,0.9977518693427785,0.9988354979321807,0.9690624426232245,0.96619985521356,0.0011113499499187998,0.75,2.25
HistoKit (no postprocessing),gaussian,1875292b-dccd-c5b5-17ad-67c30baa6d69_130951_13.png,11345670,335861,55879,1326417,0.9425805059111138,0.8913969443350178,0.9950989992675556,0.8953276599190015,0.8941890458286075,0.9425805059111138,0.857356920406392,0.20204863446427132,0.004901000732444337,0.75,2.25
HistoKit (no postprocessing),gaussian,cbd7b0be-5303-525e-8ff2-6d1502e77bdd_110516_5.png,4548631,507676,133119,108049,0.9741746739012874,0.9496496617081427,0.9715664014524483,0.9767969884123453,0.9544749149358893,0.9741746739012874,0.7922596150094804,0.8245174387916684,0.028433598547551665,0.75,2.25
HistoKit (no postprocessing),gaussian,c0272a60-2518-4785-1810-6431c15f4b4b_130712_3.png,33265332,2115383,172805,328079,0.9925276378817927,0.9851661198874047,0.9948320984509395,0.9902338288898379,0.9860406443982611,0.9925276378817927,0.9244795445129509,0.8657319000663812,0.005167901549060583,0.75,2.25
HistoKit (no postprocessing),gaussian,1875292b-dccd-c5b5-17ad-67c30baa6d69_130951_12.png,7020814,282923,3222,1160401,0.9234722925652461,0.8578249181953506,0.999541289366968,0.858162754554183,0.8625754662610305,0.9234722925652461,0.9887399744884586,0.1960218218501182,0.00045871063303206305,0.75,2.25
HistoKit (no postprocessing),gaussian,6f1702fd-ae84-1c96-04ae-a23a14a5d2d4_111419_3.png,4559693,345660,15794,58597,0.9919085485758464,0.9839469893079194,0.9965481270081196,0.9873119704479364,0.9850612802585835,0.9919085485758464,0.9563042600164889,0.8550501290020952,0.003451872991880427,0.75,2.25
HistoKit (no postprocessing),gaussian,04e13be9-17d6-1bd0-76ee-d5d53a64912e_105258_3.png,9327568,316001,1458,1528473,0.9242048094266915,0.8590899248528597,0.9998437135881066,0.8592053032961096,0.8630750436300174,0.9242048094266916,0.9954072809402159,0.17132309807565735,0.0001562864118933745,0.75,2.25
HistoKit (no postprocessing),gaussian,b91bdd22-8eea-af27-bee7-880d6f1d7c1e_121440_1.png,5242129,1312264,72328,513391,0.9470894112968798,0.8994965208426849,0.9863903311288434,0.910800240464806,0.9179678133900421,0.9470894112968798,0.9477622288731987,0.7187907901547663,0.013609668871156545,0.75,2.25
HistoKit (no postprocessing),gaussian,e398b039-2e70-a00a-855c-e3ff4eba631e_115619_3.png,17283801,535423,27150,3528026,0.9067440468268079,0.8293977674623855,0.9984316286262955,0.8304797555735977,0.8336713077326147,0.9067440468268078,0.9517395964612593,0.13176565031331758,0.0015683713737044255,0.75,2.25
HistoKit (no postprocessing),gaussian,b1a83861-bd20-5668-5a83-92a470ead44d_110338_3.png,838398,1681960,64667,98646,0.9112481923625176,0.8369659512573986,0.9283916440123358,0.8947263949184884,0.9391456702405027,0.9112481923625178,0.9629760675862677,0.9445997598570375,0.07160835598766423,0.75,2.25
HistoKit (no postprocessing),gaussian,b91bdd22-8eea-af27-bee7-880d6f1d7c1e_121440_2.png,8734131,1019429,4523,2178752,0.8889005475754899,0.8000188872704743,0.999482414568651,0.8003504665082545,0.8170976644981689,0.8889005475754898,0.9955828007562855,0.31875275351832805,0.0005175854313490384,0.75,2.25
HistoKit (no postprocessing),gaussian,3e1fffa8-5bae-87b0-bc39-e4a1bc285608_122517_3.png,10430339,506914,1816,1681355,0.9253379048094227,0.8610501002599577,0.9998259228318598,0.8611792041641739,0.8666311844990311,0.9253379048094227,0.9964303264993218,0.2316506791441089,0.00017407716814023564,0.75,2.25
HistoKit (no postprocessing),gaussian,0504f20c-cba2-27c1-e181-78505aa24ca7_112258_4.png,9942292,1327040,448665,135363,0.971467141983052,0.9445173621930552,0.9568215901576727,0.9865680061482557,0.9507289072465529,0.9714671419830517,0.7473313416361389,0.9074379634068037,0.04317840984232733,0.75,2.25
HistoKit (no postprocessing),gaussian,c74350c8-f970-c60d-af8a-f9c4d9c5bab2_124242_4.png,0,2714810,922568,1278,0.0,0.0,0.0,0.0,0.7461024070426003,,0.7463645516083288,0.9995294703264401,1.0,0.75,2.25
HistoKit (no postprocessing),gaussian,c74350c8-f970-c60d-af8a-f9c4d9c5bab2_124242_5.png,0,5525774,5575090,1850,0.0,0.0,0.0,0.0,0.4976957886152881,,0.4977787314572992,0.9996653173225964,1.0,0.75,2.25
HistoKit (no postprocessing),gaussian,5fe08b37-e6eb-942a-a4ce-507361c4911e_102333_2.png,9005254,70021,12963,183172,0.9892272836898048,0.9786841964838134,0.9985625761722079,0.9800649208036284,0.9788451810458172,0.9892272836898048,0.8437891641762267,0.27655187939634984,0.0014374238277921234,0.75,2.25
HistoKit (no postprocessing),gaussian,cbd7b0be-5303-525e-8ff2-6d1502e77bdd_110516_4.png,3250381,341328,909,67852,0.9895333344597469,0.9792835015796251,0.9997204186645916,0.9795517674617786,0.9812152537788863,0.9895333344597469,0.9973439458620781,0.8341756684099907,0.00027958133540840715,0.75,2.25
HistoKit (no postprocessing),gaussian,7e6be544-b3c1-c3b1-a8a1-838402bd2649_124526_4.png,4621029,474739,17855,69737,0.9906114377281034,0.9813975259423088,0.9961510139076554,0.9851331317742135,0.983101308803556,0.9906114377281034,0.9637531110813368,0.8719190561200126,0.003848986092344624,0.75,2.25
HistoKit (no postprocessing),gaussian,66e65946-ef0a-6028-f7a7-e909aade97a4_112429_3.png,4702445,171483,10865,5645,0.9982476065128325,0.9965013440475698,0.9976948259291242,0.998800999980884,0.9966240242694008,0.9982476065128325,0.9404161274047426,0.9681303915812294,0.0023051740708758812,0.75,2.25
HistoKit (no postprocessing),gaussian,24aa9d72-799e-9634-ead4-94165f32d151_102546_6.png,8298597,117744,3423,25560,0.9982567850685098,0.9965196371574936,0.9995876907065991,0.9969294187988045,0.9965681600847995,0.9982567850685097,0.9717497338384213,0.8216379165968849,0.00041230929340088315,0.75,2.25
HistoKit (no postprocessing),gaussian,0f3058e5-e9f7-bd55-4b60-07a71af55b96_123333_3.png,30756749,1529875,103717,372488,0.9923179983617602,0.9847531232556485,0.9966391628694136,0.9880341429505645,0.9854650830061104,0.9923179983617602,0.9365098506848711,0.804197201059945,0.0033608371305864273,0.75,2.25
HistoKit (no postprocessing),gaussian,def4a0a8-b472-78ea-531c-84458df3a3e9_124843_6.png,16587106,7838907,2143194,13292,0.9389628249065445,0.8849480931936632,0.8855760986209511,0.9991992963060283,0.9188757234600103,0.9389628249065445,0.7852963018506826,0.9983072257847769,0.11442390137904893,0.75,2.25
HistoKit (no postprocessing),gaussian,9e7010fd-072a-6a7f-3911-83d91e8c9301_113642_6.png,6831666,1652243,26030,1054861,0.9266905417803298,0.8633954864400977,0.9962042645226619,0.8662451799125268,0.8869928278688525,0.9266905417803298,0.9844900084789543,0.6103359900469284,0.0037957354773381614,0.75,2.25
HistoKit (no postprocessing),gaussian,969ce636-2f0f-f223-bb1c-2b4624598a38_125938_4.png,15521529,757052,84189,3987250,0.8840524755345349,0.7921989664863435,0.9946052466153752,0.7956176550054721,0.7999294840987872,0.8840524755345349,0.8999228520721173,0.15957078617676532,0.00539475338462479,0.75,2.25
HistoKit (no postprocessing),gaussian,84acf623-2a5d-c4c6-c1db-583a94b80fc7_105804_1.png,45278921,3743508,47747,897984,0.9896645456675227,0.9795405490559453,0.9989466024725223,0.9805533956855705,0.9810733274949488,0.9896645456675228,0.987406017268688,0.8065311757512456,0.001053397527477643,0.75,2.25
HistoKit (no postprocessing),gaussian,35ce6eab-4a33-9fbb-2efe-2acf7936ba3e_104917_2.png,7232847,4514982,875282,167189,0.9327792166255646,0.8740264724570102,0.8920488314875109,0.977407001803775,0.918495187759474,0.9327792166255646,0.8376179719583308,0.9642924190509061,0.10795116851248913,0.75,2.25
HistoKit (no postprocessing),gaussian,b91bdd22-8eea-af27-bee7-880d6f1d7c1e_121440_4.png,6459832,247529,28230,246600,0.9791708571772437,0.9591917159316978,0.9956489318381976,0.9632293296942398,0.9606384299713371,0.9791708571772437,0.8976280012619715,0.500940037925319,0.004351068161802399,0.75,2.25
HistoKit (no postprocessing),gaussian,859ead5f-592a-5c4e-67de-d71b0ee92f6d_113334_2.png,12780860,604430,35648,227806,0.9897985585692473,0.979803154079241,0.9972185871533806,0.9824881352169392,0.9806975645524599,0.9897985585692473,0.94430678761026,0.7262723554376402,0.0027814128466193758,0.75,2.25
HistoKit (no postprocessing),gaussian,1875292b-dccd-c5b5-17ad-67c30baa6d69_130951_4.png,3902069,150920,2159,155487,0.9801996637939436,0.9611682100837128,0.9994470097545533,0.9616796416364926,0.9625600414189309,0.9801996637939437,0.9858961712579779,0.4925474940193925,0.000552990245446731,0.75,2.25
HistoKit (no postprocessing),gaussian,d9d9ce51-54c1-b32b-5fae-fd9ffdaa32e5_111717_3.png,10872181,736311,25698,1050560,0.9528383540850336,0.9099248027294612,0.9976419264702793,0.9118860335890883,0.9151533928536234,0.9528383540850336,0.9662759888662732,0.4120672393250548,0.0023580735297207833,0.75,2.25
HistoKit (no postprocessing),gaussian,6b809376-ab46-9021-2fa3-0d0025b512da_132412_1.png,3754087,440211,6807,65608,0.9904473122075342,0.9810754051611629,0.9981900580021665,0.9828237594886503,0.9830279186811955,0.9904473122075343,0.9847724252714656,0.8702935239680597,0.0018099419978334938,0.75,2.25
HistoKit (no postprocessing),gaussian,c38dfb82-e376-0eab-4312-72ca49852e8b_104329_5.png,2622531,527721,2431,69395,0.9864909699057043,0.9733420626887974,0.9990738913553796,0.9742210595685022,0.9777081746624383,0.9864909699057041,0.9954145226274729,0.8837830505295453,0.0009261086446203792,0.75,2.25
HistoKit (no postprocessing),gaussian,cbd7b0be-5303-525e-8ff2-6d1502e77bdd_110516_2.png,9597290,748616,31409,37785,0.9964080766312977,0.9928418647359267,0.996737980904793,0.9960783906715828,0.9933563767990706,0.9964080766312977,0.959733341880068,0.9519519939572814,0.003262019095206943,0.75,2.25
HistoKit (no postprocessing),gaussian,e3dca99c-de77-4ab1-72a1-8daf3d4d032c_120923_2.png,9144501,1300107,7437,177651,0.9899812115238152,0.9801611839492608,0.9991873852292269,0.9809431341604385,0.9825876487907086,0.9899812115238154,0.9943122372937354,0.8797834286804741,0.0008126147707731412,0.75,2.25
HistoKit (no postprocessing),gaussian,b0f43f79-08e2-79bc-61fa-379c7ef1dd21_131900_4.png,12939266,194785,12953,593328,0.9771083526245777,0.9552413055006195,0.998999939701452,0.9561556343151949,0.9558758114432752,0.9771083526245777,0.9376474212710241,0.24715364421091898,0.0010000602985480711,0.75,2.25
HistoKit (no postprocessing),gaussian,24aa9d72-799e-9634-ead4-94165f32d151_102546_7.png,10985804,598405,10482,71829,0.9962677381738819,0.9925632323119158,0.9990467690636639,0.9935041251595165,0.9929446827331544,0.9962677381738819,0.9827849830921008,0.8928299668473996,0.0009532309363361411,0.75,2.25
HistoKit (no postprocessing),gaussian,8e6bc805-8b70-bd59-8612-caf5bbe72e5e_125634_1.png,64585028,1028757,141966,96607,0.9981564366932595,0.9963196583293792,0.9978066956114168,0.9985064230364615,0.9963771532676172,0.9981564366932594,0.8787364731025187,0.9141548867744126,0.002193304388583224,0.75,2.25
HistoKit (no postprocessing),gaussian,7ea29210-064a-9e70-4612-3ab81fa629dc_120503_4.png,2671380,176000,5183,615044,0.8959871956789441,0.8115731920608992,0.9980635613658263,0.8128531193783882,0.8211368820053714,0.8959871956789442,0.971393563413786,0.22249078433058087,0.0019364386341737519,0.75,2.25
HistoKit (no postprocessing),gaussian,7e6be544-b3c1-c3b1-a8a1-838402bd2649_124526_3.png,50306170,507970,41137,51163,0.9990834583192989,0.9981685951974336,0.9991829354447895,0.9989840009994175,0.9981868698734384,0.999083458319299,0.9250838179079851,0.9084958319398068,0.0008170645552104703,0.75,2.25
HistoKit (no postprocessing),gaussian,7ea29210-064a-9e70-4612-3ab81fa629dc_120503_1.png,8790364,155845,5288,996023,0.9461140405528156,0.8977385380948611,0.999398793858602,0.8982236243058853,0.899340639677025,0.9461140405528157,0.9671823897029163,0.13529762090795125,0.0006012061413980453,0.75,2.25
HistoKit (no postprocessing),gaussian,19a1c0fb-3d0a-327d-ea5a-6aae35f53e51_121144_3.png,24686275,1521877,38614,166030,0.9958722149543195,0.9917783670422132,0.9984382538582883,0.99331933194929,0.9922520887224511,0.9958722149543195,0.9752552241570122,0.9016355758936956,0.0015617461417116979,0.75,2.25
HistoKit (no postprocessing),gaussian,5fe08b37-e6eb-942a-a4ce-507361c4911e_102333_3.png,13356361,1659656,23046,1819932,0.9354602408625948,0.8787461744224535,0.9982775021344369,0.8800805967570605,0.8906828076050797,0.9354602408625949,0.9863041703165504,0.4769691124351504,0.0017224978655631,0.75,2.25
HistoKit (no postprocessing),gaussian,f761dbde-597d-9a8f-e1a1-2533f0d71b83_120113_5.png,3490966,654888,543105,33248,0.923745532220603,0.8582965830808943,0.8653704905045052,0.990565839645379,0.8779483830336112,0.923745532220603,0.5466542792820993,0.9516839694478998,0.13462950949549474,0.75,2.25
HistoKit (no postprocessing),gaussian,969ce636-2f0f-f223-bb1c-2b4624598a38_125938_5.png,12885396,271020,9809,1502560,0.9445676767439081,0.8949580716173656,0.9992393296578069,0.8955682099667249,0.8968988229086458,0.9445676767439081,0.9650712711294062,0.15280957160094272,0.0007606703421930865,0.75,2.25
HistoKit (no postprocessing),gaussian,859ead5f-592a-5c4e-67de-d71b0ee92f6d_113334_1.png,20308324,371758,10000,291558,0.9926302243065104,0.985368281099329,0.9995078334216937,0.9858466179563553,0.985627529592539,0.9926302243065104,0.9738053950408374,0.5604538410048906,0.0004921665783063603,0.75,2.25
HistoKit (no postprocessing),gaussian,969ce636-2f0f-f223-bb1c-2b4624598a38_125938_2.png,4286439,329391,5685,1504989,0.850184339804069,0.7394092542270609,0.9986754809506901,0.740135075494334,0.7534198949351866,0.850184339804069,0.9830336998173549,0.17956530271808457,0.0013245190493098521,0.75,2.25
HistoKit (no postprocessing),gaussian,9e7010fd-072a-6a7f-3911-83d91e8c9301_113642_2.png,2597311,922837,9337,438871,0.9205703521105545,0.8528303386056695,0.9964180050394222,0.855452999853105,0.8870544880550031,0.9205703521105544,0.9899836296657062,0.6777054992700344,0.0035819949605777226,0.75,2.25
HistoKit (no postprocessing),gaussian,a40a1d35-8d5f-0529-214c-05d84888ba26_111152_2.png,2755811,3931382,413,126474,0.9774963558628709,0.9559832490257391,0.9998501573166767,0.9561202309972817,0.9813787040950502,0.9774963558628708,0.9998949589182549,0.9688323094757428,0.00014984268332327125,0.75,2.25
HistoKit (no postprocessing),gaussian,04e13be9-17d6-1bd0-76ee-d5d53a64912e_105258_1.png,14148359,264548,46620,749931,0.9726207804286277,0.9467008499883907,0.9967157401219121,0.9496632835043485,0.9476279167870413,0.9726207804286277,0.8501773961332785,0.26077227818417137,0.0032842598780878788,0.75,2.25
HistoKit (no postprocessing),gaussian,40f80889-968b-7602-00a3-4e00b00e88fe_110004_1.png,9165202,902783,89969,2486821,0.8767510360309471,0.7805491606534904,0.9902790558921062,0.7865760306171726,0.7962170145376253,0.8767510360309471,0.9093741437942205,0.266338781757397,0.009720944107893847,0.75,2.25
HistoKit (no postprocessing),gaussian,2125a939-8f92-6ca7-9a29-e1755d6267ed_103351_3.png,10160977,2449229,392279,762411,0.9462350821664688,0.8979565234643261,0.9628286284346745,0.9302037975763563,0.9161134235957903,0.9462350821664689,0.8619468958032144,0.7626100683762813,0.037171371565325434,0.75,2.25
HistoKit (no postprocessing),gaussian,f9a50b4c-7c73-18cd-0877-8296eed330e2_114604_2.png,8604190,1661900,35112,2175764,0.8861503241936767,0.7955744329253285,0.9959357827750436,0.7981657435643974,0.8228033962743827,0.8861503241936766,0.9793095157842137,0.4330498970206876,0.004064217224956368,0.75,2.25
HistoKit (no postprocessing),gaussian,c38dfb82-e376-0eab-4312-72ca49852e8b_104329_2.png,5767161,750966,17000,60364,0.9933374016486495,0.9867629961374107,0.9970609393479885,0.9896415716792292,0.9882701682103728,0.9933374016486495,0.977863603336606,0.9255987082937892,0.0029390606520115882,0.75,2.25
HistoKit (no postprocessing),gaussian,0f3058e5-e9f7-bd55-4b60-07a71af55b96_123333_2.png,15230945,839720,35464,94099,0.9957647320642141,0.9915651878180071,0.9976769913605747,0.9938597892443245,0.9920023965094812,0.9957647320642141,0.9594782354339202,0.8992320781650406,0.0023230086394252897,0.75,2.25
HistoKit (no postprocessing),gaussian,c0272a60-2518-4785-1810-6431c15f4b4b_130712_2.png,17032868,1507925,72514,260332,0.9903238453259497,0.9808331520373996,0.9957607494530084,0.9849459903314598,0.9823645032100063,0.9903238453259497,0.9541178115700765,0.8527747946141313,0.004239250546991584,0.75,2.25
HistoKit (no postprocessing),gaussian,7d4546a5-f4cc-3733-763f-d1c5a5904dff_120251_3.png,2840220,447796,12931,206633,0.9627857879418387,0.928241993552486,0.9954678178617256,0.9321815000592415,0.9374029957976725,0.9627857879418388,0.9719334877270054,0.6842545180607827,0.00453218213827449,0.75,2.25
HistoKit (no postprocessing),gaussian,c38dfb82-e376-0eab-4312-72ca49852e8b_104329_4.png,5027819,146033,5771,25997,0.9968507265396079,0.9937212266534798,0.9988535021724058,0.9948559662639083,0.9938973647711512,0.9968507265396077,0.9619838739427156,0.8488810091263151,0.0011464978275942221,0.75,2.25
HistoKit (no postprocessing),gaussian,7ea29210-064a-9e70-4612-3ab81fa629dc_120503_3.png,3724744,233994,4655,721680,0.9111606256642297,0.8368182186836046,0.9987518096079288,0.8376942909628051,0.8449682641017546,0.9111606256642297,0.9804943662030848,0.244847092209268,0.0012481903920712157,0.75,2.25
HistoKit (no postprocessing),gaussian,0502ebf6-5b9d-c3a6-85fe-a3909acf1f7b_112628_1.png,7698015,2951341,381524,64299,0.9718579007140137,0.9452564012201617,0.9527789889992486,0.9917165164923759,0.9598183138820924,0.9718579007140138,0.8855267165036688,0.9786781578703028,0.047221011000751406,0.75,2.25
HistoKit (no postprocessing),gaussian,228e0715-eef2-126e-c558-f7684e2bcfa8_110725_12.png,2082350,6096292,472346,263380,0.8498648892973795,0.7389261325812363,0.8151067680851264,0.8877193879943557,0.9174673964548019,0.8498648892973794,0.9280907244393739,0.9585859144937035,0.18489323191487364,0.75,2.25
HistoKit (no postprocessing),gaussian,5fe08b37-e6eb-942a-a4ce-507361c4911e_102333_4.png,5109434,514655,14033,2186078,0.8228428440051312,0.6990084882164348,0.9972610343737941,0.700353038964229,0.7188069067764117,0.8228428440051312,0.9734569349030052,0.19056122911816903,0.0027389656262058483,0.75,2.25
HistoKit (no postprocessing),gaussian,be2180cd-04c9-2627-2456-4397fd5e59ee_103647_6.png,3761138,361235,9142,77212,0.9886505192130515,0.9775557687969202,0.9975752464007979,0.9798840647674131,0.9794821569562483,0.9886505192130516,0.9753170418249514,0.823896616922912,0.0024247535992021813,0.75,2.25
HistoKit (no postprocessing),gaussian,7e6be544-b3c1-c3b1-a8a1-838402bd2649_124526_2.png,49836082,1382699,66123,108291,0.9982531799938101,0.9965124521060539,0.9986749483314414,0.997831767754898,0.9966062822130439,0.9982531799938101,0.9543608531620862,0.9273697342034487,0.0013250516685585337,0.75,2.25
HistoKit (no postprocessing),gaussian,6f1702fd-ae84-1c96-04ae-a23a14a5d2d4_111419_1.png,2937557,787381,982,66702,0.9886107520396957,0.9774780125786917,0.9996658203277207,0.9777975201206022,0.9821537711904851,0.9886107520396958,0.998754380913361,0.9219022038841658,0.00033417967227931976,0.75,2.25
HistoKit (no postprocessing),gaussian,0f3058e5-e9f7-bd55-4b60-07a71af55b96_123333_1.png,18675646,809625,28148,223581,0.9933056176523689,0.9867002687905745,0.998495064691153,0.9881698336127716,0.9872458327000051,0.993305617652369,0.9664013999018828,0.7836046248279627,0.0015049353088469645,0.75,2.25
HistoKit (no postprocessing),gaussian,9e7010fd-072a-6a7f-3911-83d91e8c9301_113642_4.png,6846615,216954,45696,1001615,0.9289503010778234,0.8673269802630529,0.9933700031818065,0.8723769563328292,0.8708757865977551,0.9289503010778234,0.8260194174757282,0.17803997968108495,0.006629996818193491,0.75,2.25
HistoKit (no postprocessing),gaussian,228e0715-eef2-126e-c558-f7684e2bcfa8_110725_1.png,7815495,560271,21120,2168713,0.8771194237213399,0.7811333121712751,0.9973049588374573,0.7827856751381782,0.7927393420855742,0.87711942372134,0.9636733282764955,0.20530387865960373,0.002695041162542756,0.75,2.25
HistoKit (no postprocessing),gaussian,deaaef3a-8172-327d-10b9-23d266fb17ca_123636_5.png,2348404,162994,721,476277,0.9078052018185452,0.8311751743645683,0.9996930772095993,0.8313873318792458,0.8403832691517457,0.9078052018185453,0.9955960052530312,0.25496855011411435,0.0003069227904006811,0.75,2.25
HistoKit (no postprocessing),gaussian,f761dbde-597d-9a8f-e1a1-2533f0d71b83_120113_2.png,3075457,462882,22507,31258,0.9913347652634407,0.9828184130112853,0.9927349058930317,0.9899385685523133,0.9850324489491395,0.9913347652634408,0.9536310052349765,0.9367426235479823,0.0072650941069683185,0.75,2.25
HistoKit (no postprocessing),gaussian,9e7010fd-072a-6a7f-3911-83d91e8c9301_113642_7.png,2811597,3218761,390509,512878,0.8615834232349219,0.7568261397626477,0.8780461983457137,0.8457266184886335,0.8697115339545946,0.861583423234922,0.8918038827796203,0.8625595884274979,0.12195380165428628,0.75,2.25
HistoKit (no postprocessing),gaussian,8e6bc805-8b70-bd59-8612-caf5bbe72e5e_125634_3.png,31234827,394312,24732,81014,0.9983101026921123,0.9966259072544718,0.9992088180130756,0.9974130025759168,0.9966678310004905,0.9983101026921122,0.9409799448267963,0.8295611853759315,0.0007911819869243836,0.75,2.25
HistoKit (no postprocessing),gaussian,3e1fffa8-5bae-87b0-bc39-e4a1bc285608_122517_5.png,5072931,1820892,175886,580206,0.9306461942510489,0.8702883828044596,0.966490353921655,0.8973656573332647,0.9011633462594029,0.9306461942510488,0.9119150952183969,0.7583580511915798,0.03350964607834489,0.75,2.25
HistoKit (no postprocessing),gaussian,7e3642ed-4a56-9d3f-3ecf-de46d455c0fd_113100_2.png,2177353,1256965,131,148443,0.9670076033468938,0.9361226728095937,0.9999398388231555,0.9361753997341126,0.9585323811044263,0.9670076033468937,0.9998957915704131,0.8943772911496164,6.01611768444682e-05,0.75,2.25
HistoKit (no postprocessing),gaussian,54b22c23-34e4-1c55-9de2-c8e205e762bc_131621_2.png,20946132,1719310,74979,356414,0.9898072843752609,0.9798202551511459,0.996433157124759,0.9832689482280662,0.9813224192838542,0.9898072843752608,0.9582124172861786,0.828294127735672,0.0035668428752409897,0.75,2.25
HistoKit (no postprocessing),gaussian,be2180cd-04c9-2627-2456-4397fd5e59ee_103647_1.png,28915352,455546,8580,47182,0.9990367005648608,0.9980752552352664,0.9997033598336492,0.998370929836457,0.9981050516776284,0.9990367005648609,0.9815136406923982,0.9061480562053437,0.0002966401663508267,0.75,2.25
HistoKit (no postprocessing),gaussian,1875292b-dccd-c5b5-17ad-67c30baa6d69_130951_1.png,10366097,348356,7689,1558539,0.9297605902336946,0.8687407525356542,0.999258804837501,0.869300916187295,0.8724640758928597,0.9297605902336946,0.9784044151722394,0.1826823186384148,0.0007411951624990143,0.75,2.25
HistoKit (no postprocessing),gaussian,7d4546a5-f4cc-3733-763f-d1c5a5904dff_120251_1.png,6410663,933026,28298,361629,0.970485237092954,0.9426627689656338,0.9956051915829277,0.946601682266506,0.9495802481012763,0.970485237092954,0.970563514486271,0.7206753922859758,0.004394808417072258,0.75,2.25
HistoKit (no postprocessing),gaussian,f761dbde-597d-9a8f-e1a1-2533f0d71b83_120113_3.png,10031390,14676795,435975,97980,0.9740757455004397,0.9494616597943559,0.9583491165159522,0.9903271378180479,0.9788466825712875,0.9740757455004397,0.9711518801649202,0.9933684269303593,0.0416508834840478,0.75,2.25
HistoKit (no postprocessing),gaussian,6f1702fd-ae84-1c96-04ae-a23a14a5d2d4_111419_2.png,6382029,565770,14429,236808,0.9806967878945502,0.9621246909139479,0.9977442203169317,0.9642221133410598,0.9651012996740119,0.9806967878945503,0.9751309464511314,0.7049408281811861,0.0022557796830683483,0.75,2.25
HistoKit (no postprocessing),gaussian,1c7a4a4c-ace6-25f8-ee0c-f8914aeab226_121941_3.png,7016224,3825710,572063,121231,0.9529195880248343,0.9100729773249119,0.9246123664010072,0.9830148141039068,0.9398976769249815,0.9529195880248343,0.8699198435208002,0.9692848208270658,0.07538763359899277,0.75,2.25
HistoKit (no postprocessing),gaussian,f9a50b4c-7c73-18cd-0877-8296eed330e2_114604_5.png,4934047,3241542,392382,1097469,0.8688274155227904,0.7680767969852572,0.9263330084752843,0.8180442528876654,0.8458579226605307,0.8688274155227904,0.8920225079005505,0.7470693206355089,0.07366699152471572,0.75,2.25
HistoKit (no postprocessing),gaussian,9601a588-d18f-b3b2-00f0-b816a7730c15_114312_2.png,5462754,420420,22267,51039,0.9933350995843734,0.9867584527624339,0.995940398405038,0.9907433956987504,0.9876930670463092,0.9933350995843734,0.949700352619345,0.8917424420787385,0.004059601594961988,0.75,2.25
HistoKit (no postprocessing),gaussian,9601a588-d18f-b3b2-00f0-b816a7730c15_114312_1.png,9492551,965872,395023,66452,0.976269602614383,0.9536393616010246,0.9600485417353134,0.993048228983713,0.9577399898790263,0.976269602614383,0.7097329331065219,0.9356287367144424,0.039951458264686567,0.75,2.25
HistoKit (no postprocessing),constant,2125a939-8f92-6ca7-9a29-e1755d6267ed_103351_7.png,728191,344765,603,1638891,0.4704264641090276,0.30755400317187465,0.9991726057020228,0.3076323507170432,0.395567107227783,0.4704264641090277,0.9982540362743508,0.17380281661739738,0.0008273942979772061,0.9,
HistoKit (no postprocessing),gaussian,54b22c23-34e4-1c55-9de2-c8e205e762bc_131621_1.png,26125017,1338381,134528,167322,0.9942561526433572,0.9885779120165853,0.9948769866347646,0.993636093007929,0.989128496169024,0.9942561526433572,0.9086650974364336,0.8888744991542157,0.005123013365235384,0.75,2.25
HistoKit (no postprocessing),constant,be2180cd-04c9-2627-2456-4397fd5e59ee_103647_4.png,4693630,432490,32111,153893,0.9805704720981266,0.9618815673470592,0.9932050867789834,0.9682532707941768,0.9649850041151148,0.9805704720981266,0.9308847807043032,0.7375554884776673,0.006794913221016556,0.9,
HistoKit (no postprocessing),constant,39bcf904-a619-148a-5bca-38122a540be1_104536_1.png,1693200,912557,1139,312420,0.9152533852402148,0.8437485517692956,0.9993277614456139,0.8442277201065007,0.8925916207769217,0.9152533852402148,0.9987534147024831,0.7449584767714006,0.0006722385543861057,0.9,
HistoKit (no postprocessing),constant,228e0715-eef2-126e-c558-f7684e2bcfa8_110725_2.png,2634143,189034,57275,860054,0.8516996288970458,0.7417045664445616,0.978719396243913,0.7538621892240192,0.7547580461039228,0.8516996288970459,0.7674668810315498,0.18018888787213275,0.02128060375608694,0.9,
HistoKit (no postprocessing),constant,9e7010fd-072a-6a7f-3911-83d91e8c9301_113642_3.png,3203242,272273,2378,566433,0.91845348476301,0.8492038685564598,0.9992581778251945,0.8497395664082448,0.8593557987165229,0.9184534847630101,0.9913417391525973,0.3246346157056227,0.0007418221748054978,0.9,
HistoKit (no postprocessing),gaussian,be2180cd-04c9-2627-2456-4397fd5e59ee_103647_3.png,21839757,1448023,42540,238379,0.9936097308231701,0.9873006141403635,0.9980559627720984,0.9892029381465899,0.98808084400416,0.99360973082317,0.9714604481662298,0.8586463962922245,0.001944037227901623,0.75,2.25
HistoKit (no postprocessing),gaussian,10fd35f3-17d4-d309-f849-cc9e883460c1_123055_2.png,4871438,3669000,3638541,98511,0.7227691423871107,0.5658876295378167,0.5724383103648082,0.9801786698414813,0.6956175895887514,0.7227691423871108,0.50208407999353,0.9738524983735947,0.4275616896351918,0.75,2.25
HistoKit (no postprocessing),gaussian,332605c9-e7e2-297a-c808-98d567218fe3_115336_3.png,9121537,264665,32316,119058,0.991770669062752,0.9836756763868434,0.9964696833125898,0.9871157647316001,0.984128671687649,0.991770669062752,0.8911849579602735,0.6897293099449342,0.0035303166874102085,0.75,2.25
HistoKit (no postprocessing),constant,c74350c8-f970-c60d-af8a-f9c4d9c5bab2_124242_3.png,303104,1907441,1519895,23564,0.2820008866489554,0.16414495470774623,0.16626668473213643,0.9278656005485691,0.5888499319659756,0.2820008866489554,0.5565374973448766,0.9877970279724807,0.8337333152678635,0.9,
HistoKit (no postprocessing),gaussian,969ce636-2f0f-f223-bb1c-2b4624598a38_125938_1.png,21784535,771035,144213,2422967,0.9443565526023463,0.8945790881668909,0.9934235643548824,0.8999084250824393,0.8978145306544865,0.9443565526023463,0.842432870653637,0.24140091333693592,0.006576435645117541,0.75,2.25
HistoKit (no postprocessing),constant,332605c9-e7e2-297a-c808-98d567218fe3_115336_2.png,5448940,470338,11530,179048,0.9828129393645176,0.9662066864579562,0.9978884601508662,0.9681861439647703,0.9688081028423583,0.9828129393645176,0.9760722853561556,0.7242810901374529,0.0021115398491338656,0.9,
HistoKit (no postprocessing),constant,0502ebf6-5b9d-c3a6-85fe-a3909acf1f7b_112628_8.png,4011342,95168,248,52207,0.9935041365851411,0.9870921209893112,0.9999381791259825,0.9871523636112177,0.9873874870310282,0.9935041365851411,0.9974008552024818,0.6457540288379983,6.18208740175342e-05,0.9,
HistoKit (no postprocessing),gaussian,7e6be544-b3c1-c3b1-a8a1-838402bd2649_124526_1.png,51766105,2596043,151541,259881,0.9960418739264374,0.9921149578438242,0.99708112729148,0.9950047847243106,0.9924886765642627,0.9960418739264373,0.9448457262817078,0.9090028306075372,0.002918872708519951,0.75,2.25
HistoKit (no postprocessing),constant,def4a0a8-b472-78ea-531c-84458df3a3e9_124843_7.png,11474698,163725,61356,282227,0.9852495037238475,0.9709278362902355,0.9946813702501739,0.975994828579752,0.9713250852987388,0.9852495037238473,0.7274048009383288,0.3671359249425947,0.005318629749826067,0.9,
HistoKit (no postprocessing),constant,b91bdd22-8eea-af27-bee7-880d6f1d7c1e_121440_5.png,4075067,713466,398150,3925457,0.6533832953562208,0.4852036166661547,0.9109924691782223,0.5093500125741763,0.5255113507913619,0.6533832953562208,0.6418277534688238,0.15379992295625514,0.0890075308217777,0.9,
HistoKit (no postprocessing),constant,3e1fffa8-5bae-87b0-bc39-e4a1bc285608_122517_10.png,3343999,1783710,224140,1886031,0.7601579374072037,0.6131086856478621,0.9371829404628015,0.6393842865146089,0.7084545474641746,0.7601579374072036,0.8883681549916578,0.48605882540484463,0.06281705953719852,0.9,
HistoKit (no postprocessing),constant,04e13be9-17d6-1bd0-76ee-d5d53a64912e_105258_2.png,3243193,117859,4513,926787,0.8744487162168902,0.776907039968686,0.9986104037742333,0.7777478549057789,0.7830327056122145,0.8744487162168902,0.9631206485143661,0.11282195116814692,0.0013895962257667411,0.9,
HistoKit (no postprocessing),constant,cd7afea3-2dfd-f8a4-f2e6-1e02af01c417_132555_3.png,0,4002514,236,106110,0.0,0.0,0.0,0.0,0.9741178818455727,,0.9999410405346324,0.9741738353278373,1.0,0.9,
HistoKit (no postprocessing),constant,d9d9ce51-54c1-b32b-5fae-fd9ffdaa32e5_111717_1.png,7497032,300212,7488,551278,0.9640730336536824,0.9306380323836323,0.9990022013399924,0.9315038809389797,0.9331300465174168,0.9640730336536822,0.9756646083847904,0.35257254929594006,0.0009977986600075688,0.9,
HistoKit (no postprocessing),constant,be2180cd-04c9-2627-2456-4397fd5e59ee_103647_5.png,4983195,479286,16720,90935,0.9893136272470492,0.9788532366893544,0.9966559431510336,0.9820787011763593,0.9806728237874264,0.9893136272470492,0.9662907303540683,0.8405267431399405,0.0033440568489664325,0.9,
HistoKit (no postprocessing),constant,0504f20c-cba2-27c1-e181-78505aa24ca7_112258_3.png,3533865,2189964,2676356,48037,0.7217770855206782,0.5646723097705464,0.5690401356087006,0.9865889686540837,0.6775187725890726,0.7217770855206782,0.4500246592907988,0.9785357557927812,0.43095986439129946,0.9,
HistoKit (no postprocessing),constant,19a1c0fb-3d0a-327d-ea5a-6aae35f53e51_121144_1.png,6550779,58869,4908,6592,0.9991230115812803,0.9982475600321169,0.9992513370452251,0.9989947190726284,0.9982631410746293,0.9991230115812804,0.9230443576838046,0.8992988191442233,0.0007486629547749916,0.9,
HistoKit (no postprocessing),gaussian,def4a0a8-b472-78ea-531c-84458df3a3e9_124843_8.png,30037410,639401,183359,1231350,0.9769926843967206,0.9550202325000742,0.9939326825204217,0.9606204403372567,0.9559164227808468,0.9769926843967205,0.7771415722689484,0.3417884047636484,0.006067317479578366,0.75,2.25
HistoKit (no postprocessing),constant,b0f43f79-08e2-79bc-61fa-379c7ef1dd21_131900_10.png,4981162,182323,4069,443526,0.9570030275932022,0.9175511079239685,0.9991837890761732,0.9182393531204006,0.9202301517711385,0.9570030275932022,0.9781696639340745,0.2913210694592466,0.0008162109238267996,0.9,
HistoKit (no postprocessing),constant,cbd7b0be-5303-525e-8ff2-6d1502e77bdd_110516_1.png,11677247,480896,20382,39035,0.9974623205836907,0.9949374881993724,0.9982575956204458,0.9966683116708868,0.9951367539836105,0.9974623205836906,0.9593399271462143,0.9249227301314982,0.0017424043795541814,0.9,
HistoKit (no postprocessing),constant,d9d9ce51-54c1-b32b-5fae-fd9ffdaa32e5_111717_2.png,6692784,749372,7225,1688124,0.887583162217523,0.7978872056511264,0.9989216432395837,0.7985750469996807,0.8144625912653399,0.887583162217523,0.9904506626381019,0.30743517117566554,0.001078356760416292,0.9,
HistoKit (no postprocessing),constant,c0272a60-2518-4785-1810-6431c15f4b4b_130712_1.png,8107980,226423,47115,17432,0.9960353200302668,0.9921019532881323,0.9942226301471657,0.9978546318635905,0.9923148726924199,0.9960353200302668,0.8277570209623526,0.9285148961473007,0.005777369852834333,0.9,
HistoKit (no postprocessing),constant,6f1702fd-ae84-1c96-04ae-a23a14a5d2d4_111419_5.png,2310214,935386,25257,224674,0.9486832490171669,0.9023762325962006,0.9891854790746706,0.9113672872332031,0.9284998473765502,0.9486832490171668,0.9737082350050955,0.8063255348861266,0.01081452092532941,0.9,
HistoKit (no postprocessing),constant,e398b039-2e70-a00a-855c-e3ff4eba631e_115619_4.png,4947219,186010,817,633298,0.9397718755844227,0.88638648036473,0.9998348839822507,0.886516249300916,0.8900507755389656,0.9397718755844227,0.9956269704057764,0.22703305716531513,0.00016511601774926455,0.9,
HistoKit (no postprocessing),constant,2125a939-8f92-6ca7-9a29-e1755d6267ed_103351_8.png,6530199,209012,0,1635739,0.8886959886125178,0.7996875557957946,1.0,0.7996875557957946,0.8046867145475496,0.8886959886125176,1.0,0.11330092787590304,0.0,0.9,
HistoKit (no postprocessing),constant,04e13be9-17d6-1bd0-76ee-d5d53a64912e_105258_4.png,7950867,384971,32059,778847,0.9514794790051123,0.9074495538745412,0.9959840539671795,0.9107820714401411,0.911344845772441,0.9514794790051123,0.9231254346210105,0.3307828199941915,0.004015946032820547,0.9,
HistoKit (no postprocessing),constant,deaaef3a-8172-327d-10b9-23d266fb17ca_123636_1.png,3651527,3641206,445131,78658,0.9330778706050448,0.8745510519443319,0.8913428946228853,0.9789131102076707,0.9329895060744408,0.9330778706050448,0.891068455685373,0.9788546032865718,0.10865710537711472,0.9,
HistoKit (no postprocessing),constant,7ea29210-064a-9e70-4612-3ab81fa629dc_120503_2.png,8255120,53253,15607,532725,0.9678559260411715,0.9377139785620459,0.9981129832963898,0.9393793358895156,0.9380884877615321,0.9678559260411715,0.7733517281440604,0.09087883845468601,0.0018870167036102146,0.9,
HistoKit (no postprocessing),constant,8e6bc805-8b70-bd59-8612-caf5bbe72e5e_125634_2.png,7194185,1488533,220274,42081,0.9820926950714043,0.9648154505977303,0.9702912916505438,0.9941847079695523,0.9706704461774656,0.9820926950714042,0.8710948632584019,0.9725071115251788,0.02970870834945611,0.9,
HistoKit (no postprocessing),constant,0502ebf6-5b9d-c3a6-85fe-a3909acf1f7b_112628_7.png,5014953,889515,15319,219523,0.9771215036160654,0.9552664437373268,0.9969546378406575,0.9580620868258829,0.9617478185659301,0.9771215036160654,0.9830698227520186,0.8020599835172465,0.003045362159342477,0.9,
HistoKit (no postprocessing),constant,f4c75e72-7c5b-0601-d74f-78529d4dec70_114117_1.png,4392177,8440800,10331279,149170,0.45597943565786786,0.29531953536651834,0.2983115513096925,0.9671529174053425,0.5504543605045437,0.45597943565786786,0.4496465202389144,0.982634398024673,0.7016884486903074,0.9,
HistoKit (no postprocessing),constant,9e7010fd-072a-6a7f-3911-83d91e8c9301_113642_1.png,8268349,270851,74966,28201,0.9938000097957526,0.9876764256318689,0.9910148424217472,0.9966008762678463,0.9880626453377876,0.9938000097957526,0.7832206051177357,0.9056986744780172,0.00898515757825277,0.9,
HistoKit (no postprocessing),constant,24aa9d72-799e-9634-ead4-94165f32d151_102546_1.png,6275495,409886,19570,62257,0.9935226640265588,0.9871286997889992,0.9968912155791878,0.9901768008593583,0.9879083072368989,0.9935226640265588,0.9544307216571662,0.8681395255251058,0.0031087844208121758,0.9,
HistoKit (no postprocessing),gaussian,e16fa7c2-3d43-e563-886f-5b0ebdd4e8c5_105048_1.png,42024057,442169,1009001,48386,0.9875755739925671,0.9754560919545779,0.9765528863879486,0.9988499360495895,0.9757054406305837,0.9875755739925672,0.30469827794124743,0.9013647807075659,0.02344711361205146,0.75,2.25
HistoKit (no postprocessing),constant,b91bdd22-8eea-af27-bee7-880d6f1d7c1e_121440_6.png,5681292,411071,97132,619203,0.9406954380603099,0.888031140296238,0.9831905723775203,0.901721531403485,0.8947911920898827,0.9406954380603099,0.808871651682497,0.39899191865464917,0.016809427622479764,0.9,
HistoKit (no postprocessing),constant,b1a83861-bd20-5668-5a83-92a470ead44d_110338_5.png,2707619,2333908,262,166919,0.970052230045792,0.941846041463754,0.9999032453789513,0.9419318860978704,0.9679035568897316,0.970052230045792,0.9998877545337315,0.9332544794182085,9.67546210487093e-05,0.9,
HistoKit (no postprocessing),constant,d9d9ce51-54c1-b32b-5fae-fd9ffdaa32e5_111717_5.png,9213044,224805,7119,850876,0.9555076069730668,0.9148057117046215,0.9992278878366901,0.9154528255391537,0.9166658896541168,0.9555076069730669,0.9693045997826875,0.2089885384235661,0.0007721121633099111,0.9,
HistoKit (no postprocessing),constant,e398b039-2e70-a00a-855c-e3ff4eba631e_115619_1.png,14548779,375817,1005,1682263,0.9453143979956873,0.8962997088414049,0.9999309268096351,0.8963552062769599,0.8986463280286977,0.9453143979956873,0.9973329582667678,0.18260563243411335,6.90731903648879e-05,0.9,
HistoKit (no postprocessing),constant,40f80889-968b-7602-00a3-4e00b00e88fe_110004_3.png,21342122,9004197,127764,930174,0.9758142380734459,0.9527707515069156,0.9940491533117596,0.9582362770322377,0.9663122741607929,0.9758142380734459,0.9860091386724056,0.9063681032246531,0.00595084668824045,0.9,
HistoKit (no postprocessing),constant,0502ebf6-5b9d-c3a6-85fe-a3909acf1f7b_112628_2.png,8399468,2876448,287404,287085,0.9669328874415954,0.9359826439997428,0.9669151335486468,0.9669506419865279,0.9515215724694641,0.9669328874415954,0.9091600997771071,0.9092517764157985,0.03308486645135326,0.9,
HistoKit (no postprocessing),constant,59c3e1ff-f1eb-ac9b-3a83-925048a454e4_130514_4.png,1779352,1074224,131,70613,0.9805083307434078,0.9617619842429799,0.9999263831123983,0.9618300886773533,0.9758083930623188,0.9805083307434078,0.9998780663747086,0.938320477063547,7.361688760162362e-05,0.9,
HistoKit (no postprocessing),constant,2125a939-8f92-6ca7-9a29-e1755d6267ed_103351_5.png,4153550,952546,2587,39389,0.994972377781685,0.9899950566389053,0.9993775469865406,0.9906058733504113,0.9918462678843653,0.9949723777816849,0.9972914766843989,0.960290744857274,0.0006224530134593734,0.9,
HistoKit (no postprocessing),constant,6247d1f0-d194-53f2-2d84-7b4b827443da_115125_1.png,2646184,451765,249007,31404,0.949682016817821,0.9041852391601845,0.9139928937330905,0.9882715339327783,0.916997892468535,0.949682016817821,0.6446675951664735,0.9350041082933714,0.08600710626690951,0.9,
HistoKit (no postprocessing),constant,0e99786b-efbd-e936-5e70-bad7ef5912da_122209_3.png,9752566,1757803,59361,172450,0.9882549693739299,0.9767826274989416,0.9939501180553014,0.9826247131490771,0.9802582655009546,0.9882549693739299,0.967333163104706,0.9106593798843986,0.006049881944698529,0.9,
HistoKit (no postprocessing),constant,0e99786b-efbd-e936-5e70-bad7ef5912da_122209_4.png,5242729,253020,12386,26352,0.9963191487501754,0.9926652954567358,0.9976430582394487,0.9949987483585847,0.9930006159559143,0.9963191487501754,0.953331876445898,0.9056741548902538,0.0023569417605513866,0.9,
HistoKit (no postprocessing),constant,66e65946-ef0a-6028-f7a7-e909aade97a4_112429_4.png,9085593,974841,19412,45562,0.9964370788587071,0.9928994563943415,0.9978679857946261,0.9950102697851476,0.9935830733931906,0.996437078858707,0.9804757943903614,0.9553490140660111,0.0021320142053738575,0.9,
HistoKit (no postprocessing),constant,7e3642ed-4a56-9d3f-3ecf-de46d455c0fd_113100_1.png,571426,1942221,1716549,83004,0.3884074422113883,0.24100846106186516,0.24975185480610584,0.8731659612181593,0.5827800704813132,0.38840744221138823,0.5308398724161398,0.959014924267674,0.7502481451938942,0.9,
HistoKit (no postprocessing),constant,728c532f-2f31-cf1c-4143-7abb9ca2b76d_102101_5.png,4845858,1823848,594595,59411,0.9367848855787928,0.8810868777846144,0.8907085494535106,0.9878883298754869,0.9107002023017836,0.9367848855787928,0.7541414042009673,0.9684530911574032,0.10929145054648942,0.9,
HistoKit (no postprocessing),constant,59c3e1ff-f1eb-ac9b-3a83-925048a454e4_130514_1.png,4979452,709039,118987,83643,0.9800591131220936,0.9608979556865368,0.9766620724500186,0.9834798675513693,0.9656041693932276,0.9800591131220936,0.8563004060258977,0.8944810150854946,0.023337927549981475,0.9,
HistoKit (no postprocessing),constant,0502ebf6-5b9d-c3a6-85fe-a3909acf1f7b_112628_5.png,2740118,843807,354,14209,0.9973496755750302,0.9947133624546726,0.9998708251717222,0.9948412080337592,0.9959530224916687,0.9973496755750301,0.9995806487151148,0.9834397027561258,0.00012917482827775654,0.9,
HistoKit (no postprocessing),constant,228e0715-eef2-126e-c558-f7684e2bcfa8_110725_7.png,7406854,366495,858,1826902,0.8901683433216349,0.8020751056838976,0.9998841747627337,0.8021496344499465,0.8096303249968311,0.8901683433216349,0.9976643718711975,0.16709013461767294,0.00011582523726624361,0.9,
HistoKit (no postprocessing),constant,f761dbde-597d-9a8f-e1a1-2533f0d71b83_120113_1.png,9237957,884507,124664,133112,0.9862399772815713,0.9728534911417581,0.9866849250866825,0.9857954305960185,0.9751666628131912,0.9862399772815713,0.8764689036843112,0.8691926939257227,0.013315074913317543,0.9,
HistoKit (no postprocessing),constant,c38dfb82-e376-0eab-4312-72ca49852e8b_104329_1.png,3513933,811399,41591,76815,0.9834310812686671,0.9674022716492046,0.9883024274340435,0.9786075213298177,0.973354414684214,0.9834310812686672,0.9512409289675142,0.9135174631338844,0.011697572565956523,0.9,
HistoKit (no postprocessing),constant,7d4546a5-f4cc-3733-763f-d1c5a5904dff_120251_4.png,3330356,263053,3594,124533,0.9811268171185088,0.9629528322099603,0.9989219994301054,0.9639545583085303,0.9655714737140794,0.9811268171185087,0.9865215059610646,0.678695824926597,0.0010780005698945694,0.9,
HistoKit (no postprocessing),constant,59c3e1ff-f1eb-ac9b-3a83-925048a454e4_130514_3.png,2340529,412430,49,77080,0.9837902545654469,0.9680976382929265,0.9999790650001837,0.9681172596561314,0.9727467838455907,0.9837902545654469,0.9998812060735213,0.8425364139649854,2.0934999816284695e-05,0.9,
HistoKit (no postprocessing),constant,7e3642ed-4a56-9d3f-3ecf-de46d455c0fd_113100_4.png,8160806,3776152,3863,103083,0.9934902381572381,0.9870646821530206,0.9995268638569427,0.987526090924019,0.9911203211184679,0.9934902381572381,0.9989780463834138,0.9734269772261799,0.0004731361430573609,0.9,
HistoKit (no postprocessing),constant,7e3642ed-4a56-9d3f-3ecf-de46d455c0fd_113100_3.png,3808064,1331818,222005,126025,0.9563004651590288,0.916260315575153,0.9449128538494006,0.9679659001105465,0.936582437910812,0.9563004651590288,0.857123366046197,0.9135537914576536,0.055087146150599405,0.9,
HistoKit (no postprocessing),constant,c0272a60-2518-4785-1810-6431c15f4b4b_130712_3.png,33299882,2106889,181299,293529,0.9929208961867408,0.9859413152622184,0.9945850476421366,0.9912623043846307,0.9867668104757539,0.9929208961867408,0.9207674369413702,0.877717547527139,0.005414952357863362,0.9,
HistoKit (no postprocessing),constant,3e1fffa8-5bae-87b0-bc39-e4a1bc285608_122517_7.png,3236754,351513,482,2949763,0.6869352369485915,0.5231541172060962,0.9998511075497739,0.5231948768588206,0.5487895411066004,0.6869352369485916,0.9986306623673632,0.10647791944690477,0.00014889245022605704,0.9,
HistoKit (no postprocessing),constant,b0f43f79-08e2-79bc-61fa-379c7ef1dd21_131900_5.png,7294061,151060,19722,555198,0.9620841253358,0.9269384434909679,0.9973034474771811,0.929267463336348,0.9283145809354342,0.9620841253358,0.8845194458432387,0.21388784268638372,0.0026965525228189024,0.9,
HistoKit (no postprocessing),constant,66e65946-ef0a-6028-f7a7-e909aade97a4_112429_5.png,13328659,464628,14660,15093,0.9988851155677594,0.99777271430167,0.9989013228268019,0.9988689088346366,0.9978475791142903,0.9988851155677594,0.9694129625611323,0.968537962690814,0.0010986771731980626,0.9,
HistoKit (no postprocessing),constant,1875292b-dccd-c5b5-17ad-67c30baa6d69_130951_13.png,11300512,340894,50846,1371575,0.9407902988101832,0.8882002286736871,0.9955207121473925,0.8917640795868904,0.8911175875185733,0.9407902988101832,0.8702047276254659,0.19906579330779126,0.0044792878526075915,0.9,
HistoKit (no postprocessing),constant,cbd7b0be-5303-525e-8ff2-6d1502e77bdd_110516_5.png,4617311,464723,176072,39369,0.9772021625675935,0.9554206381788265,0.9632676963222009,0.9915456934983722,0.9593313795723434,0.9772021625675935,0.7252288173284748,0.9219011608992009,0.036732303677799165,0.9,
HistoKit (no postprocessing),constant,1875292b-dccd-c5b5-17ad-67c30baa6d69_130951_12.png,7086080,281550,4595,1095135,0.927989921352236,0.8656541014267373,0.99935196578605,0.8661402982319863,0.8701212656601349,0.927989921352236,0.9839417078753778,0.2045130149598492,0.0006480342139500118,0.9,
HistoKit (no postprocessing),constant,6f1702fd-ae84-1c96-04ae-a23a14a5d2d4_111419_3.png,4559740,345749,15705,58550,0.9919233042936304,0.9839760293224313,0.996567546981769,0.9873221473748942,0.9850885908994519,0.9919233042936303,0.956550487752245,0.8551814375004637,0.0034324530182310137,0.9,
HistoKit (no postprocessing),constant,e398b039-2e70-a00a-855c-e3ff4eba631e_115619_3.png,17635091,539541,23032,3176736,0.9168242225425299,0.8464223827960631,0.9986956711084185,0.8473591001885611,0.8502990493300396,0.9168242225425299,0.9590595353847412,0.14518320351254763,0.0013043288915815117,0.9,
HistoKit (no postprocessing),constant,04e13be9-17d6-1bd0-76ee-d5d53a64912e_105258_3.png,9354550,316013,1446,1501491,0.9256414877926455,0.8615759797824303,0.9998454467060481,0.8616907397457324,0.8654909383809908,0.9256414877926455,0.9954450810970865,0.1738719694702185,0.00015455329395181442,0.9,
HistoKit (no postprocessing),constant,b91bdd22-8eea-af27-bee7-880d6f1d7c1e_121440_2.png,8857468,1021670,2282,2055415,0.895932069340487,0.8114827398394802,0.9997424306554925,0.8116524295183958,0.8276178735820676,0.8959320693404869,0.9977713799084332,0.3320252771697889,0.00025756934450746355,0.9,
HistoKit (no postprocessing),constant,b1a83861-bd20-5668-5a83-92a470ead44d_110338_3.png,843428,1692414,54213,93616,0.919425405451072,0.8508671313292113,0.9396050314101072,0.9000943392199299,0.9449153789715654,0.919425405451072,0.9689613180146648,0.9475843070945057,0.06039496858989284,0.9,
HistoKit (no postprocessing),constant,b91bdd22-8eea-af27-bee7-880d6f1d7c1e_121440_1.png,5320854,1312121,72471,434666,0.9545121490163331,0.9129825354912181,0.9865628346150103,0.9244784137662626,0.9289735231043995,0.9545121490163331,0.9476589493511446,0.7511625630371648,0.013437165384989779,0.9,
HistoKit (no postprocessing),constant,c74350c8-f970-c60d-af8a-f9c4d9c5bab2_124242_5.png,0,5519120,5581744,1850,0.0,0.0,0.0,0.0,0.4970964756905384,,0.4971793186548362,0.9996649139553375,1.0,0.9,
HistoKit (no postprocessing),constant,0504f20c-cba2-27c1-e181-78505aa24ca7_112258_4.png,9968635,1323682,452023,109020,0.9726297964130024,0.946717933824757,0.9566224129032926,0.9891820071236811,0.9526680198694716,0.9726297964130024,0.7454402617551902,0.9239060181391524,0.04337758709670733,0.9,
HistoKit (no postprocessing),constant,3e1fffa8-5bae-87b0-bc39-e4a1bc285608_122517_3.png,10385658,506584,2146,1726036,0.9231901973990708,0.857338218104251,0.9997934115815046,0.8574901248330745,0.8630646640715082,0.9231901973990707,0.9957816523499695,0.2269011296145336,0.0002065884184953817,0.9,
HistoKit (no postprocessing),constant,c74350c8-f970-c60d-af8a-f9c4d9c5bab2_124242_4.png,0,2720188,917190,1278,0.0,0.0,0.0,0.0,0.747580425299891,,0.747843089170276,0.9995304001593259,1.0,0.9,
HistoKit (no postprocessing),constant,5fe08b37-e6eb-942a-a4ce-507361c4911e_102333_2.png,9034806,70751,12233,153620,0.9909049207135656,0.981973791225172,0.9986478448915717,0.9832811408613401,0.9821113509164194,0.9909049207135656,0.8525860406825412,0.31533041257560024,0.0013521551084282935,0.9,
HistoKit (no postprocessing),constant,cbd7b0be-5303-525e-8ff2-6d1502e77bdd_110516_4.png,3243247,341139,1098,74986,0.9884063854174381,0.9770785137125523,0.9996615649692002,0.9774018280211185,0.9792146910096244,0.9884063854174381,0.996791696981916,0.8197993391408831,0.0003384350307997454,0.9,
HistoKit (no postprocessing),constant,7e6be544-b3c1-c3b1-a8a1-838402bd2649_124526_4.png,4616542,475204,17390,74224,0.9901751241702412,0.9805414264098301,0.9962472474779518,0.9841765715876682,0.982325364242499,0.9901751241702412,0.9646970933466505,0.8649067757740778,0.0037527525220482304,0.9,
HistoKit (no postprocessing),constant,66e65946-ef0a-6028-f7a7-e909aade97a4_112429_3.png,4702196,170312,12036,5894,0.9980970720380815,0.9962013725904775,0.9974468800008146,0.9987481122918211,0.9963336617292766,0.9980970720380816,0.9339943404918069,0.9665505147384311,0.0025531199991854453,0.9,
HistoKit (no postprocessing),constant,24aa9d72-799e-9634-ead4-94165f32d151_102546_6.png,8292562,117626,3541,31595,0.9978859536493412,0.9957808268263331,0.9995731730910284,0.9962044204596333,0.9958395912341551,0.9978859536493412,0.9707758713180982,0.788267066967786,0.00042682690897159786,0.9,
HistoKit (no postprocessing),constant,0f3058e5-e9f7-bd55-4b60-07a71af55b96_123333_3.png,30739946,1528895,104697,389291,0.9920290935471524,0.9841842529346447,0.9966056666630896,0.9874943610085913,0.9849223032601977,0.9920290935471524,0.9359099456902336,0.7970525277527831,0.0033943333369103996,0.9,
HistoKit (no postprocessing),constant,84acf623-2a5d-c4c6-c1db-583a94b80fc7_105804_1.png,45199277,3750318,40937,977628,0.988858049661355,0.9779616495292013,0.9990951192229108,0.9788286373891883,0.9796157192900439,0.9888580496613549,0.9892022562449637,0.7932235266646447,0.0009048807770891623,0.9,
HistoKit (no postprocessing),constant,def4a0a8-b472-78ea-531c-84458df3a3e9_124843_6.png,16588785,7831711,2150390,11613,0.9388220395305852,0.884698019091251,0.8852462821869159,0.9993004384593671,0.9186681808960098,0.9388220395305853,0.7845754115290959,0.9985193777536157,0.11475371781308409,0.9,
HistoKit (no postprocessing),constant,1875292b-dccd-c5b5-17ad-67c30baa6d69_130951_4.png,3880929,151164,1915,176627,0.9775147347740668,0.9560184073245012,0.9995068048059618,0.9564696087989913,0.9575973695178993,0.9775147347740668,0.987490119480791,0.4611597023713281,0.0004931951940381844,0.9,
HistoKit (no postprocessing),constant,b91bdd22-8eea-af27-bee7-880d6f1d7c1e_121440_4.png,6383872,256972,18787,322560,0.973961047337302,0.9492437346649976,0.9970657503390389,0.9519028896438524,0.9511117642012371,0.973961047337302,0.9318716705529103,0.4434129608028547,0.0029342496609611724,0.9,
HistoKit (no postprocessing),constant,9e7010fd-072a-6a7f-3911-83d91e8c9301_113642_6.png,6926625,1654374,23899,959902,0.9336929555610478,0.8756323616452515,0.9965615542079993,0.8782858411566967,0.8971435889929742,0.9336929555610478,0.9857597661405504,0.6328230072111743,0.003438445792000718,0.9,
HistoKit (no postprocessing),constant,969ce636-2f0f-f223-bb1c-2b4624598a38_125938_4.png,16019373,764760,76481,3489406,0.8998476687008682,0.8179300657739544,0.9952484037193677,0.8211366277715278,0.8247723098060837,0.8998476687008682,0.90908550581819,0.17976731514473107,0.004751596280632267,0.9,
HistoKit (no postprocessing),constant,859ead5f-592a-5c4e-67de-d71b0ee92f6d_113334_2.png,12677049,606914,33164,331617,0.9858166057704147,0.9720299221811662,0.9973907596985196,0.9745079933638084,0.9732736580010586,0.985816605770415,0.9481875646405594,0.6466637756238206,0.0026092403014803924,0.9,
HistoKit (no postprocessing),constant,35ce6eab-4a33-9fbb-2efe-2acf7936ba3e_104917_2.png,7229351,4501038,889226,170685,0.9317006616506256,0.872134455395426,0.8904702141766963,0.9769345716696514,0.9171316544568932,0.9317006616506256,0.8350310856759521,0.9634642293646263,0.10952978582330376,0.9,
HistoKit (no postprocessing),constant,6b809376-ab46-9021-2fa3-0d0025b512da_132412_1.png,3771003,439181,7837,48692,0.9925605396303366,0.9852309530005235,0.9979260831366239,0.9872523853344312,0.9867511594991273,0.9925605396303366,0.9824682674970583,0.9001953377210873,0.0020739168633760624,0.9,
HistoKit (no postprocessing),constant,d9d9ce51-54c1-b32b-5fae-fd9ffdaa32e5_111717_3.png,10967142,738957,23052,955599,0.9572882740687738,0.9180756773535252,0.9979024938049319,0.9198507289556991,0.922848223260214,0.9572882740687738,0.9697483887985575,0.43607706089382703,0.002097506195068076,0.9,
HistoKit (no postprocessing),constant,c38dfb82-e376-0eab-4312-72ca49852e8b_104329_5.png,2637145,526215,3937,54781,0.9889897033719057,0.9782192195968415,0.9985093230728921,0.9796498863638896,0.9817763567486573,0.9889897033719057,0.992573827883324,0.9057119154004503,0.001490676927107905,0.9,
HistoKit (no postprocessing),constant,cbd7b0be-5303-525e-8ff2-6d1502e77bdd_110516_2.png,9591538,749910,30115,43537,0.9961752588497901,0.9923796635141161,0.9968700804321253,0.9954814051784755,0.9929283444230013,0.9961752588497901,0.9613922630684913,0.945129290299163,0.0031299195678746675,0.9,
HistoKit (no postprocessing),constant,8e6bc805-8b70-bd59-8612-caf5bbe72e5e_125634_1.png,64583826,1031920,138803,97809,0.9981715285672503,0.9963497315460904,0.9978554177704988,0.9984878397090612,0.9964069320038623,0.9981715285672503,0.8814382223634455,0.9134225995791911,0.0021445822295012153,0.9,
HistoKit (no postprocessing),constant,7e6be544-b3c1-c3b1-a8a1-838402bd2649_124526_3.png,50323225,506260,42847,34108,0.9992359769807226,0.998473120532506,0.99914928843369,0.9993226805716657,0.9984883052124642,0.9992359769807226,0.9219696707563371,0.9368800521126344,0.0008507115663099556,0.9,
HistoKit (no postprocessing),constant,e3dca99c-de77-4ab1-72a1-8daf3d4d032c_120923_2.png,9160058,1304610,2934,162094,0.9910723984622463,0.9823027905587144,0.9996797989128442,0.9826119548361795,0.9844748147077772,0.9910723984622462,0.9977560984563426,0.8894841767664096,0.0003202010871558111,0.9,
HistoKit (no postprocessing),constant,b0f43f79-08e2-79bc-61fa-379c7ef1dd21_131900_4.png,13163351,195072,12666,369243,0.985700903727266,0.9718049708901859,0.9990387079798091,0.9727145438635046,0.9722052567579881,0.985700903727266,0.9390289691823355,0.3456792748730762,0.0009612920201909271,0.9,
HistoKit (no postprocessing),constant,7ea29210-064a-9e70-4612-3ab81fa629dc_120503_4.png,2692295,178314,2869,594129,0.900194062178806,0.8185026387129393,0.9989355007710106,0.8192171795240054,0.8278357380176012,0.900194062178806,0.9841651810600333,0.23084421763159224,0.0010644992289894047,0.9,
HistoKit (no postprocessing),constant,24aa9d72-799e-9634-ead4-94165f32d151_102546_7.png,10999830,597821,11066,57803,0.9968793117112609,0.9937780402195416,0.9989949955026367,0.9947725702236636,0.9940968686463487,0.996879311711261,0.9818258560291154,0.9118351372127927,0.001005004497363339,0.9,
HistoKit (no postprocessing),constant,19a1c0fb-3d0a-327d-ea5a-6aae35f53e51_121144_3.png,24662934,1527419,33072,189371,0.9955105835999132,0.9910612967607443,0.9986608360882322,0.9923801434112449,0.9915782108035818,0.9955105835999133,0.9788066704646166,0.889694720961795,0.0013391639117677572,0.9,
HistoKit (no postprocessing),constant,859ead5f-592a-5c4e-67de-d71b0ee92f6d_113334_1.png,20395150,373646,8112,204732,0.9948090809816925,0.9896717749432574,0.9996024165155553,0.9900614964687662,0.9898557024141106,0.9948090809816925,0.9787509364571273,0.6460238805763705,0.0003975834844447912,0.9,
HistoKit (no postprocessing),constant,f761dbde-597d-9a8f-e1a1-2533f0d71b83_120113_5.png,3492915,657445,540548,31299,0.9243356126492307,0.8593159943927836,0.8659841431544061,0.9911188707609697,0.8789025978742567,0.9243356126492307,0.5487886824046552,0.954556409928798,0.13401585684559397,0.9,
HistoKit (no postprocessing),constant,7ea29210-064a-9e70-4612-3ab81fa629dc_120503_1.png,8614386,155547,5586,1172001,0.9360228168971386,0.8797395581053992,0.999351970052803,0.8802417071795751,0.8816200419803126,0.9360228168971386,0.9653329857943438,0.11716864474956838,0.0006480299471970443,0.9,
HistoKit (no postprocessing),constant,5fe08b37-e6eb-942a-a4ce-507361c4911e_102333_3.png,13473807,1661520,21182,1702486,0.9398817255538138,0.8865819486460744,0.9984303803434,0.8878193772352708,0.8977597419063236,0.9398817255538139,0.9874119125073839,0.4939111285770596,0.0015696196565999423,0.9,
HistoKit (no postprocessing),constant,969ce636-2f0f-f223-bb1c-2b4624598a38_125938_2.png,4231438,329152,5924,1559990,0.8438581324367147,0.7298915090889772,0.9986019603706269,0.7306381085977414,0.7444033334508555,0.8438581324367147,0.9823204287982428,0.17423359387489135,0.0013980396293731808,0.9,
HistoKit (no postprocessing),constant,969ce636-2f0f-f223-bb1c-2b4624598a38_125938_5.png,12970919,271448,9381,1417037,0.9478805664489546,0.9009248724260605,0.9992772894309069,0.9015122787420257,0.902758272072295,0.9478805664489546,0.9665953302543541,0.16076423539445123,0.0007227105690931643,0.9,
HistoKit (no postprocessing),constant,a40a1d35-8d5f-0529-214c-05d84888ba26_111152_2.png,2755213,3931382,413,127072,0.9773879012989031,0.9557758044720606,0.999850124799229,0.9559127567190614,0.9812909446322908,0.9773879012989031,0.9998949589182549,0.9686895551852996,0.00014987520077107706,0.9,
HistoKit (no postprocessing),constant,9e7010fd-072a-6a7f-3911-83d91e8c9301_113642_2.png,2614539,922111,10063,421643,0.9237374187038403,0.8582825741199411,0.9961658948671075,0.8611272315032498,0.8912128851342974,0.9237374187038404,0.9892048051114921,0.6862200968332002,0.00383410513289253,0.9,
HistoKit (no postprocessing),constant,04e13be9-17d6-1bd0-76ee-d5d53a64912e_105258_1.png,14299007,264112,47056,599283,0.9778986732925841,0.9567531591439904,0.9967199363337523,0.9597750480088655,0.9575041398582382,0.9778986732925841,0.8487762237762237,0.30589938556512375,0.0032800636662476666,0.9,
HistoKit (no postprocessing),constant,40f80889-968b-7602-00a3-4e00b00e88fe_110004_1.png,9249415,906799,85953,2402608,0.8814258999606002,0.7879906212110163,0.990792757178935,0.7938033592964929,0.8031945210571165,0.8814258999606002,0.9134194642770803,0.2740064911931352,0.009207242821065009,0.9,
HistoKit (no postprocessing),constant,2125a939-8f92-6ca7-9a29-e1755d6267ed_103351_3.png,10166450,2466311,375197,756938,0.9472567829495736,0.8997985145927565,0.9644081233226649,0.930704832603218,0.9177520120747734,0.9472567829495736,0.867958492462453,0.7651630389088774,0.03559187667733515,0.9,
HistoKit (no postprocessing),constant,f9a50b4c-7c73-18cd-0877-8296eed330e2_114604_2.png,8973430,1661717,35295,1806524,0.9069256214626555,0.8297016555051113,0.9960821314891952,0.8324182088346573,0.852382462210765,0.9069256214626553,0.9792016791867117,0.47912385557981696,0.0039178685108048035,0.9,
HistoKit (no postprocessing),constant,c38dfb82-e376-0eab-4312-72ca49852e8b_104329_2.png,5761913,751034,16932,65612,0.9928880433761805,0.9858765322424308,0.9970700027427626,0.9887410178420513,0.9874847831647409,0.9928880433761805,0.9779521489232597,0.9196567423338876,0.002929997257237389,0.9,
HistoKit (no postprocessing),constant,7d4546a5-f4cc-3733-763f-d1c5a5904dff_120251_3.png,2838143,445129,15598,208710,0.9619855221355681,0.9267553995149637,0.9945341921358666,0.9314998130858299,0.9360504963536114,0.9619855221355681,0.9661448102672515,0.6807929780878779,0.00546580786413343,0.9,
HistoKit (no postprocessing),constant,0502ebf6-5b9d-c3a6-85fe-a3909acf1f7b_112628_1.png,7717087,2938734,394131,45227,0.9723213459991135,0.946133640329825,0.9514091471835673,0.9941735157840819,0.9604009993890139,0.9723213459991136,0.8817440850439486,0.9848433005659256,0.048590852816432745,0.9,
HistoKit (no postprocessing),constant,c0272a60-2518-4785-1810-6431c15f4b4b_130712_2.png,16994403,1511850,68589,298797,0.9893065564425766,0.978839392645539,0.9959802477783498,0.9827217056415238,0.9805344374765248,0.9893065564425766,0.956601298753068,0.8349777731385521,0.004019752221650224,0.9,
HistoKit (no postprocessing),constant,0f3058e5-e9f7-bd55-4b60-07a71af55b96_123333_2.png,15234476,842979,32205,90568,0.9959867251683258,0.9920055343245395,0.9978905041639371,0.9940901964131392,0.992421526413085,0.9959867251683259,0.9632020238029946,0.9029850666329601,0.002109495836062861,0.9,
HistoKit (no postprocessing),constant,c38dfb82-e376-0eab-4312-72ca49852e8b_104329_4.png,5032330,144938,6866,21486,0.997190927742878,0.9943975930516875,0.9986374810584863,0.9957485591086023,0.9945535786323243,0.9971909277428779,0.9547706252799663,0.8708960246118348,0.0013625189415136859,0.9,
HistoKit (no postprocessing),constant,228e0715-eef2-126e-c558-f7684e2bcfa8_110725_12.png,2209767,6117447,451191,135963,0.8827260656146338,0.7900712962575632,0.8304403902654608,0.9420380862247574,0.9341339733787073,0.8827260656146338,0.9313113312074741,0.9782577825538387,0.1695596097345392,0.9,
HistoKit (no postprocessing),constant,7ea29210-064a-9e70-4612-3ab81fa629dc_120503_3.png,3695236,234320,4329,751188,0.9072528823694704,0.8302496229289741,0.9988298624297721,0.8310579467904995,0.8387395457872268,0.9072528823694704,0.9818603891070149,0.23776570053211135,0.0011701375702278512,0.9,
HistoKit (no postprocessing),constant,5fe08b37-e6eb-942a-a4ce-507361c4911e_102333_4.png,4960521,511430,17258,2334991,0.8083440700623818,0.6783367998720047,0.9965329919227028,0.6799414489346327,0.6993623629252831,0.8083440700623817,0.967356928850286,0.17967475647488548,0.0034670080772971237,0.9,
HistoKit (no postprocessing),constant,be2180cd-04c9-2627-2456-4397fd5e59ee_103647_6.png,3761898,360697,9680,76452,0.988681627474005,0.9776165986231916,0.9974334350237487,0.9800820665129548,0.9795349044972506,0.988681627474005,0.9738644678260259,0.8251122614943647,0.0025665649762513197,0.9,
HistoKit (no postprocessing),constant,0f3058e5-e9f7-bd55-4b60-07a71af55b96_123333_1.png,18716911,804484,33289,182316,0.9942733524204764,0.9886119203596606,0.9982246056042069,0.9903532562469354,0.9890761007245276,0.9942733524204764,0.960264892757346,0.8152452371301175,0.0017753943957931116,0.9,
HistoKit (no postprocessing),constant,7e6be544-b3c1-c3b1-a8a1-838402bd2649_124526_2.png,49824419,1386449,62373,119954,0.9981736464760278,0.9963539519248064,0.9987497091414497,0.9975982479547796,0.9964523124121784,0.9981736464760278,0.9569491628371187,0.9203705781255083,0.0012502908585502951,0.9,
HistoKit (no postprocessing),constant,6f1702fd-ae84-1c96-04ae-a23a14a5d2d4_111419_1.png,2956930,787973,390,47329,0.9919955770107215,0.9841182780417945,0.9998681238418569,0.9842460320498333,0.9874179393569936,0.9919955770107216,0.9995053040287278,0.9433390558145437,0.0001318761581431837,0.9,
HistoKit (no postprocessing),constant,9e7010fd-072a-6a7f-3911-83d91e8c9301_113642_4.png,6684597,228274,34376,1163633,0.917759847240407,0.8480186628635251,0.9948837419051989,0.851733065926967,0.8522960517231176,0.9177598472404072,0.8691185988958691,0.1640008994853823,0.005116258094801095,0.9,
HistoKit (no postprocessing),constant,228e0715-eef2-126e-c558-f7684e2bcfa8_110725_1.png,8027319,561648,19743,1956889,0.8903775496678825,0.8024148658864882,0.9975465579860078,0.8040015792940212,0.8129181317594961,0.8903775496678825,0.9660417859925592,0.2230056576496593,0.0024534420139921873,0.9,
HistoKit (no postprocessing),constant,deaaef3a-8172-327d-10b9-23d266fb17ca_123636_5.png,2220275,163078,637,604406,0.8800848582119088,0.7858495928599896,0.9997131808914536,0.7860268115231419,0.7975358687402875,0.8800848582119088,0.9961090920196684,0.21248390845932943,0.000286819108546399,0.9,
HistoKit (no postprocessing),constant,f761dbde-597d-9a8f-e1a1-2533f0d71b83_120113_2.png,3074360,464666,20723,32355,0.991441514218941,0.983028280656563,0.993304541429099,0.9895854624579339,0.985223701763646,0.991441514218941,0.9573064078501985,0.934902146991777,0.006695458570901007,0.9,
HistoKit (no postprocessing),constant,9e7010fd-072a-6a7f-3911-83d91e8c9301_113642_7.png,2656857,3201588,407682,667618,0.831695469754801,0.7118824315268624,0.8669679191552139,0.7991809233036795,0.8449178618481066,0.831695469754801,0.8870458569184351,0.8274534878732226,0.13303208084478613,0.9,
HistoKit (no postprocessing),constant,3e1fffa8-5bae-87b0-bc39-e4a1bc285608_122517_5.png,5004640,1793656,203122,648497,0.9215885351663798,0.8545796898668587,0.960996297449845,0.885285461859495,0.8886760179688271,0.9215885351663797,0.8982751212202859,0.7344568501645884,0.039003702550154944,0.9,
HistoKit (no postprocessing),constant,7e3642ed-4a56-9d3f-3ecf-de46d455c0fd_113100_2.png,2179028,1256965,131,146768,0.9673916831577674,0.9368428157891455,0.9999398850657524,0.9368955832755753,0.9589998805434269,0.9673916831577674,0.9998957915704131,0.8954445040474222,6.0114934247569816e-05,0.9,
HistoKit (no postprocessing),constant,8e6bc805-8b70-bd59-8612-caf5bbe72e5e_125634_3.png,31274508,393422,25622,41333,0.9989307041170056,0.9978636925787414,0.9991814091506969,0.9986801248607693,0.9978901766935661,0.9989307041170056,0.9388560628478155,0.9049280629319962,0.0008185908493031818,0.9,
HistoKit (no postprocessing),constant,1875292b-dccd-c5b5-17ad-67c30baa6d69_130951_1.png,10243306,348303,7742,1681330,0.9238322479703445,0.8584463214289725,0.9992447601454992,0.8590036626694517,0.8624610475591704,0.9238322479703445,0.9782555575840133,0.17160885736485365,0.00075523985450073,0.9,
HistoKit (no postprocessing),constant,54b22c23-34e4-1c55-9de2-c8e205e762bc_131621_2.png,20972836,1723855,70434,329710,0.9905505658457496,0.9812780435858733,0.9966528966268076,0.9845225073096896,0.9826753752191588,0.9905505658457497,0.9607454540489296,0.8394450626106308,0.0033471033731924745,0.9,
HistoKit (no postprocessing),constant,be2180cd-04c9-2627-2456-4397fd5e59ee_103647_1.png,28914873,456119,8007,47661,0.9990383069558767,0.9980784618416342,0.9997231603491769,0.9983543912283366,0.9981082460598655,0.9990383069558767,0.9827482192335701,0.9053932272023503,0.00027683965082315456,0.9,
HistoKit (no postprocessing),constant,7d4546a5-f4cc-3733-763f-d1c5a5904dff_120251_1.png,6512617,928882,32442,259675,0.9780649319823439,0.9570715034562703,0.9950432837962194,0.9616562605392679,0.9622276306452247,0.978064931982344,0.9662527930229559,0.7815207852883791,0.004956716203780592,0.9,
HistoKit (no postprocessing),constant,f9a50b4c-7c73-18cd-0877-8296eed330e2_114604_5.png,4912076,3237692,396232,1119440,0.866340782714088,0.7641985964602221,0.9253562528775647,0.814401553440296,0.8431864457282855,0.866340782714088,0.890963047108305,0.7430787040649675,0.07464374712243525,0.9,
HistoKit (no postprocessing),constant,9601a588-d18f-b3b2-00f0-b816a7730c15_114312_2.png,5466465,420641,22046,47328,0.9936945934233411,0.987468204909861,0.995983245729124,0.9914164351110025,0.9883531884602987,0.9936945934233412,0.9501995766760714,0.8988650957648904,0.004016754270876017,0.9,
HistoKit (no postprocessing),constant,f761dbde-597d-9a8f-e1a1-2533f0d71b83_120113_3.png,10042310,14681420,431350,87060,0.9748381670074742,0.9509114908831974,0.9588157339459177,0.9914051910434706,0.9794625178372357,0.974838167007474,0.971457912745314,0.9941050128381526,0.04118426605408233,0.9,
HistoKit (no postprocessing),constant,6f1702fd-ae84-1c96-04ae-a23a14a5d2d4_111419_2.png,6469074,565404,14795,149763,0.9874409148766674,0.9751933782277944,0.9977181833871104,0.9773732152642526,0.9771416617447114,0.9874409148766675,0.97450012840422,0.790590169848441,0.0022818166128896187,0.9,
HistoKit (no postprocessing),constant,1c7a4a4c-ace6-25f8-ee0c-f8914aeab226_121941_3.png,7014758,3848395,549378,122697,0.9542855599778283,0.9125680237882103,0.9273706871478778,0.9828094187634108,0.9417371724252004,0.9542855599778283,0.8750781361384501,0.9691024534309455,0.07262931285212217,0.9,
HistoKit (no postprocessing),constant,9601a588-d18f-b3b2-00f0-b816a7730c15_114312_1.png,9501691,1033007,327888,57312,0.98013263682718,0.961039319640522,0.9666427219314275,0.9940043956467008,0.9647249452330049,0.98013263682718,0.7590644392109605,0.9474355670221284,0.033357278068572416,0.9,
HistoKit (no postprocessing),gaussian,2125a939-8f92-6ca7-9a29-e1755d6267ed_103351_7.png,917579,336025,9343,1449503,0.5571207563803808,0.3861173822022576,0.9899204032270245,0.3876414082824338,0.4621666758834264,0.5571207563803808,0.9729476963702486,0.18819363235972777,0.010079596772975504,0.75,0.75
HistoKit (no postprocessing),constant,54b22c23-34e4-1c55-9de2-c8e205e762bc_131621_1.png,26123120,1341606,131303,169219,0.9942808654889145,0.9886267759758477,0.9949988236267847,0.993563942713503,0.9891763257436058,0.9942808654889146,0.910854642072253,0.887995631525822,0.005001176373215286,0.9,
HistoKit (no postprocessing),gaussian,228e0715-eef2-126e-c558-f7684e2bcfa8_110725_2.png,2723580,182375,63934,770617,0.8671459097688512,0.7654524243205211,0.9770641510679409,0.7794580557421348,0.7768882071035309,0.8671459097688512,0.7404317341225859,0.19137096638796547,0.022935848932059175,0.75,0.75
HistoKit (no postprocessing),gaussian,be2180cd-04c9-2627-2456-4397fd5e59ee_103647_4.png,4365432,440993,23608,482091,0.9452503057684986,0.8961844795387355,0.9946211472212603,0.9005490020367103,0.9048028622825822,0.9452503057684984,0.9491865062709723,0.47773875400288596,0.00537885277873977,0.75,0.75
HistoKit (no postprocessing),gaussian,39bcf904-a619-148a-5bca-38122a540be1_104536_1.png,1673969,912153,1543,331651,0.9094859950689081,0.8339975378183038,0.9990790874669951,0.8346391639493025,0.8858657301915929,0.9094859950689081,0.9983112545091584,0.7333575064881606,0.0009209125330048367,0.75,0.75
HistoKit (no postprocessing),gaussian,9e7010fd-072a-6a7f-3911-83d91e8c9301_113642_3.png,3208777,270756,3895,560898,0.9191112959582215,0.850329263800592,0.9987876135503406,0.8512078627467885,0.8603492893500673,0.9191112959582215,0.9858183658533921,0.3255632751120057,0.001212386449659349,0.75,0.75
HistoKit (no postprocessing),constant,be2180cd-04c9-2627-2456-4397fd5e59ee_103647_3.png,21839079,1450152,40411,239057,0.9936423318220142,0.9873649928270605,0.9981530191060212,0.9891722290323784,0.9881424087091103,0.9936423318220142,0.9728887675328047,0.8584799157475481,0.00184698089397879,0.9,
HistoKit (no postprocessing),gaussian,c74350c8-f970-c60d-af8a-f9c4d9c5bab2_124242_3.png,305784,1907439,1519897,20884,0.28413979331418837,0.16559612036402727,0.1674903775632216,0.9360696486953114,0.589563303608627,0.2841397933141883,0.556536913801273,0.9891698641773189,0.8325096224367784,0.75,0.75
HistoKit (no postprocessing),constant,332605c9-e7e2-297a-c808-98d567218fe3_115336_3.png,9184922,264687,32294,55673,0.995234158590095,0.9905135282003268,0.996496339024712,0.993975171512224,0.9907767969555367,0.995234158590095,0.8912590367733962,0.8262173804469971,0.0035036609752879828,0.9,
HistoKit (no postprocessing),gaussian,332605c9-e7e2-297a-c808-98d567218fe3_115336_2.png,5418318,468729,13139,209670,0.9798535098280248,0.9605027506028494,0.9975809437504523,0.9627451231239299,0.9635328557661588,0.9798535098280248,0.9727331966430641,0.6909340963061561,0.0024190562495477732,0.75,0.75
HistoKit (no postprocessing),constant,969ce636-2f0f-f223-bb1c-2b4624598a38_125938_1.png,21969743,771568,143680,2237759,0.948588267613395,0.9022043775944839,0.9935025889026768,0.9075592764590085,0.9052078693614354,0.948588267613395,0.843015226474136,0.2563922099525907,0.006497411097323105,0.9,
HistoKit (no postprocessing),constant,10fd35f3-17d4-d309-f849-cc9e883460c1_123055_2.png,4872225,3640891,3666650,97724,0.7213396221610409,0.5641369942033896,0.5705933158642092,0.9803370215670221,0.6933922161614466,0.7213396221610409,0.498237505612353,0.9738609083845221,0.4294066841357907,0.9,
HistoKit (no postprocessing),gaussian,0502ebf6-5b9d-c3a6-85fe-a3909acf1f7b_112628_8.png,4020029,94661,755,43520,0.9945233577092878,0.9891063759010152,0.9998122256753906,0.9892901500634051,0.989354322529764,0.9945233577092878,0.9920872809591683,0.6850507667479611,0.00018777432460932993,0.75,0.75
HistoKit (no postprocessing),gaussian,def4a0a8-b472-78ea-531c-84458df3a3e9_124843_7.png,11412937,165392,59689,343988,0.9826222642013184,0.965838183425472,0.9947972678617781,0.9707416692715144,0.9663097314422977,0.9826222642013184,0.7348110235870642,0.3246927637520122,0.005202732138221886,0.75,0.75
HistoKit (no postprocessing),gaussian,b91bdd22-8eea-af27-bee7-880d6f1d7c1e_121440_5.png,3575250,763977,347639,4425274,0.5997024509676885,0.4282678716263686,0.9113818922737809,0.44687697955783895,0.47620284587374645,0.5997024509676885,0.6872670058725315,0.14722298073459927,0.08861810772621911,0.75,0.75
HistoKit (no postprocessing),gaussian,3e1fffa8-5bae-87b0-bc39-e4a1bc285608_122517_10.png,3629114,1739376,268474,1600916,0.7951941021195235,0.6600184341049856,0.931117911898333,0.6938992701762705,0.7417213327659481,0.7951941021195233,0.8662878203053017,0.520725732959873,0.06888208810166697,0.75,0.75
HistoKit (no postprocessing),constant,7e6be544-b3c1-c3b1-a8a1-838402bd2649_124526_1.png,51766570,2597874,149710,259416,0.9960639110946455,0.9921586862971603,0.9971163188117484,0.9950137225654887,0.9925305945915156,0.9960639110946455,0.9455121299294217,0.9092090757325998,0.0028836811882515466,0.9,
HistoKit (no postprocessing),gaussian,04e13be9-17d6-1bd0-76ee-d5d53a64912e_105258_2.png,3270673,117452,4920,899307,0.8785550823287879,0.7834134949340104,0.9984979818921337,0.7843378145698541,0.7893399702540705,0.8785550823287879,0.9597947242833328,0.11551606624578686,0.0015020181078662703,0.75,0.75
HistoKit (no postprocessing),gaussian,d9d9ce51-54c1-b32b-5fae-fd9ffdaa32e5_111717_1.png,7436476,300165,7535,611834,0.9600209032591049,0.9231155763299815,0.9989877768853378,0.923979816880811,0.9258774223582786,0.9600209032591049,0.9755118622034449,0.32912865036036226,0.0010122231146622433,0.75,0.75
HistoKit (no postprocessing),gaussian,cd7afea3-2dfd-f8a4-f2e6-1e02af01c417_132555_3.png,0,3999067,3683,106110,0.0,0.0,0.0,0.0,0.9732789630213733,,0.9990798825807258,0.9741521498342215,1.0,0.75,0.75
HistoKit (no postprocessing),gaussian,be2180cd-04c9-2627-2456-4397fd5e59ee_103647_5.png,4977315,480212,15794,96815,0.9888143114512331,0.9778760940241937,0.9968368405336234,0.9809198818319593,0.9797834379627356,0.9888143114512331,0.9681576432543155,0.8322175565441479,0.0031631594663765602,0.75,0.75
HistoKit (no postprocessing),gaussian,0504f20c-cba2-27c1-e181-78505aa24ca7_112258_3.png,3521639,2215154,2651166,60263,0.7220389090107986,0.5649928734934385,0.570508707143673,0.9831756982742688,0.6790532966581607,0.7220389090107986,0.45520105541764616,0.9735156237296284,0.4294912928563271,0.75,0.75
HistoKit (no postprocessing),gaussian,19a1c0fb-3d0a-327d-ea5a-6aae35f53e51_121144_1.png,6537973,59632,4145,19398,0.99820275432118,0.9964119572367117,0.9993664131402094,0.9970418022710626,0.996444272201739,0.99820275432118,0.9350079182150305,0.754548905478932,0.0006335868597906672,0.75,0.75
HistoKit (no postprocessing),gaussian,b0f43f79-08e2-79bc-61fa-379c7ef1dd21_131900_10.png,5058552,181239,5153,366136,0.9646000106975396,0.9316206496654322,0.9989823656788853,0.932505611382627,0.9338293162813576,0.9646000106975396,0.9723539636894287,0.3311057319022608,0.001017634321114678,0.75,0.75
HistoKit (no postprocessing),gaussian,cbd7b0be-5303-525e-8ff2-6d1502e77bdd_110516_1.png,11665161,482579,18699,51121,0.9970162574227114,0.994050267316155,0.9983995871227488,0.9956367557557935,0.994285274637489,0.9970162574227113,0.9626973455846856,0.9042139778902005,0.0016004128772511823,0.75,0.75
HistoKit (no postprocessing),gaussian,d9d9ce51-54c1-b32b-5fae-fd9ffdaa32e5_111717_2.png,6711057,750509,6088,1669851,0.8889963493968395,0.8001741028611437,0.9990936625605075,0.800755359681791,0.816586803509273,0.8889963493968395,0.9919534441717321,0.3100815581153217,0.0009063374394925225,0.75,0.75
HistoKit (no postprocessing),constant,def4a0a8-b472-78ea-531c-84458df3a3e9_124843_8.png,30169398,633534,189226,1099362,0.9790906587889565,0.9590378099856742,0.9937669770540325,0.9648415223373105,0.9598464641126379,0.9790906587889565,0.7700106957071321,0.36559262644728824,0.006233022945967511,0.9,
HistoKit (no postprocessing),gaussian,c0272a60-2518-4785-1810-6431c15f4b4b_130712_1.png,8108960,224526,49012,16452,0.9959797054469759,0.9919916069927374,0.9939921343196569,0.9979752411323881,0.992205692378214,0.9959797054469759,0.8208219698908379,0.9317282075542166,0.006007865680343105,0.75,0.75
HistoKit (no postprocessing),gaussian,6f1702fd-ae84-1c96-04ae-a23a14a5d2d4_111419_5.png,2302745,935649,24994,232143,0.947119735895844,0.8995512293144762,0.9892625418915093,0.9084208059685477,0.9264383580062657,0.9471197358958439,0.9739820099662414,0.801212030909614,0.010737458108490685,0.75,0.75
HistoKit (no postprocessing),gaussian,2125a939-8f92-6ca7-9a29-e1755d6267ed_103351_8.png,6710146,209012,0,1455792,0.9021387617870402,0.8217238485033808,1.0,0.8217238485033808,0.8261730517794136,0.9021387617870401,1.0,0.12554751189929866,0.0,0.75,0.75
HistoKit (no postprocessing),gaussian,e398b039-2e70-a00a-855c-e3ff4eba631e_115619_4.png,4955992,186216,611,624525,0.9406729732602457,0.8879911014404257,0.9998767300911532,0.8880883258665819,0.8916076446974552,0.9406729732602457,0.9967295947587875,0.22968617597975186,0.00012326990884684532,0.75,0.75
HistoKit (no postprocessing),gaussian,deaaef3a-8172-327d-10b9-23d266fb17ca_123636_1.png,3642859,3825990,260347,87326,0.9544536628609749,0.91287552637092,0.9332991904603549,0.9765893648706432,0.9555207546271859,0.954453662860975,0.936288416740959,0.9776849096776238,0.0667008095396451,0.75,0.75
HistoKit (no postprocessing),gaussian,04e13be9-17d6-1bd0-76ee-d5d53a64912e_105258_4.png,8044856,378650,38380,684858,0.9569832777710039,0.9175147985411652,0.9952519015899078,0.9215486326356167,0.9209294586139067,0.9569832777710039,0.9079682516845311,0.35603869458433784,0.0047480984100921955,0.75,0.75
HistoKit (no postprocessing),gaussian,8e6bc805-8b70-bd59-8612-caf5bbe72e5e_125634_2.png,7186919,1494700,214107,49347,0.9820011789065901,0.9646388174122289,0.9710706326393125,0.9931805989442621,0.9705475852460902,0.9820011789065901,0.8747038138303507,0.9680404806330377,0.028929367360687557,0.75,0.75
HistoKit (no postprocessing),gaussian,7ea29210-064a-9e70-4612-3ab81fa629dc_120503_2.png,8480855,52983,15877,306990,0.9813205148150285,0.9633260795831581,0.9981313992250197,0.9650665208592095,0.9635454720463197,0.9813205148150285,0.7694307290153936,0.14718603895292148,0.0018686007749803102,0.75,0.75
HistoKit (no postprocessing),gaussian,f4c75e72-7c5b-0601-d74f-78529d4dec70_114117_1.png,4382047,8424731,10347348,159300,0.4547875738256472,0.29432042230699196,0.29750352950681275,0.9649223016871427,0.5493305874477651,0.4547875738256472,0.4487905148918242,0.9814422850989238,0.7024964704931873,0.75,0.75
HistoKit (no postprocessing),gaussian,9e7010fd-072a-6a7f-3911-83d91e8c9301_113642_1.png,8238778,272259,73558,57772,0.9920927869575359,0.9843096409269749,0.9911507427033749,0.9930366236568212,0.9848039316080884,0.9920927869575359,0.7872921227123016,0.8249497774451491,0.008849257296625161,0.75,0.75
HistoKit (no postprocessing),gaussian,0502ebf6-5b9d-c3a6-85fe-a3909acf1f7b_112628_7.png,5085117,883795,21039,149359,0.9835215100972552,0.9675772973723793,0.9958796793517471,0.9714662938563478,0.972244763662366,0.9835215100972551,0.9767482212206879,0.8554339430520522,0.0041203206482528145,0.75,0.75
HistoKit (no postprocessing),gaussian,24aa9d72-799e-9634-ead4-94165f32d151_102546_1.png,6282365,405651,23805,55387,0.9937367535168281,0.9875514752127506,0.9962251255516423,0.9912607814253382,0.9882976849536766,0.9937367535168281,0.9445694087403599,0.8798645664782513,0.0037748744483577196,0.75,0.75
HistoKit (no postprocessing),gaussian,e398b039-2e70-a00a-855c-e3ff4eba631e_115619_1.png,14533577,374976,1846,1697465,0.9447674277821647,0.8953167791214971,0.9998729999120081,0.8954186059034287,0.8976803398679084,0.9447674277821647,0.9951011352840333,0.1809344632730196,0.0001270000879919353,0.75,0.75
HistoKit (no postprocessing),gaussian,b1a83861-bd20-5668-5a83-92a470ead44d_110338_5.png,2719599,2333908,262,154939,0.9722577885488682,0.9460132878808961,0.999903671547921,0.9460995123390263,0.9702035514373238,0.9722577885488684,0.9998877545337315,0.9377466754686005,9.632845207898491e-05,0.75,0.75
HistoKit (no postprocessing),gaussian,b91bdd22-8eea-af27-bee7-880d6f1d7c1e_121440_6.png,5752903,406652,101551,547592,0.9465943460560797,0.8986038213408651,0.9826540613351817,0.9130874637627678,0.904659745519628,0.9465943460560796,0.8001763074991687,0.4261509634852302,0.017345938664818275,0.75,0.75
HistoKit (no postprocessing),gaussian,d9d9ce51-54c1-b32b-5fae-fd9ffdaa32e5_111717_5.png,8882116,226645,5279,1181804,0.9373614443113842,0.882107504281125,0.9994060126730049,0.882570211209946,0.8847027014006816,0.9373614443113842,0.9772382332143288,0.1609181447109551,0.0005939873269951431,0.75,0.75
HistoKit (no postprocessing),gaussian,40f80889-968b-7602-00a3-4e00b00e88fe_110004_3.png,21413089,8993435,138526,859207,0.9772331364948236,0.9554798570083686,0.9935723610504363,0.9614226121994787,0.968229370941653,0.9772331364948236,0.9848306404287097,0.9127942535616336,0.006427638949563641,0.75,0.75
HistoKit (no postprocessing),gaussian,0502ebf6-5b9d-c3a6-85fe-a3909acf1f7b_112628_2.png,8280479,2884971,278881,406074,0.9602830537298895,0.9236004637366133,0.9674180078884402,0.953252573258921,0.9421998657429852,0.9602830537298895,0.9118539678847177,0.876612443767861,0.032581992111559745,0.75,0.75
HistoKit (no postprocessing),constant,e16fa7c2-3d43-e563-886f-5b0ebdd4e8c5_105048_1.png,41993035,444966,1006204,79408,0.9872388558157343,0.9747993013801014,0.9765994928421873,0.9981125888030795,0.9750569420787746,0.9872388558157342,0.30662568823776676,0.8485660997684858,0.023400507157812722,0.9,
HistoKit (no postprocessing),gaussian,59c3e1ff-f1eb-ac9b-3a83-925048a454e4_130514_4.png,1784946,1074137,218,65019,0.9820537317932871,0.9647402446136409,0.9998778823682306,0.9648539296689397,0.9776915659025004,0.982053731793287,0.9997970875548585,0.9429235328611709,0.00012211763176940606,0.75,0.75
HistoKit (no postprocessing),gaussian,6247d1f0-d194-53f2-2d84-7b4b827443da_115125_1.png,2666242,453541,247231,11346,0.9537517118843811,0.9115921361287656,0.9151421688136461,0.9957626042542767,0.9234607916267065,0.9537517118843811,0.6472019430000057,0.975594069096361,0.08485783118635389,0.75,0.75
HistoKit (no postprocessing),gaussian,2125a939-8f92-6ca7-9a29-e1755d6267ed_103351_5.png,4155568,952493,2640,37371,0.9952089216008292,0.9904635331619307,0.9993651111247922,0.9910871586731884,0.9922279641776572,0.9952089216008291,0.9972359870300785,0.9622463287886013,0.0006348888752077818,0.75,0.75
HistoKit (no postprocessing),gaussian,0e99786b-efbd-e936-5e70-bad7ef5912da_122209_3.png,9731206,1759445,57719,193810,0.9872410595121492,0.9748035984126595,0.9941036426369596,0.9804725755605834,0.9785790202500728,0.9872410595121492,0.9682367689432544,0.9007758843571372,0.005896357363040374,0.75,0.75
HistoKit (no postprocessing),gaussian,66e65946-ef0a-6028-f7a7-e909aade97a4_112429_4.png,9086927,974186,20067,44228,0.996474697075893,0.9929741623577704,0.9977965286899277,0.9951563630230786,0.9936501324193554,0.9964746970758929,0.97981700834697,0.956571688920223,0.002203471310072237,0.75,0.75
HistoKit (no postprocessing),gaussian,7e3642ed-4a56-9d3f-3ecf-de46d455c0fd_113100_1.png,565016,1942014,1716756,89414,0.38486180446713136,0.23828413291913836,0.2476215853292967,0.86337117797167,0.5812459426875638,0.38486180446713136,0.5307832960257136,0.9559846570983564,0.7523784146707033,0.75,0.75
HistoKit (no postprocessing),gaussian,728c532f-2f31-cf1c-4143-7abb9ca2b76d_102101_5.png,4844953,1820038,598405,60316,0.9363470149228492,0.8803124967067454,0.89006694029678,0.9877038343870642,0.9100564030917655,0.9363470149228492,0.7525660104455635,0.9679230612959049,0.10993305970321995,0.75,0.75
HistoKit (no postprocessing),gaussian,0e99786b-efbd-e936-5e70-bad7ef5912da_122209_4.png,5242709,252516,12890,26372,0.9962695302850063,0.9925667899350451,0.9975473775681897,0.9949949526302594,0.9929059369007461,0.9962695302850063,0.9514328990301651,0.9054387424342388,0.0024526224318103416,0.75,0.75
HistoKit (no postprocessing),gaussian,0502ebf6-5b9d-c3a6-85fe-a3909acf1f7b_112628_5.png,2744167,843776,385,10160,0.9980823364180227,0.9961720136261069,0.999859722096721,0.9963112586123579,0.9970696025664112,0.9980823364180226,0.9995439258624835,0.9881021528545465,0.00014027790327893221,0.75,0.75
HistoKit (no postprocessing),gaussian,228e0715-eef2-126e-c558-f7684e2bcfa8_110725_7.png,7271253,366592,761,1962503,0.8810558974225376,0.7873993842883175,0.9998953522366706,0.7874642778085105,0.7955169553850497,0.8810558974225376,0.9979284230699083,0.15739675710952108,0.00010464776332938852,0.75,0.75
HistoKit (no postprocessing),gaussian,59c3e1ff-f1eb-ac9b-3a83-925048a454e4_130514_1.png,4979805,707655,120371,83290,0.9799610774916855,0.9607094943807869,0.9763986576149529,0.9835495877521555,0.9654291602565963,0.9799610774916855,0.8546289609263478,0.8946955856601913,0.023601342385047103,0.75,0.75
HistoKit (no postprocessing),gaussian,f761dbde-597d-9a8f-e1a1-2533f0d71b83_120113_1.png,9237759,912577,96594,133310,0.9877092321146244,0.9757169219056487,0.9896517734008988,0.9857743017365468,0.9778517645064083,0.9877092321146242,0.9042838131496049,0.8725388115542119,0.01034822659910119,0.75,0.75
HistoKit (no postprocessing),gaussian,c38dfb82-e376-0eab-4312-72ca49852e8b_104329_1.png,3497191,811709,41281,93557,0.9810865704803611,0.9628752964252213,0.9883336649265558,0.9739449830508852,0.9696566269208491,0.9810865704803611,0.9516043564402865,0.8966524756259486,0.011666335073444131,0.75,0.75
HistoKit (no postprocessing),gaussian,59c3e1ff-f1eb-ac9b-3a83-925048a454e4_130514_3.png,2348403,408523,3956,69206,0.9846619516105768,0.9697873069688404,0.9983182839013943,0.9713741965719023,0.9741485070428906,0.9846619516105769,0.9904092087112314,0.8551354428975423,0.0016817160986056976,0.75,0.75
HistoKit (no postprocessing),gaussian,7d4546a5-f4cc-3733-763f-d1c5a5904dff_120251_4.png,3280376,260456,6191,174513,0.9731951080004082,0.9477897072590059,0.998116271477198,0.9494881022226763,0.9514437049648318,0.9731951080004082,0.9767820376752786,0.5987920978276613,0.0018837285228020606,0.75,0.75
HistoKit (no postprocessing),gaussian,c0272a60-2518-4785-1810-6431c15f4b4b_130712_3.png,33260257,2115402,172786,333154,0.9924516370804877,0.985016375992831,0.9948318793476263,0.9900827575979111,0.9858997365195459,0.9924516370804876,0.9244878480264733,0.8639385825768331,0.005168120652373761,0.75,0.75
HistoKit (no postprocessing),gaussian,7e3642ed-4a56-9d3f-3ecf-de46d455c0fd_113100_4.png,8181556,3776170,3845,82333,0.9947609896840532,0.9895765877325032,0.9995302612541523,0.9900370152600065,0.992844678934671,0.9947609896840534,0.9989828082692793,0.9786619318424788,0.00046973874584763775,0.75,0.75
HistoKit (no postprocessing),gaussian,7e3642ed-4a56-9d3f-3ecf-de46d455c0fd_113100_3.png,3809707,1324714,229109,124382,0.9556634626901989,0.9150914753514006,0.9432732266089864,0.9683835317401309,0.935587341779533,0.9556634626901989,0.8525514167315067,0.9141657971590564,0.056726773391013605,0.75,0.75
HistoKit (no postprocessing),gaussian,b0f43f79-08e2-79bc-61fa-379c7ef1dd21_131900_5.png,7352040,151109,19673,497219,0.9660408021248578,0.934312305659777,0.9973312851436295,0.9366540204623137,0.9355499554179336,0.9660408021248578,0.8848063613261351,0.23307492503794375,0.0026687148563705613,0.75,0.75
HistoKit (no postprocessing),gaussian,66e65946-ef0a-6028-f7a7-e909aade97a4_112429_5.png,13327416,464023,15265,16336,0.9988158402436175,0.997634481638881,0.9988559270809217,0.9987757566237742,0.9977138892747182,0.9988158402436175,0.9681506734990235,0.9659921017405732,0.0011440729190782572,0.75,0.75
HistoKit (no postprocessing),gaussian,cbd7b0be-5303-525e-8ff2-6d1502e77bdd_110516_5.png,4543821,507558,133237,112859,0.9736337145953743,0.9486220742447103,0.9715126474805316,0.9757640636676774,0.9535446604278454,0.9736337145953743,0.7920754687536575,0.8180917028385747,0.028487352519468434,0.75,0.75
HistoKit (no postprocessing),gaussian,3e1fffa8-5bae-87b0-bc39-e4a1bc285608_122517_7.png,3360296,351513,482,2826221,0.7039262953538149,0.543122117847441,0.9998565808274156,0.5431644332344031,0.5676840541089471,0.7039262953538148,0.9986306623673632,0.1106175029124527,0.00014341917258444325,0.75,0.75
HistoKit (no postprocessing),gaussian,1875292b-dccd-c5b5-17ad-67c30baa6d69_130951_13.png,11347379,336152,55588,1324708,0.9426669614115922,0.891551599172669,0.9951251283986001,0.8954625232607699,0.8943421403238117,0.9426669614115922,0.8580997600449277,0.20239634887949617,0.0048748716013998815,0.75,0.75
HistoKit (no postprocessing),gaussian,6f1702fd-ae84-1c96-04ae-a23a14a5d2d4_111419_3.png,4558996,345723,15731,59294,0.9918389142541562,0.9838099568387799,0.996561324861571,0.9871610487864556,0.9849339644768887,0.9918389142541563,0.956478556054159,0.8536012068629218,0.0034386751384290256,0.75,0.75
HistoKit (no postprocessing),gaussian,1875292b-dccd-c5b5-17ad-67c30baa6d69_130951_12.png,7013054,282947,3198,1168161,0.9229240635955979,0.856879289938081,0.9995442010919791,0.8572142401831513,0.861661840290244,0.9229240635955979,0.988823848049066,0.19498686520920566,0.00045579890802097757,0.75,0.75
HistoKit (no postprocessing),gaussian,04e13be9-17d6-1bd0-76ee-d5d53a64912e_105258_3.png,9347865,315989,1470,1508176,0.9252849340690319,0.8609583725036061,0.9998427695659637,0.8610749535673272,0.8648904998433794,0.925284934069032,0.9953694807833453,0.17322391340695606,0.00015723043403621754,0.75,0.75
HistoKit (no postprocessing),gaussian,b91bdd22-8eea-af27-bee7-880d6f1d7c1e_121440_1.png,5228118,1310836,73756,527402,0.9456329402750775,0.8968726133399757,0.9860886924132863,0.9083658817969532,0.9158055223783604,0.9456329402750776,0.9467308781214971,0.7130937343260231,0.013911307586713679,0.75,0.75
HistoKit (no postprocessing),gaussian,e398b039-2e70-a00a-855c-e3ff4eba631e_115619_3.png,17247346,534926,27647,3564481,0.9056857989194163,0.8276286627963835,0.998399594141659,0.8287281073401196,0.8319425106669661,0.9056857989194163,0.9508561555567011,0.1304886292090539,0.0016004058583410136,0.75,0.75
HistoKit (no postprocessing),gaussian,b1a83861-bd20-5668-5a83-92a470ead44d_110338_3.png,841154,1681832,64795,95890,0.9128130166528033,0.8396099572885464,0.9284783139006721,0.8976675588339502,0.9401249258944185,0.9128130166528035,0.9629027834792432,0.9460601826382303,0.07152168609932788,0.75,0.75
HistoKit (no postprocessing),gaussian,b91bdd22-8eea-af27-bee7-880d6f1d7c1e_121440_2.png,8740761,1019042,4910,2172122,0.8892577755210277,0.8005977948107278,0.9994385793840175,0.8009580053226998,0.8176206674549829,0.8892577755210276,0.9952048533525009,0.3193323815385232,0.0005614206159824673,0.75,0.75
HistoKit (no postprocessing),gaussian,0504f20c-cba2-27c1-e181-78505aa24ca7_112258_4.png,9944133,1327046,448659,133522,0.971559927343062,0.9446927955977753,0.9568297912630215,0.9867506875359396,0.9508847280433564,0.9715599273430618,0.7473347205757713,0.9085821406466525,0.04317020873697847,0.75,0.75
HistoKit (no postprocessing),gaussian,c74350c8-f970-c60d-af8a-f9c4d9c5bab2_124242_4.png,0,2712861,924517,1278,0.0,0.0,0.0,0.0,0.7455667697083759,,0.7458287260768609,0.9995291324431063,1.0,0.75,0.75
HistoKit (no postprocessing),gaussian,3e1fffa8-5bae-87b0-bc39-e4a1bc285608_122517_3.png,10428286,506817,1913,1683408,0.9252360482768683,0.8608737265456936,0.999816590268316,0.8610096985607464,0.8664608257218617,0.9252360482768685,0.9962396556129971,0.23139951374858747,0.00018340973168393048,0.75,0.75
HistoKit (no postprocessing),gaussian,c74350c8-f970-c60d-af8a-f9c4d9c5bab2_124242_5.png,0,5522979,5577885,1850,0.0,0.0,0.0,0.0,0.49744404836511147,,0.49752694925367974,0.9996651480072958,1.0,0.75,0.75
HistoKit (no postprocessing),gaussian,5fe08b37-e6eb-942a-a4ce-507361c4911e_102333_2.png,9006220,69911,13073,182206,0.9892749333400851,0.978777479625874,0.9985505515787102,0.9801700530645836,0.9789375078871498,0.9892749333400851,0.8424636074423986,0.27729585866879264,0.001449448421289784,0.75,0.75
HistoKit (no postprocessing),gaussian,24aa9d72-799e-9634-ead4-94165f32d151_102546_6.png,8297323,117830,3337,26834,0.9981851830308869,0.9963769412502729,0.9995979837747841,0.9967763702678842,0.9964274905261183,0.9981851830308869,0.9724594980481485,0.8145081015318255,0.00040201622521582623,0.75,0.75
HistoKit (no postprocessing),gaussian,7e6be544-b3c1-c3b1-a8a1-838402bd2649_124526_4.png,4620189,474753,17841,70577,0.990522035212261,0.9812220471999468,0.9961533237171817,0.9849540565442829,0.9829419527102111,0.990522035212261,0.9637815320527655,0.8705792822694515,0.003846676282818352,0.75,0.75
HistoKit (no postprocessing),gaussian,0f3058e5-e9f7-bd55-4b60-07a71af55b96_123333_3.png,30754875,1530295,103297,374362,0.9922942576935261,0.9847063642034297,0.9966525236815713,0.9879739423102468,0.9854207034441379,0.9922942576935262,0.9367669528254301,0.8034491249605572,0.0033474763184287134,0.75,0.75
HistoKit (no postprocessing),gaussian,cbd7b0be-5303-525e-8ff2-6d1502e77bdd_110516_4.png,3248371,341337,900,69862,0.9892254348075007,0.978680577126617,0.9997230147931644,0.9789460233805161,0.9806686026657779,0.9892254348075007,0.9973702434278,0.8301017269010869,0.0002769852068356256,0.75,0.75
HistoKit (no postprocessing),gaussian,66e65946-ef0a-6028-f7a7-e909aade97a4_112429_3.png,4703142,170440,11908,4948,0.998211211973928,0.9964288120461068,0.9974744700480377,0.9989490430301885,0.9965532739603283,0.998211211973928,0.9346962949963805,0.9717882637352613,0.0025255299519623335,0.75,0.75
HistoKit (no postprocessing),gaussian,def4a0a8-b472-78ea-531c-84458df3a3e9_124843_6.png,16586768,7862456,2119645,13630,0.9395789384660087,0.8860432638963489,0.8866888590559826,0.9991789353484175,0.9197488919307398,0.9395789384660086,0.7876554244442127,0.9982694450009815,0.11331114094401744,0.75,0.75
HistoKit (no postprocessing),gaussian,84acf623-2a5d-c4c6-c1db-583a94b80fc7_105804_1.png,45247269,3743106,48149,929636,0.9893105917950723,0.9788472935045138,0.9989370006476151,0.9798679448092071,0.980431838995072,0.9893105917950722,0.9872999837784586,0.8010512885153942,0.0010629993523848262,0.75,0.75
HistoKit (no postprocessing),gaussian,1875292b-dccd-c5b5-17ad-67c30baa6d69_130951_4.png,3903752,150443,2636,153804,0.9803564665949435,0.9614698024132848,0.9993252078390574,0.9620944233425244,0.9628464590257764,0.9803564665949434,0.982780133133872,0.4944765272952568,0.0006747921609425382,0.75,0.75
HistoKit (no postprocessing),gaussian,9e7010fd-072a-6a7f-3911-83d91e8c9301_113642_6.png,6813146,1651255,27018,1073381,0.9252785978873326,0.860947400943572,0.9960500947053317,0.8638968712083278,0.8849532661425226,0.9252785978873326,0.9839013080708562,0.6060460920284397,0.003949905294668373,0.75,0.75
HistoKit (no postprocessing),gaussian,b91bdd22-8eea-af27-bee7-880d6f1d7c1e_121440_4.png,6460230,245922,29837,246202,0.9790824066292128,0.9590219749241011,0.9954026668753959,0.963288675707142,0.9604652751550337,0.9790824066292129,0.8918004489427362,0.499715518852972,0.004597333124604107,0.75,0.75
HistoKit (no postprocessing),gaussian,969ce636-2f0f-f223-bb1c-2b4624598a38_125938_4.png,15485924,754095,87146,4022855,0.8828453711205473,0.7902624652829606,0.9944040577740934,0.793792579228049,0.7980345473861942,0.8828453711205473,0.8964078070374601,0.15786118757784778,0.005595942225906645,0.75,0.75
HistoKit (no postprocessing),gaussian,35ce6eab-4a33-9fbb-2efe-2acf7936ba3e_104917_2.png,7230003,4526640,863624,170033,0.933285176010347,0.8749153522773202,0.8932957992751581,0.9770226793491275,0.9191843037301706,0.9332851760103469,0.8397807602744504,0.9637971389534677,0.10670420072484191,0.75,0.75
HistoKit (no postprocessing),gaussian,859ead5f-592a-5c4e-67de-d71b0ee92f6d_113334_2.png,12776871,605137,34941,231795,0.9896695948076561,0.979550441837139,0.9972727511143623,0.9821814934751957,0.980457102866022,0.9896695948076561,0.9454113404928775,0.7230420153608657,0.0027272488856377223,0.75,0.75
HistoKit (no postprocessing),gaussian,d9d9ce51-54c1-b32b-5fae-fd9ffdaa32e5_111717_3.png,10850204,736149,25860,1072537,0.951822167872395,0.9080731710766808,0.9976223015973426,0.9100427493979782,0.9134080687439642,0.951822167872395,0.9660633929520518,0.40700762874263413,0.002377698402657432,0.75,0.75
HistoKit (no postprocessing),gaussian,c38dfb82-e376-0eab-4312-72ca49852e8b_104329_5.png,2620947,527727,2425,70979,0.9861900499275864,0.9727563335289278,0.9990756171827708,0.9736326332893251,0.9772184286041492,0.9861900499275864,0.9954258401364137,0.8814459851746934,0.0009243828172291234,0.75,0.75
HistoKit (no postprocessing),gaussian,6b809376-ab46-9021-2fa3-0d0025b512da_132412_1.png,3751567,440141,6877,68128,0.9901024512746467,0.9803989053387732,0.998170253434666,0.9821640209493167,0.982420894023104,0.9901024512746468,0.9846158320246612,0.8659607412610252,0.0018297465653339521,0.75,0.75
HistoKit (no postprocessing),gaussian,cbd7b0be-5303-525e-8ff2-6d1502e77bdd_110516_2.png,9597159,748551,31474,37916,0.9963978897520664,0.9928216367599233,0.9967312078464305,0.9960647945137947,0.9933375579687185,0.9963978897520666,0.9596500112175892,0.9517894584261005,0.003268792153569463,0.75,0.75
HistoKit (no postprocessing),gaussian,8e6bc805-8b70-bd59-8612-caf5bbe72e5e_125634_1.png,64583721,1027867,142856,97914,0.9981394534683781,0.99628581734641,0.9977929313332914,0.9984862163734729,0.9963437907568928,0.998139453468378,0.8779762591150938,0.9130257128162582,0.0022070686667085763,0.75,0.75
HistoKit (no postprocessing),gaussian,7e6be544-b3c1-c3b1-a8a1-838402bd2649_124526_3.png,50300927,509886,39221,56406,0.999050353603185,0.998102509151717,0.9992208803200181,0.9988798850804906,0.9981215146845861,0.999050353603185,0.9285731196287791,0.9003941429509864,0.0007791196799818705,0.75,0.75
HistoKit (no postprocessing),gaussian,b0f43f79-08e2-79bc-61fa-379c7ef1dd21_131900_4.png,12899951,194601,13137,632643,0.9755808906724357,0.9523259394417326,0.9989826600732528,0.9532504263410252,0.9530011356348594,0.9755808906724356,0.9367616902059325,0.2352401468007021,0.0010173399267471887,0.75,0.75
HistoKit (no postprocessing),gaussian,7ea29210-064a-9e70-4612-3ab81fa629dc_120503_4.png,2674799,175387,5796,611625,0.8965277301781677,0.8124605889035362,0.9978377934749562,0.8138934598822306,0.8219460855858233,0.8965277301781677,0.9680102437866688,0.22285174813090525,0.00216220652504388,0.75,0.75
HistoKit (no postprocessing),gaussian,859ead5f-592a-5c4e-67de-d71b0ee92f6d_113334_1.png,20300784,372102,9656,299098,0.9924529071171818,0.985018878152436,0.9995245794773525,0.9854805964422515,0.9852845630751457,0.9924529071171819,0.9747064894514326,0.5543831942789035,0.00047542052264746605,0.75,0.75
HistoKit (no postprocessing),gaussian,24aa9d72-799e-9634-ead4-94165f32d151_102546_7.png,10985640,598441,10446,71993,0.9962619003171301,0.9925516433339516,0.9990500256182063,0.9934892937756209,0.9929337111666546,0.9962619003171301,0.9828441073631068,0.8926173195273509,0.0009499743817936673,0.75,0.75
HistoKit (no postprocessing),gaussian,19a1c0fb-3d0a-327d-ea5a-6aae35f53e51_121144_3.png,24685636,1521560,38931,166669,0.9958529049593932,0.9917400646556884,0.9984254122630337,0.9932936200485226,0.9922158941446411,0.9958529049593932,0.9750520829661946,0.9012758340248864,0.0015745877369662327,0.75,0.75
HistoKit (no postprocessing),gaussian,e3dca99c-de77-4ab1-72a1-8daf3d4d032c_120923_2.png,9134814,1300009,7535,187338,0.9894460727641652,0.9791125897363974,0.9991758135682635,0.9799039964162781,0.9816671144687487,0.9894460727641651,0.9942372876170897,0.8740455320782574,0.0008241864317365264,0.75,0.75
HistoKit (no postprocessing),gaussian,7ea29210-064a-9e70-4612-3ab81fa629dc_120503_1.png,8775786,155841,5292,1010601,0.9452863920842183,0.8962493562135768,0.9993973405087622,0.8967340040813837,0.8978747466705269,0.9452863920842184,0.9671575654893784,0.13360372826081365,0.0006026594912378639,0.75,0.75
HistoKit (no postprocessing),gaussian,f761dbde-597d-9a8f-e1a1-2533f0d71b83_120113_5.png,3491178,656440,541553,33036,0.9239654384145974,0.8586763579910015,0.8657106065343808,0.9906259949026932,0.8783219371789505,0.9239654384145973,0.5479497793392782,0.952085351774391,0.13428939346561922,0.75,0.75
HistoKit (no postprocessing),gaussian,5fe08b37-e6eb-942a-a4ce-507361c4911e_102333_3.png,13342975,1658614,24088,1833318,0.9349268530301763,0.8778052997487366,0.9981979586690061,0.8791985631800862,0.8898270033296766,0.9349268530301763,0.9856849281690995,0.4749846216936641,0.0018020413309939513,0.75,0.75
HistoKit (no postprocessing),gaussian,969ce636-2f0f-f223-bb1c-2b4624598a38_125938_2.png,4274848,329011,6065,1516580,0.848829085512494,0.7373614767624558,0.9985832461439884,0.7381336692781124,0.7514659257547208,0.8488290855124941,0.9818996287409424,0.1782686413186887,0.0014167538560115563,0.75,0.75
HistoKit (no postprocessing),gaussian,969ce636-2f0f-f223-bb1c-2b4624598a38_125938_5.png,12856803,271122,9707,1531153,0.9434639445880172,0.8929784646299889,0.9992455607620093,0.893580922821838,0.8949565352549649,0.9434639445880173,0.9654344814816134,0.15043320248019865,0.0007544392379907216,0.75,0.75
HistoKit (no postprocessing),gaussian,a40a1d35-8d5f-0529-214c-05d84888ba26_111152_2.png,2757422,3931382,413,124863,0.9777884158493082,0.9565421004905821,0.9998502448478608,0.9566791625394435,0.9816151263266648,0.9777884158493081,0.9998949589182549,0.9692170961073604,0.00014975515213926866,0.75,0.75
HistoKit (no postprocessing),gaussian,04e13be9-17d6-1bd0-76ee-d5d53a64912e_105258_1.png,14131048,265442,45726,767242,0.9720389953397867,0.9455990946476502,0.9967745835547636,0.9485013380730272,0.9465485226363753,0.9720389953397867,0.8530504422048539,0.257040876008537,0.003225416445236413,0.75,0.75
HistoKit (no postprocessing),gaussian,9e7010fd-072a-6a7f-3911-83d91e8c9301_113642_2.png,2593111,922740,9434,443071,0.9197505039701337,0.8514241453945606,0.9963750866939861,0.8540696835696938,0.8859716718963722,0.9197505039701337,0.9898795718395922,0.6755986003920015,0.003624913306013921,0.75,0.75
HistoKit (no postprocessing),gaussian,40f80889-968b-7602-00a3-4e00b00e88fe_110004_1.png,9173643,901513,91239,2478380,0.8771510890353998,0.7811835416769207,0.9901521681549749,0.7873004541786435,0.7967841262497751,0.8771510890354,0.9080948716295711,0.26672826624984874,0.009847831845025117,0.75,0.75
HistoKit (no postprocessing),gaussian,2125a939-8f92-6ca7-9a29-e1755d6267ed_103351_3.png,10162780,2445731,395777,760608,0.9461694460161778,0.897838312278335,0.9625159953201938,0.9303688562559528,0.9159902842709454,0.9461694460161778,0.8607158593254004,0.7627799181558781,0.03748400467980615,0.75,0.75
HistoKit (no postprocessing),gaussian,f9a50b4c-7c73-18cd-0877-8296eed330e2_114604_2.png,8564918,1662594,34418,2215036,0.8839248496719952,0.7919940242484723,0.9959975979540746,0.7945226853472659,0.8197114586991742,0.8839248496719952,0.9797184698752867,0.4287655088288465,0.004002402045925406,0.75,0.75
HistoKit (no postprocessing),gaussian,c38dfb82-e376-0eab-4312-72ca49852e8b_104329_2.png,5768323,750592,17374,59202,0.9934061365571071,0.9868986615508668,0.9969970774480585,0.9898409702232079,0.9883896437732991,0.993406136557107,0.9773766026100114,0.9268925183441715,0.0030029225519414516,0.75,0.75
HistoKit (no postprocessing),gaussian,0f3058e5-e9f7-bd55-4b60-07a71af55b96_123333_2.png,15226328,840835,34349,98716,0.9956494404692962,0.991336571699155,0.9977491824248689,0.9935585176786442,0.9917862267123648,0.9956494404692962,0.9607522532404614,0.8949327923657151,0.002250817575131169,0.75,0.75
HistoKit (no postprocessing),gaussian,c0272a60-2518-4785-1810-6431c15f4b4b_130712_2.png,17029489,1507994,72445,263711,0.9902266407800592,0.9806424696577639,0.9957639293895064,0.9847505956098351,0.9821891263258771,0.9902266407800592,0.95416147032565,0.8511541142571704,0.004236070610493527,0.75,0.75
HistoKit (no postprocessing),gaussian,7d4546a5-f4cc-3733-763f-d1c5a5904dff_120251_3.png,2836788,448516,12211,210065,0.9622995963942107,0.9273385584610194,0.9957139332095237,0.9310550919259971,0.9366298131475262,0.9622995963942106,0.9734962352976926,0.6810339198974765,0.004286066790476234,0.75,0.75
HistoKit (no postprocessing),gaussian,0502ebf6-5b9d-c3a6-85fe-a3909acf1f7b_112628_1.png,7700029,2951308,381557,62285,0.9719865689634497,0.9454998734631234,0.9527868663403446,0.9919759752053318,0.9599968598974383,0.9719865689634496,0.8855168151125233,0.9793319801313581,0.04721313365965542,0.75,0.75
HistoKit (no postprocessing),gaussian,c38dfb82-e376-0eab-4312-72ca49852e8b_104329_4.png,5028669,145965,5839,25147,0.9969285284651841,0.9938758670304596,0.9988402044450023,0.9950241560040967,0.9940475870309396,0.9969285284651841,0.961535927907038,0.8530377764271354,0.0011597955549976283,0.75,0.75
HistoKit (no postprocessing),gaussian,7ea29210-064a-9e70-4612-3ab81fa629dc_120503_3.png,3725028,234478,4171,721396,0.9112523901848214,0.8369730339426527,0.9988815292506514,0.837758162514416,0.8451321889754972,0.9112523901848215,0.9825224492874473,0.24530220510234613,0.0011184707493485868,0.75,0.75
HistoKit (no postprocessing),gaussian,228e0715-eef2-126e-c558-f7684e2bcfa8_110725_12.png,2069664,6094626,474012,276066,0.8465911810146263,0.7339905565828363,0.8136507951484387,0.882311263444642,0.9158574113162032,0.8465911810146263,0.9278370949959489,0.9566662459902315,0.18634920485156128,0.75,0.75
HistoKit (no postprocessing),gaussian,5fe08b37-e6eb-942a-a4ce-507361c4911e_102333_4.png,5125512,514278,14410,2170000,0.8243398662242106,0.7011719140094792,0.9971964555104144,0.7025568596145136,0.7208136295084482,0.8243398662242105,0.9727438489241291,0.19158894868564286,0.0028035444895856397,0.75,0.75
HistoKit (no postprocessing),gaussian,be2180cd-04c9-2627-2456-4397fd5e59ee_103647_6.png,3760840,361482,8895,77510,0.988643002805568,0.9775410715979876,0.997640417695143,0.9798064272408717,0.9794700392779099,0.988643002805568,0.975983929887655,0.8234364179757262,0.002359582304856973,0.75,0.75
HistoKit (no postprocessing),gaussian,7e6be544-b3c1-c3b1-a8a1-838402bd2649_124526_2.png,49834861,1382868,65954,109512,0.9982426193638896,0.9964914046652804,0.9986782981400204,0.9978073205564119,0.9965858125769375,0.9982426193638897,0.954477499651441,0.9266192256663852,0.0013217018599796415,0.75,0.75
HistoKit (no postprocessing),gaussian,6f1702fd-ae84-1c96-04ae-a23a14a5d2d4_111419_1.png,2936382,787368,995,67877,0.9884085797245069,0.9770828023188722,0.999661262412009,0.9774064087017797,0.9818405314318168,0.9884085797245068,0.9987378910476519,0.9206344380849932,0.0003387375879909184,0.75,0.75
HistoKit (no postprocessing),gaussian,0f3058e5-e9f7-bd55-4b60-07a71af55b96_123333_1.png,18669849,809230,28543,229378,0.993139964528073,0.9863734079608956,0.9984735051014012,0.9878631014908705,0.986932107209809,0.993139964528073,0.9659299118018843,0.7791486297043736,0.0015264948985987672,0.75,0.75
HistoKit (no postprocessing),gaussian,9e7010fd-072a-6a7f-3911-83d91e8c9301_113642_4.png,6828743,217347,45303,1019487,0.9276749057007219,0.8651060304682326,0.9934095582136052,0.8700997549765999,0.8687207799893476,0.927674905700722,0.8275157053112507,0.17572851328472536,0.0065904417863947955,0.75,0.75
HistoKit (no postprocessing),gaussian,deaaef3a-8172-327d-10b9-23d266fb17ca_123636_5.png,2321640,163009,706,503041,0.9021285491605154,0.8217069024526552,0.9996959970650369,0.8219122796521093,0.8314323135220366,0.9021285491605154,0.9956876278899307,0.24473988439306357,0.00030400293496317946,0.75,0.75
HistoKit (no postprocessing),gaussian,228e0715-eef2-126e-c558-f7684e2bcfa8_110725_1.png,7830564,558274,23117,2153644,0.8779698090956839,0.7824832310332681,0.997056539474929,0.784294958598619,0.7939765648876131,0.8779698090956838,0.9602384625837002,0.20585946920223988,0.0029434605250709825,0.75,0.75
HistoKit (no postprocessing),gaussian,f761dbde-597d-9a8f-e1a1-2533f0d71b83_120113_2.png,3074876,462672,22717,31839,0.9912067550482665,0.9825668044552494,0.9926662411750027,0.9897515542944879,0.9848122437434996,0.9912067550482665,0.9531983625504492,0.9356151834842905,0.007333758824997345,0.75,0.75
HistoKit (no postprocessing),gaussian,9e7010fd-072a-6a7f-3911-83d91e8c9301_113642_7.png,2805167,3218331,390939,519308,0.8604040038763416,0.7550079210553655,0.877682717657049,0.8437924785116447,0.8687221696211788,0.8604040038763417,0.8916847451146631,0.8610598829903049,0.12231728234295108,0.75,0.75
HistoKit (no postprocessing),gaussian,3e1fffa8-5bae-87b0-bc39-e4a1bc285608_122517_5.png,5070284,1839900,156878,582853,0.9320118868056843,0.8726800188984022,0.969987920787609,0.8968974217323938,0.9033020628333779,0.9320118868056841,0.9214344308681286,0.7594253314308145,0.03001207921239097,0.75,0.75
HistoKit (no postprocessing),gaussian,8e6bc805-8b70-bd59-8612-caf5bbe72e5e_125634_3.png,31232430,394582,24462,83411,0.9982760382225913,0.9965580103038569,0.9992173886002486,0.9973364598447156,0.9966008069668442,0.9982760382225914,0.9416242685732286,0.8254974445232461,0.0007826113997514532,0.75,0.75
HistoKit (no postprocessing),gaussian,7e3642ed-4a56-9d3f-3ecf-de46d455c0fd_113100_2.png,2179264,1256965,131,146532,0.9674457753289483,0.9369442807104437,0.9999398915754143,0.936997053911865,0.9590657491211011,0.9674457753289484,0.9998957915704131,0.8955950743036857,6.0108424585722186e-05,0.75,0.75
HistoKit (no postprocessing),gaussian,1875292b-dccd-c5b5-17ad-67c30baa6d69_130951_1.png,10357531,348416,7629,1567105,0.9293517984641941,0.8680272353991467,0.9992639766294008,0.8685825714093076,0.8717714432937391,0.9293517984641941,0.9785729331966465,0.18189098422831176,0.0007360233705991996,0.75,0.75
HistoKit (no postprocessing),gaussian,54b22c23-34e4-1c55-9de2-c8e205e762bc_131621_2.png,20939546,1720008,74281,363000,0.9896663875233352,0.9795441577929223,0.9964651369786189,0.982959783304775,0.9810674925806934,0.9896663875233352,0.9586014293126692,0.8257327864319292,0.0035348630213811127,0.75,0.75
HistoKit (no postprocessing),gaussian,7d4546a5-f4cc-3733-763f-d1c5a5904dff_120251_1.png,6407461,933228,28096,364831,0.9702504927183828,0.9422199145107603,0.995634255123527,0.9461288733563172,0.9491923312458235,0.9702504927183829,0.9707736413529674,0.7189411267130384,0.004365744876473007,0.75,0.75
HistoKit (no postprocessing),gaussian,be2180cd-04c9-2627-2456-4397fd5e59ee_103647_1.png,28915210,455386,8740,47324,0.9990314837570718,0.998064841746345,0.9996978282703435,0.9983660269505423,0.998094788875122,0.9990314837570718,0.981168906719296,0.9058622267311174,0.0003021717296565649,0.75,0.75
HistoKit (no postprocessing),gaussian,f761dbde-597d-9a8f-e1a1-2533f0d71b83_120113_3.png,10032674,14680709,432061,96696,0.9743248371317909,0.9499350987569771,0.9587126668759409,0.9904538979225757,0.9790526080593801,0.9743248371317909,0.9714108664394416,0.9934564965905719,0.04128733312405904,0.75,0.75
HistoKit (no postprocessing),gaussian,6f1702fd-ae84-1c96-04ae-a23a14a5d2d4_111419_2.png,6381408,565851,14348,237429,0.9806542548045875,0.9620428195504874,0.9977566373701561,0.9641282902117094,0.9650262896310006,0.9806542548045875,0.9752705537238086,0.7044256050194204,0.0022433626298439154,0.75,0.75
HistoKit (no postprocessing),gaussian,9601a588-d18f-b3b2-00f0-b816a7730c15_114312_2.png,5463280,420382,22305,50513,0.9933798074763864,0.9868466923815293,0.9959338885460712,0.9908387928237422,0.9877749946276996,0.9933798074763863,0.9496145131887768,0.8927298017604773,0.004066111453928797,0.75,0.75
HistoKit (no postprocessing),gaussian,1c7a4a4c-ace6-25f8-ee0c-f8914aeab226_121941_3.png,7017633,3820058,577715,119822,0.9526541554923391,0.9095889008278496,0.9239383106606833,0.9832122234045608,0.9395298471777064,0.952654155492339,0.8686346475818556,0.9695873986009726,0.07606168933931665,0.75,0.75
HistoKit (no postprocessing),gaussian,f9a50b4c-7c73-18cd-0877-8296eed330e2_114604_5.png,4921860,3231120,402804,1109656,0.8668161300719079,0.7649386415347698,0.9243512830105336,0.8160236995143509,0.8435187637603668,0.8668161300719079,0.8891545337767108,0.7443646020895803,0.07564871698946637,0.75,0.75
HistoKit (no postprocessing),gaussian,9601a588-d18f-b3b2-00f0-b816a7730c15_114312_1.png,9491969,962364,398531,67034,0.9760628844860457,0.9532449500046899,0.9597056771649563,0.9929873439730064,0.9573654442559811,0.9760628844860458,0.707155217705995,0.9348803864005953,0.04029432283504373,0.75,0.75
HistoKit (no postprocessing),gaussian,2125a939-8f92-6ca7-9a29-e1755d6267ed_103351_7.png,1078834,329147,16221,1288248,0.6232185496992175,0.45266338354795843,0.9851870453995462,0.45576536850011956,0.5190809047171376,0.6232185496992176,0.953032707141368,0.20350440059478359,0.014812954600453858,0.5,1.25
HistoKit (no postprocessing),gaussian,54b22c23-34e4-1c55-9de2-c8e205e762bc_131621_1.png,26123835,1337789,135120,168504,0.9942223306623049,0.9885110407322929,0.9948543268382157,0.9935911369467737,0.9890646033487618,0.9942223306623048,0.9082631717234398,0.8881333180198009,0.005145673161784237,0.75,0.75
HistoKit (no postprocessing),gaussian,228e0715-eef2-126e-c558-f7684e2bcfa8_110725_2.png,2700553,179324,66985,793644,0.8625574221841071,0.758330520596813,0.9757961769630624,0.7728679865502718,0.7699164230721726,0.8625574221841071,0.7280448542278195,0.18430616423150606,0.024203823036937525,0.5,1.25
HistoKit (no postprocessing),gaussian,39bcf904-a619-148a-5bca-38122a540be1_104536_1.png,1672542,912313,1383,333078,0.9091026200250303,0.8333530144200083,0.9991737981092342,0.8339276632662219,0.8854317244176375,0.9091026200250303,0.9984863674570098,0.7325514637571654,0.0008262018907657154,0.5,1.25
HistoKit (no postprocessing),gaussian,be2180cd-04c9-2627-2456-4397fd5e59ee_103647_4.png,4416887,441414,23187,430636,0.9511366610760565,0.9068261095404982,0.9947777897395403,0.9111637015440669,0.9145684475738894,0.9511366610760565,0.9500926601535511,0.5061796915314489,0.005222210260459623,0.5,1.25
HistoKit (no postprocessing),gaussian,9e7010fd-072a-6a7f-3911-83d91e8c9301_113642_3.png,3168640,271188,3463,601035,0.912918851625621,0.8397890562179279,0.998908295222444,0.8405605257747684,0.8505318315091316,0.9129188516256209,0.9873912711040557,0.31091590109410094,0.0010917047775560883,0.5,1.25
HistoKit (no postprocessing),gaussian,332605c9-e7e2-297a-c808-98d567218fe3_115336_3.png,9122183,264588,32393,118412,0.9918019245376952,0.9837371729587054,0.9964615510319648,0.9871856736498028,0.9841883304520981,0.9918019245376952,0.890925682114344,0.6908302872062663,0.003538448968035221,0.75,0.75
HistoKit (no postprocessing),gaussian,10fd35f3-17d4-d309-f849-cc9e883460c1_123055_2.png,4872242,3672298,3635243,97707,0.7230222014071818,0.5661979418936847,0.572700627741336,0.9803404421252613,0.6959516969673769,0.7230222014071819,0.5025353946012756,0.9740830582452809,0.427299372258664,0.75,0.75
HistoKit (no postprocessing),gaussian,c74350c8-f970-c60d-af8a-f9c4d9c5bab2_124242_3.png,306509,1905820,1521516,20159,0.28450363926554734,0.1658433359449059,0.16767221454848813,0.9382890273917249,0.5893251578847545,0.28450363926554734,0.5560645352542033,0.9895331153662631,0.8323277854515119,0.5,1.25
HistoKit (no postprocessing),gaussian,332605c9-e7e2-297a-c808-98d567218fe3_115336_2.png,5458814,467922,13946,169174,0.9835038143375564,0.9675430446368214,0.9974517428134981,0.9699405897809306,0.9700287535418184,0.9835038143375563,0.9710584641437074,0.7344607406105202,0.0025482571865018747,0.5,1.25
HistoKit (no postprocessing),gaussian,0502ebf6-5b9d-c3a6-85fe-a3909acf1f7b_112628_8.png,3946290,94842,574,117259,0.9852900218752766,0.9710065369576659,0.9998545680824067,0.9711436972951477,0.9716677105962661,0.9852900218752766,0.9939842374444537,0.4471548931876795,0.00014543191759330953,0.5,1.25
HistoKit (no postprocessing),gaussian,969ce636-2f0f-f223-bb1c-2b4624598a38_125938_1.png,21756519,771245,144003,2450983,0.9437194272302799,0.8934363194389834,0.9934246772748156,0.8987510979034515,0.8967077250699067,0.9437194272302798,0.8426623166617135,0.23935146736978266,0.0065753227251843585,0.75,0.75
HistoKit (no postprocessing),gaussian,be2180cd-04c9-2627-2456-4397fd5e59ee_103647_3.png,21824253,1448208,42355,253883,0.9932588525262543,0.9866079826166607,0.9980630283398322,0.9885007049508165,0.987430871767678,0.9932588525262543,0.971584562343222,0.8508405249778067,0.0019369716601678687,0.75,0.75
HistoKit (no postprocessing),gaussian,b91bdd22-8eea-af27-bee7-880d6f1d7c1e_121440_5.png,3845212,780401,331215,4155312,0.6315557975062888,0.46151373680812613,0.920694172315235,0.48062001938873006,0.5076319064456868,0.6315557975062887,0.7020418921642005,0.15811312367635638,0.07930582768476499,0.5,1.25
HistoKit (no postprocessing),gaussian,def4a0a8-b472-78ea-531c-84458df3a3e9_124843_7.png,11424278,165089,59992,332647,0.9831059031172881,0.9667731439596301,0.9947761590418894,0.9717062922490362,0.9672309461370658,0.9831059031172881,0.7334648415459324,0.33167984634424674,0.005223840958110529,0.5,1.25
HistoKit (no postprocessing),gaussian,3e1fffa8-5bae-87b0-bc39-e4a1bc285608_122517_10.png,3718775,1766341,241509,1511255,0.8092813803750339,0.6796579536397346,0.9390172522980675,0.7110427664850871,0.7578346145556434,0.8092813803750339,0.8797176083870807,0.538913581783722,0.06098274770193249,0.5,1.25
HistoKit (no postprocessing),gaussian,d9d9ce51-54c1-b32b-5fae-fd9ffdaa32e5_111717_1.png,7423666,300641,7059,624644,0.9591897686128367,0.921579880449921,0.99905002540129,0.9223881783877609,0.9244013590218298,0.9591897686128367,0.9770588235294118,0.32491718767731026,0.0009499745987100854,0.5,1.25
HistoKit (no postprocessing),gaussian,04e13be9-17d6-1bd0-76ee-d5d53a64912e_105258_2.png,3163934,118130,4242,1006046,0.8623239952925503,0.7579697486142328,0.998661059234083,0.7587408093084379,0.7646306733464543,0.8623239952925503,0.9653352074003857,0.1050814107399553,0.0013389407659170451,0.5,1.25
HistoKit (no postprocessing),gaussian,cd7afea3-2dfd-f8a4-f2e6-1e02af01c417_132555_3.png,0,3998516,4234,106110,0.0,0.0,0.0,0.0,0.9731448625652858,,0.9989422272187871,0.9741486800502652,1.0,0.5,1.25
HistoKit (no postprocessing),gaussian,19a1c0fb-3d0a-327d-ea5a-6aae35f53e51_121144_1.png,6544039,59606,4171,13332,0.9986644621096921,0.9973324867843565,0.9993630320347088,0.9979668681244358,0.9973565007155859,0.998664462109692,0.9346002477382128,0.8172146206367051,0.0006369679652912781,0.5,1.25
HistoKit (no postprocessing),gaussian,be2180cd-04c9-2627-2456-4397fd5e59ee_103647_5.png,4958650,478631,17375,115480,0.9867808008931206,0.9739065364759536,0.9965082570927598,0.9772414187259688,0.9761486972669967,0.9867808008931206,0.9649701818123168,0.8056255480878153,0.003491742907240217,0.5,1.25
HistoKit (no postprocessing),gaussian,0504f20c-cba2-27c1-e181-78505aa24ca7_112258_3.png,3520647,2222908,2643412,61255,0.7224832933355674,0.5655372564339727,0.5711572520639403,0.9828987504404085,0.6798537017611517,0.7224832933355675,0.4567944565914284,0.9731827369587898,0.42884274793605964,0.5,1.25
HistoKit (no postprocessing),gaussian,7e6be544-b3c1-c3b1-a8a1-838402bd2649_124526_1.png,51766322,2595307,152277,259664,0.9960369171708175,0.9921051223955079,0.9970670048319293,0.9950089557168604,0.9924792011913776,0.9960369171708175,0.9445778545806061,0.9090484631892933,0.002932995168070695,0.75,0.75
HistoKit (no postprocessing),gaussian,cbd7b0be-5303-525e-8ff2-6d1502e77bdd_110516_1.png,11669905,483020,18258,46377,0.9972383451092304,0.9944919016851108,0.9984379067951055,0.9960416623635382,0.9947096637953896,0.9972383451092304,0.9635770969402208,0.9123965568373074,0.0015620932048945586,0.5,1.25
HistoKit (no postprocessing),gaussian,d9d9ce51-54c1-b32b-5fae-fd9ffdaa32e5_111717_2.png,6706750,749972,6625,1674158,0.8886477085397166,0.799609372624823,0.9990131640195877,0.8002414535513336,0.8160566806803389,0.8886477085397166,0.9912436871941073,0.3093777973953542,0.0009868359804122368,0.5,1.25
HistoKit (no postprocessing),gaussian,b0f43f79-08e2-79bc-61fa-379c7ef1dd21_131900_10.png,4985276,181457,4935,439412,0.9573354479961832,0.9181624580564801,0.9990110638608267,0.9189977377500789,0.9208090064657785,0.9573354479961831,0.9735235417829091,0.2922629411357307,0.0009889361391732735,0.5,1.25
HistoKit (no postprocessing),gaussian,c0272a60-2518-4785-1810-6431c15f4b4b_130712_1.png,8103905,226667,46871,21507,0.9957988934509727,0.9916329378216588,0.9942495045870479,0.9973531188326205,0.9918587442477929,0.9957988934509727,0.8286490359657525,0.9133390282624287,0.005750495412952092,0.5,1.25
HistoKit (no postprocessing),gaussian,6f1702fd-ae84-1c96-04ae-a23a14a5d2d4_111419_5.png,2296007,936454,24189,238881,0.9458155615845164,0.8972012174702051,0.9895745876641456,0.905762700363882,0.924741047926624,0.9458155615845163,0.9748199903606231,0.7967549677326039,0.010425412335854384,0.5,1.25
HistoKit (no postprocessing),gaussian,def4a0a8-b472-78ea-531c-84458df3a3e9_124843_8.png,29984294,638652,184108,1284466,0.9760963242410188,0.953308741193331,0.9938973234313173,0.9589217480961829,0.9542379419859203,0.9760963242410189,0.7762312217414555,0.3320919465160224,0.00610267656868269,0.75,0.75
HistoKit (no postprocessing),gaussian,e398b039-2e70-a00a-855c-e3ff4eba631e_115619_4.png,5070182,184961,1866,510335,0.9519175898011418,0.9082468902617394,0.9996321012734896,0.9085505876964446,0.9111894487306462,0.9519175898011419,0.9900121502780648,0.26601763853092786,0.0003678987265104747,0.5,1.25
HistoKit (no postprocessing),gaussian,2125a939-8f92-6ca7-9a29-e1755d6267ed_103351_8.png,6822977,209012,0,1342961,0.9104030545239599,0.8355411221588995,1.0,0.8355411221588995,0.8396454904208384,0.9104030545239599,1.0,0.13467502334125658,0.0,0.5,1.25
HistoKit (no postprocessing),gaussian,04e13be9-17d6-1bd0-76ee-d5d53a64912e_105258_4.png,8059017,377412,39618,670697,0.9577905711368359,0.9190001017181241,0.9951080645071669,0.9231707934532564,0.9223423110999937,0.9577905711368357,0.9049996403136465,0.36008850224547256,0.004891935492833051,0.5,1.25
HistoKit (no postprocessing),gaussian,deaaef3a-8172-327d-10b9-23d266fb17ca_123636_1.png,3599222,3801587,284750,130963,0.9454026230349597,0.8964583486407626,0.9266858772411336,0.9648910174696429,0.9468161159144693,0.9454026230349598,0.9303165646886197,0.9666976897941539,0.07331412275886644,0.5,1.25
HistoKit (no postprocessing),gaussian,8e6bc805-8b70-bd59-8612-caf5bbe72e5e_125634_2.png,7189371,1503271,205536,46895,0.9827470429062659,0.9660793178856412,0.9722057356502252,0.9935194477372722,0.971779883741586,0.9827470429062659,0.8797195938452967,0.9697484011389748,0.027794264349774785,0.5,1.25
HistoKit (no postprocessing),gaussian,0502ebf6-5b9d-c3a6-85fe-a3909acf1f7b_112628_7.png,4958049,898185,6649,276427,0.9722452033860781,0.9459894583701018,0.9986607443191912,0.9471910846472502,0.9538912353342639,0.972245203386078,0.9926516908073746,0.7646652681906877,0.0013392556808087823,0.5,1.25
HistoKit (no postprocessing),gaussian,9e7010fd-072a-6a7f-3911-83d91e8c9301_113642_1.png,8255561,270318,75499,40989,0.992994302849297,0.9860860823915388,0.9909376477903172,0.9950595126890093,0.986521285198835,0.992994302849297,0.7816793275055882,0.868332546328865,0.009062352209682802,0.5,1.25
HistoKit (no postprocessing),gaussian,f4c75e72-7c5b-0601-d74f-78529d4dec70_114117_1.png,4371028,8452739,10319340,170319,0.4545645565151106,0.2941336426774886,0.29754380557382903,0.9624959290712646,0.5500593091723198,0.45456455651511063,0.45028251798855096,0.9802484223114353,0.7024561944261709,0.5,1.25
HistoKit (no postprocessing),gaussian,7ea29210-064a-9e70-4612-3ab81fa629dc_120503_2.png,8249558,48251,20609,538287,0.967235572351573,0.936550046126142,0.9975080309744652,0.9387464162146693,0.9368957191190177,0.967235572351573,0.700711588730758,0.08226406473237881,0.0024919690255347927,0.5,1.25
HistoKit (no postprocessing),gaussian,24aa9d72-799e-9634-ead4-94165f32d151_102546_1.png,6241550,404231,25225,96202,0.9903663977236116,0.9809166369766856,0.9959748036270649,0.9848208008139163,0.9820565586280191,0.9903663977236115,0.9412629000409821,0.8077624776943167,0.004025196372935042,0.5,1.25
HistoKit (no postprocessing),gaussian,0502ebf6-5b9d-c3a6-85fe-a3909acf1f7b_112628_2.png,8342414,2887575,276277,344139,0.9641486707728594,0.9307790061844305,0.9679444361098455,0.9603825591117674,0.9476460087229086,0.9641486707728594,0.9126770152333294,0.8935119258696779,0.03205556389015455,0.5,1.25
HistoKit (no postprocessing),gaussian,d9d9ce51-54c1-b32b-5fae-fd9ffdaa32e5_111717_5.png,8882229,226857,5067,1181691,0.9373782663867057,0.8821372994125427,0.9994298603309714,0.8825814394391053,0.8847342675355221,0.9373782663867057,0.9781523257618875,0.16105734415866552,0.00057013966902869,0.5,1.25
HistoKit (no postprocessing),gaussian,e398b039-2e70-a00a-855c-e3ff4eba631e_115619_1.png,14418610,376457,365,1812432,0.9408549430820871,0.888315473821832,0.9999746861340698,0.8883354500592137,0.8908470710020265,0.940854943082087,0.999031372902856,0.1719854227418567,2.53138659301372e-05,0.5,1.25
HistoKit (no postprocessing),gaussian,b91bdd22-8eea-af27-bee7-880d6f1d7c1e_121440_6.png,5679723,402031,106172,620772,0.9398543320213893,0.8865332004925494,0.9816498571094014,0.9014725033509272,0.893233038093333,0.9398543320213893,0.791083484355661,0.3930678732854714,0.0183501428905986,0.5,1.25
HistoKit (no postprocessing),gaussian,b1a83861-bd20-5668-5a83-92a470ead44d_110338_5.png,2679054,2333908,262,195484,0.9647549251384714,0.9319096980659524,0.9999022138486091,0.931994637051241,0.9624194713929058,0.9647549251384714,0.9998877545337315,0.922715024005769,9.778615139087738e-05,0.5,1.25
HistoKit (no postprocessing),gaussian,59c3e1ff-f1eb-ac9b-3a83-925048a454e4_130514_4.png,1785524,1074175,180,64441,0.9822258296891163,0.965072467293104,0.9998991994193887,0.9651663680123678,0.977902213164086,0.9822258296891164,0.9998324576141033,0.9434040976062167,0.00010080058061134432,0.5,1.25
HistoKit (no postprocessing),gaussian,40f80889-968b-7602-00a3-4e00b00e88fe_110004_3.png,21416196,8989538,142423,856100,0.977218750737921,0.9554523525367415,0.9933936863024482,0.9615621128598506,0.9682042151164411,0.9772187507379209,0.9844038974761281,0.9130477882692823,0.006606313697551778,0.5,1.25
HistoKit (no postprocessing),gaussian,2125a939-8f92-6ca7-9a29-e1755d6267ed_103351_5.png,4156941,952453,2680,35998,0.9953693238959074,0.9907813364368881,0.9993557105322817,0.9914146139497856,0.9924868960651677,0.9953693238959073,0.9971941080456858,0.9635814016071611,0.000644289467718333,0.5,1.25
HistoKit (no postprocessing),gaussian,e16fa7c2-3d43-e563-886f-5b0ebdd4e8c5_105048_1.png,42024338,444756,1006414,48105,0.9876089375962912,0.9755211936101276,0.9766117496621951,0.9988566150056939,0.975771335895299,0.9876089375962913,0.30648097741822117,0.9023964160280484,0.023388250337804926,0.75,0.75
HistoKit (no postprocessing),gaussian,66e65946-ef0a-6028-f7a7-e909aade97a4_112429_4.png,9081451,971442,22811,49704,0.9960233977649099,0.9920782969917082,0.9974944701723215,0.9945566579474339,0.9928383132808081,0.99602339776491,0.9770571474262587,0.9513252757196327,0.0025055298276785093,0.5,1.25
HistoKit (no postprocessing),gaussian,6247d1f0-d194-53f2-2d84-7b4b827443da_115125_1.png,2665866,453712,247060,11722,0.9537105174944558,0.9115168731416567,0.9151849377567436,0.995622179364413,0.9234001112966055,0.9537105174944558,0.6474459595988424,0.9748149039391192,0.08481506224325644,0.5,1.25
HistoKit (no postprocessing),gaussian,0e99786b-efbd-e936-5e70-bad7ef5912da_122209_3.png,9737508,1758345,58819,187508,0.9875096234571854,0.9753274167692074,0.9939958108789141,0.9811075367535932,0.9790220384971104,0.9875096234571854,0.9676314300745558,0.9036371195563077,0.006004189121085893,0.5,1.25
HistoKit (no postprocessing),gaussian,728c532f-2f31-cf1c-4143-7abb9ca2b76d_102101_5.png,4833671,1821799,596644,71598,0.9353455015217331,0.87854369925515,0.890127184150459,0.9854038585855333,0.9087563792787046,0.9353455015217331,0.7532941648821163,0.962185426511186,0.10987281584954095,0.5,1.25
HistoKit (no postprocessing),gaussian,0e99786b-efbd-e936-5e70-bad7ef5912da_122209_4.png,5243196,252076,13330,25885,0.9962743241316154,0.9925763065388135,0.9974641046196671,0.9950873786149805,0.9929144291060762,0.9962743241316154,0.9497750616037316,0.90687542496969,0.0025358953803329425,0.5,1.25
HistoKit (no postprocessing),gaussian,228e0715-eef2-126e-c558-f7684e2bcfa8_110725_7.png,7309691,367067,286,1924065,0.8836809684972551,0.7916025289900133,0.9999608753898952,0.7916270475416505,0.7995699246826591,0.8836809684972552,0.9992214572903991,0.16021206984145828,3.91246101047924e-05,0.5,1.25
HistoKit (no postprocessing),gaussian,0502ebf6-5b9d-c3a6-85fe-a3909acf1f7b_112628_5.png,2743560,843836,325,10767,0.997982616894365,0.995973357070149,0.9998815548027705,0.9960908780983522,0.9969175942784858,0.997982616894365,0.9996150023514472,0.9874011675596739,0.00011844519722947572,0.5,1.25
HistoKit (no postprocessing),gaussian,7e3642ed-4a56-9d3f-3ecf-de46d455c0fd_113100_1.png,565637,1944066,1714704,88793,0.3854726654992843,0.23875264126047746,0.24804930490659072,0.8643200953501521,0.5818656681813966,0.3854726654992843,0.5313441402438525,0.9563211221240627,0.7519506950934093,0.5,1.25
HistoKit (no postprocessing),gaussian,f761dbde-597d-9a8f-e1a1-2533f0d71b83_120113_1.png,9233438,908716,100455,137631,0.9872715058175472,0.9748629681981484,0.9892376096447645,0.9853132017275724,0.9770635361032115,0.9872715058175473,0.9004579005936556,0.8684652414543168,0.010762390355235484,0.5,1.25
HistoKit (no postprocessing),gaussian,59c3e1ff-f1eb-ac9b-3a83-925048a454e4_130514_1.png,4978170,704842,123184,84925,0.9795257962335194,0.9598731576145441,0.9758526853850958,0.983226662742848,0.9646741256884726,0.9795257962335194,0.8512317246076814,0.892468284949865,0.0241473146149042,0.5,1.25
HistoKit (no postprocessing),gaussian,c38dfb82-e376-0eab-4312-72ca49852e8b_104329_1.png,3511020,812485,40505,79728,0.9831660033157512,0.9668893905216739,0.9885950401588051,0.9777962697465821,0.9729432743334553,0.9831660033157512,0.9525140974689035,0.910640172245865,0.01140495984119498,0.5,1.25
HistoKit (no postprocessing),gaussian,7d4546a5-f4cc-3733-763f-d1c5a5904dff_120251_4.png,3270781,259492,7155,184108,0.971592459331707,0.9447543127701439,0.9978172240092547,0.946710878410276,0.9486064356222806,0.971592459331707,0.9731667710493649,0.5849684400360685,0.002182775990745396,0.5,1.25
HistoKit (no postprocessing),gaussian,59c3e1ff-f1eb-ac9b-3a83-925048a454e4_130514_3.png,2340948,406503,5976,76661,0.9826558027827701,0.9659029908173222,0.9974536883171334,0.9682905713868537,0.9708005546117294,0.9826558027827701,0.9855119897012938,0.841335447177356,0.0025463116828665948,0.5,1.25
HistoKit (no postprocessing),gaussian,7e3642ed-4a56-9d3f-3ecf-de46d455c0fd_113100_4.png,8148559,3772078,7937,115330,0.9924930505588023,0.9850979699041058,0.9990269105753254,0.9860441010279785,0.9897651957371961,0.9924930505588023,0.997900272882515,0.9703324168700584,0.0009730894246745171,0.5,1.25
HistoKit (no postprocessing),gaussian,7e3642ed-4a56-9d3f-3ecf-de46d455c0fd_113100_3.png,3807623,1332008,221815,126466,0.9562654838741678,0.9161960911512874,0.9449513803165602,0.9678538030024232,0.9365367010258182,0.9562654838741679,0.8572456450959987,0.913288821055432,0.05504861968343973,0.5,1.25
HistoKit (no postprocessing),gaussian,c0272a60-2518-4785-1810-6431c15f4b4b_130712_3.png,33265135,2112951,175237,328276,0.9924886679899895,0.9850893349357664,0.9947597173859191,0.9902279646446144,0.9859673756456617,0.9924886679899895,0.9234166947820721,0.8655282773785478,0.005240282614080968,0.5,1.25
HistoKit (no postprocessing),gaussian,66e65946-ef0a-6028-f7a7-e909aade97a4_112429_5.png,13328099,465026,14262,15653,0.998879004971612,0.9977605203887344,0.9989310737432453,0.998826941627812,0.9978358595504317,0.998879004971612,0.9702433609854618,0.9674356483224772,0.0010689262567547078,0.5,1.25
HistoKit (no postprocessing),gaussian,3e1fffa8-5bae-87b0-bc39-e4a1bc285608_122517_7.png,3446792,351513,482,2739725,0.7155629595867297,0.5571024013419107,0.9998601793765161,0.5571458059518789,0.5809127520145256,0.7155629595867297,0.9986306623673632,0.11371269374923575,0.00013982062348394703,0.5,1.25
HistoKit (no postprocessing),gaussian,cbd7b0be-5303-525e-8ff2-6d1502e77bdd_110516_5.png,4501469,503235,137560,155211,0.9685047154552708,0.9389327609798425,0.9703472429251897,0.9666691720281402,0.9447338590554935,0.9685047154552708,0.7853291614322834,0.7642767971861019,0.029652757074810267,0.5,1.25
HistoKit (no postprocessing),gaussian,1875292b-dccd-c5b5-17ad-67c30baa6d69_130951_13.png,11307486,337736,54004,1364601,0.9409740381134277,0.8885278283802936,0.9952467502061789,0.8923144230307131,0.8914096918154228,0.9409740381134277,0.8621432582835554,0.19839549983346424,0.004753249793821057,0.5,1.25
HistoKit (no postprocessing),gaussian,b0f43f79-08e2-79bc-61fa-379c7ef1dd21_131900_5.png,7424577,150466,20316,424682,0.9709040422770743,0.9434533631104602,0.9972711494980518,0.9458952749552537,0.9445142487426187,0.9709040422770742,0.8810413275403731,0.2616126631753914,0.002728850501948114,0.5,1.25
HistoKit (no postprocessing),gaussian,1875292b-dccd-c5b5-17ad-67c30baa6d69_130951_12.png,6942688,274921,11224,1238527,0.9174271216885065,0.8474506798280708,0.9983859444870743,0.848613317215108,0.8524037007993046,0.9174271216885064,0.96077513148928,0.18165209508354432,0.001614055512925674,0.5,1.25
HistoKit (no postprocessing),gaussian,6f1702fd-ae84-1c96-04ae-a23a14a5d2d4_111419_3.png,4529473,345225,16229,88817,0.9885370916954096,0.9773340016515198,0.9964298143609062,0.9807684229444231,0.9789053413187505,0.9885370916954096,0.9551007873754337,0.7953723372392534,0.003570185639093808,0.5,1.25
HistoKit (no postprocessing),gaussian,e398b039-2e70-a00a-855c-e3ff4eba631e_115619_3.png,16886738,536870,25703,3925089,0.8952718711467111,0.8104001769883474,0.9984802312096758,0.8114010365356199,0.8151624373081817,0.8952718711467113,0.9543117071029005,0.12032158968739964,0.0015197687903242352,0.5,1.25
HistoKit (no postprocessing),gaussian,04e13be9-17d6-1bd0-76ee-d5d53a64912e_105258_3.png,9402313,315659,1800,1453728,0.9281580979098184,0.8659468304978862,0.9998085943884341,0.8660904099385771,0.8697339240166465,0.9281580979098185,0.9943299764694024,0.17840020300816045,0.000191405611565918,0.5,1.25
HistoKit (no postprocessing),gaussian,b91bdd22-8eea-af27-bee7-880d6f1d7c1e_121440_1.png,5203945,1314409,70183,551575,0.9436284820694187,0.8932733096761026,0.9866929661168633,0.9041659137662627,0.9129204135733445,0.9436284820694187,0.949311421704011,0.7044052896487858,0.0133070338831367,0.5,1.25
HistoKit (no postprocessing),gaussian,b1a83861-bd20-5668-5a83-92a470ead44d_110338_3.png,841918,1684839,61788,95126,0.9147553986146951,0.842902510131834,0.9316282065184917,0.8984828887437516,0.9415300906854827,0.9147553986146951,0.9646243874622343,0.9465573761281822,0.06837179348150836,0.5,1.25
HistoKit (no postprocessing),gaussian,3e1fffa8-5bae-87b0-bc39-e4a1bc285608_122517_3.png,10429763,493424,15306,1681931,0.924757067315022,0.860044776119403,0.9985346195415272,0.8611316468200072,0.8655166419131402,0.924757067315022,0.9699133135454956,0.22682458725127622,0.0014653804584727971,0.5,1.25
HistoKit (no postprocessing),gaussian,b91bdd22-8eea-af27-bee7-880d6f1d7c1e_121440_2.png,9188874,1019264,4688,1724009,0.9140227424589479,0.8416591932399615,0.9994900779480249,0.8420207565681772,0.8551796183829298,0.9140227424589479,0.9954216603903308,0.3715503342175569,0.0005099220519750669,0.5,1.25
HistoKit (no postprocessing),gaussian,0504f20c-cba2-27c1-e181-78505aa24ca7_112258_4.png,9950017,1326775,448930,127638,0.9718425938053589,0.9452274408082013,0.9568292828110385,0.9873345535246046,0.951358264660822,0.971842593805359,0.7471821051357067,0.9122408834354478,0.04317071718896154,0.5,1.25
HistoKit (no postprocessing),gaussian,c74350c8-f970-c60d-af8a-f9c4d9c5bab2_124242_4.png,0,2721763,915615,1278,0.0,0.0,0.0,0.0,0.7480132774299082,,0.7482760933837506,0.9995306717746814,1.0,0.5,1.25
HistoKit (no postprocessing),gaussian,5fe08b37-e6eb-942a-a4ce-507361c4911e_102333_2.png,9054991,70856,12128,133435,0.9920263678789102,0.9841788874887316,0.9986624196726656,0.9854779262520045,0.9842997990596899,0.9920263678789103,0.8538513448375591,0.34683857830251946,0.0013375803273344047,0.5,1.25
HistoKit (no postprocessing),gaussian,cbd7b0be-5303-525e-8ff2-6d1502e77bdd_110516_4.png,3244636,341329,908,73597,0.9886490659265237,0.9775529270977039,0.9997202318008938,0.9778204243041402,0.979646056380738,0.9886490659265238,0.997346867813825,0.8226262032265994,0.0002797681991062207,0.5,1.25
HistoKit (no postprocessing),gaussian,c74350c8-f970-c60d-af8a-f9c4d9c5bab2_124242_5.png,0,5545123,5555741,1850,0.0,0.0,0.0,0.0,0.4994385156638278,,0.4995217489377403,0.9996664847656551,1.0,0.5,1.25
HistoKit (no postprocessing),gaussian,66e65946-ef0a-6028-f7a7-e909aade97a4_112429_3.png,4704403,168612,13736,3687,0.9981516468568714,0.996310113926265,0.9970886826352509,0.9992168798812258,0.9964373334249407,0.9981516468568715,0.9246715072279378,0.9786011526474326,0.00291131736474911,0.5,1.25
HistoKit (no postprocessing),gaussian,7e6be544-b3c1-c3b1-a8a1-838402bd2649_124526_4.png,4614593,475195,17399,76173,0.9899630559969486,0.9801255903308401,0.9962437327180185,0.98376107441727,0.9819476169897519,0.9899630559969484,0.9646788227221607,0.8618472599062695,0.0037562672819814887,0.5,1.25
HistoKit (no postprocessing),gaussian,24aa9d72-799e-9634-ead4-94165f32d151_102546_6.png,8290957,118310,2857,33200,0.9978302405269572,0.995669876380657,0.999655526395938,0.9960116081424221,0.9957305368035614,0.9978302405269572,0.9764209727070902,0.7808725496666886,0.0003444736040620154,0.5,1.25
HistoKit (no postprocessing),gaussian,def4a0a8-b472-78ea-531c-84458df3a3e9_124843_6.png,16586683,7862524,2119577,13715,0.9395781951381521,0.8860419418295163,0.886691567421815,0.9991738149892551,0.9197482524122356,0.9395781951381521,0.7876622366373572,0.998258686665044,0.11330843257818506,0.5,1.25
HistoKit (no postprocessing),gaussian,0f3058e5-e9f7-bd55-4b60-07a71af55b96_123333_3.png,30529459,1533828,99764,599778,0.9886729364689469,0.9775996036504658,0.9967428491411617,0.9807326469325284,0.9786483029289076,0.9886729364689469,0.9389296715458939,0.7188899918729137,0.0032571508588383064,0.5,1.25
HistoKit (no postprocessing),gaussian,84acf623-2a5d-c4c6-c1db-583a94b80fc7_105804_1.png,45370362,3740219,51036,806543,0.9906376103932842,0.9814489033807497,0.9988763886131378,0.9825336280116651,0.9828374909142141,0.9906376103932842,0.9865384945090742,0.8226115640097282,0.001123611386862201,0.5,1.25
HistoKit (no postprocessing),gaussian,1875292b-dccd-c5b5-17ad-67c30baa6d69_130951_4.png,3885733,150007,3072,171823,0.9779905544185571,0.9569290759951417,0.9992100401022936,0.957653572741818,0.9584635096606569,0.9779905544185571,0.9799319305717963,0.4661063294285803,0.0007899598977063648,0.5,1.25
HistoKit (no postprocessing),gaussian,b91bdd22-8eea-af27-bee7-880d6f1d7c1e_121440_4.png,6392099,257161,18598,314333,0.9746186074711928,0.9504937524442271,0.9970989113976219,0.9531296224281406,0.9523171165039742,0.9746186074711929,0.9325570516284146,0.4499802272639783,0.002901088602378181,0.5,1.25
HistoKit (no postprocessing),gaussian,9e7010fd-072a-6a7f-3911-83d91e8c9301_113642_6.png,6895070,1650282,27991,991457,0.9311629736087189,0.8711926613850648,0.995956846256302,0.8742847136642022,0.8934166945466712,0.9311629736087189,0.9833215454219904,0.6246953237999666,0.004043153743698055,0.5,1.25
HistoKit (no postprocessing),gaussian,859ead5f-592a-5c4e-67de-d71b0ee92f6d_113334_2.png,12736473,604669,35409,272193,0.988068446023723,0.9764182588646569,0.9972275816516313,0.9790760251666082,0.9774629812091135,0.988068446023723,0.9446801796031109,0.6895828534022458,0.0027724183483687054,0.5,1.25
HistoKit (no postprocessing),gaussian,35ce6eab-4a33-9fbb-2efe-2acf7936ba3e_104917_2.png,7240511,4511613,878651,159525,0.9331037596143822,0.874596539282135,0.8917805803111207,0.978442672441053,0.9188309891089341,0.9331037596143822,0.8369929561891588,0.9658487931634646,0.10821941968887923,0.5,1.25
HistoKit (no postprocessing),gaussian,969ce636-2f0f-f223-bb1c-2b4624598a38_125938_4.png,15293694,764488,76753,4215085,0.8769514552874539,0.7808669174776565,0.9950064562208243,0.783939066612011,0.7890990770525041,0.8769514552874539,0.9087621739786815,0.15352481025983553,0.004993543779175713,0.5,1.25
HistoKit (no postprocessing),gaussian,d9d9ce51-54c1-b32b-5fae-fd9ffdaa32e5_111717_3.png,10684592,732674,29335,1238149,0.9440074837869248,0.8939528162304189,0.9972619749975896,0.8961523193366357,0.9000781253079485,0.9440074837869248,0.961503079359955,0.3717604269891309,0.002738025002410414,0.5,1.25
HistoKit (no postprocessing),gaussian,6b809376-ab46-9021-2fa3-0d0025b512da_132412_1.png,3742210,439603,7415,77485,0.9887836688104084,0.9778161589293226,0.9980224689135581,0.979714348920529,0.9801017785822482,0.9887836688104084,0.9834123010706504,0.850151231511851,0.0019775310864419775,0.5,1.25
HistoKit (no postprocessing),gaussian,c38dfb82-e376-0eab-4312-72ca49852e8b_104329_5.png,2614589,527634,2518,77337,0.9849586544291588,0.9703630878949423,0.9990378689140337,0.9712707555854061,0.9752163045090777,0.9849586544291586,0.9952504187478308,0.8721641202636159,0.0009621310859662978,0.5,1.25
HistoKit (no postprocessing),gaussian,cbd7b0be-5303-525e-8ff2-6d1502e77bdd_110516_2.png,9596210,749585,30440,38865,0.9964019318103648,0.9928296629822622,0.9968379446640316,0.9959663002104291,0.9933457191961671,0.9964019318103648,0.9609756097560975,0.9507070835182954,0.0031620553359683794,0.5,1.25
HistoKit (no postprocessing),gaussian,8e6bc805-8b70-bd59-8612-caf5bbe72e5e_125634_1.png,64594664,1025281,145442,86971,0.9982042197995158,0.9964148776906909,0.9977534482257412,0.9986553988624437,0.9964706958557201,0.9982042197995158,0.8757673676864638,0.9218063891995699,0.002246551774258757,0.5,1.25
HistoKit (no postprocessing),gaussian,7e6be544-b3c1-c3b1-a8a1-838402bd2649_124526_3.png,50305387,508001,41106,51946,0.9990759834685924,0.9981536729738792,0.99918353796758,0.9989684521219581,0.9981720976756575,0.9990759834685924,0.9251402732072256,0.9072305057442936,0.0008164620324200138,0.5,1.25
HistoKit (no postprocessing),gaussian,e3dca99c-de77-4ab1-72a1-8daf3d4d032c_120923_2.png,9156679,1283538,24006,165473,0.9897594622921879,0.9797265357593997,0.9973851624361363,0.9822494848828897,0.9821745607776553,0.9897594622921879,0.9816403883922835,0.8858027992886183,0.0026148375638636984,0.5,1.25
HistoKit (no postprocessing),gaussian,7ea29210-064a-9e70-4612-3ab81fa629dc_120503_4.png,2790308,175822,5361,496116,0.9175486136104791,0.8476580335592999,0.9980823910126699,0.8490407811043249,0.8553824006007601,0.9175486136104791,0.9704111312871516,0.26166402257351123,0.001917608987330045,0.5,1.25
HistoKit (no postprocessing),gaussian,b0f43f79-08e2-79bc-61fa-379c7ef1dd21_131900_4.png,12965827,196089,11649,566767,0.978181272248621,0.957294327929586,0.999102367825608,0.958118377008872,0.9579037828198038,0.978181272248621,0.943924558819282,0.25704589070545425,0.0008976321743920004,0.5,1.25
HistoKit (no postprocessing),gaussian,19a1c0fb-3d0a-327d-ea5a-6aae35f53e51_121144_3.png,24687502,1520984,39507,164803,0.9958791281379973,0.9917920800623112,0.9984022734007174,0.9933687036272894,0.9922647341084223,0.9958791281379973,0.9746829683734158,0.9022397254220136,0.0015977265992825902,0.5,1.25
HistoKit (no postprocessing),gaussian,24aa9d72-799e-9634-ead4-94165f32d151_102546_7.png,10990230,591435,17452,67403,0.9961543716914987,0.9923382077880215,0.9984145617578706,0.9939043916541632,0.992726622848973,0.9961543716914987,0.9713378672890044,0.897694122075533,0.001585438242129451,0.5,1.25
HistoKit (no postprocessing),gaussian,f761dbde-597d-9a8f-e1a1-2533f0d71b83_120113_5.png,3493608,654507,543486,30606,0.9240750409849724,0.858865698060329,0.8653769270668457,0.9913155103520955,0.878427184577042,0.9240750409849724,0.5463362473737325,0.9553270774310223,0.1346230729331544,0.5,1.25
HistoKit (no postprocessing),gaussian,859ead5f-592a-5c4e-67de-d71b0ee92f6d_113334_1.png,20279635,373048,8710,320247,0.9919547257453839,0.984037871194694,0.9995706894771358,0.9844539400759674,0.9843216736155992,0.9919547257453838,0.9771844990805694,0.5380797496015405,0.0004293105228642356,0.5,1.25
HistoKit (no postprocessing),gaussian,7ea29210-064a-9e70-4612-3ab81fa629dc_120503_1.png,8697040,156278,4855,1089347,0.9408164587710205,0.8882468638810072,0.9994420755479123,0.8886875207367132,0.8900025332947308,0.9408164587710206,0.9698696108183923,0.12546151530356248,0.0005579244520877349,0.5,1.25
HistoKit (no postprocessing),gaussian,969ce636-2f0f-f223-bb1c-2b4624598a38_125938_2.png,4396202,329688,5388,1395226,0.8625908440463855,0.7583821877389243,0.998775896891805,0.7590877413998758,0.7713844633089278,0.8625908440463854,0.9839200658954983,0.19113300721079426,0.0012241031081949932,0.5,1.25
HistoKit (no postprocessing),gaussian,969ce636-2f0f-f223-bb1c-2b4624598a38_125938_5.png,12787204,272180,8649,1600752,0.9407956037360328,0.8882096855473912,0.9993240778867966,0.8887436130608128,0.8902839601234868,0.9407956037360328,0.9692018986643117,0.14532294819032404,0.0006759221132033949,0.5,1.25
HistoKit (no postprocessing),gaussian,5fe08b37-e6eb-942a-a4ce-507361c4911e_102333_3.png,13327148,1659228,23474,1849145,0.9343560633878567,0.8767994930448605,0.9982417298609758,0.8781556866357285,0.8889246363736392,0.9343560633878567,0.9860498174959084,0.4729337502027293,0.0017582701390242343,0.5,1.25
HistoKit (no postprocessing),gaussian,04e13be9-17d6-1bd0-76ee-d5d53a64912e_105258_1.png,14204702,263472,47696,693588,0.9745706173384313,0.950402469264992,0.9966534754362038,0.9534451269239624,0.9512616425910773,0.9745706173384312,0.8467194570135747,0.2752930850730362,0.0033465245637962116,0.5,1.25
HistoKit (no postprocessing),gaussian,9e7010fd-072a-6a7f-3911-83d91e8c9301_113642_2.png,2590572,922723,9451,445610,0.9192610985583385,0.8505857403042323,0.9963650321554848,0.8532334359402697,0.8853275764573542,0.9192610985583385,0.9898613349009949,0.6743409681707596,0.0036349678445152214,0.5,1.25
HistoKit (no postprocessing),gaussian,a40a1d35-8d5f-0529-214c-05d84888ba26_111152_2.png,2763070,3931382,413,119215,0.978811031554963,0.9585013761413786,0.9998505509170854,0.9586387189330687,0.9824439983093829,0.978811031554963,0.9998949589182549,0.9705685359466765,0.00014944908291456832,0.5,1.25
HistoKit (no postprocessing),gaussian,2125a939-8f92-6ca7-9a29-e1755d6267ed_103351_3.png,10206904,2427600,413908,716484,0.947531493394974,0.9002943911846352,0.9610285917875205,0.9344082623449794,0.9178786385309413,0.947531493394974,0.854335092493141,0.7721167755059979,0.03897140821247942,0.5,1.25
HistoKit (no postprocessing),gaussian,40f80889-968b-7602-00a3-4e00b00e88fe_110004_1.png,9304913,902289,90463,2347110,0.8841864973434485,0.7924142298317409,0.9903715402129728,0.7985663090435026,0.8072268585245684,0.8841864973434483,0.9088765371411994,0.2776787338212389,0.00962845978702715,0.5,1.25
HistoKit (no postprocessing),gaussian,f9a50b4c-7c73-18cd-0877-8296eed330e2_114604_2.png,8556106,1664937,32075,2223848,0.8835239944372548,0.7913506336322257,0.9962652161150306,0.7937052421559498,0.8191929832941759,0.8835239944372547,0.9810991318859266,0.42813809454624,0.003734783884969355,0.5,1.25
HistoKit (no postprocessing),gaussian,c0272a60-2518-4785-1810-6431c15f4b4b_130712_2.png,17011208,1508092,72347,281992,0.9896924826092515,0.9795952871510468,0.9957651086088346,0.983693474891865,0.9812257191101302,0.9896924826092516,0.9542234784132763,0.842469962303445,0.004234891391165363,0.5,1.25
HistoKit (no postprocessing),gaussian,c38dfb82-e376-0eab-4312-72ca49852e8b_104329_2.png,5766921,752054,15912,60604,0.9934096778066619,0.986905651588269,0.9972484074847051,0.989600387814724,0.9883987408973798,0.9934096778066619,0.9792803327230633,0.9254249635147873,0.002751592515294839,0.5,1.25
HistoKit (no postprocessing),gaussian,0f3058e5-e9f7-bd55-4b60-07a71af55b96_123333_2.png,15229197,837093,38091,95847,0.9956218440621003,0.991281857511504,0.9975050578727538,0.9937457275815978,0.9917323385819015,0.9956218440621002,0.956476580924697,0.89726348961348,0.002494942127246175,0.5,1.25
HistoKit (no postprocessing),gaussian,7d4546a5-f4cc-3733-763f-d1c5a5904dff_120251_3.png,2814530,450661,10066,232323,0.958717345581985,0.9207080724088534,0.9964363045193012,0.9237498494348103,0.9308956602557888,0.9587173455819851,0.9781519207686982,0.6598412261487824,0.0035636954806988327,0.5,1.25
HistoKit (no postprocessing),gaussian,0502ebf6-5b9d-c3a6-85fe-a3909acf1f7b_112628_1.png,7696187,2946184,386681,66127,0.9714229852329875,0.9444338841783557,0.9521604212762104,0.991481019706237,0.959188761172758,0.9714229852329874,0.8839793991055743,0.9780477513775968,0.047839578723789626,0.5,1.25
HistoKit (no postprocessing),gaussian,c38dfb82-e376-0eab-4312-72ca49852e8b_104329_4.png,5026407,146102,5702,27409,0.9967171082473844,0.9934557007208987,0.9988668766912641,0.994576573424913,0.993639374368471,0.9967171082473844,0.9624384074200943,0.8420330699494557,0.0011331233087359593,0.5,1.25
HistoKit (no postprocessing),gaussian,7ea29210-064a-9e70-4612-3ab81fa629dc_120503_3.png,3772821,234494,4155,673603,0.9175817788262762,0.8477146456674514,0.998899913581659,0.8485068000712482,0.855336725809822,0.9175817788262762,0.9825894933563518,0.25822571817768364,0.001100086418341022,0.5,1.25
HistoKit (no postprocessing),gaussian,228e0715-eef2-126e-c558-f7684e2bcfa8_110725_12.png,2013713,6101316,467322,332017,0.8343944650298907,0.7158463476679422,0.8116423186291205,0.8584589871809628,0.9103313886076949,0.8343944650298907,0.9288555709722472,0.9483911372223387,0.1883576813708795,0.5,1.25
HistoKit (no postprocessing),gaussian,5fe08b37-e6eb-942a-a4ce-507361c4911e_102333_4.png,5332796,516131,12557,1962716,0.843739095386273,0.7297134167726113,0.9976508567348125,0.7309693959793363,0.7475431354004243,0.843739095386273,0.9762487516266682,0.2082141414940091,0.0023491432651875374,0.5,1.25
HistoKit (no postprocessing),gaussian,be2180cd-04c9-2627-2456-4397fd5e59ee_103647_6.png,3752476,359812,10565,85874,0.9873129799532744,0.974943847811656,0.9971924302711557,0.9776273659254627,0.9770859454652202,0.9873129799532743,0.9714750105973103,0.8073217467005919,0.0028075697288443046,0.5,1.25
HistoKit (no postprocessing),gaussian,7e6be544-b3c1-c3b1-a8a1-838402bd2649_124526_2.png,49841325,1369663,79159,103048,0.9981754642676752,0.9963575742712449,0.998414298226756,0.997936744545777,0.9964546473516581,0.9981754642676753,0.9453631985157597,0.9300283626590689,0.0015857017732440254,0.5,1.25
HistoKit (no postprocessing),gaussian,6f1702fd-ae84-1c96-04ae-a23a14a5d2d4_111419_1.png,2929323,787262,1101,74936,0.9871876897215909,0.9746995368275349,0.9996242864513805,0.9750567444418075,0.9799513370960776,0.9871876897215909,0.9986034352195625,0.9130872491005546,0.00037571354861958543,0.5,1.25
HistoKit (no postprocessing),gaussian,0f3058e5-e9f7-bd55-4b60-07a71af55b96_123333_1.png,18633097,802586,35187,266130,0.9919793195774934,0.984086278033215,0.9981151454520405,0.9859184716919903,0.9847333941328469,0.9919793195774935,0.9579993625958344,0.7509815516938083,0.0018848545479595233,0.5,1.25
HistoKit (no postprocessing),gaussian,9e7010fd-072a-6a7f-3911-83d91e8c9301_113642_4.png,6786993,217814,44836,1061237,0.9246547306110963,0.8598677624132371,0.9934371893675911,0.8647800841718452,0.8636309500325489,0.9246547306110964,0.8292937369122406,0.17029344412380742,0.006562810632408979,0.5,1.25
HistoKit (no postprocessing),gaussian,228e0715-eef2-126e-c558-f7684e2bcfa8_110725_1.png,7776960,561698,19693,2207248,0.8747562899231932,0.7773927390924801,0.9974741725712303,0.7789260800656397,0.7892271891068362,0.8747562899231933,0.9661277866358441,0.20285624927318915,0.0025258274287697554,0.5,1.25
HistoKit (no postprocessing),gaussian,deaaef3a-8172-327d-10b9-23d266fb17ca_123636_5.png,2295339,163279,436,529342,0.896536949052975,0.8124757310936149,0.9998100859186985,0.8126011397393192,0.8227216205616659,0.896536949052975,0.9973368353541215,0.2357407586544445,0.00018991408130152127,0.5,1.25
HistoKit (no postprocessing),gaussian,f761dbde-597d-9a8f-e1a1-2533f0d71b83_120113_2.png,3064065,463047,22342,42650,0.9895057775383724,0.9792295250613843,0.9927611620891218,0.9862716728119574,0.9819069826486093,0.9895057775383725,0.9539709387728194,0.9156609590327806,0.0072388379108782475,0.5,1.25
HistoKit (no postprocessing),gaussian,9e7010fd-072a-6a7f-3911-83d91e8c9301_113642_7.png,2949339,3215735,393535,375136,0.8847111498138166,0.7932574145846838,0.882276448349534,0.8871593259086021,0.8891405726631135,0.8847111498138166,0.8909654860955263,0.8955306386667747,0.11772355165046604,0.5,1.25
HistoKit (no postprocessing),gaussian,3e1fffa8-5bae-87b0-bc39-e4a1bc285608_122517_5.png,5060194,1781780,214998,592943,0.9260691181606996,0.8623172438943548,0.9592435687648905,0.895112572010903,0.894385623892553,0.9260691181606996,0.8923275396664025,0.7503106678126249,0.040756431235109546,0.5,1.25
HistoKit (no postprocessing),gaussian,7e3642ed-4a56-9d3f-3ecf-de46d455c0fd_113100_2.png,2186662,1256539,557,139134,0.9690470782835865,0.9399527930627897,0.9997453387155104,0.9401779003833526,0.9610116632039146,0.9690470782835864,0.9995569153032068,0.9003104595417408,0.0002546612844895733,0.5,1.25
HistoKit (no postprocessing),gaussian,8e6bc805-8b70-bd59-8612-caf5bbe72e5e_125634_3.png,31230218,393433,25611,85623,0.9982222945304161,0.9964508983183038,0.9991806008408863,0.9972658246668196,0.9964948982799213,0.998222294530416,0.938882313074522,0.821267242243078,0.0008193991591136489,0.5,1.25
HistoKit (no postprocessing),gaussian,1875292b-dccd-c5b5-17ad-67c30baa6d69_130951_1.png,10152150,347800,8245,1772486,0.9193693230496258,0.8507710753170169,0.9991885158008129,0.8513593203180374,0.8549973735169898,0.9193693230496258,0.9768428148127344,0.16403447459446507,0.0008114841991871379,0.5,1.25
HistoKit (no postprocessing),gaussian,54b22c23-34e4-1c55-9de2-c8e205e762bc_131621_2.png,20974439,1717437,76852,328107,0.9904386702909586,0.981058447015206,0.9963492975323937,0.9845977565310738,0.9824669050976031,0.9904386702909586,0.9571685497709678,0.8395991481972521,0.003650702467606381,0.5,1.25
HistoKit (no postprocessing),gaussian,be2180cd-04c9-2627-2456-4397fd5e59ee_103647_1.png,28912641,455437,8689,49893,0.9989879390221772,0.9979779245080541,0.9996995643008119,0.9982773261483266,0.9980092202105166,0.9989879390221773,0.9812787906732223,0.9012664991193873,0.0003004356991881079,0.5,1.25
HistoKit (no postprocessing),gaussian,7d4546a5-f4cc-3733-763f-d1c5a5904dff_120251_1.png,6388679,931730,29594,383613,0.9686740484581214,0.9392511135882019,0.9953891023332913,0.9433555139087328,0.946570013302962,0.9686740484581214,0.9692153737969716,0.7083551590725765,0.004610897666708786,0.5,1.25
HistoKit (no postprocessing),gaussian,f761dbde-597d-9a8f-e1a1-2533f0d71b83_120113_3.png,10031329,14707913,404857,98041,0.9755465886747725,0.9522605692852452,0.9612064215796844,0.9903211157258546,0.9800770457655333,0.9755465886747725,0.9732109335350171,0.9933782720113814,0.03879357842031562,0.5,1.25
HistoKit (no postprocessing),gaussian,f9a50b4c-7c73-18cd-0877-8296eed330e2_114604_5.png,4881402,3215041,418883,1150114,0.8615403676785358,0.756759698121,0.9209697214395075,0.8093159331750094,0.8376693663195881,0.8615403676785358,0.8847298402498236,0.7365239035039993,0.0790302785604925,0.5,1.25
HistoKit (no postprocessing),gaussian,9601a588-d18f-b3b2-00f0-b816a7730c15_114312_2.png,5462443,423375,19312,51350,0.9935735808710944,0.9872292320496358,0.9964770406557754,0.9906869916951906,0.9881369533684323,0.9935735808710944,0.956375497812224,0.8918321133287693,0.003522959344224614,0.5,1.25
HistoKit (no postprocessing),gaussian,6f1702fd-ae84-1c96-04ae-a23a14a5d2d4_111419_2.png,6375041,565635,14564,243796,0.9801390512407251,0.9610516535936845,0.9977206728741448,0.9631663387389657,0.9641118616436979,0.980139051240725,0.9748982676633362,0.6988057042539759,0.0022793271258551976,0.5,1.25
HistoKit (no postprocessing),gaussian,1c7a4a4c-ace6-25f8-ee0c-f8914aeab226_121941_3.png,7005326,3783278,614495,132129,0.9494063809608223,0.9036856532872374,0.9193557171487362,0.9814879393285142,0.935274447977968,0.9494063809608223,0.8602713236904224,0.9662540829088777,0.08064428285126383,0.5,1.25
HistoKit (no postprocessing),gaussian,9601a588-d18f-b3b2-00f0-b816a7730c15_114312_1.png,9486684,1020953,339942,72319,0.9787336794694668,0.9583530366114773,0.9654060305134234,0.9924344620458849,0.9622468085324607,0.9787336794694668,0.7502070328717498,0.9338508623654498,0.03459396948657657,0.5,1.25
HistoKit (no postprocessing),gaussian,2125a939-8f92-6ca7-9a29-e1755d6267ed_103351_7.png,725379,344765,603,1641703,0.46903588157244724,0.3063663451852759,0.999169400894237,0.3064443901816667,0.3945304060904348,0.4690358815724473,0.9982540362743508,0.17355678520872223,0.0008305991057629528,0.9,0.75
HistoKit (no postprocessing),gaussian,54b22c23-34e4-1c55-9de2-c8e205e762bc_131621_1.png,26127710,1338701,134208,164629,0.9943137432235033,0.988691787845003,0.9948896344889966,0.9937385182809335,0.9892370131179812,0.9943137432235034,0.9088823545785925,0.8904904445464402,0.005110365511003423,0.5,1.25
HistoKit (no postprocessing),gaussian,228e0715-eef2-126e-c558-f7684e2bcfa8_110725_2.png,2613947,188319,57990,880250,0.8478398296242021,0.7358697613610995,0.9782966439702733,0.748082320487368,0.749167625984292,0.847839829624202,0.7645640232391021,0.17623475882231282,0.02170335602972675,0.9,0.75
HistoKit (no postprocessing),gaussian,be2180cd-04c9-2627-2456-4397fd5e59ee_103647_4.png,4685223,433596,31005,162300,0.9797877422781083,0.9603763676256445,0.9934258903513571,0.9665189829939951,0.9636106009573572,0.9797877422781083,0.933265317982527,0.727637037335374,0.006574109648642941,0.9,0.75
HistoKit (no postprocessing),gaussian,39bcf904-a619-148a-5bca-38122a540be1_104536_1.png,1692515,912540,1156,313105,0.9150483160151499,0.8434000605947052,0.9993174589397823,0.8438861798346646,0.892351153489379,0.9150483160151499,0.9987348089517739,0.7445385898853257,0.0006825410602177164,0.9,0.75
HistoKit (no postprocessing),gaussian,9e7010fd-072a-6a7f-3911-83d91e8c9301_113642_3.png,3176433,272206,2445,593242,0.9142717915514208,0.8420816410930724,0.9992308606999073,0.8426278127424778,0.8527104392672599,0.9142717915514207,0.9910977931993694,0.31452611826476,0.0007691393000926742,0.9,0.75
HistoKit (no postprocessing),gaussian,c74350c8-f970-c60d-af8a-f9c4d9c5bab2_124242_3.png,304055,1907465,1519871,22613,0.282763738762407,0.16466210570153136,0.16670358336906213,0.9307768131558647,0.5891096546514069,0.282763738762407,0.5565444998681192,0.9882838931898089,0.8332964166309379,0.9,0.75
HistoKit (no postprocessing),gaussian,10fd35f3-17d4-d309-f849-cc9e883460c1_123055_2.png,4871528,3691396,3616145,98421,0.723980507105936,0.5673741750323256,0.5739533085216643,0.9801967786792178,0.697449071430724,0.723980507105936,0.5051488592400645,0.9740301444634398,0.4260466914783357,0.5,1.25
HistoKit (no postprocessing),gaussian,332605c9-e7e2-297a-c808-98d567218fe3_115336_3.png,9073625,267779,29202,166970,0.9893055941252401,0.9788375085236495,0.996791985610624,0.9819308172255141,0.9794316711080467,0.9893055941252401,0.9016704772359174,0.615939312108826,0.0032080143893759598,0.5,1.25
HistoKit (no postprocessing),gaussian,be2180cd-04c9-2627-2456-4397fd5e59ee_103647_3.png,21836860,1445555,45008,241276,0.9934876257063124,0.9870595246317612,0.9979431372129656,0.9890717223591702,0.9878532115837195,0.9934876257063125,0.9698046979564098,0.8569649241684555,0.0020568627870344524,0.5,1.25
HistoKit (no postprocessing),gaussian,332605c9-e7e2-297a-c808-98d567218fe3_115336_2.png,5444053,470567,11301,183935,0.9823847355788534,0.9653793235281966,0.9979284570717134,0.9673178052263083,0.9680457280826258,0.9823847355788534,0.9765475192376335,0.7189695371442715,0.002071542928286597,0.9,0.75
HistoKit (no postprocessing),gaussian,969ce636-2f0f-f223-bb1c-2b4624598a38_125938_1.png,21764734,769043,146205,2442768,0.9438625212851406,0.89369285751857,0.9933273055983589,0.8990904555125101,0.8969470698868556,0.9438625212851406,0.8402564113770257,0.2394421714104597,0.006672694401641116,0.5,1.25
HistoKit (no postprocessing),gaussian,0502ebf6-5b9d-c3a6-85fe-a3909acf1f7b_112628_8.png,4012970,95119,297,50579,0.9937009831597006,0.9874808248147199,0.999925995454576,0.9875529986226326,0.9877671487978379,0.9937009831597006,0.9968873144965205,0.6528504166151903,7.400454542396506e-05,0.9,0.75
HistoKit (no postprocessing),gaussian,def4a0a8-b472-78ea-531c-84458df3a3e9_124843_7.png,11470771,163577,61504,286154,0.9850721364409254,0.9705833998748903,0.9946667938459671,0.9756608126699796,0.9709849919954973,0.9850721364409254,0.7267472598753337,0.3637218692952009,0.005333206154032921,0.9,0.75
HistoKit (no postprocessing),gaussian,7e6be544-b3c1-c3b1-a8a1-838402bd2649_124526_1.png,51757408,2598120,149464,268578,0.9959777686475243,0.9919877643604416,0.9971205354081055,0.9948376182625351,0.9923678153532808,0.9959777686475244,0.945601663133866,0.9063110240422954,0.002879464591894499,0.5,1.25
HistoKit (no postprocessing),gaussian,b91bdd22-8eea-af27-bee7-880d6f1d7c1e_121440_5.png,4086686,714807,396809,3913838,0.6547067895362864,0.4866647541546822,0.911495607779199,0.5108022924498445,0.5269336292023608,0.6547067895362864,0.6430341053025506,0.15443115641834707,0.08850439222080096,0.9,0.75
HistoKit (no postprocessing),gaussian,04e13be9-17d6-1bd0-76ee-d5d53a64912e_105258_2.png,3229592,117857,4515,940388,0.8723808890954414,0.7736485491059397,0.9986039422938079,0.7744862085669476,0.7798635806196695,0.8723808890954415,0.9631043049063511,0.11137024035076944,0.0013960577061921575,0.9,0.75
HistoKit (no postprocessing),gaussian,3e1fffa8-5bae-87b0-bc39-e4a1bc285608_122517_10.png,3369717,1790421,217429,1860313,0.7643528948497795,0.6185851054592609,0.9393866321582673,0.6443016579254803,0.7129350030671965,0.7643528948497795,0.8917105361456285,0.49042767837919715,0.06061336784173268,0.9,0.75
HistoKit (no postprocessing),gaussian,d9d9ce51-54c1-b32b-5fae-fd9ffdaa32e5_111717_1.png,7483324,299251,8449,564986,0.9630996179364035,0.9288255984819702,0.9988722295776981,0.9298006662268228,0.9313745435919775,0.9630996179364035,0.9725414364640884,0.3462603429383375,0.0011277704223019037,0.9,0.75
HistoKit (no postprocessing),gaussian,cd7afea3-2dfd-f8a4-f2e6-1e02af01c417_132555_3.png,0,4002334,416,106110,0.0,0.0,0.0,0.0,0.9740740740740741,,0.9998960714508776,0.9741727038265582,1.0,0.9,0.75
HistoKit (no postprocessing),gaussian,be2180cd-04c9-2627-2456-4397fd5e59ee_103647_5.png,4981248,479769,16237,92882,0.9891656899116974,0.9785636281234732,0.996750965735765,0.9816949900771167,0.980409993580049,0.9891656899116973,0.9672645088970698,0.8378034789077466,0.00324903426423491,0.9,0.75
HistoKit (no postprocessing),gaussian,19a1c0fb-3d0a-327d-ea5a-6aae35f53e51_121144_1.png,6549857,58901,4876,7514,0.9990550715583097,0.9981119272102985,0.9992561100505543,0.9988541139429201,0.9981287232969268,0.9990550715583097,0.9235461059629647,0.8868629074757208,0.0007438899494456907,0.9,0.75
HistoKit (no postprocessing),gaussian,0504f20c-cba2-27c1-e181-78505aa24ca7_112258_3.png,3534027,2192561,2673759,47875,0.7219897099887147,0.5649326266241089,0.5692894374902743,0.9866341960221134,0.6778453501813755,0.7219897099887146,0.45055832744250274,0.9786313913898902,0.43071056250972567,0.9,0.75
HistoKit (no postprocessing),gaussian,cbd7b0be-5303-525e-8ff2-6d1502e77bdd_110516_1.png,11676499,480892,20386,39783,0.9974301212646712,0.9948734172253999,0.998257142820503,0.996604468892094,0.9950752032320692,0.9974301212646713,0.9593319475420824,0.9235934123973688,0.0017428571794969345,0.9,0.75
HistoKit (no postprocessing),gaussian,def4a0a8-b472-78ea-531c-84458df3a3e9_124843_8.png,29537778,640779,181981,1730982,0.968634047336024,0.939175900497861,0.9938767673048762,0.9446418086294436,0.9403903897353568,0.9686340473360241,0.7788164227721328,0.2701701394027476,0.006123232695123807,0.5,1.25
HistoKit (no postprocessing),gaussian,b0f43f79-08e2-79bc-61fa-379c7ef1dd21_131900_10.png,4969959,182298,4094,454729,0.9558770624251532,0.9154832520443812,0.9991769287540764,0.9161741652238802,0.9182291109732885,0.9558770624251532,0.978035538005923,0.2861699739571478,0.0008230712459235959,0.9,0.75
HistoKit (no postprocessing),gaussian,c0272a60-2518-4785-1810-6431c15f4b4b_130712_1.png,8107622,226648,46890,17790,0.9960270084798921,0.9920854613547077,0.9942498091853933,0.9978105725592745,0.9922990373796725,0.9960270084798922,0.8285795757810615,0.927220808548589,0.0057501908146066864,0.9,0.75
HistoKit (no postprocessing),gaussian,d9d9ce51-54c1-b32b-5fae-fd9ffdaa32e5_111717_2.png,6657329,748840,7757,1723579,0.8849304339746513,0.7936100678713478,0.9988361740568689,0.7943445984611691,0.8105242076474924,0.8849304339746513,0.9897475141984439,0.3028774653487131,0.0011638259431311164,0.9,0.75
HistoKit (no postprocessing),gaussian,6f1702fd-ae84-1c96-04ae-a23a14a5d2d4_111419_5.png,2311297,935280,25363,223591,0.9488963261780444,0.9027618776440278,0.9891456181044739,0.9117945250441045,0.9287793471149305,0.9488963261780444,0.97359789224509,0.8070613554053903,0.010854381895526092,0.9,0.75
HistoKit (no postprocessing),gaussian,e398b039-2e70-a00a-855c-e3ff4eba631e_115619_4.png,4938686,185885,942,641831,0.9389007470904631,0.8848378174953897,0.9998092973802886,0.8849871795032611,0.8885495645829345,0.9389007470904632,0.9949579022304057,0.22457582069212145,0.00019070261971144387,0.9,0.75
HistoKit (no postprocessing),gaussian,2125a939-8f92-6ca7-9a29-e1755d6267ed_103351_8.png,6578531,209012,0,1587407,0.8923388153211893,0.8056062879732862,1.0,0.8056062879732862,0.8104577340760243,0.8923388153211893,1.0,0.11634924814311137,0.0,0.9,0.75
HistoKit (no postprocessing),gaussian,deaaef3a-8172-327d-10b9-23d266fb17ca_123636_1.png,3650915,3636268,450069,79270,0.9324061324688562,0.8733715702442961,0.8902534123517672,0.9787490432780144,0.9322794716115428,0.9324061324688562,0.8898600384647669,0.9786652700093499,0.10974658764823271,0.9,0.75
HistoKit (no postprocessing),gaussian,04e13be9-17d6-1bd0-76ee-d5d53a64912e_105258_4.png,7925885,384922,32108,803829,0.9499070183818544,0.904593245560113,0.9959653143700931,0.90792035111345,0.9086082435454628,0.9499070183818543,0.9230079370788672,0.32380372340380786,0.004034685629906938,0.9,0.75
HistoKit (no postprocessing),gaussian,8e6bc805-8b70-bd59-8612-caf5bbe72e5e_125634_2.png,7193437,1491713,217094,42829,0.9822539357922419,0.9651267347880688,0.9707046634040125,0.9940813397406895,0.9709423276925745,0.9822539357922419,0.8729558106913186,0.972090043804601,0.02929533659598752,0.9,0.75
HistoKit (no postprocessing),gaussian,7ea29210-064a-9e70-4612-3ab81fa629dc_120503_2.png,8243057,53876,14984,544788,0.9671608738906268,0.9364099881981123,0.998185526083002,0.9380066444048569,0.9367968110036408,0.9671608738906267,0.7823990705779843,0.08999371934841581,0.0018144739169979902,0.9,0.75
HistoKit (no postprocessing),gaussian,f4c75e72-7c5b-0601-d74f-78529d4dec70_114117_1.png,4395105,8447857,10324222,146242,0.45638122528837777,0.2956566950111361,0.29859415447458976,0.9677976600334658,0.5508826544841586,0.4563812252883778,0.4500224508963552,0.9829834401488743,0.7014058455254102,0.9,0.75
HistoKit (no postprocessing),gaussian,0502ebf6-5b9d-c3a6-85fe-a3909acf1f7b_112628_7.png,5003811,893287,11547,230665,0.9763691782715701,0.9538294056278441,0.9976976718312033,0.9559335070024201,0.9605473579278453,0.9763691782715701,0.9872385432023996,0.7947732643386907,0.002302328168796724,0.9,0.75
HistoKit (no postprocessing),gaussian,9e7010fd-072a-6a7f-3911-83d91e8c9301_113642_1.png,8267730,270893,74924,28820,0.9937650863586984,0.9876074392633842,0.9910191648844601,0.9965262669422832,0.9879958812209664,0.9937650863586984,0.7833420566368917,0.9038413415500829,0.008980835115539971,0.9,0.75
HistoKit (no postprocessing),gaussian,24aa9d72-799e-9634-ead4-94165f32d151_102546_1.png,6276575,409691,19765,61177,0.993593366266448,0.9872682998724187,0.996860874730399,0.9903472082845779,0.9880390849520215,0.993593366266448,0.9539766588428151,0.8700761147497813,0.0031391252696010698,0.9,0.75
HistoKit (no postprocessing),gaussian,e16fa7c2-3d43-e563-886f-5b0ebdd4e8c5_105048_1.png,42035204,448915,1002255,37239,0.987786450511951,0.975867642763276,0.9767120312563062,0.999114883820747,0.976116550801975,0.9877864505119509,0.3093469407443649,0.9234008153794888,0.02328796874369372,0.5,1.25
HistoKit (no postprocessing),gaussian,b91bdd22-8eea-af27-bee7-880d6f1d7c1e_121440_6.png,5662254,409650,98553,638241,0.9389125651608756,0.8848588102480244,0.982892500998558,0.8986998640583002,0.8917863591541291,0.9389125651608756,0.8060755249378693,0.390928064083001,0.017107499001441987,0.9,0.75
HistoKit (no postprocessing),gaussian,e398b039-2e70-a00a-855c-e3ff4eba631e_115619_1.png,14451900,375931,891,1779142,0.9419879191755476,0.8903375833303403,0.9999383510077742,0.8903864582446401,0.8928198713573281,0.9419879191755476,0.9976354883738211,0.17444003056973012,6.164899222579224e-05,0.9,0.75
HistoKit (no postprocessing),gaussian,b1a83861-bd20-5668-5a83-92a470ead44d_110338_5.png,2713177,2333908,262,161361,0.9710766526061221,0.9437793933491025,0.9999034435636843,0.9438654141987338,0.9689706161297581,0.9710766526061221,0.9998877545337315,0.9353332245942221,9.655643631568648e-05,0.9,0.75
HistoKit (no postprocessing),gaussian,0502ebf6-5b9d-c3a6-85fe-a3909acf1f7b_112628_2.png,8377662,2877526,286326,308891,0.9656946143638979,0.9336648805806921,0.9669521702938647,0.9644403251784683,0.9497724339379118,0.9656946143638979,0.9095008236794895,0.9030600828454028,0.033047829706135325,0.9,0.75
HistoKit (no postprocessing),gaussian,d9d9ce51-54c1-b32b-5fae-fd9ffdaa32e5_111717_5.png,9195358,224527,7397,868562,0.9545350196647839,0.9130243840006228,0.9991962189583445,0.9136954586284469,0.9149211079732754,0.9545350196647838,0.9681059312533417,0.2054059641987066,0.0008037810416554608,0.9,0.75
HistoKit (no postprocessing),gaussian,40f80889-968b-7602-00a3-4e00b00e88fe_110004_3.png,21292151,9005397,126564,980145,0.974669640855873,0.9505908336406407,0.9940909620395061,0.9559926376696861,0.9647592681463535,0.974669640855873,0.9861405452782814,0.9018435854558521,0.005909037960493895,0.9,0.75
HistoKit (no postprocessing),gaussian,59c3e1ff-f1eb-ac9b-3a83-925048a454e4_130514_4.png,1779949,1074224,131,70016,0.9806759971295121,0.9620846702008977,0.9999264078018966,0.9621527974853579,0.9760125430869399,0.9806759971295123,0.9998780663747086,0.9388100398517794,7.359219810345603e-05,0.9,0.75
HistoKit (no postprocessing),gaussian,2125a939-8f92-6ca7-9a29-e1755d6267ed_103351_5.png,4154779,952558,2575,38160,0.9951217280639134,0.9902908201474241,0.9993806156512051,0.990898985174838,0.9920873290039456,0.9951217280639134,0.9973040403797168,0.9614824803829142,0.0006193843487949306,0.9,0.75
HistoKit (no postprocessing),gaussian,6247d1f0-d194-53f2-2d84-7b4b827443da_115125_1.png,2641710,451565,249207,35878,0.9488040326802256,0.9025948178809927,0.9137965565943263,0.9866006271315826,0.9156143809422324,0.9488040326802256,0.6443821956356703,0.9263954964990778,0.08620344340567371,0.9,0.75
HistoKit (no postprocessing),gaussian,0e99786b-efbd-e936-5e70-bad7ef5912da_122209_3.png,9746685,1757214,59950,178331,0.9879239197976895,0.9761360228968231,0.9938867919525913,0.9820321700237058,0.9797072604916633,0.9879239197976896,0.967009031655921,0.9078652265899269,0.006113208047408719,0.9,0.75
HistoKit (no postprocessing),gaussian,7e3642ed-4a56-9d3f-3ecf-de46d455c0fd_113100_1.png,571998,1941210,1717560,82432,0.3885871817412299,0.24114688510491192,0.24982900629728533,0.8740400042785325,0.5826782899007698,0.3885871817412299,0.5305635500455071,0.9592655222613486,0.7501709937027147,0.9,0.75
HistoKit (no postprocessing),gaussian,66e65946-ef0a-6028-f7a7-e909aade97a4_112429_4.png,9085582,975143,19110,45573,0.9964529752854364,0.9929310244020255,0.9979010822112379,0.9950090651182681,0.9936118129758327,0.9964529752854363,0.9807795400164747,0.9553519294299295,0.002098917788762102,0.9,0.75
HistoKit (no postprocessing),gaussian,0e99786b-efbd-e936-5e70-bad7ef5912da_122209_4.png,5242467,252870,12536,26614,0.99627996127739,0.9925874973516633,0.9976144637786125,0.9949490243175233,0.9929261736453623,0.99627996127739,0.9527667045959775,0.9047745130311574,0.0023855362213875044,0.9,0.75
HistoKit (no postprocessing),gaussian,728c532f-2f31-cf1c-4143-7abb9ca2b76d_102101_5.png,4845196,1824515,593928,60073,0.9367772473454943,0.8810733639838689,0.8908044751323927,0.9877533729546738,0.910700885015686,0.9367772473454943,0.7544172014804567,0.9681240674354289,0.10919552486760736,0.9,0.75
HistoKit (no postprocessing),gaussian,0502ebf6-5b9d-c3a6-85fe-a3909acf1f7b_112628_5.png,2740249,843747,414,14078,0.9973626885581229,0.9947392513488564,0.9998489416611965,0.9948887695614936,0.9959727530007048,0.9973626885581229,0.9995095722261512,0.9835887273045202,0.00015105833880342092,0.9,0.75
HistoKit (no postprocessing),gaussian,f761dbde-597d-9a8f-e1a1-2533f0d71b83_120113_1.png,9226254,899216,109955,144815,0.9863812362226081,0.973128430009248,0.9882227358020799,0.984546586947551,0.9754562514932217,0.9863812362226081,0.8910442333360749,0.8612924328875292,0.011777264197920162,0.9,0.75
HistoKit (no postprocessing),gaussian,59c3e1ff-f1eb-ac9b-3a83-925048a454e4_130514_1.png,4980457,708701,119325,82638,0.9801273792844291,0.961029210291717,0.9766019410241458,0.9836783627405766,0.96571739062905,0.9801273792844291,0.8558922062833776,0.8955719356685314,0.02339805897585426,0.9,0.75
HistoKit (no postprocessing),gaussian,228e0715-eef2-126e-c558-f7684e2bcfa8_110725_7.png,7359698,366526,827,1874058,0.8870161955194081,0.7969713413155743,0.9998876438840979,0.7970427202104973,0.8047220378395871,0.8870161955194082,0.9977487593676927,0.16358502961727836,0.00011235611590205861,0.9,0.75
HistoKit (no postprocessing),gaussian,c38dfb82-e376-0eab-4312-72ca49852e8b_104329_1.png,3512930,811923,41067,77818,0.9833604978204261,0.9672656784555381,0.988444841118324,0.9783281923432109,0.9732466225506544,0.983360497820426,0.951855238631168,0.912538592691581,0.011555158881676039,0.9,0.75
HistoKit (no postprocessing),gaussian,7d4546a5-f4cc-3733-763f-d1c5a5904dff_120251_4.png,3326539,263090,3557,128350,0.980558984286627,0.9618594594219485,0.9989318626249813,0.9628497471264634,0.9645557640716091,0.980558984286627,0.9866602661946319,0.6721081136317187,0.001068137375018618,0.9,0.75
HistoKit (no postprocessing),gaussian,59c3e1ff-f1eb-ac9b-3a83-925048a454e4_130514_3.png,2335949,412457,22,81660,0.9828167402252618,0.9662140334898088,0.9999905820748631,0.9662228259408366,0.9711379999491182,0.9828167402252619,0.9999466639513769,0.8347354978679139,9.417925136913086e-06,0.9,0.75
HistoKit (no postprocessing),gaussian,c0272a60-2518-4785-1810-6431c15f4b4b_130712_3.png,33294673,2106993,181195,298738,0.9928442200787636,0.9857901229106862,0.9945872949433305,0.9911072442152421,0.9866245369945749,0.9928442200787637,0.9208128877522301,0.8758223591914475,0.005412705056669479,0.9,0.75
HistoKit (no postprocessing),gaussian,7e3642ed-4a56-9d3f-3ecf-de46d455c0fd_113100_4.png,8158599,3776152,3863,105290,0.9933550062335816,0.9867977413933074,0.999526735928449,0.9872590253813912,0.990937074888674,0.9933550062335815,0.9989780463834138,0.9728734836176864,0.000473264071550961,0.9,0.75
HistoKit (no postprocessing),gaussian,7e3642ed-4a56-9d3f-3ecf-de46d455c0fd_113100_3.png,3810888,1331506,222317,123201,0.9566329546769581,0.9168709697753299,0.9448783287732709,0.9686837283040622,0.9370401711980805,0.956632954676958,0.8569225709749437,0.9153087185254488,0.05512167122672911,0.9,0.75
HistoKit (no postprocessing),gaussian,3e1fffa8-5bae-87b0-bc39-e4a1bc285608_122517_7.png,3255577,351513,482,2930940,0.6895527237482653,0.52619646455414,0.9998519682843585,0.5262374612403069,0.5516683306538246,0.6895527237482653,0.9986306623673632,0.10708850972123592,0.00014803171564151634,0.9,0.75
HistoKit (no postprocessing),gaussian,b0f43f79-08e2-79bc-61fa-379c7ef1dd21_131900_5.png,7267120,151064,19718,582139,0.9602369752255155,0.9235152167810378,0.9972940251999565,0.9258351648225648,0.9249558699263507,0.9602369752255155,0.884542867515312,0.20603298131622483,0.0027059748000435855,0.9,0.75
HistoKit (no postprocessing),gaussian,66e65946-ef0a-6028-f7a7-e909aade97a4_112429_5.png,13328527,464499,14789,15225,0.9988753354246334,0.9977531977481673,0.9988916548180378,0.9988590165644565,0.9978286975947404,0.9988753354246334,0.969143813323096,0.9682630012257047,0.0011083451819622649,0.9,0.75
HistoKit (no postprocessing),gaussian,cbd7b0be-5303-525e-8ff2-6d1502e77bdd_110516_5.png,4614786,467450,173345,41894,0.97721087272154,0.9554372906972531,0.9637969387220191,0.9910034616937389,0.9593695109462527,0.97721087272154,0.7294844685117705,0.917749104730791,0.03620306127798091,0.9,0.75
HistoKit (no postprocessing),gaussian,1875292b-dccd-c5b5-17ad-67c30baa6d69_130951_12.png,7082582,281429,4716,1098633,0.9277369708497482,0.8652139872666896,0.9993345842096664,0.8657127333776218,0.8696938597154249,0.9277369708497482,0.9835188453406489,0.20392489612785514,0.0006654157903336364,0.9,0.75
HistoKit (no postprocessing),gaussian,1875292b-dccd-c5b5-17ad-67c30baa6d69_130951_13.png,11310953,340887,50853,1361134,0.9412501753253207,0.8890203836534637,0.9955242150763708,0.8925880164806318,0.8919162815000535,0.9412501753253208,0.8701868586307244,0.20028366277501863,0.004475784923629219,0.9,0.75
HistoKit (no postprocessing),gaussian,6f1702fd-ae84-1c96-04ae-a23a14a5d2d4_111419_3.png,4559011,345946,15508,59279,0.9918646193997939,0.983860539453813,0.9966099168021818,0.9871642967418677,0.9849817580984083,0.9918646193997939,0.9570955086954357,0.8537133691159232,0.003390083197818175,0.9,0.75
HistoKit (no postprocessing),gaussian,e398b039-2e70-a00a-855c-e3ff4eba631e_115619_3.png,17557290,539341,23232,3254537,0.9146244216523454,0.842680119120373,0.9986785375314794,0.8436207931192201,0.8466497773036904,0.9146244216523454,0.9587040259664079,0.14216087075019282,0.0013214624685205592,0.9,0.75
HistoKit (no postprocessing),gaussian,b91bdd22-8eea-af27-bee7-880d6f1d7c1e_121440_1.png,5320364,1308389,76203,435156,0.9541467888476839,0.9123142508654818,0.9858793562648254,0.9243932781051929,0.9283822158531967,0.9541467888476839,0.9449635704958572,0.7504188306008736,0.014120643735174602,0.9,0.75
HistoKit (no postprocessing),gaussian,b91bdd22-8eea-af27-bee7-880d6f1d7c1e_121440_2.png,8854672,1021655,2297,2058211,0.8957752440433039,0.8112254676514725,0.9997406561996548,0.8113962185794533,0.8273823840239058,0.895775244043304,0.9977567307842555,0.33172060083133487,0.00025934380034524227,0.9,0.75
HistoKit (no postprocessing),gaussian,b1a83861-bd20-5668-5a83-92a470ead44d_110338_3.png,843663,1693225,53402,93381,0.919970405248543,0.851801107783766,0.9404703115158879,0.900345127870196,0.9453051435887633,0.919970405248543,0.9694256415365158,0.9477327401788643,0.059529688484112074,0.9,0.75
HistoKit (no postprocessing),gaussian,04e13be9-17d6-1bd0-76ee-d5d53a64912e_105258_3.png,9368363,316013,1446,1487678,0.9263752079640658,0.8628481894567316,0.9998456745489689,0.8629631188754722,0.8667271669575335,0.9263752079640657,0.9954450810970865,0.17520351324034994,0.00015432545103107224,0.9,0.75
HistoKit (no postprocessing),gaussian,3e1fffa8-5bae-87b0-bc39-e4a1bc285608_122517_3.png,10406026,506587,2143,1705668,0.9241642367007294,0.859019813457949,0.9997941040350132,0.8591718053643033,0.8646787936760286,0.9241642367007294,0.9957875493876909,0.22899123292748802,0.000205895964986733,0.9,0.75
HistoKit (no postprocessing),gaussian,c74350c8-f970-c60d-af8a-f9c4d9c5bab2_124242_5.png,0,5516816,5584048,1850,0.0,0.0,0.0,0.0,0.4968889588617702,,0.4969717672426218,0.9996647740595281,1.0,0.9,0.75
HistoKit (no postprocessing),gaussian,c74350c8-f970-c60d-af8a-f9c4d9c5bab2_124242_4.png,0,2717640,919738,1278,0.0,0.0,0.0,0.0,0.7468801667428853,,0.7471425845760326,0.9995299600797082,1.0,0.9,0.75
HistoKit (no postprocessing),gaussian,5fe08b37-e6eb-942a-a4ce-507361c4911e_102333_2.png,9036047,70799,12185,152379,0.9909761975028538,0.982113796572858,0.9986533280755843,0.9834162020785715,0.9822503804707159,0.9909761975028538,0.8531644654391208,0.3172310890858418,0.0013466719244157313,0.9,0.75
HistoKit (no postprocessing),gaussian,cbd7b0be-5303-525e-8ff2-6d1502e77bdd_110516_4.png,3239628,341133,1104,78605,0.987847320423268,0.9759864695871495,0.9996593362240382,0.9763111873096314,0.9782243810221092,0.9878473204232681,0.9967741652714347,0.8127284162977858,0.00034066377596172717,0.9,0.75
HistoKit (no postprocessing),gaussian,7e6be544-b3c1-c3b1-a8a1-838402bd2649_124526_4.png,4616810,475245,17349,73956,0.9902085003364638,0.980606888319423,0.996256278647323,0.9842337051134079,0.982384978083714,0.9902085003364638,0.9647803261915492,0.8653389196305178,0.0037437213526769365,0.9,0.75
HistoKit (no postprocessing),gaussian,0504f20c-cba2-27c1-e181-78505aa24ca7_112258_4.png,9974276,1323473,452232,103379,0.9729025271599724,0.9472348563664549,0.9566267057005088,0.989741760359925,0.9531262865550358,0.9729025271599723,0.7453225620246606,0.9275474961663859,0.04337329429949126,0.9,0.75
HistoKit (no postprocessing),gaussian,66e65946-ef0a-6028-f7a7-e909aade97a4_112429_3.png,4702424,169843,12505,5666,0.9980716371260633,0.99615069710492,0.9973477861490597,0.9987965395733727,0.9962843818897203,0.9980716371260634,0.9314223353148924,0.9677167552661117,0.0026522138509402792,0.9,0.75
HistoKit (no postprocessing),gaussian,0f3058e5-e9f7-bd55-4b60-07a71af55b96_123333_3.png,30736093,1530528,103064,393144,0.9919925631766413,0.9841123457410327,0.9966580150034581,0.9873705866931464,0.9848545435438435,0.9919925631766413,0.9369095832986449,0.7956283607600464,0.0033419849965418964,0.9,0.75
HistoKit (no postprocessing),gaussian,def4a0a8-b472-78ea-531c-84458df3a3e9_124843_6.png,16587840,7855261,2126840,12558,0.9394197005596306,0.8857600891279322,0.8863544554328474,0.9992435121133842,0.9195185524129993,0.9394197005596305,0.786934634301937,0.9984038778726354,0.11364554456715263,0.9,0.75
HistoKit (no postprocessing),gaussian,24aa9d72-799e-9634-ead4-94165f32d151_102546_6.png,8290153,117665,3502,34004,0.9977430241718946,0.9954962132815477,0.9995777494964524,0.9959150217853892,0.9955589625691093,0.9977430241718945,0.9710977411341372,0.775801251409319,0.0004222505035475915,0.9,0.75
HistoKit (no postprocessing),gaussian,84acf623-2a5d-c4c6-c1db-583a94b80fc7_105804_1.png,45170547,3748086,43169,1006358,0.9885160316396143,0.9772928316817494,0.9990452233565584,0.9782064648984162,0.9789960847067413,0.9885160316396143,0.9886135329857791,0.7883331889070521,0.0009547766434415609,0.9,0.75
HistoKit (no postprocessing),gaussian,1875292b-dccd-c5b5-17ad-67c30baa6d69_130951_4.png,3883385,151146,1933,174171,0.9778286801477651,0.9566191705409227,0.9995024860255969,0.9570748992743415,0.9581763795722023,0.9778286801477651,0.9873725331364851,0.46461144053338743,0.0004975139744031248,0.9,0.75
HistoKit (no postprocessing),gaussian,9e7010fd-072a-6a7f-3911-83d91e8c9301_113642_6.png,6892909,1654413,23860,993618,0.9312667935573267,0.8713744346515537,0.9965504124830539,0.8740107020492036,0.8936226580796253,0.9312667935573267,0.9857830043145543,0.6247710091007243,0.003449587516946135,0.9,0.75
HistoKit (no postprocessing),gaussian,969ce636-2f0f-f223-bb1c-2b4624598a38_125938_4.png,15943487,763125,78116,3565292,0.897456548595509,0.813987464577719,0.9951243330645504,0.817246789253187,0.8209629278005623,0.8974565485955089,0.9071419486211443,0.17630579493611637,0.004875666935449593,0.9,0.75
HistoKit (no postprocessing),gaussian,b91bdd22-8eea-af27-bee7-880d6f1d7c1e_121440_4.png,6363237,254812,20947,343195,0.9721829744299275,0.9458716388655969,0.9967189228881874,0.9488259927186319,0.9478470296787928,0.9721829744299275,0.924038743975718,0.42610203559490106,0.003281077111812567,0.9,0.75
HistoKit (no postprocessing),gaussian,859ead5f-592a-5c4e-67de-d71b0ee92f6d_113334_2.png,12671836,607887,32191,336830,0.9856482944046351,0.971702703280927,0.9974660790629617,0.9741072604985015,0.972963006705965,0.9856482944046351,0.9497076918750528,0.6434593640211831,0.002533920937038311,0.9,0.75
HistoKit (no postprocessing),gaussian,35ce6eab-4a33-9fbb-2efe-2acf7936ba3e_104917_2.png,7223180,4505865,884399,176856,0.9315655566636133,0.8718977214499238,0.8909170049406857,0.9761006568076155,0.9170265748262355,0.9315655566636133,0.8359265891243917,0.9622322149878244,0.10908299505931425,0.9,0.75
HistoKit (no postprocessing),gaussian,d9d9ce51-54c1-b32b-5fae-fd9ffdaa32e5_111717_3.png,10928615,738894,23115,994126,0.9555294196748856,0.9148457004671745,0.9978893745554356,0.9166193411397597,0.9198059875046808,0.9555294196748857,0.9696657126096936,0.42636207314399144,0.002110625444564466,0.9,0.75
HistoKit (no postprocessing),gaussian,6b809376-ab46-9021-2fa3-0d0025b512da_132412_1.png,3769561,439032,7986,50134,0.9923498553817293,0.9848158715420643,0.9978859296787042,0.9868748682813681,0.9863782729234425,0.9923498553817293,0.9821349475860033,0.8975112742913448,0.0021140703212958038,0.9,0.75
HistoKit (no postprocessing),gaussian,c38dfb82-e376-0eab-4312-72ca49852e8b_104329_5.png,2636788,526362,3790,55138,0.9889492816132909,0.9781401304885232,0.9985647081813148,0.9795172675623327,0.9817111814177062,0.9889492816132908,0.9928511068523744,0.9051797076526226,0.0014352918186851516,0.9,0.75
HistoKit (no postprocessing),gaussian,cbd7b0be-5303-525e-8ff2-6d1502e77bdd_110516_2.png,9592228,749586,30439,42847,0.9961944655816866,0.9924177855414622,0.9968367397520874,0.995553018528657,0.9929634857082505,0.9961944655816866,0.9609768917662895,0.9459298136246219,0.003163260247912559,0.9,0.75
HistoKit (no postprocessing),gaussian,8e6bc805-8b70-bd59-8612-caf5bbe72e5e_125634_1.png,64583691,1030702,140021,97944,0.9981610883513182,0.9963289274806555,0.9978366352041119,0.9984857525633049,0.9963863860425469,0.9981610883513182,0.8803978396255989,0.9132199112919375,0.0021633647958880973,0.9,0.75
HistoKit (no postprocessing),gaussian,e3dca99c-de77-4ab1-72a1-8daf3d4d032c_120923_2.png,9143276,1304667,2877,178876,0.9901586528920765,0.9805091222772605,0.9996854415184177,0.980811726734342,0.9829013924763229,0.9901586528920765,0.9977996916356161,0.8794264810659347,0.00031455848158236583,0.9,0.75
HistoKit (no postprocessing),gaussian,b0f43f79-08e2-79bc-61fa-379c7ef1dd21_131900_4.png,13083797,194974,12764,448797,0.9826670804987991,0.9659247839739636,0.9990253930020255,0.9668358483229453,0.9664083080379717,0.9826670804987991,0.9385572211150583,0.30286235322808885,0.0009746069979745065,0.9,0.75
HistoKit (no postprocessing),gaussian,24aa9d72-799e-9634-ead4-94165f32d151_102546_7.png,11000388,598084,10803,57245,0.9969165552274104,0.993852067265872,0.9990189072190283,0.9948230331030158,0.9941672409596006,0.9969165552274104,0.9822577916756311,0.9126469300153053,0.0009810927809716496,0.9,0.75
HistoKit (no postprocessing),gaussian,7ea29210-064a-9e70-4612-3ab81fa629dc_120503_4.png,2698435,177170,4013,587989,0.901149665579762,0.8200840800173351,0.9985150500583175,0.8210854716250855,0.8292765010567806,0.901149665579762,0.9778511228978436,0.23154664586053356,0.001484949941682504,0.9,0.75
HistoKit (no postprocessing),gaussian,7e6be544-b3c1-c3b1-a8a1-838402bd2649_124526_3.png,50318305,506824,42283,39028,0.9991926858776206,0.9983866742159305,0.9991603950295418,0.9992249788129168,0.9984027364710634,0.9991926858776206,0.9229967929747754,0.9285007657753384,0.000839604970458248,0.9,0.75
HistoKit (no postprocessing),gaussian,19a1c0fb-3d0a-327d-ea5a-6aae35f53e51_121144_3.png,24665737,1526933,33558,186568,0.9955576409238047,0.9911545763954419,0.9986413377385873,0.9924929297302605,0.9916659334362027,0.9955576409238047,0.9784952300269595,0.8911188263094098,0.0013586622614127244,0.9,0.75
HistoKit (no postprocessing),gaussian,859ead5f-592a-5c4e-67de-d71b0ee92f6d_113334_1.png,20388854,373725,8033,211028,0.9946566276966851,0.9893700551462873,0.9996061653918071,0.9897558636500927,0.9895593957383694,0.9946566276966851,0.9789578738363047,0.6391160028251245,0.0003938346081929071,0.9,0.75
HistoKit (no postprocessing),gaussian,5fe08b37-e6eb-942a-a4ce-507361c4911e_102333_3.png,13428750,1659416,23286,1747543,0.9381441718096785,0.8834948652196222,0.9982689609216032,0.8848504704014346,0.8949623628217459,0.9381441718096784,0.9861615425666577,0.48706661864730394,0.0017310390783967572,0.9,0.75
HistoKit (no postprocessing),gaussian,f761dbde-597d-9a8f-e1a1-2533f0d71b83_120113_5.png,3492902,657651,540342,31312,0.9243589577342011,0.8593563479012222,0.8660279417759005,0.991115181995191,0.8789434685942399,0.9243589577342012,0.5489606366648219,0.9545519861008501,0.13397205822409952,0.9,0.75
HistoKit (no postprocessing),gaussian,969ce636-2f0f-f223-bb1c-2b4624598a38_125938_5.png,12953740,271248,9581,1434216,0.94721281203799,0.8997191672436751,0.9992609146992503,0.9003182939953389,0.9015735113712554,0.94721281203799,0.9658831530931634,0.15904645304738182,0.0007390853007497076,0.9,0.75
HistoKit (no postprocessing),gaussian,7ea29210-064a-9e70-4612-3ab81fa629dc_120503_1.png,8593972,155536,5597,1192415,0.9348409187969339,0.8776538033558878,0.9993491534285032,0.8781557483880414,0.8795667663900147,0.9348409187969339,0.9652647192071147,0.11538698365148288,0.0006508465714967808,0.9,0.75
HistoKit (no postprocessing),gaussian,969ce636-2f0f-f223-bb1c-2b4624598a38_125938_2.png,4196859,329071,6005,1594569,0.8398511870575724,0.7239167748898521,0.9985712123923115,0.7246673877323521,0.7387459471176384,0.8398511870575726,0.9820786925951127,0.17106683163169825,0.0014287876076884715,0.9,0.75
HistoKit (no postprocessing),gaussian,a40a1d35-8d5f-0529-214c-05d84888ba26_111152_2.png,2756364,3931382,413,125921,0.9775966286591635,0.9561750832033047,0.9998501873746045,0.9563120926625923,0.9814598595848596,0.9775966286591634,0.9998949589182549,0.9689643588363994,0.00014981262539552528,0.9,0.75
HistoKit (no postprocessing),gaussian,04e13be9-17d6-1bd0-76ee-d5d53a64912e_105258_1.png,14253264,264265,46903,645026,0.9763025491381274,0.9537022372344071,0.996720108233701,0.9567046956395667,0.9545066628935758,0.9763025491381275,0.8492679195804196,0.2906275328800131,0.003279891766298953,0.9,0.75
HistoKit (no postprocessing),gaussian,9e7010fd-072a-6a7f-3911-83d91e8c9301_113642_2.png,2610589,921987,10187,425593,0.9229656645851003,0.8569510128287151,0.9961129833301282,0.8598262554748035,0.8901862635307921,0.9229656645851004,0.9890717827358412,0.6841797889550156,0.0038870166698718243,0.9,0.75
HistoKit (no postprocessing),gaussian,40f80889-968b-7602-00a3-4e00b00e88fe_110004_1.png,9205954,906056,86696,2446069,0.8790735477226118,0.7842383823993061,0.9906704761289836,0.7900734490482897,0.7996986897750257,0.8790735477226119,0.9126710396957145,0.27029302308237313,0.009329523871016342,0.9,0.75
HistoKit (no postprocessing),gaussian,2125a939-8f92-6ca7-9a29-e1755d6267ed_103351_3.png,10167009,2464061,377447,756379,0.9471849152621008,0.8996688297811621,0.964204222579145,0.9307560072021611,0.9176291633442054,0.9471849152621008,0.8671666593935333,0.7651317832345891,0.035795777420855095,0.9,0.75
HistoKit (no postprocessing),gaussian,f9a50b4c-7c73-18cd-0877-8296eed330e2_114604_2.png,8921645,1662207,34805,1858309,0.9040800948338917,0.8249508842499403,0.9961139737284304,0.827614384996448,0.8482712864649947,0.9040800948338917,0.9794904219887661,0.4721486850223092,0.0038860262715696508,0.9,0.75
HistoKit (no postprocessing),gaussian,0f3058e5-e9f7-bd55-4b60-07a71af55b96_123333_2.png,15226723,843731,31453,98321,0.995756692722349,0.991549244596603,0.9979386133703007,0.9935842924822924,0.9919893720014311,0.995756692722349,0.9640612716868682,0.8956310267373776,0.002061386629699382,0.9,0.75
HistoKit (no postprocessing),gaussian,c0272a60-2518-4785-1810-6431c15f4b4b_130712_2.png,16982479,1511374,69065,310721,0.9889419469832124,0.9781257802481416,0.9959496336519438,0.9820321860615734,0.9798774364604516,0.9889419469832123,0.9563001166131688,0.8294704721762587,0.004050366348056223,0.9,0.75
HistoKit (no postprocessing),gaussian,c38dfb82-e376-0eab-4312-72ca49852e8b_104329_2.png,5762664,750597,17369,64861,0.9929158226045478,0.9859313103026334,0.9969949998555372,0.9888698890180652,0.9875323914474298,0.9929158226045478,0.9773831133149123,0.920460649107618,0.003005000144462843,0.9,0.75
HistoKit (no postprocessing),gaussian,7d4546a5-f4cc-3733-763f-d1c5a5904dff_120251_3.png,2834131,445738,14989,212722,0.9613785544811687,0.9256294087023432,0.9947390773291402,0.9301830446037271,0.9350803117819123,0.9613785544811687,0.9674666342541245,0.676940133037694,0.005260922670859774,0.9,0.75
HistoKit (no postprocessing),gaussian,0502ebf6-5b9d-c3a6-85fe-a3909acf1f7b_112628_1.png,7718034,2945643,387222,44280,0.9728060440256447,0.9470519548597613,0.9522258149526678,0.9942955154867479,0.9611090546623898,0.9728060440256447,0.88381707629922,0.985190254063399,0.04777418504733225,0.9,0.75
HistoKit (no postprocessing),gaussian,7ea29210-064a-9e70-4612-3ab81fa629dc_120503_3.png,3680155,233807,4842,766269,0.905168973541033,0.8267659133379133,0.9986860233536147,0.8276662324600623,0.8354111024524058,0.9051689735410331,0.9797107886477631,0.2337892320183666,0.0013139766463853295,0.9,0.75
HistoKit (no postprocessing),gaussian,c38dfb82-e376-0eab-4312-72ca49852e8b_104329_4.png,5032515,144959,6845,21301,0.997211383215749,0.9944382759485372,0.9986416925958852,0.9957851651108786,0.9945931512480742,0.997211383215749,0.9549089615556903,0.871881390593047,0.0013583074041148082,0.9,0.75
HistoKit (no postprocessing),gaussian,228e0715-eef2-126e-c558-f7684e2bcfa8_110725_12.png,2207846,6116622,452016,137884,0.8821518014252859,0.7891516956864562,0.8300603565147365,0.9412191513942355,0.9338259313503773,0.882151801425286,0.9311857343942535,0.9779544539568753,0.16993964348526353,0.9,0.75
HistoKit (no postprocessing),gaussian,5fe08b37-e6eb-942a-a4ce-507361c4911e_102333_4.png,4993825,511243,17445,2301687,0.8115565872540847,0.6828735626368376,0.996518846519944,0.6845064472514061,0.7035950001278086,0.8115565872540847,0.9670032230729655,0.1817475017152933,0.003481153480055954,0.9,0.75
HistoKit (no postprocessing),gaussian,7e6be544-b3c1-c3b1-a8a1-838402bd2649_124526_2.png,49822313,1386465,62357,122060,0.9981526718632372,0.9963121563837507,0.9987499766962475,0.9975560810424029,0.9964116455495713,0.9981526718632372,0.9569602062917322,0.9190865249167233,0.0012500233037524354,0.9,0.75
HistoKit (no postprocessing),gaussian,6f1702fd-ae84-1c96-04ae-a23a14a5d2d4_111419_1.png,2962442,787390,973,41817,0.9928297021586635,0.9857614986130855,0.9996716625919758,0.9860807606800879,0.9887175679516704,0.9928297021586635,0.9987657969742365,0.9495698902686542,0.0003283374080241883,0.9,0.75
HistoKit (no postprocessing),gaussian,0f3058e5-e9f7-bd55-4b60-07a71af55b96_123333_1.png,18709631,803959,33814,189596,0.9940649802968291,0.9881999938625813,0.9981959559728748,0.9899680553072355,0.9886806505547956,0.994064980296829,0.9596382313586138,0.809174127250127,0.0018040440271252162,0.9,0.75
HistoKit (no postprocessing),gaussian,be2180cd-04c9-2627-2456-4397fd5e59ee_103647_6.png,3752854,361368,9009,85496,0.9875654800727296,0.9754363967594394,0.9976051759460671,0.9777258457410085,0.977545466835934,0.9875654800727296,0.9756761353971763,0.8086755701958538,0.002394824053932852,0.9,0.75
HistoKit (no postprocessing),gaussian,9e7010fd-072a-6a7f-3911-83d91e8c9301_113642_4.png,6653401,228150,34500,1194829,0.9154294220380925,0.8440478108472572,0.9948414308166343,0.8477581569347483,0.8484345718343755,0.9154294220380925,0.8686464877213022,0.16033265424155943,0.005158569183365603,0.9,0.75
HistoKit (no postprocessing),gaussian,228e0715-eef2-126e-c558-f7684e2bcfa8_110725_1.png,8024058,561554,19837,1960150,0.8901721939352133,0.8020813580906523,0.9975339061487003,0.8036749635023629,0.8126005917885015,0.8901721939352133,0.9658801047831838,0.22268830917506574,0.00246609385129965,0.9,0.75
HistoKit (no postprocessing),gaussian,deaaef3a-8172-327d-10b9-23d266fb17ca_123636_5.png,2212871,163103,612,611810,0.8784434170860654,0.783235933405845,0.99972351267211,0.7834056305827101,0.7950666511399427,0.8784434170860654,0.9962617964145009,0.21047911184868495,0.0002764873278900267,0.9,0.75
HistoKit (no postprocessing),gaussian,f761dbde-597d-9a8f-e1a1-2533f0d71b83_120113_2.png,3075096,464358,21031,31619,0.9915119553262843,0.9831667916768178,0.993207319983967,0.9898223686434063,0.9853428519886952,0.9915119553262843,0.9566718652462252,0.9362490599362471,0.006792680016032934,0.9,0.75
HistoKit (no postprocessing),gaussian,9e7010fd-072a-6a7f-3911-83d91e8c9301_113642_7.png,2655571,3203560,405710,668904,0.8317170277097966,0.7119140203501971,0.8674705131609937,0.7987940953082817,0.8450167982814482,0.8317170277097965,0.8875922277912154,0.8272665672295468,0.13252948683900628,0.9,0.75
HistoKit (no postprocessing),gaussian,3e1fffa8-5bae-87b0-bc39-e4a1bc285608_122517_5.png,4993138,1795801,200977,659999,0.9206272703906944,0.8529280434238212,0.9613067866229377,0.8832508393127568,0.8874528671233602,0.9206272703906944,0.899349351805759,0.7312488802019709,0.03869321337706231,0.9,0.75
HistoKit (no postprocessing),gaussian,8e6bc805-8b70-bd59-8612-caf5bbe72e5e_125634_3.png,31273214,393743,25301,42627,0.9989151369695474,0.9978326252438409,0.9991916229891418,0.9986388039203545,0.997859516428057,0.9989151369695474,0.9396220921907962,0.9023145495794853,0.0008083770108581829,0.9,0.75
HistoKit (no postprocessing),gaussian,7e3642ed-4a56-9d3f-3ecf-de46d455c0fd_113100_2.png,2179600,1256965,131,146196,0.9675227781345002,0.9370887392424612,0.9999399008409753,0.9371415205804808,0.9591595281130438,0.9675227781345002,0.9998957915704131,0.8958095329046346,6.009915902466864e-05,0.9,0.75
HistoKit (no postprocessing),gaussian,54b22c23-34e4-1c55-9de2-c8e205e762bc_131621_2.png,20966284,1723811,70478,336262,0.9903933243311392,0.9809694688032915,0.9966497695795579,0.9842149384397527,0.9823897949654141,0.9903933243311392,0.9607209318008414,0.8367718037176353,0.0033502304204420814,0.9,0.75
HistoKit (no postprocessing),gaussian,1875292b-dccd-c5b5-17ad-67c30baa6d69_130951_1.png,10229027,348610,7435,1695609,0.9231516416740723,0.857271717541741,0.9992736748302294,0.8578062256994679,0.8613233256364203,0.9231516416740723,0.9791178081422293,0.1705345660127413,0.0007263251697705711,0.9,0.75
HistoKit (no postprocessing),gaussian,7d4546a5-f4cc-3733-763f-d1c5a5904dff_120251_1.png,6513827,928854,32470,258465,0.9781557190480162,0.9572453819839695,0.9950399439561022,0.9618349297401825,0.9623804698862731,0.9781557190480162,0.9662236665265821,0.7823120829364307,0.004960056043897794,0.9,0.75
HistoKit (no postprocessing),gaussian,f761dbde-597d-9a8f-e1a1-2533f0d71b83_120113_3.png,10044471,14670423,442347,84899,0.9744256309653365,0.9501267391096451,0.957818758750271,0.9916185310636298,0.9791124682772538,0.9744256309653365,0.9707302499806455,0.9942462116380788,0.04218124124972895,0.9,0.75
HistoKit (no postprocessing),gaussian,be2180cd-04c9-2627-2456-4397fd5e59ee_103647_1.png,28915203,455953,8173,47331,0.9990411483554461,0.998084133742404,0.9997174257942779,0.9983657852589832,0.9981138192373854,0.9990411483554461,0.9823905577364768,0.9059556830735728,0.000282574205722043,0.9,0.75
HistoKit (no postprocessing),gaussian,f9a50b4c-7c73-18cd-0877-8296eed330e2_114604_5.png,4909682,3216948,416976,1121834,0.8645195961956561,0.7613690146471455,0.921719021570373,0.814004638303206,0.8407925557450049,0.8645195961956561,0.8852546173227619,0.7414403397082407,0.07828097842962699,0.9,0.75
HistoKit (no postprocessing),gaussian,6f1702fd-ae84-1c96-04ae-a23a14a5d2d4_111419_2.png,6473770,565482,14717,145067,0.9878095635691924,0.9759127610930732,0.997731828699048,0.9780827054662322,0.9778048060879262,0.9878095635691923,0.9746345650371683,0.7958381476858035,0.0022681713009519784,0.9,0.75
HistoKit (no postprocessing),gaussian,1c7a4a4c-ace6-25f8-ee0c-f8914aeab226_121941_3.png,7017643,3842953,554820,119812,0.9541376097405846,0.9122974672642359,0.9267318968742403,0.9832136244641823,0.9415155036380729,0.9541376097405846,0.8738406916409738,0.9697655551111408,0.07326810312575974,0.9,0.75
HistoKit (no postprocessing),gaussian,9601a588-d18f-b3b2-00f0-b816a7730c15_114312_2.png,5466954,419995,22692,46839,0.9936809755568237,0.9874413097840958,0.9958664001285329,0.9915051217918409,0.9883268306113678,0.9936809755568237,0.9487403063564098,0.8996666909436759,0.0041335998714671215,0.9,0.75
HistoKit (no postprocessing),gaussian,2125a939-8f92-6ca7-9a29-e1755d6267ed_103351_7.png,1081635,327880,17488,1285447,0.6241033060652789,0.4535975039524946,0.9840891328813972,0.4569486819637005,0.5196464450957622,0.6241033060652789,0.9493641564939427,0.20323220277104392,0.01591086711860274,0.25,1.25
HistoKit (no postprocessing),gaussian,54b22c23-34e4-1c55-9de2-c8e205e762bc_131621_1.png,26123422,1340845,132064,168917,0.9942722462823153,0.988609733207596,0.994970041689573,0.9935754289490942,0.9891597942867285,0.9942722462823151,0.9103379774310565,0.8881168025158932,0.00502995831042701,0.9,0.75
HistoKit (no postprocessing),gaussian,9601a588-d18f-b3b2-00f0-b816a7730c15_114312_1.png,9501523,1024426,336469,57480,0.9796902045909689,0.9601889631944792,0.965799016709914,0.9939868205920639,0.9639237472730973,0.9796902045909689,0.7527590299031153,0.9468715396716535,0.03420098329008603,0.9,0.75
HistoKit (no postprocessing),gaussian,be2180cd-04c9-2627-2456-4397fd5e59ee_103647_4.png,4397161,437264,27337,450362,0.9484795170330179,0.9020076473991048,0.993821445958389,0.9070944067722835,0.9100738235779134,0.948479517033018,0.9411602643989143,0.49262189255384586,0.006178554041611048,0.25,1.25
HistoKit (no postprocessing),gaussian,39bcf904-a619-148a-5bca-38122a540be1_104536_1.png,1685593,912307,1389,320027,0.9129567714040127,0.8398532343402546,0.9991766361466808,0.8404348779928401,0.8899002369048092,0.9129567714040128,0.9984798007214654,0.7403082281264657,0.0008233638533191225,0.25,1.25
HistoKit (no postprocessing),gaussian,228e0715-eef2-126e-c558-f7684e2bcfa8_110725_2.png,2872891,182968,63341,621306,0.8935301206187021,0.8075503339669176,0.9784277945339469,0.8221891896764836,0.8169640684976845,0.8935301206187021,0.7428392791168816,0.22749461004583016,0.021572205466053092,0.25,1.25
HistoKit (no postprocessing),gaussian,9e7010fd-072a-6a7f-3911-83d91e8c9301_113642_3.png,3295162,270465,4186,474513,0.93228215553974,0.8731540456842475,0.9987312644801336,0.8741236313475299,0.881636890794659,0.93228215553974,0.9847588393998201,0.3630509894251911,0.0012687355198663494,0.25,1.25
HistoKit (no postprocessing),gaussian,be2180cd-04c9-2627-2456-4397fd5e59ee_103647_3.png,21807797,1450361,40202,270339,0.9929303818785786,0.9859600210467894,0.998159923020868,0.9877553521728465,0.986824007553408,0.9929303818785787,0.9730289830084338,0.842890102865113,0.0018400769791320477,0.9,0.75
HistoKit (no postprocessing),gaussian,10fd35f3-17d4-d309-f849-cc9e883460c1_123055_2.png,4873607,3645753,3661788,96342,0.7217301536339985,0.5646148625705347,0.5709878687512412,0.9806150928309325,0.6939007891678185,0.7217301536339985,0.4989028457041842,0.9742545285461753,0.42901213124875887,0.9,0.75
HistoKit (no postprocessing),gaussian,332605c9-e7e2-297a-c808-98d567218fe3_115336_3.png,9187328,264264,32717,53267,0.9953423066589241,0.9907278003802741,0.9964515357571465,0.9942355443561806,0.9909847114193375,0.9953423066589241,0.889834703230173,0.8322463003612246,0.0035484642428534785,0.9,0.75
HistoKit (no postprocessing),gaussian,c74350c8-f970-c60d-af8a-f9c4d9c5bab2_124242_3.png,307528,1906956,1520380,19140,0.2854649824373798,0.16649702660678012,0.16824041472546758,0.941408402414684,0.5898992116151182,0.28546498243737983,0.5563959880210169,0.9900628006080694,0.8317595852745324,0.25,1.25
HistoKit (no postprocessing),gaussian,969ce636-2f0f-f223-bb1c-2b4624598a38_125938_1.png,21928220,770946,144302,2279282,0.9476321792745829,0.9004762029129341,0.993462369184636,0.905843981754086,0.9035303061965748,0.9476321792745829,0.8423356292502141,0.25275028620811296,0.006537630815364008,0.9,0.75
HistoKit (no postprocessing),gaussian,332605c9-e7e2-297a-c808-98d567218fe3_115336_2.png,5443857,468755,13113,184131,0.9822061572087147,0.9650344852893079,0.9975970181254432,0.9672829792814057,0.9677170787658498,0.9822061572087146,0.9727871533282973,0.717973735077793,0.0024029818745567597,0.25,1.25
HistoKit (no postprocessing),gaussian,0502ebf6-5b9d-c3a6-85fe-a3909acf1f7b_112628_8.png,4011037,94868,548,52512,0.9934292112056593,0.986944209254848,0.9998633956403765,0.9870773060691529,0.9872420181463417,0.9934292112056593,0.9942567284312903,0.6436965666983309,0.00013660435962344061,0.25,1.25
HistoKit (no postprocessing),gaussian,3e1fffa8-5bae-87b0-bc39-e4a1bc285608_122517_10.png,3663155,1691026,316824,1566875,0.7954726211451042,0.6604022748750914,0.9203955598760697,0.700408028252228,0.7397443726616081,0.7954726211451043,0.8422073362053938,0.5190538325136338,0.07960444012393031,0.25,1.25
HistoKit (no postprocessing),gaussian,7e6be544-b3c1-c3b1-a8a1-838402bd2649_124526_1.png,51766586,2596662,150922,259400,0.9960524513443814,0.9921359464228888,0.9970930422931702,0.9950140301041099,0.9925087592428246,0.9960524513443815,0.9450710151172812,0.9091756411450451,0.0029069577068298424,0.9,0.75
HistoKit (no postprocessing),gaussian,b91bdd22-8eea-af27-bee7-880d6f1d7c1e_121440_5.png,4222020,798174,313442,3778504,0.673584032400802,0.507822620395609,0.930890833172012,0.5277179344752919,0.5509346871316727,0.673584032400802,0.7180303270194024,0.17440029645957178,0.06910916682798797,0.25,1.25
HistoKit (no postprocessing),gaussian,04e13be9-17d6-1bd0-76ee-d5d53a64912e_105258_2.png,3283411,114025,8347,886569,0.8800660114305809,0.785819539734444,0.9974642728900485,0.7873925054796426,0.7915091772529373,0.8800660114305809,0.9317899519497924,0.11395730935824121,0.002535727109951582,0.25,1.25
HistoKit (no postprocessing),gaussian,d9d9ce51-54c1-b32b-5fae-fd9ffdaa32e5_111717_1.png,7404019,299334,8366,644291,0.9577860503683696,0.9189917777505264,0.9988713484256416,0.9199470447833148,0.9218937028557889,0.9577860503683696,0.972811179720507,0.317217114849649,0.0011286515743583205,0.25,1.25
HistoKit (no postprocessing),gaussian,cd7afea3-2dfd-f8a4-f2e6-1e02af01c417_132555_3.png,0,3997904,4846,106110,0.0,0.0,0.0,0.0,0.9729959161421903,,0.9987893323340203,0.9741448250420198,1.0,0.25,1.25
HistoKit (no postprocessing),gaussian,def4a0a8-b472-78ea-531c-84458df3a3e9_124843_7.png,11369687,165280,59801,387238,0.9807197861954757,0.9621689628751653,0.994767832119864,0.9670629862825526,0.9626908048618904,0.9807197861954758,0.7343134249447977,0.2991395755432402,0.005232167880136013,0.25,1.25
HistoKit (no postprocessing),gaussian,0504f20c-cba2-27c1-e181-78505aa24ca7_112258_3.png,3463709,2234184,2632136,118193,0.7158089584280308,0.5574006789144192,0.5682081811463382,0.9670027264844209,0.6744487775060836,0.7158089584280307,0.4591116079501554,0.9497559277275709,0.4317918188536618,0.25,1.25
HistoKit (no postprocessing),gaussian,be2180cd-04c9-2627-2456-4397fd5e59ee_103647_5.png,4965104,480735,15271,109026,0.9876376808206868,0.9755772830633703,0.9969337650277339,0.9785133609111316,0.977685104995641,0.9876376808206869,0.9692120659830727,0.8151352836148881,0.0030662349722661445,0.25,1.25
HistoKit (no postprocessing),gaussian,19a1c0fb-3d0a-327d-ea5a-6aae35f53e51_121144_1.png,6543263,59871,3906,14108,0.9986253618974799,0.9972544978668024,0.9994034062661281,0.9978485280152671,0.997279323766815,0.9986253618974799,0.9387553506750083,0.8092972329985536,0.000596593733871846,0.25,1.25
HistoKit (no postprocessing),gaussian,def4a0a8-b472-78ea-531c-84458df3a3e9_124843_8.png,30052957,633145,189615,1215803,0.9771518847941709,0.9553245200999734,0.9937301959634914,0.9611176458548404,0.9562059385158447,0.9771518847941709,0.769537896835043,0.3424352658917395,0.006269804036508535,0.9,0.75
HistoKit (no postprocessing),gaussian,d9d9ce51-54c1-b32b-5fae-fd9ffdaa32e5_111717_2.png,6775183,750301,6296,1605725,0.8936829009838623,0.8077999533575194,0.9990715889557426,0.8084067979269072,0.823581929640531,0.8936829009838623,0.9916785289923169,0.3184604074827697,0.0009284110442574548,0.25,1.25
HistoKit (no postprocessing),gaussian,c0272a60-2518-4785-1810-6431c15f4b4b_130712_1.png,8107702,224971,48567,17710,0.9959293515208902,0.9918917090440286,0.9940454391585172,0.9978204182138702,0.9921088945642015,0.9959293515208901,0.8224488005322843,0.9270235411919351,0.005954560841482791,0.25,1.25
HistoKit (no postprocessing),gaussian,b0f43f79-08e2-79bc-61fa-379c7ef1dd21_131900_10.png,5009427,182250,4142,415261,0.9598205907365569,0.922745232398141,0.9991738420275058,0.9234497910294565,0.9252544964605744,0.959820590736557,0.9777780162238723,0.305015305157562,0.0008261579724942451,0.25,1.25
HistoKit (no postprocessing),gaussian,cbd7b0be-5303-525e-8ff2-6d1502e77bdd_110516_1.png,11620302,482168,19110,95980,0.9950722937198955,0.9901929138796557,0.9983581644845977,0.9918079814057054,0.9905799521344687,0.9950722937198955,0.9618774412601391,0.8339871451600628,0.0016418355154023245,0.25,1.25
HistoKit (no postprocessing),gaussian,6f1702fd-ae84-1c96-04ae-a23a14a5d2d4_111419_5.png,2299473,936219,24424,235415,0.946521815639095,0.8984731052720418,0.9894900677611788,0.9071300191566649,0.9256653710123012,0.946521815639095,0.9745753625436296,0.7990712116582482,0.010509932238821256,0.25,1.25
HistoKit (no postprocessing),gaussian,e398b039-2e70-a00a-855c-e3ff4eba631e_115619_4.png,5047381,185826,1001,533136,0.9497467235317599,0.904302557117974,0.9998017186496585,0.9044647655405404,0.9073859648392744,0.94974672353176,0.9946421020516306,0.25846428601233445,0.00019828135034155497,0.25,1.25
HistoKit (no postprocessing),gaussian,2125a939-8f92-6ca7-9a29-e1755d6267ed_103351_8.png,6857728,209012,0,1308210,0.9129233836801217,0.8397967263528084,1.0,0.8397967263528084,0.8437948883276916,0.9129233836801218,1.0,0.13775966865758604,0.0,0.25,1.25
HistoKit (no postprocessing),gaussian,deaaef3a-8172-327d-10b9-23d266fb17ca_123636_1.png,3627448,3644624,441713,102737,0.9301928648889278,0.8694958505696927,0.8914486303196163,0.972457934391994,0.9303462588603986,0.9301928648889278,0.8919049016270562,0.9725841732355116,0.10855136968038374,0.25,1.25
HistoKit (no postprocessing),gaussian,04e13be9-17d6-1bd0-76ee-d5d53a64912e_105258_4.png,8000329,383709,33321,729385,0.9545016143537777,0.912963259875146,0.9958523211740616,0.9164480073459451,0.9166144805189693,0.9545016143537776,0.9200992734335659,0.3447229074992768,0.004147678825938397,0.25,1.25
HistoKit (no postprocessing),gaussian,8e6bc805-8b70-bd59-8612-caf5bbe72e5e_125634_2.png,7180279,1492311,216496,55987,0.9813789218522657,0.9634386553602544,0.9707310280493864,0.9922629986238759,0.9695382027625711,0.9813789218522656,0.8733057624412821,0.9638396484397707,0.029268971950613613,0.25,1.25
HistoKit (no postprocessing),gaussian,0502ebf6-5b9d-c3a6-85fe-a3909acf1f7b_112628_7.png,4997431,878479,26355,237045,0.9743231358294416,0.9499318643765595,0.9947539564782417,0.9547146648489744,0.9570961557569173,0.9743231358294416,0.970873110426885,0.7875034512928454,0.005246043521758292,0.25,1.25
HistoKit (no postprocessing),gaussian,f4c75e72-7c5b-0601-d74f-78529d4dec70_114117_1.png,4373468,8453265,10318814,167879,0.4547730436102308,0.294308251438191,0.2976711173934723,0.9630332145947006,0.5501865320009166,0.45477304361023074,0.4503105383266286,0.9805270623017085,0.7023288826065277,0.25,1.25
HistoKit (no postprocessing),gaussian,7ea29210-064a-9e70-4612-3ab81fa629dc_120503_2.png,8471808,44153,24707,316037,0.9802859926546311,0.9613342423397899,0.9970921018794177,0.9640370306941007,0.9615270012944995,0.980285992654631,0.6411995352889922,0.12258252588911407,0.00290789812058238,0.25,1.25
HistoKit (no postprocessing),gaussian,24aa9d72-799e-9634-ead4-94165f32d151_102546_1.png,6244635,394495,34961,93117,0.9898490554433468,0.9799021233185928,0.9944326036260931,0.9853075664683629,0.9810737308503005,0.9898490554433467,0.9185923587049662,0.8090346422975645,0.0055673963739068565,0.25,1.25
HistoKit (no postprocessing),gaussian,9e7010fd-072a-6a7f-3911-83d91e8c9301_113642_1.png,8240269,270274,75543,56281,0.9920647045856573,0.9842543555118176,0.9909157397978694,0.9932163369111258,0.9847467713416937,0.9920647045856574,0.7815520925807581,0.8276523097181179,0.009084260202130592,0.25,1.25
HistoKit (no postprocessing),gaussian,e16fa7c2-3d43-e563-886f-5b0ebdd4e8c5_105048_1.png,41991262,444956,1006214,81181,0.9872176321221136,0.974757917824597,0.9765983007932838,0.998070447204599,0.9750159758106479,0.9872176321221137,0.3066187972463598,0.8457036855419786,0.023401699206716225,0.9,0.75
HistoKit (no postprocessing),gaussian,0502ebf6-5b9d-c3a6-85fe-a3909acf1f7b_112628_2.png,8275026,2891338,272514,411527,0.9603088482811367,0.9236481879195679,0.9681178444324332,0.9526248213762122,0.942276993908647,0.9603088482811367,0.9138663881875637,0.8754030213163421,0.03188215556756681,0.25,1.25
HistoKit (no postprocessing),gaussian,b91bdd22-8eea-af27-bee7-880d6f1d7c1e_121440_6.png,5498810,393132,115071,801685,0.9230546358449658,0.8571044238341559,0.9795024155303612,0.8727584102518929,0.8653551677574772,0.9230546358449658,0.7735727652139007,0.3290311403336243,0.02049758446963874,0.25,1.25
HistoKit (no postprocessing),gaussian,e398b039-2e70-a00a-855c-e3ff4eba631e_115619_1.png,14234145,375733,1089,1996897,0.9344197498900095,0.8769116636626454,0.9999234996769284,0.8769704988749336,0.8796963896139804,0.9344197498900095,0.9971100413457813,0.15836139642506417,7.650032307161231e-05,0.25,1.25
HistoKit (no postprocessing),gaussian,d9d9ce51-54c1-b32b-5fae-fd9ffdaa32e5_111717_5.png,9065828,225705,6219,998092,0.947517102219083,0.9002684074172164,0.9993144876784699,0.9008247283364733,0.9024547186223878,0.9475171022190831,0.973185181352512,0.18443009747531658,0.0006855123215300802,0.25,1.25
HistoKit (no postprocessing),gaussian,b1a83861-bd20-5668-5a83-92a470ead44d_110338_5.png,2700460,2333901,269,174078,0.968728493182479,0.9393534939910749,0.9999003972631093,0.9394413989308891,0.9665277838573404,0.9687284931824789,0.9998847556090602,0.9305903279094442,9.960273689066914e-05,0.25,1.25
HistoKit (no postprocessing),gaussian,40f80889-968b-7602-00a3-4e00b00e88fe_110004_3.png,21141253,9005083,126878,1131043,0.97110912577867,0.9438407416273475,0.994034360612129,0.9492174942358884,0.9599442521439052,0.9711091257786701,0.9861061605497439,0.888414666510657,0.005965639387870989,0.25,1.25
HistoKit (no postprocessing),gaussian,59c3e1ff-f1eb-ac9b-3a83-925048a454e4_130514_4.png,1778609,1074224,131,71356,0.9802995834602152,0.9613603834611826,0.9999263523617842,0.9614284594573411,0.9755543169010231,0.9802995834602152,0.9998780663747086,0.9377119013949266,7.36476382158157e-05,0.25,1.25
HistoKit (no postprocessing),gaussian,2125a939-8f92-6ca7-9a29-e1755d6267ed_103351_5.png,4153843,952383,2750,39096,0.9949882220943641,0.9900264295089555,0.9993384004640339,0.9906757527357303,0.9918715200564405,0.9949882220943641,0.9971208198229985,0.9605679999273812,0.0006615995359661146,0.25,1.25
HistoKit (no postprocessing),gaussian,6247d1f0-d194-53f2-2d84-7b4b827443da_115125_1.png,2663663,454702,246070,13925,0.9534669656531278,0.9110720200515929,0.9154321032204673,0.9947994239591752,0.9230410613433737,0.9534669656531277,0.6488586872763181,0.9702855362580475,0.08456789677953269,0.25,1.25
HistoKit (no postprocessing),gaussian,0e99786b-efbd-e936-5e70-bad7ef5912da_122209_3.png,9726817,1756028,61136,198199,0.9868444474295069,0.9740305374883138,0.9937539544785309,0.9800303596487905,0.9779142373903312,0.9868444474295069,0.9663563662938512,0.8985793359727401,0.006246045521469096,0.25,1.25
HistoKit (no postprocessing),gaussian,66e65946-ef0a-6028-f7a7-e909aade97a4_112429_4.png,9078594,971170,23083,52561,0.995851220479627,0.9917367234716861,0.9974638739652044,0.9942437731042787,0.9925292886963172,0.995851220479627,0.976783575206713,0.9486574109800329,0.002536126034795566,0.25,1.25
HistoKit (no postprocessing),gaussian,7e3642ed-4a56-9d3f-3ecf-de46d455c0fd_113100_1.png,558576,1941147,1717623,95854,0.38119871194886834,0.2354820908301796,0.2453985789467441,0.8535305533059303,0.579551840860614,0.3811987119488683,0.530546331144073,0.9529435675289311,0.7546014210532559,0.25,1.25
HistoKit (no postprocessing),gaussian,0e99786b-efbd-e936-5e70-bad7ef5912da_122209_4.png,5240706,253214,12192,28375,0.9961445465724651,0.9923187080084669,0.9976789954802092,0.9946148104384807,0.992670142688925,0.9961445465724651,0.9540628320384619,0.8992325694540625,0.0023210045197907896,0.25,1.25
HistoKit (no postprocessing),gaussian,728c532f-2f31-cf1c-4143-7abb9ca2b76d_102101_5.png,4828810,1828746,589697,76459,0.9354736096560018,0.8787697685481585,0.8911698370049167,0.9844128833709221,0.9090412075188101,0.9354736096560019,0.7561666741783867,0.9598683606226102,0.10883016299508333,0.25,1.25
HistoKit (no postprocessing),gaussian,0502ebf6-5b9d-c3a6-85fe-a3909acf1f7b_112628_5.png,2742709,843955,206,11618,0.9978491032412253,0.995707439337267,0.9999248974175284,0.9957819097006274,0.9967141755092694,0.9978491032412253,0.999755970721225,0.9864207963551912,7.510258247156766e-05,0.25,1.25
HistoKit (no postprocessing),gaussian,59c3e1ff-f1eb-ac9b-3a83-925048a454e4_130514_1.png,4973842,709327,118699,89253,0.979523488238452,0.9598687250014184,0.9766915965919567,0.9823718496295251,0.9647007759643708,0.979523488238452,0.856648221191122,0.8882353677778057,0.023308403408043254,0.25,1.25
HistoKit (no postprocessing),gaussian,228e0715-eef2-126e-c558-f7684e2bcfa8_110725_7.png,7251624,366062,1291,1982132,0.8796953611799495,0.7852287053872059,0.9998220026017125,0.7853384906423778,0.7934173021054131,0.8796953611799496,0.996485669097571,0.15589086761996665,0.00017799739828744718,0.25,1.25
HistoKit (no postprocessing),gaussian,f761dbde-597d-9a8f-e1a1-2533f0d71b83_120113_1.png,9251584,892524,116647,119485,0.987399102421115,0.9751118182711203,0.9875486631360819,0.9872495870001597,0.97725177837892,0.987399102421115,0.8844130479373664,0.8819328681859548,0.012451336863918066,0.25,1.25
HistoKit (no postprocessing),gaussian,c38dfb82-e376-0eab-4312-72ca49852e8b_104329_1.png,3513442,810373,42617,77306,0.9832200589717898,0.9669939573921145,0.9880156656568408,0.9784707810183282,0.9730130354219804,0.9832200589717898,0.9500381012673068,0.9129122126354234,0.011984334343159098,0.25,1.25
HistoKit (no postprocessing),gaussian,7d4546a5-f4cc-3733-763f-d1c5a5904dff_120251_4.png,3286186,261021,5626,168703,0.9741608528375572,0.9496233942057757,0.9982909109025667,0.9511697770897994,0.9531567073380454,0.9741608528375572,0.9789009439446159,0.6074154573633309,0.0017090890974332678,0.25,1.25
HistoKit (no postprocessing),gaussian,59c3e1ff-f1eb-ac9b-3a83-925048a454e4_130514_3.png,2348170,404622,7857,69439,0.9838077306271362,0.968131484836316,0.9966651485742736,0.9712778203588752,0.9726877750797855,0.9838077306271362,0.9809517575440204,0.8535230698159098,0.003334851425726445,0.25,1.25
HistoKit (no postprocessing),gaussian,7e3642ed-4a56-9d3f-3ecf-de46d455c0fd_113100_4.png,8163940,3774007,6008,99949,0.993552509982909,0.9871876276089049,0.9992646220024901,0.9879053312550544,0.9912024373492183,0.993552509982909,0.9984105883177712,0.9741997585930248,0.0007353779975098985,0.25,1.25
HistoKit (no postprocessing),gaussian,7e3642ed-4a56-9d3f-3ecf-de46d455c0fd_113100_3.png,3820308,1312166,241657,113781,0.9555483242109171,0.9148803591023017,0.9405073652776427,0.9710781835388066,0.9352325620381668,0.9555483242109171,0.8444758508530251,0.9202067117501562,0.05949263472235728,0.25,1.25
HistoKit (no postprocessing),gaussian,3e1fffa8-5bae-87b0-bc39-e4a1bc285608_122517_7.png,3636970,351513,482,2549547,0.7404278250470864,0.5878407285987924,0.9998674896603447,0.5878865280738742,0.609998574599236,0.7404278250470863,0.9986306623673632,0.12116709064962462,0.00013251033965534117,0.25,1.25
HistoKit (no postprocessing),gaussian,b0f43f79-08e2-79bc-61fa-379c7ef1dd21_131900_5.png,7424013,146670,24112,425246,0.970625173559087,0.9429268606801331,0.9967626751699253,0.9458234210388522,0.9439706106240604,0.970625173559087,0.8588141607429355,0.2564537449555529,0.0032373248300746832,0.25,1.25
HistoKit (no postprocessing),gaussian,c0272a60-2518-4785-1810-6431c15f4b4b_130712_3.png,33230079,2121715,166473,363332,0.9920912779127823,0.98430667001107,0.9950152638511904,0.9891844266722424,0.9852346323807921,0.9920912779127822,0.9272467996510776,0.8537927049267077,0.004984736148809614,0.25,1.25
HistoKit (no postprocessing),gaussian,cbd7b0be-5303-525e-8ff2-6d1502e77bdd_110516_5.png,4547634,503594,137201,109046,0.9736395006591543,0.9486330595189993,0.97071380315422,0.976582887378991,0.9535161562820023,0.9736395006591543,0.785889403007202,0.8220063985374771,0.029286196845780054,0.25,1.25
HistoKit (no postprocessing),gaussian,66e65946-ef0a-6028-f7a7-e909aade97a4_112429_5.png,13326944,461422,17866,16808,0.998700791747416,0.9974049549987135,0.99866120237006,0.9987403842637363,0.9974915792763386,0.998700791747416,0.9627238737460566,0.964853731468122,0.001338797629940029,0.25,1.25
HistoKit (no postprocessing),gaussian,1875292b-dccd-c5b5-17ad-67c30baa6d69_130951_13.png,11201138,342035,49705,1470949,0.9364352945061495,0.88046856920786,0.9955821088250898,0.8839221195372159,0.8835981217448762,0.9364352945061495,0.8731173737683158,0.18865858716899872,0.004417891174910182,0.25,1.25
HistoKit (no postprocessing),gaussian,6f1702fd-ae84-1c96-04ae-a23a14a5d2d4_111419_3.png,4543686,344860,16594,74604,0.9900640295819502,0.980323563653373,0.9963611883480838,0.9838459689625381,0.9816862071624566,0.9900640295819501,0.9540909769984562,0.8221444510136746,0.0036388116519161105,0.25,1.25
HistoKit (no postprocessing),gaussian,1875292b-dccd-c5b5-17ad-67c30baa6d69_130951_12.png,7224111,277120,9025,957104,0.9373227585125057,0.8820389878684873,0.998752270108014,0.8830119976067125,0.8858996192437785,0.9373227585125057,0.9684600464799316,0.2245297450057688,0.0012477298919859933,0.25,1.25
HistoKit (no postprocessing),gaussian,04e13be9-17d6-1bd0-76ee-d5d53a64912e_105258_3.png,9189719,316013,1446,1666322,0.9168079581763164,0.8463946583587897,0.9998426750036584,0.8465073962045648,0.8507389806237974,0.9168079581763164,0.9954450810970865,0.15941452882585436,0.00015732499634159544,0.25,1.25
HistoKit (no postprocessing),gaussian,e398b039-2e70-a00a-855c-e3ff4eba631e_115619_3.png,16724069,538505,24068,4087758,0.8905263593969366,0.8026566173423316,0.9985629446427384,0.8035848558610448,0.8076284714424732,0.8905263593969366,0.9572179965977748,0.11640172640422734,0.001437055357261527,0.25,1.25
HistoKit (no postprocessing),gaussian,b91bdd22-8eea-af27-bee7-880d6f1d7c1e_121440_1.png,5067808,1313795,70797,687712,0.9303744908379517,0.8698132971480954,0.9862225253741045,0.880512620927388,0.8937679128842797,0.9303744908379518,0.9488679697701561,0.6564029004145376,0.01377747462589555,0.25,1.25
HistoKit (no postprocessing),gaussian,b1a83861-bd20-5668-5a83-92a470ead44d_110338_3.png,847487,1698845,47782,89557,0.925046102931104,0.8605449084406789,0.9466283318198218,0.9044260461621866,0.9488242038610545,0.925046102931104,0.9726432718605632,0.9499234512151071,0.05337166818017825,0.25,1.25
HistoKit (no postprocessing),gaussian,c74350c8-f970-c60d-af8a-f9c4d9c5bab2_124242_5.png,0,5536932,5563932,1850,0.0,0.0,0.0,0.0,0.4987007681184979,,0.49878387844405625,0.9996659915483224,1.0,0.25,1.25
HistoKit (no postprocessing),gaussian,b91bdd22-8eea-af27-bee7-880d6f1d7c1e_121440_2.png,9051603,1021263,2689,1861280,0.9066483365824158,0.8292376249270309,0.9997030137751245,0.8294419540647509,0.8438473012318592,0.9066483365824161,0.9973739003390784,0.3542923730886235,0.00029698622487545133,0.25,1.25
HistoKit (no postprocessing),gaussian,c74350c8-f970-c60d-af8a-f9c4d9c5bab2_124242_4.png,0,2718958,918420,1278,0.0,0.0,0.0,0.0,0.7472423883983537,,0.7475049334988005,0.999530187821939,1.0,0.25,1.25
HistoKit (no postprocessing),gaussian,5fe08b37-e6eb-942a-a4ce-507361c4911e_102333_2.png,8932854,68321,14663,255572,0.9850994789738807,0.970636489552584,0.9983612213310128,0.9721854428603985,0.9708528691968105,0.9850994789738807,0.8233032873806999,0.21093694522573814,0.0016387786689871615,0.25,1.25
HistoKit (no postprocessing),gaussian,0504f20c-cba2-27c1-e181-78505aa24ca7_112258_4.png,9870383,1352808,422897,207272,0.9690652883630525,0.9399870597279076,0.9589152340167566,0.9794325167908605,0.9468362557114607,0.9690652883630525,0.761842761044205,0.8671401466591457,0.04108476598324343,0.25,1.25
HistoKit (no postprocessing),gaussian,3e1fffa8-5bae-87b0-bc39-e4a1bc285608_122517_3.png,10508543,485918,22812,1603151,0.9281915169639919,0.8660050108343924,0.9978338969676741,0.8676361044128096,0.8711641542312683,0.9281915169639918,0.9551589251665913,0.23260026356238114,0.00216610303232585,0.25,1.25
HistoKit (no postprocessing),gaussian,cbd7b0be-5303-525e-8ff2-6d1502e77bdd_110516_4.png,3236679,341782,455,81554,0.9874897927148854,0.9752887285577915,0.9998594435695278,0.9754224612918985,0.9775960464093408,0.9874897927148854,0.9986705119551655,0.8073539694238147,0.00014055643047213985,0.25,1.25
HistoKit (no postprocessing),gaussian,7e6be544-b3c1-c3b1-a8a1-838402bd2649_124526_4.png,4603093,474487,18107,87673,0.9886404224414049,0.9775360261361902,0.9960817536570588,0.9813094492456029,0.9795923879491295,0.9886404224414049,0.9632415335956183,0.8440426213177743,0.003918246342941228,0.25,1.25
HistoKit (no postprocessing),gaussian,24aa9d72-799e-9634-ead4-94165f32d151_102546_6.png,8292465,118297,2870,31692,0.9979203937160053,0.9958494190063272,0.9996540224113915,0.9961927676280012,0.9959075578391072,0.9979203937160052,0.9763136827684106,0.7887045049970332,0.0003459775886085372,0.25,1.25
HistoKit (no postprocessing),gaussian,66e65946-ef0a-6028-f7a7-e909aade97a4_112429_3.png,4704309,170215,12133,3781,0.9983114280900102,0.9966285491172768,0.9974275099746801,0.9991969142476036,0.9967458947439881,0.9983114280900103,0.9334623905938096,0.9782696153934574,0.002572490025319934,0.25,1.25
HistoKit (no postprocessing),gaussian,0f3058e5-e9f7-bd55-4b60-07a71af55b96_123333_3.png,30681612,1532313,101279,447625,0.9911341441857725,0.9824241136457688,0.996709893167604,0.9856204313648934,0.98324613542988,0.9911341441857724,0.9380022673960206,0.773919688394283,0.0032901068323959565,0.25,1.25
HistoKit (no postprocessing),gaussian,def4a0a8-b472-78ea-531c-84458df3a3e9_124843_6.png,16517840,7849025,2133076,82558,0.9371474776798391,0.8817286105075866,0.8856315689803117,0.9950267457442887,0.9166506504900085,0.9371474776798391,0.7863099161188611,0.9895912329228604,0.11436843101968826,0.25,1.25
HistoKit (no postprocessing),gaussian,84acf623-2a5d-c4c6-c1db-583a94b80fc7_105804_1.png,45316641,3736259,54996,860264,0.9900024623002734,0.9802028473802105,0.9987878771048089,0.9813702542428948,0.9816831358208907,0.9900024623002734,0.9854939855008434,0.8128446219022509,0.001212122895191108,0.25,1.25
HistoKit (no postprocessing),gaussian,1875292b-dccd-c5b5-17ad-67c30baa6d69_130951_4.png,3915429,146092,6987,142127,0.9813139695227001,0.963313464760983,0.9982186999033249,0.9649722640919804,0.9645863391151216,0.9813139695227,0.9543569006852671,0.5068784500674834,0.0017813000966751104,0.25,1.25
HistoKit (no postprocessing),gaussian,969ce636-2f0f-f223-bb1c-2b4624598a38_125938_4.png,15292418,753173,88068,4216361,0.8766259765002214,0.7803509411488491,0.9942740430959074,0.7838736601608948,0.7884803553018621,0.8766259765002214,0.8953118071991261,0.15155807365439095,0.005725956904092627,0.25,1.25
HistoKit (no postprocessing),gaussian,b91bdd22-8eea-af27-bee7-880d6f1d7c1e_121440_4.png,6483546,244297,31462,222886,0.9807624585521698,0.9622511128848272,0.9951708424609762,0.9667653381112341,0.963571893120655,0.9807624585521698,0.8859076222353577,0.5229150033284602,0.004829157539023744,0.25,1.25
HistoKit (no postprocessing),gaussian,9e7010fd-072a-6a7f-3911-83d91e8c9301_113642_6.png,6741369,1647064,31209,1145158,0.9197517856649502,0.851426342075563,0.9953918581668605,0.8547956533972432,0.8770108104717297,0.9197517856649503,0.9814040981413632,0.5898757333765009,0.004608141833139463,0.25,1.25
HistoKit (no postprocessing),gaussian,859ead5f-592a-5c4e-67de-d71b0ee92f6d_113334_2.png,12698075,598255,41823,310591,0.9863132561489643,0.9729961076554297,0.9967171636695993,0.9761243005239738,0.9741797487006864,0.9863132561489643,0.9346595258702846,0.6582578346606576,0.0032828363304007614,0.25,1.25
HistoKit (no postprocessing),gaussian,35ce6eab-4a33-9fbb-2efe-2acf7936ba3e_104917_2.png,7202662,4499710,890554,197374,0.9297805263865843,0.8687755636209245,0.8899629022628335,0.9733279675936711,0.9149411663526266,0.9297805263865843,0.8347847155538207,0.9579794612998193,0.11003709773716654,0.25,1.25
HistoKit (no postprocessing),gaussian,d9d9ce51-54c1-b32b-5fae-fd9ffdaa32e5_111717_3.png,10795180,732790,29219,1127561,0.9491461344151396,0.9032142008507391,0.9973006353516717,0.9054277032437423,0.9088054553696367,0.9491461344151396,0.9616553085331013,0.39389878576677195,0.0026993646483282814,0.25,1.25
HistoKit (no postprocessing),gaussian,6b809376-ab46-9021-2fa3-0d0025b512da_132412_1.png,3741674,440506,6512,78021,0.9888300304933442,0.9779068409001395,0.998262626241067,0.9795740235804168,0.9801877932731824,0.9888300304933442,0.9854323539544269,0.8495333897752673,0.0017373737589329878,0.25,1.25
HistoKit (no postprocessing),gaussian,c38dfb82-e376-0eab-4312-72ca49852e8b_104329_5.png,2600388,527584,2568,91538,0.9822269882501631,0.9650747041930693,0.9990134293472498,0.9659953505408395,0.970793382407254,0.9822269882501631,0.9951561061733238,0.8521486879807211,0.000986570652750181,0.25,1.25
HistoKit (no postprocessing),gaussian,cbd7b0be-5303-525e-8ff2-6d1502e77bdd_110516_2.png,9597639,747814,32211,37436,0.9963847769975747,0.9927955995095211,0.9966550880854842,0.9961146124965297,0.9933128822574915,0.9963847769975748,0.9587051697060992,0.9523260108245781,0.0033449119145158024,0.25,1.25
HistoKit (no postprocessing),gaussian,8e6bc805-8b70-bd59-8612-caf5bbe72e5e_125634_1.png,64573505,1028420,142303,108130,0.9980646217251758,0.9961367203578406,0.9978011091200468,0.9983282735509083,0.996197053414549,0.9980646217251758,0.8784486167949207,0.904861202762747,0.002198890879953164,0.25,1.25
HistoKit (no postprocessing),gaussian,e3dca99c-de77-4ab1-72a1-8daf3d4d032c_120923_2.png,9085088,1116079,191465,237064,0.9769592022670396,0.95495624850149,0.9793603292084894,0.9745698203590759,0.959685676805809,0.9769592022670396,0.8535689812350483,0.8248049171447511,0.020639670791510595,0.25,1.25
HistoKit (no postprocessing),gaussian,b0f43f79-08e2-79bc-61fa-379c7ef1dd21_131900_4.png,12836188,194722,13016,696406,0.9731094143014817,0.9476271648157595,0.9989870189624198,0.9485386172082012,0.9483693698230873,0.9731094143014817,0.937344154656346,0.2185118187286226,0.0010129810375802267,0.25,1.25
HistoKit (no postprocessing),gaussian,7ea29210-064a-9e70-4612-3ab81fa629dc_120503_4.png,2762228,176318,4865,524196,0.9126027068231575,0.839254164553766,0.9982418371915942,0.8404965397039457,0.8474276352539374,0.9126027068231575,0.9731486949658632,0.2516980388686022,0.001758162808405789,0.25,1.25
HistoKit (no postprocessing),gaussian,859ead5f-592a-5c4e-67de-d71b0ee92f6d_113334_1.png,20239333,372549,9209,360549,0.990948047346943,0.9820585002996979,0.9995452018224324,0.9824975211023054,0.9823770687134085,0.9909480473469431,0.9758773882931071,0.5081844446445086,0.0004547981775675503,0.25,1.25
HistoKit (no postprocessing),gaussian,7e6be544-b3c1-c3b1-a8a1-838402bd2649_124526_3.png,50300232,513512,35595,57101,0.9990794210848085,0.9981605355418125,0.9992928496039213,0.9988660837141633,0.9981790908969475,0.9990794210848085,0.9351765685012211,0.8999304257000804,0.0007071503960787214,0.25,1.25
HistoKit (no postprocessing),gaussian,24aa9d72-799e-9634-ead4-94165f32d151_102546_7.png,10986239,598083,10804,71394,0.99627298990926,0.9925736578705737,0.9990175540824929,0.993543464500947,0.9929543685692048,0.99627298990926,0.9822561493347698,0.8933585470449321,0.0009824459175070972,0.25,1.25
HistoKit (no postprocessing),gaussian,19a1c0fb-3d0a-327d-ea5a-6aae35f53e51_121144_3.png,24681413,1521198,39293,170892,0.9957600921194801,0.9915559860801223,0.9984105227415431,0.9931236961722464,0.9920423040408142,0.99576009211948,0.9748201046978162,0.8990053720546779,0.001589477258456939,0.25,1.25
HistoKit (no postprocessing),gaussian,7ea29210-064a-9e70-4612-3ab81fa629dc_120503_1.png,8767385,155616,5517,1019002,0.9447975081372999,0.8953708083739383,0.9993711316962164,0.8958755667438861,0.8970075958630895,0.9447975081372999,0.9657612034778723,0.1324822197514426,0.0006288683037836282,0.25,1.25
HistoKit (no postprocessing),gaussian,5fe08b37-e6eb-942a-a4ce-507361c4911e_102333_3.png,13478730,1653433,29269,1697563,0.9397986884250098,0.886434187700527,0.9978332097892515,0.8881437647520379,0.8975720676113849,0.9397986884250097,0.9826059516182901,0.4934153905286667,0.002166790210748461,0.25,1.25
HistoKit (no postprocessing),gaussian,f761dbde-597d-9a8f-e1a1-2533f0d71b83_120113_5.png,3492144,670095,527898,32070,0.9257755834372534,0.8618083606770988,0.8686834615160737,0.9909000985751717,0.8814181589244182,0.9257755834372534,0.5593480095459656,0.9543269744290872,0.1313165384839263,0.25,1.25
HistoKit (no postprocessing),gaussian,969ce636-2f0f-f223-bb1c-2b4624598a38_125938_5.png,12698840,272348,8481,1689116,0.9373471251096639,0.882082142963568,0.9993325894576834,0.8826020874681574,0.8842714648827426,0.9373471251096639,0.9698001274797119,0.13884934926157197,0.0006674105423165119,0.25,1.25
HistoKit (no postprocessing),gaussian,a40a1d35-8d5f-0529-214c-05d84888ba26_111152_2.png,2751201,3931382,413,131084,0.9766596809775965,0.9543840527172808,0.9998499062731909,0.9545208055414367,0.9807021637550484,0.9766596809775965,0.9998949589182549,0.9677328991799562,0.00015009372680906553,0.25,1.25
HistoKit (no postprocessing),gaussian,969ce636-2f0f-f223-bb1c-2b4624598a38_125938_2.png,4525306,328142,6934,1266122,0.8766856896211696,0.7804455810106371,0.9984700721938821,0.781379998162802,0.7922051466872461,0.8766856896211694,0.9793061872530411,0.20582663849901897,0.001529927806117946,0.25,1.25
HistoKit (no postprocessing),gaussian,9e7010fd-072a-6a7f-3911-83d91e8c9301_113642_2.png,2601030,835145,97029,435152,0.9071924252922052,0.8301483685586448,0.9640374802774884,0.8566778934859636,0.8658938361376852,0.9071924252922051,0.8959110638142664,0.6574407402363385,0.035962519722511625,0.25,1.25
HistoKit (no postprocessing),gaussian,04e13be9-17d6-1bd0-76ee-d5d53a64912e_105258_1.png,14090479,253240,57928,807811,0.9701949244005265,0.9421151122563204,0.9959056874742153,0.9457782738824388,0.9430789052443552,0.9701949244005266,0.8138368983957219,0.23866901779462063,0.004094312525784705,0.25,1.25
HistoKit (no postprocessing),gaussian,40f80889-968b-7602-00a3-4e00b00e88fe_110004_1.png,9162489,891778,100974,2489534,0.8761440207509402,0.7795874533108449,0.9890997567540346,0.7863431955120583,0.7951321395596205,0.8761440207509402,0.898288797202121,0.2637372712130676,0.010900243245965358,0.25,1.25
HistoKit (no postprocessing),gaussian,2125a939-8f92-6ca7-9a29-e1755d6267ed_103351_3.png,10169671,2436963,404545,753717,0.946121344499601,0.897751690445203,0.9617423173500522,0.9309997044872891,0.9158539229065007,0.946121344499601,0.8576301738372724,0.7637754334499229,0.038257682649947757,0.25,1.25
HistoKit (no postprocessing),gaussian,f9a50b4c-7c73-18cd-0877-8296eed330e2_114604_2.png,8628356,1653898,43114,2151598,0.8871695974546645,0.797219051012153,0.9950280632926136,0.800407497100637,0.8240989035315156,0.8871695974546645,0.9745941690453573,0.434607735759018,0.004971936707386406,0.25,1.25
HistoKit (no postprocessing),gaussian,c38dfb82-e376-0eab-4312-72ca49852e8b_104329_2.png,5768620,752509,15457,58905,0.9935958879748031,0.9872732792947163,0.9973276635148529,0.989891935255533,0.9887253276518762,0.9935958879748031,0.9798728068690541,0.9274045062076819,0.0026723364851470683,0.25,1.25
HistoKit (no postprocessing),gaussian,0f3058e5-e9f7-bd55-4b60-07a71af55b96_123333_2.png,15229202,834694,40490,95842,0.9955439393234182,0.9911274154220738,0.9973483420621713,0.9937460538449351,0.9915845628839298,0.9955439393234183,0.9537354430611162,0.8970034474754335,0.0026516579378287396,0.25,1.25
HistoKit (no postprocessing),gaussian,7d4546a5-f4cc-3733-763f-d1c5a5904dff_120251_3.png,2795801,448646,12081,251052,0.9550563774449228,0.9139788566866758,0.9956974687682745,0.917602851204177,0.9249816112533428,0.9550563774449228,0.9737783980535111,0.6411994889223637,0.004302531231725549,0.25,1.25
HistoKit (no postprocessing),gaussian,0502ebf6-5b9d-c3a6-85fe-a3909acf1f7b_112628_1.png,7695581,2965895,366970,66733,0.9725935734680833,0.9466492990034546,0.9544846289964554,0.9914029502027359,0.9609106802152538,0.9725935734680834,0.8898935300409707,0.9779949931214775,0.04551537100354466,0.25,1.25
HistoKit (no postprocessing),gaussian,c0272a60-2518-4785-1810-6431c15f4b4b_130712_2.png,17040236,1506304,74135,252964,0.9904934004205063,0.9811658495675935,0.9956682603176009,0.9853720537552333,0.9826690019873751,0.9904934004205064,0.9530921471818906,0.8562106512481328,0.0043317396823990785,0.25,1.25
HistoKit (no postprocessing),gaussian,c38dfb82-e376-0eab-4312-72ca49852e8b_104329_4.png,5028676,146206,5598,25140,0.996953040664784,0.9939245928481045,0.9988880223841611,0.9950255410960748,0.9940952278499007,0.996953040664784,0.963123501357013,0.8532793295437302,0.0011119776158389472,0.25,1.25
HistoKit (no postprocessing),gaussian,228e0715-eef2-126e-c558-f7684e2bcfa8_110725_12.png,2043437,6089369,479269,302293,0.8394634334311881,0.7233407870232874,0.8100178934842189,0.8711305222681213,0.9123255849433185,0.8394634334311881,0.9270367768782508,0.9527051023661764,0.18998210651578107,0.25,1.25
HistoKit (no postprocessing),gaussian,7ea29210-064a-9e70-4612-3ab81fa629dc_120503_3.png,3888911,233164,5485,557513,0.9325008812083224,0.8735378463486113,0.9985915659321754,0.8746154212913568,0.8798315415789679,0.9325008812083224,0.9770164551286618,0.29489159290076733,0.0014084340678246383,0.25,1.25
HistoKit (no postprocessing),gaussian,5fe08b37-e6eb-942a-a4ce-507361c4911e_102333_4.png,5134349,512105,16583,2161163,0.8250306673938356,0.7021720861121197,0.9967805826207762,0.7037681522557978,0.7216653459778636,0.8250306673938356,0.9686336743031807,0.19156515545766456,0.0032194173792237987,0.25,1.25
HistoKit (no postprocessing),gaussian,be2180cd-04c9-2627-2456-4397fd5e59ee_103647_6.png,3763896,359205,11172,74454,0.9887532774372825,0.977756718886137,0.9970405831100261,0.9806026026808394,0.9796551308744901,0.9887532774372825,0.9698361399330951,0.8283121069780635,0.0029594168899739026,0.25,1.25
HistoKit (no postprocessing),gaussian,228e0715-eef2-126e-c558-f7684e2bcfa8_110725_1.png,7314051,551278,30113,2670157,0.8441705891355518,0.7303591526574792,0.9958997375330944,0.7325619618501538,0.7444281199769175,0.8441705891355519,0.9482052525752893,0.17112808422333525,0.004100262466905696,0.25,1.25
HistoKit (no postprocessing),gaussian,9e7010fd-072a-6a7f-3911-83d91e8c9301_113642_4.png,6876875,215834,46816,971355,0.931073893503763,0.8710367235352396,0.9932382886526854,0.8762326027652095,0.8744684917049691,0.9310738935037631,0.8217551875118979,0.18180256050216098,0.006761711347314604,0.25,1.25
HistoKit (no postprocessing),gaussian,6f1702fd-ae84-1c96-04ae-a23a14a5d2d4_111419_1.png,2876617,787472,891,127642,0.9781472132439112,0.9572290900620601,0.9996903570728561,0.957512984066953,0.9661097256726349,0.9781472132439112,0.9988698099733244,0.8605179245427346,0.0003096429271439037,0.25,1.25
HistoKit (no postprocessing),gaussian,0f3058e5-e9f7-bd55-4b60-07a71af55b96_123333_1.png,18642242,804438,33335,256985,0.992273545858017,0.98466557246716,0.9982150484560665,0.9864023539163798,0.9852905710087653,0.9922735458580171,0.9602099852824094,0.7578863469135302,0.0017849515439335556,0.25,1.25
HistoKit (no postprocessing),gaussian,9e7010fd-072a-6a7f-3911-83d91e8c9301_113642_7.png,2912803,3268973,340297,411672,0.8856768641938708,0.794811518970348,0.8953930097445514,0.8761693199678144,0.8915493719483483,0.8856768641938708,0.9057158372745735,0.8881522124518936,0.10460699025544865,0.25,1.25
HistoKit (no postprocessing),gaussian,deaaef3a-8172-327d-10b9-23d266fb17ca_123636_5.png,2368512,163030,685,456169,0.9120399054425229,0.8383027190105636,0.999710872502371,0.8385060118293004,0.847124009000146,0.9120399054425229,0.99581589958159,0.2632917688820557,0.0002891274976289435,0.25,1.25
HistoKit (no postprocessing),gaussian,7e6be544-b3c1-c3b1-a8a1-838402bd2649_124526_2.png,49837485,1372050,76772,106888,0.9981607999228509,0.9963283527396264,0.9984619224122679,0.9978598590075403,0.9964263751261232,0.9981607999228509,0.9470107439009071,0.927726517271177,0.0015380775877320983,0.25,1.25
HistoKit (no postprocessing),gaussian,f761dbde-597d-9a8f-e1a1-2533f0d71b83_120113_2.png,3035751,467689,17700,70964,0.985606881373002,0.9716222076772771,0.994203280157435,0.9771578661061604,0.9753169730052359,0.985606881373002,0.9635344023041313,0.8682565584894171,0.005796719842565019,0.25,1.25
HistoKit (no postprocessing),gaussian,3e1fffa8-5bae-87b0-bc39-e4a1bc285608_122517_5.png,4949268,1749412,247366,703869,0.9123267209971528,0.8387874728646015,0.9523988027634811,0.8754905462223894,0.8756541739352659,0.9123267209971528,0.876117425171952,0.7130907547891986,0.04760119723651887,0.25,1.25
HistoKit (no postprocessing),gaussian,7e3642ed-4a56-9d3f-3ecf-de46d455c0fd_113100_2.png,2178900,1256926,170,146896,0.9673539679093673,0.9367720766339662,0.999921985067024,0.9368405483541978,0.9589532701515983,0.9673539679093673,0.9998647676867956,0.8953599530424797,7.801493297599434e-05,0.25,1.25
HistoKit (no postprocessing),gaussian,8e6bc805-8b70-bd59-8612-caf5bbe72e5e_125634_3.png,31219072,393666,25378,96769,0.9980475314604914,0.9961026723306454,0.9991877597461309,0.9969099025633704,0.9961510180358303,0.9980475314604915,0.9394383406038507,0.8026874101562899,0.0008122402538690872,0.25,1.25
HistoKit (no postprocessing),gaussian,1875292b-dccd-c5b5-17ad-67c30baa6d69_130951_1.png,10106287,348583,7462,1818349,0.9171531398512187,0.8469832379854741,0.9992621924866832,0.8475132490417318,0.8513265673133273,0.9171531398512186,0.979041975031246,0.1608647617922482,0.000737807513316773,0.25,1.25
HistoKit (no postprocessing),gaussian,7d4546a5-f4cc-3733-763f-d1c5a5904dff_120251_1.png,6249141,933794,27530,523151,0.9577988687683459,0.9190153801084793,0.9956139169951714,0.9227512635308696,0.9287938527074527,0.9577988687683459,0.9713624126725224,0.6409260473113261,0.004386083004828515,0.25,1.25
HistoKit (no postprocessing),gaussian,54b22c23-34e4-1c55-9de2-c8e205e762bc_131621_2.png,20989615,1715611,78678,312931,0.9907575821191551,0.9816844442581959,0.9962655731055192,0.9853101596400731,0.983044906369206,0.9907575821191551,0.9561508764753058,0.8457360015222756,0.003734426894480725,0.25,1.25
HistoKit (no postprocessing),gaussian,be2180cd-04c9-2627-2456-4397fd5e59ee_103647_1.png,28911165,455486,8640,51369,0.9989632588966386,0.9979286652311709,0.9997012427988363,0.9982263637567071,0.9979607267695348,0.9989632588966386,0.9813843654524849,0.8986514880981741,0.0002987572011637008,0.25,1.25
HistoKit (no postprocessing),gaussian,f9a50b4c-7c73-18cd-0877-8296eed330e2_114604_5.png,5053474,3232365,401559,978042,0.8798942136580795,0.7855456371952759,0.9263874297369054,0.8378447474896858,0.8572645425350527,0.8798942136580796,0.8894971386303071,0.7677084424379876,0.07361257026309465,0.25,1.25
HistoKit (no postprocessing),gaussian,1c7a4a4c-ace6-25f8-ee0c-f8914aeab226_121941_3.png,6958040,3645491,752282,179415,0.9372500678047629,0.8819102588590723,0.9024318309922724,0.9748628888028016,0.9192302917636305,0.9372500678047629,0.8289402386162269,0.9530929648990066,0.09756816900772756,0.25,1.25
HistoKit (no postprocessing),gaussian,6f1702fd-ae84-1c96-04ae-a23a14a5d2d4_111419_2.png,6262229,566818,13381,356608,0.971306330546785,0.9442133838182039,0.9978677769969772,0.9461222568254816,0.9486057577709015,0.971306330546785,0.9769372232630529,0.6138207068027107,0.0021322230030228137,0.25,1.25
HistoKit (no postprocessing),gaussian,9601a588-d18f-b3b2-00f0-b816a7730c15_114312_2.png,5455078,423219,19468,58715,0.992884911905248,0.9858703574619018,0.9964439060334866,0.9893512505819496,0.98687429488557,0.992884911905248,0.9560231043604172,0.8781679649080579,0.0035560939665133877,0.25,1.25
HistoKit (no postprocessing),gaussian,9601a588-d18f-b3b2-00f0-b816a7730c15_114312_1.png,9483838,967237,393658,75165,0.9758792465659581,0.9528947082594293,0.9601459722180601,0.992136732251261,0.9570670898208024,0.9758792465659583,0.7107359495038191,0.9278925021249,0.039854027781939874,0.25,1.25
HistoKit (no postprocessing),gaussian,2125a939-8f92-6ca7-9a29-e1755d6267ed_103351_7.png,1081423,327851,17517,1285659,0.6240139272053091,0.4535030837469948,0.9840600942726627,0.45685912021636765,0.5195575955317149,0.6240139272053091,0.9492801880892265,0.20319117947828028,0.015939905727337254,0.25,0.75
HistoKit (no postprocessing),gaussian,be2180cd-04c9-2627-2456-4397fd5e59ee_103647_4.png,4394717,437311,27290,452806,0.9482070827755021,0.9015149914468514,0.9938285941202716,0.906590231753413,0.9096225916413095,0.948207082775502,0.9412614264713163,0.49129608804235847,0.006171405879728368,0.25,0.75
HistoKit (no postprocessing),gaussian,54b22c23-34e4-1c55-9de2-c8e205e762bc_131621_1.png,26112574,1334518,138391,179765,0.9939448802077616,0.9879626480237209,0.9947281557077997,0.9931628372812323,0.9885412152630512,0.9939448802077616,0.9060423963734352,0.8812870513635827,0.005271844292200306,0.25,1.25
HistoKit (no postprocessing),gaussian,f761dbde-597d-9a8f-e1a1-2533f0d71b83_120113_3.png,9964852,14653393,459377,164518,0.9696454620915782,0.9410794308335065,0.9559318008075226,0.9837583186318596,0.9752835932294172,0.9696454620915783,0.9696033883927301,0.988897355369458,0.044068199192477446,0.25,1.25
HistoKit (no postprocessing),gaussian,be2180cd-04c9-2627-2456-4397fd5e59ee_103647_3.png,21744551,1446264,44299,333585,0.9913856858093693,0.9829185168811662,0.9979668959123589,0.9848907081648559,0.983966700919724,0.9913856858093693,0.9702803571536393,0.8125767972451595,0.002033104087641156,0.25,1.25
HistoKit (no postprocessing),gaussian,228e0715-eef2-126e-c558-f7684e2bcfa8_110725_2.png,2870125,182696,63613,624072,0.8930161863802294,0.8067111509608439,0.9783167413040974,0.8213975914924087,0.8161518789169165,0.8930161863802293,0.741734975173461,0.22645419748924103,0.021683258695902635,0.25,0.75
HistoKit (no postprocessing),gaussian,39bcf904-a619-148a-5bca-38122a540be1_104536_1.png,1685740,912324,1372,319880,0.9130042472619189,0.8399335921618023,0.9991867759816776,0.8405081720365772,0.8899564144477679,0.913004247261919,0.9984984064721746,0.7404001285501427,0.000813224018322435,0.25,0.75
HistoKit (no postprocessing),gaussian,332605c9-e7e2-297a-c808-98d567218fe3_115336_3.png,9041820,259836,37145,198775,0.9871219614444888,0.9745713934643566,0.9959086746121392,0.9784889392944934,0.9752641551689863,0.9871219614444888,0.8749246584798354,0.5665716696721186,0.004091325387860841,0.25,1.25
HistoKit (no postprocessing),gaussian,9e7010fd-072a-6a7f-3911-83d91e8c9301_113642_3.png,3295159,270453,4198,474516,0.9322801198240438,0.8731504743270375,0.9987276308686814,0.8741228355229562,0.8816331818948324,0.9322801198240438,0.9847151475873017,0.3630392674057578,0.0012723691313186176,0.25,0.75
HistoKit (no postprocessing),gaussian,969ce636-2f0f-f223-bb1c-2b4624598a38_125938_1.png,21441986,770260,144988,2765516,0.9364442121796525,0.8804843365093261,0.9932835421953998,0.8857578943915816,0.884148670030152,0.9364442121796525,0.841586105623831,0.21784751070203542,0.006716457804600126,0.25,1.25
HistoKit (no postprocessing),gaussian,c74350c8-f970-c60d-af8a-f9c4d9c5bab2_124242_3.png,307567,1907650,1519686,19101,0.2855880043882761,0.1665807315390223,0.16832206596459276,0.9415277896824911,0.5900944697981142,0.2855880043882761,0.5565984776514471,0.9900864200926845,0.8316779340354072,0.25,0.75
HistoKit (no postprocessing),gaussian,10fd35f3-17d4-d309-f849-cc9e883460c1_123055_2.png,4863937,3687618,3619923,106012,0.723057239774996,0.5662409172104078,0.5733165092304682,0.9786693988207927,0.6965230678257527,0.723057239774996,0.5046318590617556,0.9720552610560333,0.42668349076953177,0.25,1.25
HistoKit (no postprocessing),gaussian,332605c9-e7e2-297a-c808-98d567218fe3_115336_2.png,5443612,468678,13190,184376,0.9821768387132278,0.9649778822791977,0.9975828333151908,0.9672394468502776,0.9676643770327812,0.9821768387132278,0.9726273585297218,0.7176711267368395,0.0024171666848091613,0.25,0.75
HistoKit (no postprocessing),gaussian,0502ebf6-5b9d-c3a6-85fe-a3909acf1f7b_112628_8.png,4010934,94878,538,52615,0.9934176022576288,0.9869212937616739,0.9998658846428443,0.9870519587680621,0.9872196568136543,0.9934176022576288,0.9943615326569968,0.6432712060911365,0.0001341153571556775,0.25,0.75
HistoKit (no postprocessing),gaussian,b91bdd22-8eea-af27-bee7-880d6f1d7c1e_121440_5.png,4223234,798199,313417,3777290,0.6737138151138514,0.5079701672167267,0.9309144565010621,0.5278696745363178,0.551070659581613,0.6737138151138514,0.7180528168000461,0.1744510805293161,0.06908554349893788,0.25,0.75
HistoKit (no postprocessing),gaussian,d9d9ce51-54c1-b32b-5fae-fd9ffdaa32e5_111717_1.png,7404008,299311,8389,644302,0.9577838840099615,0.9189877889195066,0.998868247342931,0.9199456780367555,0.9218896339281547,0.9577838840099615,0.9727364315892103,0.3171967745251496,0.0011317526570689617,0.25,0.75
HistoKit (no postprocessing),gaussian,def4a0a8-b472-78ea-531c-84458df3a3e9_124843_7.png,11369543,165248,59833,387382,0.9807121023745875,0.9621541712202281,0.9947649810453344,0.9670507381819651,0.9626761161695295,0.9807121023745874,0.7341712539041501,0.29902104482203284,0.0052350189546655915,0.25,0.75
HistoKit (no postprocessing),gaussian,04e13be9-17d6-1bd0-76ee-d5d53a64912e_105258_2.png,3284745,113987,8385,885235,0.8802617139503505,0.7861316567604792,0.9974537901631578,0.7877124110907007,0.791811109620087,0.8802617139503505,0.9314794233975092,0.11407575093422682,0.002546209836842153,0.25,0.75
HistoKit (no postprocessing),gaussian,3e1fffa8-5bae-87b0-bc39-e4a1bc285608_122517_10.png,3662759,1691629,316221,1567271,0.7954729118548031,0.6604026756091638,0.9205271200156824,0.7003323116693403,0.7397729721962785,0.7954729118548031,0.8425076574445303,0.5190797508361717,0.07947287998431758,0.25,0.75
HistoKit (no postprocessing),gaussian,7e6be544-b3c1-c3b1-a8a1-838402bd2649_124526_1.png,51760755,2592930,154654,265231,0.9959603678592153,0.9919532416620417,0.9970210385899108,0.9949019514978534,0.9923341677381993,0.9959603678592153,0.9437127308937597,0.9072022184894413,0.0029789614100892473,0.25,1.25
HistoKit (no postprocessing),gaussian,cd7afea3-2dfd-f8a4-f2e6-1e02af01c417_132555_3.png,0,3997902,4848,106110,0.0,0.0,0.0,0.0,0.9729954293891736,,0.9987888326775342,0.9741448124420689,1.0,0.25,0.75
HistoKit (no postprocessing),gaussian,0504f20c-cba2-27c1-e181-78505aa24ca7_112258_3.png,3463178,2234544,2631776,118724,0.7157651204068759,0.557347516237565,0.5682041242641044,0.966854481222546,0.6744285365607107,0.715765120406876,0.45918558582255176,0.9495493076011742,0.4317958757358956,0.25,0.75
HistoKit (no postprocessing),gaussian,be2180cd-04c9-2627-2456-4397fd5e59ee_103647_5.png,4965253,480726,15280,108877,0.9876517989712833,0.9756048343521154,0.9969320552639647,0.9785427255509812,0.9777102390318656,0.9876517989712833,0.9691939210412778,0.8153384565546647,0.0030679447360352796,0.25,0.75
HistoKit (no postprocessing),gaussian,cbd7b0be-5303-525e-8ff2-6d1502e77bdd_110516_1.png,11619849,482266,19012,96433,0.9950569773860943,0.9901625813550133,0.9983665068257108,0.9917693172629337,0.9905508955961747,0.9950569773860943,0.9620729415613691,0.8333624215697625,0.0016334931742891337,0.25,0.75
HistoKit (no postprocessing),gaussian,def4a0a8-b472-78ea-531c-84458df3a3e9_124843_8.png,29551206,639683,183077,1717554,0.9688436689953319,0.9395701115963433,0.9938428984482323,0.9450712468291036,0.9407746657060806,0.9688436689953319,0.7774843210656813,0.27136982832019013,0.006157101551767702,0.25,1.25
HistoKit (no postprocessing),gaussian,19a1c0fb-3d0a-327d-ea5a-6aae35f53e51_121144_1.png,6543197,59836,3941,14174,0.9986176513748054,0.9972391192493208,0.9993980575940205,0.9978384630059821,0.997264069614514,0.9986176513748053,0.9382065634946768,0.8084853398189434,0.0006019424059795288,0.25,0.75
HistoKit (no postprocessing),gaussian,b0f43f79-08e2-79bc-61fa-379c7ef1dd21_131900_10.png,5009572,182252,4140,415116,0.9598352237890865,0.9227722816047957,0.9991742644970433,0.9234765206773182,0.9252806946256336,0.9598352237890865,0.9777887462981244,0.30509166878707933,0.0008257355029566916,0.25,0.75
HistoKit (no postprocessing),gaussian,d9d9ce51-54c1-b32b-5fae-fd9ffdaa32e5_111717_2.png,6775059,750285,6312,1605849,0.8936729102531354,0.8077836279482355,0.9990692147649789,0.8083920023940127,0.8235666081714866,0.8936729102531353,0.9916573816708234,0.31843901917293327,0.0009307852350210599,0.25,0.75
HistoKit (no postprocessing),gaussian,c0272a60-2518-4785-1810-6431c15f4b4b_130712_1.png,8107910,224860,48678,17502,0.995935388772878,0.9919036859148848,0.994032063406905,0.9978460169158192,0.9921204436268819,0.995935388772878,0.8220430068217213,0.9277857089807808,0.005967936593095054,0.25,0.75
HistoKit (no postprocessing),gaussian,6f1702fd-ae84-1c96-04ae-a23a14a5d2d4_111419_5.png,2299828,936049,24594,235060,0.9465656646725564,0.8985521289073336,0.9894193051003647,0.9072700647918173,0.9257182957324652,0.9465656646725563,0.9743983977398472,0.7992842681594967,0.010580694899635264,0.25,0.75
HistoKit (no postprocessing),gaussian,e398b039-2e70-a00a-855c-e3ff4eba631e_115619_4.png,5048146,185814,1013,532371,0.9498212363199029,0.9044376721078271,0.9997993725291677,0.9046018496135753,0.9075165275384995,0.9498212363199029,0.9945778715067951,0.2587272081705967,0.00020062747083227127,0.25,0.75
HistoKit (no postprocessing),gaussian,2125a939-8f92-6ca7-9a29-e1755d6267ed_103351_8.png,6858015,209012,0,1307923,0.9129441499184668,0.8398318723458346,1.0,0.8398318723458346,0.8438291571889981,0.9129441499184668,1.0,0.13778573241437503,0.0,0.25,0.75
HistoKit (no postprocessing),gaussian,deaaef3a-8172-327d-10b9-23d266fb17ca_123636_1.png,3627384,3645390,440947,102801,0.930275452406586,0.8696401840076027,0.8916147678249385,0.9724407770660168,0.9304360686248948,0.9302754524065859,0.8920923555741976,0.9725731692968688,0.10838523217506146,0.25,0.75
HistoKit (no postprocessing),gaussian,04e13be9-17d6-1bd0-76ee-d5d53a64912e_105258_4.png,7999795,383669,33361,729919,0.9544660311748525,0.9128981550426077,0.9958470867489689,0.916386836957087,0.9165517259475066,0.9544660311748525,0.9200033570726327,0.34453406466305314,0.0041529132510311016,0.25,0.75
HistoKit (no postprocessing),gaussian,0502ebf6-5b9d-c3a6-85fe-a3909acf1f7b_112628_7.png,4997561,878399,26435,236915,0.9743285354777983,0.9499421297946307,0.9947382521801371,0.954739500190659,0.9571042999946248,0.9743285354777982,0.9707846964194538,0.787579999892407,0.005261747819862914,0.25,0.75
HistoKit (no postprocessing),gaussian,8e6bc805-8b70-bd59-8612-caf5bbe72e5e_125634_2.png,7180306,1491885,216922,55960,0.9813522320779986,0.9633872109491938,0.9706752313163796,0.992266729829998,0.9694935972014985,0.9813522320779986,0.8730564657097027,0.9638465091788907,0.029324768683620404,0.25,0.75
HistoKit (no postprocessing),gaussian,f4c75e72-7c5b-0601-d74f-78529d4dec70_114117_1.png,4373610,8455325,10316754,167737,0.45483316591019907,0.29435861285368836,0.29771964806317935,0.9630644828505728,0.5502809840132463,0.45483316591019896,0.4504202757723319,0.9805478610730156,0.7022803519368206,0.25,0.75
HistoKit (no postprocessing),gaussian,7ea29210-064a-9e70-4612-3ab81fa629dc_120503_2.png,8470244,44483,24377,317601,0.9802124303325694,0.961192761598607,0.9971303016344107,0.9638590575960317,0.9613876718260346,0.9802124303325694,0.6459918675573628,0.12285270821135427,0.002869698365589236,0.25,0.75
HistoKit (no postprocessing),gaussian,9e7010fd-072a-6a7f-3911-83d91e8c9301_113642_1.png,8239694,270321,75496,56856,0.9920326227114077,0.9841912000961295,0.9909207125754192,0.993147030994811,0.9846856769678954,0.9920326227114077,0.7816880026140993,0.8262225034155823,0.009079287424580798,0.25,0.75
HistoKit (no postprocessing),gaussian,e16fa7c2-3d43-e563-886f-5b0ebdd4e8c5_105048_1.png,42025692,447225,1003945,46751,0.9876536977709593,0.9756085398803632,0.9766685226742675,0.9988887975913355,0.9758591732722189,0.9876536977709592,0.3081823631965931,0.9053577501740975,0.023331477325732493,0.25,1.25
HistoKit (no postprocessing),gaussian,24aa9d72-799e-9634-ead4-94165f32d151_102546_1.png,6244359,394537,34919,93393,0.9898302532370931,0.979865271563525,0.9944390103448199,0.9852640179041401,0.9810391523357934,0.9898302532370931,0.9186901568495958,0.8085934457811571,0.005560989655180102,0.25,0.75
HistoKit (no postprocessing),gaussian,b1a83861-bd20-5668-5a83-92a470ead44d_110338_5.png,2700679,2333901,269,173859,0.9687690005857785,0.9394296730180496,0.9999004053391624,0.9395175850867166,0.9665698288327931,0.9687690005857785,0.9998847556090602,0.9306715953679778,9.95946608376022e-05,0.25,0.75
HistoKit (no postprocessing),gaussian,b91bdd22-8eea-af27-bee7-880d6f1d7c1e_121440_6.png,5498913,393075,115128,801582,0.9230595299724639,0.8571128633961191,0.979492846596596,0.8727747581737625,0.8653619238215589,0.9230595299724639,0.7734606053092957,0.32902749492113637,0.02050715340340407,0.25,0.75
HistoKit (no postprocessing),gaussian,e398b039-2e70-a00a-855c-e3ff4eba631e_115619_1.png,14232579,375821,1001,1998463,0.9343676740843855,0.8768199418890155,0.9999296733499232,0.8768740170840541,0.8796073956289623,0.9343676740843855,0.9973435733582434,0.1582881407615938,7.032665007679024e-05,0.25,0.75
HistoKit (no postprocessing),gaussian,0502ebf6-5b9d-c3a6-85fe-a3909acf1f7b_112628_2.png,8274674,2891347,272505,411879,0.9602881140312499,0.9236098259437544,0.9681175508316837,0.9525842989733673,0.9422480497501984,0.9602881140312499,0.9138692328212571,0.8753100756654253,0.031882449168316236,0.25,0.75
HistoKit (no postprocessing),gaussian,40f80889-968b-7602-00a3-4e00b00e88fe_110004_3.png,21140639,9004970,126991,1131657,0.9710920960223957,0.9438085685495257,0.9940289068410537,0.9491899263551454,0.9599211024161469,0.9710920960223957,0.9860937864276906,0.8883596091678228,0.005971093158946249,0.25,0.75
HistoKit (no postprocessing),gaussian,d9d9ce51-54c1-b32b-5fae-fd9ffdaa32e5_111717_5.png,9064728,225638,6286,999192,0.9474532809990356,0.9001531845525305,0.9993070234485362,0.9007154269906756,0.9023413719166685,0.9474532809990356,0.9728962936134251,0.1842198509180866,0.0006929765514638165,0.25,0.75
HistoKit (no postprocessing),gaussian,2125a939-8f92-6ca7-9a29-e1755d6267ed_103351_5.png,4153788,952366,2767,39151,0.9949795760078395,0.9900093095178738,0.9993343044901367,0.9906626354449707,0.9918575342380603,0.9949795760078396,0.9971030212546316,0.9605140406064646,0.0006656955098633363,0.25,0.75
HistoKit (no postprocessing),gaussian,59c3e1ff-f1eb-ac9b-3a83-925048a454e4_130514_4.png,1778733,1074224,131,71232,0.9803344274420206,0.9614274070102308,0.9999263574955702,0.961495487752471,0.9755967199212124,0.9803344274420205,0.9998780663747086,0.9378134123004288,7.36425044297934e-05,0.25,0.75
HistoKit (no postprocessing),gaussian,6247d1f0-d194-53f2-2d84-7b4b827443da_115125_1.png,2663578,454722,246050,14010,0.9534544574614621,0.9110491791391411,0.9154359251423206,0.9947676789707752,0.9230218212387076,0.9534544574614621,0.6488872272293984,0.9701108522567267,0.0845640748576794,0.25,0.75
HistoKit (no postprocessing),gaussian,0e99786b-efbd-e936-5e70-bad7ef5912da_122209_3.png,9726640,1756079,61085,198376,0.986837903465581,0.9740177873225997,0.9937590195883109,0.9800125259243915,0.9779035068445553,0.9868379034655811,0.9663844320050364,0.8985006050280001,0.006240980411689131,0.25,0.75
HistoKit (no postprocessing),gaussian,66e65946-ef0a-6028-f7a7-e909aade97a4_112429_4.png,9078423,971224,23029,52732,0.9958447522068566,0.9917238936862095,0.9974697443880383,0.9942250460100611,0.992517733606389,0.9958447522068566,0.9768378873385346,0.9485016934321396,0.0025302556119616956,0.25,0.75
HistoKit (no postprocessing),gaussian,0e99786b-efbd-e936-5e70-bad7ef5912da_122209_4.png,5240907,253180,12226,28174,0.9961605038635405,0.9923503784195844,0.9976726269827929,0.9946529575081499,0.9927003171206292,0.9961605038635405,0.9539347264191466,0.899862806286742,0.002327373017207065,0.25,0.75
HistoKit (no postprocessing),gaussian,7e3642ed-4a56-9d3f-3ecf-de46d455c0fd_113100_1.png,558659,1941227,1717543,95771,0.38125496479940163,0.23552502494758581,0.2454347197656447,0.853657381232523,0.5795896318278773,0.38125496479940163,0.5305681964157354,0.9529842444617029,0.7545652802343553,0.25,0.75
HistoKit (no postprocessing),gaussian,59c3e1ff-f1eb-ac9b-3a83-925048a454e4_130514_1.png,4973816,709451,118575,89279,0.9795328357500567,0.9598866774611274,0.9767152600811682,0.9823667144306003,0.9647174111684347,0.9795328357500567,0.8567979749428158,0.8882238052908993,0.023284739918831843,0.25,0.75
HistoKit (no postprocessing),gaussian,728c532f-2f31-cf1c-4143-7abb9ca2b76d_102101_5.png,4828405,1829541,588902,76864,0.9355038897267504,0.8788232109994393,0.8912924816703207,0.9843303190915728,0.9090944592032019,0.9355038897267502,0.7564953980722308,0.9596811800220835,0.1087075183296793,0.25,0.75
HistoKit (no postprocessing),gaussian,0502ebf6-5b9d-c3a6-85fe-a3909acf1f7b_112628_5.png,2742680,843960,201,11647,0.9978447240853903,0.9956987186189431,0.9999267193873886,0.9957713808128084,0.9967075060414263,0.9978447240853903,0.999761893761972,0.9863874418979742,7.328061261133822e-05,0.25,0.75
HistoKit (no postprocessing),gaussian,f761dbde-597d-9a8f-e1a1-2533f0d71b83_120113_1.png,9251488,892773,116398,119581,0.9874070352375572,0.975127291615349,0.9875747847486616,0.9872393427046583,0.9772665179225143,0.9874070352375572,0.8846597851107493,0.8818782757810015,0.012425215251338455,0.25,0.75
HistoKit (no postprocessing),gaussian,228e0715-eef2-126e-c558-f7684e2bcfa8_110725_7.png,7251924,365852,1501,1981832,0.8797045413645911,0.785243334321936,0.9997930632770036,0.7853709801298626,0.7934266760225304,0.8797045413645911,0.9959140118632487,0.15583528277229813,0.00020693672299637757,0.25,0.75
HistoKit (no postprocessing),gaussian,c38dfb82-e376-0eab-4312-72ca49852e8b_104329_1.png,3513394,810568,42422,77354,0.9832400577396354,0.9670326464217198,0.9880696863954715,0.978457413330036,0.9730461156800874,0.9832400577396355,0.9502667088711474,0.9128819873817745,0.011930313604528469,0.25,0.75
HistoKit (no postprocessing),gaussian,7d4546a5-f4cc-3733-763f-d1c5a5904dff_120251_4.png,3285896,260971,5676,168993,0.9741095368371654,0.9495258722202877,0.9982755959766336,0.9510858380688931,0.953065347211474,0.9741095368371654,0.978713430115471,0.6069601175912402,0.0017244040233663428,0.25,0.75
HistoKit (no postprocessing),gaussian,59c3e1ff-f1eb-ac9b-3a83-925048a454e4_130514_3.png,2348098,404586,7893,69511,0.9837849840791018,0.9680874309730522,0.9966498174229018,0.9712480388681545,0.9726496137222588,0.9837849840791018,0.9808644803735463,0.8533823247141408,0.00335018257709813,0.25,0.75
HistoKit (no postprocessing),gaussian,7e3642ed-4a56-9d3f-3ecf-de46d455c0fd_113100_4.png,8163760,3773891,6124,100129,0.9935344731851901,0.987152015359589,0.9992504177537894,0.9878835497427422,0.9911778606006824,0.9935344731851901,0.9983799006088601,0.9741537214572976,0.0007495822462105949,0.25,0.75
HistoKit (no postprocessing),gaussian,c0272a60-2518-4785-1810-6431c15f4b4b_130712_3.png,33229800,2121184,167004,363611,0.9920792163452528,0.9842829242472286,0.9949994017391605,0.9891761214721542,0.9852120581359822,0.9920792163452528,0.9270147382994753,0.8536655941435812,0.00500059826083957,0.25,0.75
HistoKit (no postprocessing),gaussian,7e3642ed-4a56-9d3f-3ecf-de46d455c0fd_113100_3.png,3820310,1311888,241935,113779,0.9555153649159728,0.9148199339850537,0.940443030885631,0.9710786919157142,0.9351822696865402,0.9555153649159728,0.8442969372959468,0.9201924432563846,0.05955696911436902,0.25,0.75
HistoKit (no postprocessing),gaussian,3e1fffa8-5bae-87b0-bc39-e4a1bc285608_122517_7.png,3638555,351513,482,2547962,0.740631011747531,0.588096910957962,0.9998675473758579,0.5881427303925617,0.6102409844931079,0.7406310117475311,0.9986306623673632,0.12123332672294122,0.00013245262414204637,0.25,0.75
HistoKit (no postprocessing),gaussian,66e65946-ef0a-6028-f7a7-e909aade97a4_112429_5.png,13326908,461961,17327,16844,0.9987196111868609,0.9974424969719886,0.9987015366560915,0.998737686371869,0.9975279677986897,0.9987196111868609,0.9638484585468445,0.9648207516629943,0.0012984633439084368,0.25,0.75
HistoKit (no postprocessing),gaussian,b0f43f79-08e2-79bc-61fa-379c7ef1dd21_131900_5.png,7423889,146523,24259,425370,0.9706075023041487,0.942893507070156,0.9967429487169159,0.9458076233692887,0.9439368202731133,0.9706075023041486,0.8579534142942464,0.25620701774632665,0.0032570512830840635,0.25,0.75
HistoKit (no postprocessing),gaussian,cbd7b0be-5303-525e-8ff2-6d1502e77bdd_110516_5.png,4547225,503277,137518,109455,0.973561522693063,0.9484850229381432,0.9706455615601539,0.9764950565639039,0.9533791098589423,0.973561522693063,0.7853947050148643,0.8213656215115255,0.029354438439846114,0.25,0.75
HistoKit (no postprocessing),gaussian,1875292b-dccd-c5b5-17ad-67c30baa6d69_130951_13.png,11201533,342251,49489,1470554,0.9364613102753493,0.8805145683207803,0.9956013773682071,0.88395329040907,0.883644892113161,0.9364613102753492,0.873668759891765,0.1887963680594438,0.004398622631792916,0.25,0.75
HistoKit (no postprocessing),gaussian,6f1702fd-ae84-1c96-04ae-a23a14a5d2d4_111419_3.png,4543104,344847,16607,75186,0.9899985846591213,0.9801952448997249,0.9963578832079489,0.9837199482925498,0.9815667231086578,0.9899985846591213,0.9540550111494132,0.8209997785888251,0.0036421167920510753,0.25,0.75
HistoKit (no postprocessing),gaussian,1875292b-dccd-c5b5-17ad-67c30baa6d69_130951_12.png,7224476,277120,9025,956739,0.9373479212980634,0.8820835531071128,0.9987523330680399,0.8830566120068963,0.8859427259500009,0.9373479212980635,0.9684600464799316,0.22459616536411373,0.0012476669319600564,0.25,0.75
HistoKit (no postprocessing),gaussian,e398b039-2e70-a00a-855c-e3ff4eba631e_115619_3.png,16720232,538500,24073,4091595,0.8904128891654763,0.8024722714161615,0.9985623171579829,0.803400489538953,0.8074487237068643,0.8904128891654765,0.9572091088623166,0.11630430909085018,0.001437682842017032,0.25,0.75
HistoKit (no postprocessing),gaussian,04e13be9-17d6-1bd0-76ee-d5d53a64912e_105258_3.png,9191554,316013,1446,1664487,0.9169070979504705,0.8465636661595819,0.9998427064070489,0.8466764265168122,0.8509032084843603,0.9169070979504707,0.9954450810970865,0.15956223175965664,0.0001572935929511585,0.25,0.75
HistoKit (no postprocessing),gaussian,b91bdd22-8eea-af27-bee7-880d6f1d7c1e_121440_1.png,5067598,1313593,70999,687922,0.9303366211323048,0.869747099425918,0.9861831935837739,0.880476134215501,0.8937102107081794,0.9303366211323046,0.9487220784173244,0.6562993532399207,0.013816806416226063,0.25,0.75
HistoKit (no postprocessing),gaussian,b91bdd22-8eea-af27-bee7-880d6f1d7c1e_121440_2.png,9051414,1021230,2722,1861469,0.9066364889020239,0.829217803319193,0.9996993639150108,0.8294246350849726,0.8438287033371912,0.9066364889020241,0.9973416722658874,0.3542617526144769,0.0003006360849892248,0.25,0.75
HistoKit (no postprocessing),gaussian,b1a83861-bd20-5668-5a83-92a470ead44d_110338_3.png,847598,1698804,47823,89446,0.9250905201463603,0.8606217895411259,0.9465916032793513,0.9045445037799719,0.9488502875352456,0.9250905201463603,0.972619798045032,0.949981266601426,0.053408396720648725,0.25,0.75
HistoKit (no postprocessing),gaussian,3e1fffa8-5bae-87b0-bc39-e4a1bc285608_122517_3.png,10508062,485902,22828,1603632,0.9281680924756645,0.8659642299877984,0.9978322819818648,0.8675963907278371,0.871124773620918,0.9281680924756645,0.9551274742987439,0.23254084403508152,0.0021677180181352194,0.25,0.75
HistoKit (no postprocessing),gaussian,c74350c8-f970-c60d-af8a-f9c4d9c5bab2_124242_5.png,0,5535556,5565308,1850,0.0,0.0,0.0,0.0,0.49857683445687245,,0.4986599241284282,0.9996659085499601,1.0,0.25,0.75
HistoKit (no postprocessing),gaussian,0504f20c-cba2-27c1-e181-78505aa24ca7_112258_4.png,9870316,1352864,422841,207339,0.9690645615893957,0.9399856921044492,0.9589201835743884,0.9794258684187939,0.9468353277045496,0.9690645615893957,0.7618742978141076,0.8671076776547667,0.0410798164256117,0.25,0.75
HistoKit (no postprocessing),gaussian,c74350c8-f970-c60d-af8a-f9c4d9c5bab2_124242_4.png,0,2719415,917963,1278,0.0,0.0,0.0,0.0,0.747367984222746,,0.7476305734515357,0.9995302667371879,1.0,0.25,0.75
HistoKit (no postprocessing),gaussian,5fe08b37-e6eb-942a-a4ce-507361c4911e_102333_2.png,8933100,68329,14655,255326,0.9851136796660774,0.9706640634804801,0.9983621589996597,0.9722122156721945,0.9708802652455236,0.9851136796660774,0.8233996915067965,0.21111677557893435,0.0016378410003403089,0.25,0.75
HistoKit (no postprocessing),gaussian,cbd7b0be-5303-525e-8ff2-6d1502e77bdd_110516_4.png,3236552,341757,480,81681,0.9874664105875202,0.9752431138215326,0.9998517160164002,0.9753841879096495,0.9775545216871058,0.9874664105875202,0.9985974631614933,0.8071004491802815,0.0001482839835997914,0.25,0.75
HistoKit (no postprocessing),gaussian,7e6be544-b3c1-c3b1-a8a1-838402bd2649_124526_4.png,4603602,474453,18141,87164,0.9886920914653613,0.9776370609995059,0.9960748574726028,0.9814179603075489,0.9796840273490555,0.9886920914653612,0.9631725112364341,0.8447981453552866,0.0039251425273971316,0.25,0.75
HistoKit (no postprocessing),gaussian,66e65946-ef0a-6028-f7a7-e909aade97a4_112429_3.png,4704308,170014,12334,3782,0.9982900309526043,0.996585899910686,0.997385003992247,0.999196701847246,0.9967045896502522,0.9982900309526043,0.9323601026608463,0.9782388547492462,0.0026149960077529733,0.25,0.75
HistoKit (no postprocessing),gaussian,24aa9d72-799e-9634-ead4-94165f32d151_102546_6.png,8292281,118291,2876,31876,0.9979089389610185,0.9958266047462524,0.9996532916736838,0.9961706632875857,0.9958850601824157,0.9979089389610185,0.9762641643351738,0.7877296609774451,0.0003467083263161867,0.25,0.75
HistoKit (no postprocessing),gaussian,def4a0a8-b472-78ea-531c-84458df3a3e9_124843_6.png,16517443,7850972,2131129,82955,0.937187271003947,0.881799065287096,0.8857215984151494,0.995002830655024,0.9167089595301029,0.937187271003947,0.7865049652372782,0.9895442698174561,0.11427840158485057,0.25,0.75
HistoKit (no postprocessing),gaussian,84acf623-2a5d-c4c6-c1db-583a94b80fc7_105804_1.png,45316779,3736230,55025,860126,0.990003671160453,0.98020521747632,0.9987872424027927,0.9813732427498119,0.9816853172099993,0.990003671160453,0.9854863363187124,0.8128678457456298,0.0012127575972072876,0.25,0.75
HistoKit (no postprocessing),gaussian,0f3058e5-e9f7-bd55-4b60-07a71af55b96_123333_3.png,30681616,1532111,101481,447621,0.9911309756146489,0.982417887414564,0.9967033531421481,0.9856205598614576,0.9832400919957187,0.9911309756146489,0.9378786135093707,0.7738981841986693,0.003296646857851892,0.25,0.75
HistoKit (no postprocessing),gaussian,9e7010fd-072a-6a7f-3911-83d91e8c9301_113642_6.png,6741302,1646836,31437,1145225,0.9197325432255612,0.8513933632433792,0.9953583033393136,0.8547871578959915,0.8769799682167949,0.9197325432255613,0.9812682442010329,0.5898280875668548,0.004641696660686319,0.25,0.75
HistoKit (no postprocessing),gaussian,1875292b-dccd-c5b5-17ad-67c30baa6d69_130951_4.png,3915448,145857,7222,142108,0.9812874973716283,0.9632624463131811,0.9981589070709491,0.964976946713736,0.9645350404392686,0.9812874973716283,0.952821745634607,0.5065094716371781,0.001841092929050876,0.25,0.75
HistoKit (no postprocessing),gaussian,969ce636-2f0f-f223-bb1c-2b4624598a38_125938_4.png,15291343,752936,88305,4217436,0.8765854075335641,0.7802866487687659,0.9942583211267254,0.7838185567635986,0.7884158836207532,0.8765854075335641,0.8950300805595542,0.1514848385593674,0.005741678873274603,0.25,0.75
HistoKit (no postprocessing),gaussian,859ead5f-592a-5c4e-67de-d71b0ee92f6d_113334_2.png,12699261,598220,41858,309405,0.986358604547572,0.9730843757691262,0.9967147312571212,0.976215470517884,0.9742640788046139,0.9863586045475721,0.9346048450345115,0.659104806500482,0.0032852687428788635,0.25,0.75
HistoKit (no postprocessing),gaussian,35ce6eab-4a33-9fbb-2efe-2acf7936ba3e_104917_2.png,7202309,4499163,891101,197727,0.9297233165559166,0.8686756713825861,0.8898979540144389,0.9732802651230346,0.9148708005285255,0.9297233165559167,0.8346832362941778,0.9579025695726321,0.11010204598556109,0.25,0.75
HistoKit (no postprocessing),gaussian,d9d9ce51-54c1-b32b-5fae-fd9ffdaa32e5_111717_3.png,10793389,732726,29283,1129352,0.9490607183083464,0.9030595152754044,0.9972942910955815,0.9052774861082699,0.90865921677605,0.9490607183083463,0.9615713200237792,0.3934990908007076,0.0027057089044184284,0.25,0.75
HistoKit (no postprocessing),gaussian,b91bdd22-8eea-af27-bee7-880d6f1d7c1e_121440_4.png,6483100,244244,31515,223332,0.9807241438594084,0.9621773516473193,0.9951624155840368,0.9666988347902432,0.9635004255827433,0.9807241438594085,0.8857154254258247,0.5223621400585146,0.004837584415963185,0.25,0.75
HistoKit (no postprocessing),gaussian,6b809376-ab46-9021-2fa3-0d0025b512da_132412_1.png,3741142,440501,6517,78553,0.9887582898857381,0.9777665220850282,0.9982610477634171,0.9794347454443352,0.9800619352649217,0.9887582898857381,0.9854211687225123,0.8486612182932797,0.0017389522365828909,0.25,0.75
HistoKit (no postprocessing),gaussian,c38dfb82-e376-0eab-4312-72ca49852e8b_104329_5.png,2600321,527533,2619,91605,0.9822046488050878,0.965031573048511,0.9989938300537085,0.9659704612979703,0.9707567600784338,0.9822046488050877,0.9950599073473269,0.8520442938407915,0.0010061699462915012,0.25,0.75
HistoKit (no postprocessing),gaussian,cbd7b0be-5303-525e-8ff2-6d1502e77bdd_110516_2.png,9597795,747809,32216,37280,0.9963926452235926,0.9928112229165337,0.9966546247974172,0.9961308033409184,0.9933273804380178,0.9963926452235926,0.9586987596551393,0.9525149377968612,0.0033453752025828423,0.25,0.75
HistoKit (no postprocessing),gaussian,8e6bc805-8b70-bd59-8612-caf5bbe72e5e_125634_1.png,64574090,1027117,143606,107545,0.9980591012483674,0.9961257220779172,0.997781039671128,0.9983373178491854,0.9961861502362603,0.9980591012483673,0.87733562935041,0.9052184703462353,0.002218960328872029,0.25,0.75
HistoKit (no postprocessing),gaussian,e3dca99c-de77-4ab1-72a1-8daf3d4d032c_120923_2.png,9085427,1115889,191655,236725,0.9769678686767422,0.9549728095177882,0.9793410255509222,0.9746061853529099,0.9596996941398889,0.9769678686767423,0.8534236706374699,0.8249870251232059,0.020658974449077844,0.25,0.75
HistoKit (no postprocessing),gaussian,24aa9d72-799e-9634-ead4-94165f32d151_102546_7.png,10985954,598104,10783,71679,0.9962609677809885,0.9925497921292441,0.9990194364019073,0.993517690449665,0.9929317397132993,0.9962609677809885,0.9822906384928567,0.8929817567779416,0.0009805635980927798,0.25,0.75
HistoKit (no postprocessing),gaussian,b0f43f79-08e2-79bc-61fa-379c7ef1dd21_131900_4.png,12834985,194648,13090,697609,0.973059856821675,0.947533177357452,0.998981170330964,0.9484497207261224,0.9482764317485196,0.973059856821675,0.936987936727994,0.21815239331268907,0.001018829669036023,0.25,0.75
HistoKit (no postprocessing),gaussian,7e6be544-b3c1-c3b1-a8a1-838402bd2649_124526_3.png,50300008,513406,35701,57325,0.9990761427189775,0.998153990886915,0.9992907420853057,0.998861635504009,0.9981726084165382,0.9990761427189776,0.9349835278005926,0.8995586362051474,0.0007092579146943177,0.25,0.75
HistoKit (no postprocessing),gaussian,7ea29210-064a-9e70-4612-3ab81fa629dc_120503_4.png,2762509,176275,4908,523915,0.9126466981871509,0.8393285757863381,0.9982265050767557,0.8405820429743697,0.8474962704827854,0.9126466981871508,0.9729113658566201,0.2517530955883403,0.0017734949232443105,0.25,0.75
HistoKit (no postprocessing),gaussian,19a1c0fb-3d0a-327d-ea5a-6aae35f53e51_121144_3.png,24682037,1521172,39319,170268,0.995772210569641,0.9915800190457641,0.998409512811514,0.9931488045072681,0.9920649445821639,0.9957722105696409,0.9748034432752255,0.8993354774629901,0.0015904871884859391,0.25,0.75
HistoKit (no postprocessing),gaussian,7ea29210-064a-9e70-4612-3ab81fa629dc_120503_1.png,8767372,155608,5525,1019015,0.9447963617561971,0.8953687492289555,0.9993702194383451,0.8958742383680515,0.8970054847841472,0.944796361756197,0.9657115550507965,0.13247484512051952,0.000629780561654833,0.25,0.75
HistoKit (no postprocessing),gaussian,5fe08b37-e6eb-942a-a4ce-507361c4911e_102333_3.png,13477998,1653327,29375,1698295,0.9397681593419753,0.8863798683490919,0.9978252618033129,0.8880955316294961,0.8975223612083638,0.9397681593419753,0.9825429576954208,0.49329160627302243,0.0021747381966870983,0.25,0.75
HistoKit (no postprocessing),gaussian,f761dbde-597d-9a8f-e1a1-2533f0d71b83_120113_5.png,3492046,670111,527882,32168,0.9257635924668438,0.8617875785766181,0.8686837177183273,0.9908722909562245,0.88140079416256,0.9257635924668439,0.5593613652166582,0.954194842790401,0.13131628228167272,0.25,0.75
HistoKit (no postprocessing),gaussian,969ce636-2f0f-f223-bb1c-2b4624598a38_125938_5.png,12698367,272390,8439,1689589,0.937330027110037,0.8820518608998988,0.9993358677231714,0.8825692127498861,0.8842420827628191,0.937330027110037,0.9699496846835619,0.13883430964347732,0.0006641322768286539,0.25,0.75
HistoKit (no postprocessing),gaussian,859ead5f-592a-5c4e-67de-d71b0ee92f6d_113334_1.png,20238110,372521,9237,361772,0.9909171562163984,0.9819978233907039,0.9995437920829825,0.9824381518301901,0.9823174451568133,0.9909171562163984,0.9758040433992214,0.5073192853533943,0.0004562079170174739,0.25,0.75
HistoKit (no postprocessing),gaussian,969ce636-2f0f-f223-bb1c-2b4624598a38_125938_2.png,4525194,328106,6970,1266234,0.8766704457130813,0.780421419847344,0.9984621033131192,0.7813606592363749,0.7921809893537979,0.8766704457130813,0.9791987489405388,0.20579424714929062,0.0015378966868807042,0.25,0.75
HistoKit (no postprocessing),gaussian,a40a1d35-8d5f-0529-214c-05d84888ba26_111152_2.png,2751402,3931382,413,130883,0.9766961892760156,0.9544537790639186,0.9998499172364421,0.9545905418790994,0.9807316615008923,0.9766961892760156,0.9998949589182549,0.9677807823960278,0.00015008276355786998,0.25,0.75
HistoKit (no postprocessing),gaussian,04e13be9-17d6-1bd0-76ee-d5d53a64912e_105258_1.png,14090314,253031,58137,807976,0.9701820937502076,0.9420909151630934,0.9958909282719359,0.945767198785901,0.9430543152819778,0.9701820937502076,0.8131652354997944,0.23848193272994428,0.004109071728064083,0.25,0.75
HistoKit (no postprocessing),gaussian,9e7010fd-072a-6a7f-3911-83d91e8c9301_113642_2.png,2601237,834523,97651,434945,0.9071334787544005,0.830049654847594,0.9638180613645324,0.8567460712170746,0.8657892588265771,0.9071334787544005,0.8952438064138241,0.6573800993802128,0.03618193863546765,0.25,0.75
HistoKit (no postprocessing),gaussian,40f80889-968b-7602-00a3-4e00b00e88fe_110004_1.png,9163681,891563,101189,2488342,0.8761990607304823,0.7796746115019452,0.9890782061701892,0.7864454953444565,0.7952094046750535,0.8761990607304823,0.898072227504956,0.2637834495348242,0.010921793829810887,0.25,0.75
HistoKit (no postprocessing),gaussian,c38dfb82-e376-0eab-4312-72ca49852e8b_104329_2.png,5768761,752494,15472,58764,0.9936068250819557,0.9872948762424488,0.9973251423308847,0.9899161307759298,0.9887444316124455,0.9936068250819556,0.9798532747543511,0.9275643506751243,0.002674857669115335,0.25,0.75
HistoKit (no postprocessing),gaussian,2125a939-8f92-6ca7-9a29-e1755d6267ed_103351_3.png,10169452,2437233,404275,753936,0.946122491320347,0.89775375556282,0.9617660830471602,0.9309796557624795,0.9158576279835314,0.9461224913203469,0.8577251938055427,0.763743004522794,0.03823391695283981,0.25,0.75
HistoKit (no postprocessing),gaussian,0f3058e5-e9f7-bd55-4b60-07a71af55b96_123333_2.png,15228567,834436,40748,96477,0.9955146960261531,0.9910694482913734,0.9973313799603977,0.9937046184010956,0.9915294402029403,0.9955146960261531,0.9534406479094681,0.8963630328505456,0.0026686200396023006,0.25,0.75
HistoKit (no postprocessing),gaussian,f9a50b4c-7c73-18cd-0877-8296eed330e2_114604_2.png,8625573,1653967,43045,2154381,0.8870135041277066,0.7969669959315343,0.9950343872575766,0.8001493327337018,0.8238813827015318,0.8870135041277067,0.9746348287460548,0.4343003843136184,0.004965612742423302,0.25,0.75
HistoKit (no postprocessing),gaussian,c0272a60-2518-4785-1810-6431c15f4b4b_130712_2.png,17039407,1506139,74300,253793,0.99046432740961,0.9811087951633799,0.9956584508546278,0.985324115837439,0.9826163359381834,0.99046432740961,0.9529877458098668,0.8557938602173266,0.004341549145372186,0.25,0.75
HistoKit (no postprocessing),gaussian,0502ebf6-5b9d-c3a6-85fe-a3909acf1f7b_112628_1.png,7695540,2965972,366893,66774,0.9725956440251462,0.9466532221408558,0.9544935133104362,0.9913976682726311,0.9609139248677286,0.9725956440251462,0.8899166332869768,0.9779823302050353,0.04550648668956381,0.25,0.75
HistoKit (no postprocessing),gaussian,7d4546a5-f4cc-3733-763f-d1c5a5904dff_120251_3.png,2794858,448524,12203,251995,0.9548681446293882,0.9136341407283816,0.9956527485508865,0.9172933515335331,0.9246779831108628,0.954868144629388,0.9735135991595891,0.6402738540996032,0.004347251449113503,0.25,0.75
HistoKit (no postprocessing),gaussian,c38dfb82-e376-0eab-4312-72ca49852e8b_104329_4.png,5028646,146246,5558,25170,0.9969540107969651,0.9939265213443402,0.998895952567675,0.9950196049875975,0.9940971488506652,0.9969540107969651,0.9633869990250586,0.8531642320436832,0.0011040474323249514,0.25,0.75
HistoKit (no postprocessing),gaussian,7ea29210-064a-9e70-4612-3ab81fa629dc_120503_3.png,3889498,233137,5512,556926,0.9325729844532726,0.8736644012851936,0.9985848560080719,0.8747474374913413,0.8799510701327385,0.9325729844532726,0.9769033182623853,0.2950865943601966,0.0014151439919281336,0.25,0.75
HistoKit (no postprocessing),gaussian,7e6be544-b3c1-c3b1-a8a1-838402bd2649_124526_2.png,49837314,1371994,76828,107059,0.9981585245885141,0.9963238187743633,0.998460796942077,0.9978564351984156,0.9964219581989405,0.9981585245885141,0.9469720918097599,0.9276165221935928,0.001539203057922943,0.25,0.75
HistoKit (no postprocessing),gaussian,228e0715-eef2-126e-c558-f7684e2bcfa8_110725_12.png,2042247,6089530,479108,303483,0.8392074516882282,0.7229607503155934,0.8099799512563681,0.870623217505851,0.9122101533165334,0.8392074516882282,0.927061287286649,0.9525289562214249,0.1900200487436319,0.25,0.75
HistoKit (no postprocessing),gaussian,5fe08b37-e6eb-942a-a4ce-507361c4911e_102333_4.png,5136189,511919,16769,2159323,0.8251920115484072,0.7024058566677074,0.99674575263373,0.7040203621075533,0.7218767413920912,0.8251920115484072,0.9682818600006052,0.19164081726777282,0.0032542473662700144,0.25,0.75
HistoKit (no postprocessing),gaussian,be2180cd-04c9-2627-2456-4397fd5e59ee_103647_6.png,3764161,359142,11235,74189,0.9887802929070657,0.9778095560950076,0.9970241532278998,0.9806716427631664,0.9797031263847714,0.9887802929070657,0.9696660429778307,0.8287936935045035,0.0029758467721001983,0.25,0.75
HistoKit (no postprocessing),gaussian,0f3058e5-e9f7-bd55-4b60-07a71af55b96_123333_1.png,18641354,803934,33839,257873,0.9922364204158042,0.9845924585061923,0.9981880240809292,0.9863553678676911,0.9852200435729848,0.9922364204158042,0.9596083903396266,0.757137596568868,0.001811975919070823,0.25,0.75
HistoKit (no postprocessing),gaussian,9e7010fd-072a-6a7f-3911-83d91e8c9301_113642_4.png,6876297,215757,46893,971933,0.9310272133620193,0.8709550186868527,0.9932266772976042,0.876158955586164,0.8743877359793265,0.9310272133620193,0.8214620217018846,0.1816610394968384,0.006773322702395861,0.25,0.75
HistoKit (no postprocessing),gaussian,228e0715-eef2-126e-c558-f7684e2bcfa8_110725_1.png,7316292,550723,30668,2667916,0.84429301014219,0.7305424450587307,0.9958257565033701,0.7327864163086346,0.7445876944601059,0.84429301014219,0.9472506454348278,0.17110430837381888,0.004174243496629899,0.25,0.75
HistoKit (no postprocessing),gaussian,6f1702fd-ae84-1c96-04ae-a23a14a5d2d4_111419_1.png,2875903,787407,956,128356,0.9780123439114807,0.9569707990942412,0.9996676931333791,0.9572753214686217,0.965904326874653,0.9780123439114808,0.9987873606447791,0.8598370975896602,0.0003323068666208528,0.25,0.75
HistoKit (no postprocessing),gaussian,9e7010fd-072a-6a7f-3911-83d91e8c9301_113642_7.png,2911709,3267875,341395,412766,0.8853436804027743,0.7942750288471768,0.8950556145761095,0.8758402454522894,0.8912332368727145,0.8853436804027743,0.9054116206324271,0.8878548600637769,0.10494438542389053,0.25,0.75
HistoKit (no postprocessing),gaussian,deaaef3a-8172-327d-10b9-23d266fb17ca_123636_5.png,2368605,163048,667,456076,0.9120625465806101,0.8383409760496761,0.999718478925172,0.8385389359010805,0.8471611526718681,0.9120625465806101,0.9959258467458694,0.26335273709305407,0.00028152107482804845,0.25,0.75
HistoKit (no postprocessing),gaussian,f761dbde-597d-9a8f-e1a1-2533f0d71b83_120113_2.png,3034053,467698,17691,72662,0.9853286349718331,0.9710815431797276,0.9942029868822548,0.976611308085872,0.9748467750376938,0.9853286349718331,0.9635529441334683,0.8655303871493079,0.005797013117745132,0.25,0.75
HistoKit (no postprocessing),gaussian,7e3642ed-4a56-9d3f-3ecf-de46d455c0fd_113100_2.png,2179177,1256927,169,146619,0.9674176751809377,0.9368915697355721,0.9999224538003603,0.9369596473637413,0.9590308611032652,0.9674176751809377,0.999865563170991,0.8955367333881469,7.754619963970843e-05,0.25,0.75
HistoKit (no postprocessing),gaussian,3e1fffa8-5bae-87b0-bc39-e4a1bc285608_122517_5.png,4949866,1748274,248504,703271,0.9122909841001807,0.8387270591349084,0.9521957844478173,0.8755963281979545,0.8755835849156494,0.9122909841001806,0.8755475070338316,0.713131515024199,0.047804215552182706,0.25,0.75
HistoKit (no postprocessing),gaussian,8e6bc805-8b70-bd59-8612-caf5bbe72e5e_125634_3.png,31218209,393559,25485,97632,0.9980320026355695,0.9960717360841721,0.9991843154013734,0.9968823446255204,0.996120452303514,0.9980320026355695,0.9391829974895237,0.8012341431337301,0.0008156845986265261,0.25,0.75
HistoKit (no postprocessing),gaussian,7d4546a5-f4cc-3733-763f-d1c5a5904dff_120251_1.png,6249156,933547,27777,523136,0.9577819372414836,0.9189842044249845,0.995574749642859,0.922753478438319,0.9287638538039644,0.9577819372414836,0.9711054753652255,0.6408717613921492,0.0044252503571409795,0.25,0.75
HistoKit (no postprocessing),gaussian,54b22c23-34e4-1c55-9de2-c8e205e762bc_131621_2.png,20989679,1715197,79092,312867,0.9907494260799116,0.9816684297059,0.9962460078948127,0.9853131639757989,0.9830297527778157,0.9907494260799116,0.9559201444137483,0.8457311998043454,0.003753992105187341,0.25,0.75
HistoKit (no postprocessing),gaussian,1875292b-dccd-c5b5-17ad-67c30baa6d69_130951_1.png,10106917,348582,7463,1817719,0.917184052137355,0.8470359657592516,0.9992621396467208,0.8475660808430546,0.8513777859713154,0.917184052137355,0.9790391663975059,0.16091115685216412,0.0007378603532791926,0.25,0.75
HistoKit (no postprocessing),gaussian,be2180cd-04c9-2627-2456-4397fd5e59ee_103647_1.png,28911273,455376,8750,51261,0.9989632282485378,0.9979286040618703,0.9996974414577747,0.9982300927121915,0.9979606588039553,0.9989632282485378,0.9811473608459772,0.898821049390392,0.00030255854222522574,0.25,0.75
HistoKit (no postprocessing),gaussian,f761dbde-597d-9a8f-e1a1-2533f0d71b83_120113_3.png,9964441,14653693,459077,164929,0.9696390113155874,0.9410672783270294,0.9559575759354951,0.983717743551672,0.9752791958209566,0.9696390113155873,0.9696232391547016,0.9888701527038074,0.0440424240645049,0.25,0.75
HistoKit (no postprocessing),gaussian,9601a588-d18f-b3b2-00f0-b816a7730c15_114312_2.png,5455238,423148,19539,58555,0.992893160802543,0.9858866231052104,0.9964310875127882,0.9893802687188293,0.9868892365961105,0.992893160802543,0.9558627201611974,0.8784416954015234,0.003568912487211808,0.25,0.75
HistoKit (no postprocessing),gaussian,1c7a4a4c-ace6-25f8-ee0c-f8914aeab226_121941_3.png,6958399,3645561,752212,179056,0.9372801818095366,0.8819635860423514,0.902444566325548,0.9749131868432095,0.9192674821858744,0.9372801818095366,0.828956155763383,0.9531832860649838,0.097555433674452,0.25,0.75
HistoKit (no postprocessing),gaussian,6f1702fd-ae84-1c96-04ae-a23a14a5d2d4_111419_2.png,6259965,566692,13507,358872,0.9711161902805774,0.9438540883886601,0.9978469657631373,0.9457802027758049,0.9482737688768329,0.9711161902805774,0.9767200563944439,0.6122666828009733,0.002153034236862777,0.25,0.75
HistoKit (no postprocessing),gaussian,f9a50b4c-7c73-18cd-0877-8296eed330e2_114604_5.png,5055207,3231777,402147,976309,0.8800181392948132,0.7857432072522295,0.9263109924699772,0.838132071605215,0.8573830058435001,0.8800181392948131,0.889335330072946,0.7679921465483357,0.07368900753002279,0.25,0.75
HistoKit (no postprocessing),gaussian,9601a588-d18f-b3b2-00f0-b816a7730c15_114312_1.png,9483638,967330,393565,75365,0.9758733777569553,0.9528835170983007,0.9601542055984877,0.9921158095671693,0.9570572911944782,0.9758733777569552,0.710804286884734,0.9277209538743353,0.03984579440151225,0.25,0.75
HistoKit (no postprocessing),gaussian,2125a939-8f92-6ca7-9a29-e1755d6267ed_103351_7.png,727963,344765,603,1639119,0.47031380828828084,0.30745770657836663,0.9991723467743485,0.3075360295925532,0.3954830503788088,0.4703138082882809,0.9982540362743508,0.1737828421419801,0.0008276532256514853,0.9,1.25
HistoKit (no postprocessing),gaussian,54b22c23-34e4-1c55-9de2-c8e205e762bc_131621_1.png,26112789,1334204,138705,179550,0.993943057028215,0.9879590454315766,0.9947163007179706,0.9931710145681599,0.988537649654705,0.9939430570282148,0.9058292128026918,0.8813875966636587,0.005283699282029434,0.25,0.75
HistoKit (no postprocessing),gaussian,228e0715-eef2-126e-c558-f7684e2bcfa8_110725_2.png,2624241,188713,57596,869956,0.8498142983021143,0.738849645798615,0.9785236761220014,0.7510283478578912,0.7520249934099825,0.8498142983021142,0.7661636399806747,0.1782549597655169,0.02147632387799855,0.9,1.25
HistoKit (no postprocessing),gaussian,be2180cd-04c9-2627-2456-4397fd5e59ee_103647_4.png,4690959,432876,31725,156564,0.9803255039311062,0.9614102419061298,0.993282421606019,0.9677022677355012,0.9645548560236922,0.9803255039311062,0.9317156011287104,0.7343851791530944,0.00671757839398105,0.9,1.25
HistoKit (no postprocessing),gaussian,39bcf904-a619-148a-5bca-38122a540be1_104536_1.png,1695458,912551,1145,310162,0.9159134930553886,0.8448712230879052,0.9993251220232429,0.8453535565062176,0.8933630343546228,0.9159134930553886,0.9987468479669387,0.7463329497600827,0.0006748779767570846,0.9,1.25
HistoKit (no postprocessing),gaussian,9e7010fd-072a-6a7f-3911-83d91e8c9301_113642_3.png,3191571,272248,2403,578104,0.9166375272504401,0.8461041897861072,0.9992476457228519,0.846643543541552,0.8564638458917506,0.9166375272504401,0.9912507145431839,0.32015918113910474,0.0007523542771481546,0.9,1.25
HistoKit (no postprocessing),gaussian,332605c9-e7e2-297a-c808-98d567218fe3_115336_3.png,9041415,259683,37298,199180,0.9870913246286377,0.9745116698371064,0.9958917084392909,0.9784451109479422,0.9752056497374175,0.9870913246286377,0.8744094740067546,0.5659270849905091,0.004108291560709101,0.25,0.75
HistoKit (no postprocessing),gaussian,c74350c8-f970-c60d-af8a-f9c4d9c5bab2_124242_3.png,303453,1907649,1519687,23215,0.28230707114309744,0.1643524674290697,0.16644525379290676,0.9289339635348427,0.5889983068744732,0.28230707114309744,0.5565981858796453,0.9879768849592722,0.8335547462070932,0.9,1.25
HistoKit (no postprocessing),gaussian,969ce636-2f0f-f223-bb1c-2b4624598a38_125938_1.png,21441441,770172,145076,2766061,0.9364297551608213,0.8804587752475324,0.9932793233850555,0.885735380709666,0.8841234737439174,0.9364297551608214,0.8414899568204465,0.21779447225338375,0.0067206766149444114,0.25,0.75
HistoKit (no postprocessing),gaussian,be2180cd-04c9-2627-2456-4397fd5e59ee_103647_3.png,21743466,1445782,44781,334670,0.9913498452790147,0.9828480575142962,0.9979447176268931,0.9848415645233819,0.9839002144327101,0.9913498452790146,0.9699569894060164,0.8120308775524417,0.0020552823731069324,0.25,0.75
HistoKit (no postprocessing),gaussian,332605c9-e7e2-297a-c808-98d567218fe3_115336_2.png,5446902,470437,11431,181086,0.9826347261638915,0.9658622634707582,0.9979057708644745,0.9678240252111412,0.968490746754097,0.9826347261638915,0.976277735811467,0.7220573947504539,0.0020942291355254433,0.9,1.25
HistoKit (no postprocessing),gaussian,10fd35f3-17d4-d309-f849-cc9e883460c1_123055_2.png,4863765,3687545,3619996,106184,0.7230369912834452,0.5662160817094871,0.5733029254360182,0.9786347908197851,0.6965031126068928,0.7230369912834452,0.5046218693812323,0.9720106523159667,0.4266970745639817,0.25,0.75
HistoKit (no postprocessing),gaussian,0502ebf6-5b9d-c3a6-85fe-a3909acf1f7b_112628_8.png,4012071,95144,272,51478,0.9935920391208798,0.9872656792708143,0.9999322091855058,0.9873317634412677,0.9875570003594645,0.9935920391208798,0.9971493250607865,0.6489067124988065,6.77908144941746e-05,0.9,1.25
HistoKit (no postprocessing),gaussian,def4a0a8-b472-78ea-531c-84458df3a3e9_124843_7.png,11472697,163652,61429,284228,0.9851592356222998,0.9707525261131965,0.9946741521637616,0.9758246310153378,0.9711519924126227,0.9851592356222997,0.7270804732518515,0.36539251585246046,0.005325847836238307,0.9,1.25
HistoKit (no postprocessing),gaussian,3e1fffa8-5bae-87b0-bc39-e4a1bc285608_122517_10.png,3355602,1786395,221455,1874428,0.7620231297817315,0.6155390687124701,0.9380901674197532,0.641602820633916,0.7104286061664465,0.7620231297817315,0.8897054062803497,0.4879763375612533,0.061909832580246835,0.9,1.25
HistoKit (no postprocessing),gaussian,04e13be9-17d6-1bd0-76ee-d5d53a64912e_105258_2.png,3234580,117852,4520,935400,0.8731394451132934,0.7748424961073183,0.9986045506467846,0.7756823773735125,0.7810244826146597,0.8731394451132933,0.9630634458863139,0.11189345000056966,0.0013954493532153994,0.9,1.25
HistoKit (no postprocessing),gaussian,b91bdd22-8eea-af27-bee7-880d6f1d7c1e_121440_5.png,4081909,713819,397797,3918615,0.6541400278680761,0.4860386974967973,0.9112001992987933,0.5102052065589704,0.5263009567456163,0.6541400278680762,0.6421453091715125,0.1540915639596808,0.08879980070120673,0.9,1.25
HistoKit (no postprocessing),gaussian,7e6be544-b3c1-c3b1-a8a1-838402bd2649_124526_1.png,51761026,2592877,154707,264960,0.995962477780457,0.9919574276255779,0.9970200362961262,0.9949071604332497,0.9923381477599507,0.995962477780457,0.9436934412196315,0.9072865247388147,0.002979963703873737,0.25,0.75
HistoKit (no postprocessing),gaussian,d9d9ce51-54c1-b32b-5fae-fd9ffdaa32e5_111717_1.png,7487645,299731,7969,560665,0.963417602916741,0.9294172905382249,0.9989368449335838,0.93033754912522,0.931949100108784,0.9634176029167411,0.9741013974650634,0.3483640091306794,0.0010631550664161734,0.9,1.25
HistoKit (no postprocessing),gaussian,cd7afea3-2dfd-f8a4-f2e6-1e02af01c417_132555_3.png,0,4002349,401,106110,0.0,0.0,0.0,0.0,0.974077724721699,,0.9998998188745237,0.9741727981221183,1.0,0.9,1.25
HistoKit (no postprocessing),gaussian,be2180cd-04c9-2627-2456-4397fd5e59ee_103647_5.png,4982630,479514,16492,91500,0.9892793310442348,0.9787860894012559,0.9967010206992348,0.9819673520386746,0.9806123225716571,0.9892793310442348,0.9667504022128764,0.8397587449694753,0.0032989793007652144,0.9,1.25
HistoKit (no postprocessing),gaussian,0504f20c-cba2-27c1-e181-78505aa24ca7_112258_3.png,3533889,2190805,2675515,48013,0.7218422138987384,0.564752037462103,0.5691188719561491,0.986595669004903,0.677621160996953,0.7218422138987384,0.45019747982048036,0.9785543085681819,0.4308811280438509,0.9,1.25
HistoKit (no postprocessing),gaussian,19a1c0fb-3d0a-327d-ea5a-6aae35f53e51_121144_1.png,6550195,58881,4896,7176,0.9990793490955397,0.998160391828007,0.9992530996137201,0.9989056589904705,0.9981767512219936,0.9990793490955397,0.9232325132884895,0.8913665470729825,0.0007469003862799158,0.9,1.25
HistoKit (no postprocessing),gaussian,cbd7b0be-5303-525e-8ff2-6d1502e77bdd_110516_1.png,11676996,480902,20376,39286,0.9974518287491564,0.9949166108444158,0.9982580702742462,0.9966468884924415,0.9951167008797174,0.9974518287491563,0.959351896552412,0.9244773043591932,0.0017419297257537847,0.9,1.25
HistoKit (no postprocessing),gaussian,b0f43f79-08e2-79bc-61fa-379c7ef1dd21_131900_10.png,4976636,182311,4081,448052,0.956548255449932,0.9167153732273375,0.9991806400564417,0.9174050194223151,0.919421394811694,0.956548255449932,0.9781052834885617,0.2892158962375647,0.000819359943558327,0.9,1.25
HistoKit (no postprocessing),gaussian,def4a0a8-b472-78ea-531c-84458df3a3e9_124843_8.png,29545050,639570,183190,1723710,0.9687378067773825,0.9393710087927776,0.9938378457655078,0.9448743730163908,0.9405793181500908,0.9687378067773824,0.7773469784627351,0.2706281100842896,0.0061621542344921865,0.25,0.75
HistoKit (no postprocessing),gaussian,c0272a60-2518-4785-1810-6431c15f4b4b_130712_1.png,8107849,226505,47033,17563,0.9960322583855058,0.9920958782836715,0.9942325345725419,0.99783850960419,0.9923090386298288,0.9960322583855059,0.828056796496282,0.9280405460773227,0.005767465427458055,0.9,1.25
HistoKit (no postprocessing),gaussian,d9d9ce51-54c1-b32b-5fae-fd9ffdaa32e5_111717_2.png,6678151,749070,7527,1702757,0.8864849674637638,0.7961140546478574,0.9988741605563415,0.7968290547993129,0.8128281188355027,0.8864849674637639,0.9900515069449125,0.3055150302203214,0.001125839443658519,0.9,1.25
HistoKit (no postprocessing),gaussian,6f1702fd-ae84-1c96-04ae-a23a14a5d2d4_111419_5.png,2309171,935343,25300,225717,0.948449683007558,0.9019536846512834,0.989162426948118,0.9109558292121782,0.9281891649652084,0.948449683007558,0.9736634733194329,0.8055940261485195,0.01083757305188199,0.9,1.25
HistoKit (no postprocessing),gaussian,e398b039-2e70-a00a-855c-e3ff4eba631e_115619_4.png,4945253,185963,864,635264,0.9395696668089724,0.8860267736604973,0.999825317516751,0.8861639521929598,0.8897017413908378,0.9395696668089722,0.9953754007718371,0.22644530683964362,0.00017468248324898096,0.9,1.25
HistoKit (no postprocessing),gaussian,2125a939-8f92-6ca7-9a29-e1755d6267ed_103351_8.png,6550369,209012,0,1615569,0.8902191290246935,0.8021575721001065,1.0,0.8021575721001065,0.8070950871348486,0.8902191290246934,1.0,0.11455342349832646,0.0,0.9,1.25
HistoKit (no postprocessing),gaussian,deaaef3a-8172-327d-10b9-23d266fb17ca_123636_1.png,3651834,3637735,448602,78351,0.9327061033856702,0.8738980953085189,0.8905965121757784,0.9789954117557172,0.9325847224635202,0.9327061033856702,0.8902190396925168,0.9789157193886255,0.10940348782422162,0.9,1.25
HistoKit (no postprocessing),gaussian,8e6bc805-8b70-bd59-8612-caf5bbe72e5e_125634_2.png,7193971,1490031,218776,42295,0.9821782532379485,0.9649806131206236,0.9704865146483483,0.9941551347062145,0.9708139888852779,0.9821782532379486,0.8719714982440966,0.9723981711463487,0.02951348535165169,0.9,1.25
HistoKit (no postprocessing),gaussian,04e13be9-17d6-1bd0-76ee-d5d53a64912e_105258_4.png,7938675,384963,32067,791039,0.9507135613542529,0.9060572274061632,0.9959769115598021,0.9093854621125045,0.9100110378075521,0.9507135613542528,0.9231062513488238,0.32734893308004576,0.004023088440197914,0.9,1.25
HistoKit (no postprocessing),gaussian,7ea29210-064a-9e70-4612-3ab81fa629dc_120503_2.png,8251372,53350,15510,536473,0.9676346035911334,0.937298564013379,0.9981238391935436,0.9389528376979794,0.9376762577053205,0.9676346035911335,0.7747603833865815,0.09045086407278116,0.0018761608064564125,0.9,1.25
HistoKit (no postprocessing),gaussian,0502ebf6-5b9d-c3a6-85fe-a3909acf1f7b_112628_7.png,5010819,890585,14249,223657,0.9768112500906473,0.9546735635797265,0.9971644164815282,0.9572723229603116,0.9612487396792148,0.9768112500906473,0.9842523601014108,0.799274304863755,0.00283558351847179,0.9,1.25
HistoKit (no postprocessing),gaussian,f4c75e72-7c5b-0601-d74f-78529d4dec70_114117_1.png,4393307,8443757,10328322,148040,0.4561400066116471,0.2954542565809636,0.298425330511997,0.9674017422584092,0.5506296672140766,0.45614000661164716,0.44980404141704283,0.9827696115259706,0.701574669488003,0.9,1.25
HistoKit (no postprocessing),gaussian,9e7010fd-072a-6a7f-3911-83d91e8c9301_113642_1.png,8268148,270897,74920,28402,0.9937906026448444,0.9876578426489016,0.9910200899716987,0.9965766493301432,0.9880447104363885,0.9937906026448444,0.78335362344824,0.9051049285162998,0.00897991002830134,0.9,1.25
HistoKit (no postprocessing),gaussian,24aa9d72-799e-9634-ead4-94165f32d151_102546_1.png,6275961,409815,19641,61791,0.9935542057952306,0.9871909759236215,0.9968802030369772,0.9902503285076475,0.9879666769515582,0.9935542057952306,0.9542653962221974,0.8689774939250137,0.0031197969630227577,0.9,1.25
HistoKit (no postprocessing),gaussian,e16fa7c2-3d43-e563-886f-5b0ebdd4e8c5_105048_1.png,42025659,447704,1003466,46784,0.987658864287906,0.9756186224648213,0.9766793770498471,0.9988880132299425,0.975869420583259,0.987658864287906,0.3085124416849852,0.9053890084289204,0.02332062295015295,0.25,0.75
HistoKit (no postprocessing),gaussian,e398b039-2e70-a00a-855c-e3ff4eba631e_115619_1.png,14515392,375929,893,1715650,0.94417261051668,0.8942490220666852,0.9999384828831894,0.8942982218886502,0.8966427591170063,0.9441726105166801,0.9976301808280833,0.17973454504945785,6.151711681053382e-05,0.9,1.25
HistoKit (no postprocessing),gaussian,b1a83861-bd20-5668-5a83-92a470ead44d_110338_5.png,2710096,2333908,262,164442,0.9705090300696736,0.9427076666202866,0.999903333803136,0.942793589787298,0.9683791066805818,0.9705090300696736,0.9998877545337315,0.9341797586407029,9.66661968640305e-05,0.9,1.25
HistoKit (no postprocessing),gaussian,b91bdd22-8eea-af27-bee7-880d6f1d7c1e_121440_6.png,5673243,409704,98499,627252,0.9398826414690169,0.8865835786062621,0.9829342683716632,0.900444012732333,0.8934082551465787,0.9398826414690169,0.8061817816896004,0.39510258873086224,0.017065731628336817,0.9,1.25
HistoKit (no postprocessing),gaussian,40f80889-968b-7602-00a3-4e00b00e88fe_110004_3.png,21326149,9004585,127376,946147,0.9754487628717137,0.9520741643002629,0.9940627006517577,0.9575191080434635,0.9658160038621516,0.9754487628717137,0.9860516268083055,0.9049168443085394,0.005937299348242305,0.9,1.25
HistoKit (no postprocessing),gaussian,59c3e1ff-f1eb-ac9b-3a83-925048a454e4_130514_4.png,1779585,1074224,131,70380,0.9805737749405526,0.9618879236536915,0.9999263927503039,0.9619560370061055,0.9758880697050938,0.9805737749405525,0.9998780663747086,0.9385114851948796,7.360724969601891e-05,0.9,1.25
HistoKit (no postprocessing),gaussian,d9d9ce51-54c1-b32b-5fae-fd9ffdaa32e5_111717_5.png,9206458,224713,7211,857462,0.9551462063020433,0.914143406534976,0.9992173584703335,0.9147984085724051,0.9160172784280726,0.9551462063020432,0.9689079181111053,0.20764940975350568,0.0007826415296664119,0.9,1.25
HistoKit (no postprocessing),gaussian,2125a939-8f92-6ca7-9a29-e1755d6267ed_103351_5.png,4154041,952550,2583,38898,0.9950319555646205,0.9901130300353568,0.9993785822340437,0.9907229749824645,0.9919424203857289,0.9950319555646205,0.9972956645828382,0.9607664748932874,0.0006214177659562183,0.9,1.25
HistoKit (no postprocessing),gaussian,0502ebf6-5b9d-c3a6-85fe-a3909acf1f7b_112628_2.png,8388806,2876829,287023,297747,0.9663197135047483,0.9348342288514635,0.9669169366984988,0.9657232276139914,0.9506540071837207,0.9663197135047483,0.9092805226034594,0.9062088921481168,0.033083063301501216,0.9,1.25
HistoKit (no postprocessing),gaussian,0e99786b-efbd-e936-5e70-bad7ef5912da_122209_3.png,9750582,1757600,59564,174434,0.9881430920100884,0.9765640617832698,0.9939283268567053,0.9824248142269998,0.9800720138849855,0.9881430920100884,0.967221450568028,0.9097148393868845,0.006071673143294707,0.9,1.25
HistoKit (no postprocessing),gaussian,6247d1f0-d194-53f2-2d84-7b4b827443da_115125_1.png,2645625,451676,249096,31963,0.949561483399431,0.9039667418826222,0.9139481836073321,0.9880627639502418,0.9168060834250938,0.949561483399431,0.6445405923752662,0.9339114504826947,0.08605181639266789,0.9,1.25
HistoKit (no postprocessing),gaussian,66e65946-ef0a-6028-f7a7-e909aade97a4_112429_4.png,9085583,974956,19297,45572,0.9964428122670307,0.9929108419999362,0.9978805871137236,0.9950091746334391,0.9935934433456903,0.9964428122670307,0.980591459115537,0.9553446843202734,0.0021194128862763706,0.9,1.25
HistoKit (no postprocessing),gaussian,7e3642ed-4a56-9d3f-3ecf-de46d455c0fd_113100_1.png,571737,1941807,1716963,82693,0.3885231029550173,0.24109753212563248,0.24980862498361514,0.8736411839310545,0.5827561902995456,0.38852310295501724,0.5307267196352873,0.9591538651518894,0.7501913750163849,0.9,1.25
HistoKit (no postprocessing),gaussian,0e99786b-efbd-e936-5e70-bad7ef5912da_122209_4.png,5242653,252956,12450,26428,0.9963058418590933,0.9926388768711194,0.9976308742188307,0.9949843245909485,0.9929753200251441,0.9963058418590933,0.9530907364565986,0.905406179308765,0.002369125781169275,0.9,1.25
HistoKit (no postprocessing),gaussian,728c532f-2f31-cf1c-4143-7abb9ca2b76d_102101_5.png,4845748,1824080,594363,59521,0.9367945885023073,0.8811040447797235,0.890744324886018,0.9878659050094908,0.9107168605210035,0.9367945885023072,0.7542373336894853,0.9684004202588552,0.10925567511398204,0.9,1.25
HistoKit (no postprocessing),gaussian,0502ebf6-5b9d-c3a6-85fe-a3909acf1f7b_112628_5.png,2740161,843782,379,14166,0.9973529841577603,0.994719944705533,0.9998617060871215,0.9948568198329393,0.9959580245925511,0.9973529841577604,0.99955103351138,0.9834885097931343,0.0001382939128784838,0.9,1.25
HistoKit (no postprocessing),gaussian,228e0715-eef2-126e-c558-f7684e2bcfa8_110725_7.png,7393360,366564,789,1840396,0.8892713784448492,0.8006198464569722,0.9998932940085465,0.8006882573028787,0.8082320490268364,0.8892713784448494,0.9978522021053319,0.16609453728205315,0.00010670599145351277,0.9,1.25
HistoKit (no postprocessing),gaussian,f761dbde-597d-9a8f-e1a1-2533f0d71b83_120113_1.png,9232790,893802,115369,138279,0.9864498685522715,0.973262039977492,0.987658639524638,0.9852440527329379,0.9755643414795805,0.9864498685522715,0.8856794339115968,0.866019236862223,0.012341360475362047,0.9,1.25
HistoKit (no postprocessing),gaussian,59c3e1ff-f1eb-ac9b-3a83-925048a454e4_130514_1.png,4979937,708935,119091,83158,0.9800977610682334,0.9609722615128056,0.9766443722215293,0.9835756587620813,0.9656688429927004,0.9800977610682335,0.8561748061051223,0.8950148530538712,0.02335562777847072,0.9,1.25
HistoKit (no postprocessing),gaussian,c38dfb82-e376-0eab-4312-72ca49852e8b_104329_1.png,3513487,811596,41394,77261,0.9833947438357071,0.967331949026222,0.9883557283633404,0.9784833132261022,0.9732983807776246,0.9833947438357071,0.9514718812647276,0.9130782566824585,0.011644271636659568,0.9,1.25
HistoKit (no postprocessing),gaussian,59c3e1ff-f1eb-ac9b-3a83-925048a454e4_130514_3.png,2338705,412453,26,78904,0.983405307442277,0.967352391903658,0.9999888828599783,0.9673627952245379,0.9721104078742427,0.9834053074422769,0.9999369664879909,0.8394161475261368,1.111714002166132e-05,0.9,1.25
HistoKit (no postprocessing),gaussian,7d4546a5-f4cc-3733-763f-d1c5a5904dff_120251_4.png,3328563,263055,3592,126326,0.9808579405113625,0.962434953379822,0.998922018933693,0.9634355836034095,0.9650902208120518,0.9808579405113625,0.9865290065142305,0.6755722544243299,0.0010779810663069395,0.9,1.25
HistoKit (no postprocessing),gaussian,7e3642ed-4a56-9d3f-3ecf-de46d455c0fd_113100_4.png,8159544,3776152,3863,104345,0.9934129147000212,0.9869120409030169,0.9995267907137302,0.9873733783210302,0.9910155378189663,0.9934129147000214,0.9989780463834138,0.9731104031261975,0.00047320928626981356,0.9,1.25
HistoKit (no postprocessing),gaussian,c0272a60-2518-4785-1810-6431c15f4b4b_130712_3.png,33298259,2106857,181331,295152,0.9928960536595045,0.985892327467668,0.9945838345093234,0.9912139913389563,0.9867206865558026,0.9928960536595044,0.9207534520764902,0.8771228584072749,0.005416165490676558,0.9,1.25
HistoKit (no postprocessing),gaussian,7e3642ed-4a56-9d3f-3ecf-de46d455c0fd_113100_3.png,3809106,1332833,220990,124983,0.9565588946012681,0.9167349164721056,0.945165077953478,0.9682307644794005,0.9369572617053626,0.9565588946012681,0.8577765936017165,0.9142669582443875,0.05483492204652197,0.9,1.25
HistoKit (no postprocessing),gaussian,3e1fffa8-5bae-87b0-bc39-e4a1bc285608_122517_7.png,3246431,351513,482,2940086,0.6882822048819994,0.5247182034456447,0.9998515513042696,0.5247590849584669,0.5502695414491859,0.6882822048819994,0.9986306623673632,0.10679095479127318,0.00014844869573037527,0.9,1.25
HistoKit (no postprocessing),gaussian,b0f43f79-08e2-79bc-61fa-379c7ef1dd21_131900_5.png,7284566,151039,19743,564693,0.9614324494402903,0.9257293364520686,0.9972970749183804,0.9280577950096945,0.9271280533353882,0.9614324494402903,0.8843964820648547,0.21102731189886717,0.0027029250816196304,0.9,1.25
HistoKit (no postprocessing),gaussian,cbd7b0be-5303-525e-8ff2-6d1502e77bdd_110516_5.png,4616392,465851,174944,40288,0.9772193442517455,0.955453487274672,0.9634874281411281,0.9913483425960126,0.959370832330497,0.9772193442517455,0.726989130689222,0.9204013126828796,0.03651257185887193,0.9,1.25
HistoKit (no postprocessing),gaussian,1875292b-dccd-c5b5-17ad-67c30baa6d69_130951_13.png,11304826,340822,50918,1367261,0.9409776521234896,0.888534273153237,0.9955161018071559,0.8921045128556961,0.8914423009429013,0.9409776521234897,0.8700209322509828,0.19953480012388156,0.004483898192844079,0.9,1.25
HistoKit (no postprocessing),gaussian,66e65946-ef0a-6028-f7a7-e909aade97a4_112429_5.png,13328602,464580,14708,15150,0.9988811807009704,0.9977648621173398,0.9988977247774353,0.9988646371725134,0.9978399831006783,0.9988811807009704,0.9693128140074444,0.9684197361015571,0.001102275222564716,0.9,1.25
HistoKit (no postprocessing),gaussian,6f1702fd-ae84-1c96-04ae-a23a14a5d2d4_111419_3.png,4559471,345816,15638,58819,0.9919010368200053,0.9839322061111005,0.996581939359259,0.9872639007078378,0.9850480265652211,0.9919010368200053,0.9567358502050053,0.8546368949794259,0.0034180606407410185,0.9,1.25
HistoKit (no postprocessing),gaussian,1875292b-dccd-c5b5-17ad-67c30baa6d69_130951_12.png,7084399,281503,4642,1096816,0.927869054716568,0.8654437769924396,0.9993451864645726,0.8659348275286739,0.8699171878838269,0.927869054716568,0.983777455485855,0.20423646485320163,0.0006548135354274295,0.9,1.25
HistoKit (no postprocessing),gaussian,04e13be9-17d6-1bd0-76ee-d5d53a64912e_105258_3.png,9356489,316013,1446,1499552,0.9257445442697666,0.8617545662269731,0.9998454787300831,0.8618693499775839,0.8656644739786101,0.9257445442697666,0.9954450810970865,0.17405766249073978,0.00015452126991692078,0.9,1.25
HistoKit (no postprocessing),gaussian,e398b039-2e70-a00a-855c-e3ff4eba631e_115619_3.png,17605122,539451,23122,3206705,0.9159776005616639,0.8449803260857514,0.9986883548922967,0.8459191016723328,0.8488927408488659,0.9159776005616638,0.9588995561464912,0.14400121084119294,0.001311645107703297,0.9,1.25
HistoKit (no postprocessing),gaussian,b1a83861-bd20-5668-5a83-92a470ead44d_110338_3.png,843501,1692635,53992,93543,0.9195791635709719,0.8511305341077418,0.9398413135255651,0.9001722437793743,0.9450249304031679,0.9195791635709719,0.9690878476056994,0.947629519566359,0.0601586864744349,0.9,1.25
HistoKit (no postprocessing),gaussian,b91bdd22-8eea-af27-bee7-880d6f1d7c1e_121440_1.png,5322399,1310414,74178,433121,0.9545108870555914,0.912980226419962,0.9862546202898615,0.9247468517180029,0.9289508343846707,0.9545108870555913,0.9464260951962744,0.7515845681331318,0.013745379710138483,0.9,1.25
HistoKit (no postprocessing),gaussian,b91bdd22-8eea-af27-bee7-880d6f1d7c1e_121440_2.png,8848931,1021666,2286,2063952,0.8954549916262314,0.8107003198942683,0.9997417304309678,0.8108701431143356,0.8269023572831492,0.8954549916262313,0.9977674734753191,0.33110579469007506,0.0002582695690321455,0.9,1.25
HistoKit (no postprocessing),gaussian,3e1fffa8-5bae-87b0-bc39-e4a1bc285608_122517_3.png,10394599,506604,2126,1717095,0.9236187579411953,0.8580777161952217,0.9997955125291859,0.8582283370104958,0.8637747036074224,0.9236187579411952,0.9958209659347788,0.22782040195188288,0.00020448747081412656,0.9,1.25
HistoKit (no postprocessing),gaussian,0504f20c-cba2-27c1-e181-78505aa24ca7_112258_4.png,9971047,1323554,452151,106608,0.9727445975052843,0.9469354895997134,0.9566207031661492,0.9894213485180828,0.952860707849926,0.9727445975052843,0.7453681777096984,0.925457395735588,0.0433792968338508,0.9,1.25
HistoKit (no postprocessing),gaussian,c74350c8-f970-c60d-af8a-f9c4d9c5bab2_124242_5.png,0,5518318,5582546,1850,0.0,0.0,0.0,0.0,0.4970242410999689,,0.4971070720261054,0.9996648652722163,1.0,0.9,1.25
HistoKit (no postprocessing),gaussian,c74350c8-f970-c60d-af8a-f9c4d9c5bab2_124242_4.png,0,2718993,918385,1278,0.0,0.0,0.0,0.0,0.7472520073345763,,0.7475145558146555,0.999530193866714,1.0,0.9,1.25
HistoKit (no postprocessing),gaussian,5fe08b37-e6eb-942a-a4ce-507361c4911e_102333_2.png,9035676,70770,12214,152750,0.9909540940176733,0.9820703777128548,0.9986500720057384,0.9833758251957408,0.9822072370869156,0.9909540940176734,0.8528150004820206,0.3166159627773801,0.0013499279942616456,0.9,1.25
HistoKit (no postprocessing),gaussian,cbd7b0be-5303-525e-8ff2-6d1502e77bdd_110516_4.png,3241766,341142,1095,76467,0.9881784958423092,0.9766332221461693,0.9996623352033899,0.9769555061383574,0.9788109177236803,0.9881784958423092,0.9968004628371567,0.8168933140808747,0.0003376647966101538,0.9,1.25
HistoKit (no postprocessing),gaussian,7e6be544-b3c1-c3b1-a8a1-838402bd2649_124526_4.png,4616709,475220,17374,74057,0.9901949082499888,0.9805802291350725,0.996250822438873,0.9842121734488568,0.9823606695271021,0.9901949082499888,0.9647295744568549,0.8651736737565927,0.00374917756112698,0.9,1.25
HistoKit (no postprocessing),gaussian,66e65946-ef0a-6028-f7a7-e909aade97a4_112429_3.png,4702271,170127,12221,5819,0.9980854504635778,0.9961782179182685,0.9974077800959255,0.9987640423186472,0.9963111688564501,0.9980854504635778,0.9329797968719152,0.9669273527104907,0.0025922199040745004,0.9,1.25
HistoKit (no postprocessing),gaussian,24aa9d72-799e-9634-ead4-94165f32d151_102546_6.png,8290939,117640,3527,33218,0.9977889263147734,0.9955876087517249,0.9995747767246258,0.9960094457612945,0.9956490716045945,0.9977889263147734,0.970891414328984,0.7798061753437007,0.00042522327537420734,0.9,1.25
HistoKit (no postprocessing),gaussian,0f3058e5-e9f7-bd55-4b60-07a71af55b96_123333_3.png,30739170,1529688,103904,390067,0.9920291660577254,0.9841843956712519,0.9966312047884721,0.9874694326751408,0.9849228221409085,0.9920291660577254,0.936395379017527,0.7968141768090199,0.003368795211527878,0.9,1.25
HistoKit (no postprocessing),gaussian,def4a0a8-b472-78ea-531c-84458df3a3e9_124843_6.png,16588407,7841473,2140628,11991,0.9390700948979283,0.8851386791737016,0.8857053767052067,0.9992776679209739,0.9190211951103618,0.9390700948979283,0.7855533619625769,0.998473157832009,0.11429462329479335,0.9,1.25
HistoKit (no postprocessing),gaussian,84acf623-2a5d-c4c6-c1db-583a94b80fc7_105804_1.png,45188386,3749515,41740,988519,0.9887288867308249,0.9777090176486135,0.9990771637470124,0.9785927835570617,0.9793816902603578,0.9887288867308249,0.9889904530294058,0.7913651527194613,0.0009228362529876658,0.9,1.25
HistoKit (no postprocessing),gaussian,9e7010fd-072a-6a7f-3911-83d91e8c9301_113642_6.png,6912274,1654402,23871,974253,0.9326623431996607,0.8738212666417038,0.9965584629502411,0.8764661555079948,0.8956461191033791,0.9326623431996607,0.985776449957784,0.6293720552906334,0.0034415370497589077,0.9,1.25
HistoKit (no postprocessing),gaussian,b91bdd22-8eea-af27-bee7-880d6f1d7c1e_121440_4.png,6376534,255781,19978,329898,0.9732979092332227,0.9479847347990978,0.9968767353207498,0.9508087161697905,0.9498902278668687,0.9732979092332227,0.927552681870764,0.43672557834581743,0.0031232646792501914,0.9,1.25
HistoKit (no postprocessing),gaussian,859ead5f-592a-5c4e-67de-d71b0ee92f6d_113334_2.png,12674773,607365,32713,333893,0.9857441346590268,0.9718890157244874,0.9974256906519512,0.9743330330719537,0.9731399460639015,0.9857441346590268,0.9488921662672362,0.6452694160368359,0.0025743093480488587,0.9,1.25
HistoKit (no postprocessing),gaussian,d9d9ce51-54c1-b32b-5fae-fd9ffdaa32e5_111717_3.png,10955255,738914,23095,967486,0.9567452485123962,0.9170772978969408,0.9978963141091329,0.9188537266724154,0.9219077238416209,0.9567452485123962,0.9696919590188567,0.43302508204406936,0.002103685890867025,0.9,1.25
HistoKit (no postprocessing),gaussian,969ce636-2f0f-f223-bb1c-2b4624598a38_125938_4.png,15991619,763846,77395,3517160,0.8989663299238376,0.8164748766144935,0.995183587493296,0.8197139862007766,0.8233635642618533,0.8989663299238376,0.9079990157398415,0.17842675296413973,0.004816412506703896,0.9,1.25
HistoKit (no postprocessing),gaussian,1875292b-dccd-c5b5-17ad-67c30baa6d69_130951_4.png,3882347,151153,1926,175209,0.9776959438436662,0.956365122446657,0.9995041543166507,0.956819080254222,0.9579315233925524,0.9776959438436662,0.9874182611592707,0.4631452191125192,0.0004958456833492394,0.9,1.25
HistoKit (no postprocessing),gaussian,6b809376-ab46-9021-2fa3-0d0025b512da_132412_1.png,3770561,439091,7927,49134,0.9924901782439302,0.9850923105782128,0.9979020708812626,0.9871366692890401,0.9866264733531409,0.9924901782439302,0.9822669333225955,0.8993619744994623,0.002097929118737442,0.9,1.25
HistoKit (no postprocessing),gaussian,35ce6eab-4a33-9fbb-2efe-2acf7936ba3e_104917_2.png,7227440,4502643,887621,172596,0.9316654610667274,0.8720727703861296,0.8906205387735224,0.9766763296827204,0.9171077300766988,0.9316654610667274,0.8353288447467508,0.9630829568285172,0.10937946122647753,0.9,1.25
HistoKit (no postprocessing),gaussian,c38dfb82-e376-0eab-4312-72ca49852e8b_104329_5.png,2637002,526323,3829,54924,0.9889826219345828,0.9782053636179846,0.9985500776081468,0.9795967645470195,0.9817654941934987,0.9889826219345829,0.992777543044259,0.9055066090663694,0.0014499223918531705,0.9,1.25
HistoKit (no postprocessing),gaussian,cbd7b0be-5303-525e-8ff2-6d1502e77bdd_110516_2.png,9591816,749746,30279,43259,0.9961812665100843,0.9923915875197121,0.99685318010267,0.9955102580934762,0.9929392900692264,0.9961812665100843,0.9611820133970065,0.9454492720726856,0.0031468198973300513,0.9,1.25
HistoKit (no postprocessing),gaussian,e3dca99c-de77-4ab1-72a1-8daf3d4d032c_120923_2.png,9155217,1304642,2902,166935,0.9908098209165872,0.9817870223593343,0.9996831227023802,0.9820926541425199,0.984022402898446,0.9908098209165872,0.9977805718201452,0.8865604722009109,0.00031687729761974045,0.9,1.25
HistoKit (no postprocessing),gaussian,8e6bc805-8b70-bd59-8612-caf5bbe72e5e_125634_1.png,64583884,1031408,139315,97751,0.9981680282515567,0.9963427564699375,0.9978475260470361,0.9984887364087194,0.9964000377936353,0.9981680282515566,0.8810008857774213,0.9134302609287089,0.0021524739529639133,0.9,1.25
HistoKit (no postprocessing),gaussian,b0f43f79-08e2-79bc-61fa-379c7ef1dd21_131900_4.png,13135335,195039,12699,397259,0.9846346195449373,0.9697342833410839,0.9990341521781888,0.9706442829807795,0.9701638941475359,0.9846346195449371,0.9388701152413136,0.3292920117913618,0.0009658478218112304,0.9,1.25
HistoKit (no postprocessing),gaussian,24aa9d72-799e-9634-ead4-94165f32d151_102546_7.png,10999906,597926,10961,57727,0.9968875093459003,0.9937943337699441,0.9990045288895052,0.9947794433040055,0.9941123831271022,0.9968875093459002,0.9819983018195494,0.9119549517808963,0.0009954711104947502,0.9,1.25
HistoKit (no postprocessing),gaussian,7e6be544-b3c1-c3b1-a8a1-838402bd2649_124526_3.png,50321383,506384,42723,35950,0.9992189051230692,0.9984390295121894,0.9991517172964413,0.999286101986378,0.9984545570265766,0.9992189051230691,0.9221954919532988,0.9337124355102207,0.0008482827035587606,0.9,1.25
HistoKit (no postprocessing),gaussian,19a1c0fb-3d0a-327d-ea5a-6aae35f53e51_121144_3.png,24664007,1527194,33297,188298,0.9955278153658085,0.9910954535076145,0.9986517961636623,0.9924233184809216,0.9916103164541914,0.9955278153658085,0.9786624850768124,0.8902367367495739,0.0013482038363377639,0.9,1.25
HistoKit (no postprocessing),gaussian,7ea29210-064a-9e70-4612-3ab81fa629dc_120503_4.png,2696323,177907,3276,590101,0.9008729167930026,0.81962580174484,0.9987864864374302,0.8204428278274501,0.8288799739993604,0.9008729167930026,0.9819188334446388,0.231647326590348,0.0012135135625698484,0.9,1.25
HistoKit (no postprocessing),gaussian,859ead5f-592a-5c4e-67de-d71b0ee92f6d_113334_1.png,20393075,373688,8070,206807,0.9947592288359021,0.9895731026547422,0.999604433966819,0.9899607677364366,0.9897588081770539,0.994759228835902,0.9788609537979558,0.6437402561606904,0.0003955660331809808,0.9,1.25
HistoKit (no postprocessing),gaussian,7ea29210-064a-9e70-4612-3ab81fa629dc_120503_1.png,8604809,155543,5590,1181578,0.9354687280702183,0.8787611531358784,0.9993507850216929,0.8792631029204139,0.8806568873447854,0.9354687280702183,0.9653081615808059,0.11632679465807508,0.0006492149783070448,0.9,1.25
HistoKit (no postprocessing),gaussian,f761dbde-597d-9a8f-e1a1-2533f0d71b83_120113_5.png,3492959,657675,540318,31255,0.9243700058657033,0.8593754459307984,0.8660349884225655,0.9911313558143745,0.8789606215907096,0.9243700058657033,0.5489806701708607,0.9546325461222476,0.13396501157743443,0.9,1.25
HistoKit (no postprocessing),gaussian,5fe08b37-e6eb-942a-a4ce-507361c4911e_102333_3.png,13452724,1660787,21915,1723569,0.9390775839333952,0.8851519863394421,0.9983736113449867,0.8864301710569241,0.8964657145933076,0.9390775839333952,0.9869763035879199,0.49072467553649796,0.001626388655013318,0.9,1.25
HistoKit (no postprocessing),gaussian,969ce636-2f0f-f223-bb1c-2b4624598a38_125938_2.png,4216624,329121,5955,1574804,0.8421452072082634,0.7273323152877773,0.9985897244314434,0.728080190239782,0.7419802549708611,0.8421452072082634,0.9822279124735881,0.17286447732972676,0.0014102755685565622,0.9,1.25
HistoKit (no postprocessing),gaussian,969ce636-2f0f-f223-bb1c-2b4624598a38_125938_5.png,12962847,271344,9485,1425109,0.9475665607028698,0.9003577094012748,0.999268828457366,0.9009512539515689,0.9022008980293869,0.9475665607028698,0.966224998130535,0.15994784411946572,0.000731171542633969,0.9,1.25
HistoKit (no postprocessing),gaussian,a40a1d35-8d5f-0529-214c-05d84888ba26_111152_2.png,2756011,3931382,413,126274,0.9775326231589536,0.95605262847513,0.9998501681889288,0.9561896203879908,0.9814080550859398,0.9775326231589536,0.9998949589182549,0.9688800627751588,0.00014983181107115597,0.9,1.25
HistoKit (no postprocessing),gaussian,9e7010fd-072a-6a7f-3911-83d91e8c9301_113642_2.png,2613037,922061,10113,423145,0.923443614900133,0.857775428840608,0.9961447115109696,0.8606325312514204,0.890821791190105,0.9234436149001332,0.9891511670567941,0.6854422296659396,0.003855288489030364,0.9,1.25
HistoKit (no postprocessing),gaussian,04e13be9-17d6-1bd0-76ee-d5d53a64912e_105258_1.png,14282382,264282,46886,615908,0.9773229771710658,0.9556516430452208,0.9967279556778476,0.958659148130423,0.9564222472621969,0.9773229771710658,0.8493225524475524,0.30025562662606936,0.0032720443221523946,0.9,1.25
HistoKit (no postprocessing),gaussian,2125a939-8f92-6ca7-9a29-e1755d6267ed_103351_3.png,10166616,2465539,375969,756772,0.9472308569474116,0.8997517292355662,0.9643380631979728,0.9307200293535303,0.91770798704182,0.9472308569474116,0.8676868057383614,0.7651461947651856,0.03566193680202721,0.9,1.25
HistoKit (no postprocessing),gaussian,40f80889-968b-7602-00a3-4e00b00e88fe_110004_1.png,9234190,906540,86212,2417833,0.8806029822493107,0.7866761910968727,0.9907501843804591,0.7924967192392257,0.801969983649373,0.8806029822493107,0.9131585733395652,0.27269503151421337,0.009249815619540873,0.9,1.25
HistoKit (no postprocessing),gaussian,c38dfb82-e376-0eab-4312-72ca49852e8b_104329_2.png,5762343,750882,17084,65182,0.9929123511495525,0.9859244647503366,0.9970439976142964,0.9888148055992896,0.9875269331729813,0.9929123511495525,0.9777542234942693,0.9201263626382244,0.0029560023857036345,0.9,1.25
HistoKit (no postprocessing),gaussian,f9a50b4c-7c73-18cd-0877-8296eed330e2_114604_2.png,8954468,1661945,35067,1825486,0.9058876534441532,0.8279658449114431,0.9960991308226732,0.8306592031839839,0.8508809753909724,0.9058876534441532,0.9793360329803207,0.47655279774710957,0.003900869177326747,0.9,1.25
HistoKit (no postprocessing),gaussian,c0272a60-2518-4785-1810-6431c15f4b4b_130712_2.png,16989952,1511677,68762,303248,0.9891706179748819,0.978573274149546,0.9959690982567619,0.9824643212360928,0.980289439678273,0.989170617974882,0.95649183549634,0.832914307753764,0.004030901743238089,0.9,1.25
HistoKit (no postprocessing),gaussian,7d4546a5-f4cc-3733-763f-d1c5a5904dff_120251_3.png,2836405,445495,15232,210448,0.9617393604125801,0.9262985841346664,0.9946585066752887,0.930929388454251,0.9356593434789798,0.9617393604125802,0.9669392069490176,0.6791672447148609,0.0053414933247113855,0.9,1.25
HistoKit (no postprocessing),gaussian,0502ebf6-5b9d-c3a6-85fe-a3909acf1f7b_112628_1.png,7717471,2940620,392245,44843,0.9724617455990191,0.9463995539182438,0.9516327082230747,0.9942229855684787,0.9606055927533932,0.9724617455990191,0.8823099645500193,0.9849795492357467,0.04836729177692536,0.9,1.25
HistoKit (no postprocessing),gaussian,c38dfb82-e376-0eab-4312-72ca49852e8b_104329_4.png,5032417,144941,6863,21399,0.997199868107863,0.9944153739053594,0.9986380990935213,0.9957657738231863,0.9945708676392053,0.9971998681078631,0.9547903876050697,0.8713538535529638,0.0013619009064787034,0.9,1.25
HistoKit (no postprocessing),gaussian,7ea29210-064a-9e70-4612-3ab81fa629dc_120503_3.png,3685567,233946,4703,760857,0.9059126470775477,0.8280076034676161,0.9987255675059007,0.8288833903379434,0.8365959292416575,0.9059126470775477,0.9802932339963712,0.2351681689741587,0.0012744324940993478,0.9,1.25
HistoKit (no postprocessing),gaussian,228e0715-eef2-126e-c558-f7684e2bcfa8_110725_12.png,2209224,6117097,451541,136506,0.8825431764138384,0.7897783232300338,0.8302965500523346,0.9418066017828138,0.9340337980213516,0.8825431764138384,0.9312580477109562,0.9781716236224142,0.16970344994766542,0.9,1.25
HistoKit (no postprocessing),gaussian,0f3058e5-e9f7-bd55-4b60-07a71af55b96_123333_2.png,15231592,843357,31827,93452,0.9959043708734238,0.9918421532615596,0.997914818429606,0.9939020077201736,0.9922668372321674,0.9959043708734236,0.9636339329786651,0.9002443400949393,0.002085181570393894,0.9,1.25
HistoKit (no postprocessing),gaussian,5fe08b37-e6eb-942a-a4ce-507361c4911e_102333_4.png,4975168,511357,17331,2320344,0.8097596917841301,0.6803329430154592,0.9965285921940095,0.6819491215969489,0.7012250453720508,0.80975969178413,0.9672188511938988,0.18058297821697983,0.003471407805990547,0.9,1.25
HistoKit (no postprocessing),gaussian,be2180cd-04c9-2627-2456-4397fd5e59ee_103647_6.png,3758938,360934,9443,79412,0.9883188980917033,0.9769075415439448,0.997494149344241,0.9793109018197924,0.9788879155145962,0.9883188980917033,0.9745043563720209,0.819659994640578,0.0025058506557590647,0.9,1.25
HistoKit (no postprocessing),gaussian,6f1702fd-ae84-1c96-04ae-a23a14a5d2d4_111419_1.png,2961537,787568,795,42722,0.9927065555524084,0.9855187294471247,0.9997316303506831,0.9857795216723991,0.9885258799848758,0.9927065555524083,0.99899158128933,0.948545688855701,0.000268369649316822,0.9,1.25
HistoKit (no postprocessing),gaussian,0f3058e5-e9f7-bd55-4b60-07a71af55b96_123333_1.png,18714077,804315,33458,185150,0.9941931792168474,0.9884534074274198,0.9982153387098623,0.9902033030239809,0.9889239499417338,0.9941931792168474,0.9600631674689922,0.8128786768607278,0.00178466129013761,0.9,1.25
HistoKit (no postprocessing),gaussian,9e7010fd-072a-6a7f-3911-83d91e8c9301_113642_4.png,6673165,228123,34527,1175065,0.9169003516232087,0.8465521644267354,0.9948526259106709,0.85027643175595,0.8508679699366777,0.9169003516232088,0.8685436893203884,0.16257479396916166,0.005147374089329086,0.9,1.25
HistoKit (no postprocessing),gaussian,7e6be544-b3c1-c3b1-a8a1-838402bd2649_124526_2.png,49823546,1386468,62354,120827,0.998165075637928,0.9963368728371285,0.9987500676543873,0.9975807685081961,0.9964356954262136,0.998165075637928,0.9569622769394722,0.9198385186708641,0.0012499323456126882,0.9,1.25
HistoKit (no postprocessing),gaussian,228e0715-eef2-126e-c558-f7684e2bcfa8_110725_1.png,8027964,561711,19680,1956244,0.8904203517198345,0.8024843940675865,0.997554563795317,0.8040661813135304,0.8129851416848207,0.8904203517198345,0.9661501468030981,0.22308222347103104,0.00244543620468301,0.9,1.25
HistoKit (no postprocessing),gaussian,deaaef3a-8172-327d-10b9-23d266fb17ca_123636_5.png,2219419,163088,627,605262,0.879896573194149,0.7855493985080565,0.9997175734196498,0.7857237684538537,0.7972527737287829,0.879896573194149,0.9961701737776013,0.2122574347628034,0.0002824265803501369,0.9,1.25
HistoKit (no postprocessing),gaussian,9e7010fd-072a-6a7f-3911-83d91e8c9301_113642_7.png,2658541,3203213,406057,665934,0.8322149394755702,0.7126439338946832,0.8675007292963057,0.7996874694500635,0.845395093127884,0.8322149394755702,0.8874960864662383,0.8278860947904021,0.13249927070369424,0.9,1.25
HistoKit (no postprocessing),gaussian,f761dbde-597d-9a8f-e1a1-2533f0d71b83_120113_2.png,3074676,464523,20866,32039,0.9914700406642292,0.9830843709563397,0.993259338752309,0.989687177613653,0.985271862952743,0.9914700406642292,0.9570117987840681,0.9354783491286083,0.006740661247691035,0.9,1.25
HistoKit (no postprocessing),gaussian,3e1fffa8-5bae-87b0-bc39-e4a1bc285608_122517_5.png,5000261,1793267,203511,652876,0.9211205509781836,0.8537752311561152,0.9608916378350166,0.8845108476939441,0.8880527430696943,0.9211205509781836,0.8980803073751814,0.7330998228639944,0.0391083621649834,0.9,1.25
HistoKit (no postprocessing),gaussian,8e6bc805-8b70-bd59-8612-caf5bbe72e5e_125634_3.png,31274023,393554,25490,41818,0.9989250559854697,0.99785242049867,0.9991856103320201,0.998664637491294,0.9978790532878881,0.9989250559854698,0.9391710655682936,0.9039488069972346,0.000814389667979818,0.9,1.25
HistoKit (no postprocessing),gaussian,7e3642ed-4a56-9d3f-3ecf-de46d455c0fd_113100_2.png,2178871,1256965,131,146925,0.9673556949723384,0.9367753158203159,0.9999398807343912,0.9368280795048233,0.9589560611930251,0.9673556949723383,0.9998957915704131,0.8953443645869691,6.0119265608751164e-05,0.9,1.25
HistoKit (no postprocessing),gaussian,54b22c23-34e4-1c55-9de2-c8e205e762bc_131621_2.png,20970714,1723760,70529,331832,0.990497756353358,0.9811743981621737,0.9966480592425077,0.9844228948032785,0.9825793880416949,0.9904977563533579,0.9606925082860119,0.8385710783073684,0.0033519407574923213,0.9,1.25
HistoKit (no postprocessing),gaussian,1875292b-dccd-c5b5-17ad-67c30baa6d69_130951_1.png,10237797,348400,7645,1686839,0.9235688751298033,0.8579916111596768,0.9992538145255226,0.8585416779178836,0.8620203553858292,0.9235688751298033,0.9785279950568047,0.17118382656778885,0.0007461854744773334,0.9,1.25
HistoKit (no postprocessing),gaussian,7d4546a5-f4cc-3733-763f-d1c5a5904dff_120251_1.png,6513531,928837,32487,258761,0.9781317599605356,0.9571994917101643,0.9950371355532478,0.9617912222331819,0.9623399972276876,0.9781317599605357,0.9662059825823551,0.7821139813303828,0.004962864446752209,0.9,1.25
HistoKit (no postprocessing),gaussian,be2180cd-04c9-2627-2456-4397fd5e59ee_103647_1.png,28915023,456055,8071,47511,0.9990397961994988,0.9980814346127739,0.9997209496328435,0.9983595703331759,0.9981111685797844,0.9990397961994987,0.9826103256443294,0.9056508977969124,0.00027905036715643214,0.9,1.25
HistoKit (no postprocessing),gaussian,f761dbde-597d-9a8f-e1a1-2533f0d71b83_120113_3.png,10043253,14677564,435206,86117,0.9747026724649162,0.9506536750741346,0.9584666027705028,0.9914982866654096,0.9793471155773639,0.974702672464916,0.9712027642847737,0.9941669696060217,0.0415333972294972,0.9,1.25
HistoKit (no postprocessing),gaussian,6f1702fd-ae84-1c96-04ae-a23a14a5d2d4_111419_2.png,6471269,565437,14762,147568,0.9876129999935902,0.9755291207683793,0.9977240318462862,0.9777048445217793,0.9774511476258766,0.9876129999935901,0.9745570054412366,0.7930337094410278,0.0022759681537137273,0.9,1.25
HistoKit (no postprocessing),gaussian,9601a588-d18f-b3b2-00f0-b816a7730c15_114312_2.png,5466716,420303,22384,47077,0.993687023949065,0.9874532551975849,0.9959221001621396,0.9914619573132325,0.9883385825185345,0.993687023949065,0.94943605753049,0.8992746801317986,0.004077899837860487,0.9,1.25
HistoKit (no postprocessing),gaussian,9601a588-d18f-b3b2-00f0-b816a7730c15_114312_1.png,9501616,1028271,332624,57387,0.9798893356825364,0.9605716026291732,0.9661769491084212,0.9939965496401665,0.9642843733522053,0.9798893356825366,0.7555843764581397,0.9471408123000061,0.03382305089157881,0.9,1.25
HistoKit (no postprocessing),gaussian,1c7a4a4c-ace6-25f8-ee0c-f8914aeab226_121941_3.png,7016045,3846083,551690,121410,0.954227045009279,0.9124610083435805,0.9270997200615508,0.9829897351366839,0.9416483141902353,0.954227045009279,0.8745524155066666,0.9693988117937448,0.07290027993844922,0.9,1.25
HistoKit (no postprocessing),gaussian,f9a50b4c-7c73-18cd-0877-8296eed330e2_114604_5.png,4910976,3228082,405842,1120540,0.865497261536363,0.7628868862039364,0.9236682542076858,0.8142191780640223,0.842078374083332,0.8654972615363629,0.8883185228970116,0.7423229703570464,0.07633174579231412,0.9,1.25
HistoKit (no postprocessing),gaussian,2125a939-8f92-6ca7-9a29-e1755d6267ed_103351_7.png,915744,336112,9256,1451338,0.5563312213972799,0.3853593217799825,0.9899935135135135,0.38686619221471835,0.4615222400412911,0.5563312213972799,0.9731996015843969,0.18803994517329156,0.010006486486486487,0.75,1.25
HistoKit (no postprocessing),gaussian,be2180cd-04c9-2627-2456-4397fd5e59ee_103647_4.png,4386059,438871,25730,461464,0.9473833477044514,0.9000269429885951,0.994167898782104,0.9048041649312443,0.9082864029529432,0.9473833477044514,0.944619146321252,0.487453003604214,0.00583210121789596,0.75,1.25
HistoKit (no postprocessing),gaussian,54b22c23-34e4-1c55-9de2-c8e205e762bc_131621_1.png,26123493,1341354,131555,168846,0.9942832361959311,0.9886314636290927,0.994989344525289,0.993578129355475,0.9891806837093622,0.9942832361959311,0.9106835520728028,0.8881962653953119,0.005010655474710996,0.9,1.25
HistoKit (no postprocessing),gaussian,228e0715-eef2-126e-c558-f7684e2bcfa8_110725_2.png,2743643,182668,63641,750554,0.8707930722952271,0.7711545607191783,0.9773300456954124,0.7851998613701517,0.782330251575589,0.8707930722952271,0.7416212968263441,0.1957390631596769,0.022669954304587635,0.75,1.25
HistoKit (no postprocessing),gaussian,39bcf904-a619-148a-5bca-38122a540be1_104536_1.png,1669971,912148,1548,335649,0.9082990879594163,0.8320035991008227,0.9990738962584332,0.8326457653992282,0.8844945185790096,0.9082990879594163,0.998305782229538,0.7310067262543507,0.0009261037415668024,0.75,1.25
HistoKit (no postprocessing),gaussian,332605c9-e7e2-297a-c808-98d567218fe3_115336_3.png,9185905,264563,32418,54690,0.995280980174461,0.9906062894552181,0.9964833082980494,0.9940815499434831,0.9908668617686507,0.9952809801744609,0.8908415016448864,0.8286938572229549,0.003516691701950561,0.9,1.25
HistoKit (no postprocessing),gaussian,10fd35f3-17d4-d309-f849-cc9e883460c1_123055_2.png,4872805,3642751,3664790,97144,0.7214938555817401,0.5643256848875223,0.5707467969609709,0.9804537229657688,0.6935909538513165,0.7214938555817401,0.498492037198286,0.9740249392028386,0.42925320303902914,0.9,1.25
HistoKit (no postprocessing),gaussian,be2180cd-04c9-2627-2456-4397fd5e59ee_103647_3.png,21826238,1450261,40302,251898,0.9933507303592363,0.9867893022102193,0.9981569100552716,0.9885906129031907,0.9876022006984773,0.9933507303592363,0.9729618942641136,0.8520126498170852,0.0018430899447283383,0.9,1.25
HistoKit (no postprocessing),gaussian,9e7010fd-072a-6a7f-3911-83d91e8c9301_113642_3.png,3209202,270792,3859,560473,0.9191818221396312,0.8504500025705347,0.9987989646010456,0.8513206045614011,0.8604632762047372,0.9191818221396311,0.9859494412909474,0.3257589336733773,0.001201035398954455,0.75,1.25
HistoKit (no postprocessing),gaussian,969ce636-2f0f-f223-bb1c-2b4624598a38_125938_1.png,21954341,771355,143893,2253161,0.9482341885247219,0.9015639966416709,0.9934884841928998,0.9069230274152202,0.9045863211630892,0.9482341885247219,0.8427825026659441,0.2550341939007762,0.0065115158071002415,0.9,1.25
HistoKit (no postprocessing),gaussian,c74350c8-f970-c60d-af8a-f9c4d9c5bab2_124242_3.png,305208,1906954,1520382,21460,0.28361655526428525,0.16524078936682818,0.167183212002695,0.9343063905861608,0.5892806720504293,0.2836165552642852,0.5563954044774133,0.9888716841922948,0.832816787997305,0.75,1.25
HistoKit (no postprocessing),gaussian,0502ebf6-5b9d-c3a6-85fe-a3909acf1f7b_112628_8.png,4019797,94708,708,43752,0.9945002841396161,0.9890607311496296,0.9998239027186884,0.9892330571133755,0.9893098403088268,0.9945002841396162,0.9925798608199883,0.6840098223313592,0.00017609728131167603,0.75,1.25
HistoKit (no postprocessing),gaussian,3e1fffa8-5bae-87b0-bc39-e4a1bc285608_122517_10.png,3621895,1731674,276176,1608135,0.7935703165422907,0.657784143927779,0.9291505978213327,0.6925189721665076,0.7396598175156262,0.7935703165422906,0.8624518763851882,0.5184949199190733,0.07084940217866735,0.75,1.25
HistoKit (no postprocessing),gaussian,332605c9-e7e2-297a-c808-98d567218fe3_115336_2.png,5419821,468128,13740,208167,0.9799388855936904,0.9606668382453035,0.9974712716025458,0.9630121812626466,0.9636804860867425,0.9799388855936904,0.9714859671113251,0.6921949740867521,0.002528728397454266,0.75,1.25
HistoKit (no postprocessing),gaussian,7e6be544-b3c1-c3b1-a8a1-838402bd2649_124526_1.png,51766556,2597443,150141,259430,0.9960596456799177,0.9921502222654434,0.9971080402129588,0.9950134534691952,0.9925224702351882,0.9960596456799177,0.9453552648435862,0.9091909230826851,0.002891959787041152,0.9,1.25
HistoKit (no postprocessing),gaussian,b91bdd22-8eea-af27-bee7-880d6f1d7c1e_121440_5.png,3576347,761456,350160,4424177,0.5997044863889429,0.4282699477072776,0.9108215011459294,0.4470140955767397,0.47604657083846386,0.5997044863889428,0.6849991363924233,0.14683954687884776,0.08917849885407055,0.75,1.25
HistoKit (no postprocessing),gaussian,d9d9ce51-54c1-b32b-5fae-fd9ffdaa32e5_111717_1.png,7437459,299757,7943,610851,0.9600616043463309,0.9231908431872733,0.9989331670741217,0.92410195432333,0.9259462351050322,0.9600616043463309,0.9741858953526162,0.3291833588108165,0.0010668329258782803,0.75,1.25
HistoKit (no postprocessing),gaussian,def4a0a8-b472-78ea-531c-84458df3a3e9_124843_7.png,11417150,165098,59983,339775,0.9827943099737463,0.9661706767963328,0.9947736947894565,0.9711000112699537,0.9666368052227648,0.9827943099737463,0.7335048271511145,0.32700897057279754,0.005226305210543435,0.75,1.25
HistoKit (no postprocessing),gaussian,04e13be9-17d6-1bd0-76ee-d5d53a64912e_105258_2.png,3270215,117335,5037,899765,0.8784722893792967,0.7832818405290326,0.9984621030687104,0.7842279819087862,0.7892060110633984,0.8784722893792967,0.9588386232144608,0.1153623045914856,0.001537896931289562,0.75,1.25
HistoKit (no postprocessing),gaussian,cd7afea3-2dfd-f8a4-f2e6-1e02af01c417_132555_3.png,0,3999425,3325,106110,0.0,0.0,0.0,0.0,0.973366091811354,,0.9991693210917494,0.9741544037500594,1.0,0.75,1.25
HistoKit (no postprocessing),gaussian,def4a0a8-b472-78ea-531c-84458df3a3e9_124843_8.png,30125260,633452,189308,1143500,0.9783576490052632,0.9576322360292437,0.9937552136649284,0.9634299537301767,0.958468530004188,0.9783576490052632,0.7699110311634012,0.35648233604509294,0.006244786335071639,0.9,1.25
HistoKit (no postprocessing),gaussian,be2180cd-04c9-2627-2456-4397fd5e59ee_103647_5.png,4979135,480031,15975,94995,0.988979307276418,0.9781988780192157,0.996801872231042,0.9812785640099879,0.9800776857153937,0.9889793072764183,0.9677927283137704,0.8347987743162918,0.003198127768958041,0.75,1.25
HistoKit (no postprocessing),gaussian,0504f20c-cba2-27c1-e181-78505aa24ca7_112258_3.png,3523884,2213558,2652762,58018,0.7222148213033333,0.5652083255809776,0.5705173973059166,0.9838024602571483,0.6791301175560964,0.7222148213033333,0.4548730868500222,0.9744591420229831,0.4294826026940835,0.75,1.25
HistoKit (no postprocessing),gaussian,b0f43f79-08e2-79bc-61fa-379c7ef1dd21_131900_10.png,5063475,181286,5106,361213,0.9650900972804567,0.9325353779535651,0.9989926174603898,0.933413129013134,0.9347150637666902,0.9650900972804567,0.9726061204343535,0.33416835791402383,0.0010073825396101986,0.75,1.25
HistoKit (no postprocessing),gaussian,cbd7b0be-5303-525e-8ff2-6d1502e77bdd_110516_1.png,11666000,482551,18727,50282,0.9970510245947087,0.994119390960842,0.9983973095819868,0.995708365503664,0.9943516545038453,0.9970510245947088,0.9626414883557627,0.905632721697042,0.0016026904180131893,0.75,1.25
HistoKit (no postprocessing),gaussian,19a1c0fb-3d0a-327d-ea5a-6aae35f53e51_121144_1.png,6536278,59607,4170,21093,0.9980712055953743,0.9961498373629,0.9993624289956896,0.9967833145326077,0.9961844985189879,0.9980712055953742,0.9346159273719366,0.7386245353159852,0.0006375710043104081,0.75,1.25
HistoKit (no postprocessing),gaussian,c0272a60-2518-4785-1810-6431c15f4b4b_130712_1.png,8109065,224322,49216,16347,0.995973702034299,0.9919796962014663,0.9939673566036766,0.997988163554045,0.9921939051905297,0.9959737020342989,0.8200761868552084,0.9320768358201513,0.006032643396323319,0.75,1.25
HistoKit (no postprocessing),gaussian,d9d9ce51-54c1-b32b-5fae-fd9ffdaa32e5_111717_2.png,6718935,750576,6021,1661973,0.8895797022930962,0.8011198139390473,0.9991046781570021,0.8016953532958482,0.8174562968775393,0.8895797022930962,0.992041998580486,0.3111132665077476,0.0008953218429979319,0.75,1.25
HistoKit (no postprocessing),gaussian,6f1702fd-ae84-1c96-04ae-a23a14a5d2d4_111419_5.png,2299376,936003,24640,235512,0.9464587075603881,0.8983593850116115,0.9893976633551577,0.9070917531662148,0.9255758281073748,0.9464587075603882,0.9743505131458825,0.7989680029705125,0.010602336644842376,0.75,1.25
HistoKit (no postprocessing),gaussian,e398b039-2e70-a00a-855c-e3ff4eba631e_115619_4.png,4969142,186287,540,611375,0.9419996722336706,0.8903585826125768,0.9998913411361129,0.890444738363847,0.8939000344005837,0.9419996722336705,0.9971096254823981,0.23354127437435906,0.0001086588638870656,0.75,1.25
HistoKit (no postprocessing),gaussian,2125a939-8f92-6ca7-9a29-e1755d6267ed_103351_8.png,6709012,209012,0,1456926,0.9020550657313133,0.8215849789699603,1.0,0.8215849789699603,0.8260376479859581,0.9020550657313133,1.0,0.1254620520091384,0.0,0.75,1.25
HistoKit (no postprocessing),gaussian,deaaef3a-8172-327d-10b9-23d266fb17ca_123636_1.png,3649672,3804154,282183,80513,0.9526632593930598,0.909605499794635,0.9282315853458482,0.9784158158375523,0.953598800080138,0.9526632593930598,0.9309447556576954,0.9792741565750681,0.07176841465415179,0.75,1.25
HistoKit (no postprocessing),gaussian,04e13be9-17d6-1bd0-76ee-d5d53a64912e_105258_4.png,8050662,378257,38773,679052,0.9573209679039052,0.91813581978282,0.9952069582115438,0.9222137174253361,0.921521253901935,0.9573209679039052,0.9070258734383617,0.3577544502127571,0.004793041788456178,0.75,1.25
HistoKit (no postprocessing),gaussian,f4c75e72-7c5b-0601-d74f-78529d4dec70_114117_1.png,4380600,8418408,10353671,160747,0.45452239196688793,0.2940983354300075,0.2973068704926087,0.9646036737558262,0.5489973030990812,0.4545223919668879,0.4484536848582408,0.9812630731115127,0.7026931295073913,0.75,1.25
HistoKit (no postprocessing),gaussian,8e6bc805-8b70-bd59-8612-caf5bbe72e5e_125634_2.png,7187083,1490225,218582,49183,0.9817124530910575,0.9640817626328532,0.9704844872135048,0.9932032625666332,0.9700656439584115,0.9817124530910575,0.8720850277415765,0.9680507052061572,0.029515512786495203,0.75,1.25
HistoKit (no postprocessing),gaussian,0502ebf6-5b9d-c3a6-85fe-a3909acf1f7b_112628_7.png,5106176,886112,18722,128300,0.9858078297009066,0.9720128576916385,0.9963468541227553,0.9754894281681681,0.9760523576753739,0.9858078297009066,0.9793089119109141,0.8735227895569059,0.0036531458772447764,0.75,1.25
HistoKit (no postprocessing),gaussian,9e7010fd-072a-6a7f-3911-83d91e8c9301_113642_1.png,8238379,272476,73341,58171,0.9920815352833258,0.9842874895264466,0.9911761945782581,0.9929885313775003,0.9847828725625746,0.9920815352833258,0.7879196222279413,0.8240691734689866,0.00882380542174183,0.75,1.25
HistoKit (no postprocessing),gaussian,24aa9d72-799e-9634-ead4-94165f32d151_102546_1.png,6282619,405880,23576,55133,0.9937749659975639,0.9876269546233114,0.9962614540146634,0.9913008587271954,0.9883690585541334,0.993774965997564,0.945102641481316,0.8804090123272011,0.003738545985336641,0.75,1.25
HistoKit (no postprocessing),gaussian,7ea29210-064a-9e70-4612-3ab81fa629dc_120503_2.png,8497732,49454,19406,290113,0.9821138801465451,0.9648563439375124,0.9977215350978228,0.9669870144500728,0.9650525788089362,0.9821138801465452,0.7181818181818181,0.14563841598270738,0.0022784649021772335,0.75,1.25
HistoKit (no postprocessing),gaussian,e16fa7c2-3d43-e563-886f-5b0ebdd4e8c5_105048_1.png,41992271,444534,1006636,80172,0.9872247472268866,0.9747717911982288,0.9765892653969088,0.9980944296484043,0.9750294627424428,0.9872247472268867,0.30632799740898725,0.8472058638551875,0.02341073460309119,0.9,1.25
HistoKit (no postprocessing),gaussian,e398b039-2e70-a00a-855c-e3ff4eba631e_115619_1.png,14578067,374916,1906,1652975,0.9462893059511347,0.8980541920050504,0.9998692727345928,0.8981596498856943,0.9003555785379745,0.9462893059511347,0.9949419089119,0.18487975931645242,0.00013072726540714445,0.75,1.25
HistoKit (no postprocessing),gaussian,b91bdd22-8eea-af27-bee7-880d6f1d7c1e_121440_6.png,5763591,406845,101358,536904,0.9475348371995301,0.9003004286415199,0.9827180082895861,0.9147838384126962,0.9062578484168339,0.9475348371995301,0.8005560770007261,0.4310944965239698,0.01728199171041385,0.75,1.25
HistoKit (no postprocessing),gaussian,0502ebf6-5b9d-c3a6-85fe-a3909acf1f7b_112628_2.png,8304645,2879601,284251,381908,0.9614389762025867,0.925741438560022,0.9669048268834551,0.9560345743587819,0.9437859718718474,0.9614389762025867,0.9101566697810137,0.8829045083119501,0.0330951731165449,0.75,1.25
HistoKit (no postprocessing),gaussian,40f80889-968b-7602-00a3-4e00b00e88fe_110004_3.png,21431225,8995491,136470,841071,0.9777020711523412,0.9563768482387651,0.9936724809953034,0.9622368973544533,0.9688723410969411,0.9777020711523412,0.9850557837467768,0.914495430415627,0.006327519004696608,0.75,1.25
HistoKit (no postprocessing),gaussian,d9d9ce51-54c1-b32b-5fae-fd9ffdaa32e5_111717_5.png,8891237,226940,4984,1172683,0.9378872235180108,0.8830392066504954,0.9994397621192189,0.8834765180963283,0.8856172451719354,0.9378872235180108,0.9785102016177714,0.16214366297210034,0.0005602378807810642,0.75,1.25
HistoKit (no postprocessing),gaussian,b1a83861-bd20-5668-5a83-92a470ead44d_110338_5.png,2715069,2333908,262,159469,0.9714249117465902,0.9444375260887714,0.9999035108426928,0.9445236069239649,0.9693338539998787,0.9714249117465902,0.9998877545337315,0.9360429650229388,9.648915730715702e-05,0.75,1.25
HistoKit (no postprocessing),gaussian,59c3e1ff-f1eb-ac9b-3a83-925048a454e4_130514_4.png,1783631,1074150,205,66334,0.9816888706893966,0.9640362777474503,0.9998850791216233,0.9641431054101024,0.9772463341905127,0.9816888706893966,0.9998091878382843,0.9418369744775026,0.00011492087837671176,0.75,1.25
HistoKit (no postprocessing),gaussian,2125a939-8f92-6ca7-9a29-e1755d6267ed_103351_5.png,4155391,952395,2738,37548,0.9951759463579988,0.9903982122551378,0.9993415307702094,0.9910449448465622,0.992174546121344,0.9951759463579988,0.9971333835183163,0.9620705434555323,0.0006584692297906101,0.75,1.25
HistoKit (no postprocessing),gaussian,6247d1f0-d194-53f2-2d84-7b4b827443da_115125_1.png,2666100,453535,247237,11488,0.9537241154191838,0.911541716171053,0.915136147997983,0.9957095714501261,0.9234169833883896,0.9537241154191837,0.6471933810140816,0.9752958455818315,0.08486385200201693,0.75,1.25
HistoKit (no postprocessing),gaussian,0e99786b-efbd-e936-5e70-bad7ef5912da_122209_3.png,9734193,1759209,57955,190823,0.9873826682173967,0.975079763328973,0.9940814824285744,0.9807735322542553,0.9788133038328487,0.9873826682173967,0.9681068962405155,0.9021436571297291,0.005918517571425595,0.75,1.25
HistoKit (no postprocessing),gaussian,7e3642ed-4a56-9d3f-3ecf-de46d455c0fd_113100_1.png,564987,1942362,1716408,89443,0.3848914700297191,0.23830687714639295,0.24764979321862282,0.863326864599728,0.5813199016971158,0.3848914700297191,0.5308784099574447,0.9559785510912711,0.7523502067813772,0.75,1.25
HistoKit (no postprocessing),gaussian,0e99786b-efbd-e936-5e70-bad7ef5912da_122209_4.png,5242803,252560,12846,26278,0.9962826599827264,0.9925928548425603,0.9975557728455611,0.9950127925533884,0.9929308714610767,0.9962826599827265,0.9515986827728085,0.9057588994326454,0.0024442271544389666,0.75,1.25
HistoKit (no postprocessing),gaussian,728c532f-2f31-cf1c-4143-7abb9ca2b76d_102101_5.png,4845783,1820950,597493,59486,0.9365148433910274,0.8806092286019276,0.890232830376413,0.9878730401941259,0.9102942606153819,0.9365148433910274,0.7529431125728413,0.9683658470695095,0.10976716962358697,0.75,1.25
HistoKit (no postprocessing),gaussian,59c3e1ff-f1eb-ac9b-3a83-925048a454e4_130514_1.png,4977944,707835,120191,85151,0.9797916197153297,0.9603838182959613,0.976424516023997,0.9831820260137327,0.9651438155828067,0.9797916197153297,0.8548463454046129,0.8926197940442833,0.023575483976002988,0.75,1.25
HistoKit (no postprocessing),gaussian,0502ebf6-5b9d-c3a6-85fe-a3909acf1f7b_112628_5.png,2744035,843804,357,10292,0.9980633671224153,0.9961342208398495,0.9998699165425348,0.9962633340195264,0.9970407015390909,0.9980633671224153,0.9995770948906666,0.9879498323373485,0.00013008345746526006,0.75,1.25
HistoKit (no postprocessing),gaussian,228e0715-eef2-126e-c558-f7684e2bcfa8_110725_7.png,7313057,366390,963,1920699,0.8838718870741301,0.7919089904089123,0.9998683350606096,0.7919915795912302,0.7998499964951965,0.88387188707413,0.9973785432540363,0.1601992751484529,0.00013166493939037628,0.75,1.25
HistoKit (no postprocessing),gaussian,f761dbde-597d-9a8f-e1a1-2533f0d71b83_120113_1.png,9238404,908357,100814,132665,0.9875213565671119,0.9753503078532537,0.9892053060545326,0.9858431305969468,0.9775073601381086,0.9875213565671119,0.9001021630625533,0.8725627316233471,0.010794693945467383,0.75,1.25
HistoKit (no postprocessing),gaussian,66e65946-ef0a-6028-f7a7-e909aade97a4_112429_4.png,9086956,974201,20052,44199,0.9964771123056637,0.9929789589504423,0.9977981791604883,0.9951595389630337,0.99365447792326,0.9964771123056636,0.9798320950502538,0.956599567949725,0.0022018208395117255,0.75,1.25
HistoKit (no postprocessing),gaussian,c38dfb82-e376-0eab-4312-72ca49852e8b_104329_1.png,3497620,811138,41852,93128,0.981069307819394,0.9628420415129659,0.9881756374962142,0.9740644567649972,0.9696246718415892,0.9810693078193942,0.9509349464823738,0.8970126046981751,0.011824362503785876,0.75,1.25
HistoKit (no postprocessing),gaussian,59c3e1ff-f1eb-ac9b-3a83-925048a454e4_130514_3.png,2347510,408759,3720,70099,0.9845205510188119,0.9695130236328892,0.9984178493809623,0.9710048233606013,0.9739163587846031,0.9845205510188121,0.9909813590510063,0.8536121355391368,0.001582150619037695,0.75,1.25
HistoKit (no postprocessing),gaussian,7d4546a5-f4cc-3733-763f-d1c5a5904dff_120251_4.png,3281727,260672,5975,173162,0.9734320233868553,0.9482392258118204,0.9981826211743036,0.9498791422821399,0.951864767665824,0.9734320233868553,0.9775920974171846,0.6008565488182116,0.0018173788256964896,0.75,1.25
HistoKit (no postprocessing),gaussian,7e3642ed-4a56-9d3f-3ecf-de46d455c0fd_113100_4.png,8181183,3776168,3847,82706,0.9947380736691572,0.9895312332178966,0.999529995613944,0.9899918791261596,0.9928135428512217,0.9947380736691571,0.9989822791708498,0.9785673230066595,0.00047000438605600714,0.75,1.25
HistoKit (no postprocessing),gaussian,7e3642ed-4a56-9d3f-3ecf-de46d455c0fd_113100_3.png,3809634,1325185,228638,124455,0.9557103598294157,0.9151774786095749,0.9433822189292846,0.968364975983004,0.9356598648083279,0.9557103598294157,0.8528545400602257,0.9141476504511465,0.0566177810707154,0.75,1.25
HistoKit (no postprocessing),gaussian,c0272a60-2518-4785-1810-6431c15f4b4b_130712_3.png,33264638,2115355,172833,328773,0.9925167924837988,0.9851447498868989,0.994831158133939,0.9902131700767154,0.9860205226639983,0.9925167924837986,0.9244673077561809,0.8654845409078412,0.005168841866060983,0.75,1.25
HistoKit (no postprocessing),gaussian,66e65946-ef0a-6028-f7a7-e909aade97a4_112429_5.png,13327452,464457,14831,16300,0.9988334347908935,0.9976695881591633,0.998888421119534,0.9987784545156415,0.9977478904785054,0.9988334347908934,0.969056183338619,0.966095137460297,0.0011115788804659593,0.75,1.25
HistoKit (no postprocessing),gaussian,b0f43f79-08e2-79bc-61fa-379c7ef1dd21_131900_5.png,7355288,151120,19662,493971,0.9662620895443567,0.9347263748104727,0.9973339480267663,0.9370678174844275,0.9359563124427918,0.9662620895443566,0.8848707709243363,0.2342615227929083,0.0026660519732337167,0.75,1.25
HistoKit (no postprocessing),gaussian,3e1fffa8-5bae-87b0-bc39-e4a1bc285608_122517_7.png,3357606,351513,482,2828911,0.7035610169305068,0.5426873351684718,0.9998564659413333,0.5427296166809208,0.5672726455193475,0.7035610169305069,0.9986306623673632,0.11052394271958707,0.0001435340586667175,0.75,1.25
HistoKit (no postprocessing),gaussian,cbd7b0be-5303-525e-8ff2-6d1502e77bdd_110516_5.png,4547703,507776,133019,108977,0.9740831550360582,0.9494757394984529,0.9715815209704828,0.9765977048025632,0.9543186140566968,0.9740831550360581,0.7924156711584828,0.8233052778016483,0.028418479029517243,0.75,1.25
HistoKit (no postprocessing),gaussian,1875292b-dccd-c5b5-17ad-67c30baa6d69_130951_13.png,11347111,335856,55884,1324976,0.9426436013800493,0.8915098093796725,0.9950991822762353,0.895441374416069,0.8942989676761641,0.9426436013800492,0.8573441568387196,0.2022215371572802,0.0049008177237646776,0.75,1.25
HistoKit (no postprocessing),gaussian,1875292b-dccd-c5b5-17ad-67c30baa6d69_130951_12.png,7021236,282922,3223,1159979,0.923502108489239,0.8578763746515032,0.9995411746299608,0.8582143361346695,0.8626251865988926,0.923502108489239,0.9887364797567667,0.19607859444272338,0.00045882537003917313,0.75,1.25
HistoKit (no postprocessing),gaussian,6f1702fd-ae84-1c96-04ae-a23a14a5d2d4_111419_3.png,4559525,345673,15781,58765,0.991891529712639,0.983913496362054,0.99655083179136,0.9872755933473212,0.9850301541605352,0.991891529712639,0.956340225865532,0.8546996078508944,0.003449168208640034,0.75,1.25
HistoKit (no postprocessing),gaussian,e398b039-2e70-a00a-855c-e3ff4eba631e_115619_3.png,17280636,535345,27228,3531191,0.9066514206529114,0.8292427847615931,0.9984268422723913,0.8303276785839129,0.8335195841754622,0.9066514206529114,0.9516009477881093,0.1316464430660395,0.0015731577276086755,0.75,1.25
HistoKit (no postprocessing),gaussian,b91bdd22-8eea-af27-bee7-880d6f1d7c1e_121440_1.png,5241426,1312024,72568,514094,0.9470020093023054,0.8993388569287217,0.9863439815701711,0.910678096853108,0.9178357426326086,0.9470020093023054,0.9475888926124085,0.7184771192223065,0.013656018429828862,0.75,1.25
HistoKit (no postprocessing),gaussian,04e13be9-17d6-1bd0-76ee-d5d53a64912e_105258_3.png,9330181,315995,1464,1525860,0.9243437806591602,0.8593301131337264,0.9998431144776725,0.8594459987761652,0.8633083635387301,0.9243437806591601,0.9953883808617806,0.17156345097741135,0.00015688552232752102,0.75,1.25
HistoKit (no postprocessing),gaussian,b1a83861-bd20-5668-5a83-92a470ead44d_110338_3.png,838747,1681985,64642,98297,0.9114670297696249,0.8373352527638401,0.928444999883771,0.8950988427437773,0.9392850315854663,0.9114670297696249,0.9629903808884209,0.9447857137240055,0.071555000116229,0.75,1.25
HistoKit (no postprocessing),gaussian,b91bdd22-8eea-af27-bee7-880d6f1d7c1e_121440_2.png,8734012,1019343,4609,2178871,0.8888899292390038,0.8000016853687641,0.9994725712443645,0.8003395619654311,0.817080490766606,0.8888899292390038,0.9954988124443334,0.31872257453691344,0.0005274287556354715,0.75,1.25
HistoKit (no postprocessing),gaussian,0504f20c-cba2-27c1-e181-78505aa24ca7_112258_4.png,9943284,1327089,448616,134371,0.9715193124618489,0.9446159993410772,0.9568302235394874,0.9866664417466167,0.9508167304460508,0.9715193124618487,0.7473589363098037,0.9080570114816691,0.04316977646051252,0.75,1.25
HistoKit (no postprocessing),gaussian,3e1fffa8-5bae-87b0-bc39-e4a1bc285608_122517_3.png,10430159,506884,1846,1681535,0.925328092785483,0.8610331084059656,0.9998230445633414,0.8611643424941218,0.8666145448045168,0.925328092785483,0.996371356122108,0.23162109267009653,0.0001769554366586289,0.75,1.25
HistoKit (no postprocessing),gaussian,c74350c8-f970-c60d-af8a-f9c4d9c5bab2_124242_5.png,0,5525204,5575660,1850,0.0,0.0,0.0,0.0,0.4976444498165043,,0.4977273841027149,0.9996652828070796,1.0,0.75,1.25
HistoKit (no postprocessing),gaussian,c74350c8-f970-c60d-af8a-f9c4d9c5bab2_124242_4.png,0,2714137,923241,1278,0.0,0.0,0.0,0.0,0.7459174486403771,,0.7461795282206029,0.999529353708365,1.0,0.75,1.25
HistoKit (no postprocessing),gaussian,5fe08b37-e6eb-942a-a4ce-507361c4911e_102333_2.png,9005633,70012,12972,182793,0.9892478350808542,0.9787244286139998,0.9985616400762646,0.9801061683470053,0.9788850886758325,0.9892478350808542,0.843680709534368,0.27694072506477324,0.0014383599237354336,0.75,1.25
HistoKit (no postprocessing),gaussian,cbd7b0be-5303-525e-8ff2-6d1502e77bdd_110516_4.png,3249931,341333,904,68302,0.9894648677711968,0.9791493993770067,0.9997219175996321,0.9794161531152273,0.9810936846907637,0.9894648677711968,0.9973585556208124,0.833261318002612,0.00027808240036790547,0.75,1.25
HistoKit (no postprocessing),gaussian,7e6be544-b3c1-c3b1-a8a1-838402bd2649_124526_4.png,4620728,474755,17839,70038,0.990580569907838,0.9813369352493998,0.9961542002088145,0.985068963150155,0.9830463251636005,0.990580569907838,0.9637855921915411,0.8714410794558667,0.0038457997911855103,0.75,1.25
HistoKit (no postprocessing),gaussian,66e65946-ef0a-6028-f7a7-e909aade97a4_112429_3.png,4702587,171328,11020,5503,0.9982462819596087,0.9964987042048182,0.9976620876538922,0.9988311608316749,0.9966213660207941,0.9982462819596087,0.9395661043718604,0.9688798909693436,0.0023379123461077685,0.75,1.25
HistoKit (no postprocessing),gaussian,0f3058e5-e9f7-bd55-4b60-07a71af55b96_123333_3.png,30757906,1529925,103667,371331,0.9923376061709792,0.9847917439889675,0.9966409035599061,0.9880713105817531,0.9855019235365786,0.9923376061709793,0.9365404580825567,0.804691740617781,0.003359096440093964,0.75,1.25
HistoKit (no postprocessing),gaussian,24aa9d72-799e-9634-ead4-94165f32d151_102546_6.png,8298246,117776,3391,25911,0.9982375578573871,0.9964813171896457,0.9995915263459484,0.9968872523668162,0.9965303877033018,0.998237557857387,0.9720138321490175,0.8196705338687564,0.0004084736540516045,0.75,1.25
HistoKit (no postprocessing),gaussian,84acf623-2a5d-c4c6-c1db-583a94b80fc7_105804_1.png,45275061,3743397,47858,901844,0.9896207232048884,0.9794546918499074,0.9989440662460422,0.9804698041152823,0.9809938568880663,0.9896207232048884,0.9873767393646695,0.8058563592287247,0.0010559337539579037,0.75,1.25
HistoKit (no postprocessing),gaussian,9e7010fd-072a-6a7f-3911-83d91e8c9301_113642_6.png,6830096,1651878,26395,1056431,0.926553301366111,0.8631572508865878,0.9961503632105694,0.8660461062264797,0.8867905235864838,0.926553301366111,0.9842725230043027,0.6099296645988327,0.0038496367894306285,0.75,1.25
HistoKit (no postprocessing),gaussian,b91bdd22-8eea-af27-bee7-880d6f1d7c1e_121440_4.png,6460126,247291,28468,246306,0.9791759409947355,0.9592014729246165,0.995612608833285,0.9632731682062832,0.9606464503763933,0.9791759409947354,0.8967649287965216,0.5009977775391665,0.004387391166715008,0.75,1.25
HistoKit (no postprocessing),gaussian,def4a0a8-b472-78ea-531c-84458df3a3e9_124843_6.png,16587044,7846125,2135976,13354,0.9391528305669626,0.8852857014916546,0.885917122344579,0.9991955614558157,0.9191449231315686,0.9391528305669626,0.78601939611711,0.9983009051872268,0.11408287765542098,0.75,1.25
HistoKit (no postprocessing),gaussian,969ce636-2f0f-f223-bb1c-2b4624598a38_125938_4.png,15519111,756598,84643,3989668,0.8839641959183064,0.7920572016465526,0.9945754720306408,0.7954937108057865,0.7997883540163597,0.8839641959183063,0.8993831731929376,0.15940910180761045,0.005424527969359169,0.75,1.25
HistoKit (no postprocessing),gaussian,35ce6eab-4a33-9fbb-2efe-2acf7936ba3e_104917_2.png,7231308,4517928,872336,168728,0.9328505232306137,0.8741516943386975,0.8923526255595631,0.9771990298425576,0.9186051929978186,0.9328505232306137,0.8381645129069745,0.9639982110912343,0.10764737444043691,0.75,1.25
HistoKit (no postprocessing),gaussian,859ead5f-592a-5c4e-67de-d71b0ee92f6d_113334_2.png,12781077,604486,35592,227589,0.9898091931818116,0.9798239961215118,0.9972229914028364,0.9825048164046951,0.9807175663929223,0.9898091931818116,0.944394276947497,0.72648018507947,0.0027770085971635843,0.75,1.25
HistoKit (no postprocessing),gaussian,1875292b-dccd-c5b5-17ad-67c30baa6d69_130951_4.png,3902545,150870,2209,155011,0.9802544738901148,0.9612736205174437,0.9994342793425655,0.9617969536341581,0.9626612138074186,0.9802544738901148,0.9855695425237949,0.49323102775262273,0.0005657206574345016,0.75,1.25
HistoKit (no postprocessing),gaussian,d9d9ce51-54c1-b32b-5fae-fd9ffdaa32e5_111717_3.png,10869471,736205,25804,1053270,0.9527095607260508,0.9096899245891445,0.997631633896345,0.9116587368626057,0.9149313939967284,0.9527095607260508,0.9661368828977086,0.4114083739644309,0.002368366103655025,0.75,1.25
HistoKit (no postprocessing),gaussian,6b809376-ab46-9021-2fa3-0d0025b512da_132412_1.png,3753651,440180,6838,66044,0.9903851938158758,0.9809535158850061,0.9981816194649153,0.9827096142493053,0.9829184667447752,0.9903851938158758,0.984703076833595,0.8695360156768546,0.001818380535084666,0.75,1.25
HistoKit (no postprocessing),gaussian,c38dfb82-e376-0eab-4312-72ca49852e8b_104329_5.png,2622007,527714,2438,69919,0.9863897760333129,0.9731450538976917,0.9990710416869091,0.9740264034003906,0.977543374182748,0.986389776033313,0.9954013188670419,0.8830067951401612,0.0009289583130909582,0.75,1.25
HistoKit (no postprocessing),gaussian,cbd7b0be-5303-525e-8ff2-6d1502e77bdd_110516_2.png,9597270,748668,31357,37805,0.9964097243613922,0.9928451366543519,0.9967433570746899,0.9960763149223021,0.9933594492611689,0.9964097243613922,0.9598000064100509,0.9519309626649611,0.0032566429253101195,0.75,1.25
HistoKit (no postprocessing),gaussian,7e6be544-b3c1-c3b1-a8a1-838402bd2649_124526_3.png,50305463,508233,40874,51870,0.9990790405156038,0.9981597758031352,0.9991881435187628,0.9989699613361176,0.998178147990706,0.9990790405156038,0.925562777382186,0.907392033251027,0.0008118564812371554,0.75,1.25
HistoKit (no postprocessing),gaussian,e3dca99c-de77-4ab1-72a1-8daf3d4d032c_120923_2.png,9143546,1300079,7465,178606,0.9899274964444367,0.9800558801074042,0.9991842431399109,0.9808406900037674,0.9824951720162082,0.9899274964444368,0.9942908231004081,0.8792129493435046,0.0008157568600890109,0.75,1.25
HistoKit (no postprocessing),gaussian,8e6bc805-8b70-bd59-8612-caf5bbe72e5e_125634_1.png,64584838,1028391,142332,96797,0.9981521427386645,0.9963111020342214,0.9978010470718865,0.9985034855720638,0.9963687101379118,0.9981521427386645,0.878423845777353,0.9139725983568968,0.0021989529281134955,0.75,1.25
HistoKit (no postprocessing),gaussian,b0f43f79-08e2-79bc-61fa-379c7ef1dd21_131900_4.png,12932743,194767,12971,599851,0.9768556963685142,0.9547584762983309,0.998998046766675,0.9556736129082126,0.9553997676329801,0.9768556963685141,0.9375607736668303,0.2451077121333773,0.0010019532333249445,0.75,1.25
HistoKit (no postprocessing),gaussian,24aa9d72-799e-9634-ead4-94165f32d151_102546_7.png,10985713,598447,10440,71920,0.9962654938249604,0.9925587769433758,0.9990505770518108,0.9934958955501598,0.9929404826803537,0.9962654938249605,0.9828539614082744,0.8927154827132003,0.000949422948189244,0.75,1.25
HistoKit (no postprocessing),gaussian,19a1c0fb-3d0a-327d-ea5a-6aae35f53e51_121144_3.png,24686524,1521734,38757,165781,0.9958743856548401,0.9917826728325212,0.9984324950644646,0.9933293511406689,0.9922561019287772,0.9958743856548401,0.9751635863327632,0.9017602806493572,0.001567504935535414,0.75,1.25
HistoKit (no postprocessing),gaussian,7ea29210-064a-9e70-4612-3ab81fa629dc_120503_4.png,2671683,175906,5277,614741,0.8960291673318371,0.8116420659106036,0.9980287340864263,0.8129453168550376,0.8211971541180993,0.8960291673318371,0.9708747509424174,0.22248361152322085,0.001971265913573606,0.75,1.25
HistoKit (no postprocessing),gaussian,859ead5f-592a-5c4e-67de-d71b0ee92f6d_113334_1.png,20306686,371861,9897,293196,0.9925923952619073,0.9852937287682706,0.9995128609963595,0.9857671029377741,0.9855543703924002,0.9925923952619075,0.9740751994719168,0.5591415472658735,0.00048713900364052363,0.75,1.25
HistoKit (no postprocessing),gaussian,7ea29210-064a-9e70-4612-3ab81fa629dc_120503_1.png,8788005,155842,5291,998382,0.9459800794233142,0.8974973441732867,0.9993982916076065,0.8979825751832622,0.8991031935598018,0.9459800794233142,0.9671637715427628,0.13501885249310358,0.0006017083923934779,0.75,1.25
HistoKit (no postprocessing),gaussian,f761dbde-597d-9a8f-e1a1-2533f0d71b83_120113_5.png,3491109,655199,542794,33105,0.9238039051261048,0.8583973771381812,0.865441980136855,0.9906064160689447,0.8780445245199967,0.9238039051261048,0.546913880131186,0.9519035193751598,0.13455801986314495,0.75,1.25
HistoKit (no postprocessing),gaussian,5fe08b37-e6eb-942a-a4ce-507361c4911e_102333_3.png,13355953,1659466,23236,1820340,0.9354388064610502,0.878708346817852,0.9982632729083952,0.8800537127215454,0.8906473369260742,0.93543880646105,0.9861912566812187,0.4768846309248274,0.0017367270916047303,0.75,1.25
HistoKit (no postprocessing),gaussian,969ce636-2f0f-f223-bb1c-2b4624598a38_125938_5.png,12883985,271048,9781,1503971,0.9445140596330392,0.8948618105748146,0.99924141635578,0.895470141832516,0.8968045410713975,0.9445140596330394,0.9651709759319729,0.15270146404066662,0.0007585836442200052,0.75,1.25
HistoKit (no postprocessing),gaussian,969ce636-2f0f-f223-bb1c-2b4624598a38_125938_2.png,4283255,329322,5754,1508173,0.849815340346852,0.738851221162282,0.9986584313532567,0.7395852974430486,0.7528889232750031,0.849815340346852,0.9828277763850589,0.1792233448254281,0.0013415686467433386,0.75,1.25
HistoKit (no postprocessing),gaussian,a40a1d35-8d5f-0529-214c-05d84888ba26_111152_2.png,2756292,3931382,413,125993,0.9775835743634942,0.956150106601524,0.9998501834617778,0.9562871124819371,0.9814492932281393,0.9775835743634942,0.9998949589182549,0.9689471641147294,0.00014981653822226173,0.75,1.25
HistoKit (no postprocessing),gaussian,9e7010fd-072a-6a7f-3911-83d91e8c9301_113642_2.png,2596029,922817,9357,440153,0.9203217970606753,0.8524037945335785,0.9964085935826783,0.8550307590256447,0.8867263924909963,0.9203217970606754,0.9899621744438271,0.6770633249447897,0.003591406417321656,0.75,1.25
HistoKit (no postprocessing),gaussian,04e13be9-17d6-1bd0-76ee-d5d53a64912e_105258_1.png,14147444,264777,46391,750846,0.9725961235213997,0.9466541306569207,0.9967316091810282,0.9496018670599109,0.947582813273162,0.9725961235213997,0.8509133329905388,0.2607040210786877,0.003268390818971758,0.75,1.25
HistoKit (no postprocessing),gaussian,2125a939-8f92-6ca7-9a29-e1755d6267ed_103351_3.png,10161287,2447902,393606,762101,0.9461918297837709,0.897878623952615,0.9627086698084008,0.9302321770498311,0.9160395400008834,0.9461918297837709,0.8614798902554559,0.7625855801380871,0.03729133019159929,0.75,1.25
HistoKit (no postprocessing),gaussian,40f80889-968b-7602-00a3-4e00b00e88fe_110004_1.png,9165410,902414,90338,2486613,0.8767467368951,0.7805423457854855,0.990239794774015,0.7865938815946382,0.7962042820058087,0.8767467368951,0.9090024497558302,0.2662752465530667,0.009760205225984976,0.75,1.25
HistoKit (no postprocessing),gaussian,c38dfb82-e376-0eab-4312-72ca49852e8b_104329_2.png,5767480,750829,17137,60045,0.9933533365334319,0.9867944459405865,0.997037487529425,0.9896963118991339,0.9882977628200842,0.9933533365334319,0.9776852100223187,0.9259502709422179,0.002962512470574975,0.75,1.25
HistoKit (no postprocessing),gaussian,0f3058e5-e9f7-bd55-4b60-07a71af55b96_123333_2.png,15229911,839999,35185,95133,0.9957398691212267,0.9915158816968158,0.997695068540676,0.993792317986167,0.9919557922271217,0.9957398691212266,0.9597970255397722,0.898267838123388,0.0023049314593239375,0.75,1.25
HistoKit (no postprocessing),gaussian,0502ebf6-5b9d-c3a6-85fe-a3909acf1f7b_112628_1.png,7698545,2951320,381545,63769,0.9718910084605846,0.9453190434657575,0.952779610128105,0.9917847951010484,0.9598641896629158,0.9718910084605845,0.8855204156183943,0.978850043895885,0.04722038987189499,0.75,1.25
HistoKit (no postprocessing),gaussian,f9a50b4c-7c73-18cd-0877-8296eed330e2_114604_2.png,8598325,1662011,35001,2181629,0.8858188827441834,0.795040293741398,0.9959458266721307,0.7976216781630051,0.8223422264675563,0.8858188827441833,0.9793749248679444,0.43240548022187303,0.004054173327869236,0.75,1.25
HistoKit (no postprocessing),gaussian,7d4546a5-f4cc-3733-763f-d1c5a5904dff_120251_3.png,2839603,447856,12871,207250,0.9626870997318847,0.9280585438425165,0.9954877765757023,0.931978996032956,0.9372441968536712,0.9626870997318846,0.9720637166912293,0.6836389836148654,0.004512223424297645,0.75,1.25
HistoKit (no postprocessing),gaussian,c0272a60-2518-4785-1810-6431c15f4b4b_130712_2.png,17032152,1507935,72504,261048,0.9903031165663349,0.9807924861554705,0.995761154155921,0.9849045867739921,0.9823270965392524,0.9903031165663349,0.9541241389259566,0.8524304642837156,0.004238845844078945,0.75,1.25
HistoKit (no postprocessing),gaussian,7ea29210-064a-9e70-4612-3ab81fa629dc_120503_3.png,3725989,234013,4636,720435,0.9113285245080468,0.8371014994181162,0.9987573127827106,0.8379742912506769,0.8452380571231227,0.9113285245080468,0.980573981034909,0.24518150805491762,0.0012426872172893282,0.75,1.25
HistoKit (no postprocessing),gaussian,c38dfb82-e376-0eab-4312-72ca49852e8b_104329_4.png,5028040,146005,5799,25776,0.996869936570987,0.9937594065951658,0.9988479965290904,0.9948996955963573,0.9939344400859071,0.9968699365709871,0.9617994255750837,0.8499484809146529,0.0011520034709095782,0.75,1.25
HistoKit (no postprocessing),gaussian,228e0715-eef2-126e-c558-f7684e2bcfa8_110725_12.png,2080698,6095610,473028,265032,0.8493587859550121,0.7381612752850724,0.8147694780097786,0.8870151296184983,0.9172055719485667,0.849358785955012,0.9279868977404448,0.9583325079449527,0.18523052199022136,0.75,1.25
HistoKit (no postprocessing),gaussian,5fe08b37-e6eb-942a-a4ce-507361c4911e_102333_4.png,5112212,514567,14121,2183300,0.8231002721415378,0.6993801193575656,0.997245399391729,0.700733821012151,0.7191507118938677,0.8231002721415378,0.9732904851254426,0.19073104789820997,0.0027546006082710584,0.75,1.25
HistoKit (no postprocessing),gaussian,be2180cd-04c9-2627-2456-4397fd5e59ee_103647_6.png,3761039,361343,9034,77311,0.9886513933307861,0.9775574780162313,0.9976037599271951,0.9798582724347702,0.9794842953700728,0.9886513933307862,0.9756086366054048,0.8237540293716688,0.0023962400728049565,0.75,1.25
HistoKit (no postprocessing),gaussian,0f3058e5-e9f7-bd55-4b60-07a71af55b96_123333_1.png,18673763,809550,28223,225464,0.9932532229744823,0.9865968738525264,0.9984909089334149,0.9880701999081761,0.9871466281603081,0.9932532229744823,0.966311876844921,0.7821633330563644,0.001509091066585121,0.75,1.25
HistoKit (no postprocessing),gaussian,6f1702fd-ae84-1c96-04ae-a23a14a5d2d4_111419_1.png,2937231,787376,987,67028,0.9885544361383308,0.9773679093159096,0.9996640821069097,0.9776890075056778,0.9820664964765801,0.9885544361383308,0.998748038657319,0.9215499927434797,0.00033591789309030167,0.75,1.25
HistoKit (no postprocessing),gaussian,228e0715-eef2-126e-c558-f7684e2bcfa8_110725_1.png,7817856,559973,21418,2166352,0.8772535018690512,0.7813460147321117,0.997267859243088,0.7830221485770329,0.79293459840753,0.8772535018690513,0.9631607644425181,0.20539480802912347,0.002732140756911928,0.75,1.25
HistoKit (no postprocessing),gaussian,9e7010fd-072a-6a7f-3911-83d91e8c9301_113642_4.png,6846517,216920,45730,1001713,0.9289410376611286,0.8673108300523438,0.9933650085378543,0.8723644694408803,0.8708595121614424,0.9289410376611287,0.8258899676375404,0.17800272928765265,0.0066349914621458,0.75,1.25
HistoKit (no postprocessing),gaussian,deaaef3a-8172-327d-10b9-23d266fb17ca_123636_5.png,2346343,162994,721,478338,0.9073699496011501,0.8304457206443543,0.9996928076950607,0.8306576919659246,0.8396936015173357,0.9073699496011501,0.9955960052530312,0.2541491770253161,0.0003071923049392773,0.75,1.25
HistoKit (no postprocessing),gaussian,9e7010fd-072a-6a7f-3911-83d91e8c9301_113642_7.png,2810000,3219438,389832,514475,0.8613941679936276,0.7565341260159701,0.8781711039829591,0.8452462418878168,0.8695788495250402,0.8613941679936274,0.8919914553358436,0.8622155899186724,0.12182889601704089,0.75,1.25
HistoKit (no postprocessing),gaussian,f761dbde-597d-9a8f-e1a1-2533f0d71b83_120113_2.png,3075566,462800,22589,31149,0.9913393834197977,0.9828274913527097,0.9927088864178842,0.9899736538433683,0.9850399654352991,0.9913393834197977,0.9534620685676849,0.936938833766239,0.007291113582115808,0.75,1.25
HistoKit (no postprocessing),gaussian,7e6be544-b3c1-c3b1-a8a1-838402bd2649_124526_2.png,49835642,1382745,66077,108731,0.9982492254178561,0.9965045705447562,0.9986758572385052,0.9978229579536417,0.9965986158284186,0.998249225417856,0.9543926030940999,0.9270983911239604,0.0013241427614948495,0.75,1.25
HistoKit (no postprocessing),gaussian,3e1fffa8-5bae-87b0-bc39-e4a1bc285608_122517_5.png,5073097,1823380,173398,580040,0.9308749139420487,0.8706884966794158,0.9669497445437383,0.8973950215605955,0.9015102782187776,0.9308749139420487,0.9131611025361858,0.7586605753467974,0.03305025545626175,0.75,1.25
HistoKit (no postprocessing),gaussian,7e3642ed-4a56-9d3f-3ecf-de46d455c0fd_113100_2.png,2177524,1256965,131,148272,0.9670468269777999,0.9361961918839241,0.999939843547302,0.9362489229493902,0.9585801079128258,0.9670468269777999,0.9998957915704131,0.8944861258278852,6.0156452697970986e-05,0.75,1.25
HistoKit (no postprocessing),gaussian,1875292b-dccd-c5b5-17ad-67c30baa6d69_130951_1.png,10368219,348366,7679,1556417,0.9298628454367953,0.8689193169975817,0.9992599194787767,0.8694788671117508,0.8726376819005396,0.9298628454367954,0.9784325015096407,0.18289012449187125,0.0007400805212233197,0.75,1.25
HistoKit (no postprocessing),gaussian,7d4546a5-f4cc-3733-763f-d1c5a5904dff_120251_1.png,6410130,933083,28241,362162,0.9704478874375949,0.9425922938687306,0.9956136420221823,0.9465229792218055,0.9495186986268778,0.9704478874375948,0.9706228077110318,0.7203911229149698,0.004386357977817681,0.75,1.25
HistoKit (no postprocessing),gaussian,8e6bc805-8b70-bd59-8612-caf5bbe72e5e_125634_3.png,31234552,394402,24642,81289,0.9983071363843424,0.9966199946567511,0.9992116879277182,0.9974042210777606,0.9966620014536054,0.9983071363843424,0.9411947194089404,0.8291138575251581,0.0007883120722818381,0.75,1.25
HistoKit (no postprocessing),gaussian,54b22c23-34e4-1c55-9de2-c8e205e762bc_131621_2.png,20944949,1719625,74664,357597,0.9897864142516926,0.979779353807162,0.9964478889311615,0.9832134149598832,0.9812848383772063,0.9897864142516924,0.9583879742895375,0.8278484437388012,0.0035521110688384225,0.75,1.25
HistoKit (no postprocessing),gaussian,1c7a4a4c-ace6-25f8-ee0c-f8914aeab226_121941_3.png,7016435,3824901,572872,121020,0.9528822425459175,0.9100048545282191,0.9245159011224608,0.9830443764619181,0.9398458357303384,0.9528822425459175,0.8697358867772393,0.9693303540542246,0.07548409887753915,0.75,1.25
HistoKit (no postprocessing),gaussian,be2180cd-04c9-2627-2456-4397fd5e59ee_103647_1.png,28915315,455506,8620,47219,0.9990353704248224,0.9980726000766141,0.9997019769267218,0.9983696523239299,0.9981024350028171,0.9990353704248224,0.9814274571991226,0.9060738972599334,0.00029802307327823826,0.75,1.25
HistoKit (no postprocessing),gaussian,6f1702fd-ae84-1c96-04ae-a23a14a5d2d4_111419_2.png,6381460,565782,14417,237377,0.9806531284513821,0.9620406515414607,0.9977458916111114,0.964136146576808,0.9650239282037206,0.9806531284513821,0.9751516290100466,0.7044458195699731,0.0022541083888886542,0.75,1.25
HistoKit (no postprocessing),gaussian,f761dbde-597d-9a8f-e1a1-2533f0d71b83_120113_3.png,10031716,14678726,434044,97654,0.9741833142106896,0.9496660833325287,0.9585272354802709,0.9903593214582941,0.97893609654332,0.9741833142106897,0.97127965290281,0.9933912094843257,0.041472764519729095,0.75,1.25
HistoKit (no postprocessing),gaussian,f9a50b4c-7c73-18cd-0877-8296eed330e2_114604_5.png,4931491,3239900,394024,1100025,0.8684472200524943,0.7674827329687466,0.9260120382723549,0.8176204788315243,0.8454235916833585,0.8684472200524945,0.8915706547522733,0.7465336382541173,0.07398796172764512,0.75,1.25
HistoKit (no postprocessing),gaussian,2125a939-8f92-6ca7-9a29-e1755d6267ed_103351_7.png,1081667,327904,17464,1285415,0.6241203295931324,0.4536154890700368,0.9841110841200912,0.45696220071801485,0.5196670906376154,0.6241203295931324,0.9494336475875008,0.20324808670820835,0.015888915879908764,0.25,2.25
HistoKit (no postprocessing),gaussian,9601a588-d18f-b3b2-00f0-b816a7730c15_114312_1.png,9492227,965120,395775,66776,0.9762147950288489,0.953534774959321,0.959974219260878,0.9930143342354846,0.9576414541601029,0.976214795028849,0.709180355574824,0.9352880522843388,0.04002578073912202,0.75,1.25
HistoKit (no postprocessing),gaussian,9601a588-d18f-b3b2-00f0-b816a7730c15_114312_2.png,5462884,420319,22368,50909,0.993337876151975,0.9867639326240693,0.995922156356718,0.9907669729349651,0.987697935693564,0.993337876151975,0.949472200448624,0.8919652482450109,0.0040778436432820225,0.75,1.25
HistoKit (no postprocessing),gaussian,54b22c23-34e4-1c55-9de2-c8e205e762bc_131621_1.png,26124742,1338170,134739,167597,0.994246897633612,0.9885596129848332,0.9948689389558004,0.9936256336874403,0.9891109922735069,0.994246897633612,0.9085218435083227,0.8886965911724722,0.005131061044199617,0.75,1.25
HistoKit (no postprocessing),gaussian,be2180cd-04c9-2627-2456-4397fd5e59ee_103647_4.png,4399620,437235,27366,447903,0.9487553465094486,0.9025067032295505,0.9938183676207695,0.9076016761550177,0.9105312677189011,0.9487553465094486,0.9410978452478579,0.49397382103129683,0.0061816323792304746,0.25,2.25
HistoKit (no postprocessing),gaussian,228e0715-eef2-126e-c558-f7684e2bcfa8_110725_2.png,2873232,183269,63040,620965,0.8936306200994049,0.8077145267520831,0.9785305993450198,0.822286780052756,0.8171357030305525,0.893630620099405,0.7440613213483876,0.22788019407286933,0.02146940065498019,0.25,2.25
HistoKit (no postprocessing),gaussian,39bcf904-a619-148a-5bca-38122a540be1_104536_1.png,1685409,912289,1407,320211,0.9128981517892253,0.8397540242358473,0.9991658841272552,0.8403431357884344,0.8898310426140918,0.9128981517892253,0.998460100514832,0.7401939148073022,0.0008341158727448636,0.25,2.25
HistoKit (no postprocessing),gaussian,9e7010fd-072a-6a7f-3911-83d91e8c9301_113642_3.png,3295080,270475,4176,474595,0.9322710887968775,0.8731346309115012,0.9987342600877289,0.8741018788091811,0.8816190880754914,0.9322710887968776,0.9847952492435855,0.363019582052693,0.0012657399122711303,0.25,2.25
HistoKit (no postprocessing),gaussian,be2180cd-04c9-2627-2456-4397fd5e59ee_103647_3.png,21838306,1448065,42498,239830,0.9935774611489722,0.9872368938430969,0.9980577496146851,0.9891372170186831,0.9880210613237498,0.9935774611489722,0.9714886254388443,0.8579117776875931,0.0019422503853149089,0.75,1.25
HistoKit (no postprocessing),gaussian,332605c9-e7e2-297a-c808-98d567218fe3_115336_3.png,9121673,264620,32361,118922,0.9917756971342016,0.9836855690892958,0.9964648372509868,0.9871304823985901,0.9841382128960231,0.9917756971342016,0.8910334331152499,0.6899374775122412,0.003535162749013167,0.75,1.25
HistoKit (no postprocessing),gaussian,c74350c8-f970-c60d-af8a-f9c4d9c5bab2_124242_3.png,307487,1906257,1521079,19181,0.28533978213038586,0.1664118518390234,0.16815745234243665,0.9412828927228869,0.5897020887564318,0.28533978213038586,0.5561920395315779,0.990038110809073,0.8318425476575634,0.25,2.25
HistoKit (no postprocessing),gaussian,10fd35f3-17d4-d309-f849-cc9e883460c1_123055_2.png,4871711,3670393,3637148,98238,0.7228697077664434,0.5660109326059646,0.572545743207168,0.9802335999826155,0.6957532850769986,0.7228697077664435,0.5022747049931023,0.973932709251715,0.42745425679283205,0.75,1.25
HistoKit (no postprocessing),gaussian,969ce636-2f0f-f223-bb1c-2b4624598a38_125938_1.png,21781882,770998,144250,2425620,0.944295088481432,0.8944687840119265,0.9934210922382479,0.8997988309574445,0.8977074563891294,0.944295088481432,0.8423924444522141,0.24119178456731458,0.00657890776175205,0.75,1.25
HistoKit (no postprocessing),gaussian,332605c9-e7e2-297a-c808-98d567218fe3_115336_2.png,5443743,468874,12994,184245,0.9822062342547966,0.9650346340406688,0.997618723423907,0.9672627233746767,0.9677178971157422,0.9822062342547967,0.973034108926096,0.7178998008019978,0.002381276576093002,0.25,2.25
HistoKit (no postprocessing),gaussian,0502ebf6-5b9d-c3a6-85fe-a3909acf1f7b_112628_8.png,4011149,94861,555,52400,0.9934423107238869,0.9869700676951181,0.9998616547980609,0.9871048681829603,0.987267264812279,0.9934423107238869,0.9941833654732959,0.6441691961890793,0.00013834520193912612,0.25,2.25
HistoKit (no postprocessing),gaussian,def4a0a8-b472-78ea-531c-84458df3a3e9_124843_7.png,11369923,165298,59783,387002,0.9807309220559037,0.9621904002366818,0.9947695067572166,0.9670830595585155,0.9627120033156384,0.9807309220559037,0.734393396155162,0.29929024081115335,0.005230493242783323,0.25,2.25
HistoKit (no postprocessing),gaussian,3e1fffa8-5bae-87b0-bc39-e4a1bc285608_122517_10.png,3662910,1690504,317346,1567120,0.7953954958619092,0.6602959669580717,0.9202699524854683,0.7003611833966535,0.7396384024051241,0.795395495861909,0.8419473566252459,0.5189377288477737,0.07973004751453173,0.25,2.25
HistoKit (no postprocessing),gaussian,04e13be9-17d6-1bd0-76ee-d5d53a64912e_105258_2.png,3281748,114065,8307,888232,0.8798210732255277,0.7854290526237188,0.9974751181971122,0.7869937026076864,0.7911310628764836,0.8798210732255277,0.9321168241100906,0.1138035931465424,0.0025248818028877937,0.25,2.25
HistoKit (no postprocessing),gaussian,d9d9ce51-54c1-b32b-5fae-fd9ffdaa32e5_111717_1.png,7403890,299357,8343,644420,0.9577787791800068,0.9189783896613147,0.9988744282593384,0.9199310165736658,0.9218810173755178,0.957778779180007,0.9728859278518037,0.3171903956125229,0.0011255717406616873,0.25,2.25
HistoKit (no postprocessing),gaussian,b91bdd22-8eea-af27-bee7-880d6f1d7c1e_121440_5.png,4220032,798199,313417,3780492,0.6733749945049347,0.5075850309738787,0.9308656610011494,0.5274694507509758,0.5507192602396364,0.6733749945049348,0.7180528168000461,0.17432908226390467,0.06913433899885055,0.25,2.25
HistoKit (no postprocessing),gaussian,cd7afea3-2dfd-f8a4-f2e6-1e02af01c417_132555_3.png,0,3997907,4843,106110,0.0,0.0,0.0,0.0,0.9729966462717152,,0.9987900818187496,0.9741448439419232,1.0,0.25,2.25
HistoKit (no postprocessing),gaussian,7e6be544-b3c1-c3b1-a8a1-838402bd2649_124526_1.png,51766139,2595831,151753,259847,0.9960401708314173,0.9921115784645249,0.9970770577511121,0.9950054382438807,0.9924854268217317,0.9960401708314173,0.9447685675851949,0.9090068978365208,0.002922942248887917,0.75,1.25
HistoKit (no postprocessing),gaussian,0504f20c-cba2-27c1-e181-78505aa24ca7_112258_3.png,3464147,2233894,2632426,117755,0.715845626506242,0.5574451493387539,0.5682121742821746,0.9671250078868713,0.6744662959851198,0.715845626506242,0.45905201466405826,0.9499266259548087,0.4317878257178254,0.25,2.25
HistoKit (no postprocessing),gaussian,def4a0a8-b472-78ea-531c-84458df3a3e9_124843_8.png,30032342,639297,183463,1236418,0.9769067082120529,0.9548559413431604,0.9939282438445708,0.9604583616363425,0.9557552587100892,0.9769067082120529,0.7770151684573874,0.34082843075840413,0.006071756155429253,0.75,1.25
HistoKit (no postprocessing),gaussian,19a1c0fb-3d0a-327d-ea5a-6aae35f53e51_121144_1.png,6543383,59906,3871,13988,0.9986371986989326,0.9972781067974631,0.9994087597640171,0.9978668280321489,0.9973027336045048,0.9986371986989325,0.9393041378553397,0.8107018161149755,0.0005912402359829021,0.25,2.25
HistoKit (no postprocessing),gaussian,be2180cd-04c9-2627-2456-4397fd5e59ee_103647_5.png,4964870,480767,15239,109260,0.9876172627286859,0.9755374389241573,0.9969400268146741,0.9784672446310994,0.9776488401719455,0.9876172627286858,0.9692765813316775,0.8148220335679554,0.0030599731853258633,0.25,2.25
HistoKit (no postprocessing),gaussian,b0f43f79-08e2-79bc-61fa-379c7ef1dd21_131900_10.png,5009207,182253,4139,415481,0.959798942981025,0.9227052179043466,0.9991744036816929,0.9234092357016661,0.9252158229788204,0.9597989429810249,0.9777941113352504,0.30490653032954457,0.0008255963183071745,0.25,2.25
HistoKit (no postprocessing),gaussian,cbd7b0be-5303-525e-8ff2-6d1502e77bdd_110516_1.png,11620760,482096,19182,95522,0.9950889321835584,0.9902258658030053,0.9983520536442535,0.9918470723050197,0.9906115460042758,0.9950889321835583,0.9617338083857659,0.8346277297452642,0.0016479463557464461,0.25,2.25
HistoKit (no postprocessing),gaussian,d9d9ce51-54c1-b32b-5fae-fd9ffdaa32e5_111717_2.png,6775170,750323,6274,1605738,0.8936832491423494,0.8078005222731545,0.9990748283109026,0.8084052467823295,0.8235829145921124,0.8936832491423494,0.9917076065593704,0.31846501427594615,0.0009251716890974843,0.25,2.25
HistoKit (no postprocessing),gaussian,c0272a60-2518-4785-1810-6431c15f4b4b_130712_1.png,8107438,225108,48430,17974,0.9959214508932959,0.99187603577363,0.9940619441118959,0.9977879275537044,0.9920937736264652,0.9959214508932958,0.8229496450218983,0.9260578734747945,0.0059380558881041235,0.25,2.25
HistoKit (no postprocessing),gaussian,6f1702fd-ae84-1c96-04ae-a23a14a5d2d4_111419_5.png,2299063,936368,24275,235825,0.9464619389876058,0.8983652076870445,0.9895516709148647,0.9069682763104326,0.9255907042449345,0.9464619389876058,0.9747304669892978,0.7988172596150975,0.010448329085135266,0.25,2.25
HistoKit (no postprocessing),gaussian,e398b039-2e70-a00a-855c-e3ff4eba631e_115619_4.png,5046188,185850,977,534329,0.9496309731510597,0.9040927034947991,0.9998064259836958,0.9042509860645528,0.9071832718839036,0.9496309731510596,0.9947705631413019,0.25806084320703604,0.00019357401630420247,0.25,2.25
HistoKit (no postprocessing),gaussian,2125a939-8f92-6ca7-9a29-e1755d6267ed_103351_8.png,6857221,209012,0,1308717,0.9128866971320746,0.8397346391804591,1.0,0.8397346391804591,0.8437343506528397,0.9128866971320745,1.0,0.1377136498017762,0.0,0.25,2.25
HistoKit (no postprocessing),gaussian,deaaef3a-8172-327d-10b9-23d266fb17ca_123636_1.png,3627562,3644181,442156,102623,0.9301556698846126,0.8694308542854,0.89135463439973,0.9724884958788907,0.9303041685291745,0.9301556698846127,0.891796491576686,0.9726105235288529,0.10864536560027009,0.25,2.25
HistoKit (no postprocessing),gaussian,04e13be9-17d6-1bd0-76ee-d5d53a64912e_105258_4.png,8001055,383751,33279,728659,0.9545492830848492,0.9130504840070054,0.9958579018497364,0.9165311715824825,0.9166984448236444,0.9545492830848491,0.9201999856125459,0.34497262699903813,0.0041420981502636066,0.25,2.25
HistoKit (no postprocessing),gaussian,8e6bc805-8b70-bd59-8612-caf5bbe72e5e_125634_2.png,7180361,1492859,215948,55905,0.9814213834543818,0.9635205054497898,0.9708032749848607,0.9922743304350614,0.9696086325958435,0.9814213834543818,0.8736264540114829,0.9639034739960382,0.02919672501513931,0.25,2.25
HistoKit (no postprocessing),gaussian,f4c75e72-7c5b-0601-d74f-78529d4dec70_114117_1.png,4373224,8451114,10320965,168123,0.45470258796011714,0.29424923928390145,0.2976158806722848,0.9629794860423571,0.550083801497043,0.45470258796011714,0.4501959532558967,0.9804944451579647,0.7023841193277152,0.25,2.25
HistoKit (no postprocessing),gaussian,7ea29210-064a-9e70-4612-3ab81fa629dc_120503_2.png,8473254,43859,25001,314591,0.9803546201861612,0.9614662505165754,0.997058101927984,0.9642015761543359,0.9616570722407487,0.9803546201861612,0.6369300029044438,0.12235737201841261,0.002941898072015961,0.25,2.25
HistoKit (no postprocessing),gaussian,0502ebf6-5b9d-c3a6-85fe-a3909acf1f7b_112628_7.png,4997180,878552,26282,237296,0.9743049724028358,0.9498973341864423,0.9947681499332532,0.9546667135354141,0.9570671622706787,0.9743049724028358,0.9709537882086658,0.7873402112115628,0.005231850066746797,0.25,2.25
HistoKit (no postprocessing),gaussian,9e7010fd-072a-6a7f-3911-83d91e8c9301_113642_1.png,8240855,270245,75572,55695,0.992098526350816,0.9843209403780786,0.9909129245047182,0.9932869686797524,0.9848112212776893,0.9920985263508161,0.7814682331984836,0.8291249923298767,0.009087075495281809,0.25,2.25
HistoKit (no postprocessing),gaussian,24aa9d72-799e-9634-ead4-94165f32d151_102546_1.png,6244722,394448,35008,93030,0.9898523334529029,0.9799085482585254,0.9944252380277496,0.9853212937331722,0.9810796417074812,0.9898523334529028,0.9184829179240713,0.8091606185304773,0.005574761972250399,0.25,2.25
HistoKit (no postprocessing),gaussian,e398b039-2e70-a00a-855c-e3ff4eba631e_115619_1.png,14235598,375745,1077,1995444,0.9344709352525494,0.8770018258244657,0.9999243503135388,0.8770600186975057,0.87978460083729,0.9344709352525494,0.997141886620208,0.15846269529759122,7.564968646119969e-05,0.25,2.25
HistoKit (no postprocessing),gaussian,b91bdd22-8eea-af27-bee7-880d6f1d7c1e_121440_6.png,5499342,393173,115030,801153,0.9231058978669254,0.8571928252169542,0.9795115108154572,0.872842848061938,0.8654393248165803,0.9231058978669254,0.7736534416365114,0.3292007374870848,0.020488489184542814,0.25,2.25
HistoKit (no postprocessing),gaussian,e16fa7c2-3d43-e563-886f-5b0ebdd4e8c5_105048_1.png,42024022,442712,1008458,48421,0.9875814587130288,0.975467574366655,0.9765651898287061,0.9988491041511424,0.9757171124557146,0.9875814587130288,0.3050724587746439,0.9014095978075185,0.02343481017129387,0.75,1.25
HistoKit (no postprocessing),gaussian,b1a83861-bd20-5668-5a83-92a470ead44d_110338_5.png,2700258,2333901,269,174280,0.9686911273680218,0.9392832284045503,0.9999003898128032,0.9393711267688929,0.9664890026471056,0.9686911273680218,0.9998847556090602,0.9305153814656917,9.961018719679529e-05,0.25,2.25
HistoKit (no postprocessing),gaussian,d9d9ce51-54c1-b32b-5fae-fd9ffdaa32e5_111717_5.png,9066538,225789,6135,997382,0.9475603102391319,0.9003464231327436,0.9993237935501478,0.9008952773869426,0.9025318371179673,0.9475603102391319,0.9735473689656957,0.18459315990977548,0.00067620644985221,0.25,2.25
HistoKit (no postprocessing),gaussian,40f80889-968b-7602-00a3-4e00b00e88fe_110004_3.png,21141363,9005257,126704,1130933,0.9711156059952922,0.943852984508237,0.9940425239397638,0.9492224331070312,0.9599532955038548,0.9711156059952922,0.9861252145075959,0.8884262232653493,0.005957476060236222,0.25,2.25
HistoKit (no postprocessing),gaussian,0502ebf6-5b9d-c3a6-85fe-a3909acf1f7b_112628_2.png,8275008,2891339,272513,411545,0.9603078181049937,0.923646281878044,0.9681178905556359,0.9526227492078849,0.9422755593585198,0.9603078181049937,0.9138667042579741,0.8753982882838149,0.031882109444364044,0.25,2.25
HistoKit (no postprocessing),gaussian,59c3e1ff-f1eb-ac9b-3a83-925048a454e4_130514_4.png,1778450,1074224,131,71515,0.9802549009989125,0.961274441974903,0.9999263457778982,0.96134251188536,0.9754999452864256,0.9802549009989124,0.9998780663747086,0.937581770368295,7.365422210177664e-05,0.25,2.25
HistoKit (no postprocessing),gaussian,6247d1f0-d194-53f2-2d84-7b4b827443da_115125_1.png,2663751,454676,246096,13837,0.9534790113889468,0.9110940170004693,0.9154264811861242,0.9948322893589305,0.9230594134432091,0.9534790113889469,0.6488215853373137,0.970466134344191,0.08457351881387579,0.25,2.25
HistoKit (no postprocessing),gaussian,2125a939-8f92-6ca7-9a29-e1755d6267ed_103351_5.png,4153888,952392,2741,39051,0.9949947111036164,0.9900392784959768,0.9993405714101499,0.9906864850645335,0.9918820094202256,0.9949947111036164,0.9971302425944868,0.9606119565118721,0.0006594285898500925,0.25,2.25
HistoKit (no postprocessing),gaussian,0e99786b-efbd-e936-5e70-bad7ef5912da_122209_3.png,9726594,1756097,61067,198422,0.9868364403272067,0.9740149365872485,0.9937608178297144,0.9800078911711578,0.9779011222788273,0.9868364403272067,0.9663943375501606,0.8984803933857896,0.006239182170285628,0.25,2.25
HistoKit (no postprocessing),gaussian,0e99786b-efbd-e936-5e70-bad7ef5912da_122209_4.png,5240436,253235,12171,28645,0.9961207745373176,0.992271529553977,0.9976828649087968,0.994563568106089,0.9926251520691981,0.9961207745373175,0.9541419560974507,0.8983787427274017,0.0023171350912032825,0.25,2.25
HistoKit (no postprocessing),gaussian,66e65946-ef0a-6028-f7a7-e909aade97a4_112429_4.png,9078753,971103,23150,52402,0.9958563176840659,0.9917468338666889,0.9974565758391405,0.9942611860164459,0.992538374749936,0.995856317684066,0.9767161879320455,0.9488014225626645,0.0025434241608595478,0.25,2.25
HistoKit (no postprocessing),gaussian,7e3642ed-4a56-9d3f-3ecf-de46d455c0fd_113100_1.png,558495,1941043,1717727,95935,0.3811404424680924,0.23543762069711238,0.24536051404476364,0.8534067814739544,0.5795089492720022,0.3811404424680924,0.530517906290912,0.9529032714148116,0.7546394859552363,0.25,2.25
HistoKit (no postprocessing),gaussian,728c532f-2f31-cf1c-4143-7abb9ca2b76d_102101_5.png,4829219,1828667,589776,76050,0.9355086231812747,0.8788315655285808,0.8911650592037823,0.9844962630999442,0.9090862666363724,0.9355086231812748,0.7561340085335896,0.9600728087164655,0.10883494079621775,0.25,2.25
HistoKit (no postprocessing),gaussian,0502ebf6-5b9d-c3a6-85fe-a3909acf1f7b_112628_5.png,2742716,843949,212,11611,0.9978492902366727,0.9957078117245753,0.9999227103299831,0.9957844511563079,0.996714453403763,0.9978492902366727,0.9997488630723286,0.986428771798588,7.72896700168579e-05,0.25,2.25
HistoKit (no postprocessing),gaussian,59c3e1ff-f1eb-ac9b-3a83-925048a454e4_130514_1.png,4973882,709414,118612,89213,0.9795358989025649,0.9598925605017806,0.9767084654395273,0.9823797499355631,0.9647223338308617,0.9795358989025649,0.8567532903556169,0.8882920311985445,0.023291534560472726,0.25,2.25
HistoKit (no postprocessing),gaussian,228e0715-eef2-126e-c558-f7684e2bcfa8_110725_7.png,7252096,366286,1067,1981660,0.8797393861157442,0.7852988627935803,0.9998528917659785,0.7853896074360206,0.79348979373112,0.8797393861157442,0.9970954368141814,0.15600273600840905,0.0001471082340214883,0.25,2.25
HistoKit (no postprocessing),gaussian,f761dbde-597d-9a8f-e1a1-2533f0d71b83_120113_1.png,9251855,892259,116912,119214,0.9873997830077061,0.9751131457788543,0.9875210900217712,0.987278505792669,0.9772523564002373,0.9873997830077063,0.884150456166497,0.8821382281089065,0.012478909978228725,0.25,2.25
HistoKit (no postprocessing),gaussian,c38dfb82-e376-0eab-4312-72ca49852e8b_104329_1.png,3513398,810314,42676,77350,0.98320568218993,0.9669661454319672,0.9879991248776038,0.9784585273040604,0.9729898567377284,0.9832056821899301,0.9499689328128114,0.912861172695975,0.012000875122396216,0.25,2.25
HistoKit (no postprocessing),gaussian,7d4546a5-f4cc-3733-763f-d1c5a5904dff_120251_4.png,3286630,261051,5596,168259,0.9742326905647821,0.9497599324950116,0.9983002381974992,0.951298290625256,0.9532840741027361,0.9742326905647821,0.9790134522421029,0.6080710908201533,0.0016997618025008003,0.25,2.25
HistoKit (no postprocessing),gaussian,59c3e1ff-f1eb-ac9b-3a83-925048a454e4_130514_3.png,2348241,404657,7822,69368,0.9838300578674027,0.9681747285327845,0.9966800548202659,0.9713071882177805,0.9727252297455061,0.9838300578674027,0.9810366103486481,0.8536617267021781,0.003319945179734158,0.25,2.25
HistoKit (no postprocessing),gaussian,c0272a60-2518-4785-1810-6431c15f4b4b_130712_3.png,33230143,2122269,165919,363268,0.9921004453938607,0.9843247185296627,0.9950317794954388,0.9891863318077465,0.985251855693499,0.9921004453938608,0.9274889126243123,0.8538472772684534,0.004968220504561287,0.25,2.25
HistoKit (no postprocessing),gaussian,7e3642ed-4a56-9d3f-3ecf-de46d455c0fd_113100_4.png,8164168,3774129,5886,99721,0.9935738489539607,0.9872297613901224,0.99927956412528,0.9879329211706498,0.9912314976937711,0.9935738489539607,0.998442863321971,0.9742579087987403,0.0007204358747200447,0.25,2.25
HistoKit (no postprocessing),gaussian,7e3642ed-4a56-9d3f-3ecf-de46d455c0fd_113100_3.png,3820299,1312166,241657,113790,0.9555471486215998,0.9148782037987943,0.9405072334609238,0.9710758958427225,0.935230922070179,0.9555471486216,0.8444758508530251,0.920200903814704,0.05949276653907625,0.25,2.25
HistoKit (no postprocessing),gaussian,b0f43f79-08e2-79bc-61fa-379c7ef1dd21_131900_5.png,7424060,146862,23920,425199,0.9706405188544155,0.9429558250866645,0.99678839094627,0.945829408865219,0.9440004109704676,0.9706405188544156,0.8599384010024476,0.25672437030316697,0.0032116090537300046,0.25,2.25
HistoKit (no postprocessing),gaussian,3e1fffa8-5bae-87b0-bc39-e4a1bc285608_122517_7.png,3634905,351513,482,2551612,0.7401630070910895,0.5875069642002528,0.99986741439082,0.5875527376712939,0.60968275350722,0.7401630070910895,0.9986306623673632,0.12108090419806243,0.00013258560917998551,0.25,2.25
HistoKit (no postprocessing),gaussian,66e65946-ef0a-6028-f7a7-e909aade97a4_112429_5.png,13326978,461445,17843,16774,0.9987029280284112,0.9974092164894984,0.9986629269886798,0.9987429322727222,0.9974957028265852,0.9987029280284113,0.9627718615946989,0.9649240201664928,0.0013370730113202718,0.25,2.25
HistoKit (no postprocessing),gaussian,cbd7b0be-5303-525e-8ff2-6d1502e77bdd_110516_5.png,4548030,503923,136872,108650,0.9737172997036262,0.9487807788462501,0.9707844475722224,0.9766679265055791,0.9536530139358845,0.9737172997036263,0.7864028277374199,0.8226333841027926,0.029215552427777573,0.25,2.25
HistoKit (no postprocessing),gaussian,6f1702fd-ae84-1c96-04ae-a23a14a5d2d4_111419_3.png,4544184,344892,16562,74106,0.9901222742780397,0.9804377788114917,0.9963685765442759,0.9839538010822187,0.9817926383364285,0.9901222742780397,0.9541795083191775,0.8231351939627397,0.0036314234557241294,0.25,2.25
HistoKit (no postprocessing),gaussian,1875292b-dccd-c5b5-17ad-67c30baa6d69_130951_12.png,7223746,277120,9025,957469,0.9372975945352487,0.8819944226298618,0.9987522071416336,0.8829673832065286,0.8858565125375559,0.9372975945352486,0.9684600464799316,0.22446336392111058,0.0012477928583664545,0.25,2.25
HistoKit (no postprocessing),gaussian,1875292b-dccd-c5b5-17ad-67c30baa6d69_130951_13.png,11200741,342204,49536,1471346,0.9364242597428917,0.8804490590548077,0.9955969084138995,0.8838907908381627,0.8835806689724228,0.9364242597428917,0.873548782355644,0.18869289515039564,0.004403091586100502,0.25,2.25
HistoKit (no postprocessing),gaussian,e398b039-2e70-a00a-855c-e3ff4eba631e_115619_3.png,16727342,538510,24063,4084485,0.8906231497864721,0.802813894678845,0.9985635234775829,0.8037421222077236,0.8077818324724905,0.8906231497864721,0.9572268843332332,0.11648509245629728,0.0014364765224170748,0.25,2.25
HistoKit (no postprocessing),gaussian,04e13be9-17d6-1bd0-76ee-d5d53a64912e_105258_3.png,9188239,316013,1446,1667802,0.9167279848083327,0.8462583468900308,0.9998426496664466,0.846371066579428,0.8506065243656866,0.9167279848083326,0.9954450810970865,0.1592955996400874,0.00015735033355332637,0.25,2.25
HistoKit (no postprocessing),gaussian,b91bdd22-8eea-af27-bee7-880d6f1d7c1e_121440_1.png,5068949,1313958,70634,686571,0.9305004275774171,0.8700334731968979,0.9862568616948106,0.8807108653953074,0.8939505430727137,0.930500427577417,0.9489856939806095,0.6568052750047613,0.013743138305189351,0.25,2.25
HistoKit (no postprocessing),gaussian,b1a83861-bd20-5668-5a83-92a470ead44d_110338_3.png,847343,1698890,47737,89701,0.9249843351214219,0.8604380060135197,0.9466673369978102,0.9042723714147894,0.94878731409327,0.9249843351214219,0.9726690358044391,0.9498482324913857,0.05333266300218975,0.25,2.25
HistoKit (no postprocessing),gaussian,c74350c8-f970-c60d-af8a-f9c4d9c5bab2_124242_5.png,0,5538390,5562474,1850,0.0,0.0,0.0,0.0,0.49883208736170276,,0.49891521957209817,0.9996660794478217,1.0,0.25,2.25
HistoKit (no postprocessing),gaussian,b91bdd22-8eea-af27-bee7-880d6f1d7c1e_121440_2.png,9051969,1021303,2649,1860914,0.9066701937313036,0.829274193873464,0.9997074421030241,0.8294754924065437,0.8438813135977836,0.9066701937313036,0.9974129646702189,0.35434632437460467,0.0002925578969758857,0.25,2.25
HistoKit (no postprocessing),gaussian,0504f20c-cba2-27c1-e181-78505aa24ca7_112258_4.png,9870496,1352857,422848,207159,0.969073338033152,0.9400022075132972,0.9589202498235753,0.9794437297168835,0.9468499227223336,0.9690733380331519,0.7618703557178698,0.8672071312089107,0.041079750176424686,0.25,2.25
HistoKit (no postprocessing),gaussian,c74350c8-f970-c60d-af8a-f9c4d9c5bab2_124242_4.png,0,2718339,919039,1278,0.0,0.0,0.0,0.0,0.7470722706405881,,0.7473347559698222,0.9995300808900665,1.0,0.25,2.25
HistoKit (no postprocessing),gaussian,3e1fffa8-5bae-87b0-bc39-e4a1bc285608_122517_3.png,10509021,485932,22798,1602673,0.9282147165062241,0.866045401818222,0.9978353217046362,0.8676755704032814,0.8712031386584159,0.9282147165062241,0.9551864446759578,0.23265864057588678,0.002164678295363792,0.25,2.25
HistoKit (no postprocessing),gaussian,5fe08b37-e6eb-942a-a4ce-507361c4911e_102333_2.png,8932618,68316,14668,255808,0.985086000483466,0.9706103186602245,0.9983606201925366,0.9721597583742853,0.9708268753080708,0.985086000483466,0.8232430348018895,0.2107711863360936,0.0016393798074634028,0.25,2.25
HistoKit (no postprocessing),gaussian,cbd7b0be-5303-525e-8ff2-6d1502e77bdd_110516_4.png,3236780,341787,450,81453,0.9875061456376155,0.9753206317084216,0.999860992268081,0.9754528991785688,0.9776250044393207,0.9875061456376155,0.9986851217139,0.8075489084207542,0.0001390077319189554,0.25,2.25
HistoKit (no postprocessing),gaussian,7e6be544-b3c1-c3b1-a8a1-838402bd2649_124526_4.png,4602575,474516,18078,88191,0.98858723895896,0.9774320406452199,0.9960875659782287,0.9811990195204792,0.9794980475984689,0.98858723895896,0.9633004056078637,0.8432736752874942,0.003912434021771382,0.25,2.25
HistoKit (no postprocessing),gaussian,66e65946-ef0a-6028-f7a7-e909aade97a4_112429_3.png,4704311,170469,11879,3779,0.9983385468173696,0.9966826053306707,0.9974812295518204,0.999197339048319,0.9967982417934753,0.9983385468173697,0.934855331563823,0.9783125200863138,0.0025187704481795686,0.25,2.25
HistoKit (no postprocessing),gaussian,24aa9d72-799e-9634-ead4-94165f32d151_102546_6.png,8292514,118296,2871,31643,0.9979232881387465,0.9958551838663207,0.9996539039477975,0.9961986541099597,0.9959132414576397,0.9979232881387466,0.9763054296962044,0.7889608440765912,0.0003460960522025198,0.25,2.25
HistoKit (no postprocessing),gaussian,0f3058e5-e9f7-bd55-4b60-07a71af55b96_123333_3.png,30681356,1532443,101149,447881,0.9911320537548435,0.9824200059518957,0.9967140750890806,0.985612207584786,0.983242289608141,0.9911320537548435,0.938081846630003,0.7738344836501502,0.003285924910919368,0.25,2.25
HistoKit (no postprocessing),gaussian,def4a0a8-b472-78ea-531c-84458df3a3e9_124843_6.png,16518281,7846894,2135207,82117,0.9371041252019706,0.8816518601881285,0.8855330970808247,0.995053311372414,0.9165870748269378,0.9371041252019706,0.7860964340072295,0.9896434750815707,0.11446690291917522,0.25,2.25
HistoKit (no postprocessing),gaussian,9e7010fd-072a-6a7f-3911-83d91e8c9301_113642_6.png,6741115,1647298,30975,1145412,0.9197477497365543,0.8514194249650963,0.9954260796888406,0.8547634465716024,0.8770087194713951,0.9197477497365542,0.9815435271853864,0.5898564476798522,0.00457392031115948,0.25,2.25
HistoKit (no postprocessing),gaussian,969ce636-2f0f-f223-bb1c-2b4624598a38_125938_4.png,15292808,753419,87822,4215971,0.8766447147327717,0.7803806384586797,0.9942900908480342,0.7838936511608441,0.7885116083423996,0.8766447147327718,0.8956042323186816,0.15161196847097932,0.005709909151965817,0.25,2.25
HistoKit (no postprocessing),gaussian,859ead5f-592a-5c4e-67de-d71b0ee92f6d_113334_2.png,12696861,598409,41669,311805,0.9862713594132736,0.9729145650284073,0.9967289004304264,0.9760309781187402,0.9741020858769129,0.9862713594132734,0.9349001215476864,0.6574377014636118,0.0032710995695735693,0.25,2.25
HistoKit (no postprocessing),gaussian,b91bdd22-8eea-af27-bee7-880d6f1d7c1e_121440_4.png,6484154,244302,31457,222278,0.9808096978659047,0.9623420629220814,0.9951720567725728,0.9668559973470244,0.9636596879117171,0.9808096978659047,0.885925754009842,0.5236015259976853,0.004827943227427175,0.25,2.25
HistoKit (no postprocessing),gaussian,1875292b-dccd-c5b5-17ad-67c30baa6d69_130951_4.png,3915274,146355,6724,142282,0.981326525266951,0.9633376637436397,0.9982855677131911,0.9649340637566062,0.9646119884530481,0.981326525266951,0.9560749678270697,0.5070555749955827,0.0017144322868089172,0.25,2.25
HistoKit (no postprocessing),gaussian,35ce6eab-4a33-9fbb-2efe-2acf7936ba3e_104917_2.png,7203255,4500350,889914,196781,0.9298598966450131,0.8689141671542048,0.890041342272724,0.9734081023389616,0.9150375675316451,0.9298598966450131,0.8349034481427997,0.9581061290391943,0.10995865772727594,0.25,2.25
HistoKit (no postprocessing),gaussian,84acf623-2a5d-c4c6-c1db-583a94b80fc7_105804_1.png,45315844,3736217,55038,861061,0.9899932152374148,0.980184717739421,0.9987869312304751,0.9813529945326566,0.9816663451285779,0.9899932152374147,0.9854829073749986,0.8127019945280664,0.0012130687695249124,0.25,2.25
HistoKit (no postprocessing),gaussian,d9d9ce51-54c1-b32b-5fae-fd9ffdaa32e5_111717_3.png,10795985,732961,29048,1126756,0.9491904570530725,0.9032944775045811,0.997316590166515,0.9054952212750407,0.9088823981552652,0.9491904570530726,0.9618797153314462,0.3941250200971438,0.0026834098334850343,0.25,2.25
HistoKit (no postprocessing),gaussian,6b809376-ab46-9021-2fa3-0d0025b512da_132412_1.png,3741544,440518,6500,78151,0.988814228397676,0.977875931571705,0.9982657620881719,0.9795399894494194,0.9801601373235087,0.988814228397676,0.9854591985110219,0.8493239426300782,0.001734237911828143,0.25,2.25
HistoKit (no postprocessing),gaussian,c38dfb82-e376-0eab-4312-72ca49852e8b_104329_5.png,2600371,527574,2578,91555,0.9822218654831323,0.9650648134127839,0.9990095848977448,0.9659890353598131,0.970785002721846,0.9822218654831324,0.9951372436584225,0.8521229016893087,0.0009904151022551728,0.25,2.25
HistoKit (no postprocessing),gaussian,cbd7b0be-5303-525e-8ff2-6d1502e77bdd_110516_2.png,9597504,747817,32208,37571,0.9963778992209984,0.9927819429719809,0.9966553516865302,0.9961006011888854,0.993300208351336,0.9963778992209984,0.9587090157366751,0.9521624980264531,0.003344648313469811,0.25,2.25
HistoKit (no postprocessing),gaussian,e3dca99c-de77-4ab1-72a1-8daf3d4d032c_120923_2.png,9084970,1116335,191209,237182,0.9769661589526502,0.9549695423100206,0.9793870946216109,0.9745571623376234,0.9596986593031447,0.9769661589526502,0.8537647681454696,0.8247661462693118,0.0206129053783891,0.25,2.25
HistoKit (no postprocessing),gaussian,24aa9d72-799e-9634-ead4-94165f32d151_102546_7.png,10986583,598059,10828,71050,0.9962875612490276,0.9926025849483501,0.9990154046256887,0.9935745742330208,0.9929817974854541,0.9962875612490277,0.9822167331540992,0.8938140123656982,0.0009845953743112812,0.25,2.25
HistoKit (no postprocessing),gaussian,b0f43f79-08e2-79bc-61fa-379c7ef1dd21_131900_4.png,12837420,194805,12933,695174,0.9731604282114503,0.9477239239196821,0.9989935685035267,0.9486296566644946,0.9484650734785739,0.9731604282114504,0.9377436963867949,0.218887187225766,0.0010064314964732875,0.25,2.25
HistoKit (no postprocessing),gaussian,19a1c0fb-3d0a-327d-ea5a-6aae35f53e51_121144_3.png,24680536,1521297,39194,171769,0.9957443143094691,0.9915246968452964,0.9984144648829093,0.9930884076949804,0.9920128486207973,0.9957443143094691,0.9748835462684501,0.8985455971592365,0.0015855351170906801,0.25,2.25
HistoKit (no postprocessing),gaussian,7ea29210-064a-9e70-4612-3ab81fa629dc_120503_4.png,2761895,176372,4811,524529,0.9125510273197502,0.8391667565518719,0.9982611090589315,0.8403952137642617,0.8473471763091953,0.9125510273197504,0.9734467361728197,0.2516361083804988,0.0017388909410685487,0.25,2.25
HistoKit (no postprocessing),gaussian,7ea29210-064a-9e70-4612-3ab81fa629dc_120503_1.png,8767774,155621,5512,1018613,0.9448198791002406,0.895410992290668,0.9993717291331891,0.8959153158361712,0.8970472037251496,0.9448198791002406,0.9657922337447947,0.13252980240735662,0.0006282708668109076,0.25,2.25
HistoKit (no postprocessing),gaussian,8e6bc805-8b70-bd59-8612-caf5bbe72e5e_125634_1.png,64573136,1029798,140925,108499,0.998072393381616,0.9961522038006522,0.9978223434316693,0.998322568685841,0.9962123755689963,0.998072393381616,0.8796256672159,0.9046830484486913,0.0021776565683306447,0.25,2.25
HistoKit (no postprocessing),gaussian,5fe08b37-e6eb-942a-a4ce-507361c4911e_102333_3.png,13479194,1653554,29148,1697099,0.9398198024831064,0.8864717570506505,0.9978422222357118,0.888174338753212,0.8976067671886728,0.9398198024831063,0.9826778597755277,0.49350201289121853,0.002157777764288171,0.25,2.25
HistoKit (no postprocessing),gaussian,859ead5f-592a-5c4e-67de-d71b0ee92f6d_113334_1.png,20240003,372628,9130,359879,0.9909665141252488,0.9820947748489836,0.9995491164979755,0.9825300455604552,0.9824127665902189,0.9909665141252487,0.9760843256722845,0.5087023059165305,0.00045088350202450645,0.25,2.25
HistoKit (no postprocessing),gaussian,7e6be544-b3c1-c3b1-a8a1-838402bd2649_124526_3.png,50300314,513654,35453,57019,0.9990816451176893,0.9981649754391432,0.9992956698166534,0.9988677120768091,0.9981834911260736,0.9990816451176893,0.9354351701945158,0.9000846369111558,0.0007043301833465654,0.25,2.25
HistoKit (no postprocessing),gaussian,f761dbde-597d-9a8f-e1a1-2533f0d71b83_120113_5.png,3492227,669972,528021,31987,0.9257723082176038,0.8618026841977329,0.8686595951294547,0.9909236499259125,0.8814096883088776,0.9257723082176037,0.5592453378275165,0.9544318115445489,0.1313404048705453,0.25,2.25
HistoKit (no postprocessing),gaussian,969ce636-2f0f-f223-bb1c-2b4624598a38_125938_5.png,12699305,272283,8546,1688651,0.9373631130454981,0.8821104598881033,0.9993275023448103,0.8826344061658237,0.8842987336715344,0.9373631130454981,0.9695686699023249,0.13885372990625897,0.0006724976551896934,0.25,2.25
HistoKit (no postprocessing),gaussian,969ce636-2f0f-f223-bb1c-2b4624598a38_125938_2.png,4526486,328176,6900,1264942,0.8768169576711019,0.7806536642977079,0.9984779588590074,0.7815837475662306,0.7924033021116121,0.8768169576711019,0.9794076567704043,0.20599604046906758,0.0015220411409926267,0.25,2.25
HistoKit (no postprocessing),gaussian,04e13be9-17d6-1bd0-76ee-d5d53a64912e_105258_1.png,14090491,253414,57754,807799,0.970201161687616,0.9421268752619343,0.9959179389387164,0.9457790793440053,0.9430911344769813,0.9702011616876162,0.8143960818593171,0.2387965469703066,0.0040820610612835725,0.25,2.25
HistoKit (no postprocessing),gaussian,9e7010fd-072a-6a7f-3911-83d91e8c9301_113642_2.png,2600866,835850,96324,435316,0.9072727183932946,0.830282847024076,0.9642872767584041,0.8566238782787066,0.866030164632407,0.9072727183932945,0.8966673603855074,0.6575459066715126,0.035712723241595884,0.25,2.25
HistoKit (no postprocessing),gaussian,a40a1d35-8d5f-0529-214c-05d84888ba26_111152_2.png,2750982,3931382,413,131303,0.9766199003138268,0.9543080822201979,0.9998498943263326,0.9544448241586103,0.9806700244200244,0.9766199003138268,0.9998949589182549,0.9676807333081447,0.00015010567366735783,0.25,2.25
HistoKit (no postprocessing),gaussian,40f80889-968b-7602-00a3-4e00b00e88fe_110004_1.png,9160650,891999,100753,2491373,0.876054454205638,0.7794456390558282,0.9891211947045172,0.7861853688411017,0.795004181569067,0.876054454205638,0.8985114107047883,0.263642011578981,0.010878805295482769,0.25,2.25
HistoKit (no postprocessing),gaussian,2125a939-8f92-6ca7-9a29-e1755d6267ed_103351_3.png,10169757,2436655,404853,753631,0.9461120054062708,0.8977348734017929,0.9617146164255703,0.9310075775025112,0.9158377949241316,0.9461120054062708,0.8575217806882824,0.763773216570552,0.0382853835744297,0.25,2.25
HistoKit (no postprocessing),gaussian,f9a50b4c-7c73-18cd-0877-8296eed330e2_114604_2.png,8629109,1653826,43186,2150845,0.8872093915721518,0.7972833207368656,0.9950202339749743,0.8004773489757007,0.824153484108236,0.887209391572152,0.9745517415315861,0.43468305143861324,0.004979766025025671,0.25,2.25
HistoKit (no postprocessing),gaussian,c38dfb82-e376-0eab-4312-72ca49852e8b_104329_2.png,5768444,752521,15445,59081,0.9935816602525757,0.9872451852396983,0.9973296513816223,0.989861733754896,0.9887004621793889,0.9935816602525755,0.9798884325608165,0.9272044672142257,0.002670348618377704,0.25,2.25
HistoKit (no postprocessing),gaussian,0502ebf6-5b9d-c3a6-85fe-a3909acf1f7b_112628_1.png,7695625,2965909,366956,66689,0.9725972905349451,0.9466563418363518,0.9544865347709375,0.9914086186155314,0.9609159077109076,0.972597290534945,0.8898977306311536,0.9780092844485158,0.04551346522906251,0.25,2.25
HistoKit (no postprocessing),gaussian,c0272a60-2518-4785-1810-6431c15f4b4b_130712_2.png,17040203,1506484,73955,252997,0.990497613911536,0.9811741186164343,0.9956787240131826,0.9853701454907131,0.9826767906284527,0.990497613911536,0.9532060395877348,0.8562093026295823,0.004321275986817464,0.25,2.25
HistoKit (no postprocessing),gaussian,0f3058e5-e9f7-bd55-4b60-07a71af55b96_123333_2.png,15229702,834991,40193,95342,0.9955700189498662,0.9911791142564218,0.997367827349173,0.993778680178667,0.991633759722394,0.9955700189498663,0.9540748002705717,0.8975184154490918,0.002632172650827003,0.25,2.25
HistoKit (no postprocessing),gaussian,7d4546a5-f4cc-3733-763f-d1c5a5904dff_120251_3.png,2795512,448774,11953,251341,0.9550256750658233,0.9139226220950266,0.9957424224344738,0.9175079992372458,0.9249357106609115,0.9550256750658233,0.9740562198438555,0.6410004070759804,0.0042575775655261956,0.25,2.25
HistoKit (no postprocessing),gaussian,c38dfb82-e376-0eab-4312-72ca49852e8b_104329_4.png,5028714,146144,5660,25102,0.9969506918485873,0.9939199237233263,0.9988757291373267,0.9950330601668126,0.9940906174480657,0.9969506918485874,0.9627150799715423,0.8534155542319236,0.0011242708626732936,0.25,2.25
HistoKit (no postprocessing),gaussian,7ea29210-064a-9e70-4612-3ab81fa629dc_120503_3.png,3888594,233203,5446,557830,0.9324646686323447,0.8734742928252622,0.9986014524760917,0.8745441280453686,0.8797722041897746,0.9324646686323447,0.9771798750466166,0.29480818120103713,0.0013985475239083316,0.25,2.25
HistoKit (no postprocessing),gaussian,228e0715-eef2-126e-c558-f7684e2bcfa8_110725_12.png,2044615,6089301,479337,301115,0.8397324507021198,0.72374035730834,0.8100847401218406,0.8716327113521164,0.91245010302469,0.8397324507021198,0.9270264246560702,0.9528802193785193,0.18991525987815933,0.25,2.25
HistoKit (no postprocessing),gaussian,5fe08b37-e6eb-942a-a4ce-507361c4911e_102333_4.png,5131565,512209,16479,2163947,0.8247746865928035,0.7018013288036049,0.9967989784081099,0.7033865477844461,0.721322818946346,0.8247746865928035,0.9688303876766637,0.19139728775153617,0.003201021591890046,0.25,2.25
HistoKit (no postprocessing),gaussian,7e6be544-b3c1-c3b1-a8a1-838402bd2649_124526_2.png,49837685,1372095,76727,106688,0.9981632562423026,0.99633324736961,0.9984628287317098,0.9978638634626568,0.9964311422942279,0.9981632562423026,0.9470418036170075,0.9278541882074652,0.0015371712682902083,0.25,2.25
HistoKit (no postprocessing),gaussian,0f3058e5-e9f7-bd55-4b60-07a71af55b96_123333_1.png,18643178,805014,32759,256049,0.9923138592289311,0.9847449707600671,0.9982459246890799,0.986451879751484,0.9853671783959062,0.9923138592289311,0.9608975223598756,0.7586863362495913,0.0017540753109201428,0.25,2.25
HistoKit (no postprocessing),gaussian,be2180cd-04c9-2627-2456-4397fd5e59ee_103647_6.png,3763500,359251,11126,74850,0.9887066503296477,0.9776655316204076,0.9970524232069614,0.9804994333502677,0.9795719703368738,0.9887066503296477,0.969960337709955,0.827574688839694,0.0029475767930385688,0.25,2.25
HistoKit (no postprocessing),gaussian,6f1702fd-ae84-1c96-04ae-a23a14a5d2d4_111419_1.png,2876809,787590,773,127450,0.9782001927627761,0.9573305708558179,0.9997313716863673,0.9575768933370924,0.9661914633200989,0.9782001927627761,0.9990194872159145,0.8607164714110859,0.0002686283136327653,0.25,2.25
HistoKit (no postprocessing),gaussian,9e7010fd-072a-6a7f-3911-83d91e8c9301_113642_4.png,6877320,215974,46676,970910,0.931114917954816,0.8711085350477891,0.9932588060420601,0.8762893034480386,0.8745406170477186,0.9311149179548159,0.8222882162573767,0.1819672352142248,0.006741193957939894,0.25,2.25
HistoKit (no postprocessing),gaussian,228e0715-eef2-126e-c558-f7684e2bcfa8_110725_1.png,7310767,551840,29551,2673441,0.8439788771132901,0.7300721936687312,0.995974152618456,0.7322330424205906,0.744170491422209,0.8439788771132902,0.9491718998058105,0.17109827019723242,0.00402584738154396,0.25,2.25
HistoKit (no postprocessing),gaussian,deaaef3a-8172-327d-10b9-23d266fb17ca_123636_5.png,2368378,163022,693,456303,0.9120104309947799,0.8382529180207647,0.9997074802739133,0.8384585728441548,0.8470764918705553,0.91201043099478,0.9957670341752436,0.26322528559318614,0.00029251972608672344,0.25,2.25
HistoKit (no postprocessing),gaussian,9e7010fd-072a-6a7f-3911-83d91e8c9301_113642_7.png,2913621,3270222,339048,410854,0.885983642748281,0.7953057753424777,0.8957631409774558,0.8764153738560224,0.8918474792482274,0.885983642748281,0.9060618906316236,0.8883875258212545,0.10423685902254426,0.25,2.25
HistoKit (no postprocessing),gaussian,f761dbde-597d-9a8f-e1a1-2533f0d71b83_120113_2.png,3036141,467702,17687,70574,0.985673178484429,0.9717510742855753,0.9942082527241219,0.9772834006337884,0.975429163520878,0.9856731784844289,0.9635611849465068,0.8688888228343824,0.005791747275878013,0.25,2.25
HistoKit (no postprocessing),gaussian,8e6bc805-8b70-bd59-8612-caf5bbe72e5e_125634_3.png,31219736,393681,25363,96105,0.9980584051326594,0.996124335236132,0.9991882566926736,0.9969311058898275,0.9961724140484517,0.9980584051326595,0.9394741363675414,0.8037816515784445,0.0008117433073263746,0.25,2.25
HistoKit (no postprocessing),gaussian,3e1fffa8-5bae-87b0-bc39-e4a1bc285608_122517_5.png,4949279,1748736,248042,703858,0.9122709843215835,0.8386932509588338,0.9522750278460769,0.8754924920446825,0.8755672448648122,0.9122709843215834,0.875778879775318,0.7130148732321778,0.04772497215392315,0.25,2.25
HistoKit (no postprocessing),gaussian,7e3642ed-4a56-9d3f-3ecf-de46d455c0fd_113100_2.png,2178609,1256925,171,147187,0.96728704322005,0.9366465646331181,0.999921515710627,0.9367154299001288,0.9588717717419336,0.96728704322005,0.9998639722026003,0.8951743165787345,7.848428937295183e-05,0.25,2.25
HistoKit (no postprocessing),gaussian,1875292b-dccd-c5b5-17ad-67c30baa6d69_130951_1.png,10105953,348585,7460,1818683,0.9171368118838469,0.846955388223494,0.999262365731529,0.8474852398010304,0.8512995329819251,0.9171368118838469,0.9790475922987263,0.16084074512243063,0.0007376342684709899,0.25,2.25
HistoKit (no postprocessing),gaussian,be2180cd-04c9-2627-2456-4397fd5e59ee_103647_1.png,28911036,455575,8551,51498,0.9989625639323065,0.9979272781809864,0.9997043180457591,0.9982219097265453,0.9979593674579446,0.9989625639323064,0.9815761237250229,0.8984406584456281,0.00029568195424090944,0.25,2.25
HistoKit (no postprocessing),gaussian,54b22c23-34e4-1c55-9de2-c8e205e762bc_131621_2.png,20989295,1715862,78427,313251,0.9907558290639087,0.9816810020760047,0.9962773858512087,0.9852951379614436,0.9830419189469033,0.9907558290639087,0.9562907647541729,0.8456217076131295,0.003722614148791217,0.25,2.25
HistoKit (no postprocessing),gaussian,7d4546a5-f4cc-3733-763f-d1c5a5904dff_120251_1.png,6248586,934012,27312,523706,0.9577705413547779,0.918963221975868,0.9956481128278375,0.9226693119552435,0.9287502767140235,0.9577705413547779,0.9715891832514324,0.6407357252911743,0.004351887172162454,0.25,2.25
HistoKit (no postprocessing),gaussian,f761dbde-597d-9a8f-e1a1-2533f0d71b83_120113_3.png,9965175,14652546,460224,164195,0.9696216970378018,0.941034661007778,0.9558555025088249,0.9837902061036372,0.9752628342921796,0.9696216970378018,0.969547343074764,0.9889182783177488,0.04414449749117516,0.25,2.25
HistoKit (no postprocessing),gaussian,9601a588-d18f-b3b2-00f0-b816a7730c15_114312_2.png,5454813,423325,19362,58980,0.9928702012965455,0.9858413509110083,0.9964630286755538,0.9893031892927427,0.9868476012678629,0.9928702012965454,0.9562625511930551,0.8777122360332155,0.0035369713244461495,0.25,2.25
HistoKit (no postprocessing),gaussian,6f1702fd-ae84-1c96-04ae-a23a14a5d2d4_111419_2.png,6263479,566963,13236,355358,0.9714169660980778,0.9444225056026977,0.9978912536255031,0.9463111117557359,0.9487995337153474,0.9714169660980778,0.9771871375166107,0.6147133156460711,0.0021087463744968505,0.25,2.25
HistoKit (no postprocessing),gaussian,f9a50b4c-7c73-18cd-0877-8296eed330e2_114604_5.png,5053627,3233072,400852,977889,0.8799632944294334,0.7856557647199289,0.9265095713082772,0.8378701142465675,0.8573535193431442,0.8799632944294334,0.8896916941576103,0.7677753367936677,0.0734904286917229,0.25,2.25
HistoKit (no postprocessing),gaussian,1c7a4a4c-ace6-25f8-ee0c-f8914aeab226_121941_3.png,6957669,3645423,752350,179786,0.9372192199157917,0.881855635215319,0.9024191769177222,0.9748109094908479,0.9191922344317771,0.9372192199157918,0.8289247762447038,0.9529996923043943,0.09758082308227775,0.25,2.25
HistoKit (no postprocessing),gaussian,9601a588-d18f-b3b2-00f0-b816a7730c15_114312_1.png,9484004,967297,393598,74999,0.9758910056565948,0.9529171319135571,0.9601524742543788,0.992154098079057,0.9570877859848141,0.9758910056565948,0.7107800381366675,0.9280444326755547,0.039847525745621254,0.25,2.25
HistoKit (no postprocessing),constant,2125a939-8f92-6ca7-9a29-e1755d6267ed_103351_7.png,1200945,327323,18045,1166137,0.6697829826060381,0.5035140686428857,0.9851967612531686,0.5073525125027354,0.5634271599476488,0.669782982606038,0.9477513840309467,0.2191709185381597,0.014803238746831393,0.25,
HistoKit (no postprocessing),constant,228e0715-eef2-126e-c558-f7684e2bcfa8_110725_2.png,2923921,185185,61124,570276,0.9025503291897417,0.8224070344140515,0.9795232567683234,0.8367934034629415,0.8311993083288731,0.9025503291897417,0.7518401682439537,0.24512847122485476,0.020476743231676576,0.25,
HistoKit (no postprocessing),gaussian,54b22c23-34e4-1c55-9de2-c8e205e762bc_131621_1.png,26112412,1334778,138131,179927,0.9939466967190722,0.9879662374524555,0.9947379755154018,0.9931566757906172,0.9885447448551513,0.9939466967190722,0.9062189178014391,0.881213173522237,0.0052620244845982805,0.25,2.25
HistoKit (no postprocessing),constant,be2180cd-04c9-2627-2456-4397fd5e59ee_103647_4.png,4471708,435970,28631,375815,0.9567338499434416,0.9170563521988846,0.9936380348235988,0.9224727763024538,0.9238635995695884,0.9567338499434415,0.9383750788310831,0.5370510664769612,0.006361965176401156,0.25,
HistoKit (no postprocessing),constant,39bcf904-a619-148a-5bca-38122a540be1_104536_1.png,1716663,912216,1480,288957,0.9220044347612885,0.8552952020327836,0.9991386048774753,0.8559263469650282,0.9005119692421102,0.9220044347612885,0.9983802052323749,0.7594376496974208,0.0008613951225247259,0.25,
HistoKit (no postprocessing),constant,9e7010fd-072a-6a7f-3911-83d91e8c9301_113642_3.png,3325264,270349,4302,444411,0.9367942291295647,0.881103408950293,0.9987079397134642,0.8821089351204017,0.8890512288079645,0.9367942291295648,0.984336485212142,0.3782374503329789,0.0012920602865358428,0.25,
HistoKit (no postprocessing),constant,c74350c8-f970-c60d-af8a-f9c4d9c5bab2_124242_3.png,307285,1892907,1534429,19383,0.28342330825472634,0.16510961008480482,0.16684729550842314,0.9406645278998861,0.5860920766200569,0.28342330825472634,0.552296885977914,0.9898639850650267,0.8331527044915769,0.25,
HistoKit (no postprocessing),gaussian,10fd35f3-17d4-d309-f849-cc9e883460c1_123055_2.png,4864048,3688513,3619028,105901,0.7231158791424234,0.5663128449406722,0.5733825796208828,0.9786917330540011,0.6966050063978875,0.7231158791424233,0.5047543352818684,0.9720902885135887,0.4266174203791172,0.25,2.25
HistoKit (no postprocessing),gaussian,332605c9-e7e2-297a-c808-98d567218fe3_115336_3.png,9042670,259987,36994,197925,0.9871770917649144,0.9746788740048735,0.9959256201551071,0.9785809247131814,0.9753691084611017,0.9871770917649145,0.8754331085153596,0.5677662957074722,0.004074379844892939,0.25,2.25
HistoKit (no postprocessing),gaussian,be2180cd-04c9-2627-2456-4397fd5e59ee_103647_3.png,21745364,1446872,43691,332772,0.9914181192955801,0.9829822826116487,0.9979948189584175,0.9849275319257024,0.9840269927500028,0.9914181192955801,0.9706882567191054,0.8130120406103692,0.002005181041582574,0.25,2.25
HistoKit (no postprocessing),constant,332605c9-e7e2-297a-c808-98d567218fe3_115336_2.png,5448125,469099,12769,179863,0.9826283659615099,0.9658499736826104,0.997661738169611,0.9680413319999972,0.9684719247065725,0.9826283659615098,0.9735010417790765,0.7228450972476046,0.0023382618303889437,0.25,
HistoKit (no postprocessing),constant,0502ebf6-5b9d-c3a6-85fe-a3909acf1f7b_112628_8.png,4014036,94708,708,49513,0.9937832163304797,0.987643251890813,0.9998236500260042,0.9878153308844068,0.9879246399043993,0.9937832163304798,0.9925798608199883,0.6566866129065809,0.0001763499739958513,0.25,
HistoKit (no postprocessing),constant,def4a0a8-b472-78ea-531c-84458df3a3e9_124843_7.png,11422377,164158,60923,334548,0.9829833403075917,0.9665361240049796,0.9946946435258157,0.9715446003100301,0.9669945917236229,0.9829833403075917,0.7293285528320915,0.3291678864902367,0.00530535647418425,0.25,
HistoKit (no postprocessing),constant,3e1fffa8-5bae-87b0-bc39-e4a1bc285608_122517_10.png,3805558,1656300,351550,1424472,0.8108026109768494,0.6818065852321386,0.9154339988280314,0.7276359791435231,0.754621242684322,0.8108026109768494,0.8249122195383122,0.5376249849063806,0.0845660011719686,0.25,
HistoKit (no postprocessing),constant,b91bdd22-8eea-af27-bee7-880d6f1d7c1e_121440_5.png,4713009,793876,317740,3287515,0.7233382341080569,0.5665856481592794,0.9368404187925098,0.5890875397661454,0.6043459604439791,0.7233382341080569,0.7141638839311417,0.19451113603180875,0.06315958120749017,0.25,
HistoKit (no postprocessing),gaussian,7e6be544-b3c1-c3b1-a8a1-838402bd2649_124526_1.png,51760550,2593050,154534,265436,0.9959595374571379,0.991951594196455,0.9970233314078814,0.9948980111592696,0.9923326158948559,0.9959595374571379,0.9437564056276351,0.9071410529909889,0.002976668592118622,0.25,2.25
HistoKit (no postprocessing),constant,d9d9ce51-54c1-b32b-5fae-fd9ffdaa32e5_111717_1.png,7474977,299389,8311,573333,0.9625509236074743,0.9278054658398354,0.9988893919357373,0.9287635540877526,0.9303921369170214,0.9625509236074743,0.9729899252518687,0.343051968438976,0.001110608064262661,0.25,
HistoKit (no postprocessing),constant,04e13be9-17d6-1bd0-76ee-d5d53a64912e_105258_2.png,3288498,113777,8595,881482,0.8807997457638355,0.7869903017176908,0.9973931581547745,0.7886124154072681,0.7926365312071331,0.8807997457638354,0.9297633445559441,0.11431898631411522,0.002606841845225476,0.25,
HistoKit (no postprocessing),gaussian,969ce636-2f0f-f223-bb1c-2b4624598a38_125938_1.png,21442372,770387,144861,2765130,0.9364557737914632,0.8805047789407541,0.993289505885261,0.885773839861709,0.884169089769233,0.936455773791463,0.8417248658287153,0.21789939066903086,0.006710494114739022,0.25,2.25
HistoKit (no postprocessing),constant,cd7afea3-2dfd-f8a4-f2e6-1e02af01c417_132555_3.png,0,3997910,4840,106110,0.0,0.0,0.0,0.0,0.9729973764012403,,0.9987908313034789,0.974144862841799,1.0,0.25,
HistoKit (no postprocessing),constant,0504f20c-cba2-27c1-e181-78505aa24ca7_112258_3.png,3491432,2222416,2643904,90470,0.7186058425243881,0.5607999992290155,0.5690694038598701,0.9747424692244512,0.6763373405670448,0.7186058425243881,0.45669335349915335,0.9608843669770148,0.4309305961401299,0.25,
HistoKit (no postprocessing),constant,be2180cd-04c9-2627-2456-4397fd5e59ee_103647_5.png,4966179,480713,15293,107951,0.9877437472167255,0.9757842883171629,0.996930023896551,0.9787252198899121,0.9778741488538162,0.9877437472167255,0.9691677116809071,0.8166169495671555,0.0030699761034489403,0.25,
HistoKit (no postprocessing),gaussian,def4a0a8-b472-78ea-531c-84458df3a3e9_124843_8.png,29555129,639853,182907,1713631,0.9689126765483635,0.939699921152033,0.9938493920714871,0.945196707512546,0.9409022071874439,0.9689126765483634,0.7776909426807331,0.2718748034828365,0.0061506079285128315,0.25,2.25
HistoKit (no postprocessing),constant,cbd7b0be-5303-525e-8ff2-6d1502e77bdd_110516_1.png,11634493,481835,19443,81789,0.9956683330895758,0.9913740310036235,0.9983316366247421,0.9930192018252889,0.9917142211701846,0.9956683330895759,0.9612131392161635,0.8548873007536939,0.0016683633752579386,0.25,
HistoKit (no postprocessing),constant,19a1c0fb-3d0a-327d-ea5a-6aae35f53e51_121144_1.png,6544110,60015,3762,13261,0.9987010542269228,0.9974054785964558,0.9994254621959623,0.9979776956344242,0.9974289956968188,0.9987010542269228,0.9410132179312292,0.819026693596812,0.0005745378040377088,0.25,
HistoKit (no postprocessing),constant,b0f43f79-08e2-79bc-61fa-379c7ef1dd21_131900_10.png,5043971,181718,4674,380717,0.9632026404583909,0.9290172583813715,0.9990742070397106,0.9298177148621266,0.9313160746237801,0.9632026404583908,0.97492381647281,0.32309155724661515,0.0009257929602893449,0.25,
HistoKit (no postprocessing),constant,d9d9ce51-54c1-b32b-5fae-fd9ffdaa32e5_111717_2.png,6986069,749572,7025,1394839,0.9088159348489743,0.8328713402932523,0.9989954374987666,0.8335694652655774,0.8465813151401832,0.9088159348489743,0.9907150041567704,0.3495467986314191,0.0010045625012333596,0.25,
HistoKit (no postprocessing),constant,c0272a60-2518-4785-1810-6431c15f4b4b_130712_1.png,8106362,225019,48519,19050,0.9958496447207676,0.9917335979469364,0.9940503117090244,0.9976555034993918,0.9919550658117979,0.9958496447207676,0.8226242788936089,0.9219483015049023,0.005949688290975675,0.25,
HistoKit (no postprocessing),constant,6f1702fd-ae84-1c96-04ae-a23a14a5d2d4_111419_5.png,2302246,937180,23463,232642,0.9473099703596081,0.8998945023571824,0.9899114635579945,0.9082239530898406,0.926733592120911,0.947309970359608,0.9755757341697175,0.8011304283899602,0.010088536442005427,0.25,
HistoKit (no postprocessing),constant,e398b039-2e70-a00a-855c-e3ff4eba631e_115619_4.png,5101626,185900,927,478891,0.9550861316082362,0.9140333576758989,0.9998183262378656,0.9141851910853421,0.9168043383574831,0.9550861316082363,0.9950381904114501,0.2796367580186856,0.00018167376213436685,0.25,
HistoKit (no postprocessing),constant,deaaef3a-8172-327d-10b9-23d266fb17ca_123636_1.png,3653950,3622326,464011,76235,0.9311625955990115,0.8711919996108909,0.8873202053152033,0.9795626758458361,0.9308840939742765,0.9311625955990115,0.8864481808524358,0.9793879295217789,0.11267979468479668,0.25,
HistoKit (no postprocessing),constant,2125a939-8f92-6ca7-9a29-e1755d6267ed_103351_8.png,7008081,209012,0,1157857,0.9236947706471172,0.8582089406018023,1.0,0.8582089406018023,0.8617475925229404,0.9236947706471174,1.0,0.15291297117719402,0.0,0.25,
HistoKit (no postprocessing),constant,04e13be9-17d6-1bd0-76ee-d5d53a64912e_105258_4.png,8090155,382093,34937,639559,0.959981977840623,0.923043598655554,0.9957001102264442,0.9267376915211655,0.9262583494192032,0.9599819778406231,0.916224252451862,0.3739952547442769,0.004299889773555794,0.25,
HistoKit (no postprocessing),constant,8e6bc805-8b70-bd59-8612-caf5bbe72e5e_125634_2.png,7180192,1495129,213678,56074,0.9815618938880678,0.9637914056803648,0.971100655002049,0.9922509758485938,0.969843510500138,0.9815618938880679,0.8749548661727158,0.9638512818760665,0.028899344997951007,0.25,
HistoKit (no postprocessing),constant,f4c75e72-7c5b-0601-d74f-78529d4dec70_114117_1.png,4376621,8415917,10356162,164726,0.4541445969286292,0.29378206786114375,0.29706682030136466,0.9637275019944523,0.5487197806105375,0.45414459692862924,0.4483209877819074,0.9808026041871221,0.7029331796986353,0.25,
HistoKit (no postprocessing),constant,0502ebf6-5b9d-c3a6-85fe-a3909acf1f7b_112628_7.png,5038110,878572,26262,196366,0.9783832133458034,0.9576812226725604,0.9948143619781485,0.9624860253442752,0.9637372929531168,0.9783832133458034,0.9709758917105237,0.8173234177226966,0.005185638021851476,0.25,
HistoKit (no postprocessing),constant,7ea29210-064a-9e70-4612-3ab81fa629dc_120503_2.png,8542333,40920,27940,245512,0.9842464488373682,0.9689815484383977,0.9967398938166847,0.9720623201706448,0.9691248607693267,0.9842464488373682,0.5942492012779552,0.1428611328343202,0.0032601061833152805,0.25,
HistoKit (no postprocessing),constant,9e7010fd-072a-6a7f-3911-83d91e8c9301_113642_1.png,8241567,268744,77073,54983,0.9920520920916343,0.984229526454678,0.9907349037823491,0.9933727874839542,0.9847199268441157,0.9920520920916343,0.777127787240072,0.8301562736503288,0.009265096217650962,0.25,
HistoKit (no postprocessing),constant,24aa9d72-799e-9634-ead4-94165f32d151_102546_1.png,6249879,396361,33095,87873,0.9904151314274631,0.9810122578677529,0.9947325900123094,0.9861349891885955,0.9821243857141675,0.9904151314274631,0.9229373905592191,0.8185319494294081,0.005267409987690543,0.25,
HistoKit (no postprocessing),gaussian,e16fa7c2-3d43-e563-886f-5b0ebdd4e8c5_105048_1.png,42025760,447611,1003559,46683,0.9876589864261565,0.9756188608218562,0.9766773208750992,0.9988904138511757,0.9758696043915288,0.9876589864261566,0.30844835546490074,0.9055562074392972,0.023322679124900863,0.25,2.25
HistoKit (no postprocessing),constant,e398b039-2e70-a00a-855c-e3ff4eba631e_115619_1.png,14628459,375341,1481,1602583,0.9480229112605685,0.9011820898082202,0.9998987692362374,0.9012643180887586,0.903415394056695,0.9480229112605685,0.9960697623811773,0.18976512747709215,0.0001012307637625308,0.25,
HistoKit (no postprocessing),constant,b1a83861-bd20-5668-5a83-92a470ead44d_110338_5.png,2711278,2333537,633,163260,0.970662401106678,0.942997129562033,0.999766585260357,0.9432047862995723,0.9685348074800891,0.9706624011066779,0.9997288115261528,0.9346122251829043,0.00023341473964300452,0.25,
HistoKit (no postprocessing),constant,b91bdd22-8eea-af27-bee7-880d6f1d7c1e_121440_6.png,5638742,391958,116245,661753,0.935465209935198,0.8787549440993402,0.9798009969440418,0.8949680937767588,0.8857346881885494,0.9354652099351979,0.7712626647225617,0.3719786544887545,0.02019900305595825,0.25,
HistoKit (no postprocessing),constant,d9d9ce51-54c1-b32b-5fae-fd9ffdaa32e5_111717_5.png,9150465,225484,6440,913455,0.9521407119621557,0.9086532159724181,0.9992967056008553,0.9092346719767248,0.9106537550491247,0.9521407119621557,0.9722322829892551,0.19797724022094249,0.0007032943991446891,0.25,
HistoKit (no postprocessing),constant,0502ebf6-5b9d-c3a6-85fe-a3909acf1f7b_112628_2.png,8354928,2887369,276483,331625,0.9648857105835305,0.9321537925319054,0.9679678096663454,0.9618231765810903,0.948684623014994,0.9648857105835305,0.9126119047287926,0.89697868340233,0.0320321903336546,0.25,
HistoKit (no postprocessing),constant,59c3e1ff-f1eb-ac9b-3a83-925048a454e4_130514_4.png,1778168,1074224,131,71797,0.9801756432277254,0.9611220174520674,0.9999263340979216,0.9611900765690161,0.975403512611479,0.9801756432277253,0.9998780663747086,0.9373510607571763,7.366590207833441e-05,0.25,
HistoKit (no postprocessing),constant,40f80889-968b-7602-00a3-4e00b00e88fe_110004_3.png,21297723,9003644,128317,974573,0.9747612815279739,0.9507651866491332,0.9940111658523927,0.9562428139424871,0.964880875863422,0.9747612815279739,0.9859485821281979,0.9023299453198903,0.005988834147607304,0.25,
HistoKit (no postprocessing),constant,2125a939-8f92-6ca7-9a29-e1755d6267ed_103351_5.png,4154417,952373,2760,38522,0.9950561165856857,0.9901608766501124,0.9993360879269755,0.9908126495520206,0.9919810756337518,0.9950561165856858,0.9971103500769003,0.9611240343325983,0.0006639120730245548,0.25,
HistoKit (no postprocessing),constant,6247d1f0-d194-53f2-2d84-7b4b827443da_115125_1.png,2665779,454081,246691,11809,0.9537571882080651,0.9116021419296859,0.9152983550045151,0.9955896874351096,0.9234835837506956,0.9537571882080651,0.6479725217331743,0.9746528150421774,0.08470164499548494,0.25,
HistoKit (no postprocessing),constant,0e99786b-efbd-e936-5e70-bad7ef5912da_122209_3.png,9732380,1748868,68296,192636,0.9867719723090069,0.9738893371887118,0.9930315010923736,0.9805908625235465,0.9777782319807736,0.9867719723090068,0.9624161605666852,0.9007800138449367,0.006968498907626372,0.25,
HistoKit (no postprocessing),constant,66e65946-ef0a-6028-f7a7-e909aade97a4_112429_4.png,9079626,970129,24124,51529,0.9958511985667049,0.9917366800072396,0.9973501029795414,0.9943567927606092,0.9925283998432458,0.9958511985667049,0.9757365579988192,0.9495633568180349,0.0026498970204586023,0.25,
HistoKit (no postprocessing),constant,0e99786b-efbd-e936-5e70-bad7ef5912da_122209_4.png,5239524,253099,12307,29557,0.9960208772775592,0.9920732958835822,0.9976566268031093,0.9943904828944554,0.992435793958862,0.9960208772775593,0.9536295336201894,0.8954311955168119,0.0023433731968907604,0.25,
HistoKit (no postprocessing),constant,728c532f-2f31-cf1c-4143-7abb9ca2b76d_102101_5.png,4844501,1824985,593458,60768,0.9367483729450806,0.8810222802477737,0.8908675111379104,0.9876116885740619,0.9106701628900754,0.9367483729450806,0.7546115413925406,0.9677752070393101,0.10913248886208962,0.25,
HistoKit (no postprocessing),constant,7e3642ed-4a56-9d3f-3ecf-de46d455c0fd_113100_1.png,558194,1937611,1721159,96236,0.38052848489475877,0.23497077987816917,0.24489142313630227,0.8529468392341427,0.5786434665677456,0.3805284848947587,0.5295798861365978,0.9526827730896179,0.7551085768636977,0.25,
HistoKit (no postprocessing),constant,59c3e1ff-f1eb-ac9b-3a83-925048a454e4_130514_1.png,4974583,708974,119052,88512,0.9795638950725283,0.9599463311249179,0.9766273005427362,0.9825182027988809,0.9647666377927053,0.9795638950725282,0.856221906075413,0.8890112177517849,0.02337269945726382,0.25,
HistoKit (no postprocessing),constant,0502ebf6-5b9d-c3a6-85fe-a3909acf1f7b_112628_5.png,2742402,843897,264,11925,0.997782605871974,0.9955750236604999,0.9999037432921106,0.9956704487157843,0.9966127440191547,0.997782605871974,0.9996872634485602,0.9860660277487608,9.625670788933104e-05,0.25,
HistoKit (no postprocessing),constant,228e0715-eef2-126e-c558-f7684e2bcfa8_110725_7.png,7443664,364837,2516,1790092,0.8925290840444472,0.8059164996440122,0.9996621086248251,0.8061360945643354,0.8132915687135726,0.8925290840444472,0.9931510018973576,0.16930348981335347,0.0003378913751749219,0.25,
HistoKit (no postprocessing),constant,f761dbde-597d-9a8f-e1a1-2533f0d71b83_120113_1.png,9258668,885441,123730,112401,0.9874086748866223,0.9751304898608175,0.9868125398219091,0.9880055306390338,0.9772518747158062,0.9874086748866224,0.8773944158125828,0.887355914062547,0.01318746017809093,0.25,
HistoKit (no postprocessing),constant,c38dfb82-e376-0eab-4312-72ca49852e8b_104329_1.png,3505286,809042,43948,85462,0.9818753044475462,0.9643959219698154,0.9876176098842736,0.976199387982671,0.9708781210773453,0.9818753044475462,0.9484777078277589,0.9044587838623416,0.01238239011572638,0.25,
HistoKit (no postprocessing),constant,59c3e1ff-f1eb-ac9b-3a83-925048a454e4_130514_3.png,2353328,403056,9423,64281,0.9845819143328117,0.9696320444065014,0.9960118522857466,0.9734113332635674,0.973956993563451,0.9845819143328117,0.9771552006283957,0.8624525770482543,0.003988147714253427,0.25,
HistoKit (no postprocessing),constant,7d4546a5-f4cc-3733-763f-d1c5a5904dff_120251_4.png,3304761,261130,5517,150128,0.9769931769607462,0.9550211738160205,0.9983333726049595,0.9565462161012988,0.9581772149993981,0.9769931769607461,0.9793097240921518,0.6349542136566341,0.0016666273950405373,0.25,
HistoKit (no postprocessing),constant,c0272a60-2518-4785-1810-6431c15f4b4b_130712_3.png,33224636,2128580,159608,368775,0.9921110555453159,0.9843456077217864,0.9952190620221922,0.9890224008511669,0.9852742627216808,0.9921110555453159,0.9302469901948616,0.8523337691277372,0.004780937977807735,0.25,
HistoKit (no postprocessing),constant,7e3642ed-4a56-9d3f-3ecf-de46d455c0fd_113100_4.png,8175859,3773086,6929,88030,0.9942262500807914,0.9885187897980586,0.9991532225935708,0.989347630395326,0.992115596404621,0.9942262500807915,0.9981669384909848,0.9772008921772876,0.0008467774064292024,0.25,
HistoKit (no postprocessing),constant,3e1fffa8-5bae-87b0-bc39-e4a1bc285608_122517_7.png,3896540,350726,1269,2289977,0.7727913595811956,0.6297147315695791,0.9996744324824536,0.6298439008572998,0.6495768456186973,0.7727913595811956,0.9963948351539085,0.132815390447165,0.00032556751754639595,0.25,
HistoKit (no postprocessing),constant,7e3642ed-4a56-9d3f-3ecf-de46d455c0fd_113100_3.png,3823737,1306480,247343,110352,0.9553169958060848,0.9144563393593391,0.9392438861432347,0.9719497957468679,0.9348212945105534,0.9553169958060849,0.8408164893942232,0.9221135603938928,0.060756113856765284,0.25,
HistoKit (no postprocessing),constant,66e65946-ef0a-6028-f7a7-e909aade97a4_112429_5.png,13326647,461035,18253,17105,0.9986751672583538,0.997353840235803,0.9986322115564747,0.9987181266558312,0.9974420966733801,0.9986751672583538,0.9619164260319474,0.9642259589241645,0.001367788443525242,0.25,
HistoKit (no postprocessing),constant,b0f43f79-08e2-79bc-61fa-379c7ef1dd21_131900_5.png,7500379,146016,24766,348880,0.9756968790464984,0.9525470137572588,0.9967089006258352,0.9555524922798445,0.9534109613654095,0.9756968790464984,0.8549847173589723,0.2950438071837315,0.003291099374164883,0.25,
HistoKit (no postprocessing),constant,cbd7b0be-5303-525e-8ff2-6d1502e77bdd_110516_5.png,4551089,505217,135578,105591,0.9741881576270259,0.9496752887678418,0.9710715525553661,0.9773248322839447,0.9544747261667115,0.9741881576270259,0.7884221943055111,0.8271289832484184,0.028928447444633895,0.25,
HistoKit (no postprocessing),constant,1875292b-dccd-c5b5-17ad-67c30baa6d69_130951_13.png,11252665,340278,51462,1419422,0.9386523660491185,0.8843967198145738,0.9954475033764217,0.8879883005853731,0.8874078782580327,0.9386523660491184,0.8686322560882218,0.19337273398874807,0.004552496623578274,0.25,
HistoKit (no postprocessing),constant,6f1702fd-ae84-1c96-04ae-a23a14a5d2d4_111419_3.png,4545617,344492,16962,72673,0.9902367629905187,0.9806623242921851,0.9962823657409549,0.9842640890892517,0.982000078718906,0.9902367629905188,0.9530728668101612,0.8257931513909365,0.0037176342590451586,0.25,
HistoKit (no postprocessing),constant,1875292b-dccd-c5b5-17ad-67c30baa6d69_130951_12.png,7332640,277627,8518,848575,0.9447833781600274,0.8953454282331305,0.9988396925934573,0.8962776311342509,0.8987768324483665,0.9447833781600274,0.9702318754477625,0.2465161667267506,0.0011603074065426736,0.25,
HistoKit (no postprocessing),constant,e398b039-2e70-a00a-855c-e3ff4eba631e_115619_3.png,17373679,537620,24953,3438148,0.9093677204976784,0.8337986483516167,0.99856580678297,0.8347983576838305,0.8379790309903435,0.9093677204976783,0.9556448674216501,0.13522418813170184,0.0014341932170299366,0.25,
HistoKit (no postprocessing),constant,b91bdd22-8eea-af27-bee7-880d6f1d7c1e_121440_1.png,5152948,1313249,71343,602572,0.9386223496925402,0.8843434280160697,0.9863439842841832,0.8953053764038696,0.9056156261974602,0.9386223496925403,0.9484736297768585,0.6854758351641411,0.013656015715816748,0.25,
HistoKit (no postprocessing),constant,04e13be9-17d6-1bd0-76ee-d5d53a64912e_105258_3.png,9381596,315181,2278,1474445,0.9270390710632925,0.8640007721268826,0.9997572431172882,0.8641820715304962,0.8678370251040408,0.9270390710632924,0.9928242702207214,0.17611556828074693,0.00024275688271176702,0.25,
HistoKit (no postprocessing),constant,b1a83861-bd20-5668-5a83-92a470ead44d_110338_3.png,846379,1700336,46291,90665,0.9251489577059584,0.8607229479272069,0.9481432108169873,0.9032436043558253,0.9489669188212713,0.9251489577059584,0.9734969172009822,0.9493774710343545,0.05185678918301276,0.25,
HistoKit (no postprocessing),constant,b91bdd22-8eea-af27-bee7-880d6f1d7c1e_121440_2.png,9441073,1018727,5225,1471810,0.927451158275964,0.8647169454634448,0.9994468732618852,0.8651309649338309,0.8762624263466824,0.9274511582759639,0.9948972217447692,0.4090390947815672,0.0005531267381147619,0.25,
HistoKit (no postprocessing),constant,3e1fffa8-5bae-87b0-bc39-e4a1bc285608_122517_3.png,10701548,480808,27922,1410146,0.9370405115956437,0.8815392513239299,0.997397634738715,0.883571530126174,0.8860523228062702,0.9370405115956437,0.9451143042478328,0.25426742268717273,0.00260236526128504,0.25,
HistoKit (no postprocessing),constant,c74350c8-f970-c60d-af8a-f9c4d9c5bab2_124242_4.png,0,2708488,928890,1278,0.0,0.0,0.0,0.0,0.7443649523340486,,0.7446264864416071,0.9995283725605827,1.0,0.25,
HistoKit (no postprocessing),constant,0504f20c-cba2-27c1-e181-78505aa24ca7_112258_4.png,9909498,1344066,431639,168157,0.9706252945815795,0.9429270891079838,0.958260005645414,0.9833138760951828,0.9493986515215939,0.9706252945815795,0.7569196459997578,0.888801453224822,0.04173999435458596,0.25,
HistoKit (no postprocessing),constant,c74350c8-f970-c60d-af8a-f9c4d9c5bab2_124242_5.png,0,5549577,5551287,1850,0.0,0.0,0.0,0.0,0.4998396788388857,,0.49992297896812354,0.9996667523503416,1.0,0.25,
HistoKit (no postprocessing),constant,5fe08b37-e6eb-942a-a4ce-507361c4911e_102333_2.png,9006160,67995,14989,182266,0.9891675121467689,0.9785671948945038,0.9983384599899636,0.980163523110487,0.9787243795711763,0.989167512146769,0.8193748192422635,0.27169634901163187,0.0016615400100364155,0.25,
HistoKit (no postprocessing),constant,7e6be544-b3c1-c3b1-a8a1-838402bd2649_124526_4.png,4596585,474111,18483,94181,0.9878931861453794,0.9760760155175485,0.995995075262163,0.9799220425832369,0.9782642918878874,0.9878931861453792,0.9624782275058161,0.8342735776678186,0.004004924737837015,0.25,
HistoKit (no postprocessing),constant,cbd7b0be-5303-525e-8ff2-6d1502e77bdd_110516_4.png,3238970,341757,480,79263,0.987839759866404,0.9759717095151041,0.9998518266989767,0.9761128889984518,0.9782150925973987,0.9878397598664039,0.9985974631614933,0.8117357845233005,0.00014817330102332186,0.25,
HistoKit (no postprocessing),constant,24aa9d72-799e-9634-ead4-94165f32d151_102546_6.png,8292247,118120,3047,31910,0.997896621254216,0.9958020723402476,0.9996326833021228,0.9961665787899003,0.9958607863949329,0.997896621254216,0.9748528889879258,0.7873092048257015,0.0003673166978771337,0.25,
HistoKit (no postprocessing),constant,66e65946-ef0a-6028-f7a7-e909aade97a4_112429_3.png,4703825,172887,9461,4265,0.9985431002859879,0.9970904395098219,0.9979926955419213,0.9990941124744854,0.997193298432574,0.998543100285988,0.948115690876785,0.9759246296965318,0.002007304458078716,0.25,
HistoKit (no postprocessing),constant,0f3058e5-e9f7-bd55-4b60-07a71af55b96_123333_3.png,30700497,1531615,101977,428740,0.9914306097566076,0.9830068405281972,0.9966893243705035,0.9862270957685214,0.9838012462232734,0.9914306097566076,0.9375749881243297,0.7812947144777349,0.003310675629496514,0.25,
HistoKit (no postprocessing),constant,84acf623-2a5d-c4c6-c1db-583a94b80fc7_105804_1.png,45288043,3728310,62945,888862,0.9896009077801016,0.9794158718075426,0.9986120478786482,0.9807509403239563,0.9809517300617033,0.9896009077801016,0.9833973183022509,0.8074877868963946,0.0013879521213517995,0.25,
HistoKit (no postprocessing),constant,def4a0a8-b472-78ea-531c-84458df3a3e9_124843_6.png,16546530,7815182,2166919,53868,0.9371128554756438,0.8816673155784601,0.8842052579404256,0.9967550175604224,0.9164568011457463,0.9371128554756439,0.7829195476984254,0.9931544468519071,0.11579474205957438,0.25,
HistoKit (no postprocessing),constant,b91bdd22-8eea-af27-bee7-880d6f1d7c1e_121440_4.png,6506939,241253,34506,199493,0.9823368680128899,0.9652868784729959,0.9947250187076403,0.9702534820303852,0.9664863078079646,0.9823368680128898,0.8748689979293514,0.5473742246100929,0.005274981292359715,0.25,
HistoKit (no postprocessing),constant,9e7010fd-072a-6a7f-3911-83d91e8c9301_113642_6.png,6923217,1645612,32661,963310,0.9328969260709433,0.8742331915847938,0.9953045467444944,0.8778537117795958,0.8958712152893944,0.9328969260709434,0.9805389230476805,0.6307632041126565,0.004695453255505631,0.25,
HistoKit (no postprocessing),constant,1875292b-dccd-c5b5-17ad-67c30baa6d69_130951_4.png,3921429,149784,3295,136127,0.9825335618394745,0.9656668023525118,0.9991604505183039,0.9664509867516308,0.9668881297001521,0.9825335618394744,0.9784751664173401,0.5238833063435825,0.0008395494816960377,0.25,
HistoKit (no postprocessing),constant,859ead5f-592a-5c4e-67de-d71b0ee92f6d_113334_2.png,12681004,593957,46121,327662,0.985476140989799,0.9713681272624364,0.9963761650804875,0.9748120214632308,0.9726141101335039,0.985476140989799,0.9279447192373429,0.6444713053875842,0.0036238349195124586,0.25,
HistoKit (no postprocessing),constant,35ce6eab-4a33-9fbb-2efe-2acf7936ba3e_104917_2.png,7219087,4489931,900333,180949,0.9303273259062689,0.8697308517247848,0.8891136312692286,0.9755475513902905,0.9154607788714886,0.930327325906269,0.8329705186981565,0.9612601907991641,0.11088636873077141,0.25,
HistoKit (no postprocessing),constant,d9d9ce51-54c1-b32b-5fae-fd9ffdaa32e5_111717_3.png,10916975,734537,27472,1005766,0.954815694872496,0.9135381101575344,0.9974898686064266,0.915643055569185,0.9185448668676954,0.954815694872496,0.9639479323735022,0.4220742020211423,0.00251013139357338,0.25,
HistoKit (no postprocessing),constant,969ce636-2f0f-f223-bb1c-2b4624598a38_125938_4.png,15894756,750718,90523,3614023,0.8956291219223229,0.8109858198011337,0.9943371022801667,0.8147488881800342,0.8179586064288881,0.8956291219223229,0.8923934996035618,0.17199600159551276,0.0056628977198333545,0.25,
HistoKit (no postprocessing),constant,6b809376-ab46-9021-2fa3-0d0025b512da_132412_1.png,3740827,440500,6518,78868,0.9887160633484163,0.9776839397074862,0.9982606351963857,0.9793522781269185,0.9799878735691855,0.9887160633484163,0.9854189316761294,0.8481462084687543,0.0017393648036142923,0.25,
HistoKit (no postprocessing),constant,c38dfb82-e376-0eab-4312-72ca49852e8b_104329_5.png,2601075,527517,2635,90851,0.982346596329506,0.9653056657466652,0.9989879825326169,0.9662505581505584,0.9709858048129189,0.9823465963295059,0.9950297273234846,0.8530793960877665,0.0010120174673830802,0.25,
HistoKit (no postprocessing),constant,cbd7b0be-5303-525e-8ff2-6d1502e77bdd_110516_2.png,9596732,747412,32613,38343,0.9963167331277039,0.9926604995941118,0.9966131652775968,0.9960204772666533,0.993187199354783,0.9963167331277039,0.9581898016089228,0.9512023467874846,0.003386834722403237,0.25,
HistoKit (no postprocessing),constant,7e6be544-b3c1-c3b1-a8a1-838402bd2649_124526_3.png,50302836,505970,43137,54497,0.9990304787014639,0.9980628355251449,0.9991431886717136,0.9989177941572085,0.9980820894173704,0.999030478701464,0.9214415405376366,0.9027650156030596,0.0008568113282863756,0.25,
HistoKit (no postprocessing),constant,8e6bc805-8b70-bd59-8612-caf5bbe72e5e_125634_1.png,64565096,1033751,136972,116539,0.9980406264921943,0.996088916258259,0.99788303520685,0.9981982675607999,0.9961503124914677,0.9980406264921943,0.8830022131622938,0.8986872875535734,0.002116964793150043,0.25,
HistoKit (no postprocessing),constant,e3dca99c-de77-4ab1-72a1-8daf3d4d032c_120923_2.png,9118835,1069566,237978,203317,0.9763747616637217,0.9538400628443338,0.9745663400561708,0.978189907223139,0.9584847017261829,0.9763747616637217,0.8179961821552468,0.8402704726200287,0.025433659943829165,0.25,
HistoKit (no postprocessing),constant,b0f43f79-08e2-79bc-61fa-379c7ef1dd21_131900_4.png,12992012,194316,13422,540582,0.9791241459237288,0.9591020710443573,0.9989679698501411,0.9600533349334207,0.9596804502249291,0.9791241459237288,0.9353897698061981,0.26441220414261574,0.0010320301498588974,0.25,
HistoKit (no postprocessing),constant,24aa9d72-799e-9634-ead4-94165f32d151_102546_7.png,10990016,596088,12799,67617,0.9963547431131045,0.992735965498004,0.9988367522311336,0.9938850385068848,0.9931071133465678,0.9963547431131045,0.9789796793165234,0.898121906569937,0.001163247768866422,0.25,
HistoKit (no postprocessing),constant,19a1c0fb-3d0a-327d-ea5a-6aae35f53e51_121144_3.png,24673373,1520990,39501,178932,0.9955930150075721,0.9912247026190064,0.9984016023389267,0.9928001849325445,0.9917300311561108,0.9955930150075721,0.9746868133170906,0.8947410528247767,0.0015983976610733338,0.25,
HistoKit (no postprocessing),constant,7ea29210-064a-9e70-4612-3ab81fa629dc_120503_4.png,2831793,176692,4491,454631,0.9250132457729489,0.8604880405601482,0.9984165901581082,0.8616639240706616,0.8675968758858775,0.9250132457729489,0.9752129062881175,0.2798757529822294,0.0015834098418917146,0.25,
HistoKit (no postprocessing),constant,859ead5f-592a-5c4e-67de-d71b0ee92f6d_113334_1.png,20282321,372438,9320,317561,0.992006142691237,0.984139075350904,0.9995406975709851,0.984584329172371,0.9844206172634742,0.9920061426912371,0.9755866281780604,0.539765999660869,0.0004593024290149821,0.25,
HistoKit (no postprocessing),constant,7ea29210-064a-9e70-4612-3ab81fa629dc_120503_1.png,8910591,154858,6275,875796,0.9528386318679429,0.909925309379615,0.99929627741406,0.9105087505736285,0.9113275469664801,0.9528386318679429,0.9610570150124431,0.15025216998139046,0.000703722585939948,0.25,
HistoKit (no postprocessing),constant,f761dbde-597d-9a8f-e1a1-2533f0d71b83_120113_5.png,3493159,665893,532100,31055,0.9254047269259722,0.8611658269059053,0.8678097483913457,0.9911881060571237,0.880743262631223,0.9254047269259723,0.5558404765303303,0.955441438959578,0.13219025160865425,0.25,
HistoKit (no postprocessing),constant,5fe08b37-e6eb-942a-a4ce-507361c4911e_102333_3.png,13784425,1647415,35287,1391868,0.9507809782761453,0.9061796999391253,0.9974466182797442,0.9082866942539921,0.9153475637189524,0.9507809782761453,0.9790295607897298,0.5420406720927271,0.0025533817202558202,0.25,
HistoKit (no postprocessing),constant,969ce636-2f0f-f223-bb1c-2b4624598a38_125938_5.png,13098431,269751,11078,1289525,0.9527009853453764,0.909674287872367,0.9991549645375735,0.9103746911653052,0.9113353287269532,0.9527009853453764,0.9605525070416516,0.17299759632034353,0.0008450354624265485,0.25,
HistoKit (no postprocessing),constant,969ce636-2f0f-f223-bb1c-2b4624598a38_125938_2.png,4677363,328033,7043,1114065,0.892981503906992,0.8066545473798179,0.9984965009437696,0.8076355261603874,0.8170068933277445,0.8929815039069919,0.9789808879179649,0.22746928433435176,0.001503499056230395,0.25,
HistoKit (no postprocessing),constant,a40a1d35-8d5f-0529-214c-05d84888ba26_111152_2.png,2752715,3931360,435,129570,0.9769307959367821,0.9549019675861686,0.9998419991645933,0.9550460832291047,0.9809211221470837,0.9769307959367821,0.999889363509542,0.968093515524769,0.00015800083540671594,0.25,
HistoKit (no postprocessing),constant,9e7010fd-072a-6a7f-3911-83d91e8c9301_113642_2.png,2607821,822928,109246,428361,0.906555930396894,0.8290830373481765,0.9597926734968258,0.8589145841718316,0.8645265192941359,0.9065559303968941,0.8828051415293712,0.6576642166597805,0.04020732650317419,0.25,
HistoKit (no postprocessing),constant,04e13be9-17d6-1bd0-76ee-d5d53a64912e_105258_1.png,14223401,247932,63236,674889,0.9747086912364044,0.9506651260038581,0.9955737658904611,0.9547002374097967,0.9514693423000347,0.9747086912364044,0.7967785890580008,0.26866748806106494,0.004426234109538865,0.25,
HistoKit (no postprocessing),constant,2125a939-8f92-6ca7-9a29-e1755d6267ed_103351_3.png,10189694,2432638,408870,733694,0.9469116927683883,0.8991759629899002,0.9614221322813166,0.9328327438336897,0.9169943601462736,0.9469116927683883,0.8561080947159043,0.7682826690315482,0.0385778677186834,0.25,
HistoKit (no postprocessing),constant,40f80889-968b-7602-00a3-4e00b00e88fe_110004_1.png,9398796,893418,99334,2253227,0.8887686060710767,0.7998051629271411,0.9895417308459665,0.8066235365309526,0.8139499516598753,0.8887686060710767,0.8999407707060777,0.2839271668713821,0.010458269154033478,0.25,
HistoKit (no postprocessing),constant,f9a50b4c-7c73-18cd-0877-8296eed330e2_114604_2.png,8778826,1650440,46572,2001128,0.8955540303484477,0.8108626903957927,0.9947229575368726,0.8143658126927072,0.8358815756971687,0.8955540303484477,0.9725564698422875,0.4519811763056309,0.005277042463127442,0.25,
HistoKit (no postprocessing),constant,c38dfb82-e376-0eab-4312-72ca49852e8b_104329_2.png,5766139,751708,16258,61386,0.9933122720376588,0.9867134012334133,0.9971883632341397,0.9894661970562116,0.988227714964663,0.9933122720376587,0.9788297919439142,0.9245031939726526,0.002811636765860248,0.25,
HistoKit (no postprocessing),constant,c0272a60-2518-4785-1810-6431c15f4b4b_130712_2.png,17036860,1506624,73815,256340,0.9904035519254735,0.9809895367741664,0.9956860264133356,0.9851768325122013,0.9825070830272847,0.9904035519254735,0.953294622570058,0.854597144354621,0.004313973586664466,0.25,
HistoKit (no postprocessing),constant,0f3058e5-e9f7-bd55-4b60-07a71af55b96_123333_2.png,15232372,836345,38839,92672,0.9957017288553779,0.9914402498378828,0.9974567177416381,0.9939529048007953,0.9918821512882411,0.9957017288553779,0.9556219035082908,0.9002472505885253,0.0025432822583618285,0.25,
HistoKit (no postprocessing),constant,0502ebf6-5b9d-c3a6-85fe-a3909acf1f7b_112628_1.png,7694977,2964713,368152,67337,0.9724817182052976,0.9464373874756994,0.9543412985207107,0.9913251383543619,0.9607497094008127,0.9724817182052976,0.8895388802126699,0.9777915931465511,0.04565870147928924,0.25,
HistoKit (no postprocessing),constant,7d4546a5-f4cc-3733-763f-d1c5a5904dff_120251_3.png,2794921,447448,13279,251932,0.954703911305329,0.9133334771179805,0.9952713481945731,0.9173140286059092,0.9243891800044475,0.954703911305329,0.9711781597345065,0.6397780891646887,0.004728651805426964,0.25,
HistoKit (no postprocessing),constant,c38dfb82-e376-0eab-4312-72ca49852e8b_104329_4.png,5028913,145231,6573,24903,0.9968802599030141,0.9937799248239612,0.9986946642290337,0.9950724363530449,0.9939534579934762,0.9968802599030141,0.9567007456984006,0.853627140959479,0.001305335770966298,0.25,
HistoKit (no postprocessing),constant,7ea29210-064a-9e70-4612-3ab81fa629dc_120503_3.png,3964512,233735,4914,481912,0.9421536743169139,0.8906337824716972,0.9987620376346605,0.8916180733101476,0.8960899862179309,0.9421536743169139,0.9794090903376926,0.32660655323085264,0.0012379623653394722,0.25,
HistoKit (no postprocessing),constant,228e0715-eef2-126e-c558-f7684e2bcfa8_110725_12.png,2068357,6085910,482728,277373,0.8447764516323365,0.7312666477635518,0.810775415166488,0.8817540808191906,0.9147330466949536,0.8447764516323364,0.9265101836940931,0.9564103938171539,0.189224584833512,0.25,
HistoKit (no postprocessing),constant,5fe08b37-e6eb-942a-a4ce-507361c4911e_102333_4.png,5344223,512839,15849,1951289,0.8445636329386301,0.7309477674539665,0.9970431367339841,0.7325357014010806,0.7485828583113928,0.8445636329386301,0.9700220167660322,0.20812189951171367,0.0029568632660158297,0.25,
HistoKit (no postprocessing),constant,be2180cd-04c9-2627-2456-4397fd5e59ee_103647_6.png,3762088,358537,11840,76262,0.9884263291487778,0.9771174929029477,0.9968626852446576,0.9801315669493402,0.9790668294712391,0.9884263291487779,0.9680325722169573,0.8246040124287315,0.0031373147553424444,0.25,
HistoKit (no postprocessing),constant,6f1702fd-ae84-1c96-04ae-a23a14a5d2d4_111419_1.png,2892974,787978,385,111285,0.9810652368464692,0.9628341993261098,0.9998669366642715,0.9629575878777429,0.9705559900248429,0.9810652368464692,0.9995116462847699,0.8762486614038385,0.00013306333572847337,0.25,
HistoKit (no postprocessing),constant,228e0715-eef2-126e-c558-f7684e2bcfa8_110725_1.png,7528972,557260,24131,2455236,0.8586233088983825,0.752269882145279,0.9968051541201014,0.7540880558578107,0.7653358792057128,0.8586233088983826,0.9584943695378841,0.18498281823444745,0.0031948458798986322,0.25,
HistoKit (no postprocessing),constant,0f3058e5-e9f7-bd55-4b60-07a71af55b96_123333_1.png,18655971,805795,31978,243256,0.9926774493513426,0.9854613586404035,0.9982888437891178,0.9871287857434592,0.9860549222272889,0.9926774493513425,0.961829755793037,0.7681180419255117,0.0017111562108822107,0.25,
HistoKit (no postprocessing),constant,7e6be544-b3c1-c3b1-a8a1-838402bd2649_124526_2.png,49839951,1362488,86334,104422,0.9980899695283874,0.996187221579739,0.9982707705970912,0.9979092339391267,0.9962883023715494,0.9980899695283874,0.9404108993375307,0.9288149920581358,0.0017292294029087082,0.25,
HistoKit (no postprocessing),constant,9e7010fd-072a-6a7f-3911-83d91e8c9301_113642_4.png,6989847,214780,47870,858383,0.9391202319879279,0.8852277706715974,0.993198078297266,0.890627186002449,0.8882669944568283,0.9391202319879279,0.8177422425280791,0.20013735098955146,0.0068019217027339976,0.25,
HistoKit (no postprocessing),constant,deaaef3a-8172-327d-10b9-23d266fb17ca_123636_5.png,2423432,162962,753,401249,0.9234116473920272,0.8577202652760603,0.9996893801421921,0.8579489152934437,0.8654790061290405,0.9234116473920272,0.9954005436276456,0.28883166049580744,0.00031061985780788184,0.25,
HistoKit (no postprocessing),constant,f761dbde-597d-9a8f-e1a1-2533f0d71b83_120113_2.png,3063295,465874,19515,43420,0.9898320145730084,0.9798687236703634,0.9936697363768769,0.986023822590743,0.9824796275386236,0.9898320145730085,0.95979513338786,0.9147447250507565,0.00633026362312306,0.25,
HistoKit (no postprocessing),constant,9e7010fd-072a-6a7f-3911-83d91e8c9301_113642_7.png,2956248,3256842,352428,368227,0.8913555563562476,0.8040048921606037,0.893483677458899,0.8892375487858986,0.8960655461081998,0.8913555563562476,0.9023547698010955,0.8984220714143648,0.10651632254110104,0.25,
HistoKit (no postprocessing),constant,3e1fffa8-5bae-87b0-bc39-e4a1bc285608_122517_5.png,5072626,1715030,281748,580511,0.9216663058524311,0.854713444321162,0.9473798430965039,0.8973117049878678,0.8872851528415675,0.9216663058524311,0.858898685782796,0.7471136433633727,0.05262015690349609,0.25,
HistoKit (no postprocessing),constant,7e3642ed-4a56-9d3f-3ecf-de46d455c0fd_113100_2.png,2185367,1253898,3198,140429,0.9681844230002873,0.9383308844934766,0.9985387685538241,0.9396211017647291,0.9599131092982987,0.9681844230002873,0.9974560415433666,0.8992854617317172,0.001461231446175919,0.25,
HistoKit (no postprocessing),constant,8e6bc805-8b70-bd59-8612-caf5bbe72e5e_125634_3.png,31231025,393637,25407,84816,0.9982384689781048,0.9964831330264832,0.9991871433054164,0.9972915943723178,0.9965267559658716,0.9982384689781048,0.9393691354607153,0.8227286692736799,0.000812856694583694,0.25,
HistoKit (no postprocessing),constant,1875292b-dccd-c5b5-17ad-67c30baa6d69_130951_1.png,10255649,348326,7719,1668987,0.9244318686800309,0.8594823905255919,0.9992479077043716,0.8600387466753702,0.8634679949751972,0.9244318686800309,0.978320156160036,0.17266829688798913,0.0007520922956284915,0.25,
HistoKit (no postprocessing),constant,7d4546a5-f4cc-3733-763f-d1c5a5904dff_120251_1.png,6236377,935242,26082,535915,0.9568847153275118,0.9173336153615556,0.9958351823141677,0.9208665249519661,0.9273306303286846,0.9568847153275117,0.9728686686278507,0.6357186894396724,0.004164817685832354,0.25,
HistoKit (no postprocessing),constant,54b22c23-34e4-1c55-9de2-c8e205e762bc_131621_2.png,20994334,1716708,77581,308212,0.9908956246074729,0.9819555328179295,0.9963182748221981,0.985531682457111,0.983296715762138,0.9908956246074729,0.9567622607060513,0.8477905299962467,0.003681725177801828,0.25,
HistoKit (no postprocessing),constant,be2180cd-04c9-2627-2456-4397fd5e59ee_103647_1.png,28910829,455822,8304,51705,0.9989632468601846,0.9979286412081003,0.9997128544621307,0.998214762561867,0.9979607267695348,0.9989632468601846,0.9821083067959994,0.8981236466237265,0.0002871455378693407,0.25,
HistoKit (no postprocessing),constant,f761dbde-597d-9a8f-e1a1-2533f0d71b83_120113_3.png,9975136,14587087,525683,154234,0.967042618950316,0.9361883042721608,0.9499388571500946,0.9847735841419555,0.9730642092944576,0.9670426189503158,0.9652159729817896,0.9895373013042725,0.05006114284990533,0.25,
HistoKit (no postprocessing),constant,f9a50b4c-7c73-18cd-0877-8296eed330e2_114604_5.png,5136695,3202187,431737,894821,0.88564103908052,0.7947538182398244,0.9224670427869102,0.8516424394795603,0.8627524458276085,0.8856410390805199,0.8811926171268304,0.781591590741341,0.0775329572130898,0.25,
HistoKit (no postprocessing),constant,1c7a4a4c-ace6-25f8-ee0c-f8914aeab226_121941_3.png,6990654,3586300,811473,146801,0.9358567060309987,0.8794461341202235,0.8959933618101833,0.9794323046520084,0.9169263060946866,0.9358567060309989,0.8154809263688689,0.960675856345703,0.1040066381898167,0.25,
HistoKit (no postprocessing),constant,6f1702fd-ae84-1c96-04ae-a23a14a5d2d4_111419_2.png,6313606,567424,12775,305231,0.9754344809025233,0.9520469532897884,0.9979806780527445,0.9538844966268243,0.955826585670637,0.9754344809025233,0.9779816924882669,0.6502271802716996,0.0020193219472554686,0.25,
HistoKit (no postprocessing),constant,9601a588-d18f-b3b2-00f0-b816a7730c15_114312_2.png,5453630,423822,18865,60163,0.9928066695502612,0.9857160879996558,0.9965527606694935,0.9890886364431889,0.9867324325776298,0.9928066695502611,0.9573852405875934,0.8756924284843538,0.0034472393305064694,0.25,
HistoKit (no postprocessing),constant,54b22c23-34e4-1c55-9de2-c8e205e762bc_131621_1.png,26112148,1335712,137197,180191,0.9939593104781339,0.9879911626144325,0.9947733172008673,0.993146634842948,0.9885688757399178,0.9939593104781339,0.9068530370851152,0.8811328957063875,0.005226682799132703,0.25,
HistoKit (no postprocessing),constant,9601a588-d18f-b3b2-00f0-b816a7730c15_114312_1.png,9485075,952698,408197,73928,0.9752149812811098,0.9516288426037403,0.958739939627658,0.9922661390523677,0.9558489465744094,0.9752149812811098,0.7000525389541441,0.92798935542252,0.04126006037234193,0.25,
HistoKit (no postprocessing),gaussian,2125a939-8f92-6ca7-9a29-e1755d6267ed_103351_7.png,915225,336154,9214,1451857,0.5561106856070491,0.3851477257042052,0.9900328739916857,0.386646934918182,0.46134638426514774,0.5561106856070491,0.9733212109981237,0.1880044362143186,0.009967126008314231,0.75,1.75
HistoKit (no postprocessing),gaussian,228e0715-eef2-126e-c558-f7684e2bcfa8_110725_2.png,2745724,182756,63553,748473,0.8711780202472478,0.7717585552666714,0.9773774533447573,0.7857954202353216,0.782910119646914,0.8711780202472477,0.7419785716315684,0.1962524792505388,0.022622546655242614,0.75,1.75
HistoKit (no postprocessing),gaussian,be2180cd-04c9-2627-2456-4397fd5e59ee_103647_4.png,4388534,438576,26025,458989,0.9476344519515159,0.9004803071602044,0.9941047339043378,0.9053147349687666,0.9086967849395082,0.9476344519515159,0.9439841928880911,0.48862867870293514,0.005895266095662104,0.75,1.75
HistoKit (no postprocessing),gaussian,39bcf904-a619-148a-5bca-38122a540be1_104536_1.png,1669835,912148,1548,335785,0.9082587096067096,0.8319358419424782,0.9990738209016126,0.8325779559437979,0.8844479323238731,0.9082587096067095,0.998305782229538,0.7309270609880498,0.0009261790983873834,0.75,1.75
HistoKit (no postprocessing),constant,be2180cd-04c9-2627-2456-4397fd5e59ee_103647_3.png,21666843,1448408,42155,411293,0.9896442639977304,0.9795008121728598,0.9980581784566934,0.9813710269743786,0.9807605841968621,0.9896442639977305,0.9717187398318622,0.7788391789862994,0.001941821543306605,0.25,
HistoKit (no postprocessing),constant,10fd35f3-17d4-d309-f849-cc9e883460c1_123055_2.png,4868627,3656311,3651230,101322,0.7218231307403531,0.5647286757414502,0.5714446850457702,0.979613070476176,0.6943551165588406,0.7218231307403532,0.5003476545667004,0.9730356849644444,0.4285553149542299,0.25,
HistoKit (no postprocessing),gaussian,c74350c8-f970-c60d-af8a-f9c4d9c5bab2_124242_3.png,305122,1906718,1520618,21546,0.2835168796993878,0.16517312424822145,0.16712237229835575,0.9340431263545863,0.5891948969686767,0.2835168796993879,0.556326546332195,0.9888262188165106,0.8328776277016443,0.75,1.75
HistoKit (no postprocessing),constant,332605c9-e7e2-297a-c808-98d567218fe3_115336_3.png,9064547,259993,36988,176048,0.9883854274285484,0.9770375538542744,0.9959360701244351,0.9809484129539278,0.9776635069539682,0.9883854274285484,0.8754533118280294,0.5962581500363497,0.004063929875564946,0.25,
HistoKit (no postprocessing),gaussian,9e7010fd-072a-6a7f-3911-83d91e8c9301_113642_3.png,3207671,270807,3844,562004,0.918946769820045,0.8500476610824008,0.9988030571241299,0.8509144687539377,0.860088430062265,0.918946769820045,0.9860040560565955,0.3251722179462087,0.0011969428758701111,0.75,1.75
HistoKit (no postprocessing),constant,969ce636-2f0f-f223-bb1c-2b4624598a38_125938_1.png,21780868,767976,147272,2426634,0.9442100318014433,0.8943161615870465,0.9932838808945949,0.899756943116229,0.8975468051865341,0.9442100318014433,0.8390906071359894,0.24039741940330744,0.006716119105405201,0.25,
HistoKit (no postprocessing),gaussian,332605c9-e7e2-297a-c808-98d567218fe3_115336_2.png,5420222,468075,13793,207766,0.979971167970213,0.9607288903982625,0.9974617294946738,0.9630834323029829,0.9637374432392515,0.979971167970213,0.9713759784837341,0.692581539149001,0.0025382705053261724,0.75,1.75
HistoKit (no postprocessing),gaussian,0502ebf6-5b9d-c3a6-85fe-a3909acf1f7b_112628_8.png,4019751,94730,686,43798,0.9944972690452457,0.989054766764225,0.9998293717822216,0.9892217369594903,0.9893040696423269,0.9944972690452457,0.9928104301165424,0.6838328713328713,0.00017062821777831614,0.75,1.75
HistoKit (no postprocessing),gaussian,3e1fffa8-5bae-87b0-bc39-e4a1bc285608_122517_10.png,3620874,1730298,277552,1609156,0.7933157589848711,0.657434424035811,0.9288040865723757,0.6923237534010321,0.7393286431938634,0.7933157589848711,0.8617665662275569,0.5181379950135561,0.07119591342762438,0.75,1.75
HistoKit (no postprocessing),gaussian,def4a0a8-b472-78ea-531c-84458df3a3e9_124843_7.png,11417147,165022,60059,339778,0.9827909638626037,0.9661642090739905,0.9947671062103443,0.9710997561011915,0.9666302120028983,0.9827909638626038,0.7331671709295765,0.32690570522979395,0.005232893789655775,0.75,1.75
HistoKit (no postprocessing),gaussian,b91bdd22-8eea-af27-bee7-880d6f1d7c1e_121440_5.png,3575471,760892,350724,4425053,0.5995732774453728,0.4281361300730142,0.9106707639330192,0.44690460274851995,0.4758885399039084,0.5995732774453729,0.6844917669411019,0.1467219571360668,0.08932923606698089,0.75,1.75
HistoKit (no postprocessing),gaussian,04e13be9-17d6-1bd0-76ee-d5d53a64912e_105258_2.png,3269315,117335,5037,900665,0.8783366996528366,0.783066272544519,0.9984616803569073,0.7840121535355086,0.7889963358084332,0.8783366996528366,0.9588386232144608,0.11526031434184676,0.00153831964309274,0.75,1.75
HistoKit (no postprocessing),gaussian,d9d9ce51-54c1-b32b-5fae-fd9ffdaa32e5_111717_1.png,7437886,299680,8020,610424,0.9600854925476707,0.9232350214055284,0.998922898032825,0.924155008939765,0.9259881211247952,0.9600854925476706,0.9739356516087098,0.3292810491987729,0.0010771019671749818,0.75,1.75
HistoKit (no postprocessing),gaussian,cd7afea3-2dfd-f8a4-f2e6-1e02af01c417_132555_3.png,0,3999479,3271,106110,0.0,0.0,0.0,0.0,0.9733792341428036,,0.9991828118168758,0.9741547436920744,1.0,0.75,1.75
HistoKit (no postprocessing),constant,7e6be544-b3c1-c3b1-a8a1-838402bd2649_124526_1.png,51757902,2592100,155484,268084,0.9959248551165001,0.991882789043697,0.9970049343342775,0.9948471135174641,0.9922669272789778,0.9959248551165,0.943410647317789,0.9062703658226184,0.002995065665722517,0.25,
HistoKit (no postprocessing),gaussian,19a1c0fb-3d0a-327d-ea5a-6aae35f53e51_121144_1.png,6536120,59603,4174,21251,0.9980588143001061,0.9961251504028396,0.9993618023899231,0.99675921951038,0.9961600314628218,0.9980588143001061,0.9345532088370415,0.7371682291537833,0.0006381976100768559,0.75,1.75
HistoKit (no postprocessing),gaussian,be2180cd-04c9-2627-2456-4397fd5e59ee_103647_5.png,4979407,479981,16025,94723,0.9890017063304243,0.978242705772221,0.9967920692344526,0.9813321692585724,0.9801175411156927,0.9890017063304243,0.9676919230815756,0.8351795010996965,0.003207930765547404,0.75,1.75
HistoKit (no postprocessing),gaussian,0504f20c-cba2-27c1-e181-78505aa24ca7_112258_3.png,3523893,2213347,2652973,58009,0.7222003843108065,0.565190641352072,0.5704985343700187,0.9838049728887055,0.679106207199574,0.7222003843108064,0.45482972759703433,0.9744606305660584,0.42950146562998126,0.75,1.75
HistoKit (no postprocessing),gaussian,cbd7b0be-5303-525e-8ff2-6d1502e77bdd_110516_1.png,11666251,482544,18734,50031,0.9970614838931584,0.9941401869413727,0.9983967459093871,0.9957297886821093,0.9943716257583347,0.9970614838931584,0.9626275240485319,0.9060583016476552,0.0016032540906128676,0.75,1.75
HistoKit (no postprocessing),constant,def4a0a8-b472-78ea-531c-84458df3a3e9_124843_8.png,29367495,640785,181975,1901265,0.9657464546403274,0.9337618023871302,0.9938416831164822,0.9391960218441665,0.9350844085914285,0.9657464546403275,0.7788237152997228,0.2520741134124034,0.006158316883517707,0.25,
HistoKit (no postprocessing),gaussian,b0f43f79-08e2-79bc-61fa-379c7ef1dd21_131900_10.png,5063422,181300,5092,361266,0.9650861576857093,0.932528021393132,0.9989953662947365,0.9334033588659846,0.9347081132331031,0.9650861576857094,0.9726812309541182,0.3341528956845803,0.0010046337052635151,0.75,1.75
HistoKit (no postprocessing),gaussian,d9d9ce51-54c1-b32b-5fae-fd9ffdaa32e5_111717_2.png,6719120,750585,6012,1661788,0.8895938313416355,0.8011427317775774,0.9991060398517085,0.8017174272763763,0.8174775280560722,0.8895938313416355,0.9920538939488261,0.311139695229552,0.0008939601482915131,0.75,1.75
HistoKit (no postprocessing),gaussian,c0272a60-2518-4785-1810-6431c15f4b4b_130712_1.png,8109106,224294,49244,16306,0.9959745174364499,0.9919813139537614,0.9939639755587834,0.9979932094520253,0.992195453003054,0.9959745174364498,0.8199738244777691,0.9322277639235246,0.0060360244412166674,0.75,1.75
HistoKit (no postprocessing),gaussian,6f1702fd-ae84-1c96-04ae-a23a14a5d2d4_111419_5.png,2299073,936092,24551,235815,0.9464103412732129,0.8982722385647792,0.989434176958062,0.9069722212579018,0.9255146070797255,0.9464103412732129,0.9744431594255097,0.7987766947377224,0.010565823041937938,0.75,1.75
HistoKit (no postprocessing),gaussian,e398b039-2e70-a00a-855c-e3ff4eba631e_115619_4.png,4969877,186290,537,610640,0.9420736426008283,0.8904907567638658,0.9998919607099127,0.8905764465908804,0.8940279962492267,0.9420736426008284,0.997125683118607,0.23375955228188172,0.0001080392900873046,0.75,1.75
HistoKit (no postprocessing),gaussian,2125a939-8f92-6ca7-9a29-e1755d6267ed_103351_8.png,6708033,209012,0,1457905,0.9019827993479347,0.8214650907219722,1.0,0.8214650907219722,0.8259207517656821,0.9019827993479348,1.0,0.12538836666732656,0.0,0.75,1.75
HistoKit (no postprocessing),gaussian,deaaef3a-8172-327d-10b9-23d266fb17ca_123636_1.png,3649676,3803793,282544,80509,0.9526189231709887,0.9095246651343761,0.9281464414503766,0.9784168881704258,0.9535531275930651,0.9526189231709887,0.9308564124789512,0.9792732387955416,0.07185355854962337,0.75,1.75
HistoKit (no postprocessing),gaussian,04e13be9-17d6-1bd0-76ee-d5d53a64912e_105258_4.png,8051599,378260,38770,678115,0.9573792233962223,0.9182429938858302,0.9952078823598776,0.9223210519840627,0.9216240227123444,0.9573792233962223,0.9070330671654318,0.3580736007573068,0.004792117640122472,0.75,1.75
HistoKit (no postprocessing),gaussian,8e6bc805-8b70-bd59-8612-caf5bbe72e5e_125634_2.png,7187043,1489809,218998,49223,0.9816817800637564,0.964022602016508,0.9704298153358859,0.9931977348538598,0.9700146661743286,0.9816817800637564,0.8718415830459496,0.9680169093300204,0.029570184664114065,0.75,1.75
HistoKit (no postprocessing),gaussian,7ea29210-064a-9e70-4612-3ab81fa629dc_120503_2.png,8498620,49142,19718,289225,0.9821484032614239,0.9649229872099694,0.9976852292078572,0.9670880631144496,0.9651176142820609,0.9821484032614239,0.7136508858553587,0.1452328388997745,0.0023147707921427865,0.75,1.75
HistoKit (no postprocessing),gaussian,0502ebf6-5b9d-c3a6-85fe-a3909acf1f7b_112628_7.png,5107579,886380,18454,126897,0.9859706699738401,0.9723295379911783,0.9963999451427644,0.9757574588172723,0.9763245380995584,0.9859706699738401,0.9796050988358086,0.8747657353319971,0.003600054857235605,0.75,1.75
HistoKit (no postprocessing),gaussian,9e7010fd-072a-6a7f-3911-83d91e8c9301_113642_1.png,8238254,272539,73278,58296,0.992077712525745,0.9842799636981787,0.991183574821104,0.9929734648739537,0.984775698602015,0.9920777125257451,0.7881017995066755,0.8237913159127662,0.00881642517889602,0.75,1.75
HistoKit (no postprocessing),gaussian,24aa9d72-799e-9634-ead4-94165f32d151_102546_1.png,6282456,405888,23568,55296,0.9937626228114133,0.9876025730508763,0.996262621265,0.9912751398287595,0.9883461539825582,0.9937626228114134,0.9451212696993405,0.8800999167360533,0.003737378735000057,0.75,1.75
HistoKit (no postprocessing),gaussian,f4c75e72-7c5b-0601-d74f-78529d4dec70_114117_1.png,4379498,8418000,10354079,161849,0.45442441173827713,0.2940162973519522,0.2972460794822602,0.9643610144743399,0.5489325335538414,0.45442441173827713,0.44843195045151896,0.9811361482002772,0.7027539205177399,0.75,1.75
HistoKit (no postprocessing),constant,e16fa7c2-3d43-e563-886f-5b0ebdd4e8c5_105048_1.png,42026722,450241,1000929,45721,0.9877009536558209,0.9757007647323269,0.9767375402389501,0.9989132791742091,0.975952134304659,0.9877009536558209,0.3102606862049243,0.9078135018408668,0.023262459761049934,0.25,
HistoKit (no postprocessing),gaussian,e398b039-2e70-a00a-855c-e3ff4eba631e_115619_1.png,14578441,374896,1926,1652601,0.9463014820257003,0.8980761250807616,0.9998679045596041,0.8981826921524817,0.9003768937414227,0.9463014820257003,0.9948888334545223,0.18490582230207986,0.00013209544039597906,0.75,1.75
HistoKit (no postprocessing),gaussian,b91bdd22-8eea-af27-bee7-880d6f1d7c1e_121440_6.png,5764335,406785,101418,536160,0.947594525444492,0.9004082061096426,0.9827101482111504,0.9149019243726089,0.9063583081523076,0.9475945254444921,0.8004380139432471,0.43139843787283455,0.017289851788849616,0.75,1.75
HistoKit (no postprocessing),gaussian,d9d9ce51-54c1-b32b-5fae-fd9ffdaa32e5_111717_5.png,8892723,227035,4889,1171197,0.9379751593911294,0.8831951226803488,0.9994505267255979,0.8836241742780149,0.885770802277113,0.9379751593911294,0.9789198185612529,0.1623729109332357,0.0005494732744021655,0.75,1.75
HistoKit (no postprocessing),gaussian,0502ebf6-5b9d-c3a6-85fe-a3909acf1f7b_112628_2.png,8305256,2879305,284547,381297,0.9614592336485773,0.9257790014602446,0.9668738619500354,0.9561049129614474,0.9438125532418512,0.9614592336485773,0.9100631129395433,0.8830593246277835,0.033126138049964594,0.75,1.75
HistoKit (no postprocessing),gaussian,59c3e1ff-f1eb-ac9b-3a83-925048a454e4_130514_4.png,1783464,1074152,203,66501,0.9816426099285783,0.9639470577806988,0.9998861895185592,0.9640528334319839,0.9771899108168737,0.9816426099285783,0.9998110494203499,0.9416991845898797,0.0001138104814407622,0.75,1.75
HistoKit (no postprocessing),gaussian,b1a83861-bd20-5668-5a83-92a470ead44d_110338_5.png,2714475,2333908,262,160063,0.9713155999660064,0.9442309030193404,0.9999034897303127,0.9443169650218575,0.9692198142034455,0.9713155999660064,0.9998877545337315,0.9358200235688386,9.651026968726621e-05,0.75,1.75
HistoKit (no postprocessing),gaussian,40f80889-968b-7602-00a3-4e00b00e88fe_110004_3.png,21433697,8995637,136324,838599,0.9777629681387505,0.9564933940599645,0.9936799319759587,0.9623478872586823,0.9689557055911242,0.9777629681387505,0.9850717715504917,0.9147265735741953,0.00632006802404133,0.75,1.75
HistoKit (no postprocessing),gaussian,2125a939-8f92-6ca7-9a29-e1755d6267ed_103351_5.png,4155343,952384,2749,37596,0.9951688599886649,0.99038417537243,0.9993388794668324,0.9910334970291721,0.9921630855201714,0.9951688599886649,0.9971218667976083,0.9620234752217216,0.0006611205331676164,0.75,1.75
HistoKit (no postprocessing),gaussian,6247d1f0-d194-53f2-2d84-7b4b827443da_115125_1.png,2666058,453533,247239,11530,0.9537159143856474,0.9115267330341248,0.9151342962972879,0.9956938856911519,0.9234039593175387,0.9537159143856473,0.6471905270187736,0.9752076600374573,0.08486570370271208,0.75,1.75
HistoKit (no postprocessing),gaussian,0e99786b-efbd-e936-5e70-bad7ef5912da_122209_3.png,9734978,1759143,58021,190038,0.9874196768792396,0.9751519502532146,0.994075257232233,0.9808526253257426,0.9788745360742213,0.9874196768792396,0.9680705759083935,0.9025036669247237,0.005924742767767055,0.75,1.75
HistoKit (no postprocessing),gaussian,7e3642ed-4a56-9d3f-3ecf-de46d455c0fd_113100_1.png,565048,1942505,1716265,89382,0.3849437774355589,0.23834698263589368,0.24768543378308894,0.863420075485537,0.5813671983678012,0.3849437774355589,0.5309174941305411,0.9560103490007072,0.7523145662169111,0.75,1.75
HistoKit (no postprocessing),gaussian,0e99786b-efbd-e936-5e70-bad7ef5912da_122209_4.png,5242820,252575,12831,26261,0.9962857011465945,0.9925988922193327,0.9975586278464837,0.9950160189224648,0.9929366533881099,0.9962857011465946,0.9516551999578005,0.9058191912091695,0.002441372153516282,0.75,1.75
HistoKit (no postprocessing),gaussian,728c532f-2f31-cf1c-4143-7abb9ca2b76d_102101_5.png,4845922,1820973,597470,59347,0.936531209206679,0.880638169464334,0.8902393948479184,0.9879013770702484,0.9103163805458215,0.936531209206679,0.7529526228238581,0.9684378190946222,0.10976060515208165,0.75,1.75
HistoKit (no postprocessing),gaussian,66e65946-ef0a-6028-f7a7-e909aade97a4_112429_4.png,9086952,974234,20019,44203,0.9964786952343678,0.9929821026242097,0.9978017938126739,0.9951591009023503,0.9936573420053789,0.9964786952343678,0.9798652857974781,0.9565972171081766,0.00219820618732617,0.75,1.75
HistoKit (no postprocessing),gaussian,0502ebf6-5b9d-c3a6-85fe-a3909acf1f7b_112628_5.png,2743989,843810,351,10338,0.9980560743176483,0.9961196916663217,0.9998721003957236,0.9962466330250548,0.9970295857593523,0.9980560743176483,0.9995842025395629,0.9878967111086135,0.00012789960427643805,0.75,1.75
HistoKit (no postprocessing),gaussian,59c3e1ff-f1eb-ac9b-3a83-925048a454e4_130514_1.png,4977763,707863,120163,85332,0.979776146511261,0.9603540861751432,0.9764290419280311,0.9831462771289102,0.9651178442948295,0.979776146511261,0.8548801607678986,0.8924198967467016,0.023570958071968875,0.75,1.75
HistoKit (no postprocessing),gaussian,228e0715-eef2-126e-c558-f7684e2bcfa8_110725_7.png,7317462,366379,974,1916294,0.8841683325084677,0.7923850507811273,0.9998669114548518,0.7924686335657992,0.8003076519597893,0.8841683325084678,0.997348599303667,0.16050437360059894,0.000133088545148171,0.75,1.75
HistoKit (no postprocessing),gaussian,f761dbde-597d-9a8f-e1a1-2533f0d71b83_120113_1.png,9237954,907787,101384,133115,0.9874669214838565,0.9752441104748686,0.989144412591128,0.985795110461784,0.9774090965141461,0.9874669214838565,0.8995373430270985,0.8721157227097267,0.010855587408872021,0.75,1.75
HistoKit (no postprocessing),gaussian,c38dfb82-e376-0eab-4312-72ca49852e8b_104329_1.png,3497742,810950,42040,93006,0.9810608748578297,0.9628257966058025,0.9881235624114706,0.9740984329727399,0.9696098194808065,0.9810608748578297,0.9507145453053377,0.8971122488262703,0.011876437588529463,0.75,1.75
HistoKit (no postprocessing),gaussian,7d4546a5-f4cc-3733-763f-d1c5a5904dff_120251_4.png,3281770,260765,5882,173119,0.9734519968065452,0.9482771324655691,0.9982108812003216,0.949891588412826,0.9519013117164525,0.9734519968065453,0.977940873139394,0.6010016502106554,0.0017891187996783115,0.75,1.75
HistoKit (no postprocessing),gaussian,59c3e1ff-f1eb-ac9b-3a83-925048a454e4_130514_3.png,2347438,408841,3638,70171,0.9845221481393718,0.9695161212383536,0.9984526233945649,0.9709750418698805,0.9739198922436334,0.9845221481393718,0.9911801570504195,0.8535088891301261,0.0015473766054351285,0.75,1.75
HistoKit (no postprocessing),gaussian,c0272a60-2518-4785-1810-6431c15f4b4b_130712_3.png,33265174,2115344,172844,328237,0.9925246856963171,0.9851603027934249,0.9948309137222188,0.9902291255865622,0.9860351541189678,0.9925246856963171,0.9244625004588783,0.8656737795882354,0.005169086277781177,0.75,1.75
HistoKit (no postprocessing),gaussian,7e3642ed-4a56-9d3f-3ecf-de46d455c0fd_113100_4.png,8181133,3776167,3848,82756,0.9947349574773221,0.9895250659279559,0.9995298706252342,0.9899858287060729,0.9928093083438726,0.9947349574773222,0.998982014621635,0.9785546381723605,0.0004701293747658058,0.75,1.75
HistoKit (no postprocessing),gaussian,7e3642ed-4a56-9d3f-3ecf-de46d455c0fd_113100_3.png,3809940,1325350,228473,124149,0.955770221192795,0.9152872677932485,0.9434250533563556,0.9684427576498651,0.9357456897996906,0.9557702211927949,0.8529607297613692,0.9143504065887593,0.05657494664364442,0.75,1.75
HistoKit (no postprocessing),gaussian,3e1fffa8-5bae-87b0-bc39-e4a1bc285608_122517_7.png,3357335,351513,482,2829182,0.7035242060891834,0.5426435336420775,0.9998564543571017,0.5426858117418897,0.5672311987803953,0.7035242060891833,0.9986306623673632,0.11051452591336171,0.00014354564289834735,0.75,1.75
HistoKit (no postprocessing),gaussian,b0f43f79-08e2-79bc-61fa-379c7ef1dd21_131900_5.png,7355465,151123,19659,493794,0.966274298275339,0.9347492247345823,0.9973344176992821,0.9370903673837238,0.9359787562183286,0.9662742982753391,0.8848883371783912,0.23432937881928992,0.002665582300717927,0.75,1.75
HistoKit (no postprocessing),gaussian,66e65946-ef0a-6028-f7a7-e909aade97a4_112429_5.png,13327507,464471,14817,16245,0.9988360222012408,0.9976747509407632,0.9988894738277979,0.9987825762948832,0.9977528821445933,0.9988360222012408,0.9690853933334446,0.9662066584012182,0.001110526172202084,0.75,1.75
HistoKit (no postprocessing),gaussian,cbd7b0be-5303-525e-8ff2-6d1502e77bdd_110516_5.png,4548313,507724,133071,108367,0.9741447477764128,0.949592786764907,0.9715744318346882,0.9767286994167519,0.9544239472578917,0.9741447477764128,0.7923345219610015,0.8241055298649064,0.028425568165311797,0.75,1.75
HistoKit (no postprocessing),gaussian,1875292b-dccd-c5b5-17ad-67c30baa6d69_130951_12.png,7021091,282920,3225,1160124,0.9234917215321188,0.8578584484705123,0.9995408805640293,0.8581966126058294,0.8626078258158387,0.9234917215321188,0.9887294902933828,0.19605777786401524,0.0004591194359707052,0.75,1.75
HistoKit (no postprocessing),gaussian,1875292b-dccd-c5b5-17ad-67c30baa6d69_130951_13.png,11345967,335841,55899,1326120,0.9425927682088604,0.8914188780534485,0.9950973814286188,0.8953510972580917,0.8942102494161933,0.9425927682088605,0.8573058661357023,0.2020751389473038,0.004902618571381211,0.75,1.75
HistoKit (no postprocessing),gaussian,6f1702fd-ae84-1c96-04ae-a23a14a5d2d4_111419_3.png,4559653,345659,15795,58637,0.9919040546946193,0.983938145286502,0.9965478790273652,0.9873033092335042,0.985053046903616,0.9919040546946193,0.9563014934127164,0.854965174030908,0.0034521209726348107,0.75,1.75
HistoKit (no postprocessing),gaussian,e398b039-2e70-a00a-855c-e3ff4eba631e_115619_3.png,17282663,535389,27184,3529164,0.90671060247774,0.8293418051365298,0.9984295643976518,0.8304250751267537,0.8336164757841156,0.9067106024777402,0.9516791598601426,0.13172149557405205,0.0015704356023481894,0.75,1.75
HistoKit (no postprocessing),gaussian,04e13be9-17d6-1bd0-76ee-d5d53a64912e_105258_3.png,9328572,315999,1460,1527469,0.9242582249653015,0.859182237238569,0.9998435160779727,0.8592977863661347,0.8631647200966572,0.9242582249653016,0.9954009809140708,0.1714155059919673,0.00015648392202727708,0.75,1.75
HistoKit (no postprocessing),gaussian,b91bdd22-8eea-af27-bee7-880d6f1d7c1e_121440_1.png,5242233,1312178,72414,513287,0.947091945406063,0.8995010924969294,0.9863746359824086,0.9108183100745024,0.9179703343589009,0.9470919454060629,0.9477001167130823,0.7188184928223768,0.013625364017591384,0.75,1.75
HistoKit (no postprocessing),gaussian,b91bdd22-8eea-af27-bee7-880d6f1d7c1e_121440_2.png,8734318,1019397,4555,2178565,0.8889096730083561,0.800033670903375,0.9994787657401589,0.8003676022184055,0.8171106495147165,0.888909673008356,0.995551549291373,0.318764575689142,0.0005212342598410573,0.75,1.75
HistoKit (no postprocessing),gaussian,b1a83861-bd20-5668-5a83-92a470ead44d_110338_3.png,838526,1681955,64672,98518,0.9113214457663721,0.8370895543247787,0.9283966527826678,0.8948629946939525,0.9391915029822955,0.911321445766372,0.962973204925837,0.9446675125093164,0.07160334721733219,0.75,1.75
HistoKit (no postprocessing),gaussian,3e1fffa8-5bae-87b0-bc39-e4a1bc285608_122517_3.png,10430322,506899,1831,1681372,0.9253364787296507,0.8610476306442592,0.9998244849361393,0.8611778005620023,0.8666286489265337,0.9253364787296507,0.9964008413107149,0.23164361269696487,0.000175515063860739,0.75,1.75
HistoKit (no postprocessing),gaussian,0504f20c-cba2-27c1-e181-78505aa24ca7_112258_4.png,9942531,1327030,448675,135124,0.9714786768057099,0.9445391698721207,0.9568216624711319,0.9865917219829414,0.9507482266631571,0.97147867680571,0.7473257100700849,0.9075856578718794,0.04317833752886816,0.75,1.75
HistoKit (no postprocessing),gaussian,c74350c8-f970-c60d-af8a-f9c4d9c5bab2_124242_5.png,0,5525605,5575259,1850,0.0,0.0,0.0,0.0,0.49768056711178904,,0.4977635074170803,0.9996653070897908,1.0,0.75,1.75
HistoKit (no postprocessing),gaussian,c74350c8-f970-c60d-af8a-f9c4d9c5bab2_124242_4.png,0,2714583,922795,1278,0.0,0.0,0.0,0.0,0.746040021370528,,0.7463021440169265,0.9995294309981254,1.0,0.75,1.75
HistoKit (no postprocessing),gaussian,5fe08b37-e6eb-942a-a4ce-507361c4911e_102333_2.png,9005381,70023,12961,183045,0.9892344429280364,0.9786982114761611,0.9985628178660778,0.9800787425397995,0.9788590947870928,0.9892344429280364,0.8438132652077509,0.27669638200009483,0.0014371821339221778,0.75,1.75
HistoKit (no postprocessing),gaussian,cbd7b0be-5303-525e-8ff2-6d1502e77bdd_110516_4.png,3250259,341329,908,67974,0.9895147197613177,0.9792470401227306,0.9997207156691735,0.9795150009056025,0.9811821979144755,0.9895147197613177,0.997346867813825,0.8339274327332075,0.00027928433082643865,0.75,1.75
HistoKit (no postprocessing),gaussian,7e6be544-b3c1-c3b1-a8a1-838402bd2649_124526_4.png,4620927,474748,17846,69839,0.9906013576876628,0.9813777393422946,0.9961528619744919,0.9851113869248648,0.9830833667736758,0.9906013576876629,0.9637713817058267,0.8717578642163695,0.0038471380255080383,0.75,1.75
HistoKit (no postprocessing),gaussian,66e65946-ef0a-6028-f7a7-e909aade97a4_112429_3.png,4702489,171430,10918,5601,0.9982466692925763,0.9964994761610915,0.9976836288485166,0.998810345596622,0.9966221839434423,0.9982466692925763,0.9401254743676926,0.9683614734142608,0.0023163711514834176,0.75,1.75
HistoKit (no postprocessing),gaussian,24aa9d72-799e-9634-ead4-94165f32d151_102546_6.png,8298469,117754,3413,25688,0.9982496732986131,0.9965054631783341,0.9995888883990401,0.9969140418663416,0.996554187855907,0.9982496732986132,0.9718322645604827,0.8209171651259742,0.00041111160095987873,0.75,1.75
HistoKit (no postprocessing),gaussian,0f3058e5-e9f7-bd55-4b60-07a71af55b96_123333_3.png,30757062,1529891,103701,372175,0.9923233424745926,0.9847636491962427,0.9966397136713697,0.9880441978067114,0.9854751248739845,0.9923233424745928,0.9365196450521305,0.804331185142892,0.003360286328630306,0.75,1.75
HistoKit (no postprocessing),gaussian,def4a0a8-b472-78ea-531c-84458df3a3e9_124843_6.png,16587085,7841314,2140787,13313,0.9390261679952061,0.8850606298374409,0.8856897889947133,0.9991980312761176,0.9189654817630201,0.9390261679952062,0.785537433452136,0.9983050754669827,0.11431021100528667,0.75,1.75
HistoKit (no postprocessing),gaussian,84acf623-2a5d-c4c6-c1db-583a94b80fc7_105804_1.png,45277974,3743485,47770,898931,0.9896538405134041,0.9795195747725647,0.9989460735603148,0.9805328875982485,0.9810539151331568,0.9896538405134041,0.9873999506759635,0.8063656940696396,0.0010539264396851379,0.75,1.75
HistoKit (no postprocessing),gaussian,b91bdd22-8eea-af27-bee7-880d6f1d7c1e_121440_4.png,6459932,247409,28350,246500,0.979169688710191,0.9591894733934966,0.9956305844906248,0.9632442407527579,0.9606355655409599,0.979169688710191,0.8971928386743497,0.5009202099981981,0.004369415509375209,0.75,1.75
HistoKit (no postprocessing),gaussian,9e7010fd-072a-6a7f-3911-83d91e8c9301_113642_6.png,6831195,1652153,26120,1055332,0.92665059758508,0.8633261410498914,0.9961909289568877,0.8661854578067126,0.886934175309468,0.92665059758508,0.9844363819235608,0.6102168617739341,0.003809071043112355,0.75,1.75
HistoKit (no postprocessing),gaussian,1875292b-dccd-c5b5-17ad-67c30baa6d69_130951_4.png,3902243,150901,2178,155313,0.9802196112849861,0.9612065716620842,0.9994421708109859,0.9617225245936224,0.9625968529687328,0.9802196112849861,0.9857720523389883,0.4927958878431424,0.000557829189014197,0.75,1.75
HistoKit (no postprocessing),gaussian,969ce636-2f0f-f223-bb1c-2b4624598a38_125938_4.png,15520972,756893,84348,3987807,0.8840307706599563,0.792164109383867,0.9945949201938826,0.7955891037568266,0.799894299858182,0.8840307706599563,0.8997338455924045,0.15952388981389762,0.005405079806117401,0.75,1.75
HistoKit (no postprocessing),gaussian,859ead5f-592a-5c4e-67de-d71b0ee92f6d_113334_2.png,12780997,604423,35655,227669,0.9898036492716179,0.9798131309402767,0.9972180722391464,0.9824986666580571,0.9807070892383943,0.9898036492716179,0.9442958514431053,0.7263896299928373,0.0027819277608536145,0.75,1.75
HistoKit (no postprocessing),gaussian,35ce6eab-4a33-9fbb-2efe-2acf7936ba3e_104917_2.png,7232449,4515918,874346,167587,0.9328081282371621,0.8740772422641353,0.8921465264632941,0.9773532182816408,0.9185372508854366,0.9328081282371621,0.8377916183697125,0.9642176105288668,0.10785347353670593,0.75,1.75
HistoKit (no postprocessing),gaussian,d9d9ce51-54c1-b32b-5fae-fd9ffdaa32e5_111717_3.png,10871215,736257,25752,1051526,0.9527917710428196,0.909839843401172,0.9976367736086564,0.9118050119515303,0.915072981335856,0.9527917710428196,0.9662051235615328,0.411826826857622,0.002363226391343573,0.75,1.75
HistoKit (no postprocessing),gaussian,6b809376-ab46-9021-2fa3-0d0025b512da_132412_1.png,3753948,440200,6818,65747,0.9904273631907083,0.9810362593828899,0.9981870714636327,0.9827873691485839,0.9829927628129663,0.9904273631907083,0.9847478177612534,0.8700516061959059,0.0018129285363673252,0.75,1.75
HistoKit (no postprocessing),gaussian,c38dfb82-e376-0eab-4312-72ca49852e8b_104329_5.png,2622349,527722,2430,69577,0.9864564612857023,0.9732748753319903,0.9990742077713971,0.9741534499833948,0.9776519997343329,0.9864564612857023,0.995416408878963,0.8835139519738021,0.0009257922286028652,0.75,1.75
HistoKit (no postprocessing),gaussian,8e6bc805-8b70-bd59-8612-caf5bbe72e5e_125634_1.png,64584971,1028632,142091,96664,0.9981550312650161,0.9963168578122152,0.9978047667295636,0.9985055417971422,0.9963743895093323,0.9981550312650161,0.8786297014750714,0.9140990459399126,0.002195233270436406,0.75,1.75
HistoKit (no postprocessing),gaussian,cbd7b0be-5303-525e-8ff2-6d1502e77bdd_110516_2.png,9597289,748634,31391,37786,0.9964089555748606,0.9928436100639054,0.996739843883066,0.9960782868841187,0.9933580090445603,0.9964089555748605,0.9597564180635236,0.951951883217619,0.003260156116933993,0.75,1.75
HistoKit (no postprocessing),gaussian,7ea29210-064a-9e70-4612-3ab81fa629dc_120503_4.png,2671477,175971,5212,614947,0.8960007968992035,0.811595510560706,0.9980528182392501,0.8128826347422,0.8211564920707566,0.8960007968992034,0.9712335042470872,0.22248956276124707,0.0019471817607499414,0.75,1.75
HistoKit (no postprocessing),gaussian,7e6be544-b3c1-c3b1-a8a1-838402bd2649_124526_3.png,50305965,508026,41081,51368,0.9990819763656951,0.9981656367202348,0.9991840434888672,0.998979930092803,0.9981839429353143,0.999081976365695,0.9251858016743549,0.9081720576194954,0.0008159565111327485,0.75,1.75
HistoKit (no postprocessing),gaussian,e3dca99c-de77-4ab1-72a1-8daf3d4d032c_120923_2.png,9144260,1300103,7441,177892,0.9899678210062622,0.9801349319311142,0.9991869271078677,0.9809172817606922,0.9825646001541343,0.9899678210062622,0.9943091781232601,0.8796396469541508,0.0008130728921322932,0.75,1.75
HistoKit (no postprocessing),gaussian,24aa9d72-799e-9634-ead4-94165f32d151_102546_7.png,10985823,598417,10470,71810,0.9962691450039326,0.9925660250902978,0.9990478609473211,0.993505843429602,0.992947339909416,0.9962691450039327,0.9828046911824362,0.8928571961439931,0.0009521390526789346,0.75,1.75
HistoKit (no postprocessing),gaussian,b0f43f79-08e2-79bc-61fa-379c7ef1dd21_131900_4.png,12937790,194778,12960,594804,0.9770510853916333,0.9551318462131559,0.9989992857556512,0.9560465643172329,0.9557678810089887,0.9770510853916332,0.9376137249805043,0.2466849548241981,0.001000714244348783,0.75,1.75
HistoKit (no postprocessing),gaussian,19a1c0fb-3d0a-327d-ea5a-6aae35f53e51_121144_3.png,24686363,1521825,38666,165942,0.9958729527489316,0.9917798305256954,0.9984361595693174,0.9933228728683315,0.9922534516981845,0.9958729527489316,0.9752219013118307,0.9016795564790637,0.001563840430682609,0.75,1.75
HistoKit (no postprocessing),gaussian,859ead5f-592a-5c4e-67de-d71b0ee92f6d_113334_1.png,20307797,371777,9981,292085,0.992617710787958,0.9853436192176532,0.9995087553373209,0.9858210352855419,0.985603317948454,0.992617710787958,0.9738551647902598,0.560021510494651,0.0004912446626791572,0.75,1.75
HistoKit (no postprocessing),gaussian,f761dbde-597d-9a8f-e1a1-2533f0d71b83_120113_5.png,3490976,654995,542998,33238,0.9237600334895083,0.8583216217890781,0.8653937779470071,0.9905686771575165,0.8779731595840674,0.9237600334895083,0.5467435953298558,0.9517053091031671,0.1346062220529929,0.75,1.75
HistoKit (no postprocessing),gaussian,7ea29210-064a-9e70-4612-3ab81fa629dc_120503_1.png,8789797,155844,5289,996590,0.9460818310798073,0.8976805400832298,0.9993986414686564,0.8981656866829403,0.8992835400180146,0.9460818310798074,0.9671761836495317,0.13523030386121895,0.0006013585313435252,0.75,1.75
HistoKit (no postprocessing),gaussian,5fe08b37-e6eb-942a-a4ce-507361c4911e_102333_3.png,13356216,1659613,23089,1820077,0.9354534266801207,0.8787341485331444,0.9982742750837954,0.8800710423816936,0.8906716562879341,0.9354534266801208,0.9862786161780279,0.4769427736378815,0.0017257249162045414,0.75,1.75
HistoKit (no postprocessing),gaussian,969ce636-2f0f-f223-bb1c-2b4624598a38_125938_2.png,4285457,329375,5701,1505971,0.8500710036095899,0.739237819272264,0.9986714541855601,0.7399655145501248,0.7532569961596369,0.8500710036095898,0.9829859494562427,0.17946207418110807,0.0013285458144398318,0.75,1.75
HistoKit (no postprocessing),gaussian,969ce636-2f0f-f223-bb1c-2b4624598a38_125938_5.png,12884933,271031,9798,1503023,0.9445501463987033,0.894926597579039,0.9992401547577844,0.8955360302742099,0.8968680091773109,0.9445501463987033,0.9651104408732716,0.15277494371648215,0.0007598452422155996,0.75,1.75
HistoKit (no postprocessing),gaussian,04e13be9-17d6-1bd0-76ee-d5d53a64912e_105258_1.png,14148169,264627,46541,750121,0.9726167119238305,0.9466931409261169,0.9967212433364261,0.9496505303628806,0.9476206186966031,0.9726167119238305,0.850431278280543,0.260781001785665,0.003278756663573965,0.75,1.75
HistoKit (no postprocessing),gaussian,a40a1d35-8d5f-0529-214c-05d84888ba26_111152_2.png,2755966,3931382,413,126319,0.9775244632416473,0.956037018099017,0.9998501657428097,0.9561740077750812,0.9814014511129896,0.9775244632416473,0.9998949589182549,0.9688693178723617,0.00014983425719032107,0.75,1.75
HistoKit (no postprocessing),gaussian,9e7010fd-072a-6a7f-3911-83d91e8c9301_113642_2.png,2597303,922829,9345,438879,0.9205675166538776,0.8528254715850492,0.9964149359637358,0.8554503649649461,0.8870504561586713,0.9205675166538775,0.9899750475769545,0.6776996242953702,0.0035850640362641985,0.75,1.75
HistoKit (no postprocessing),gaussian,2125a939-8f92-6ca7-9a29-e1755d6267ed_103351_3.png,10160952,2448695,392813,762436,0.9462103287153563,0.8979119405885421,0.9627798231247332,0.9302015089091407,0.9160728130455907,0.9462103287153562,0.861758967421524,0.7625646540113126,0.03722017687526679,0.75,1.75
HistoKit (no postprocessing),gaussian,40f80889-968b-7602-00a3-4e00b00e88fe_110004_1.png,9165552,902640,90112,2486471,0.8767638428870683,0.7805694620271356,0.9902641236760539,0.7866060683196385,0.796233384935675,0.8767638428870682,0.9092300997630828,0.26633533100568263,0.009735876323946072,0.75,1.75
HistoKit (no postprocessing),gaussian,f9a50b4c-7c73-18cd-0877-8296eed330e2_114604_2.png,8602939,1661902,35110,2177015,0.8860786559771363,0.7954589080563924,0.9959354247701072,0.798049694831722,0.8227032918098839,0.8860786559771363,0.9793106943262628,0.4329090730536763,0.004064575229892769,0.75,1.75
HistoKit (no postprocessing),gaussian,c38dfb82-e376-0eab-4312-72ca49852e8b_104329_2.png,5767295,750907,17059,60230,0.9933439712900901,0.9867759621557326,0.9970508374833214,0.9896645660035779,0.9882815396154737,0.9933439712900901,0.9777867770187743,0.9257462056348065,0.0029491625166786126,0.75,1.75
HistoKit (no postprocessing),gaussian,0f3058e5-e9f7-bd55-4b60-07a71af55b96_123333_2.png,15230625,839792,35392,94419,0.9957565708492425,0.9915490029059071,0.9976816480683861,0.9938389083907361,0.9919870880829579,0.9957565708492424,0.9595605038483336,0.8989318258937221,0.0023183519316138583,0.75,1.75
HistoKit (no postprocessing),gaussian,c0272a60-2518-4785-1810-6431c15f4b4b_130712_2.png,17032652,1507933,72506,260548,0.9903177355151661,0.9808211655777197,0.9957611616332337,0.9849334998727823,0.9823534825478012,0.9903177355151662,0.9541228734547806,0.8526713037912197,0.004238838366766328,0.75,1.75
HistoKit (no postprocessing),gaussian,0502ebf6-5b9d-c3a6-85fe-a3909acf1f7b_112628_1.png,7698183,2951320,381545,64131,0.9718675155639658,0.9452745927943988,0.9527774944899136,0.9917381595230494,0.9598315628796976,0.9718675155639659,0.8855204156183943,0.9787325345362933,0.04722250551008648,0.75,1.75
HistoKit (no postprocessing),gaussian,7d4546a5-f4cc-3733-763f-d1c5a5904dff_120251_3.png,2840110,447806,12921,206743,0.9627680815419422,0.9282090768795342,0.9954711322800208,0.932145397234458,0.9373744861129326,0.9627680815419422,0.971955192554376,0.6841443497736609,0.004528867719979208,0.75,1.75
HistoKit (no postprocessing),gaussian,c38dfb82-e376-0eab-4312-72ca49852e8b_104329_4.png,5027898,146008,5796,25918,0.9968561121624663,0.9937319304326102,0.9988485593283978,0.9948715980162317,0.9939077381752798,0.9968561121624663,0.9618191879001871,0.849249095541105,0.0011514406716022071,0.75,1.75
HistoKit (no postprocessing),gaussian,7ea29210-064a-9e70-4612-3ab81fa629dc_120503_3.png,3725265,233998,4651,721159,0.9112304527453604,0.8369360210735609,0.9987530550285851,0.837811463774035,0.8450803221209147,0.9112304527453604,0.980511127220311,0.24498380894449812,0.0012469449714149058,0.75,1.75
HistoKit (no postprocessing),gaussian,228e0715-eef2-126e-c558-f7684e2bcfa8_110725_12.png,2081767,6096066,472572,263963,0.849688851320257,0.7386600158535175,0.8149924501015723,0.8874708512914956,0.917376644087388,0.849688851320257,0.9280563185244795,0.9584965728929853,0.18500754989842774,0.75,1.75
HistoKit (no postprocessing),gaussian,5fe08b37-e6eb-942a-a4ce-507361c4911e_102333_4.png,5110661,514620,14068,2184851,0.8229568170215055,0.6991730031000413,0.9972548792336141,0.7005212245555897,0.7189592546202807,0.8229568170215055,0.9733907332869292,0.19063735079947144,0.0027451207663858907,0.75,1.75
HistoKit (no postprocessing),gaussian,be2180cd-04c9-2627-2456-4397fd5e59ee_103647_6.png,3761104,361281,9096,77246,0.9886519770521321,0.9775586194062242,0.997587395894117,0.9798752067945862,0.9794850081746809,0.9886519770521321,0.9754412396018112,0.8238512109858686,0.002412604105882977,0.75,1.75
HistoKit (no postprocessing),gaussian,6f1702fd-ae84-1c96-04ae-a23a14a5d2d4_111419_1.png,2937454,787376,987,66805,0.9885923906641763,0.977442112891923,0.9996641075999144,0.9777632354600585,0.982125294848788,0.9885923906641761,0.998748038657319,0.92179058068489,0.0003358924000856236,0.75,1.75
HistoKit (no postprocessing),gaussian,9e7010fd-072a-6a7f-3911-83d91e8c9301_113642_4.png,6846817,216944,45706,1001413,0.9289643480221126,0.8673514707998646,0.9933687562595004,0.8724026946203156,0.8708994585051191,0.9289643480221125,0.8259813439939082,0.17806275172219638,0.006631243740499669,0.75,1.75
HistoKit (no postprocessing),gaussian,228e0715-eef2-126e-c558-f7684e2bcfa8_110725_1.png,7816444,560149,21242,2167764,0.8771732117809701,0.7812186358434653,0.9972897612892376,0.782880725241301,0.7928176149785734,0.8771732117809701,0.9634634867068805,0.20533975973573937,0.0027102387107623346,0.75,1.75
HistoKit (no postprocessing),gaussian,0f3058e5-e9f7-bd55-4b60-07a71af55b96_123333_1.png,18675076,809596,28177,224151,0.9932895915375795,0.9866686419331463,0.99849347062781,0.9881396736490863,0.9872154836094644,0.9932895915375795,0.9663667843198576,0.783166480773342,0.0015065293721899606,0.75,1.75
HistoKit (no postprocessing),gaussian,9e7010fd-072a-6a7f-3911-83d91e8c9301_113642_7.png,2811047,3219170,390100,513428,0.8615414745138471,0.7567614060827955,0.8781374301148932,0.8455611788327481,0.8696911986235433,0.8615414745138471,0.8919172020934981,0.862447549937068,0.12186256988510681,0.75,1.75
HistoKit (no postprocessing),gaussian,deaaef3a-8172-327d-10b9-23d266fb17ca_123636_5.png,2348067,162995,720,476614,0.9077342316604645,0.8310561934394445,0.999693458793837,0.8312680263718275,0.8402708342535594,0.9077342316604646,0.9956021134288244,0.2548353759875174,0.00030654120616301094,0.75,1.75
HistoKit (no postprocessing),gaussian,f761dbde-597d-9a8f-e1a1-2533f0d71b83_120113_2.png,3075444,462856,22533,31271,0.9913284978529152,0.982806092709814,0.9927265438058449,0.989934384068059,0.9850215918024645,0.9913284978529151,0.9535774399502255,0.9367146502822149,0.007273456194155089,0.75,1.75
HistoKit (no postprocessing),gaussian,3e1fffa8-5bae-87b0-bc39-e4a1bc285608_122517_5.png,5073081,1821584,175194,580056,0.9307199837965944,0.8704174488374116,0.9666187461594524,0.8973921912736238,0.901273412841842,0.9307199837965944,0.9122616535238269,0.758475042054596,0.03338125384054761,0.75,1.75
HistoKit (no postprocessing),gaussian,7e3642ed-4a56-9d3f-3ecf-de46d455c0fd_113100_2.png,2177409,1256965,131,148387,0.9670204488405928,0.9361467492315967,0.9999398403703261,0.9361994775122152,0.9585480109364167,0.9670204488405928,0.9998957915704131,0.8944129299990323,6.015962967385215e-05,0.75,1.75
HistoKit (no postprocessing),gaussian,1875292b-dccd-c5b5-17ad-67c30baa6d69_130951_1.png,10366970,348362,7683,1557666,0.9298027394505717,0.8688143520132172,0.9992594451110799,0.8693741259691281,0.8725356517281085,0.9298027394505717,0.9784212669746801,0.1827685637356849,0.0007405548889201402,0.75,1.75
HistoKit (no postprocessing),gaussian,7d4546a5-f4cc-3733-763f-d1c5a5904dff_120251_1.png,6410428,933044,28280,361864,0.9704682461585042,0.9426307081227873,0.9956078144870057,0.9465669820497994,0.9495521887820652,0.9704682461585044,0.9705822386625113,0.7205484868423084,0.004392185512994222,0.75,1.75
HistoKit (no postprocessing),gaussian,1c7a4a4c-ace6-25f8-ee0c-f8914aeab226_121941_3.png,7016294,3825439,572334,121161,0.9529070289770878,0.9100500675180605,0.9245800426638385,0.9830246215212566,0.9398802520418322,0.9529070289770879,0.8698582214225246,0.9692999037145897,0.07541995733616143,0.75,1.75
HistoKit (no postprocessing),gaussian,f9a50b4c-7c73-18cd-0877-8296eed330e2_114604_5.png,4933661,3240990,392934,1097855,0.8687467484690016,0.7679507195168458,0.9262316733297726,0.8179802557101731,0.8457608758628681,0.8687467484690015,0.8918706059895584,0.7469706799851112,0.07376832667022741,0.75,1.75
HistoKit (no postprocessing),gaussian,6f1702fd-ae84-1c96-04ae-a23a14a5d2d4_111419_2.png,6381747,565770,14429,237090,0.9806747023610349,0.9620821779195949,0.9977441208622152,0.9641795076687943,0.9650621277626615,0.9806747023610349,0.9751309464511314,0.704693221732307,0.0022558791377848266,0.75,1.75
HistoKit (no postprocessing),gaussian,54b22c23-34e4-1c55-9de2-c8e205e762bc_131621_2.png,20945780,1719402,74887,356766,0.9898010342456751,0.9798080059472061,0.996437458430791,0.9832524243815739,0.9813111623302501,0.989801034245675,0.9582636910776358,0.8281613048655022,0.0035625415692090074,0.75,1.75
HistoKit (no postprocessing),gaussian,9601a588-d18f-b3b2-00f0-b816a7730c15_114312_1.png,9492493,965808,395087,66510,0.976263336340374,0.9536274034090509,0.960042093211888,0.9930421614053265,0.9577288176134978,0.9762633363403741,0.7096859052314837,0.9355721783403951,0.03995790678811195,0.75,1.75
HistoKit (no postprocessing),gaussian,7e6be544-b3c1-c3b1-a8a1-838402bd2649_124526_2.png,49835922,1382709,66113,108451,0.998251674712224,0.9965094520377187,0.9986751442100508,0.9978285641908048,0.9966033635386942,0.9982516747122241,0.9543677553212195,0.9272707154161861,0.0013248557899492475,0.75,1.75
HistoKit (no postprocessing),gaussian,f761dbde-597d-9a8f-e1a1-2533f0d71b83_120113_3.png,10031514,14677323,435447,97856,0.9741068931160604,0.9495208483024363,0.9583979533314397,0.9903393794480801,0.9788725123939571,0.9741068931160604,0.97118681750599,0.9933770007118019,0.041602046668560246,0.75,1.75
HistoKit (no postprocessing),gaussian,9601a588-d18f-b3b2-00f0-b816a7730c15_114312_2.png,5462804,420382,22305,50989,0.9933362439268938,0.9867607112446347,0.995933535687258,0.9907524638665253,0.9876950816589664,0.9933362439268938,0.9496145131887768,0.8918283050930159,0.004066464312742007,0.75,1.75
HistoKit (no postprocessing),gaussian,8e6bc805-8b70-bd59-8612-caf5bbe72e5e_125634_3.png,31234740,394346,24698,81101,0.9983092524445636,0.9966242124936013,0.9992099026220497,0.9974102244292273,0.9966661609140856,0.9983092524445636,0.9410610818911618,0.8294215759064628,0.000790097377950301,0.75,1.75
HistoKit (no postprocessing),gaussian,be2180cd-04c9-2627-2456-4397fd5e59ee_103647_3.png,21839240,1448048,42515,238896,0.9935984600143799,0.9872783581278869,0.9980570571236174,0.9891795213146617,0.9880599688595455,0.9935984600143799,0.9714772203523099,0.8583853405922188,0.0019429428763826301,0.75,1.75
HistoKit (no postprocessing),gaussian,be2180cd-04c9-2627-2456-4397fd5e59ee_103647_1.png,28915331,455527,8599,47203,0.9990360095237464,0.9980738758128652,0.9997027029176188,0.9983702047617795,0.9981036923660381,0.9990360095237463,0.9814727035330923,0.9061066576492351,0.000297297082381267,0.75,1.75
HistoKit (no postprocessing),gaussian,54b22c23-34e4-1c55-9de2-c8e205e762bc_131621_1.png,26124972,1338264,134645,167367,0.9942530778492812,0.9885718324875816,0.9948725451707845,0.9936343814827582,0.9891226615371849,0.9942530778492812,0.9085856627938318,0.8888392972780184,0.005127454829215521,0.75,1.75
HistoKit (no postprocessing),gaussian,10fd35f3-17d4-d309-f849-cc9e883460c1_123055_2.png,4871538,3669388,3638153,98411,0.7227994219430193,0.5659247532150525,0.572469435141652,0.9801987907722997,0.6956573371267254,0.7227994219430193,0.5021371758297354,0.9738810377092834,0.42753056485834795,0.75,1.75
HistoKit (no postprocessing),gaussian,332605c9-e7e2-297a-c808-98d567218fe3_115336_3.png,9121545,264644,32337,119050,0.9917699753029129,0.9836743114259869,0.9964674003881632,0.9871166304767172,0.9841273086578812,0.9917699753029129,0.8911142463659292,0.6897267093048106,0.0035325996118368143,0.75,1.75
HistoKit (no postprocessing),gaussian,969ce636-2f0f-f223-bb1c-2b4624598a38_125938_1.png,21783911,771008,144240,2423591,0.9443417220083565,0.894552471851911,0.9934221540156304,0.8998826479493837,0.8977886178861788,0.9443417220083565,0.8424033704525986,0.2413473490726066,0.00657784598436959,0.75,1.75
HistoKit (no postprocessing),gaussian,def4a0a8-b472-78ea-531c-84458df3a3e9_124843_8.png,30036249,639384,183376,1232511,0.9769730982526212,0.9549828030757593,0.9939318902865274,0.9605833106269644,0.955879715264344,0.9769730982526212,0.7771209101074432,0.3415704406497159,0.006068109713472619,0.75,1.75
HistoKit (no postprocessing),gaussian,7e6be544-b3c1-c3b1-a8a1-838402bd2649_124526_1.png,51766097,2595988,151596,259889,0.9960412696187134,0.9921137587402958,0.9970800705647688,0.995004630955,0.9924875263744904,0.9960412696187134,0.9448257086953483,0.9089985317995137,0.002919929435231261,0.75,1.75
HistoKit (no postprocessing),gaussian,e16fa7c2-3d43-e563-886f-5b0ebdd4e8c5_105048_1.png,42024045,442286,1008884,48398,0.9875767889246756,0.9754584625492153,0.9765555349485971,0.9988496508272647,0.9757078531141246,0.9875767889246756,0.30477890254070855,0.9013662560833449,0.023444465051402845,0.75,1.75
