Method,Mode,Image,TP,TN,FP,FN,DICE,JACCARD,PRECISION,RECALL,ACCURACY,F1,SPECIFICITY,NPV,FDR,Overlap,Sigma
HistoKit (no postprocessing),gaussian,4adc5212-3bb5-0299-1727-5490f70e71c6_162331_3.png,4427802,235913,6385,1042956,0.8940588766520158,0.8084145329052026,0.9985600517073366,0.809358045082601,0.8163257983117967,0.8940588766520157,0.9736481522752973,0.18447002781363847,0.001439948292663345,0.25,1.75
HistoKit (no postprocessing),gaussian,1d49a2ac-7490-df96-fb85-41e83b5a5b35_151838_3.png,0,6147043,42392,0,0.0,0.0,0.0,,0.9931509095741372,,0.9931509095741372,1.0,1.0,0.25,1.75
HistoKit (no postprocessing),gaussian,dfdc8007-a219-a302-d10c-929e29813dc8_163630_7.png,2206869,426291,35989,179411,0.9534686587438094,0.911075111806327,0.9839539551768324,0.9248156125852792,0.9243828460695931,0.9534686587438094,0.9221489140780479,0.7037965864401967,0.016046044823167585,0.25,1.75
HistoKit (no postprocessing),gaussian,538ad0bc-9add-9e27-6ee9-4f1bdd825510_142716_4.png,0,6987044,2932,0,0.0,0.0,0.0,,0.9995805421935641,,0.9995805421935641,1.0,1.0,0.25,1.75
HistoKit (no postprocessing),gaussian,4adc5212-3bb5-0299-1727-5490f70e71c6_162331_1.png,6113955,580988,49328,2934347,0.8038550880792501,0.6720382121497577,0.9919964733081379,0.6757019162269341,0.6917250995958307,0.8038550880792501,0.9217408411019234,0.16527244202899583,0.008003526691862113,0.25,1.75
HistoKit (no postprocessing),gaussian,110ff982-b33a-42d4-9522-02719d6987c7_164031_4.png,11651805,434977,14900,3201971,0.8787023885426513,0.7836477841066682,0.9987228613391699,0.7844338705525113,0.7897971811044069,0.8787023885426513,0.9668798360440742,0.11959945536752244,0.0012771386608301145,0.25,1.75
HistoKit (no postprocessing),gaussian,91e6ffad-da04-5736-d731-feb79e91105c_134712_2.png,6739967,189395,2083,965799,0.9330084214804507,0.8744290398008575,0.9996910435253372,0.8746654128869213,0.8774405349511805,0.9330084214804507,0.9891214656514065,0.16395081691906294,0.00030895647466275093,0.25,1.75
HistoKit (no postprocessing),gaussian,8a22c195-cd7e-901b-eb5d-b1439c8b19ac_152323_3.png,3875994,453136,91633,3046,0.9879338577768115,0.9761554275559836,0.9769048350563195,0.9992147541659792,0.9785978553775717,0.9879338577768114,0.8317947607150921,0.9933228404452609,0.02309516494368044,0.25,1.75
HistoKit (no postprocessing),gaussian,654bcee2-3394-aaf6-25f2-380d7ca46c60_144121_7.png,5291004,321883,19,468932,0.9575646783233925,0.9185842597728628,0.999996409012019,0.9185872898587762,0.9228932109010467,0.9575646783233925,0.9999409758249405,0.40702692791613715,3.5909879809632277e-06,0.25,1.75
HistoKit (no postprocessing),gaussian,1cfd19dd-0b58-a07f-0753-c0e3d9e98b9b_133722_4.png,19339957,749321,3202,5037008,0.8847164751865754,0.7932659772182856,0.9998344634400204,0.7933701754914937,0.7994304539750273,0.8847164751865754,0.9957449805520895,0.12949851278764135,0.00016553655997968066,0.25,1.75
HistoKit (no postprocessing),gaussian,2f6f5632-66e3-03e5-2957-29197ae74c65_142917_2.png,23358659,1060725,15158,296792,0.9933668965462104,0.9868212093740385,0.99935149659125,0.9874535471760821,0.9873864466833855,0.9933668965462104,0.9859111074345445,0.7813714303393622,0.0006485034087500556,0.25,1.75
HistoKit (no postprocessing),gaussian,34677a0d-5045-a6c6-f661-b69bd9d6f859_140044_2.png,23262973,1121740,62961,52333,0.9975280674356,0.9950683256376531,0.9973008154786,0.9977554229826535,0.9952941237935157,0.9975280674356,0.9468549448341818,0.9554261106421832,0.002699184521400086,0.25,1.75
HistoKit (no postprocessing),gaussian,8b8e8141-b9e0-9b57-cdad-61702acf8a5e_150400_2.png,14416628,502613,7245,1856414,0.9392883942897845,0.8855266494994837,0.9994977077238547,0.8859208991164651,0.8889548886068558,0.9392883942897844,0.985790161182133,0.21305945205374927,0.0005022922761452489,0.25,1.75
HistoKit (no postprocessing),gaussian,59481929-3828-f3c5-2452-07bdbf0def53_144939_2.png,22492273,2395610,4837,318320,0.9928675042299099,0.9858360328952819,0.9997849946059738,0.9860450800204975,0.9871819250614017,0.9928675042299099,0.9979849586347876,0.8827088392110335,0.00021500539402616602,0.25,1.75
HistoKit (no postprocessing),gaussian,015b92ff-7984-c969-27c5-4144ab20b802_144644_8.png,19117518,4876474,74606,1454718,0.9615403341082316,0.9259293987913503,0.9961126762207247,0.929287317139469,0.9400812966465643,0.9615403341082317,0.9849313685094969,0.7702299977634544,0.0038873237792752904,0.25,1.75
HistoKit (no postprocessing),gaussian,8b8e8141-b9e0-9b57-cdad-61702acf8a5e_150400_5.png,2315090,227522,15,1612959,0.7416411640654708,0.5893717617635558,0.999993520812231,0.5893740123913933,0.6118540201069115,0.7416411640654709,0.9999340766556648,0.12362094474216251,6.4791877690212755e-06,0.25,1.75
HistoKit (no postprocessing),gaussian,6875bf3f-1b6d-1a53-f365-0d72c060072a_140344_1.png,22437051,514000,8010,2713811,0.9428139885006537,0.8918146648228108,0.9996431286152442,0.8920986883073828,0.8939806578710788,0.9428139885006538,0.984655466370376,0.15924104602159173,0.00035687138475587124,0.25,1.75
HistoKit (no postprocessing),gaussian,c282e7fa-bbd4-0343-5231-dcd676a3dd4f_140949_1.png,4336431,5031679,2273007,181210,0.7794374426567835,0.6385886884432825,0.6560967816023087,0.9598883576627714,0.7924082966069201,0.7794374426567835,0.6888289243370626,0.9652380858291822,0.3439032183976913,0.25,1.75
HistoKit (no postprocessing),gaussian,3c8a2c44-1287-eab9-5fb8-1902a0075b0d_153549_11.png,12767809,2018311,56146,70520,0.9950641182211217,0.9901767229763135,0.9956217875062724,0.9945070733114878,0.9915062148682345,0.9950641182211217,0.9729346040915767,0.9662394899348008,0.004378212493727559,0.25,1.75
HistoKit (no postprocessing),gaussian,997c9bdf-d489-63a3-9c13-1b5273502c59_152111_4.png,4645214,2715781,103107,73389,0.9813565631244109,0.9633955588370101,0.9782855876845732,0.9844468797226636,0.9765842506478615,0.9813565631244108,0.9634228106969841,0.9736878713022153,0.021714412315426864,0.25,1.75
HistoKit (no postprocessing),gaussian,bffc0a6a-719c-940b-52f7-9a2879514091_151206_1.png,28956451,857075,51074,250900,0.9948127691623014,0.9896790753432558,0.998239284461532,0.9914096968259806,0.9899728047018977,0.9948127691623015,0.9437603300779938,0.7735508472664094,0.0017607155384680355,0.25,1.75
HistoKit (no postprocessing),gaussian,cfd234aa-a9c1-9363-1732-dc841509f243_163200_1.png,8093406,1819190,15669,3001575,0.8428850655299068,0.7284367701259602,0.9980677204243394,0.7294655123789757,0.7666449082123212,0.8428850655299069,0.9914603792443997,0.3773654181442157,0.0019322795756606024,0.25,1.75
HistoKit (no postprocessing),gaussian,7a951edf-c71d-16ea-3e52-69a0dd7b54e1_133148_4.png,10252369,1820908,662,341367,0.9835931873752894,0.9677160514453016,0.9999354337268658,0.9677765237872644,0.9724510213441376,0.9835931873752893,0.9996365772383164,0.8421260015492942,6.456627313425659e-05,0.25,1.75
HistoKit (no postprocessing),gaussian,654bcee2-3394-aaf6-25f2-380d7ca46c60_144121_5.png,6856344,493082,3264,574634,0.9595609305314702,0.9222653768871124,0.9995241710605037,0.9226704748688531,0.9271004944417561,0.9595609305314702,0.9934239421693738,0.46181006934428254,0.0004758289394962511,0.25,1.75
HistoKit (no postprocessing),gaussian,b3ac8263-eb4f-ecee-6126-3ea976dfb769_143901_2.png,36830324,4745017,202272,360779,0.9924141344666748,0.984942493155539,0.9945380010626315,0.9902993197055758,0.9866380520642554,0.9924141344666749,0.9591145777010399,0.9293393233885568,0.005461998937368582,0.25,1.75
HistoKit (no postprocessing),gaussian,997c9bdf-d489-63a3-9c13-1b5273502c59_152111_3.png,16995461,521916,133699,214428,0.9898620663606613,0.9799276251257814,0.9921946551961685,0.987540419348434,0.9805140118073356,0.9898620663606613,0.7960708647605683,0.7087937159805743,0.007805344803831595,0.25,1.75
HistoKit (no postprocessing),gaussian,e0661871-0847-f23e-2d1f-8518496574c0_141209_1.png,30396394,2854105,332061,515367,0.986252027410157,0.9728769418799019,0.9891936968519894,0.983327801997434,0.9751472281584743,0.9862520274101569,0.8957803830685532,0.8470481428544294,0.010806303148010532,0.25,1.75
HistoKit (no postprocessing),gaussian,8a46ca7f-3853-419d-26c8-1bf78b04ebee_163832_3.png,7082753,125772,14005,199208,0.9851716275977018,0.9707765907900339,0.9980265636787953,0.9726436326698261,0.9712718233923106,0.9851716275977018,0.899804688897315,0.38701458551295465,0.0019734363212046964,0.25,1.75
HistoKit (no postprocessing),gaussian,1cfd19dd-0b58-a07f-0753-c0e3d9e98b9b_133722_1.png,19222424,1039323,6581,4222647,0.9008946790083985,0.8196618302198924,0.9996577566025907,0.8198919081968231,0.8273148374043908,0.9008946790083985,0.993707835518365,0.19751594934976824,0.00034224339740927833,0.25,1.75
HistoKit (no postprocessing),gaussian,e338d5a6-7427-4506-5755-323615d750be_135343_4.png,13092075,1595952,142482,374912,0.980623068089246,0.9619827930097787,0.9892340937441276,0.9721606622179111,0.9659730565829121,0.9806230680892462,0.918040029129665,0.8097727697091225,0.01076590625587241,0.25,1.75
HistoKit (no postprocessing),gaussian,a796f488-e06e-b9c5-67ad-c084c09ace36_143658_1.png,27892014,3670905,513240,970946,0.9740835989751663,0.9494765830842655,0.9819315116844229,0.9663601376989748,0.9550887740393599,0.9740835989751663,0.87733694697483,0.7908278400146838,0.01806848831557711,0.25,1.75
HistoKit (no postprocessing),gaussian,6c5eefac-6637-5ca1-aed4-decff7ee7c9b_152621_4.png,8124514,813710,2025,2562627,0.8636815338625936,0.7600699624273775,0.999750816429971,0.7602139805210767,0.7770425413609605,0.8636815338625936,0.9975175761736348,0.2410037860557166,0.00024918357002901237,0.25,1.75
HistoKit (no postprocessing),gaussian,8b8e8141-b9e0-9b57-cdad-61702acf8a5e_150400_3.png,1945067,599528,1338,4925747,0.4411973888819139,0.28303608534851965,0.9993125788312299,0.2830912028763986,0.34056530793610007,0.44119738888191384,0.997773213994468,0.10850645442987,0.0006874211687701173,0.25,1.75
HistoKit (no postprocessing),gaussian,191c1954-41f1-2c63-fab4-33ae150d32f8_151532_1.png,36862118,1496412,34842,4764436,0.9388810083053594,0.8848027560094242,0.9990556945612864,0.8855433481234118,0.8887969935822505,0.9388810083053595,0.9772461002550851,0.23901107326036344,0.0009443054387136501,0.25,1.75
HistoKit (no postprocessing),gaussian,110ff982-b33a-42d4-9522-02719d6987c7_164031_1.png,19519697,652064,6442,1976227,0.9516682278997036,0.9077929842697311,0.9996700832663334,0.9080650359575145,0.9105068828220811,0.9516682278997036,0.9902172493492846,0.24809429397277546,0.0003299167336665994,0.25,1.75
HistoKit (no postprocessing),gaussian,538ad0bc-9add-9e27-6ee9-4f1bdd825510_142716_3.png,0,6843337,1736,0,0.0,0.0,0.0,,0.999746386926772,,0.999746386926772,1.0,1.0,0.25,1.75
HistoKit (no postprocessing),gaussian,75867af4-ee91-110d-5a8d-03a78d8d262a_171204_2.png,18323184,408846,22231,2686457,0.9311730619821759,0.8712103230753782,0.9987881985771376,0.8721321796978825,0.873666171067592,0.9311730619821758,0.9484291669469723,0.1320859379517934,0.0012118014228623337,0.25,1.75
HistoKit (no postprocessing),gaussian,22c86e01-80fd-7f77-3526-d5f72a54b219_141444_4.png,4580608,241343,15511,518735,0.9448973138154737,0.8955500978131536,0.9966251961709434,0.8982741502189596,0.9002564692822165,0.9448973138154737,0.939611608150934,0.31752399095882267,0.0033748038290566454,0.25,1.75
HistoKit (no postprocessing),gaussian,654bcee2-3394-aaf6-25f2-380d7ca46c60_144121_3.png,6397226,1858898,3432,625119,0.9531735931221947,0.9105364431578172,0.9994638051275353,0.9109814456566859,0.9292544746994121,0.9531735931221949,0.9981571472295457,0.7483435097263827,0.0005361948724646748,0.25,1.75
HistoKit (no postprocessing),gaussian,778d67ae-3cb9-eeb7-6fac-a66f6e936029_142330_2.png,10829351,467107,52834,2094852,0.9097853063639894,0.8345010498159171,0.9951449088579177,0.8379124809475679,0.8402511904067674,0.9097853063639892,0.898384624409308,0.1823241511671342,0.00485509114208222,0.25,1.75
HistoKit (no postprocessing),gaussian,22c86e01-80fd-7f77-3526-d5f72a54b219_141444_1.png,35039058,811787,48185,1620920,0.97673631150118,0.9545304133034388,0.9986267088582594,0.9557850252937958,0.9555141997790508,0.97673631150118,0.9439691059708921,0.3336969885810334,0.0013732911417406036,0.25,1.75
HistoKit (no postprocessing),gaussian,bffc0a6a-719c-940b-52f7-9a2879514091_151206_2.png,59126725,8762534,292777,1266148,0.9869886144899473,0.9743114723167668,0.9950727119860412,0.9790348109453246,0.9775526887787304,0.9869886144899472,0.9676679243816143,0.8737473179426768,0.004927288013958784,0.25,1.75
HistoKit (no postprocessing),gaussian,015b92ff-7984-c969-27c5-4144ab20b802_144644_9.png,1136411,9400722,4312,40143,0.980815845494518,0.9623538995957204,0.9962199412127221,0.9658808690463846,0.9957988347306661,0.9808158454945178,0.9995415221252789,0.9957479531801376,0.0037800587872778933,0.25,1.75
HistoKit (no postprocessing),gaussian,4adc5212-3bb5-0299-1727-5490f70e71c6_162331_2.png,5594466,922968,6911,2342914,0.8264371684933853,0.7042121191179931,0.9987661962406744,0.7048252697993544,0.7349998460629152,0.8264371684933853,0.9925678502256745,0.2826091083511284,0.0012338037593256086,0.25,1.75
HistoKit (no postprocessing),gaussian,cfd234aa-a9c1-9363-1732-dc841509f243_163200_2.png,13555301,1900049,1063547,1951668,0.8999125899224575,0.8180373501947676,0.9272482346078159,0.8741425226296641,0.8367556704410504,0.8999125899224576,0.6411295601694698,0.49329922213911354,0.07275176539218411,0.25,1.75
HistoKit (no postprocessing),gaussian,31439255-cb2a-2a33-e39f-915211d58cf0_143129_7.png,8207049,1968665,1639274,1402172,0.8436720145167876,0.7296130726821677,0.8335140945508288,0.8540805753140656,0.7698865716992153,0.8436720145167876,0.5456480832963085,0.5840285365326179,0.16648590544917122,0.25,1.75
HistoKit (no postprocessing),gaussian,d89a4519-168e-fe8e-eec5-c3f8080d7609_170312_2.png,22252732,511051,38629,2314068,0.949791094020954,0.9043830123831614,0.998267086518405,0.9058050702574206,0.9063285540011976,0.9497910940209541,0.9297245670208121,0.18089538883140852,0.001732913481594955,0.25,1.75
HistoKit (no postprocessing),gaussian,dfdc8007-a219-a302-d10c-929e29813dc8_163630_6.png,2525149,233739,5162,45666,0.9900359254015682,0.9802684573658849,0.9979599345693079,0.9822367614939231,0.9819099154505295,0.9900359254015683,0.9783927233456536,0.8365598325012079,0.0020400654306921167,0.25,1.75
HistoKit (no postprocessing),gaussian,110ff982-b33a-42d4-9522-02719d6987c7_164031_3.png,5371446,209021,2739,563046,0.949968948622372,0.9047055773979487,0.9994903413261732,0.9051231343811736,0.9079463386792471,0.949968948622372,0.98706554590102,0.27072909475472984,0.0005096586738268221,0.25,1.75
HistoKit (no postprocessing),gaussian,dad7b6f2-9f0b-8c2a-a00e-ff89c406e2d2_171435_2.png,6546536,1395765,29841,127946,0.9880923191470078,0.9764648869095358,0.9954623951759457,0.9808305723200692,0.9805203350877175,0.9880923191470078,0.9790678490410394,0.9160300083152252,0.004537604824054338,0.25,1.75
HistoKit (no postprocessing),gaussian,e04480a3-f748-c87a-3eb6-396b6ccbcb83_134430_3.png,25379605,1484045,43462,248662,0.9942778380678554,0.9886207898190262,0.9982904501648051,0.9902973540895293,0.9892426560922182,0.9942778380678553,0.9715471025664694,0.8564892968055188,0.0017095498351949432,0.25,1.75
HistoKit (no postprocessing),gaussian,191c1954-41f1-2c63-fab4-33ae150d32f8_151532_3.png,48797123,587267,3171,4208111,0.9586340537421504,0.9205544479219852,0.9999350208832758,0.9206095194297227,0.921424961328967,0.9586340537421504,0.9946294107086604,0.12246521546372362,6.497911672417384e-05,0.25,1.75
HistoKit (no postprocessing),gaussian,098b4b43-88d6-52e4-6dfc-ff0d08e21e37_154649_2.png,44732781,712138,38630,401151,0.9951083997310372,0.9902644220179497,0.9991371726032936,0.9911119864318491,0.9904155197702066,0.9951083997310369,0.9485460222065938,0.639670382084077,0.000862827396706349,0.25,1.75
HistoKit (no postprocessing),gaussian,75867af4-ee91-110d-5a8d-03a78d8d262a_171204_5.png,7996774,145008,814,2220248,0.8780615121597443,0.782628924558977,0.999898219313123,0.7826912773604676,0.7856706132023217,0.8780615121597444,0.9944178519016335,0.06130752865651752,0.00010178068687709344,0.25,1.75
HistoKit (no postprocessing),gaussian,22c86e01-80fd-7f77-3526-d5f72a54b219_141444_2.png,30411818,558439,54123,497419,0.9910135983638206,0.9821872690819085,0.9982234916032956,0.98390710841552,0.9825028387497807,0.9910135983638206,0.9116448620711046,0.5288959310816417,0.0017765083967043723,0.25,1.75
HistoKit (no postprocessing),gaussian,6520c4c0-cf13-4bc7-106a-ea8d45dc1109_165944_1.png,0,8355072,6540168,0,0.0,0.0,0.0,,0.5609222812119845,,0.5609222812119845,1.0,1.0,0.25,1.75
HistoKit (no postprocessing),gaussian,6875bf3f-1b6d-1a53-f365-0d72c060072a_140344_4.png,9672446,318062,21459,878643,0.9555395274505886,0.9148642314038206,0.9977863410049923,0.9167248992023478,0.9173506350883927,0.9555395274505886,0.9367962511891753,0.2657814582541228,0.0022136589950076876,0.25,1.75
HistoKit (no postprocessing),gaussian,00a8cbc5-e358-18d7-ac64-8f4f6e3173fd_135812_5.png,5777927,2986787,21530,117932,0.9880753970221925,0.9764318350542781,0.9962875834754874,0.9799974863713667,0.984337461433826,0.9880753970221925,0.9928431744393958,0.9620152419590952,0.0037124165245125537,0.25,1.75
HistoKit (no postprocessing),gaussian,8b8e8141-b9e0-9b57-cdad-61702acf8a5e_150400_1.png,4635337,219714,12041,623512,0.9358430813265232,0.8794220710354418,0.9974090766879733,0.8814356525543897,0.8842471611502123,0.9358430813265232,0.9480442708895169,0.26056359742228064,0.0025909233120266955,0.25,1.75
HistoKit (no postprocessing),gaussian,2f6f5632-66e3-03e5-2957-29197ae74c65_142917_4.png,4161264,458064,3545,41019,0.9946738962592977,0.9894042267063703,0.9991488205101362,0.9902388772959841,0.9904448902333073,0.9946738962592978,0.9923203403746461,0.9178112658615901,0.0008511794898637609,0.25,1.75
HistoKit (no postprocessing),gaussian,0584763b-507d-517f-59c7-4dbcdbe7ec5e_135202_1.png,7372229,1058690,13188,58526,0.9951597484154476,0.9903661271989858,0.9982143188394101,0.9921238151439524,0.9915656714808224,0.9951597484154477,0.9876963609664533,0.947614427290694,0.0017856811605898488,0.25,1.75
HistoKit (no postprocessing),gaussian,302e8390-e88c-6502-e08e-b8e893212016_162708_2.png,47725728,2328459,35748,1451415,0.9846587148100387,0.9697810274954178,0.9992515306687758,0.9704859837018186,0.971146215611349,0.9846587148100386,0.9848794965923034,0.6160149782770536,0.0007484693312241858,0.25,1.75
HistoKit (no postprocessing),gaussian,ec461d09-d9f6-ab63-cb21-aeb55b7abbf3_142116_1.png,35858274,1672618,119497,143455,0.9963468487555485,0.9927202913876733,0.996678588009246,0.9960153302637215,0.9930424647992938,0.9963468487555485,0.9333206853354835,0.9210081312810664,0.0033214119907539574,0.25,1.75
HistoKit (no postprocessing),gaussian,8a46ca7f-3853-419d-26c8-1bf78b04ebee_163832_4.png,23949731,722034,7388,519722,0.9891152733255618,0.9784649497866167,0.9996916156738213,0.9787603752319269,0.97908200266877,0.9891152733255618,0.9898714324492544,0.5814620585686721,0.0003083843261787864,0.25,1.75
HistoKit (no postprocessing),gaussian,654bcee2-3394-aaf6-25f2-380d7ca46c60_144121_6.png,2352855,687602,473,585770,0.8892199155963781,0.8005364230794618,0.9997990080430778,0.8006652771279085,0.8383535996911793,0.8892199155963781,0.9993125749373252,0.5399851732251063,0.00020099195692228197,0.25,1.75
HistoKit (no postprocessing),gaussian,34677a0d-5045-a6c6-f661-b69bd9d6f859_140044_1.png,7126373,157262,43755,73938,0.9918100623091611,0.9837531850206777,0.9938975984808082,0.9897312768851234,0.9840983942341158,0.9918100623091611,0.7823318425804783,0.6801989619377162,0.006102401519191847,0.25,1.75
HistoKit (no postprocessing),gaussian,cfd234aa-a9c1-9363-1732-dc841509f243_163200_4.png,14213206,5437663,967948,3249042,0.8708164669846605,0.7711912559150212,0.9362401567100893,0.8139390758853041,0.823319301492438,0.8708164669846605,0.8488906054395123,0.6259753266629867,0.06375984328991063,0.25,1.75
HistoKit (no postprocessing),gaussian,745e05db-827a-cff7-7148-db0494ae96fc_133425_1.png,34960581,2376097,79369,302065,0.9945743966552814,0.9892073499487791,0.9977348997358729,0.9914338532621744,0.9898872456818624,0.9945743966552814,0.9676766039521623,0.8872118266184047,0.002265100264127089,0.25,1.75
HistoKit (no postprocessing),gaussian,73f410c7-98a8-a0f8-02ae-aabdcdcb9cee_162913_2.png,17019955,1357937,29730,35289,0.9980935600247108,0.9961943752445863,0.9982562727698489,0.9979309003142963,0.996474580395687,0.9980935600247108,0.9785755516272996,0.974671015327018,0.001743727230151173,0.25,1.75
HistoKit (no postprocessing),gaussian,75867af4-ee91-110d-5a8d-03a78d8d262a_171204_3.png,17449352,315094,29764,4238015,0.8910349188105554,0.803483296205194,0.9982971678888108,0.8045860062219632,0.8062937810411794,0.8910349188105554,0.9136920123645095,0.06920414160961225,0.0017028321111891471,0.25,1.75
HistoKit (no postprocessing),gaussian,cfd234aa-a9c1-9363-1732-dc841509f243_163200_3.png,10581535,859818,31799,5796672,0.7840630514574918,0.6448221286451693,0.9970038632535262,0.6460740788048411,0.6625054777628308,0.7840630514574919,0.9643355835521306,0.12916987781848993,0.0029961367464738224,0.25,1.75
HistoKit (no postprocessing),gaussian,91e6ffad-da04-5736-d731-feb79e91105c_134712_4.png,7994704,306836,33680,1720268,0.9011490272753362,0.8200830227604801,0.9958048842706079,0.8229260979856658,0.8255730602035426,0.9011490272753363,0.9010912849910137,0.1513666787693182,0.004195115729392117,0.25,1.75
HistoKit (no postprocessing),gaussian,7530b966-b7ee-7dd8-6676-04339b0c22b7_154932_1.png,16909019,454387,220970,758449,0.9718537190806787,0.945248489555097,0.9871004003563575,0.9570708717287616,0.9466047896111968,0.9718537190806787,0.6728100841480876,0.37464834487102955,0.012899599643642503,0.25,1.75
HistoKit (no postprocessing),gaussian,22c86e01-80fd-7f77-3526-d5f72a54b219_141444_3.png,15690154,743507,32907,795567,0.9742780090225082,0.9498460768049259,0.9979070869215606,0.9517420560495959,0.9520062842748015,0.9742780090225082,0.9576166838825678,0.4830872329725536,0.00209291307843937,0.25,1.75
HistoKit (no postprocessing),gaussian,e7510405-61bb-4166-6cb6-90d49adffbe4_135053_1.png,7506604,426006,1142587,23851,0.927907075346395,0.8655099329623909,0.8678966622427462,0.9968327279028957,0.8718065889970028,0.9279070753463952,0.27158478968094335,0.9469809294953729,0.13210333775725383,0.25,1.75
HistoKit (no postprocessing),gaussian,e0661871-0847-f23e-2d1f-8518496574c0_141209_3.png,42633586,1701070,78983,109699,0.9977920529587124,0.9955938344975096,0.9981508253460475,0.9974335383908841,0.9957621775797673,0.9977920529587124,0.9556288492533649,0.9394185564254744,0.0018491746539525636,0.25,1.75
HistoKit (no postprocessing),gaussian,91e6ffad-da04-5736-d731-feb79e91105c_134712_1.png,82005296,3034428,122723,3769333,0.9768195674912763,0.9546894530578778,0.9985057109437888,0.9560553855616211,0.9562354874714079,0.9768195674912762,0.9611285617951121,0.4459927384280547,0.001494289056211133,0.25,1.75
HistoKit (no postprocessing),gaussian,778d67ae-3cb9-eeb7-6fac-a66f6e936029_142330_1.png,16680928,347676,63645,1800599,0.947077763362961,0.89947550769548,0.9961990670051724,0.9025730395545779,0.9013254116054922,0.947077763362961,0.8452668353913367,0.1618396155054637,0.0038009329948276377,0.25,1.75
HistoKit (no postprocessing),gaussian,6875bf3f-1b6d-1a53-f365-0d72c060072a_140344_3.png,7633114,628176,12496,1082470,0.9330754222460781,0.8745467502589344,0.9983655980359971,0.8758006348168981,0.8829696408477921,0.9330754222460781,0.9804954797462664,0.36721566004889383,0.0016344019640028723,0.25,1.75
HistoKit (no postprocessing),gaussian,bc7dd6a2-14aa-d481-064a-28427e54cce1_153909_3.png,23779126,1329223,221846,2183785,0.9518526012079566,0.9081285726653869,0.9907567910166305,0.9158882838677065,0.9125669568706527,0.9518526012079565,0.8569721914370024,0.37837175434841025,0.009243208983369507,0.25,1.75
HistoKit (no postprocessing),gaussian,dad7b6f2-9f0b-8c2a-a00e-ff89c406e2d2_171435_1.png,23697930,1067868,30363,96675,0.9973268044385677,0.9946678627228377,0.998720388356634,0.9959371042301396,0.9948966039867856,0.9973268044385676,0.9723528110206323,0.9169846025436588,0.001279611643366002,0.25,1.75
HistoKit (no postprocessing),gaussian,c4a5bf6f-509c-e7c4-3751-4f823d57d1f3_145315_3.png,21751782,1126187,84155,2634501,0.9411829202491788,0.8889003948355971,0.9961460321121095,0.8919679149134782,0.8937884975069955,0.9411829202491788,0.930470065485623,0.2994630237871368,0.003853967887890499,0.25,1.75
HistoKit (no postprocessing),gaussian,7a951edf-c71d-16ea-3e52-69a0dd7b54e1_133148_1.png,12542326,2860345,393,409356,0.9839278828319991,0.9683642196327615,0.9999686670808777,0.9683936032401043,0.9740868886609387,0.9839278828319991,0.9998626228616532,0.8748032312434685,3.133291912224136e-05,0.25,1.75
HistoKit (no postprocessing),gaussian,778d67ae-3cb9-eeb7-6fac-a66f6e936029_142330_3.png,18036893,627253,9323,2402171,0.9373398348667334,0.8820692311819021,0.9994833820009691,0.8824715750192866,0.8855790856173288,0.9373398348667334,0.9853544588548736,0.20705355209439155,0.0005166179990309326,0.25,1.75
HistoKit (no postprocessing),gaussian,dad7b6f2-9f0b-8c2a-a00e-ff89c406e2d2_171435_3.png,5721663,591600,25251,368532,0.9667331778392849,0.9356084576660476,0.9956061635862308,0.9394876518732159,0.9412881617331982,0.9667331778392848,0.959064668777387,0.6161652772743748,0.0043938364137691985,0.25,1.75
HistoKit (no postprocessing),gaussian,0584763b-507d-517f-59c7-4dbcdbe7ec5e_135202_2.png,16990495,1476736,73842,161688,0.9931164829152702,0.986327083584286,0.9956727296231902,0.9905733281880214,0.9874066722020348,0.9931164829152702,0.9523777584874802,0.9013149221446951,0.0043272703768098345,0.25,1.75
HistoKit (no postprocessing),gaussian,7a951edf-c71d-16ea-3e52-69a0dd7b54e1_133148_5.png,5748888,2905486,316,437155,0.9633462968969139,0.9292845759517028,0.9999450358693134,0.9293320463501467,0.9518831436303633,0.9633462968969139,0.9998912520536499,0.869218680677943,5.496413068661331e-05,0.25,1.75
HistoKit (no postprocessing),gaussian,00a8cbc5-e358-18d7-ac64-8f4f6e3173fd_135812_2.png,8451058,5782453,125416,231633,0.9793124986058132,0.9594635941638765,0.9853767410709809,0.9733224411648417,0.9755287665449441,0.9793124986058133,0.9787713640908422,0.9614849205681462,0.014623258929019082,0.25,1.75
HistoKit (no postprocessing),gaussian,1d49a2ac-7490-df96-fb85-41e83b5a5b35_151838_1.png,0,6047751,187949,0,0.0,0.0,0.0,,0.9698591978446686,,0.9698591978446686,1.0,1.0,0.25,1.75
HistoKit (no postprocessing),gaussian,7a951edf-c71d-16ea-3e52-69a0dd7b54e1_133148_3.png,8605833,1490421,591,400403,0.9772326269853616,0.9554788828518633,0.9999313303643883,0.9555415825212664,0.961800083221812,0.9772326269853617,0.9996036249205238,0.7882388842113279,6.866963561172446e-05,0.25,1.75
HistoKit (no postprocessing),gaussian,6875bf3f-1b6d-1a53-f365-0d72c060072a_140344_5.png,10316896,461494,29031,1643089,0.9250369139804729,0.8605290042151916,0.9971939682157046,0.8626178042865439,0.8656986741908564,0.925036913980473,0.9408164721471892,0.21928049404561378,0.0028060317842954043,0.25,1.75
HistoKit (no postprocessing),gaussian,6c5eefac-6637-5ca1-aed4-decff7ee7c9b_152621_1.png,35002814,359857,375217,236918,0.9913317135236923,0.9828124139669553,0.9893940677478631,0.9932769636273057,0.9829843418752557,0.9913317135236923,0.4895520723083662,0.6030028067529638,0.010605932252136926,0.25,1.75
HistoKit (no postprocessing),gaussian,3c8a2c44-1287-eab9-5fb8-1902a0075b0d_153549_25.png,37435002,2815853,75919,106960,0.9975633314445762,0.9951385087320574,0.9979760827520071,0.9971509214142831,0.9954770687268211,0.9975633314445763,0.9737465470998405,0.9634051169198987,0.0020239172479929245,0.25,1.75
HistoKit (no postprocessing),gaussian,2f6f5632-66e3-03e5-2957-29197ae74c65_142917_3.png,5400778,642367,5289,73402,0.9927675355164272,0.9856389369115875,0.9990216547445675,0.9865912337555579,0.9871458497091395,0.9927675355164272,0.9918336277283002,0.8974501550081102,0.0009783452554324612,0.25,1.75
HistoKit (no postprocessing),gaussian,e92b8137-1dab-8f48-a38e-05fbbeabd072_134925_1.png,6182218,31211,23773,170375,0.9845406138144237,0.969551936008692,0.9961693466845183,0.9731802430912857,0.969700247066871,0.9845406138144236,0.5676378582860468,0.15482722014425604,0.003830653315481766,0.25,1.75
HistoKit (no postprocessing),gaussian,e75d7a32-60ad-6f71-61b5-c428fc2cae22_164833_1.png,39617147,11453754,61801,437282,0.9937406012541021,0.9875590752171877,0.9984424738276831,0.9890828052997584,0.9903222192196143,0.9937406012541022,0.9946332591004081,0.9632259123595286,0.0015575261723168668,0.25,1.75
HistoKit (no postprocessing),gaussian,6875bf3f-1b6d-1a53-f365-0d72c060072a_140344_2.png,15682507,767797,14570,512276,0.9834802360226089,0.9674974072068144,0.9990718017118728,0.9683678379636208,0.9689673472873833,0.9834802360226089,0.981377026382759,0.5998071984957107,0.0009281982881271463,0.25,1.75
HistoKit (no postprocessing),gaussian,59481929-3828-f3c5-2452-07bdbf0def53_144939_3.png,23352377,1216960,14287,545969,0.9881464956846513,0.9765707105528697,0.9993885733966988,0.9771545277652269,0.9777053293302442,0.9881464956846512,0.9883963169047315,0.6903057355117534,0.0006114266033011816,0.25,1.75
HistoKit (no postprocessing),gaussian,654bcee2-3394-aaf6-25f2-380d7ca46c60_144121_2.png,5368780,1827360,6676,60592,0.993774264615781,0.9876255691634805,0.9987580588511933,0.9888399616014523,0.9907387826761211,0.993774264615781,0.996359940590043,0.9679059637109418,0.0012419411488067244,0.25,1.75
HistoKit (no postprocessing),gaussian,098b4b43-88d6-52e4-6dfc-ff0d08e21e37_154649_3.png,44843035,6948289,103002,460687,0.9937541218254112,0.9875857813481546,0.9977083185331779,0.9898311445580564,0.9892333328233535,0.9937541218254112,0.9853924621746571,0.937820422147406,0.0022916814668220917,0.25,1.75
HistoKit (no postprocessing),gaussian,c4a5bf6f-509c-e7c4-3751-4f823d57d1f3_145315_1.png,22575513,1093877,36190,1452210,0.9680870858059016,0.9381480476595806,0.9983995013555591,0.9395610645253402,0.9408374105992617,0.9680870858059015,0.9679753501341071,0.4296306449858155,0.0016004986444408897,0.25,1.75
HistoKit (no postprocessing),gaussian,7530b966-b7ee-7dd8-6676-04339b0c22b7_154932_2.png,10225116,1294326,23616,2232450,0.9006413991395691,0.819242600580618,0.9976957149430778,0.8207956514137673,0.836226293796207,0.9006413991395691,0.9820811537988774,0.36699977543229284,0.0023042850569221637,0.25,1.75
HistoKit (no postprocessing),gaussian,d89a4519-168e-fe8e-eec5-c3f8080d7609_170312_1.png,15727823,492330,27451,350086,0.9881401429445494,0.9765583010873399,0.9982576627991363,0.9782256511092332,0.9772536419224603,0.9881401429445494,0.9471873731436894,0.5844262217241838,0.00174233720086366,0.25,1.75
HistoKit (no postprocessing),gaussian,34677a0d-5045-a6c6-f661-b69bd9d6f859_140044_3.png,4379529,132092,10947,9652,0.9976537807798186,0.9953185452786828,0.9975066484818502,0.9978009564882377,0.9954549867393904,0.9976537807798186,0.9234684246953628,0.9319054069308048,0.0024933515181497405,0.25,1.75
HistoKit (no postprocessing),gaussian,00a8cbc5-e358-18d7-ac64-8f4f6e3173fd_135812_1.png,0,9257544,100200,0,0.0,0.0,0.0,,0.9892922909624371,,0.9892922909624371,1.0,1.0,0.25,1.75
HistoKit (no postprocessing),gaussian,6c5eefac-6637-5ca1-aed4-decff7ee7c9b_152621_2.png,36211032,915463,141622,4509311,0.939655480115818,0.8861794091400157,0.9961042184155248,0.8892614681561007,0.8886735440008418,0.939655480115818,0.8660259108775548,0.16875597029479938,0.003895781584475235,0.25,1.75
HistoKit (no postprocessing),gaussian,654bcee2-3394-aaf6-25f2-380d7ca46c60_144121_1.png,8532224,960012,14303,542561,0.9683982668259888,0.9387326869318462,0.9983264547107848,0.9402122474526945,0.9445856842901355,0.968398266825989,0.9853199427289943,0.6389120528586631,0.0016735452892151397,0.25,1.75
HistoKit (no postprocessing),gaussian,98188e68-f597-a02c-6cf5-9f993d1f10ac_162142_1.png,29030877,1206880,69985,267768,0.994216509396218,0.9884995316431172,0.9975950884204049,0.9908607377576676,0.9889534794350119,0.994216509396218,0.9451899770140147,0.8184190396623465,0.0024049115795951336,0.25,1.75
HistoKit (no postprocessing),gaussian,997c9bdf-d489-63a3-9c13-1b5273502c59_152111_5.png,1628241,4344840,274049,129598,0.8897178214210483,0.8013438732843543,0.8559373176539855,0.9262742492344294,0.9366999815579401,0.8897178214210484,0.9406677666425844,0.9710359155719668,0.14406268234601455,0.25,1.75
HistoKit (no postprocessing),gaussian,997c9bdf-d489-63a3-9c13-1b5273502c59_152111_1.png,11820876,1155724,175,54665,0.9976857431650931,0.9953821731674958,0.9999851959017857,0.9953968412891674,0.995791716034452,0.997685743165093,0.9998486026893353,0.9548368334477594,1.4804098214278916e-05,0.25,1.75
HistoKit (no postprocessing),gaussian,8a46ca7f-3853-419d-26c8-1bf78b04ebee_163832_1.png,8403250,1115011,137728,389275,0.9695962783748905,0.9409867783141195,0.9838744462285233,0.9557265973085092,0.9475371677638338,0.9695962783748906,0.8900585038064592,0.741222746206506,0.016125553771476755,0.25,1.75
HistoKit (no postprocessing),gaussian,b3ac8263-eb4f-ecee-6126-3ea976dfb769_143901_1.png,31618209,1186435,59033,168003,0.9964225710122868,0.9928706467794486,0.9981364223564665,0.9947145951206768,0.9931267195613424,0.9964225710122869,0.95260175291537,0.8759610997328782,0.0018635776435334869,0.25,1.75
HistoKit (no postprocessing),gaussian,7ba3b133-6b39-da9f-5b13-68d3bea507d2_165139_1.png,22689557,2861751,4462,895362,0.9805565114739668,0.9618547006383932,0.9998033843190137,0.962036672672058,0.9659816449443449,0.9805565114739668,0.9984432420060896,0.7616888286298549,0.00019661568098625458,0.25,1.75
HistoKit (no postprocessing),gaussian,302e8390-e88c-6502-e08e-b8e893212016_162708_1.png,14745594,4989084,338035,323321,0.9780663283336889,0.9570741775627233,0.977589279078662,0.9785438434021295,0.967574284294682,0.9780663283336888,0.9365444999445292,0.9391384881235523,0.022410720921337963,0.25,1.75
HistoKit (no postprocessing),gaussian,7a951edf-c71d-16ea-3e52-69a0dd7b54e1_133148_6.png,7764187,2661204,0,92831,0.9940573726546703,0.9881849577027824,1.0,0.9881849577027824,0.9911742688070284,0.9940573726546703,1.0,0.9662927304845436,0.0,0.25,1.75
HistoKit (no postprocessing),gaussian,7530b966-b7ee-7dd8-6676-04339b0c22b7_154932_3.png,23511848,873246,49159,1510953,0.9678882314041748,0.9377746295064286,0.9979135441876487,0.9396169517553211,0.9398689684714779,0.9678882314041748,0.9467056228012641,0.36626388988503056,0.0020864558123513143,0.25,1.75
HistoKit (no postprocessing),gaussian,00a8cbc5-e358-18d7-ac64-8f4f6e3173fd_135812_4.png,10648396,1407519,20850,237647,0.9880077228377685,0.9762996666420034,0.9980457850536018,0.9781695699713845,0.9790085795407852,0.9880077228377685,0.985402931595407,0.855548315489136,0.001954214946398274,0.25,1.75
HistoKit (no postprocessing),gaussian,c4a5bf6f-509c-e7c4-3751-4f823d57d1f3_145315_4.png,15819052,1051602,41496,8599105,0.7854796721989945,0.6467406549062654,0.9973836969567508,0.6478397202540715,0.6613023937865856,0.7854796721989944,0.9620381704110702,0.10896631718277221,0.0026163030432491993,0.25,1.75
HistoKit (no postprocessing),gaussian,7a951edf-c71d-16ea-3e52-69a0dd7b54e1_133148_2.png,8003098,479615,3822,297212,0.9815398445965379,0.9637488903114738,0.9995226628965944,0.9641926626836829,0.9657282934037148,0.9815398445965379,0.9920941094703136,0.6174025877061431,0.0004773371034055542,0.25,1.75
HistoKit (no postprocessing),gaussian,59481929-3828-f3c5-2452-07bdbf0def53_144939_1.png,25521516,883647,18520,107198,0.9975430707218761,0.9950981848568934,0.9992748639821808,0.9958172696452893,0.9952614464630858,0.9975430707218762,0.9794716499273416,0.8918115345992562,0.0007251360178192387,0.25,1.75
HistoKit (no postprocessing),gaussian,d28668ca-fcc7-90f7-7049-f08e38cdd015_141933_2.png,11239517,784086,5207,253418,0.988625698010512,0.9775072355168339,0.9995369383899507,0.9779501058693885,0.9789431526592732,0.988625698010512,0.993402956823385,0.7557426284621553,0.00046306161004929956,0.25,1.75
HistoKit (no postprocessing),gaussian,e04480a3-f748-c87a-3eb6-396b6ccbcb83_134430_2.png,14567240,669206,19657,39049,0.9979890512806653,0.9959861741592646,0.9986524207307421,0.9973265625512407,0.9961617903503018,0.9979890512806652,0.9714645727815255,0.9448659028174881,0.0013475792692578827,0.25,1.75
HistoKit (no postprocessing),gaussian,7ba3b133-6b39-da9f-5b13-68d3bea507d2_165139_3.png,14607939,561559,8888,2905328,0.9092994872657391,0.8336839275762599,0.9993919336939542,0.8341070229786367,0.8388485905052468,0.9092994872657391,0.9844192361428844,0.1619778781367838,0.0006080663060457649,0.25,1.75
HistoKit (no postprocessing),gaussian,ec461d09-d9f6-ab63-cb21-aeb55b7abbf3_142116_2.png,39528629,1585507,97309,250805,0.995615989306114,0.9912702499298902,0.9975443104968266,0.9936951088846563,0.991604073585008,0.995615989306114,0.9421749020689131,0.8634191793115766,0.0024556895031734014,0.25,1.75
HistoKit (no postprocessing),gaussian,dfdc8007-a219-a302-d10c-929e29813dc8_163630_1.png,3821803,375324,759,119306,0.9845350221564,0.9695410906707176,0.9998014420694812,0.9697278101163911,0.972189098840172,0.9845350221564,0.9979818284793517,0.7587974849887795,0.00019855793051885097,0.25,1.75
HistoKit (no postprocessing),gaussian,bb1fc306-b767-ee67-c337-445c06bd68ce_150126_2.png,26965532,9903855,305681,1214597,0.972583567048747,0.946630339807785,0.9887910743097492,0.9568988133446799,0.9603987687832128,0.9725835670487469,0.9700592661605777,0.8907584437114088,0.011208925690250742,0.25,1.75
HistoKit (no postprocessing),gaussian,0584763b-507d-517f-59c7-4dbcdbe7ec5e_135202_6.png,12901743,556435,73787,18150,0.9964496814745988,0.9929244832872597,0.9943133729412209,0.9985951896041244,0.9932150391343542,0.9964496814745988,0.8829190348797725,0.9684119843017134,0.005686627058779102,0.25,1.75
HistoKit (no postprocessing),gaussian,e75d7a32-60ad-6f71-61b5-c428fc2cae22_164833_5.png,45199977,4967494,727578,97651,0.9909539342880792,0.9820700639558245,0.9841581377454123,0.9978442359056858,0.9838167227858106,0.9909539342880791,0.8722442841811306,0.9807209862698896,0.015841862254587686,0.25,1.75
HistoKit (no postprocessing),gaussian,e04480a3-f748-c87a-3eb6-396b6ccbcb83_134430_1.png,63540744,727642,570098,127246,0.9945425702435596,0.9891443842475511,0.9911076195193318,0.998001413269054,0.9892659714591062,0.9945425702435595,0.5606993696734323,0.8511547711513087,0.008892380480668153,0.25,1.75
HistoKit (no postprocessing),gaussian,015b92ff-7984-c969-27c5-4144ab20b802_144644_7.png,21895042,4860465,32855,971018,0.9775890975651024,0.9561606739882654,0.9985016803024932,0.9575345293417405,0.9638366202703375,0.9775890975651024,0.9932857446478056,0.8334869534902185,0.001498319697506788,0.25,1.75
HistoKit (no postprocessing),gaussian,e338d5a6-7427-4506-5755-323615d750be_135343_3.png,7610537,548539,8985,946429,0.9409381072084373,0.888463756096667,0.9988207921704275,0.8893966623216687,0.8951763620345187,0.9409381072084373,0.9838841018503239,0.366923572946043,0.0011792078295725112,0.25,1.75
HistoKit (no postprocessing),gaussian,bc7dd6a2-14aa-d481-064a-28427e54cce1_153909_1.png,22791236,492179,13750,2192418,0.9538348862825977,0.9117441155089544,0.9993970616776524,0.9122459028611267,0.9134482506049628,0.9538348862825977,0.9728222734810615,0.18333440736170084,0.0006029383223475779,0.25,1.75
HistoKit (no postprocessing),gaussian,31439255-cb2a-2a33-e39f-915211d58cf0_143129_8.png,7294960,4609054,470269,677827,0.9270495086547123,0.8640189050031174,0.9394391330893139,0.9149824270985792,0.9120375173056311,0.9270495086547123,0.9074150236163363,0.8717907590505631,0.06056086691068609,0.25,1.75
HistoKit (no postprocessing),gaussian,110ff982-b33a-42d4-9522-02719d6987c7_164031_2.png,6014951,174599,6578,897504,0.9301002691823339,0.8693340528943857,0.9989075864286296,0.8701613247391845,0.8725501971345567,0.9301002691823339,0.9636929632348477,0.16285655389454184,0.001092413571370328,0.25,1.75
HistoKit (no postprocessing),gaussian,091684ab-dffb-81d6-97c1-29bfeceeac37_154424_1.png,0,6267842,20721,0,0.0,0.0,0.0,,0.996704970595031,,0.996704970595031,1.0,1.0,0.25,1.75
HistoKit (no postprocessing),gaussian,31439255-cb2a-2a33-e39f-915211d58cf0_143129_5.png,3608564,239582,2430,1858322,0.7950235076912231,0.6597834171585624,0.9993270550989561,0.6600766871670637,0.6740610884972896,0.7950235076912231,0.9899591755780706,0.11420064979141085,0.0006729449010438677,0.25,1.75
HistoKit (no postprocessing),gaussian,dfdc8007-a219-a302-d10c-929e29813dc8_163630_4.png,1685017,706386,750,280783,0.9229007710936155,0.8568391345249294,0.9995550986583556,0.8571660392715434,0.89467274936624,0.9229007710936156,0.9989393836546294,0.7155674458983213,0.00044490134164448586,0.25,1.75
HistoKit (no postprocessing),gaussian,8a22c195-cd7e-901b-eb5d-b1439c8b19ac_152323_2.png,2667386,491163,11153,43122,0.9899286460110666,0.9800581336176695,0.9958361629231458,0.9840908051184502,0.9831067621506812,0.9899286460110666,0.9777968450138956,0.9192902664308374,0.004163837076854211,0.25,1.75
HistoKit (no postprocessing),gaussian,e338d5a6-7427-4506-5755-323615d750be_135343_2.png,6366160,922125,213,59522,0.9953303046304913,0.9907040186619919,0.9999665429593899,0.9907368587490013,0.9918705991546022,0.9953303046304913,0.9997690651366419,0.9393651689456597,3.345704061009306e-05,0.25,1.75
HistoKit (no postprocessing),gaussian,bc7dd6a2-14aa-d481-064a-28427e54cce1_153909_2.png,11886367,455631,7917,2158593,0.9164775195452882,0.8458315688666456,0.9993343861639759,0.8463083554527745,0.8506731360660931,0.9164775195452881,0.9829208625643946,0.1742891963351266,0.0006656138360240936,0.25,1.75
HistoKit (no postprocessing),gaussian,7ba3b133-6b39-da9f-5b13-68d3bea507d2_165139_2.png,10208175,5178571,72912,172828,0.9881067210529041,0.9764930172093421,0.9929081428841133,0.98335151237313,0.9842801714327459,0.9881067210529042,0.9861159219214839,0.9677041461494461,0.007091857115886676,0.25,1.75
HistoKit (no postprocessing),gaussian,00a8cbc5-e358-18d7-ac64-8f4f6e3173fd_135812_3.png,6441738,2157378,2914,142293,0.988854821320006,0.9779553343773175,0.999547842148808,0.9783881637252315,0.9833941404040084,0.988854821320006,0.9986511082761034,0.938124627392353,0.00045215785119196507,0.25,1.75
HistoKit (no postprocessing),gaussian,098b4b43-88d6-52e4-6dfc-ff0d08e21e37_154649_1.png,38565867,1878098,143092,957903,0.9859266701536131,0.9722439602104144,0.9963033880606296,0.9757638757638758,0.9734987107942816,0.9859266701536131,0.9292040827433343,0.6622346042896318,0.003696611939370418,0.25,1.75
HistoKit (no postprocessing),gaussian,73f410c7-98a8-a0f8-02ae-aabdcdcb9cee_162913_1.png,14946759,3078309,37471,74873,0.9962559315909671,0.9925397947009195,0.9974993042685544,0.9950156547570863,0.9938059520288782,0.9962559315909671,0.9879737978933044,0.9762547800919833,0.00250069573144566,0.25,1.75
HistoKit (no postprocessing),gaussian,d28668ca-fcc7-90f7-7049-f08e38cdd015_141933_3.png,1793963,1559798,80874,79810,0.9571350447232441,0.9177938522914879,0.9568634499959197,0.957406793672446,0.9542789828834994,0.9571350447232442,0.9507067835618576,0.9513237310381506,0.04313655000408036,0.25,1.75
HistoKit (no postprocessing),gaussian,191c1954-41f1-2c63-fab4-33ae150d32f8_151532_2.png,27402674,441840,791,3139684,0.9458032548782679,0.8971790695189943,0.9999711350371203,0.8972023050741531,0.8986452762658719,0.945803254878268,0.9982129584236079,0.12336647751069098,2.8864962879694228e-05,0.25,1.75
HistoKit (no postprocessing),gaussian,6c5eefac-6637-5ca1-aed4-decff7ee7c9b_152621_3.png,19358314,761788,123247,1365406,0.9629736949233112,0.928591386938925,0.9936736589023847,0.9341138560065471,0.93110880289031,0.9629736949233112,0.8607433604320733,0.3581187235390848,0.00632634109761533,0.25,1.75
HistoKit (no postprocessing),gaussian,8a22c195-cd7e-901b-eb5d-b1439c8b19ac_152323_1.png,13715244,4732221,162528,312755,0.9829682899641081,0.9665070226074056,0.9882886100160746,0.9777049456590352,0.9748829821123233,0.9829682899641081,0.966795437314559,0.9380066426480522,0.011711389983925374,0.25,1.75
HistoKit (no postprocessing),gaussian,31439255-cb2a-2a33-e39f-915211d58cf0_143129_4.png,9395878,367804,46091,1653393,0.9170629010250234,0.846829332832944,0.9951184969999372,0.8503618021496622,0.8517439248458933,0.9170629010250234,0.8886408388600974,0.18197335539286869,0.0048815030000628045,0.25,1.75
HistoKit (no postprocessing),gaussian,e338d5a6-7427-4506-5755-323615d750be_135343_5.png,4455559,150318,40052,327012,0.9604379392428387,0.9238870631189707,0.9910908661803701,0.9316242247109348,0.9261877428266292,0.9604379392428387,0.7896097074118821,0.31491421029476463,0.008909133819629857,0.25,1.75
HistoKit (no postprocessing),gaussian,bb1fc306-b767-ee67-c337-445c06bd68ce_150126_1.png,27433908,4530572,765170,177950,0.9831015197451625,0.9667646661235982,0.9728654248908422,0.9935553051156499,0.9713403590659908,0.9831015197451626,0.8555122209503409,0.9622068241371708,0.027134575109157823,0.25,1.75
HistoKit (no postprocessing),gaussian,d89a4519-168e-fe8e-eec5-c3f8080d7609_170312_3.png,18945017,4589820,38778,2853962,0.9290695625559948,0.8675349304418032,0.9979573104323978,0.8690781802211929,0.8905408543507413,0.9290695625559949,0.9916220851324742,0.616597853080598,0.002042689567602263,0.25,1.75
HistoKit (no postprocessing),gaussian,745e05db-827a-cff7-7148-db0494ae96fc_133425_4.png,24562694,4615680,234353,1159241,0.9724144480979446,0.9463099654311125,0.9905491569217899,0.9549318120895648,0.9544159538568142,0.9724144480979446,0.9516801225888566,0.7992628816913686,0.00945084307821008,0.25,1.75
HistoKit (no postprocessing),gaussian,1d49a2ac-7490-df96-fb85-41e83b5a5b35_151838_3.png,0,6130175,59260,0,0.0,0.0,0.0,,0.9904256204322366,,0.9904256204322366,1.0,1.0,0.5,1.75
HistoKit (no postprocessing),gaussian,bb1fc306-b767-ee67-c337-445c06bd68ce_150126_3.png,30591665,1746550,131994,4604931,0.9281415856173493,0.865918085041039,0.9957038320207889,0.8691654442946699,0.8722344676243974,0.9281415856173494,0.929736008312821,0.2749831102383838,0.00429616797921107,0.25,1.75
HistoKit (no postprocessing),gaussian,e0661871-0847-f23e-2d1f-8518496574c0_141209_2.png,42638423,3070860,124677,731818,0.9900561734857121,0.9803081592198887,0.9970844723605164,0.9831262639283005,0.981606771393361,0.9900561734857121,0.9609840224037463,0.8075519410268237,0.0029155276394835735,0.25,1.75
HistoKit (no postprocessing),gaussian,538ad0bc-9add-9e27-6ee9-4f1bdd825510_142716_4.png,0,6987044,2932,0,0.0,0.0,0.0,,0.9995805421935641,,0.9995805421935641,1.0,1.0,0.5,1.75
HistoKit (no postprocessing),gaussian,d28668ca-fcc7-90f7-7049-f08e38cdd015_141933_1.png,23139048,3882465,27627,75944,0.997766984097402,0.9955439186952211,0.9988074680548676,0.9967286656829345,0.9961817261100463,0.997766984097402,0.9929344373482772,0.9808145141141302,0.001192531945132394,0.25,1.75
HistoKit (no postprocessing),gaussian,1cfd19dd-0b58-a07f-0753-c0e3d9e98b9b_133722_2.png,19721493,764960,2648,4524449,0.8970414270084502,0.813304732357634,0.9998657482726371,0.8133935567444647,0.8190142142958516,0.8970414270084502,0.9965503225604736,0.14462107203281122,0.00013425172736293055,0.25,1.75
HistoKit (no postprocessing),gaussian,dfdc8007-a219-a302-d10c-929e29813dc8_163630_5.png,11889421,363127,16452,153580,0.9929002090035631,0.9859005213586387,0.9986181609698004,0.9872473646726426,0.9863126661289362,0.9929002090035632,0.9566572439465829,0.7027715900887738,0.0013818390301996333,0.25,1.75
HistoKit (no postprocessing),gaussian,110ff982-b33a-42d4-9522-02719d6987c7_164031_4.png,12134393,433338,16539,2719383,0.8986872215022654,0.8160145228934289,0.9986388698414245,0.8169231177311412,0.8212242527976817,0.8986872215022655,0.9632366180089225,0.1374488893879287,0.0013611301585754903,0.5,1.75
HistoKit (no postprocessing),gaussian,4adc5212-3bb5-0299-1727-5490f70e71c6_162331_3.png,4388010,237063,5235,1082748,0.8897016758814854,0.8013176788209919,0.9988083978926738,0.8020844643466225,0.8095619927408378,0.8897016758814854,0.9783943738701929,0.1796188999788606,0.0011916021073261336,0.5,1.75
HistoKit (no postprocessing),gaussian,4adc5212-3bb5-0299-1727-5490f70e71c6_162331_1.png,6016959,602734,27582,3031343,0.797326123381791,0.6629612057624359,0.9954368743631651,0.6649821148763603,0.6839502292579375,0.797326123381791,0.9562409965794935,0.16585614449005895,0.004563125636834956,0.5,1.75
HistoKit (no postprocessing),gaussian,dfdc8007-a219-a302-d10c-929e29813dc8_163630_7.png,2241878,429042,33238,144402,0.9618912445971121,0.9265804180832712,0.9853906350269612,0.9394865648624637,0.9376386665543293,0.9618912445971121,0.9280998529030026,0.7481846527298219,0.014609364973038738,0.5,1.75
HistoKit (no postprocessing),gaussian,a796f488-e06e-b9c5-67ad-c084c09ace36_143658_2.png,39020769,3114414,3697,2317200,0.9711196282193291,0.9438605836542726,0.9999052645589052,0.9439449964268927,0.9477934851655837,0.9711196282193292,0.9988143462500213,0.5733864740756615,9.473544109482498e-05,0.25,1.75
HistoKit (no postprocessing),gaussian,745e05db-827a-cff7-7148-db0494ae96fc_133425_2.png,28645791,4373852,132877,270266,0.9930124807770554,0.9861219348014629,0.9953827953399372,0.9906534283010993,0.9879380791296094,0.9930124807770554,0.9705158663855759,0.9418046656006587,0.004617204660062794,0.25,1.75
HistoKit (no postprocessing),gaussian,2f6f5632-66e3-03e5-2957-29197ae74c65_142917_2.png,23473964,1060655,15228,181487,0.9958274156408397,0.9916895075126488,0.9993517018380198,0.9923278993919837,0.9920459203696816,0.9958274156408397,0.9858460445977862,0.8538919060783711,0.0006482981619801993,0.5,1.75
HistoKit (no postprocessing),gaussian,015b92ff-7984-c969-27c5-4144ab20b802_144644_8.png,18991663,4874902,76178,1580573,0.958205151821476,0.9197637649070771,0.9960048964117123,0.9231696058707474,0.9350887243648122,0.9582051518214761,0.984613862026063,0.7551577536896975,0.003995103588287735,0.5,1.75
HistoKit (no postprocessing),gaussian,91e6ffad-da04-5736-d731-feb79e91105c_134712_2.png,6830468,190490,988,875298,0.9397212204642675,0.8862963577142854,0.999855374901046,0.8864099948012956,0.8890390115842944,0.9397212204642676,0.9948401382926498,0.17873160515975034,0.00014462509895401507,0.5,1.75
HistoKit (no postprocessing),gaussian,59481929-3828-f3c5-2452-07bdbf0def53_144939_2.png,22540082,2394831,5616,270511,0.9939120462914395,0.9878977703964756,0.9997509059156208,0.9881409922135738,0.9890473776567726,0.9939120462914396,0.9976604357438427,0.8985079588285481,0.00024909408437920176,0.5,1.75
HistoKit (no postprocessing),gaussian,654bcee2-3394-aaf6-25f2-380d7ca46c60_144121_7.png,5391440,321883,19,368496,0.9669534618762944,0.9360212015545261,0.9999964759075419,0.9360242891587685,0.939407297596549,0.9669534618762944,0.9999409758249405,0.4662410067513641,3.5240924580897302e-06,0.5,1.75
HistoKit (no postprocessing),gaussian,745e05db-827a-cff7-7148-db0494ae96fc_133425_3.png,48914004,5030014,456808,667814,0.9886347437152504,0.9775249224469114,0.9907474075978333,0.986531070724353,0.9795778141606548,0.9886347437152504,0.9167445198696076,0.882794987844491,0.00925259240216669,0.25,1.75
HistoKit (no postprocessing),gaussian,8a22c195-cd7e-901b-eb5d-b1439c8b19ac_152323_3.png,3875903,438530,106239,3137,0.9860865706963661,0.9725549955222709,0.9733211422395284,0.999191294753341,0.9752756052533009,0.986086570696366,0.8049833966323341,0.9928973638510461,0.026678857760471627,0.5,1.75
HistoKit (no postprocessing),gaussian,8b8e8141-b9e0-9b57-cdad-61702acf8a5e_150400_2.png,14366706,501650,8208,1906336,0.9375311032161492,0.8824080460652591,0.9994290052796142,0.882853126047361,0.8859229334620358,0.9375311032161492,0.9839013999976464,0.20832762316724432,0.0005709947203858054,0.5,1.75
HistoKit (no postprocessing),gaussian,8b8e8141-b9e0-9b57-cdad-61702acf8a5e_150400_5.png,2530591,227522,15,1397458,0.7836278605994592,0.6442336479242701,0.9999940725660178,0.6442361080526235,0.6637121695953351,0.7836278605994592,0.9999340766556648,0.14001526172629816,5.927433982216117e-06,0.5,1.75
HistoKit (no postprocessing),gaussian,34677a0d-5045-a6c6-f661-b69bd9d6f859_140044_2.png,23267166,1123598,61103,48140,0.9976579196598888,0.9953267843662387,0.9973807315064825,0.9979352619262214,0.9955411033147868,0.9976579196598889,0.9484232730452663,0.9589157303083112,0.0026192684935174575,0.5,1.75
HistoKit (no postprocessing),gaussian,c282e7fa-bbd4-0343-5231-dcd676a3dd4f_140949_1.png,4409093,5067641,2237045,108548,0.7898925623662023,0.6527458123145917,0.6634067784930135,0.9759724156921721,0.8015963354760869,0.7898925623662023,0.6937520654549696,0.9790293592448035,0.33659322150698645,0.5,1.75
HistoKit (no postprocessing),gaussian,1cfd19dd-0b58-a07f-0753-c0e3d9e98b9b_133722_4.png,19569417,749381,3142,4807548,0.8905405664916871,0.802679701118621,0.9998394691261373,0.8027831602498506,0.808563946865929,0.8905405664916871,0.9958247123343739,0.1348552410872984,0.00016053087386273812,0.5,1.75
HistoKit (no postprocessing),gaussian,6875bf3f-1b6d-1a53-f365-0d72c060072a_140344_1.png,22674335,515220,6790,2476527,0.9480825038692204,0.9012897944529958,0.9997006321335472,0.9015331164395081,0.9032707754706992,0.9480825038692203,0.9869925863489205,0.1722137600539083,0.0002993678664528325,0.5,1.75
HistoKit (no postprocessing),gaussian,3c8a2c44-1287-eab9-5fb8-1902a0075b0d_153549_11.png,12775869,2020693,53764,62460,0.9954720207237333,0.9909848618063801,0.9958093890916443,0.9951348808711789,0.9922064193773048,0.9954720207237334,0.9740828563812121,0.9700166046372974,0.00419061090835568,0.5,1.75
HistoKit (no postprocessing),gaussian,bffc0a6a-719c-940b-52f7-9a2879514091_151206_1.png,28944981,859180,48969,262370,0.994650652225111,0.9893582309736836,0.9983110614455775,0.991016987470038,0.9896618352675532,0.9946506522251108,0.9460782316558186,0.7660648210066426,0.0016889385544225607,0.5,1.75
HistoKit (no postprocessing),gaussian,997c9bdf-d489-63a3-9c13-1b5273502c59_152111_4.png,4656271,2723266,95622,62332,0.9833214648947637,0.9671901500241472,0.9798770721478788,0.9867901580192273,0.9790442204176429,0.9833214648947638,0.9660781130715375,0.97762347617998,0.02012292785212125,0.5,1.75
HistoKit (no postprocessing),gaussian,654bcee2-3394-aaf6-25f2-380d7ca46c60_144121_5.png,6506483,493218,3128,924495,0.9334588373561548,0.8752206385004464,0.9995194797354251,0.8755890543613506,0.8829840940019608,0.9334588373561548,0.9936979445789832,0.3478969297735155,0.00048052026457494926,0.5,1.75
HistoKit (no postprocessing),gaussian,cfd234aa-a9c1-9363-1732-dc841509f243_163200_1.png,8172978,1828159,6700,2922003,0.8480542249800632,0.7361928342203311,0.9991808968519299,0.7366374038855947,0.7734927114333975,0.8480542249800631,0.99634849326297,0.3848624531121254,0.0008191031480701318,0.5,1.75
HistoKit (no postprocessing),gaussian,7a951edf-c71d-16ea-3e52-69a0dd7b54e1_133148_4.png,10252103,1820915,655,341633,0.9835805483646315,0.9676915832160622,0.9999361147507821,0.9677514146095391,0.9724301599976674,0.9835805483646315,0.9996404200771861,0.8420229285084077,6.388524921782022e-05,0.5,1.75
HistoKit (no postprocessing),gaussian,b3ac8263-eb4f-ecee-6126-3ea976dfb769_143901_2.png,36902402,4783434,163855,288701,0.9939055738044014,0.9878849816937286,0.9955794025817066,0.9922373638662989,0.9892602451465162,0.9939055738044014,0.9668798406561654,0.9430809708337811,0.004420597418293409,0.5,1.75
HistoKit (no postprocessing),gaussian,997c9bdf-d489-63a3-9c13-1b5273502c59_152111_3.png,17014231,447860,207755,195658,0.9882837341852572,0.9768388307856103,0.9879366409890241,0.9886310713567066,0.9774194447578977,0.9882837341852572,0.6831143277685837,0.6959556686837043,0.012063359010975853,0.5,1.75
HistoKit (no postprocessing),gaussian,1cfd19dd-0b58-a07f-0753-c0e3d9e98b9b_133722_1.png,18733794,1042411,3493,4711277,0.888228865726283,0.7989313972488891,0.9998135802691179,0.7990504272731782,0.8074894935787571,0.888228865726283,0.9966603053435115,0.1811726669920232,0.00018641973088206419,0.5,1.75
HistoKit (no postprocessing),gaussian,e338d5a6-7427-4506-5755-323615d750be_135343_4.png,13133903,1590118,148316,333084,0.982003204132489,0.9646427259092214,0.9888334923554566,0.9752666279398651,0.9683402386556742,0.9820032041324891,0.9146841352619657,0.8268075844347084,0.01116650764454343,0.5,1.75
HistoKit (no postprocessing),gaussian,e0661871-0847-f23e-2d1f-8518496574c0_141209_1.png,30542646,2862559,323607,369115,0.9887869169766448,0.9778225119678436,0.989515831416272,0.9880590756379101,0.979684336822001,0.9887869169766447,0.8984337288138785,0.8857821054970272,0.010484168583727995,0.5,1.75
HistoKit (no postprocessing),gaussian,8a46ca7f-3853-419d-26c8-1bf78b04ebee_163832_3.png,7172371,124484,15293,109590,0.991369299480809,0.9828863021624299,0.9978723268088213,0.9849504824318615,0.9831733483450912,0.991369299480809,0.890590011232177,0.5318147252578245,0.0021276731911786637,0.5,1.75
HistoKit (no postprocessing),gaussian,110ff982-b33a-42d4-9522-02719d6987c7_164031_1.png,19315626,652477,6029,2180298,0.9464366321187251,0.8983196084560319,0.9996879666881537,0.8985715617528235,0.9013142292534722,0.9464366321187252,0.990844426626333,0.23033138883250523,0.0003120333118462161,0.5,1.75
HistoKit (no postprocessing),gaussian,a796f488-e06e-b9c5-67ad-c084c09ace36_143658_1.png,27727611,3668323,515822,1135349,0.9710860568623201,0.9437971594601846,0.9817365686388053,0.9606641522560403,0.9500358352115866,0.97108605686232,0.8767198555499391,0.7636497662621428,0.018263431361194654,0.5,1.75
HistoKit (no postprocessing),gaussian,8b8e8141-b9e0-9b57-cdad-61702acf8a5e_150400_3.png,1932560,597815,3051,4938254,0.4388977365957241,0.2811460510207867,0.9984237535331221,0.2812708945402976,0.33866212150413294,0.4388977365957241,0.9949223287721389,0.10798546766667828,0.0015762464668779006,0.5,1.75
HistoKit (no postprocessing),gaussian,6c5eefac-6637-5ca1-aed4-decff7ee7c9b_152621_4.png,8625328,811715,4020,2061813,0.8930533908103072,0.8067718744484346,0.999534147886955,0.8070753440981082,0.8204072616274399,0.8930533908103072,0.9950719289965492,0.28248028207833714,0.0004658521130449253,0.5,1.75
HistoKit (no postprocessing),gaussian,538ad0bc-9add-9e27-6ee9-4f1bdd825510_142716_3.png,0,6843337,1736,0,0.0,0.0,0.0,,0.999746386926772,,0.999746386926772,1.0,1.0,0.5,1.75
HistoKit (no postprocessing),gaussian,191c1954-41f1-2c63-fab4-33ae150d32f8_151532_1.png,37092226,1495486,35768,4534328,0.9419703862689937,0.8903062580141357,0.9990366298809464,0.8910712618680855,0.8941073188888555,0.9419703862689937,0.9766413671409185,0.24801527874657495,0.0009633701190535637,0.5,1.75
HistoKit (no postprocessing),gaussian,75867af4-ee91-110d-5a8d-03a78d8d262a_171204_2.png,18651014,409228,21849,2358627,0.9400119508587462,0.8868137255135038,0.9988299062655791,0.8877359684537208,0.8889740539472606,0.9400119508587462,0.9493153195368809,0.1478502305937269,0.001170093734420908,0.5,1.75
HistoKit (no postprocessing),gaussian,22c86e01-80fd-7f77-3526-d5f72a54b219_141444_4.png,4439869,242893,13961,659474,0.9295066675752653,0.8682974843662727,0.9968653945031579,0.8706747124090299,0.8742699344329569,0.9295066675752652,0.9456461647472884,0.2691731856328966,0.003134605496842044,0.5,1.75
HistoKit (no postprocessing),gaussian,654bcee2-3394-aaf6-25f2-380d7ca46c60_144121_3.png,6336717,1860254,2076,685628,0.9485295339364057,0.902098123105093,0.9996724928547123,0.9023648083368163,0.9225966059535098,0.9485295339364057,0.9988852673801099,0.7306913674710768,0.0003275071452877543,0.5,1.75
HistoKit (no postprocessing),gaussian,778d67ae-3cb9-eeb7-6fac-a66f6e936029_142330_2.png,10890768,471671,48270,2033435,0.9127652023461524,0.8395290550999798,0.9955873633495012,0.8426645728173722,0.8451589777675693,0.9127652023461523,0.9071625434424291,0.18828384906666623,0.004412636650498883,0.5,1.75
HistoKit (no postprocessing),gaussian,22c86e01-80fd-7f77-3526-d5f72a54b219_141444_1.png,35142972,830869,29103,1517006,0.9784760571997017,0.9578591516097119,0.999172553794452,0.9586195605463811,0.9587923491369258,0.9784760571997015,0.9661582004995511,0.3538812756215727,0.0008274462055480093,0.5,1.75
HistoKit (no postprocessing),gaussian,bffc0a6a-719c-940b-52f7-9a2879514091_151206_2.png,59056651,8762971,292340,1336222,0.9863993932815344,0.9731637754983244,0.995074221228125,0.9778745084705608,0.9765499699747369,0.9863993932815345,0.9677161833536142,0.8676902203968179,0.004925778771874993,0.5,1.75
HistoKit (no postprocessing),gaussian,015b92ff-7984-c969-27c5-4144ab20b802_144644_9.png,1132112,9401319,3715,44442,0.9791742796710403,0.9591982844588818,0.9967292554235813,0.9622269781072522,0.9954489817596376,0.9791742796710404,0.9996049987698078,0.9952950323430796,0.003270744576418768,0.5,1.75
HistoKit (no postprocessing),gaussian,d89a4519-168e-fe8e-eec5-c3f8080d7609_170312_2.png,22130068,522775,26905,2436732,0.9472723018323028,0.8998265206482716,0.9987857095822611,0.9008119901655893,0.9019115337818038,0.9472723018323029,0.9510533401251637,0.1766425962161941,0.0012142904177389214,0.5,1.75
HistoKit (no postprocessing),gaussian,cfd234aa-a9c1-9363-1732-dc841509f243_163200_2.png,13656649,1912047,1051549,1850320,0.9039598556579217,0.8247506811901887,0.9285059257429088,0.8806781647657902,0.8428922450396076,0.9039598556579218,0.6451780202159808,0.5082032135621006,0.07149407425709119,0.5,1.75
HistoKit (no postprocessing),gaussian,4adc5212-3bb5-0299-1727-5490f70e71c6_162331_2.png,5191789,920380,9499,2745591,0.7903067495122033,0.6533116963275771,0.9981737215858841,0.6540935422015829,0.689296320317248,0.7903067495122031,0.9897846924169704,0.25106036027017126,0.0018262784141158883,0.5,1.75
HistoKit (no postprocessing),gaussian,31439255-cb2a-2a33-e39f-915211d58cf0_143129_7.png,8265221,1931537,1676402,1344000,0.8455104035406349,0.732367278261909,0.831375420291033,0.8601343438765744,0.7714787442990778,0.8455104035406348,0.5353574436818361,0.5896855996436615,0.16862457970896705,0.5,1.75
HistoKit (no postprocessing),gaussian,110ff982-b33a-42d4-9522-02719d6987c7_164031_3.png,5188192,209459,2301,746300,0.9327099317437282,0.8739048169609417,0.9995566895090697,0.8742436589349181,0.8782020327184762,0.9327099317437282,0.9891339251983378,0.21915461952228543,0.00044331049093024495,0.5,1.75
HistoKit (no postprocessing),gaussian,dfdc8007-a219-a302-d10c-929e29813dc8_163630_6.png,2527524,238887,14,43291,0.9915060804930533,0.9831552390299004,0.999994461013049,0.9831605930415063,0.9845874102578339,0.9915060804930533,0.9999413983198061,0.8465826535023991,5.538986950938027e-06,0.5,1.75
HistoKit (no postprocessing),gaussian,dad7b6f2-9f0b-8c2a-a00e-ff89c406e2d2_171435_2.png,6549895,1412375,13231,124587,0.9895889045815528,0.9793923572976293,0.9979840399224394,0.981333832348338,0.9829856169463838,0.9895889045815529,0.9907190345719645,0.9189394402724336,0.0020159600775606014,0.5,1.75
HistoKit (no postprocessing),gaussian,191c1954-41f1-2c63-fab4-33ae150d32f8_151532_3.png,48922151,585819,4619,4083083,0.9598977569400088,0.922887882748892,0.9999055936044828,0.9229683053564106,0.923730744527282,0.9598977569400089,0.9921769940281622,0.12547254150975967,9.44063955172189e-05,0.5,1.75
HistoKit (no postprocessing),gaussian,22c86e01-80fd-7f77-3526-d5f72a54b219_141444_2.png,30407033,568907,43655,502204,0.9911039819556494,0.9823648465545642,0.9985663706514611,0.9837523003236864,0.9826831266832201,0.9911039819556493,0.9287337445025973,0.5311372957611302,0.0014336293485388573,0.5,1.75
HistoKit (no postprocessing),gaussian,75867af4-ee91-110d-5a8d-03a78d8d262a_171204_5.png,7982846,144838,984,2234176,0.8771947598936577,0.7812528197771659,0.9998767508827217,0.7813280621300415,0.7843101758551996,0.8771947598936577,0.9932520470162253,0.06088152486702474,0.00012324911727829875,0.5,1.75
HistoKit (no postprocessing),gaussian,e04480a3-f748-c87a-3eb6-396b6ccbcb83_134430_3.png,25391526,1487686,39821,236741,0.9945835469888198,0.989225453800844,0.9984341765302482,0.9907625045423477,0.9898157202221524,0.9945835469888198,0.9739307250310473,0.862713237498601,0.0015658234697517202,0.5,1.75
HistoKit (no postprocessing),gaussian,098b4b43-88d6-52e4-6dfc-ff0d08e21e37_154649_2.png,44774913,720710,30058,359019,0.995673985483234,0.9913852385495613,0.9993291369388455,0.9920454747882369,0.9915205504231258,0.9956739854832342,0.9599636638748588,0.6674915650130727,0.0006708630611545313,0.5,1.75
HistoKit (no postprocessing),gaussian,6520c4c0-cf13-4bc7-106a-ea8d45dc1109_165944_1.png,0,8724988,6170252,0,0.0,0.0,0.0,,0.585756792102712,,0.585756792102712,1.0,1.0,0.5,1.75
HistoKit (no postprocessing),gaussian,2f6f5632-66e3-03e5-2957-29197ae74c65_142917_4.png,4158890,458683,2926,43393,0.9944621650221979,0.9889853274831286,0.9992969415274486,0.9896739462811048,0.9900685950703833,0.9944621650221979,0.9936613020976628,0.9135728455452959,0.0007030584725514055,0.5,1.75
HistoKit (no postprocessing),gaussian,6875bf3f-1b6d-1a53-f365-0d72c060072a_140344_4.png,9857621,321224,18297,693468,0.9651556882513429,0.9326578667862069,0.9981473114701843,0.9342752203113821,0.934644156755223,0.965155688251343,0.9461093717325291,0.31657291079460564,0.0018526885298156587,0.5,1.75
HistoKit (no postprocessing),gaussian,00a8cbc5-e358-18d7-ac64-8f4f6e3173fd_135812_5.png,5813260,2988597,19720,82599,0.9912762891535982,0.9827034682488393,0.9966192237929841,0.9859903366074392,0.9885088749368836,0.9912762891535982,0.9934448397559167,0.9731052658312918,0.003380776207015968,0.5,1.75
HistoKit (no postprocessing),gaussian,8b8e8141-b9e0-9b57-cdad-61702acf8a5e_150400_1.png,4568632,223664,8091,690217,0.9290017906431878,0.8674167543203454,0.9982321412067106,0.8687513180165469,0.8728176353639782,0.9290017906431878,0.9650881318633903,0.2447408360607125,0.0017678587932894343,0.5,1.75
HistoKit (no postprocessing),gaussian,ec461d09-d9f6-ab63-cb21-aeb55b7abbf3_142116_1.png,35866324,1676696,115419,135405,0.9965155334546797,0.9930552656040283,0.9967922899121369,0.9962389306358036,0.9933633636208056,0.9965155334546797,0.9355962089486445,0.9252773438125138,0.0032077100878631698,0.5,1.75
HistoKit (no postprocessing),gaussian,0584763b-507d-517f-59c7-4dbcdbe7ec5e_135202_1.png,7364590,1058907,12971,66165,0.9946559757368765,0.989368765051266,0.9982418308706631,0.9910957904008408,0.9906927654057278,0.9946559757368766,0.9878988093794256,0.941190430479116,0.0017581691293369177,0.5,1.75
HistoKit (no postprocessing),gaussian,8a46ca7f-3853-419d-26c8-1bf78b04ebee_163832_4.png,24155874,721739,7683,313579,0.9933941575896701,0.9868750167503257,0.999682041845081,0.9871848790408188,0.9872509387819893,0.99339415758967,0.9894670026404468,0.6971181801147087,0.0003179581549189964,0.5,1.75
HistoKit (no postprocessing),gaussian,654bcee2-3394-aaf6-25f2-380d7ca46c60_144121_6.png,2471443,686874,1201,467182,0.9134430389618405,0.8406766250791714,0.9995142851134251,0.8410202050278617,0.8708514627622908,0.9134430389618405,0.9982545507393816,0.5951825561324581,0.0004857148865748567,0.5,1.75
HistoKit (no postprocessing),gaussian,34677a0d-5045-a6c6-f661-b69bd9d6f859_140044_1.png,7120979,159560,41457,79332,0.9915901185198068,0.9833205095772193,0.9942118854534966,0.988982142576897,0.9836800909242234,0.9915901185198067,0.7937637115268857,0.6679168829429198,0.005788114546503452,0.5,1.75
HistoKit (no postprocessing),gaussian,302e8390-e88c-6502-e08e-b8e893212016_162708_2.png,48307616,2275683,88524,869527,0.9901812158969787,0.9805533740160262,0.998170845856715,0.9823184726286356,0.9814119925069871,0.9901812158969787,0.9625565781676477,0.7235392867248928,0.001829154143284981,0.5,1.75
HistoKit (no postprocessing),gaussian,cfd234aa-a9c1-9363-1732-dc841509f243_163200_4.png,14717026,5478435,927176,2745222,0.8890730356169266,0.8002983671484218,0.9407335701750719,0.8427910312578312,0.8461362621590818,0.8890730356169266,0.8552556500855266,0.666179900256054,0.05926642982492811,0.5,1.75
HistoKit (no postprocessing),gaussian,73f410c7-98a8-a0f8-02ae-aabdcdcb9cee_162913_2.png,17021197,1358569,29098,34047,0.998148541209098,0.9963039255477325,0.9982934019616669,0.9980037224914519,0.9965761912531054,0.998148541209098,0.9790309923057909,0.9755517673213578,0.001706598038333061,0.5,1.75
HistoKit (no postprocessing),gaussian,cfd234aa-a9c1-9363-1732-dc841509f243_163200_3.png,10796640,863054,28563,5581567,0.7937710750233151,0.6580600569155294,0.9973614351620012,0.6592076898283188,0.6751483975748681,0.793771075023315,0.9679649445894369,0.13391850350858492,0.002638564837998881,0.5,1.75
HistoKit (no postprocessing),gaussian,745e05db-827a-cff7-7148-db0494ae96fc_133425_1.png,35007906,2361684,93782,254740,0.9950468940699417,0.9901426128227659,0.9973282766344456,0.9927759249830543,0.9907598238215105,0.9950468940699417,0.9618068423671922,0.9026381045274008,0.002671723365554386,0.5,1.75
HistoKit (no postprocessing),gaussian,75867af4-ee91-110d-5a8d-03a78d8d262a_171204_3.png,17393726,324343,20515,4293641,0.889668066847788,0.8012631540930617,0.9988219411916948,0.802021102884458,0.8041888188778028,0.8896680668477879,0.9405117468639266,0.07023476044958146,0.0011780588083052255,0.5,1.75
HistoKit (no postprocessing),gaussian,7530b966-b7ee-7dd8-6676-04339b0c22b7_154932_1.png,16924474,455301,220056,742994,0.9723356872535728,0.9461607990015835,0.987164652515992,0.957945643371195,0.9474971821407008,0.9723356872535728,0.6741634424459952,0.37995735607675907,0.012835347484008018,0.5,1.75
HistoKit (no postprocessing),gaussian,91e6ffad-da04-5736-d731-feb79e91105c_134712_4.png,7839376,303992,36524,1875596,0.8913004426386594,0.8039152146501419,0.9953625617389759,0.8069375804685799,0.8098431423716084,0.8913004426386594,0.8927392545431052,0.13947223053164176,0.004637438261024137,0.5,1.75
HistoKit (no postprocessing),gaussian,778d67ae-3cb9-eeb7-6fac-a66f6e936029_142330_1.png,16551157,347332,63989,1930370,0.9431752690632528,0.8924613906671565,0.996148754877026,0.8955513794936966,0.8944384139437315,0.9431752690632528,0.8444305056148361,0.15249229267041958,0.003851245122973942,0.5,1.75
HistoKit (no postprocessing),gaussian,22c86e01-80fd-7f77-3526-d5f72a54b219_141444_3.png,15822070,746530,29884,663651,0.9785533437391526,0.9580072906805412,0.998114806540569,0.9597438898790049,0.9598233358735753,0.9785533437391526,0.9615102252148983,0.5293859440738459,0.001885193459430932,0.5,1.75
HistoKit (no postprocessing),gaussian,e7510405-61bb-4166-6cb6-90d49adffbe4_135053_1.png,7507803,427991,1140602,22652,0.9281003729558202,0.8658463437617813,0.8681141782791162,0.9969919480297007,0.8721565157146111,0.9281003729558202,0.27285025497372484,0.9497340466844043,0.13188582172088378,0.5,1.75
HistoKit (no postprocessing),gaussian,e0661871-0847-f23e-2d1f-8518496574c0_141209_3.png,42624611,1701837,78216,118674,0.9976957406792248,0.9954020761672974,0.9981683648251204,0.9972235638884563,0.9955778248252636,0.9976957406792247,0.9560597353000163,0.9348128080522446,0.0018316351748796397,0.5,1.75
HistoKit (no postprocessing),gaussian,6875bf3f-1b6d-1a53-f365-0d72c060072a_140344_3.png,7511195,636400,4272,1204389,0.9255340273405586,0.8613897981801535,0.9994315722496021,0.8618120139740493,0.8708178784334246,0.9255340273405586,0.9933320013985315,0.3457213184129197,0.000568427750397946,0.5,1.75
HistoKit (no postprocessing),gaussian,91e6ffad-da04-5736-d731-feb79e91105c_134712_1.png,82764693,3007783,149368,3009936,0.9812713940691578,0.9632314125237912,0.9981985202726954,0.9649087843912446,0.9644749717142735,0.9812713940691579,0.9526889908021504,0.4998211116205326,0.0018014797273046366,0.5,1.75
HistoKit (no postprocessing),gaussian,bc7dd6a2-14aa-d481-064a-28427e54cce1_153909_3.png,23755960,1332445,218624,2206951,0.9514277798676125,0.9073555083764188,0.9908810096558922,0.9149960110405185,0.9118420890034812,0.9514277798676125,0.859049468463363,0.37646112500550943,0.009118990344107743,0.5,1.75
HistoKit (no postprocessing),gaussian,dad7b6f2-9f0b-8c2a-a00e-ff89c406e2d2_171435_1.png,23707925,1069551,28680,86680,0.9975729631120268,0.9951576787164322,0.9987917395937624,0.9963571574312748,0.9953657349447849,0.9975729631120268,0.9738852755021484,0.9250322816115465,0.0012082604062375391,0.5,1.75
HistoKit (no postprocessing),gaussian,c4a5bf6f-509c-e7c4-3751-4f823d57d1f3_145315_3.png,21611278,1115362,94980,2775005,0.9377342854671431,0.882768099015153,0.9956243033691021,0.8862063152469771,0.8878764290214042,0.9377342854671432,0.9215263123976529,0.2866984014618672,0.004375696630897873,0.5,1.75
HistoKit (no postprocessing),gaussian,778d67ae-3cb9-eeb7-6fac-a66f6e936029_142330_3.png,17917784,633775,2801,2521280,0.9341995803976204,0.8765239375174427,0.999843699298879,0.8766440576730911,0.8802370414374131,0.9341995803976204,0.9955998969486755,0.2008760544586386,0.00015630070112108505,0.5,1.75
HistoKit (no postprocessing),gaussian,0584763b-507d-517f-59c7-4dbcdbe7ec5e_135202_2.png,16984075,1479732,70846,168108,0.9930144919605004,0.986125901547283,0.9958460083163094,0.990199031808371,0.987223597628179,0.9930144919605004,0.9543099411961217,0.8979828138654238,0.00415399168369059,0.5,1.75
HistoKit (no postprocessing),gaussian,7a951edf-c71d-16ea-3e52-69a0dd7b54e1_133148_5.png,5764633,2905532,270,421410,0.9647157639236258,0.9318366206171592,0.999953164866781,0.9318772921559064,0.953619974823592,0.9647157639236258,0.9999070824509034,0.8733341308625158,4.6835133219067174e-05,0.5,1.75
HistoKit (no postprocessing),gaussian,00a8cbc5-e358-18d7-ac64-8f4f6e3173fd_135812_2.png,8529437,5769920,137949,153254,0.9832160399057595,0.9669861824085327,0.9840841287096248,0.9823494812840857,0.9800416844864076,0.9832160399057595,0.9766499561855553,0.9741263721106286,0.015915871290375208,0.5,1.75
HistoKit (no postprocessing),gaussian,7a951edf-c71d-16ea-3e52-69a0dd7b54e1_133148_1.png,12592315,2860461,277,359367,0.985920758601321,0.972232463058291,0.9999780029401413,0.9722532563724156,0.9772556003445393,0.985920758601321,0.9999031718388751,0.8883893798053809,2.199705985868517e-05,0.5,1.75
HistoKit (no postprocessing),gaussian,dad7b6f2-9f0b-8c2a-a00e-ff89c406e2d2_171435_3.png,5761707,595480,21371,328488,0.9705339041728427,0.9427546065934655,0.996304563071776,0.9460628107966986,0.9478370954962886,0.9705339041728427,0.9653546804657851,0.6444811941539101,0.0036954369282240357,0.5,1.75
HistoKit (no postprocessing),gaussian,1d49a2ac-7490-df96-fb85-41e83b5a5b35_151838_1.png,0,6049631,186069,0,0.0,0.0,0.0,,0.9701606876533508,,0.9701606876533508,1.0,1.0,0.5,1.75
HistoKit (no postprocessing),gaussian,3c8a2c44-1287-eab9-5fb8-1902a0075b0d_153549_25.png,37436078,2821217,70555,105884,0.9976490032891355,0.9953090350215062,0.9981188660683031,0.9971795826760466,0.9956363416745038,0.9976490032891354,0.9756014651224232,0.9638263250909347,0.001881133931696828,0.5,1.75
HistoKit (no postprocessing),gaussian,7a951edf-c71d-16ea-3e52-69a0dd7b54e1_133148_3.png,8631287,1490401,611,374949,0.9787074981968047,0.9583028333888651,0.9999292160310513,0.9583678464566108,0.9642230039720887,0.9787074981968047,0.9995902112122504,0.7989926823384351,7.078396894865996e-05,0.5,1.75
HistoKit (no postprocessing),gaussian,6875bf3f-1b6d-1a53-f365-0d72c060072a_140344_5.png,10242268,467332,23193,1717717,0.9216704132731465,0.8547205090335802,0.9977406762346085,0.8563779971295951,0.8601735993144056,0.9216704132731464,0.9527180062178279,0.2138771258676579,0.00225932376539154,0.5,1.75
HistoKit (no postprocessing),gaussian,2f6f5632-66e3-03e5-2957-29197ae74c65_142917_3.png,5393186,642874,4782,80994,0.9921104826755486,0.9843444798485552,0.9991141110877279,0.985204359374372,0.9859885171703391,0.9921104826755485,0.9926164507084008,0.8881094343167539,0.0008858889122721735,0.5,1.75
HistoKit (no postprocessing),gaussian,6c5eefac-6637-5ca1-aed4-decff7ee7c9b_152621_1.png,35011250,361337,373737,228482,0.991472971382725,0.9830901336794795,0.989437978315493,0.9935163525080156,0.9832599792199018,0.9914729713827252,0.49156547504060816,0.6126235336603263,0.010562021684507048,0.5,1.75
HistoKit (no postprocessing),gaussian,e92b8137-1dab-8f48-a38e-05fbbeabd072_134925_1.png,6168208,31247,23737,184385,0.9834093531383937,0.9673602213185327,0.9961664711169108,0.9709748444454099,0.9675193914954124,0.9834093531383938,0.5682925942092245,0.14490891889886473,0.0038335288830892394,0.5,1.75
HistoKit (no postprocessing),gaussian,e75d7a32-60ad-6f71-61b5-c428fc2cae22_164833_1.png,39617817,11452898,62657,436612,0.9937383883191029,0.9875547042474621,0.99842096140283,0.9890995325385864,0.9903186124703859,0.9937383883191029,0.9945589248629354,0.9632775446591155,0.0015790385971699834,0.5,1.75
HistoKit (no postprocessing),gaussian,6875bf3f-1b6d-1a53-f365-0d72c060072a_140344_2.png,15800790,757240,25127,393993,0.9869109669682424,0.974160152553251,0.9984122878945972,0.9756716098017492,0.9753126997169725,0.9869109669682424,0.9678833590885096,0.6577643274645533,0.0015877121054028022,0.5,1.75
HistoKit (no postprocessing),gaussian,654bcee2-3394-aaf6-25f2-380d7ca46c60_144121_2.png,5357907,1832495,1541,71465,0.9932331802736537,0.9865573247076505,0.9997124703887416,0.9868373358834134,0.9899487953864081,0.9932331802736537,0.9991597765801762,0.962465072795647,0.0002875296112584729,0.5,1.75
HistoKit (no postprocessing),gaussian,59481929-3828-f3c5-2452-07bdbf0def53_144939_3.png,23506521,1216943,14304,391825,0.9914353416258584,0.9830161441747359,0.999391858066203,0.9836045138856053,0.9838386160890071,0.9914353416258583,0.9883825097644908,0.7564440615427458,0.0006081419337969651,0.5,1.75
HistoKit (no postprocessing),gaussian,7530b966-b7ee-7dd8-6676-04339b0c22b7_154932_2.png,10370406,1298253,19689,2087160,0.9077871034588617,0.8311448311347328,0.9981050221388736,0.8324584433267301,0.847058344418224,0.9077871034588617,0.9850607993371484,0.3834843784200037,0.0018949778611263902,0.5,1.75
HistoKit (no postprocessing),gaussian,098b4b43-88d6-52e4-6dfc-ff0d08e21e37_154649_3.png,45015071,6964317,86974,288651,0.9958451212520546,0.9917246256809986,0.9980716173734473,0.993628536745833,0.9928254243772224,0.9958451212520547,0.9876655211081204,0.9602023612954035,0.0019283826265527428,0.5,1.75
HistoKit (no postprocessing),gaussian,c4a5bf6f-509c-e7c4-3751-4f823d57d1f3_145315_1.png,22699162,1092168,37899,1328561,0.9707801494389453,0.943219418970347,0.9983331618805087,0.944707161806385,0.9456844182259253,0.9707801494389454,0.9664630504209043,0.4511731796496014,0.001666838119491345,0.5,1.75
HistoKit (no postprocessing),gaussian,00a8cbc5-e358-18d7-ac64-8f4f6e3173fd_135812_1.png,0,9342303,15441,0,0.0,0.0,0.0,,0.9983499228019062,,0.9983499228019062,1.0,1.0,0.5,1.75
HistoKit (no postprocessing),gaussian,d89a4519-168e-fe8e-eec5-c3f8080d7609_170312_1.png,15741711,493130,26651,336198,0.9886062327360086,0.9774691764320168,0.9983098434701081,0.9790894450267134,0.9781385843451709,0.9886062327360086,0.9487264828841377,0.5946139525013022,0.0016901565298919443,0.5,1.75
HistoKit (no postprocessing),gaussian,34677a0d-5045-a6c6-f661-b69bd9d6f859_140044_3.png,4381712,132547,10492,7469,0.9979546506615984,0.9959176511527107,0.9976112220652775,0.9982983157905769,0.9960370414498855,0.9979546506615985,0.9266493753451855,0.9466560964461205,0.002388777934722522,0.5,1.75
HistoKit (no postprocessing),gaussian,6c5eefac-6637-5ca1-aed4-decff7ee7c9b_152621_2.png,36545127,947296,109789,4175216,0.9446204761653851,0.8950528741861525,0.9970047946638317,0.8974660896152078,0.89743253222769,0.9446204761653852,0.8961398563029463,0.18492801969033942,0.002995205336168278,0.5,1.75
HistoKit (no postprocessing),gaussian,654bcee2-3394-aaf6-25f2-380d7ca46c60_144121_1.png,8609834,961721,12594,464951,0.9730158076302748,0.9474496441713282,0.9985393905289787,0.9487645161841299,0.9524788289498562,0.973015807630275,0.9870739955763793,0.6741009846692162,0.0014606094710213876,0.5,1.75
HistoKit (no postprocessing),gaussian,997c9bdf-d489-63a3-9c13-1b5273502c59_152111_5.png,1625536,4462022,156867,132303,0.9183191431546205,0.848974202828006,0.9119912836771482,0.92473542798857,0.9546522918964083,0.9183191431546205,0.9660379368285317,0.9712029514672993,0.08800871632285179,0.5,1.75
HistoKit (no postprocessing),gaussian,98188e68-f597-a02c-6cf5-9f993d1f10ac_162142_1.png,29063235,1199987,76878,235410,0.9946561492631312,0.989369108424044,0.9973617809924072,0.9919651574330485,0.9897863355345503,0.9946561492631311,0.9397915989552537,0.8359965918836392,0.0026382190075927296,0.5,1.75
HistoKit (no postprocessing),gaussian,997c9bdf-d489-63a3-9c13-1b5273502c59_152111_1.png,11820937,1155776,123,54604,0.9976905126604444,0.9953916682048263,0.9999895948417485,0.9954019778972596,0.9958003873708509,0.9976905126604445,0.9998935893187899,0.954886895024703,1.0405158251459682e-05,0.5,1.75
HistoKit (no postprocessing),gaussian,8a46ca7f-3853-419d-26c8-1bf78b04ebee_163832_1.png,8229332,1143896,108843,563193,0.9607700794480085,0.9245019417240137,0.9869464241275818,0.9359463862769796,0.9330992196919862,0.9607700794480085,0.9131159802640454,0.6700857424539669,0.013053575872418125,0.5,1.75
HistoKit (no postprocessing),gaussian,7ba3b133-6b39-da9f-5b13-68d3bea507d2_165139_1.png,22795428,2859230,6983,789491,0.9828299236019835,0.9662395172716468,0.9996937604536643,0.9665256005331203,0.9698888501255826,0.9828299236019835,0.9975636842063029,0.783625275815827,0.0003062395463356923,0.5,1.75
HistoKit (no postprocessing),gaussian,7530b966-b7ee-7dd8-6676-04339b0c22b7_154932_3.png,23414699,883738,38667,1608102,0.9660293067312851,0.9342908005229382,0.9983513240700717,0.9357345326768174,0.9365289680105064,0.9660293067312851,0.9580802359050525,0.354652786695775,0.0016486759299283523,0.5,1.75
HistoKit (no postprocessing),gaussian,302e8390-e88c-6502-e08e-b8e893212016_162708_1.png,14934044,4956814,370305,134871,0.9833677407867656,0.9672796941814418,0.9758039365150389,0.991049720567141,0.9752316553306393,0.9833677407867656,0.930486816607626,0.9735115192711253,0.02419606348496104,0.5,1.75
HistoKit (no postprocessing),gaussian,00a8cbc5-e358-18d7-ac64-8f4f6e3173fd_135812_4.png,10652626,1408233,20136,233417,0.9882390048984626,0.9767514360437326,0.9981133281150653,0.9785581409149312,0.9794100603423046,0.9882390048984626,0.9859028024271039,0.857815612341242,0.0018866718849347526,0.5,1.75
HistoKit (no postprocessing),gaussian,7a951edf-c71d-16ea-3e52-69a0dd7b54e1_133148_6.png,7815171,2661204,0,41847,0.9973298560909392,0.9946739335457804,1.0,0.9946739335457804,0.9960214758730135,0.9973298560909392,1.0,0.9845186050873624,0.0,0.5,1.75
HistoKit (no postprocessing),gaussian,c4a5bf6f-509c-e7c4-3751-4f823d57d1f3_145315_4.png,16673178,1067602,25496,7744979,0.811014739924874,0.6821066392981442,0.9984731721812163,0.6828188548382255,0.6954099278926106,0.8110147399248742,0.9766754673414461,0.12114521273620067,0.001526827818783695,0.5,1.75
HistoKit (no postprocessing),gaussian,b3ac8263-eb4f-ecee-6126-3ea976dfb769_143901_1.png,31626884,1204963,40505,159328,0.9968507224672718,0.993721218559866,0.9987209239132409,0.9949875121955394,0.9939502622936527,0.9968507224672718,0.9674780885578754,0.8832155309974191,0.0012790760867591579,0.5,1.75
HistoKit (no postprocessing),gaussian,ec461d09-d9f6-ab63-cb21-aeb55b7abbf3_142116_2.png,39529894,1594146,88670,249540,0.9957403208075851,0.9915167774218708,0.9977619077763646,0.9937269092365668,0.991842941470856,0.9957403208075851,0.9473085589868411,0.8646515729901947,0.0022380922236353647,0.5,1.75
HistoKit (no postprocessing),gaussian,7a951edf-c71d-16ea-3e52-69a0dd7b54e1_133148_2.png,7957470,483415,22,342840,0.9789109253514098,0.9586929775821015,0.9999972353098188,0.9586955186011125,0.960966316538944,0.9789109253514098,0.9999544925191907,0.5850675638876618,2.7646901812782218e-06,0.5,1.75
HistoKit (no postprocessing),gaussian,59481929-3828-f3c5-2452-07bdbf0def53_144939_1.png,25511929,887140,15027,116785,0.997423315929593,0.9948598763339561,0.9994113281661942,0.9954431970328281,0.9950317518668151,0.997423315929593,0.9833434386316502,0.8836715890131235,0.0005886718338058012,0.5,1.75
HistoKit (no postprocessing),gaussian,bb1fc306-b767-ee67-c337-445c06bd68ce_150126_2.png,26950901,9899232,310304,1229228,0.9722313319517167,0.9459631940307822,0.9886173776984546,0.9563796177086343,0.9598972275480914,0.9722313319517167,0.9696064542012487,0.8895419492005183,0.011382622301545365,0.5,1.75
HistoKit (no postprocessing),gaussian,dfdc8007-a219-a302-d10c-929e29813dc8_163630_1.png,3833842,375526,557,107267,0.9861328674602354,0.972645069369145,0.9998547360355561,0.9727825340532322,0.9750245066700763,0.9861328674602354,0.9985189439565202,0.7778198938261325,0.00014526396444397154,0.5,1.75
HistoKit (no postprocessing),gaussian,e04480a3-f748-c87a-3eb6-396b6ccbcb83_134430_1.png,63541322,716222,581518,126668,0.9944582408612574,0.9889775654001896,0.9909311877016053,0.9980104916143889,0.9890990834706237,0.9944582408612574,0.5518994559773144,0.8497217905064718,0.009068812298394768,0.5,1.75
HistoKit (no postprocessing),gaussian,7ba3b133-6b39-da9f-5b13-68d3bea507d2_165139_3.png,14890150,562257,8190,2623117,0.9188159044381847,0.8498237332660178,0.9994502743258645,0.8502211494862724,0.8544929985068332,0.9188159044381848,0.9856428379849487,0.1765120830395426,0.0005497256741355078,0.5,1.75
HistoKit (no postprocessing),gaussian,e04480a3-f748-c87a-3eb6-396b6ccbcb83_134430_2.png,14566712,671356,17507,39577,0.9980444327998677,0.9960964991579477,0.9987995929024379,0.9972904137389038,0.9962678370244376,0.9980444327998677,0.9745856578158502,0.9443309003802046,0.0012004070975620978,0.5,1.75
HistoKit (no postprocessing),gaussian,0584763b-507d-517f-59c7-4dbcdbe7ec5e_135202_6.png,12902684,558376,71846,17209,0.9965608424640318,0.9931452594606465,0.9944625354444439,0.9986680230246489,0.9934277310561571,0.9965608424640319,0.8859989019742249,0.9701017225952726,0.005537464555556155,0.5,1.75
HistoKit (no postprocessing),gaussian,d28668ca-fcc7-90f7-7049-f08e38cdd015_141933_2.png,11230723,784086,5207,262212,0.9882343882987558,0.9767424162964764,0.9995365759665644,0.9771849401393117,0.978227158785849,0.9882343882987558,0.993402956823385,0.7493907089567217,0.00046342403343559456,0.5,1.75
HistoKit (no postprocessing),gaussian,e75d7a32-60ad-6f71-61b5-c428fc2cae22_164833_5.png,45217789,4931851,763221,79839,0.9907638849738315,0.9816968202214423,0.9834013867898943,0.998237457378563,0.9834670452829523,0.9907638849738315,0.865985715369358,0.9840694456361028,0.01659861321010565,0.5,1.75
HistoKit (no postprocessing),gaussian,e338d5a6-7427-4506-5755-323615d750be_135343_3.png,7545922,550058,7466,1011044,0.9367791669878887,0.881076760256839,0.9990115693778738,0.8818455045865555,0.8882537585756307,0.9367791669878885,0.9866086482375647,0.35235237671849756,0.000988430622126124,0.5,1.75
HistoKit (no postprocessing),gaussian,015b92ff-7984-c969-27c5-4144ab20b802_144644_7.png,22007223,4806245,87075,858837,0.978961199552726,0.9587894202687345,0.9960589379214493,0.9624405341366199,0.9659245991805292,0.9789611995527259,0.9822053329845586,0.8483981343959364,0.003941062078550764,0.5,1.75
HistoKit (no postprocessing),gaussian,110ff982-b33a-42d4-9522-02719d6987c7_164031_2.png,5866382,175627,5550,1046073,0.9177416171772648,0.8479875339783651,0.999054825566781,0.8486683819279837,0.8517511198776593,0.9177416171772648,0.9693669726289761,0.14375624130310224,0.0009451744332189133,0.5,1.75
HistoKit (no postprocessing),gaussian,091684ab-dffb-81d6-97c1-29bfeceeac37_154424_1.png,0,6267842,20721,0,0.0,0.0,0.0,,0.996704970595031,,0.996704970595031,1.0,1.0,0.5,1.75
HistoKit (no postprocessing),gaussian,bc7dd6a2-14aa-d481-064a-28427e54cce1_153909_1.png,22792284,493144,12785,2191370,0.9538770893710635,0.9118212398173996,0.9994393790257772,0.9122878502880323,0.913527224042857,0.9538770893710635,0.9747296557422089,0.18369954487106419,0.0005606209742228801,0.5,1.75
HistoKit (no postprocessing),gaussian,31439255-cb2a-2a33-e39f-915211d58cf0_143129_8.png,7028090,4751795,327528,944697,0.9170021277491037,0.8467256965548898,0.9554724021829301,0.8815098158272634,0.9025272542140697,0.9170021277491037,0.9355173908018845,0.8341616208712309,0.04452759781706989,0.5,1.75
HistoKit (no postprocessing),gaussian,31439255-cb2a-2a33-e39f-915211d58cf0_143129_5.png,3875382,238607,3405,1591504,0.8293425203299966,0.7084416532868179,0.9991221482386117,0.7088828996982925,0.7206275186559647,0.8293425203299966,0.9859304497297655,0.13037843059792548,0.0008778517613882897,0.5,1.75
HistoKit (no postprocessing),gaussian,dfdc8007-a219-a302-d10c-929e29813dc8_163630_4.png,1809972,705299,1837,155828,0.9582632824095877,0.9198708908198006,0.9989860962165438,0.9207304914029911,0.941014300379807,0.9582632824095876,0.9974021970314055,0.819041790583735,0.0010139037834562032,0.5,1.75
HistoKit (no postprocessing),gaussian,8a22c195-cd7e-901b-eb5d-b1439c8b19ac_152323_2.png,2673571,490868,11448,36937,0.9910323866417498,0.9822241799647019,0.9957363430202915,0.9863726651978153,0.9849400402885437,0.9910323866417496,0.9772095652935602,0.930017714875759,0.004263656979708524,0.5,1.75
HistoKit (no postprocessing),gaussian,e338d5a6-7427-4506-5755-323615d750be_135343_2.png,6370374,922199,139,55308,0.9956669150477935,0.9913712193352414,0.9999781807210817,0.9913926646229926,0.992454157718678,0.9956669150477936,0.9998492960281372,0.9434193310124633,2.1819278918353985e-05,0.5,1.75
HistoKit (no postprocessing),gaussian,bc7dd6a2-14aa-d481-064a-28427e54cce1_153909_2.png,11725045,454574,8974,2319915,0.9096593778985583,0.8342891748317589,0.9992352151466604,0.8348222422847769,0.8394811513354785,0.9096593778985584,0.9806406240561927,0.1638406207413329,0.0007647848533396784,0.5,1.75
HistoKit (no postprocessing),gaussian,7ba3b133-6b39-da9f-5b13-68d3bea507d2_165139_2.png,10227802,5175246,76237,153201,0.9889080234886639,0.9780594114699481,0.992601250829893,0.9852421774658962,0.9853229998094992,0.988908023488664,0.9854827674392167,0.971248470708257,0.0073987491701069845,0.5,1.75
HistoKit (no postprocessing),gaussian,00a8cbc5-e358-18d7-ac64-8f4f6e3173fd_135812_3.png,6468397,2157548,2744,115634,0.990932482544083,0.9820279271722504,0.9995759634970093,0.9824372029840078,0.9864623024561192,0.9909324825440828,0.9987298013416704,0.9491312178259373,0.00042403650299073996,0.5,1.75
HistoKit (no postprocessing),gaussian,73f410c7-98a8-a0f8-02ae-aabdcdcb9cee_162913_1.png,14948660,3077348,38432,72972,0.9962876128955033,0.9926026874786189,0.9974356599665899,0.9951422055872491,0.993857778607003,0.9962876128955033,0.9876653679014564,0.9768366388176439,0.0025643400334100837,0.5,1.75
HistoKit (no postprocessing),gaussian,098b4b43-88d6-52e4-6dfc-ff0d08e21e37_154649_1.png,38505378,1901458,119732,1018392,0.9854364643485614,0.9712910327649661,0.9969001512228703,0.9742334296551164,0.9726050043133992,0.9854364643485614,0.9407616305245919,0.6512176995393599,0.003099848777129696,0.5,1.75
HistoKit (no postprocessing),gaussian,d28668ca-fcc7-90f7-7049-f08e38cdd015_141933_3.png,1787746,1585830,54842,86027,0.9620949095095982,0.9269584650124572,0.9702364283279822,0.9540888891023619,0.9599171419669393,0.9620949095095982,0.9665734528290847,0.9485440441377462,0.029763571672017836,0.5,1.75
HistoKit (no postprocessing),gaussian,191c1954-41f1-2c63-fab4-33ae150d32f8_151532_2.png,28296558,440302,2329,2245800,0.9617933135167347,0.9263986892384918,0.9999176999434642,0.9264693315427709,0.9274445764689476,0.9617933135167348,0.994738280870522,0.16391857047870856,8.230005653579239e-05,0.5,1.75
HistoKit (no postprocessing),gaussian,6c5eefac-6637-5ca1-aed4-decff7ee7c9b_152621_3.png,19708066,755268,129767,1015654,0.9717609185230162,0.9450729271320427,0.9934586101213777,0.9509907487651831,0.9469927351205565,0.9717609185230162,0.8533764201415763,0.4264829281018588,0.0065413898786223276,0.5,1.75
HistoKit (no postprocessing),gaussian,8a22c195-cd7e-901b-eb5d-b1439c8b19ac_152323_1.png,13732778,4732826,161923,295221,0.9836282307943,0.9677838962046444,0.9883464206966383,0.9789548744621381,0.9758415638151499,0.9836282307942998,0.9669190391580855,0.9412851550512555,0.011653579303361764,0.5,1.75
HistoKit (no postprocessing),gaussian,31439255-cb2a-2a33-e39f-915211d58cf0_143129_4.png,9516131,379198,34697,1533140,0.9238917735298262,0.8585491224803248,0.9963671212590155,0.861245144589177,0.8632282739340946,0.9238917735298263,0.9161695599125382,0.19829026040375708,0.0036328787409845515,0.5,1.75
HistoKit (no postprocessing),gaussian,d89a4519-168e-fe8e-eec5-c3f8080d7609_170312_3.png,19080740,4599169,29429,2718239,0.9328348759548842,0.8741242146472615,0.9984600345501916,0.8753042975086127,0.8960302717120076,0.9328348759548842,0.9936419192161428,0.6285243353930791,0.001539965449808424,0.5,1.75
HistoKit (no postprocessing),gaussian,e338d5a6-7427-4506-5755-323615d750be_135343_5.png,4518713,149089,41281,263858,0.9673388410998478,0.9367437060672674,0.9909471372111455,0.9448292560633182,0.9386401326699834,0.9673388410998478,0.7831538582759888,0.3610366463492894,0.009052862788854546,0.5,1.75
HistoKit (no postprocessing),gaussian,745e05db-827a-cff7-7148-db0494ae96fc_133425_4.png,24643473,4699360,150673,1078462,0.9756684411049226,0.9524928062915033,0.9939230413501638,0.9580722834421282,0.9597953589379656,0.9756684411049226,0.9689336134413931,0.8133445440167593,0.006076958649836135,0.5,1.75
HistoKit (no postprocessing),gaussian,bb1fc306-b767-ee67-c337-445c06bd68ce_150126_3.png,30798891,1745354,133190,4397705,0.931483658746114,0.8717542472518798,0.9956941144696989,0.8750531159320066,0.8777915605982877,0.931483658746114,0.9290993450246574,0.28411805909726734,0.004305885530301049,0.5,1.75
HistoKit (no postprocessing),gaussian,bb1fc306-b767-ee67-c337-445c06bd68ce_150126_1.png,27457694,4536433,759309,154164,0.9836379789299302,0.9678027696217079,0.9730903739139128,0.9944167466021302,0.9722412755716004,0.9836379789299302,0.8566189591562429,0.96713339474698,0.02690962608608717,0.5,1.75
HistoKit (no postprocessing),gaussian,1cfd19dd-0b58-a07f-0753-c0e3d9e98b9b_133722_2.png,20032878,765026,2582,4213064,0.9047987234008534,0.8261483461838749,0.9998711284891887,0.8262363244125553,0.8314655056959128,0.9047987234008534,0.9966363039468061,0.15367861971157612,0.0001288715108113315,0.5,1.75
HistoKit (no postprocessing),gaussian,1d49a2ac-7490-df96-fb85-41e83b5a5b35_151838_3.png,0,5928850,260585,0,0.0,0.0,0.0,,0.9578984188379068,,0.9578984188379068,1.0,1.0,0.9,2.25
HistoKit (no postprocessing),gaussian,538ad0bc-9add-9e27-6ee9-4f1bdd825510_142716_4.png,0,6987044,2932,0,0.0,0.0,0.0,,0.9995805421935641,,0.9995805421935641,1.0,1.0,0.9,2.25
HistoKit (no postprocessing),gaussian,dfdc8007-a219-a302-d10c-929e29813dc8_163630_5.png,11882308,379578,1,160693,0.9932835144037842,0.9866566492308148,0.9999999158412729,0.9866567311586206,0.9870643618314392,0.993283514403784,0.9999973655023066,0.7025696363491655,8.415872706222334e-08,0.5,1.75
HistoKit (no postprocessing),gaussian,e0661871-0847-f23e-2d1f-8518496574c0_141209_2.png,42734648,3073975,121562,635593,0.9912189938096838,0.9825908574082339,0.9971634915920004,0.9853449511613274,0.9837400977172549,0.9912189938096838,0.9619588194409892,0.8286611810324005,0.0028365084079996807,0.5,1.75
HistoKit (no postprocessing),gaussian,110ff982-b33a-42d4-9522-02719d6987c7_164031_4.png,11743694,433838,16039,3110082,0.8825363089098849,0.7897673239377894,0.9986361084898782,0.7906201089877752,0.7957271378278115,0.8825363089098849,0.9643480329067723,0.12241754892886973,0.001363891510121871,0.9,2.25
HistoKit (no postprocessing),gaussian,d28668ca-fcc7-90f7-7049-f08e38cdd015_141933_1.png,23136345,3882268,27824,78647,0.9977043353587185,0.9954191867284928,0.9987988345275844,0.9966122323022985,0.9960748139987327,0.9977043353587186,0.992884054902033,0.9801442343498914,0.0012011654724156087,0.5,1.75
HistoKit (no postprocessing),gaussian,4adc5212-3bb5-0299-1727-5490f70e71c6_162331_3.png,4195164,238932,3366,1275594,0.8677296611705019,0.7663626180188831,0.999198290830362,0.7668341388889803,0.7761338239989246,0.8677296611705019,0.9861080157492014,0.1577602497415033,0.0008017091696379447,0.9,2.25
HistoKit (no postprocessing),gaussian,4adc5212-3bb5-0299-1727-5490f70e71c6_162331_1.png,5634115,616190,14126,3414187,0.7667265696429426,0.6217003875782516,0.9974990443927587,0.6226709718574822,0.645784863086858,0.7667265696429425,0.9775890188413431,0.15288644213680258,0.0025009556072412634,0.9,2.25
HistoKit (no postprocessing),gaussian,dfdc8007-a219-a302-d10c-929e29813dc8_163630_7.png,2248734,439877,22403,137546,0.9656571442926412,0.9335948316984842,0.9901357778064467,0.9423596560336591,0.943849172915438,0.9656571442926412,0.9515380289002336,0.7617933473380867,0.009864222193553273,0.9,2.25
HistoKit (no postprocessing),gaussian,745e05db-827a-cff7-7148-db0494ae96fc_133425_2.png,28657627,4343243,163486,258430,0.9926924717647228,0.9854909686854433,0.9943275611875225,0.991062751052123,0.9873763964500146,0.9926924717647229,0.9637240224561983,0.9438399903687202,0.0056724388124775055,0.5,1.75
HistoKit (no postprocessing),gaussian,a796f488-e06e-b9c5-67ad-c084c09ace36_143658_2.png,39328510,3114964,3147,2009459,0.9750512541114298,0.9513170858764431,0.9999199881154257,0.9513895082750679,0.9547282171527494,0.9750512541114297,0.9989907350957038,0.6078662905072435,8.001188457430105e-05,0.5,1.75
HistoKit (no postprocessing),gaussian,2f6f5632-66e3-03e5-2957-29197ae74c65_142917_2.png,23531264,1062019,13864,124187,0.9970752265560132,0.9941675118185719,0.9994111733009053,0.9947501740719296,0.9944179719541211,0.9970752265560131,0.9871138404454759,0.8953073918020985,0.0005888266990946067,0.9,2.25
HistoKit (no postprocessing),gaussian,91e6ffad-da04-5736-d731-feb79e91105c_134712_2.png,6803633,190374,1104,902133,0.937752881481779,0.8828010593146115,0.9998377600780163,0.8829275376386981,0.8856263020365079,0.9377528814817792,0.9942343245699244,0.17425426107109612,0.00016223992198375925,0.9,2.25
HistoKit (no postprocessing),gaussian,34677a0d-5045-a6c6-f661-b69bd9d6f859_140044_2.png,23127173,1126887,57814,188133,0.99471085053163,0.9894773568954423,0.997506403605057,0.9919309229739468,0.9899613498069613,0.99471085053163,0.9511995009711312,0.8569352557375554,0.002493596394942986,0.9,2.25
HistoKit (no postprocessing),gaussian,745e05db-827a-cff7-7148-db0494ae96fc_133425_3.png,48876235,4981118,505704,705583,0.9877602969337552,0.9758165916053902,0.9897593328605424,0.9857693197131255,0.9780040509444213,0.9877602969337552,0.9078329860163132,0.8759240199194577,0.010240667139457605,0.5,1.75
HistoKit (no postprocessing),gaussian,654bcee2-3394-aaf6-25f2-380d7ca46c60_144121_7.png,5265870,321883,19,494066,0.955188387263538,0.9142206840157605,0.9999963918722935,0.9142236997077745,0.9187605786277109,0.955188387263538,0.9999409758249405,0.39448911635408584,3.6081277064518452e-06,0.9,2.25
HistoKit (no postprocessing),gaussian,59481929-3828-f3c5-2452-07bdbf0def53_144939_2.png,22551240,2394396,6051,259353,0.9941499585918532,0.9883679650697096,0.9997317497034551,0.9886301509127798,0.9894727071949432,0.9941499585918533,0.997479219495369,0.9022692048117588,0.00026825029654491757,0.9,2.25
HistoKit (no postprocessing),gaussian,015b92ff-7984-c969-27c5-4144ab20b802_144644_8.png,19335549,4867605,83475,1236687,0.966988737039043,0.9360873126081208,0.995701380254744,0.9398856303223432,0.9482762349531699,0.966988737039043,0.9831400421726169,0.7974069720124791,0.004298619745255992,0.9,2.25
HistoKit (no postprocessing),gaussian,8a22c195-cd7e-901b-eb5d-b1439c8b19ac_152323_3.png,3876877,441518,103251,2163,0.9865871298335905,0.9735293076271925,0.9740583719920566,0.9994423878072926,0.9761712135401868,0.9865871298335905,0.8104682902294367,0.9951248757553287,0.025941628007943463,0.9,2.25
HistoKit (no postprocessing),gaussian,1cfd19dd-0b58-a07f-0753-c0e3d9e98b9b_133722_4.png,19739415,749391,3132,4637550,0.8948156543526592,0.8096528492072858,0.9998413578551947,0.809756874984232,0.8153292259675168,0.8948156543526592,0.9958380009647546,0.13911253158332346,0.0001586421448053283,0.9,2.25
HistoKit (no postprocessing),gaussian,8b8e8141-b9e0-9b57-cdad-61702acf8a5e_150400_2.png,14719239,497089,12769,1553803,0.9494736502601996,0.9038075537042644,0.9991332478233789,0.9045167461621496,0.9066566564777243,0.9494736502601996,0.9749557719992625,0.24237697548188789,0.0008667521766211368,0.9,2.25
HistoKit (no postprocessing),gaussian,8b8e8141-b9e0-9b57-cdad-61702acf8a5e_150400_5.png,2217225,227522,15,1710824,0.7216015390000373,0.5644574528317258,0.9999932348324945,0.56445960831955,0.5883037915711526,0.7216015390000373,0.9999340766556648,0.11737945650570125,6.765167505547438e-06,0.9,2.25
HistoKit (no postprocessing),gaussian,c282e7fa-bbd4-0343-5231-dcd676a3dd4f_140949_1.png,4471115,5046964,2257722,46526,0.7951138125197951,0.6599078160092677,0.6644706953073763,0.9897012622295575,0.8050935319248064,0.7951138125197952,0.6909214167453605,0.9908655951027684,0.3355293046926237,0.9,2.25
HistoKit (no postprocessing),gaussian,6875bf3f-1b6d-1a53-f365-0d72c060072a_140344_1.png,22803644,515604,6406,2347218,0.9509262042389853,0.9064435772596611,0.999719158879529,0.9066744511579762,0.9083225281534532,0.9509262042389853,0.987728204440528,0.18010340845501396,0.00028084112047102046,0.9,2.25
HistoKit (no postprocessing),gaussian,3c8a2c44-1287-eab9-5fb8-1902a0075b0d_153549_11.png,12776285,2018322,56135,62044,0.9953963555952341,0.9908349040332347,0.9956255328301287,0.9951672838420016,0.9920753238194392,0.9953963555952341,0.9729399066840142,0.9701764016524016,0.0043744671698713105,0.9,2.25
HistoKit (no postprocessing),gaussian,bffc0a6a-719c-940b-52f7-9a2879514091_151206_1.png,29154735,860307,47842,52616,0.9982801211465284,0.9965661481023216,0.9983617199262929,0.9981985357042479,0.9966642426657369,0.9982801211465284,0.9473192174411909,0.9423653473513101,0.0016382800737071938,0.9,2.25
HistoKit (no postprocessing),gaussian,997c9bdf-d489-63a3-9c13-1b5273502c59_152111_4.png,4663042,2729346,89542,55561,0.9846795338324542,0.9698214176153174,0.9811593019713065,0.9882251166287989,0.9807491644102793,0.9846795338324541,0.9682349919542742,0.9800492440142525,0.018840698028693443,0.9,2.25
HistoKit (no postprocessing),gaussian,7a951edf-c71d-16ea-3e52-69a0dd7b54e1_133148_4.png,10254149,1820919,651,339587,0.9836804848071826,0.9678850697071949,0.9999365175332527,0.9679445476081338,0.9725952787631654,0.9836804848071826,0.9996426159851117,0.8428206170221235,6.348246674727932e-05,0.9,2.25
HistoKit (no postprocessing),gaussian,b3ac8263-eb4f-ecee-6126-3ea976dfb769_143901_2.png,36933720,4768931,178358,257383,0.9941356346506888,0.9883396498547303,0.9951940713209322,0.9930794469849415,0.9896592874260604,0.9941356346506888,0.9639483361493537,0.9487928927639618,0.004805928679067769,0.9,2.25
HistoKit (no postprocessing),gaussian,654bcee2-3394-aaf6-25f2-380d7ca46c60_144121_5.png,6304615,495812,534,1126363,0.9179610817517921,0.8483623521027753,0.9999153073147042,0.8484233165540256,0.8578464813599141,0.9179610817517923,0.998924137597563,0.30564643148858783,8.469268529577969e-05,0.9,2.25
HistoKit (no postprocessing),gaussian,cfd234aa-a9c1-9363-1732-dc841509f243_163200_1.png,8031418,1830604,4255,3063563,0.8396386239592227,0.7236009757788734,0.9994704861683645,0.7238784816305679,0.7627334909016662,0.8396386239592227,0.9976810207214832,0.3740379108436635,0.0005295138316355083,0.9,2.25
HistoKit (no postprocessing),gaussian,997c9bdf-d489-63a3-9c13-1b5273502c59_152111_3.png,17017755,443895,211720,192134,0.9882734768272724,0.9768187886664199,0.9877117555816414,0.9888358373490962,0.9773947603157459,0.9882734768272725,0.6770665710821138,0.6979162899804883,0.012288244418358655,0.9,2.25
HistoKit (no postprocessing),gaussian,1cfd19dd-0b58-a07f-0753-c0e3d9e98b9b_133722_1.png,18656742,1040079,5825,4788329,0.8861452641917364,0.7955662760177692,0.9996878778787506,0.7957639369059706,0.8042481363032709,0.8861452641917366,0.9944306552035368,0.17844993006666657,0.0003121221212494508,0.9,2.25
HistoKit (no postprocessing),gaussian,a796f488-e06e-b9c5-67ad-c084c09ace36_143658_1.png,27837278,3671773,512372,1025682,0.9731168705640243,0.9476413066582533,0.9819266904529685,0.9644637279059389,0.9534587371571579,0.9731168705640242,0.8775443967644525,0.7816515538733207,0.018073309547031444,0.9,2.25
HistoKit (no postprocessing),gaussian,8a46ca7f-3853-419d-26c8-1bf78b04ebee_163832_3.png,7182240,133878,5899,99721,0.9927008106371069,0.9855074054660765,0.999179342525235,0.9863057492343066,0.9857688320444619,0.992700810637107,0.9577970624637816,0.5731103300955912,0.0008206574747650261,0.9,2.25
HistoKit (no postprocessing),gaussian,e338d5a6-7427-4506-5755-323615d750be_135343_4.png,13096750,1588539,149895,370237,0.9805293417233568,0.9618024155603316,0.988684304591842,0.9725078074256699,0.9657929892240406,0.9805293417233569,0.913775846537746,0.8109855338231631,0.011315695408158065,0.9,2.25
HistoKit (no postprocessing),gaussian,e0661871-0847-f23e-2d1f-8518496574c0_141209_1.png,30675724,2858425,327741,236037,0.9908943560990959,0.981953041376908,0.9894288912545743,0.992364168447084,0.9834659156845518,0.9908943560990958,0.8971362446275555,0.9237227666715572,0.010571108745425713,0.9,2.25
HistoKit (no postprocessing),gaussian,8b8e8141-b9e0-9b57-cdad-61702acf8a5e_150400_3.png,1549992,599865,1001,5320822,0.3680901260263979,0.22555787663084645,0.9993546070162792,0.22559073786599376,0.28773408390080946,0.3680901260263979,0.9983340711572963,0.10131678975767508,0.0006453929837207518,0.9,2.25
HistoKit (no postprocessing),gaussian,110ff982-b33a-42d4-9522-02719d6987c7_164031_1.png,19592309,654000,4506,1903615,0.9535654948675969,0.9112519610072914,0.9997700646763262,0.9114429786781904,0.9138718080311703,0.953565494867597,0.9931572377472643,0.2557069770078765,0.00022993532367377044,0.9,2.25
HistoKit (no postprocessing),gaussian,191c1954-41f1-2c63-fab4-33ae150d32f8_151532_1.png,37049085,1494821,36433,4577469,0.9413825365948949,0.8892565720263887,0.999017594954451,0.8900348801392496,0.8930922997757439,0.9413825365948949,0.9762070825610905,0.24617088446039304,0.000982405045549047,0.9,2.25
HistoKit (no postprocessing),gaussian,75867af4-ee91-110d-5a8d-03a78d8d262a_171204_2.png,18268943,406800,24277,2740698,0.9296495234787107,0.8685468394428465,0.9986728962970981,0.8695504601911094,0.87104093249116,0.9296495234787107,0.9436829151172529,0.12924551500906434,0.0013271037029019494,0.9,2.25
HistoKit (no postprocessing),gaussian,6c5eefac-6637-5ca1-aed4-decff7ee7c9b_152621_4.png,8840721,813416,2319,1846420,0.9053393821593358,0.8270502906601456,0.9997377598653857,0.8272297520917896,0.839280280861934,0.905339382159336,0.9971571650106958,0.3058143434407234,0.0002622401346143408,0.9,2.25
HistoKit (no postprocessing),gaussian,bffc0a6a-719c-940b-52f7-9a2879514091_151206_2.png,59807284,8745964,309347,585589,0.9925737309482247,0.9852569477689613,0.994854219292495,0.9903036737464038,0.9871136155266493,0.9925737309482247,0.9658380590131029,0.9372463511700572,0.005145780707505049,0.9,2.25
HistoKit (no postprocessing),gaussian,22c86e01-80fd-7f77-3526-d5f72a54b219_141444_4.png,4638436,242111,14743,460907,0.9512280003059721,0.9069921780744399,0.996831628441545,0.9096144346438355,0.9111963208224044,0.9512280003059721,0.9426016336128695,0.3443880526529904,0.0031683715584549833,0.9,2.25
HistoKit (no postprocessing),gaussian,538ad0bc-9add-9e27-6ee9-4f1bdd825510_142716_3.png,0,6843337,1736,0,0.0,0.0,0.0,,0.999746386926772,,0.999746386926772,1.0,1.0,0.9,2.25
HistoKit (no postprocessing),gaussian,654bcee2-3394-aaf6-25f2-380d7ca46c60_144121_3.png,6448781,1861437,893,573564,0.9573592495675667,0.9182062461787569,0.9998615433896348,0.9183230103334428,0.9353429360106025,0.9573592495675666,0.9995204931456831,0.7644501994044356,0.00013845661036511302,0.9,2.25
HistoKit (no postprocessing),gaussian,778d67ae-3cb9-eeb7-6fac-a66f6e936029_142330_2.png,11021742,474229,45712,1902461,0.918797897118986,0.8497929246259517,0.9958696914394223,0.8527985826282672,0.8550913319583605,0.9187978971189861,0.9120823324184859,0.1995333846652277,0.0041303085605777085,0.9,2.25
HistoKit (no postprocessing),gaussian,015b92ff-7984-c969-27c5-4144ab20b802_144644_9.png,1134998,9401366,3668,41556,0.9804666511173884,0.9616817852912418,0.9967786866385753,0.9646799041947925,0.9957261613285265,0.9804666511173883,0.9996099960935814,0.995599243539235,0.003221313361424685,0.9,2.25
HistoKit (no postprocessing),gaussian,22c86e01-80fd-7f77-3526-d5f72a54b219_141444_1.png,35538447,830194,29778,1121531,0.9840601184553907,0.9686204236408659,0.9991627920707317,0.9694072102280039,0.9693147512190181,0.9840601184553905,0.9653732912234352,0.42536422907940413,0.0008372079292683287,0.9,2.25
HistoKit (no postprocessing),gaussian,cfd234aa-a9c1-9363-1732-dc841509f243_163200_2.png,13306855,1899421,1064175,2200114,0.8907460636838498,0.8030136603725126,0.9259499840999567,0.8581209519410273,0.8232707553883706,0.8907460636838497,0.6409176554429146,0.4633259625786827,0.07405001590004336,0.9,2.25
HistoKit (no postprocessing),gaussian,31439255-cb2a-2a33-e39f-915211d58cf0_143129_7.png,8460681,1935304,1672635,1148540,0.8571016987330453,0.7499369784546089,0.8349370531818014,0.8804752227053577,0.7865521034776003,0.8571016987330454,0.5364015300702146,0.627562224288907,0.1650629468181985,0.9,2.25
HistoKit (no postprocessing),gaussian,d89a4519-168e-fe8e-eec5-c3f8080d7609_170312_2.png,21894381,524430,25250,2672419,0.9419686789893593,0.890303207743966,0.9988480645499918,0.8912182701857791,0.8925936675839926,0.9419686789893592,0.9540641827972639,0.1640459089559751,0.0011519354500082598,0.9,2.25
HistoKit (no postprocessing),gaussian,4adc5212-3bb5-0299-1727-5490f70e71c6_162331_2.png,4969942,924082,5797,2967438,0.7697508247232911,0.6256869260246876,0.9988349469294913,0.626143891309223,0.6646951442379206,0.7697508247232911,0.993765855557551,0.23746042677411397,0.0011650530705087224,0.9,2.25
HistoKit (no postprocessing),gaussian,110ff982-b33a-42d4-9522-02719d6987c7_164031_3.png,5039427,209417,2343,895065,0.9182410186637309,0.8488406701550574,0.9995352822520662,0.8491758013996817,0.8539910176152882,0.9182410186637309,0.9889355874574991,0.18960653048216267,0.0004647177479337614,0.9,2.25
HistoKit (no postprocessing),gaussian,dfdc8007-a219-a302-d10c-929e29813dc8_163630_6.png,2531296,238887,14,39519,0.9922516598476125,0.9846224700281504,0.9999944692669013,0.9846278320299204,0.9859298946939833,0.9922516598476125,0.9999413983198061,0.8580526281761169,5.530733098672229e-06,0.9,2.25
HistoKit (no postprocessing),gaussian,22c86e01-80fd-7f77-3526-d5f72a54b219_141444_2.png,30476787,578155,34407,432450,0.9923989950510116,0.9849126689797749,0.9988723155180358,0.9860090367161117,0.9851893922678715,0.9923989950510116,0.9438309918016462,0.5720880066890625,0.001127684481964226,0.9,2.25
HistoKit (no postprocessing),gaussian,e04480a3-f748-c87a-3eb6-396b6ccbcb83_134430_3.png,25412112,1487377,40130,216155,0.9949827242324465,0.9900155432378578,0.9984233216075817,0.9915657582309408,0.9905624122516264,0.9949827242324465,0.9737284346323781,0.8731136251036082,0.0015766783924182396,0.9,2.25
HistoKit (no postprocessing),gaussian,dad7b6f2-9f0b-8c2a-a00e-ff89c406e2d2_171435_2.png,6554746,1412564,13042,119736,0.9899731692527036,0.9801454170482229,0.9980142477193235,0.9820606303230722,0.9836078324087343,0.9899731692527036,0.9908516097715638,0.9218586438686941,0.0019857522806765384,0.9,2.25
HistoKit (no postprocessing),gaussian,191c1954-41f1-2c63-fab4-33ae150d32f8_151532_3.png,49099246,587306,3132,3905988,0.9617156848208339,0.9262546595003514,0.9999362149018526,0.9263093905028322,0.9270627673070319,0.9617156848208339,0.9946954633678726,0.13070722725911102,6.378509814738504e-05,0.9,2.25
HistoKit (no postprocessing),gaussian,75867af4-ee91-110d-5a8d-03a78d8d262a_171204_5.png,7734284,145141,681,2482738,0.8616632799477851,0.7569493848079162,0.9999119582312267,0.7569998381132976,0.7603535284329282,0.8616632799477852,0.9953299227825705,0.05523123401039393,8.80417687733558e-05,0.9,2.25
HistoKit (no postprocessing),gaussian,098b4b43-88d6-52e4-6dfc-ff0d08e21e37_154649_2.png,44826526,723147,27621,307406,0.9962769846437104,0.9925815881486626,0.9993842040960003,0.993189026827975,0.9926985029868344,0.9962769846437105,0.9632096732945464,0.701707723911337,0.0006157959039996904,0.9,2.25
HistoKit (no postprocessing),gaussian,00a8cbc5-e358-18d7-ac64-8f4f6e3173fd_135812_5.png,5804444,2990261,18056,91415,0.9906581629731603,0.9814892503527697,0.9968989265779304,0.9844950498307371,0.9877056563122741,0.9906581629731603,0.9939979729529833,0.9703359470625724,0.003101073422069558,0.9,2.25
HistoKit (no postprocessing),gaussian,6875bf3f-1b6d-1a53-f365-0d72c060072a_140344_4.png,10023621,325799,13722,527468,0.9737138797165321,0.9487742847458417,0.998632905142327,0.950008193467044,0.9503067321297889,0.973713879716532,0.9595842377938331,0.3818253840825908,0.0013670948576729918,0.9,2.25
HistoKit (no postprocessing),gaussian,2f6f5632-66e3-03e5-2957-29197ae74c65_142917_4.png,4145452,459631,1978,56831,0.9929567639031426,0.986012048252951,0.99952307814719,0.9864761606964595,0.9873905742242745,0.9929567639031426,0.9957149882259662,0.8899609264573192,0.0004769218528100535,0.9,2.25
HistoKit (no postprocessing),gaussian,6520c4c0-cf13-4bc7-106a-ea8d45dc1109_165944_1.png,0,9033272,5861968,0,0.0,0.0,0.0,,0.6064536053128382,,0.6064536053128382,1.0,1.0,0.9,2.25
HistoKit (no postprocessing),gaussian,8b8e8141-b9e0-9b57-cdad-61702acf8a5e_150400_1.png,4592494,222505,9250,666355,0.931484343791494,0.8717554472685498,0.9979898925277025,0.8732888128181661,0.8769525174279551,0.931484343791494,0.9600871610105499,0.25032626060346963,0.0020101074722974595,0.9,2.25
HistoKit (no postprocessing),gaussian,ec461d09-d9f6-ab63-cb21-aeb55b7abbf3_142116_1.png,35874669,1674508,117607,127060,0.9966015642552459,0.9932261490078333,0.996732437815269,0.9964707250587882,0.9935262737497673,0.996601564255246,0.9343753051561982,0.929472548357875,0.0032675621847309683,0.9,2.25
HistoKit (no postprocessing),gaussian,0584763b-507d-517f-59c7-4dbcdbe7ec5e_135202_1.png,7369570,1058883,12995,61185,0.994992344727583,0.9900345927791772,0.9982397716782717,0.9917659780197302,0.9912756436741419,0.9949923447275831,0.9878764187715393,0.9453738523018246,0.0017602283217282883,0.9,2.25
HistoKit (no postprocessing),gaussian,34677a0d-5045-a6c6-f661-b69bd9d6f859_140044_1.png,7158239,157062,43955,42072,0.99402694184102,0.9881248148535683,0.993896998609035,0.9941569190553019,0.9883768156201157,0.99402694184102,0.781336901854072,0.7887251800295279,0.006103001390965031,0.9,2.25
HistoKit (no postprocessing),gaussian,302e8390-e88c-6502-e08e-b8e893212016_162708_2.png,48539714,2294167,70040,637429,0.9927651963432279,0.9856343255207105,0.9985591369172533,0.9870381042672609,0.9862737588363518,0.9927651963432278,0.9703748445038866,0.7825658787909384,0.001440863082746726,0.9,2.25
HistoKit (no postprocessing),gaussian,8a46ca7f-3853-419d-26c8-1bf78b04ebee_163832_4.png,24390246,720327,9095,79207,0.9981930800256704,0.9963926781931673,0.9996272440308941,0.9967630253115998,0.9964957959432713,0.9981930800256703,0.9875312233521885,0.9009335437892573,0.0003727559691058869,0.9,2.25
HistoKit (no postprocessing),gaussian,654bcee2-3394-aaf6-25f2-380d7ca46c60_144121_6.png,2217160,687884,191,721465,0.8600350350738638,0.7544398832727194,0.9999138611793983,0.7544889191373516,0.8010157994871371,0.8600350350738637,0.999722413981034,0.48808634341103585,8.613882060169996e-05,0.9,2.25
HistoKit (no postprocessing),gaussian,cfd234aa-a9c1-9363-1732-dc841509f243_163200_4.png,14914425,5522401,883210,2547823,0.8968416996536037,0.8129764326407114,0.9440922644433802,0.8540953604598904,0.8562488156143373,0.8968416996536037,0.8621193200773509,0.6842933975562512,0.05590773555661971,0.9,2.25
HistoKit (no postprocessing),gaussian,745e05db-827a-cff7-7148-db0494ae96fc_133425_1.png,35131383,2183498,271968,131263,0.9942938468695206,0.9886524446276523,0.9923180153200752,0.9962775623814504,0.9893093535540697,0.9942938468695206,0.889239761413923,0.9432930656771908,0.00768198467992479,0.9,2.25
HistoKit (no postprocessing),gaussian,73f410c7-98a8-a0f8-02ae-aabdcdcb9cee_162913_2.png,17022069,1358971,28696,33175,0.998185920844623,0.9963784115373854,0.9983170256583795,0.9980548504612423,0.9966452692853097,0.998185920844623,0.9793206871677427,0.9761698844805071,0.0016829743416204492,0.9,2.25
HistoKit (no postprocessing),gaussian,75867af4-ee91-110d-5a8d-03a78d8d262a_171204_3.png,17948893,330494,14364,3738474,0.9053523596501281,0.8270719510807686,0.9992003677284136,0.8276197382559165,0.8296659552087907,0.9053523596501282,0.9583480736998997,0.08122305213508683,0.0007996322715863833,0.9,2.25
HistoKit (no postprocessing),gaussian,cfd234aa-a9c1-9363-1732-dc841509f243_163200_3.png,10633721,879591,12026,5744486,0.7869848357497944,0.648784004473884,0.998870347003362,0.6492603860727856,0.6666722254957549,0.7869848357497944,0.9865121459101834,0.13278695280867056,0.001129652996638,0.9,2.25
HistoKit (no postprocessing),gaussian,91e6ffad-da04-5736-d731-feb79e91105c_134712_4.png,7974981,309750,30766,1739991,0.9000742012781762,0.818304473196386,0.996157010707433,0.8208959325873507,0.8239014357135128,0.9000742012781761,0.9096488858085964,0.1511166532747308,0.003842989292566952,0.9,2.25
HistoKit (no postprocessing),gaussian,7530b966-b7ee-7dd8-6676-04339b0c22b7_154932_1.png,17054205,452036,223321,613263,0.9760599758580585,0.9532394015713896,0.98707448045513,0.965288574457868,0.9543917580852459,0.9760599758580586,0.6693289623117847,0.4243278178239161,0.012925519544870024,0.9,2.25
HistoKit (no postprocessing),gaussian,91e6ffad-da04-5736-d731-feb79e91105c_134712_1.png,83426193,2992796,164355,2348436,0.9851634731264739,0.9707607550957317,0.9980338087985737,0.972620855054937,0.9717447351216854,0.9851634731264739,0.9479419894708869,0.5603194169435066,0.0019661912014262667,0.9,2.25
HistoKit (no postprocessing),gaussian,e7510405-61bb-4166-6cb6-90d49adffbe4_135053_1.png,7507122,424803,1143790,23333,0.9278724102852374,0.8654496154996775,0.8677838822080262,0.9969015152470867,0.8717313063960098,0.9278724102852373,0.27081786033725763,0.9479332167020725,0.13221611779197384,0.9,2.25
HistoKit (no postprocessing),gaussian,778d67ae-3cb9-eeb7-6fac-a66f6e936029_142330_1.png,16519522,348578,62743,1962005,0.9422553042751337,0.890815437868409,0.9962162587559661,0.8938396702826558,0.892829921671947,0.9422553042751338,0.84745976986344,0.15086149253240416,0.003783741244033912,0.9,2.25
HistoKit (no postprocessing),gaussian,e0661871-0847-f23e-2d1f-8518496574c0_141209_3.png,42644360,1701018,79035,98925,0.997917785036227,0.9958442232928996,0.9981500767904797,0.9976856013757482,0.996002995103377,0.9979177850362269,0.9555996366400327,0.9450399262643318,0.0018499232095202172,0.9,2.25
HistoKit (no postprocessing),gaussian,22c86e01-80fd-7f77-3526-d5f72a54b219_141444_3.png,15906853,756226,20188,578868,0.9815178971788951,0.9637065732035721,0.998732470143073,0.9648867040756058,0.9652965290793983,0.9815178971788951,0.9739984080658,0.5664215403559599,0.0012675298569269709,0.9,2.25
HistoKit (no postprocessing),gaussian,6875bf3f-1b6d-1a53-f365-0d72c060072a_140344_3.png,7547076,629933,10739,1168508,0.9275352985568657,0.8648632419405058,0.9985790866804758,0.8659288924299278,0.8739616573124976,0.9275352985568657,0.9832379126916737,0.3502661471796962,0.0014209133195242276,0.9,2.25
HistoKit (no postprocessing),gaussian,dad7b6f2-9f0b-8c2a-a00e-ff89c406e2d2_171435_1.png,23678487,1070305,27926,116118,0.9969675597268253,0.9939534552394957,0.9988220065178144,0.9951199862321732,0.9942134355442667,0.9969675597268253,0.9745718341587517,0.9021276559877885,0.001177993482185601,0.9,2.25
HistoKit (no postprocessing),gaussian,bc7dd6a2-14aa-d481-064a-28427e54cce1_153909_3.png,23773326,1281894,269175,2189585,0.9508301221475788,0.9062689867668168,0.9888042013599168,0.9156648882708106,0.9106359748753179,0.9508301221475787,0.8264583974020498,0.3692645123303353,0.011195798640083243,0.9,2.25
HistoKit (no postprocessing),gaussian,c4a5bf6f-509c-e7c4-3751-4f823d57d1f3_145315_3.png,21427127,1129865,80477,2959156,0.9337682380226369,0.8757647927228616,0.9962582070973596,0.8786548979194574,0.8812486802459308,0.9337682380226369,0.933508876003642,0.2763167516136503,0.003741792902640387,0.9,2.25
HistoKit (no postprocessing),gaussian,7a951edf-c71d-16ea-3e52-69a0dd7b54e1_133148_1.png,12635647,2860522,216,316035,0.9876404320930359,0.9755826520560925,0.99998290579757,0.975598922209486,0.9799998355722906,0.987640432093036,0.9999244950079316,0.9005102064908642,1.7094202430020015e-05,0.9,2.25
HistoKit (no postprocessing),gaussian,778d67ae-3cb9-eeb7-6fac-a66f6e936029_142330_3.png,17841050,628879,7697,2598014,0.9319441114040183,0.8725611846296829,0.9995687652472187,0.8728897761658753,0.8763638494489373,0.9319441114040184,0.9879087493088021,0.19488684626357303,0.00043123475278124566,0.9,2.25
HistoKit (no postprocessing),gaussian,0584763b-507d-517f-59c7-4dbcdbe7ec5e_135202_2.png,16996620,1478629,71949,155563,0.9933516364573169,0.9867910905466818,0.9957847081380987,0.9909304255907251,0.987835378958219,0.9933516364573168,0.9535985935567253,0.9048073910531933,0.004215291861901252,0.9,2.25
HistoKit (no postprocessing),gaussian,1d49a2ac-7490-df96-fb85-41e83b5a5b35_151838_1.png,0,6017191,218509,0,0.0,0.0,0.0,,0.9649583847843867,,0.9649583847843867,1.0,1.0,0.9,2.25
HistoKit (no postprocessing),gaussian,dad7b6f2-9f0b-8c2a-a00e-ff89c406e2d2_171435_3.png,5838299,594280,22571,251896,0.9770340969612331,0.9550993772704534,0.9961488652708557,0.9586390911949453,0.9590778116029024,0.9770340969612331,0.9634093160260744,0.7023125212721704,0.003851134729144308,0.9,2.25
HistoKit (no postprocessing),gaussian,00a8cbc5-e358-18d7-ac64-8f4f6e3173fd_135812_2.png,8573669,5784314,123555,109022,0.9866180588340047,0.9735895408781449,0.9857937429230292,0.9874437544765787,0.9840597619282605,0.9866180588340047,0.9790863676902788,0.9815008002258823,0.014206257076970766,0.9,2.25
HistoKit (no postprocessing),gaussian,7a951edf-c71d-16ea-3e52-69a0dd7b54e1_133148_5.png,5826227,2905510,292,359816,0.9700223815702262,0.9417897672854768,0.9999498843134297,0.941834222620179,0.9603921976232547,0.9700223815702262,0.9998995113913474,0.8898070207997609,5.011568657031754e-05,0.9,2.25
HistoKit (no postprocessing),gaussian,6c5eefac-6637-5ca1-aed4-decff7ee7c9b_152621_1.png,35015764,359530,375544,223968,0.9915120604198947,0.9831669983408243,0.9893888069918184,0.9936444465582202,0.9833352263247785,0.9915120604198947,0.4891072191371209,0.6161632087856342,0.010611193008181558,0.9,2.25
HistoKit (no postprocessing),gaussian,6875bf3f-1b6d-1a53-f365-0d72c060072a_140344_5.png,10421041,466549,23976,1538944,0.9302423628437971,0.8695823526127964,0.9977045513664554,0.8713255911274136,0.8744693992454927,0.930242362843797,0.9511217573008511,0.23263556641683616,0.0022954486335445886,0.9,2.25
HistoKit (no postprocessing),gaussian,7a951edf-c71d-16ea-3e52-69a0dd7b54e1_133148_3.png,8626640,1490383,629,379596,0.9784373554775412,0.9577849784580984,0.999927091643949,0.9578518706371896,0.9637786017821052,0.9784373554775412,0.9995781388748045,0.797005207010346,7.290835605102844e-05,0.9,2.25
HistoKit (no postprocessing),gaussian,2f6f5632-66e3-03e5-2957-29197ae74c65_142917_3.png,5405826,642604,5052,68354,0.9932562600952609,0.9866028669711375,0.9990663252802965,0.9875133809995287,0.9880091528097127,0.9932562600952609,0.9921995627308324,0.903856486599771,0.0009336747197035305,0.9,2.25
HistoKit (no postprocessing),gaussian,e92b8137-1dab-8f48-a38e-05fbbeabd072_134925_1.png,5966375,32651,22333,386218,0.9668956295612594,0.9359128247135732,0.9962708150071768,0.9392030939177121,0.9362393928313307,0.9668956295612594,0.5938272952131529,0.07795038544270404,0.00372918499282316,0.9,2.25
HistoKit (no postprocessing),gaussian,3c8a2c44-1287-eab9-5fb8-1902a0075b0d_153549_25.png,37462428,2820761,71011,79534,0.997994749305435,0.9959975245774909,0.9981080603884979,0.9978814639469296,0.9962767475296741,0.997994749305435,0.97544377634198,0.9725772723119545,0.0018919396115021595,0.9,2.25
HistoKit (no postprocessing),gaussian,6875bf3f-1b6d-1a53-f365-0d72c060072a_140344_2.png,15807507,769975,12392,387276,0.9875161027680988,0.9753400577213487,0.9992166827360908,0.9760863730004904,0.976458475067959,0.9875161027680988,0.9841608861314447,0.6653483125095593,0.000783317263909207,0.9,2.25
HistoKit (no postprocessing),gaussian,59481929-3828-f3c5-2452-07bdbf0def53_144939_3.png,23718963,1218438,12809,179383,0.9959649060705665,0.9919622452365852,0.9994602594361686,0.9924939156877216,0.9923519652705876,0.9959649060705664,0.9895967259209566,0.8716695485330382,0.0005397405638314745,0.9,2.25
HistoKit (no postprocessing),gaussian,654bcee2-3394-aaf6-25f2-380d7ca46c60_144121_2.png,5385223,1832991,1045,44149,0.9958214215709842,0.9916776188642603,0.9998059881164473,0.9918684886576201,0.9937778519394752,0.9958214215709842,0.9994302183817547,0.9764807100163014,0.00019401188355276788,0.9,2.25
HistoKit (no postprocessing),gaussian,e75d7a32-60ad-6f71-61b5-c428fc2cae22_164833_1.png,39644483,11452227,63328,409946,0.9940664404610502,0.988202879836976,0.9984051500597704,0.9897652766439387,0.9908226847617405,0.9940664404610502,0.9945006558520193,0.9654409019325548,0.0015948499402296439,0.9,2.25
HistoKit (no postprocessing),gaussian,098b4b43-88d6-52e4-6dfc-ff0d08e21e37_154649_3.png,45132563,6967324,83967,171159,0.9971815588847455,0.9943789603387826,0.9981430021277616,0.9962219660450856,0.9951269995864579,0.9971815588847454,0.988091967839648,0.9760230569996454,0.0018569978722383163,0.9,2.25
HistoKit (no postprocessing),gaussian,d89a4519-168e-fe8e-eec5-c3f8080d7609_170312_1.png,15748878,507652,12129,329031,0.9892848110783671,0.978796818254873,0.9992304425726097,0.9795352119482701,0.9794453324528896,0.9892848110783671,0.976665172447627,0.6067435336919718,0.0007695574273902676,0.9,2.25
HistoKit (no postprocessing),gaussian,7530b966-b7ee-7dd8-6676-04339b0c22b7_154932_2.png,10272495,1301726,16216,2185071,0.9032242946834772,0.8235268982574812,0.9984239036357421,0.8245988823177818,0.8402028440620847,0.9032242946834771,0.9876959684113565,0.3733300217936404,0.0015760963642578744,0.9,2.25
HistoKit (no postprocessing),gaussian,654bcee2-3394-aaf6-25f2-380d7ca46c60_144121_1.png,8561581,963538,10777,513204,0.9703078849647221,0.9423281685821967,0.9987428196535889,0.9434472552242285,0.9478579176244639,0.970307884964722,0.9889388955317325,0.6524755170503717,0.0012571803464111041,0.9,2.25
HistoKit (no postprocessing),gaussian,00a8cbc5-e358-18d7-ac64-8f4f6e3173fd_135812_1.png,0,9332917,24827,0,0.0,0.0,0.0,,0.9973469032707029,,0.9973469032707029,1.0,1.0,0.9,2.25
HistoKit (no postprocessing),gaussian,34677a0d-5045-a6c6-f661-b69bd9d6f859_140044_3.png,4380127,132713,10326,9054,0.9977926186900274,0.9955949609808553,0.9976480786834525,0.9979372005848016,0.9957239498523902,0.9977926186900274,0.9278098979998461,0.9361346434642759,0.002351921316547518,0.9,2.25
HistoKit (no postprocessing),gaussian,98188e68-f597-a02c-6cf5-9f993d1f10ac_162142_1.png,29113008,1203667,73198,185637,0.9955743240245238,0.9911876486606578,0.9974920344220143,0.9936639731973953,0.9915345647546027,0.9955743240245238,0.9426736577476867,0.866381295958264,0.00250796557798571,0.9,2.25
HistoKit (no postprocessing),gaussian,c4a5bf6f-509c-e7c4-3751-4f823d57d1f3_145315_1.png,22698357,1086803,43264,1329366,0.9706510743447674,0.9429757491871854,0.9980975850402221,0.9446736588398327,0.9454391661588717,0.9706510743447673,0.9617155442995857,0.44980421485417615,0.0019024149597779332,0.9,2.25
HistoKit (no postprocessing),gaussian,6c5eefac-6637-5ca1-aed4-decff7ee7c9b_152621_2.png,36476179,953022,104063,4244164,0.9437491061678253,0.8934895219296026,0.9971552129152126,0.8957728818738093,0.895919227004592,0.9437491061678253,0.9015566392484994,0.1833726943773034,0.0028447870847874653,0.9,2.25
HistoKit (no postprocessing),gaussian,997c9bdf-d489-63a3-9c13-1b5273502c59_152111_5.png,1627235,4486770,132119,130604,0.9253032176511212,0.8609900325827347,0.9249048230202677,0.925701955639851,0.9587997167199228,0.9253032176511212,0.9713959352562922,0.9717146585916584,0.07509517697973234,0.9,2.25
HistoKit (no postprocessing),gaussian,997c9bdf-d489-63a3-9c13-1b5273502c59_152111_1.png,11825935,1155836,63,49606,0.9979043976848929,0.995817560100522,0.9999946727540457,0.9958228429340609,0.9961885255965572,0.9979043976848929,0.9999454969681607,0.9588482896729996,5.327245954210376e-06,0.9,2.25
HistoKit (no postprocessing),gaussian,8a46ca7f-3853-419d-26c8-1bf78b04ebee_163832_1.png,8621452,1159681,93058,171073,0.9849128650282586,0.9702742071060503,0.9893214879551461,0.9805433592739287,0.9737059175348701,0.9849128650282587,0.9257163702894218,0.8714465633768526,0.010678512044853927,0.9,2.25
HistoKit (no postprocessing),gaussian,b3ac8263-eb4f-ecee-6126-3ea976dfb769_143901_1.png,31631579,1208238,37230,154633,0.9969763937198918,0.9939710167115172,0.9988243953222238,0.9951352177478713,0.9941915458129892,0.9969763937198918,0.9701076221950303,0.8865387846685416,0.0011756046777761677,0.9,2.25
HistoKit (no postprocessing),gaussian,7ba3b133-6b39-da9f-5b13-68d3bea507d2_165139_1.png,22906209,2862835,3378,678710,0.9853297075572757,0.9710836267662731,0.9998525508120247,0.971222712276434,0.97421327752627,0.9853297075572758,0.9988214413932252,0.8083576518158035,0.00014744918797532228,0.9,2.25
HistoKit (no postprocessing),gaussian,00a8cbc5-e358-18d7-ac64-8f4f6e3173fd_135812_4.png,10641555,1409757,18612,244488,0.9877890357515312,0.9758726892322591,0.9982540611230575,0.9775411506274594,0.9786347898706004,0.9877890357515313,0.9869697536140871,0.8522056890001178,0.001745938876942547,0.9,2.25
HistoKit (no postprocessing),gaussian,7a951edf-c71d-16ea-3e52-69a0dd7b54e1_133148_6.png,7817890,2661204,0,39128,0.997503781202416,0.9950199935904436,1.0,0.9950199935904436,0.9962799796391444,0.997503781202416,1.0,0.9855099298901024,0.0,0.9,2.25
HistoKit (no postprocessing),gaussian,302e8390-e88c-6502-e08e-b8e893212016_162708_1.png,14952508,4989935,337184,116407,0.9850588994415982,0.970557699259235,0.9779469723785149,0.9922750244460201,0.9777608235012748,0.9850588994415983,0.9367042485816442,0.9772034462243226,0.022053027621485116,0.9,2.25
HistoKit (no postprocessing),gaussian,c4a5bf6f-509c-e7c4-3751-4f823d57d1f3_145315_4.png,16392024,1071354,21744,8026133,0.802902336835699,0.6707074631767126,0.9986752584781264,0.6713047180423977,0.6845362174459861,0.802902336835699,0.9801079134716192,0.11776372969810234,0.0013247415218735881,0.9,2.25
HistoKit (no postprocessing),gaussian,ec461d09-d9f6-ab63-cb21-aeb55b7abbf3_142116_2.png,39543534,1590902,91914,235900,0.9958721338904716,0.991778206244745,0.9976810152366639,0.9940697999876016,0.992093675572358,0.9958721338904715,0.9453808378337263,0.8708672313693547,0.0023189847633360923,0.9,2.25
HistoKit (no postprocessing),gaussian,e04480a3-f748-c87a-3eb6-396b6ccbcb83_134430_1.png,63596303,631399,666341,71687,0.9942310299189169,0.9885282400776033,0.9896309744118216,0.9988740495812731,0.9886397335949276,0.9942310299189169,0.4865373649575416,0.898039500146497,0.010369025588178414,0.9,2.25
HistoKit (no postprocessing),gaussian,59481929-3828-f3c5-2452-07bdbf0def53_144939_1.png,25520344,888483,13684,108370,0.9976143968202487,0.9952401487567583,0.9994640876872227,0.9957715396878672,0.9953995496794849,0.9976143968202487,0.9848320765445865,0.8912878829676993,0.0005359123127772869,0.9,2.25
HistoKit (no postprocessing),gaussian,7530b966-b7ee-7dd8-6676-04339b0c22b7_154932_3.png,23436990,887065,35340,1585811,0.9665708501746288,0.935304418631853,0.9984943974458437,0.9366253602064772,0.9375163565862611,0.9665708501746288,0.9616871114098471,0.3587179462294106,0.0015056025541563193,0.9,2.25
HistoKit (no postprocessing),gaussian,7a951edf-c71d-16ea-3e52-69a0dd7b54e1_133148_2.png,7958959,483415,22,341351,0.979004435064235,0.9588723679968464,0.9999972358270487,0.9588749094913323,0.9611358341719086,0.9790044350642351,0.9999544925191907,0.586123821787028,2.7641729512861006e-06,0.9,2.25
HistoKit (no postprocessing),gaussian,dfdc8007-a219-a302-d10c-929e29813dc8_163630_1.png,3820547,375392,691,120562,0.9843793378471744,0.9692391800700187,0.9998191685521812,0.9694091180934098,0.971913919973909,0.9843793378471742,0.9981626396300817,0.7569089068744279,0.00018083144781874357,0.9,2.25
HistoKit (no postprocessing),gaussian,bb1fc306-b767-ee67-c337-445c06bd68ce_150126_2.png,27087604,9915758,293778,1092525,0.9750492206736422,0.9513132145862526,0.9892708848662204,0.9612306600867583,0.9638886403410918,0.9750492206736421,0.9712251369699857,0.9007542774836003,0.010729115133779587,0.9,2.25
HistoKit (no postprocessing),gaussian,d28668ca-fcc7-90f7-7049-f08e38cdd015_141933_2.png,11297129,784086,5207,195806,0.9911818113502577,0.9825177841776523,0.9995392987785888,0.9829629246141216,0.9836338325587182,0.9911818113502577,0.993402956823385,0.8001759377564058,0.00046070122141121975,0.9,2.25
HistoKit (no postprocessing),gaussian,e338d5a6-7427-4506-5755-323615d750be_135343_3.png,7676371,550097,7427,880595,0.9453214146822156,0.8963123247613696,0.9990334207119969,0.8970902770912027,0.9025703028913302,0.9453214146822158,0.9866786003831225,0.38449715242693744,0.0009665792880031464,0.9,2.25
HistoKit (no postprocessing),gaussian,0584763b-507d-517f-59c7-4dbcdbe7ec5e_135202_6.png,12902168,555755,74467,17725,0.9964399860861657,0.9929052296534804,0.9942614553002377,0.9986280846133943,0.993196220105881,0.9964399860861657,0.881840050014122,0.9690922089697984,0.005738544699762304,0.9,2.25
HistoKit (no postprocessing),gaussian,7ba3b133-6b39-da9f-5b13-68d3bea507d2_165139_3.png,15207250,562646,7801,2306017,0.9293022635627043,0.8679408127404106,0.9994872840058177,0.8683274228617653,0.8720496243194291,0.9293022635627043,0.9863247593553827,0.19613527277341394,0.0005127159941823396,0.9,2.25
HistoKit (no postprocessing),gaussian,31439255-cb2a-2a33-e39f-915211d58cf0_143129_8.png,7058056,4648329,430994,914731,0.9129647402181255,0.8398667218957753,0.9424501104946555,0.885268350954315,0.8968959808031038,0.9129647402181255,0.915147353298855,0.8355705313262844,0.05754988950534447,0.9,2.25
HistoKit (no postprocessing),gaussian,015b92ff-7984-c969-27c5-4144ab20b802_144644_7.png,22061226,4743542,149778,804834,0.9788226668888639,0.9585236913815608,0.9932565857896384,0.96480224402455,0.9656111916044234,0.978822666888864,0.969391333491372,0.854942419187164,0.006743414210361675,0.9,2.25
HistoKit (no postprocessing),gaussian,e04480a3-f748-c87a-3eb6-396b6ccbcb83_134430_2.png,14569847,673665,15198,36442,0.9982309818386511,0.9964682114753445,0.998957973732683,0.9975050473121544,0.996623766798787,0.9982309818386512,0.9779375579759692,0.9486809734307646,0.0010420262673169675,0.9,2.25
HistoKit (no postprocessing),gaussian,bc7dd6a2-14aa-d481-064a-28427e54cce1_153909_1.png,22502111,492082,13847,2481543,0.9474650445565744,0.9001744214351667,0.9993850139532149,0.9006733362541764,0.9021015761615245,0.9474650445565744,0.9726305469739825,0.16548219765437808,0.000614986046785129,0.9,2.25
HistoKit (no postprocessing),gaussian,110ff982-b33a-42d4-9522-02719d6987c7_164031_2.png,5731859,175569,5608,1180596,0.9062283546096174,0.8285352417287902,0.9990225651842529,0.829207423411798,0.8327790333640087,0.9062283546096174,0.969046843694288,0.12945991085155567,0.0009774348157470885,0.9,2.25
HistoKit (no postprocessing),gaussian,e75d7a32-60ad-6f71-61b5-c428fc2cae22_164833_5.png,45236598,4879092,815980,61030,0.9903994743044148,0.9809815358624725,0.9822815565287137,0.9986526888339495,0.9828012637102957,0.9903994743044149,0.8567217411825522,0.9876460540853039,0.017718443471286233,0.9,2.25
HistoKit (no postprocessing),gaussian,091684ab-dffb-81d6-97c1-29bfeceeac37_154424_1.png,0,6267842,20721,0,0.0,0.0,0.0,,0.996704970595031,,0.996704970595031,1.0,1.0,0.9,2.25
HistoKit (no postprocessing),gaussian,31439255-cb2a-2a33-e39f-915211d58cf0_143129_5.png,4079161,237469,4543,1387725,0.8542217810627406,0.7455385055713964,0.9988875295565006,0.7461580504879743,0.7561231607220869,0.8542217810627407,0.981228203560154,0.1461173250701147,0.001112470443499333,0.9,2.25
HistoKit (no postprocessing),gaussian,dfdc8007-a219-a302-d10c-929e29813dc8_163630_4.png,1844892,706400,736,120908,0.9680844030111548,0.9381430088236371,0.9996012197474248,0.9384942517041408,0.9544904928513066,0.968084403011155,0.9989591818264096,0.8538537038201008,0.0003987802525752752,0.9,2.25
HistoKit (no postprocessing),gaussian,bc7dd6a2-14aa-d481-064a-28427e54cce1_153909_2.png,11564269,455982,7566,2480691,0.9028661860314688,0.822931692138481,0.9993461711128788,0.8233750042719951,0.8284967000052659,0.9028661860314688,0.9836780657019338,0.15527162881260528,0.0006538288871211869,0.9,2.25
HistoKit (no postprocessing),gaussian,8a22c195-cd7e-901b-eb5d-b1439c8b19ac_152323_2.png,2678773,490604,11712,31735,0.9919557385095666,0.9840398645223384,0.995646881510211,0.9882918626323921,0.9864770058988603,0.9919557385095665,0.9766839997133279,0.9392444370418445,0.004353118489789015,0.9,2.25
HistoKit (no postprocessing),gaussian,e338d5a6-7427-4506-5755-323615d750be_135343_2.png,6369710,922208,130,55972,0.9956154973591542,0.9912692746068512,0.9999795913241148,0.9912893292883153,0.9923650180592867,0.9956154973591542,0.999859053839265,0.9427794475454415,2.0408675885108574e-05,0.9,2.25
HistoKit (no postprocessing),gaussian,7ba3b133-6b39-da9f-5b13-68d3bea507d2_165139_2.png,10115178,5183052,68431,265825,0.9837460585203358,0.9680120473510814,0.9932802801050198,0.9743931294500155,0.9786178602686738,0.9837460585203359,0.9869692046989393,0.9512147181887204,0.006719719894980257,0.9,2.25
HistoKit (no postprocessing),gaussian,098b4b43-88d6-52e4-6dfc-ff0d08e21e37_154649_1.png,38423725,1900716,120474,1100045,0.984365943989141,0.969213210371725,0.9968743934722836,0.9721675083120866,0.9706217312521181,0.9843659439891411,0.9403945200599647,0.6334113246606444,0.003125606527716402,0.9,2.25
HistoKit (no postprocessing),gaussian,73f410c7-98a8-a0f8-02ae-aabdcdcb9cee_162913_1.png,14962993,3072544,43236,58639,0.99660731745095,0.9932375776541819,0.9971187964677868,0.9960963628985187,0.994383156759079,0.99660731745095,0.9861235388891385,0.9812725733372978,0.0028812035322131895,0.9,2.25
HistoKit (no postprocessing),gaussian,00a8cbc5-e358-18d7-ac64-8f4f6e3173fd_135812_3.png,6481017,2157239,3053,103014,0.9918835185005075,0.9838977307713094,0.9995291537568225,0.9843539618814067,0.9878701873203906,0.9918835185005074,0.9985867651224927,0.954423686197961,0.00047084624317751043,0.9,2.25
HistoKit (no postprocessing),gaussian,d28668ca-fcc7-90f7-7049-f08e38cdd015_141933_3.png,1781126,1617275,23397,92647,0.9684516961114603,0.9388331040444452,0.9870342467233724,0.9505559104544681,0.9669808461933534,0.9684516961114604,0.9857393799613817,0.9458179963764429,0.012965753276627674,0.9,2.25
HistoKit (no postprocessing),gaussian,191c1954-41f1-2c63-fab4-33ae150d32f8_151532_2.png,29159938,442315,316,1382420,0.9768396062805427,0.954727736019446,0.9999891633317048,0.9547376139065622,0.9553740038442485,0.9768396062805426,0.9992860870567132,0.2423995813090668,1.0836668295138993e-05,0.9,2.25
HistoKit (no postprocessing),gaussian,31439255-cb2a-2a33-e39f-915211d58cf0_143129_4.png,9508515,371754,42141,1540756,0.9231600675089771,0.8572862499382405,0.995587632933277,0.8605558683464276,0.861914500758342,0.9231600675089771,0.8981843221106802,0.19438016010373801,0.004412367066722956,0.9,2.25
HistoKit (no postprocessing),gaussian,8a22c195-cd7e-901b-eb5d-b1439c8b19ac_152323_1.png,13786572,4721616,173133,241427,0.9851877810341284,0.9708079609428318,0.9875976605522825,0.9827896337888248,0.9780919769158264,0.9851877810341285,0.9646288297929067,0.9513550456846737,0.012402339447717556,0.9,2.25
HistoKit (no postprocessing),gaussian,6c5eefac-6637-5ca1-aed4-decff7ee7c9b_152621_3.png,19271233,752378,132657,1452487,0.9604974230959681,0.9239971544434588,0.9931633811570773,0.9299118594538046,0.9266434368847256,0.9604974230959682,0.8501110125588254,0.3412354044351922,0.006836618842922733,0.9,2.25
HistoKit (no postprocessing),gaussian,d89a4519-168e-fe8e-eec5-c3f8080d7609_170312_3.png,18958759,4591032,37566,2840220,0.9294579101555415,0.8682123934899042,0.9980224596073188,0.8697085767182032,0.8911067026689583,0.9294579101555414,0.9918839354811111,0.6178006074884824,0.001977540392681216,0.9,2.25
HistoKit (no postprocessing),gaussian,e338d5a6-7427-4506-5755-323615d750be_135343_5.png,4550882,150514,39856,231689,0.9710299745799482,0.9436912160619538,0.9913181715009657,0.9515555545333253,0.9453954913199252,0.9710299745799482,0.7906392813993801,0.39380643270722626,0.00868182849903436,0.9,2.25
HistoKit (no postprocessing),gaussian,745e05db-827a-cff7-7148-db0494ae96fc_133425_4.png,24787748,4736484,113549,934187,0.9793032574451193,0.959445853617451,0.9954400367177662,0.9636813093571692,0.9657288663915912,0.9793032574451191,0.9765879943497292,0.8352598837068841,0.004559963282233853,0.9,2.25
HistoKit (no postprocessing),gaussian,bb1fc306-b767-ee67-c337-445c06bd68ce_150126_3.png,30627506,1740234,138310,4569090,0.9286351141920037,0.8667776277655868,0.9955044260812065,0.8701837529970228,0.8730308233495544,0.9286351141920038,0.9263738299448935,0.2758194063262562,0.0044955739187935075,0.9,2.25
HistoKit (no postprocessing),gaussian,e0661871-0847-f23e-2d1f-8518496574c0_141209_2.png,42853344,3074436,121101,516897,0.9926110334109038,0.9853304595659522,0.9971820229441009,0.98808175864183,0.9862989940810181,0.9926110334109038,0.9621030831437721,0.8560709909106173,0.0028179770558991513,0.9,2.25
HistoKit (no postprocessing),gaussian,1d49a2ac-7490-df96-fb85-41e83b5a5b35_151838_3.png,0,6127740,61695,0,0.0,0.0,0.0,,0.9900322081094639,,0.9900322081094639,1.0,1.0,0.5,0.75
HistoKit (no postprocessing),gaussian,bb1fc306-b767-ee67-c337-445c06bd68ce_150126_1.png,27442898,4534086,761656,168960,0.9833271977424848,0.9672012426800571,0.9729952829603333,0.9938808898698523,0.9717203320813429,0.9833271977424848,0.8561757729134085,0.9640743467106212,0.027004717039666715,0.9,2.25
HistoKit (no postprocessing),gaussian,1cfd19dd-0b58-a07f-0753-c0e3d9e98b9b_133722_2.png,19777403,766817,791,4468539,0.898480006512791,0.8156728991076859,0.9999600064596393,0.8156995096334059,0.8213236425857185,0.898480006512791,0.9989695261122865,0.14646893162566213,3.999354036066185e-05,0.9,2.25
HistoKit (no postprocessing),gaussian,538ad0bc-9add-9e27-6ee9-4f1bdd825510_142716_4.png,0,6987044,2932,0,0.0,0.0,0.0,,0.9995805421935641,,0.9995805421935641,1.0,1.0,0.5,0.75
HistoKit (no postprocessing),gaussian,dfdc8007-a219-a302-d10c-929e29813dc8_163630_5.png,11870828,379572,7,172173,0.9927999840761641,0.9857029074463789,0.9999994103194931,0.9857034803866578,0.9861397551877308,0.9927999840761641,0.9999815585161456,0.68794823695729,5.896805068893637e-07,0.9,2.25
HistoKit (no postprocessing),gaussian,d28668ca-fcc7-90f7-7049-f08e38cdd015_141933_1.png,23124464,3882237,27855,90528,0.9974468435316424,0.9949066910779045,0.9987968807789838,0.9961004509499723,0.9956356632849506,0.9974468435316423,0.9928761266998322,0.9772128479786748,0.0012031192210162618,0.9,2.25
HistoKit (no postprocessing),gaussian,4adc5212-3bb5-0299-1727-5490f70e71c6_162331_3.png,4391784,236716,5582,1078974,0.8900950170468065,0.8019560509391309,0.9987306037295963,0.8027743139067749,0.8101618468294377,0.8900950170468064,0.9769622530932983,0.17991776178279079,0.0012693962704036917,0.5,0.75
HistoKit (no postprocessing),gaussian,110ff982-b33a-42d4-9522-02719d6987c7_164031_4.png,12140334,433239,16638,2713442,0.8989261608008783,0.8164086083951664,0.9986314026222978,0.8173230833695082,0.8216059917197548,0.8989261608008783,0.9630165578591482,0.13768125844342022,0.0013685973777022766,0.5,0.75
HistoKit (no postprocessing),gaussian,dfdc8007-a219-a302-d10c-929e29813dc8_163630_7.png,2241632,428928,33352,144648,0.9618129331443145,0.926435094262268,0.9853396771142127,0.9393834755351426,0.9375122869098773,0.9618129331443145,0.9278532491130916,0.7478137160550651,0.014660322885787329,0.5,0.75
HistoKit (no postprocessing),gaussian,4adc5212-3bb5-0299-1727-5490f70e71c6_162331_1.png,6026994,602480,27836,3021308,0.798111808861897,0.6640482989571115,0.9954026785227661,0.6660911627397051,0.6849608074210595,0.7981118088618968,0.9558380241021963,0.16625696646713328,0.004597321477233878,0.5,0.75
HistoKit (no postprocessing),gaussian,a796f488-e06e-b9c5-67ad-c084c09ace36_143658_2.png,37868851,3115149,2962,3469118,0.9561660199999036,0.9160135024535369,0.9999217887984396,0.9160791378018596,0.9218986469342326,0.9561660199999037,0.9990500658892515,0.47312009066461,7.821120156037948e-05,0.9,2.25
HistoKit (no postprocessing),gaussian,2f6f5632-66e3-03e5-2957-29197ae74c65_142917_2.png,23471965,1060054,15829,183486,0.9957721408443564,0.9915798807669041,0.9993260754926581,0.9922433945562906,0.9919407905776534,0.9957721408443564,0.9852874336707615,0.8524486546472169,0.0006739245073419836,0.5,0.75
HistoKit (no postprocessing),gaussian,745e05db-827a-cff7-7148-db0494ae96fc_133425_2.png,28707180,4377353,129376,208877,0.9941430702018625,0.9883543481689531,0.9955134725519927,0.9927764355977027,0.9898795689862598,0.9941430702018625,0.97129270475327,0.9544556204115363,0.004486527448007314,0.9,2.25
HistoKit (no postprocessing),gaussian,015b92ff-7984-c969-27c5-4144ab20b802_144644_8.png,18992667,4874935,76145,1579569,0.9582323353307914,0.9198138585296348,0.9960068304202695,0.9232184095107601,0.9351293538817605,0.9582323353307914,0.9846205272385015,0.7552764705080359,0.0039931695797305045,0.5,0.75
HistoKit (no postprocessing),gaussian,745e05db-827a-cff7-7148-db0494ae96fc_133425_3.png,49011185,5113397,373425,570633,0.9904608257660871,0.9811019235758697,0.9924384337549694,0.9884910835661572,0.9828567039244114,0.9904608257660872,0.9319414772339981,0.8996076727251615,0.0075615662450305874,0.9,2.25
HistoKit (no postprocessing),gaussian,34677a0d-5045-a6c6-f661-b69bd9d6f859_140044_2.png,23270262,1123504,61197,45044,0.9977224358430858,0.9954552227080329,0.997377060731607,0.9980680502327527,0.995663633892023,0.9977224358430858,0.948343928130389,0.9614530169064515,0.0026229392683929454,0.5,0.75
HistoKit (no postprocessing),gaussian,8a22c195-cd7e-901b-eb5d-b1439c8b19ac_152323_3.png,3875874,438753,106016,3166,0.9861108036835337,0.9726021416010214,0.9733754573833029,0.999183818676786,0.9753194588645215,0.9861108036835335,0.8053927444476466,0.9928357911744007,0.026624542616697097,0.5,0.75
HistoKit (no postprocessing),gaussian,654bcee2-3394-aaf6-25f2-380d7ca46c60_144121_7.png,5390326,321883,19,369610,0.9668502524734578,0.9358277972657773,0.9999964751792325,0.9358308842320471,0.9392241292846011,0.9668502524734579,0.9999409758249405,0.4654898892685826,3.5248207675018947e-06,0.5,0.75
HistoKit (no postprocessing),gaussian,59481929-3828-f3c5-2452-07bdbf0def53_144939_2.png,22541438,2394863,5584,269155,0.9939428252565748,0.9879585874531039,0.9997523397990209,0.9882004382788295,0.989102432902411,0.9939428252565748,0.9976737665943052,0.8989665234994658,0.00024766020097909163,0.5,0.75
HistoKit (no postprocessing),gaussian,91e6ffad-da04-5736-d731-feb79e91105c_134712_2.png,6828855,190482,996,876911,0.9396030454022006,0.8860861409759377,0.9998541695858373,0.8862006710299793,0.8888337501032005,0.9396030454022007,0.9947983580359101,0.17845535805462467,0.0001458304141627687,0.5,0.75
HistoKit (no postprocessing),gaussian,8b8e8141-b9e0-9b57-cdad-61702acf8a5e_150400_2.png,14360814,501804,8054,1912228,0.9373315175196324,0.8820545005078282,0.9994394826370456,0.8824910548378109,0.8855810378420893,0.9373315175196324,0.9842034448807315,0.20786965541467553,0.0005605173629544095,0.5,0.75
HistoKit (no postprocessing),gaussian,8b8e8141-b9e0-9b57-cdad-61702acf8a5e_150400_5.png,2530096,227522,15,1397953,0.7835346290584315,0.6441076316475496,0.9999940714063533,0.644110091294686,0.6635930528209499,0.7835346290584314,0.9999340766556648,0.13997262338700994,5.928593646681904e-06,0.5,0.75
HistoKit (no postprocessing),gaussian,3c8a2c44-1287-eab9-5fb8-1902a0075b0d_153549_11.png,12775960,2020314,54143,62369,0.9954608836254587,0.9909627882069474,0.9957800027014592,0.9951419690210462,0.9921871070905195,0.9954608836254587,0.9739001579690493,0.9700535319105212,0.004219997298540784,0.5,0.75
HistoKit (no postprocessing),gaussian,6875bf3f-1b6d-1a53-f365-0d72c060072a_140344_1.png,22668660,515090,6920,2482202,0.9479551081805333,0.9010595608150194,0.9996948258875848,0.9013074780498577,0.9030446613063002,0.9479551081805333,0.9867435489741576,0.17185179155050626,0.0003051741124152061,0.5,0.75
HistoKit (no postprocessing),gaussian,c282e7fa-bbd4-0343-5231-dcd676a3dd4f_140949_1.png,4407593,5066600,2238086,110048,0.7896563029636344,0.6524231959047486,0.6632268877265964,0.9756403839968691,0.8013814031704587,0.7896563029636344,0.6936095541957588,0.9787414558610128,0.3367731122734035,0.5,0.75
HistoKit (no postprocessing),gaussian,1cfd19dd-0b58-a07f-0753-c0e3d9e98b9b_133722_4.png,19578327,749362,3161,4798638,0.8907650594528429,0.8030445371775355,0.9998385720227186,0.8031486692457408,0.8089177543131798,0.8907650594528429,0.9957994639366504,0.1350688536409517,0.00016142797728139967,0.5,0.75
HistoKit (no postprocessing),gaussian,997c9bdf-d489-63a3-9c13-1b5273502c59_152111_4.png,4656346,2723342,95546,62257,0.9833374073900044,0.9672209979375379,0.9798930615426444,0.986806052554114,0.979064253609059,0.9833374073900044,0.9661050740575716,0.9776504084040811,0.020106938457355512,0.5,0.75
HistoKit (no postprocessing),gaussian,654bcee2-3394-aaf6-25f2-380d7ca46c60_144121_5.png,6509889,492981,3365,921089,0.933703483992521,0.8756508813219944,0.9994833611586467,0.8760474058730896,0.8833838505906911,0.933703483992521,0.9932204550857667,0.34862559844986457,0.0005166388413533389,0.5,0.75
HistoKit (no postprocessing),gaussian,b3ac8263-eb4f-ecee-6126-3ea976dfb769_143901_2.png,36901367,4784134,163155,289736,0.9939009199639758,0.9878757864766046,0.9955980816372055,0.992209534629828,0.9892522951516517,0.9939009199639758,0.9670213322892598,0.9428964478790351,0.0044019183627944805,0.5,0.75
HistoKit (no postprocessing),gaussian,7a951edf-c71d-16ea-3e52-69a0dd7b54e1_133148_4.png,10252439,1820919,651,341297,0.9835971192928842,0.9677236634833143,0.999936506945711,0.9677831314656132,0.9724575455490183,0.9835971192928843,0.9996426159851117,0.8421540678637102,6.349305428899971e-05,0.5,0.75
HistoKit (no postprocessing),gaussian,cfd234aa-a9c1-9363-1732-dc841509f243_163200_1.png,8174981,1827864,6995,2920000,0.8481609415842968,0.7363536905502228,0.9991450720461659,0.7368179359658209,0.7736248089690205,0.8481609415842968,0.9961877179663396,0.38498659607773095,0.000854927953834135,0.5,0.75
HistoKit (no postprocessing),gaussian,bffc0a6a-719c-940b-52f7-9a2879514091_151206_1.png,28946470,858591,49558,260881,0.9946663062294029,0.9893892071783796,0.9982908693563132,0.9910679677866028,0.9896917202105229,0.9946663062294028,0.9454296596703845,0.7669606743178927,0.0017091306436867837,0.5,0.75
HistoKit (no postprocessing),gaussian,997c9bdf-d489-63a3-9c13-1b5273502c59_152111_3.png,17013888,449810,205805,196001,0.9883296288639228,0.976928510572131,0.9880482770511646,0.9886111409550636,0.9775093946412036,0.9883296288639228,0.6860886343357001,0.6965040855606361,0.011951722948835383,0.5,0.75
HistoKit (no postprocessing),gaussian,1cfd19dd-0b58-a07f-0753-c0e3d9e98b9b_133722_1.png,18741882,1042535,3369,4703189,0.8884446058506024,0.799280549153803,0.99982027447912,0.7993954038356292,0.8078248007684463,0.8884446058506024,0.9967788630696508,0.18144536702424272,0.00017972552087992848,0.5,0.75
HistoKit (no postprocessing),gaussian,e0661871-0847-f23e-2d1f-8518496574c0_141209_1.png,30541847,2859911,326255,369914,0.9887314576919667,0.9777140456039206,0.9894306750703363,0.9880332278707771,0.9795832456324984,0.9887314576919667,0.8976026358953049,0.885469336573963,0.010569324929663637,0.5,0.75
HistoKit (no postprocessing),gaussian,8a46ca7f-3853-419d-26c8-1bf78b04ebee_163832_3.png,7170991,124377,15400,110970,0.9912657640621406,0.9826827808025395,0.9978570606581245,0.9847609730400918,0.9829729909624942,0.9912657640621406,0.8898245061776974,0.528483473339367,0.002142939341875498,0.5,0.75
HistoKit (no postprocessing),gaussian,a796f488-e06e-b9c5-67ad-c084c09ace36_143658_1.png,27724842,3668562,515583,1138118,0.9710402281756152,0.9437105849667221,0.981743086373523,0.960568216149695,0.9499592778247898,0.9710402281756151,0.8767769759413213,0.7632215999400834,0.01825691362647694,0.5,0.75
HistoKit (no postprocessing),gaussian,e338d5a6-7427-4506-5755-323615d750be_135343_4.png,13134592,1590336,148098,332395,0.9820374279659526,0.9647087770660264,0.9888503006544608,0.975317790089201,0.9683998884345261,0.9820374279659526,0.9148095354784823,0.8271235029757152,0.011149699345539194,0.5,0.75
HistoKit (no postprocessing),gaussian,191c1954-41f1-2c63-fab4-33ae150d32f8_151532_1.png,37081847,1495530,35724,4544707,0.941831457267447,0.8900580760370328,0.9990375447789943,0.8908219258312855,0.8938678488953842,0.9418314572674469,0.9766701017597342,0.24759458941760068,0.0009624552210057064,0.5,0.75
HistoKit (no postprocessing),gaussian,8b8e8141-b9e0-9b57-cdad-61702acf8a5e_150400_3.png,1938295,597617,3249,4932519,0.4399038259680326,0.2819722484358959,0.9983265895596495,0.28210558457847934,0.3394031864319671,0.43990382596803257,0.99459280438567,0.1080655159294455,0.0016734104403505663,0.5,0.75
HistoKit (no postprocessing),gaussian,110ff982-b33a-42d4-9522-02719d6987c7_164031_1.png,19310666,652316,6190,2185258,0.9463048584291489,0.8980822071727459,0.9996795544782235,0.8983408203341248,0.9010830790952419,0.9463048584291489,0.9905999337895175,0.2298851060800529,0.0003204455217764216,0.5,0.75
HistoKit (no postprocessing),gaussian,75867af4-ee91-110d-5a8d-03a78d8d262a_171204_2.png,18656298,408962,22115,2353343,0.9401467756519379,0.8870537486266007,0.9988160129021668,0.8879874720372424,0.8892080946169807,0.940146775651938,0.9486982604035938,0.14805099364480026,0.0011839870978332045,0.5,0.75
HistoKit (no postprocessing),gaussian,6c5eefac-6637-5ca1-aed4-decff7ee7c9b_152621_4.png,8624383,811740,3995,2062758,0.8930003899972866,0.8066853700111943,0.9995369929319277,0.8069869200752567,0.8203272816293943,0.8930003899972867,0.995102576204282,0.28239365621405893,0.00046300706807235383,0.5,0.75
HistoKit (no postprocessing),gaussian,538ad0bc-9add-9e27-6ee9-4f1bdd825510_142716_3.png,0,6843337,1736,0,0.0,0.0,0.0,,0.999746386926772,,0.999746386926772,1.0,1.0,0.5,0.75
HistoKit (no postprocessing),gaussian,bffc0a6a-719c-940b-52f7-9a2879514091_151206_2.png,59058121,8761398,293913,1334752,0.9863988787431268,0.9731627738532734,0.9950479708917811,0.9778988490910178,0.9765484868546023,0.9863988787431268,0.9675424731409004,0.8677959420175018,0.004952029108218937,0.5,0.75
HistoKit (no postprocessing),gaussian,22c86e01-80fd-7f77-3526-d5f72a54b219_141444_4.png,4442296,242940,13914,657047,0.929783132383861,0.8687801141229553,0.9968776157317542,0.871150656074714,0.8747318293184512,0.929783132383861,0.9458291480763391,0.2699372324266906,0.003122384268245886,0.5,0.75
HistoKit (no postprocessing),gaussian,654bcee2-3394-aaf6-25f2-380d7ca46c60_144121_3.png,6337734,1860171,2159,684611,0.9486036695349985,0.9022322430167311,0.9996594579750794,0.9025096317540651,0.9227017307892523,0.9486036695349986,0.9988406995537847,0.7309745982170575,0.00034054202492060984,0.5,0.75
HistoKit (no postprocessing),gaussian,778d67ae-3cb9-eeb7-6fac-a66f6e936029_142330_2.png,10896634,470792,49149,2027569,0.9129987759523612,0.839924331044128,0.995509777601109,0.8431184499345917,0.8455299199413514,0.9129987759523612,0.9054719670116417,0.18844034148787944,0.00449022239889097,0.5,0.75
HistoKit (no postprocessing),gaussian,22c86e01-80fd-7f77-3526-d5f72a54b219_141444_1.png,35145696,829894,30078,1514282,0.9785015127286479,0.9579079410508395,0.999144922866516,0.9586938650099571,0.958838964337639,0.978501512728648,0.9650244426562725,0.3540237593081748,0.0008550771334839711,0.5,0.75
HistoKit (no postprocessing),gaussian,d89a4519-168e-fe8e-eec5-c3f8080d7609_170312_2.png,22131119,522671,27009,2435681,0.9472938727695845,0.8998654498780567,0.9987810793402764,0.9008547714802091,0.9019492381097989,0.9472938727695844,0.950864139135497,0.17667640632352066,0.0012189206597236011,0.5,0.75
HistoKit (no postprocessing),gaussian,015b92ff-7984-c969-27c5-4144ab20b802_144644_9.png,1132180,9401334,3700,44374,0.979210649903954,0.9592680897501724,0.9967426136563722,0.9622847740095227,0.9954568255728724,0.9792106499039541,0.9996065936603737,0.9953022049802936,0.003257386343627848,0.5,0.75
HistoKit (no postprocessing),gaussian,cfd234aa-a9c1-9363-1732-dc841509f243_163200_2.png,13653586,1912381,1051215,1853383,0.9038587279063756,0.8245823334249698,0.9285121233534545,0.8804806406719456,0.8427444964461022,0.9038587279063756,0.645290721137429,0.5078334701802875,0.07148787664654557,0.5,0.75
HistoKit (no postprocessing),gaussian,31439255-cb2a-2a33-e39f-915211d58cf0_143129_7.png,8266877,1932305,1675634,1342344,0.8456413989307955,0.7325638654639337,0.8314677248031207,0.8603066783457265,0.771662142245384,0.8456413989307955,0.5355703075911206,0.5900800360588264,0.16853227519687933,0.5,0.75
HistoKit (no postprocessing),gaussian,4adc5212-3bb5-0299-1727-5490f70e71c6_162331_2.png,5203065,919795,10084,2734315,0.791308851529851,0.6546824244815704,0.9980656605057711,0.655514162103868,0.6905019916526629,0.7913088515298509,0.9891555783064249,0.2517151919345614,0.00193433949422892,0.5,0.75
HistoKit (no postprocessing),gaussian,110ff982-b33a-42d4-9522-02719d6987c7_164031_3.png,5187043,209411,2349,747449,0.9325956653269667,0.8737042140761392,0.9995473458162344,0.8740500450586166,0.8780072798837405,0.9325956653269667,0.9889072534945221,0.21885228769098927,0.00045265418376565117,0.5,0.75
HistoKit (no postprocessing),gaussian,dfdc8007-a219-a302-d10c-929e29813dc8_163630_6.png,2527535,238884,17,43280,0.9915076729470437,0.9831583705197383,0.9999932741245284,0.983164871840253,0.984590257520689,0.9915076729470437,0.9999288408169075,0.8466140258856552,6.725875471602562e-06,0.5,0.75
HistoKit (no postprocessing),gaussian,dad7b6f2-9f0b-8c2a-a00e-ff89c406e2d2_171435_2.png,6550946,1412021,13585,123536,0.9896426568959483,0.979497663525201,0.9979305452285929,0.9814912977516458,0.9830716653942525,0.9896426568959483,0.9904707191187467,0.9195497138823241,0.002069454771407127,0.5,0.75
HistoKit (no postprocessing),gaussian,e04480a3-f748-c87a-3eb6-396b6ccbcb83_134430_3.png,25392423,1488030,39477,235844,0.9946079103109866,0.9892736580199647,0.9984477368973612,0.9907975049580996,0.9898614195272063,0.9946079103109866,0.9741559285816693,0.8631895370543323,0.0015522631026388119,0.5,0.75
HistoKit (no postprocessing),gaussian,191c1954-41f1-2c63-fab4-33ae150d32f8_151532_3.png,48923333,585720,4718,4081901,0.9599088855029052,0.9229084568874916,0.999903572696979,0.922990605041004,0.9237509513827907,0.9599088855029052,0.9920093218932385,0.12548576673213185,9.642730302091944e-05,0.5,0.75
HistoKit (no postprocessing),gaussian,22c86e01-80fd-7f77-3526-d5f72a54b219_141444_2.png,30408842,568320,44242,500395,0.9911242438173093,0.982404659586084,0.9985472078952661,0.9838108265176523,0.9827218935061416,0.9911242438173092,0.9277754741560854,0.531778818487623,0.0014527921047339572,0.5,0.75
HistoKit (no postprocessing),gaussian,75867af4-ee91-110d-5a8d-03a78d8d262a_171204_5.png,7994411,144788,1034,2222611,0.8779053381400773,0.7823808168598801,0.9998706763663561,0.782459996660475,0.7854213573030724,0.8779053381400773,0.9929091632263993,0.06115910330282306,0.000129323633643906,0.5,0.75
HistoKit (no postprocessing),gaussian,00a8cbc5-e358-18d7-ac64-8f4f6e3173fd_135812_5.png,5813295,2988676,19641,82564,0.9912859760955836,0.9827225086636802,0.9966327420702027,0.9859962729773558,0.9885216779183161,0.9912859760955836,0.9934711002863063,0.9731170471861528,0.0033672579297972754,0.5,0.75
HistoKit (no postprocessing),gaussian,6875bf3f-1b6d-1a53-f365-0d72c060072a_140344_4.png,9856320,320900,18621,694769,0.965074466257026,0.9325061898576215,0.9981143178475699,0.9341519155036982,0.9344949456458362,0.9650744662570259,0.9451550861360564,0.3159493890233925,0.0018856821524300754,0.5,0.75
HistoKit (no postprocessing),gaussian,2f6f5632-66e3-03e5-2957-29197ae74c65_142917_4.png,4159264,458720,2889,43019,0.9945115247459602,0.9890829673554375,0.9993058880824419,0.9897629455227075,0.9901567188948629,0.9945115247459602,0.9937414565140628,0.9142602030139176,0.0006941119175580523,0.5,0.75
HistoKit (no postprocessing),gaussian,6520c4c0-cf13-4bc7-106a-ea8d45dc1109_165944_1.png,0,8699516,6195724,0,0.0,0.0,0.0,,0.5840467155950492,,0.5840467155950492,1.0,1.0,0.5,0.75
HistoKit (no postprocessing),gaussian,098b4b43-88d6-52e4-6dfc-ff0d08e21e37_154649_2.png,44775581,720580,30188,358351,0.9956800056517866,0.9913971754569778,0.9993262474749625,0.9920602751827605,0.9915322754643705,0.9956800056517866,0.9597905078532916,0.6678647661435254,0.0006737525250375682,0.5,0.75
HistoKit (no postprocessing),gaussian,8b8e8141-b9e0-9b57-cdad-61702acf8a5e_150400_1.png,4569963,224766,6989,688886,0.9292508052979112,0.8678510428919386,0.9984730012462443,0.8690044152247003,0.8732607560115426,0.9292508052979113,0.9698431533300252,0.2460083270216669,0.0015269987537557745,0.5,0.75
HistoKit (no postprocessing),gaussian,ec461d09-d9f6-ab63-cb21-aeb55b7abbf3_142116_1.png,35867650,1675018,117097,134079,0.9965107890543218,0.9930458426306548,0.9967459268228286,0.9962757622001988,0.9933540499346931,0.9965107890543219,0.9346598851078195,0.9258862294282728,0.003254073177171428,0.5,0.75
HistoKit (no postprocessing),gaussian,0584763b-507d-517f-59c7-4dbcdbe7ec5e_135202_1.png,7365445,1058790,13088,65310,0.9947061600800795,0.9894680744878687,0.9982262056698804,0.9912108527329996,0.9907795620486031,0.9947061600800794,0.9877896551659797,0.9419001868161195,0.0017737943301195508,0.5,0.75
HistoKit (no postprocessing),gaussian,8a46ca7f-3853-419d-26c8-1bf78b04ebee_163832_4.png,24155525,721958,7464,313928,0.9933914073243536,0.9868695881920097,0.9996910978190654,0.9871706163599162,0.9872457798215198,0.9933914073243537,0.9897672403629175,0.6969473474880441,0.00030890218093465176,0.5,0.75
HistoKit (no postprocessing),gaussian,654bcee2-3394-aaf6-25f2-380d7ca46c60_144121_6.png,2476028,686809,1266,462597,0.9143519317774139,0.8422176196328367,0.9994889585168333,0.8425804585477902,0.8720977748366283,0.9143519317774139,0.9981600842931366,0.5975338566181141,0.0005110414831667134,0.5,0.75
HistoKit (no postprocessing),gaussian,302e8390-e88c-6502-e08e-b8e893212016_162708_2.png,48311658,2275795,88412,865485,0.9902241827710329,0.9806376483528908,0.9981733084270332,0.9824006652846832,0.9814925879900313,0.9902241827710329,0.9626039513460539,0.724480148219834,0.0018266915729667334,0.5,0.75
HistoKit (no postprocessing),gaussian,cfd234aa-a9c1-9363-1732-dc841509f243_163200_4.png,14722975,5477994,927617,2739273,0.8892607822222437,0.8006026689157316,0.9407295902928144,0.8431317090445629,0.8463670327531263,0.8892607822222437,0.8551868041940105,0.6666442747935536,0.059270409707185515,0.5,0.75
HistoKit (no postprocessing),gaussian,34677a0d-5045-a6c6-f661-b69bd9d6f859_140044_1.png,7122000,159468,41549,78311,0.9916554463772272,0.9834490034328197,0.9941999419561449,0.989123942007505,0.9838056089393687,0.9916554463772274,0.793306038792739,0.6706563657850357,0.005800058043855078,0.5,0.75
HistoKit (no postprocessing),gaussian,745e05db-827a-cff7-7148-db0494ae96fc_133425_1.png,35010725,2348172,107294,251921,0.9948961124479287,0.9898440596732706,0.9969447593271136,0.9928558679345844,0.9904763260684947,0.9948961124479286,0.9563040172415338,0.903110773345415,0.0030552406728864747,0.5,0.75
HistoKit (no postprocessing),gaussian,cfd234aa-a9c1-9363-1732-dc841509f243_163200_3.png,10798351,862688,28929,5579856,0.7938362581048448,0.658149661220581,0.9973281378148529,0.6593121579181409,0.6752262790865732,0.7938362581048448,0.9675544544350321,0.1339048673939984,0.002671862185147147,0.5,0.75
HistoKit (no postprocessing),gaussian,73f410c7-98a8-a0f8-02ae-aabdcdcb9cee_162913_2.png,17022002,1357688,29979,33242,0.9981464044641568,0.9962996678474726,0.9982419051487331,0.9980509220507194,0.9965720704285782,0.9981464044641569,0.978396113765046,0.9761008821436018,0.001758094851266841,0.5,0.75
HistoKit (no postprocessing),gaussian,91e6ffad-da04-5736-d731-feb79e91105c_134712_4.png,7839670,303804,36712,1875302,0.8913094466747699,0.8039298648315512,0.9953389767027552,0.8069678430365008,0.8098536838788928,0.89130944667477,0.8921871512645514,0.13941680670880627,0.004661023297244851,0.5,0.75
HistoKit (no postprocessing),gaussian,7530b966-b7ee-7dd8-6676-04339b0c22b7_154932_1.png,16920275,454186,221171,747193,0.9721805742057911,0.9458670947521497,0.9870972962257677,0.9577079749061949,0.9472074775831967,0.9721805742057912,0.6725124637784164,0.3780538864088685,0.012902703774232348,0.5,0.75
HistoKit (no postprocessing),gaussian,75867af4-ee91-110d-5a8d-03a78d8d262a_171204_3.png,17398194,323717,21141,4289173,0.8897806826052476,0.8014458662935288,0.9987863486177859,0.8022271214389465,0.8043631998130012,0.8897806826052476,0.9386965069680854,0.0701766137930885,0.0012136513822140742,0.5,0.75
HistoKit (no postprocessing),gaussian,778d67ae-3cb9-eeb7-6fac-a66f6e936029_142330_1.png,16547253,347163,64158,1934274,0.9430531578746698,0.8922427508069937,0.9961377152127534,0.8953401415370061,0.8942228297184204,0.9430531578746698,0.8440196343002181,0.15216856744236198,0.00386228478724655,0.5,0.75
HistoKit (no postprocessing),gaussian,e7510405-61bb-4166-6cb6-90d49adffbe4_135053_1.png,7507801,427716,1140877,22654,0.9280844653418697,0.865818653927678,0.8680865445562894,0.9969916824414993,0.8721260729693919,0.9280844653418697,0.2726749386233395,0.9496991362657371,0.13191345544371058,0.5,0.75
HistoKit (no postprocessing),gaussian,e0661871-0847-f23e-2d1f-8518496574c0_141209_3.png,42625527,1700408,79645,117758,0.9976898002968035,0.9953902500366042,0.998135003413638,0.9972449941552223,0.9955663027781071,0.9976898002968035,0.9552569502144037,0.9352325365230677,0.0018649965863619517,0.5,0.75
HistoKit (no postprocessing),gaussian,22c86e01-80fd-7f77-3526-d5f72a54b219_141444_3.png,15821689,746717,29697,664032,0.9785469677296735,0.9579950686080122,0.9981265360644174,0.9597207789698734,0.9598120974027836,0.9785469677296736,0.9617510761011522,0.5293053548150664,0.0018734639355826677,0.5,0.75
HistoKit (no postprocessing),gaussian,6875bf3f-1b6d-1a53-f365-0d72c060072a_140344_3.png,7515678,636380,4292,1199906,0.9258295713222967,0.8619019353027497,0.9994292530422328,0.8623263799648997,0.8712948854755578,0.9258295713222967,0.9933007841766146,0.3465582158770475,0.0005707469577671188,0.5,0.75
HistoKit (no postprocessing),gaussian,91e6ffad-da04-5736-d731-feb79e91105c_134712_1.png,82760047,3008587,148564,3014582,0.9812480125470675,0.9631863541197776,0.9982080992769256,0.9648546191904834,0.9644317700601517,0.9812480125470675,0.9529436507788193,0.4995023383869853,0.0017919007230744704,0.5,0.75
HistoKit (no postprocessing),gaussian,dad7b6f2-9f0b-8c2a-a00e-ff89c406e2d2_171435_1.png,23708940,1069266,28965,85665,0.9975883874005391,0.9951883785679476,0.9987797996495479,0.9963998141595543,0.995395060651185,0.9975883874005392,0.9736257672566154,0.9258267377012133,0.0012202003504521565,0.5,0.75
HistoKit (no postprocessing),gaussian,778d67ae-3cb9-eeb7-6fac-a66f6e936029_142330_3.png,17918552,633612,2964,2520512,0.934216948753121,0.8765545179763965,0.9998346122057977,0.8766816327792701,0.8802657475644867,0.934216948753121,0.9953438395415473,0.20088366849242453,0.00016538779420223156,0.5,0.75
HistoKit (no postprocessing),gaussian,c4a5bf6f-509c-e7c4-3751-4f823d57d1f3_145315_3.png,21619998,1113373,96969,2766285,0.9378947471165265,0.8830525454706752,0.9955348737233887,0.8865638933165829,0.8881393933770565,0.9378947471165265,0.9198829752251843,0.286977099527845,0.004465126276611278,0.5,0.75
HistoKit (no postprocessing),gaussian,bc7dd6a2-14aa-d481-064a-28427e54cce1_153909_3.png,23758992,1329774,221295,2203919,0.9514405545275655,0.9073787457981349,0.9907717951832686,0.91511279301462,0.9118552096061712,0.9514405545275656,0.8573274303077426,0.37631282626985424,0.009228204816731343,0.5,0.75
HistoKit (no postprocessing),gaussian,00a8cbc5-e358-18d7-ac64-8f4f6e3173fd_135812_2.png,8527092,5772816,135053,155599,0.9832427357629672,0.9670378273626451,0.9844088271438541,0.9820794037240298,0.980079448629799,0.9832427357629672,0.9771401498577575,0.9737536930191291,0.015591172856145908,0.5,0.75
HistoKit (no postprocessing),gaussian,1d49a2ac-7490-df96-fb85-41e83b5a5b35_151838_1.png,0,6049724,185976,0,0.0,0.0,0.0,,0.9701756017768655,,0.9701756017768655,1.0,1.0,0.5,0.75
HistoKit (no postprocessing),gaussian,dad7b6f2-9f0b-8c2a-a00e-ff89c406e2d2_171435_3.png,5761141,595421,21430,329054,0.9704800044067238,0.9426528950974578,0.9962940359919489,0.9459698745278271,0.9477439099120537,0.9704800044067237,0.9652590333808326,0.6440639281754509,0.00370596400805109,0.5,0.75
HistoKit (no postprocessing),gaussian,7a951edf-c71d-16ea-3e52-69a0dd7b54e1_133148_5.png,5764868,2905531,271,421175,0.9647360403347551,0.9318744570676497,0.9999529933276544,0.931915280899276,0.9536457121739317,0.9647360403347551,0.9999067383118326,0.8733957855007326,4.7006672345627744e-05,0.5,0.75
HistoKit (no postprocessing),gaussian,0584763b-507d-517f-59c7-4dbcdbe7ec5e_135202_2.png,16984565,1479578,71000,167618,0.9930244458068388,0.9861455341907475,0.9958371358556577,0.9902275996005873,0.9872415628900995,0.9930244458068388,0.9542106233933411,0.8982404036920925,0.00416286414434233,0.5,0.75
HistoKit (no postprocessing),gaussian,7a951edf-c71d-16ea-3e52-69a0dd7b54e1_133148_1.png,12593731,2860469,269,357951,0.9859772778820312,0.9723423907332571,0.9999786406225186,0.9723625858015971,0.9773456561361259,0.9859772778820312,0.9999059683200628,0.8887805196338576,2.135937748134032e-05,0.5,0.75
HistoKit (no postprocessing),gaussian,6c5eefac-6637-5ca1-aed4-decff7ee7c9b_152621_1.png,35011251,361480,373594,228481,0.9914749931882778,0.9830941092106926,0.9894419772080392,0.993516380885076,0.9832639820211956,0.9914749931882778,0.4917600132775748,0.6127184678309244,0.010558022791960796,0.5,0.75
HistoKit (no postprocessing),gaussian,3c8a2c44-1287-eab9-5fb8-1902a0075b0d_153549_25.png,37437282,2818309,73463,104680,0.9976264280514225,0.9952640971090982,0.9980415478284955,0.9972116534559382,0.9955941986461107,0.9976264280514225,0.9745958533383683,0.964187343845632,0.001958452171504458,0.5,0.75
HistoKit (no postprocessing),gaussian,7a951edf-c71d-16ea-3e52-69a0dd7b54e1_133148_3.png,8632412,1490405,607,373824,0.9787728563366197,0.958428164008188,0.9999296885597032,0.9584927599054699,0.9643305559704791,0.9787728563366197,0.9995928939539052,0.799475279056382,7.03114402968417e-05,0.5,0.75
HistoKit (no postprocessing),gaussian,6875bf3f-1b6d-1a53-f365-0d72c060072a_140344_5.png,10236529,467411,23114,1723456,0.9213951736725745,0.8542472193545259,0.997747095098728,0.8558981470294487,0.8597189994626726,0.9213951736725745,0.95287905815198,0.2133452190388554,0.0022529049012719056,0.5,0.75
HistoKit (no postprocessing),gaussian,2f6f5632-66e3-03e5-2957-29197ae74c65_142917_3.png,5394331,642876,4780,79849,0.9922167998630773,0.9845538204330749,0.9991146690631105,0.9854135231212712,0.986175879262365,0.9922167998630773,0.9926195387674939,0.8895167594866651,0.0008853309368894249,0.5,0.75
HistoKit (no postprocessing),gaussian,e92b8137-1dab-8f48-a38e-05fbbeabd072_134925_1.png,6172687,31115,23869,179906,0.9837618471180795,0.9680426230094369,0.9961480215784381,0.9716799108647445,0.9681978070649795,0.9837618471180796,0.5658918958242398,0.1474497798797276,0.003851978421561913,0.5,0.75
HistoKit (no postprocessing),gaussian,6875bf3f-1b6d-1a53-f365-0d72c060072a_140344_2.png,15798915,757092,25275,395868,0.9868470796986524,0.9740356662103181,0.9984027618475259,0.9755558317761961,0.9751935395516915,0.9868470796986525,0.9676941895555411,0.6566507077435471,0.001597238152474155,0.5,0.75
HistoKit (no postprocessing),gaussian,e75d7a32-60ad-6f71-61b5-c428fc2cae22_164833_1.png,39620382,11452530,63025,434047,0.9937661714320916,0.9876095826021263,0.9984118047122315,0.9891635704006666,0.9903612147717556,0.9937661714320914,0.9945269680879472,0.9634842730585937,0.0015881952877685125,0.5,0.75
HistoKit (no postprocessing),gaussian,654bcee2-3394-aaf6-25f2-380d7ca46c60_144121_2.png,5357635,1832361,1675,71737,0.9931954616884621,0.9864829009949647,0.9996874597662759,0.9867872380083738,0.9898928987604717,0.9931954616884621,0.9990867136741045,0.9623249433590078,0.00031254023372411747,0.5,0.75
HistoKit (no postprocessing),gaussian,098b4b43-88d6-52e4-6dfc-ff0d08e21e37_154649_3.png,45011765,6956932,94359,291957,0.9957270583117684,0.9914904773177527,0.9979080667627305,0.9935555626091825,0.9926212223459863,0.9957270583117683,0.9866181951645451,0.9597238969999403,0.002091933237269511,0.5,0.75
HistoKit (no postprocessing),gaussian,c4a5bf6f-509c-e7c4-3751-4f823d57d1f3_145315_1.png,22695998,1091346,38721,1331725,0.9706934466767154,0.9430557335350416,0.9982968340184896,0.9445754805813268,0.9455259782357671,0.9706934466767154,0.9657356599210489,0.4503978628773156,0.0017031659815104818,0.5,0.75
HistoKit (no postprocessing),gaussian,d89a4519-168e-fe8e-eec5-c3f8080d7609_170312_1.png,15742359,492184,27597,335550,0.9885974460140421,0.9774519968512632,0.9982500268231567,0.9791297487751672,0.9781206300394814,0.9885974460140421,0.9469064856160575,0.5946161448001411,0.0017499731768433596,0.5,0.75
HistoKit (no postprocessing),gaussian,7530b966-b7ee-7dd8-6676-04339b0c22b7_154932_2.png,10387616,1298646,19296,2069950,0.9086248109403591,0.8325503640258264,0.9981458476827708,0.8338399330976853,0.848336192030087,0.908624810940359,0.9853589915185949,0.3855155085382753,0.0018541523172291646,0.5,0.75
HistoKit (no postprocessing),gaussian,59481929-3828-f3c5-2452-07bdbf0def53_144939_3.png,23512711,1216986,14261,385635,0.9915678794183309,0.9832767711191005,0.9993938446477515,0.9838635276265563,0.9840866503488537,0.9915678794183309,0.9884174337074527,0.7593723032457456,0.0006061553522484747,0.5,0.75
HistoKit (no postprocessing),gaussian,00a8cbc5-e358-18d7-ac64-8f4f6e3173fd_135812_1.png,0,9342348,15396,0,0.0,0.0,0.0,,0.9983547316532703,,0.9983547316532703,1.0,1.0,0.5,0.75
HistoKit (no postprocessing),gaussian,6c5eefac-6637-5ca1-aed4-decff7ee7c9b_152621_2.png,36551310,943414,113671,4169033,0.944657413335893,0.8951192013599251,0.9968997392907417,0.8976179301829554,0.8974876098164779,0.9446574133358929,0.8924674931533415,0.18453276875046332,0.003100260709258243,0.5,0.75
HistoKit (no postprocessing),gaussian,654bcee2-3394-aaf6-25f2-380d7ca46c60_144121_1.png,8609299,961651,12664,465486,0.972980911521145,0.947383473623896,0.9985311929545511,0.9487055616193661,0.9524186245534426,0.9729809115211449,0.9870021502286221,0.6738322950074169,0.0014688070454489308,0.5,0.75
HistoKit (no postprocessing),gaussian,34677a0d-5045-a6c6-f661-b69bd9d6f859_140044_3.png,4381445,132691,10348,7736,0.997940547369802,0.9958895599960814,0.9976437869453318,0.9982374843962917,0.9960099024319208,0.997940547369802,0.927656093792602,0.944910878962023,0.002356213054668105,0.5,0.75
HistoKit (no postprocessing),gaussian,997c9bdf-d489-63a3-9c13-1b5273502c59_152111_5.png,1625966,4460246,158643,131873,0.9179900453020059,0.8484118295919294,0.9111048974873488,0.924980046523032,0.9544412118566136,0.9179900453020059,0.9656534287790852,0.9712827563919837,0.08889510251265123,0.5,0.75
HistoKit (no postprocessing),gaussian,98188e68-f597-a02c-6cf5-9f993d1f10ac_162142_1.png,29063724,1199643,77222,234921,0.9946587066292096,0.9893741689394223,0.9973500517107441,0.9919818476246939,0.9897910778920777,0.9946587066292095,0.9395221891116132,0.8362422310890277,0.0026499482892559495,0.5,0.75
HistoKit (no postprocessing),gaussian,8a46ca7f-3853-419d-26c8-1bf78b04ebee_163832_1.png,8230272,1143235,109504,562253,0.9607900304810194,0.9245388888308497,0.9868696713197093,0.9360532952706987,0.933126993974474,0.9607900304810194,0.9125883364371988,0.6703272025367519,0.013130328680290694,0.5,0.75
HistoKit (no postprocessing),gaussian,997c9bdf-d489-63a3-9c13-1b5273502c59_152111_1.png,11820900,1155764,135,54641,0.9976884424146341,0.9953875467804949,0.9999885796802057,0.9953988622497283,0.9957966272338283,0.9976884424146341,0.9998832077889158,0.9548572585209083,1.1420319794332729e-05,0.5,0.75
HistoKit (no postprocessing),gaussian,b3ac8263-eb4f-ecee-6126-3ea976dfb769_143901_1.png,31628940,1204363,41105,157272,0.9968737992220373,0.9937670837915744,0.998702085835369,0.9950521943287863,0.9939943411900333,0.9968737992220373,0.966996341937328,0.8844976810966229,0.0012979141646309628,0.5,0.75
HistoKit (no postprocessing),gaussian,302e8390-e88c-6502-e08e-b8e893212016_162708_1.png,14933831,4960974,366145,135084,0.9834953143333419,0.9675265920573033,0.9760689167094119,0.9910355855083129,0.9754251733449748,0.983495314333342,0.9312677265140876,0.9734924524014444,0.023931083290588167,0.5,0.75
HistoKit (no postprocessing),gaussian,7ba3b133-6b39-da9f-5b13-68d3bea507d2_165139_1.png,22798004,2858632,7581,786915,0.9828737364008807,0.9663242132033485,0.9996675814279704,0.9666348228713442,0.9699636295338891,0.9828737364008806,0.9973550465370159,0.7841435043904248,0.00033241857202961466,0.5,0.75
HistoKit (no postprocessing),gaussian,7530b966-b7ee-7dd8-6676-04339b0c22b7_154932_3.png,23427056,883020,39385,1595745,0.9662784994659228,0.9347570878294496,0.998321645791963,0.936228362284462,0.9369775672623297,0.9662784994659227,0.9573018359614269,0.35623385032465765,0.0016783542080369153,0.5,0.75
HistoKit (no postprocessing),gaussian,00a8cbc5-e358-18d7-ac64-8f4f6e3173fd_135812_4.png,10653339,1408497,19872,232704,0.9882845668036566,0.9768404576782416,0.9981381423078771,0.9786236376248009,0.9794893982757764,0.9882845668036566,0.9860876286169751,0.8582111514677361,0.0018618576921228297,0.5,0.75
HistoKit (no postprocessing),gaussian,7a951edf-c71d-16ea-3e52-69a0dd7b54e1_133148_6.png,7815891,2661204,0,41127,0.9973759178975645,0.9947655713656249,1.0,0.9947655713656249,0.9960899285069282,0.9973759178975645,1.0,0.984780916919504,0.0,0.5,0.75
HistoKit (no postprocessing),gaussian,c4a5bf6f-509c-e7c4-3751-4f823d57d1f3_145315_4.png,16681664,1067227,25871,7736493,0.8112526836022601,0.6824433354437329,0.9984515369861563,0.6831663831140081,0.6957278659948325,0.8112526836022601,0.9763324056946404,0.12122455053091193,0.0015484630138437538,0.5,0.75
HistoKit (no postprocessing),gaussian,59481929-3828-f3c5-2452-07bdbf0def53_144939_1.png,25512849,886742,15425,115865,0.9974335861994065,0.9948803116376806,0.9993957680021768,0.9954790942690297,0.9950514270521209,0.9974335861994065,0.9829022786246893,0.8844362746320343,0.0006042319978232763,0.5,0.75
HistoKit (no postprocessing),gaussian,7a951edf-c71d-16ea-3e52-69a0dd7b54e1_133148_2.png,7956984,483415,22,343326,0.9788804006762248,0.9586344257073091,0.9999972351409563,0.9586369665711281,0.960910987076472,0.9788804006762248,0.9999544925191907,0.5847236317056974,2.7648590437156892e-06,0.5,0.75
HistoKit (no postprocessing),gaussian,ec461d09-d9f6-ab63-cb21-aeb55b7abbf3_142116_2.png,39530456,1594407,88409,248978,0.9957507024174409,0.9915373650889515,0.997768512550776,0.9937410371399452,0.9918627908519195,0.995750702417441,0.9474636561572982,0.8649343463248318,0.002231487449224,0.5,0.75
HistoKit (no postprocessing),gaussian,dfdc8007-a219-a302-d10c-929e29813dc8_163630_1.png,3834273,375533,550,106836,0.9861899512495736,0.9727561415130025,0.9998565774743711,0.9728918941343667,0.9751259615046076,0.9861899512495738,0.9985375568690954,0.778518105433807,0.0001434225256289534,0.5,0.75
HistoKit (no postprocessing),gaussian,bb1fc306-b767-ee67-c337-445c06bd68ce_150126_2.png,26957853,9896721,312815,1222276,0.9723161598560973,0.9461238192866276,0.9885292505486114,0.9566263163664013,0.9600129097245313,0.9723161598560972,0.969360507666558,0.8900731783631204,0.011470749451388576,0.5,0.75
HistoKit (no postprocessing),gaussian,d28668ca-fcc7-90f7-7049-f08e38cdd015_141933_2.png,11233889,784086,5207,259046,0.9883753017933153,0.9770177651310968,0.9995367065109151,0.9774604137237355,0.9784849296072341,0.9883753017933153,0.993402956823385,0.7516651775614208,0.00046329348908488727,0.5,0.75
HistoKit (no postprocessing),gaussian,e04480a3-f748-c87a-3eb6-396b6ccbcb83_134430_1.png,63540110,717734,580006,127880,0.9944604703664675,0.9889819754066727,0.9909543831767241,0.9979914553608493,0.9891037012898954,0.9944604703664676,0.5530645583861175,0.8487726078328883,0.009045616823275865,0.5,0.75
HistoKit (no postprocessing),gaussian,7ba3b133-6b39-da9f-5b13-68d3bea507d2_165139_3.png,14868788,562250,8197,2644479,0.9181026439683149,0.8486042033930498,0.9994490147029119,0.8490013884902229,0.8533113275292896,0.9181026439683149,0.9856305669063034,0.1753344295698202,0.000550985297088086,0.5,0.75
HistoKit (no postprocessing),gaussian,e04480a3-f748-c87a-3eb6-396b6ccbcb83_134430_2.png,14567185,671229,17634,39104,0.9980563259195232,0.9961201929195059,0.9987909346012454,0.9973227970499556,0.996290458571448,0.9980563259195232,0.9744012960487064,0.944949762998481,0.0012090653987546914,0.5,0.75
HistoKit (no postprocessing),gaussian,e338d5a6-7427-4506-5755-323615d750be_135343_3.png,7547133,549818,7706,1009833,0.936845126911603,0.8811934654356874,0.9989799914994879,0.881987026710168,0.888360292237964,0.9368451269116029,0.9861781734956702,0.3525263023586687,0.0010200085005120558,0.5,0.75
HistoKit (no postprocessing),gaussian,0584763b-507d-517f-59c7-4dbcdbe7ec5e_135202_6.png,12902553,557945,72277,17340,0.9965391790443172,0.9931022300354753,0.9944294453183588,0.9986578836217916,0.9933862553934044,0.9965391790443173,0.8853150159784965,0.9698584180015123,0.005570554681641301,0.5,0.75
HistoKit (no postprocessing),gaussian,e75d7a32-60ad-6f71-61b5-c428fc2cae22_164833_5.png,45218457,4931848,763224,79171,0.9907712382003242,0.9817112588364627,0.9834015637662311,0.9982522042876064,0.9834800863653033,0.9907712382003242,0.8659851885981424,0.9842006186765606,0.016598436233768835,0.5,0.75
HistoKit (no postprocessing),gaussian,015b92ff-7984-c969-27c5-4144ab20b802_144644_7.png,22010044,4803309,90011,856016,0.9789613356635324,0.958789681387551,0.9959271142085393,0.9625639047566568,0.9659204564367072,0.9789613356635325,0.9816053313496768,0.8487423853551439,0.0040728857914607,0.5,0.75
HistoKit (no postprocessing),gaussian,31439255-cb2a-2a33-e39f-915211d58cf0_143129_8.png,7030994,4760352,318971,941793,0.9177194801560451,0.847949735146636,0.9566023783786726,0.8818740548317671,0.9034053497863563,0.9177194801560451,0.93720206413335,0.8348353119747043,0.043397621621327445,0.5,0.75
HistoKit (no postprocessing),gaussian,bc7dd6a2-14aa-d481-064a-28427e54cce1_153909_1.png,22795415,492554,13375,2188239,0.9539338477856458,0.9119249731638108,0.9994136032643556,0.9124131722285299,0.9136269118251169,0.9539338477856458,0.9735634842043054,0.1837344397721122,0.0005863967356444598,0.5,0.75
HistoKit (no postprocessing),gaussian,110ff982-b33a-42d4-9522-02719d6987c7_164031_2.png,5864769,175676,5501,1047686,0.9176085693778127,0.8477603789327368,0.9990629051133935,0.8484350350201195,0.8515306404391996,0.9176085693778127,0.9696374263841436,0.143600994636093,0.0009370948866065786,0.5,0.75
HistoKit (no postprocessing),gaussian,091684ab-dffb-81d6-97c1-29bfeceeac37_154424_1.png,0,6267842,20721,0,0.0,0.0,0.0,,0.996704970595031,,0.996704970595031,1.0,1.0,0.5,0.75
HistoKit (no postprocessing),gaussian,dfdc8007-a219-a302-d10c-929e29813dc8_163630_4.png,1811062,705291,1845,154738,0.9585617514139095,0.9204211125482493,0.99898229749237,0.9212849730389663,0.9414190986989588,0.9585617514139094,0.9973908837903883,0.8200781601550645,0.0010177025076300108,0.5,0.75
HistoKit (no postprocessing),gaussian,8a22c195-cd7e-901b-eb5d-b1439c8b19ac_152323_2.png,2674175,490774,11542,36333,0.991128057114001,0.982412152605573,0.9957024511517781,0.9865955016550403,0.985098779142586,0.9911280571140011,0.9770224320945381,0.9310709210843339,0.0042975488482219085,0.5,0.75
HistoKit (no postprocessing),gaussian,31439255-cb2a-2a33-e39f-915211d58cf0_143129_5.png,3879248,238465,3547,1587638,0.8298139797496834,0.7091299719784522,0.9990864828042686,0.709590066447334,0.7212798336911957,0.8298139797496834,0.9853437019651918,0.13058682889190806,0.0009135171957314254,0.5,0.75
HistoKit (no postprocessing),gaussian,bc7dd6a2-14aa-d481-064a-28427e54cce1_153909_2.png,11726718,454373,9175,2318242,0.9097230413594151,0.834396282659872,0.9992182103228106,0.8349413597475536,0.8395826090456717,0.9097230413594151,0.9802070120030719,0.16387886525897033,0.0007817896771894563,0.5,0.75
HistoKit (no postprocessing),gaussian,e338d5a6-7427-4506-5755-323615d750be_135343_2.png,6371412,922177,161,54270,0.9957466659842287,0.9915293604278848,0.9999747315144941,0.9915542038961779,0.9925924262590466,0.9957466659842287,0.9998254436009358,0.9444209465541908,2.526848550585546e-05,0.5,0.75
HistoKit (no postprocessing),gaussian,7ba3b133-6b39-da9f-5b13-68d3bea507d2_165139_2.png,10229399,5176740,74743,151604,0.9890575096282864,0.9783519033457775,0.9927463150255499,0.9853960161652974,0.9855207290766165,0.9890575096282864,0.9857672585058354,0.9715476328104942,0.00725368497445008,0.5,0.75
HistoKit (no postprocessing),gaussian,73f410c7-98a8-a0f8-02ae-aabdcdcb9cee_162913_1.png,14949933,3077038,38742,71699,0.9963198976938157,0.9926667823787112,0.9974152485126271,0.9952269500411141,0.9939108732822521,0.9963198976938158,0.9875658743556991,0.9772292827251053,0.002584751487372967,0.5,0.75
HistoKit (no postprocessing),gaussian,00a8cbc5-e358-18d7-ac64-8f4f6e3173fd_135812_3.png,6469070,2157549,2743,114961,0.9909845736514621,0.9821302507115016,0.9995761620430009,0.9825394199996932,0.9865393810361305,0.9909845736514621,0.9987302642420561,0.949412323818157,0.00042383795699906657,0.5,0.75
HistoKit (no postprocessing),gaussian,098b4b43-88d6-52e4-6dfc-ff0d08e21e37_154649_1.png,38465477,1901085,120105,1058293,0.9849134838553008,0.9702754082440226,0.9968873088398666,0.973223885272078,0.9716355967125736,0.9849134838553006,0.9405770857762011,0.6423934353772989,0.003112691160133337,0.5,0.75
HistoKit (no postprocessing),gaussian,d28668ca-fcc7-90f7-7049-f08e38cdd015_141933_3.png,1789533,1583925,56747,84240,0.9621008087787997,0.9269694175662516,0.9692641419503001,0.9550425798642632,0.959883566252993,0.9621008087787998,0.9654123432349672,0.9495013982429795,0.030735858049699936,0.5,0.75
HistoKit (no postprocessing),gaussian,191c1954-41f1-2c63-fab4-33ae150d32f8_151532_2.png,28317121,440047,2584,2225237,0.9621518362344861,0.9270641600825433,0.9999087561116897,0.9271425932470571,0.9280999906115829,0.962151836234486,0.9941621802359075,0.16510323102528662,9.124388831027724e-05,0.5,0.75
HistoKit (no postprocessing),gaussian,6c5eefac-6637-5ca1-aed4-decff7ee7c9b_152621_3.png,19700987,754172,130863,1022733,0.9715551772543204,0.9446838136250435,0.9934013720353875,0.9506491595138324,0.9466144162400841,0.9715551772543203,0.8521380510375296,0.4244301186613803,0.0065986279646124794,0.5,0.75
HistoKit (no postprocessing),gaussian,8a22c195-cd7e-901b-eb5d-b1439c8b19ac_152323_1.png,13733085,4732284,162465,294914,0.9836203127331701,0.9677685662709831,0.9883081274220884,0.9789767592655232,0.9758291449000959,0.9836203127331701,0.9668083082503311,0.9413363070243106,0.011691872577911634,0.5,0.75
HistoKit (no postprocessing),gaussian,d89a4519-168e-fe8e-eec5-c3f8080d7609_170312_3.png,19081843,4597849,30749,2717136,0.9328335497065121,0.87412188553151,0.9983911653636514,0.875354896208671,0.8960220605922367,0.932833549706512,0.9933567356681224,0.6285520749529904,0.0016088346363486439,0.5,0.75
HistoKit (no postprocessing),gaussian,bb1fc306-b767-ee67-c337-445c06bd68ce_150126_1.png,27459702,4534287,761455,152156,0.9836367246153552,0.9678003411163159,0.9730182926235094,0.9944894689810443,0.9722370820114502,0.9836367246153552,0.8562137279346312,0.9675327321808885,0.026981707376490624,0.5,0.75
HistoKit (no postprocessing),gaussian,31439255-cb2a-2a33-e39f-915211d58cf0_143129_4.png,9515928,378872,35023,1533343,0.9238665486226314,0.8585055575032564,0.9963330353176348,0.8612267723363831,0.8631821261246675,0.9238665486226313,0.9153819205354015,0.19813253216819238,0.0036669646823651383,0.5,0.75
HistoKit (no postprocessing),gaussian,e338d5a6-7427-4506-5755-323615d750be_135343_5.png,4514149,149059,41311,268422,0.9668310160889378,0.9357917544417546,0.9909315414908703,0.9438749576326206,0.9377163332522948,0.9668310160889377,0.7829962704207596,0.35704379360976907,0.009068458509129703,0.5,0.75
HistoKit (no postprocessing),gaussian,745e05db-827a-cff7-7148-db0494ae96fc_133425_4.png,24640862,4689640,160393,1081073,0.9754277986009988,0.9520342219602502,0.9935328675907731,0.9579707747492558,0.9593920155876128,0.9754277986009989,0.9669295033662657,0.8126621441752518,0.006467132409226872,0.5,0.75
HistoKit (no postprocessing),gaussian,e0661871-0847-f23e-2d1f-8518496574c0_141209_2.png,42741156,3073238,122299,629085,0.9912866543491305,0.9827238418358643,0.9971467768988758,0.9854950079710186,0.9838640299320244,0.9912866543491304,0.9617281852784054,0.8300837069050971,0.002853223101124256,0.5,0.75
HistoKit (no postprocessing),gaussian,bb1fc306-b767-ee67-c337-445c06bd68ce_150126_3.png,30795609,1745171,133373,4400987,0.9314280474039864,0.8716568361551633,0.9956877662510845,0.874959868278171,0.8776981017468848,0.9314280474039864,0.9290019291536424,0.28394502712100794,0.0043122337489154994,0.5,0.75
HistoKit (no postprocessing),gaussian,1d49a2ac-7490-df96-fb85-41e83b5a5b35_151838_3.png,0,6130138,59297,0,0.0,0.0,0.0,,0.9904196425037181,,0.9904196425037181,1.0,1.0,0.5,2.25
HistoKit (no postprocessing),gaussian,1cfd19dd-0b58-a07f-0753-c0e3d9e98b9b_133722_2.png,20039902,764843,2765,4206040,0.9049686794182225,0.8264317763417242,0.999862044307776,0.8265260223752082,0.8317389974633749,0.9049686794182226,0.9963979010119749,0.1538646152001566,0.00013795569222399394,0.5,0.75
HistoKit (no postprocessing),gaussian,538ad0bc-9add-9e27-6ee9-4f1bdd825510_142716_4.png,0,6987044,2932,0,0.0,0.0,0.0,,0.9995805421935641,,0.9995805421935641,1.0,1.0,0.5,2.25
HistoKit (no postprocessing),gaussian,d28668ca-fcc7-90f7-7049-f08e38cdd015_141933_1.png,23137197,3882066,28026,77795,0.9977184021246991,0.995447191926625,0.9987901692118396,0.9966489327241638,0.9960987770581651,0.9977184021246991,0.9928323937134983,0.9803541083891582,0.0012098307881603385,0.5,0.75
HistoKit (no postprocessing),gaussian,dfdc8007-a219-a302-d10c-929e29813dc8_163630_5.png,11883174,379578,1,159827,0.9933199521728838,0.9867285582116485,0.9999999158474061,0.9867286401454255,0.987134073598238,0.9933199521728837,0.9999973655023066,0.7036975927179021,8.415259389851618e-08,0.5,0.75
HistoKit (no postprocessing),gaussian,4adc5212-3bb5-0299-1727-5490f70e71c6_162331_3.png,4386714,237139,5159,1084044,0.8895626329323281,0.8010921275833801,0.9988253303317286,0.80184756847223,0.8093484467857482,0.8895626329323281,0.9787080372103774,0.17948989655483003,0.001174669668271373,0.5,2.25
HistoKit (no postprocessing),gaussian,110ff982-b33a-42d4-9522-02719d6987c7_164031_4.png,12132732,433375,16502,2721044,0.8986207093209239,0.8159048539643979,0.998641725066782,0.8168112943133113,0.8211181343434799,0.8986207093209237,0.9633188627113634,0.13738663126236558,0.001358274933218012,0.5,2.25
HistoKit (no postprocessing),gaussian,dfdc8007-a219-a302-d10c-929e29813dc8_163630_7.png,2241905,429060,33220,144375,0.9619009719172653,0.9265984707584212,0.9853986044722818,0.9394978795447307,0.9376544640098857,0.9619009719172652,0.9281387903435148,0.7482277851892543,0.014601395527718258,0.5,2.25
HistoKit (no postprocessing),gaussian,4adc5212-3bb5-0299-1727-5490f70e71c6_162331_1.png,6014642,602815,27501,3033660,0.7971457435483181,0.6627118283638374,0.9954484691937944,0.6647260447319288,0.6837192045393258,0.7971457435483181,0.9563695035506,0.1657690483228951,0.004551530806205679,0.5,2.25
HistoKit (no postprocessing),gaussian,745e05db-827a-cff7-7148-db0494ae96fc_133425_2.png,28659974,4339382,167347,256083,0.9926670379415627,0.9854408376681079,0.9941948473116874,0.9911439170285216,0.9873310980119969,0.9926670379415627,0.9628673035365561,0.9442748448742402,0.005805152688312591,0.5,0.75
HistoKit (no postprocessing),gaussian,a796f488-e06e-b9c5-67ad-c084c09ace36_143658_2.png,39328243,3114931,3180,2009726,0.9750474628592714,0.9513098680445481,0.9999191486155993,0.951383049322041,0.9547214689194369,0.9750474628592714,0.9989801517649628,0.6078320949089862,8.085138440071187e-05,0.5,0.75
HistoKit (no postprocessing),gaussian,2f6f5632-66e3-03e5-2957-29197ae74c65_142917_2.png,23474301,1060785,15098,181150,0.9958373396033713,0.9917091910289026,0.9993572419626403,0.992342145579892,0.9920648032977113,0.9958373396033714,0.9859668755803372,0.8541389042099626,0.0006427580373597468,0.5,2.25
HistoKit (no postprocessing),gaussian,015b92ff-7984-c969-27c5-4144ab20b802_144644_8.png,18991532,4875014,76066,1580704,0.9582044162949824,0.9197624095191944,0.9960107193365415,0.9231632380651281,0.9350879799474332,0.9582044162949824,0.984636483353127,0.7551466777204333,0.003989280663458502,0.5,2.25
HistoKit (no postprocessing),gaussian,34677a0d-5045-a6c6-f661-b69bd9d6f859_140044_2.png,23266730,1123668,61033,48576,0.9976500474271965,0.9953111135152515,0.9973836754085679,0.9979165617641904,0.9955261645435448,0.9976500474271965,0.9484823596840046,0.9585615281460174,0.002616324591432106,0.5,2.25
HistoKit (no postprocessing),gaussian,91e6ffad-da04-5736-d731-feb79e91105c_134712_2.png,6830290,190491,987,875476,0.9397083024381231,0.8862733760897747,0.9998555174969482,0.8863868952158682,0.8890165987020282,0.939708302438123,0.9948453608247423,0.1787025301908971,0.000144482503051772,0.5,2.25
HistoKit (no postprocessing),gaussian,59481929-3828-f3c5-2452-07bdbf0def53_144939_2.png,22539494,2394827,5620,271099,0.9938989155212595,0.9878718260563223,0.9997507220411482,0.9881152147162505,0.9890238958805349,0.9938989155212596,0.997658769387535,0.8983096304998713,0.0002492779588517494,0.5,2.25
HistoKit (no postprocessing),gaussian,654bcee2-3394-aaf6-25f2-380d7ca46c60_144121_7.png,5391396,321883,19,368540,0.9669493857739748,0.9360135626059578,0.9999964758787814,0.936016650185002,0.9394000629414989,0.9669493857739748,0.9999409758249405,0.46621129365620784,3.5241212186411175e-06,0.5,2.25
HistoKit (no postprocessing),gaussian,8a22c195-cd7e-901b-eb5d-b1439c8b19ac_152323_3.png,3875911,438315,106454,3129,0.9860606341996119,0.9725045377059908,0.9732686481525425,0.9991933571192873,0.9752288129980295,0.9860606341996119,0.8045887339404408,0.9929118982249164,0.02673135184745748,0.5,2.25
HistoKit (no postprocessing),gaussian,745e05db-827a-cff7-7148-db0494ae96fc_133425_3.png,48882361,4978228,508594,699457,0.9877941077795204,0.9758825900653403,0.9897026894904137,0.985892873068914,0.9780628139717995,0.9877941077795204,0.907306269457985,0.8768059517215203,0.01029731050958622,0.5,0.75
HistoKit (no postprocessing),gaussian,8b8e8141-b9e0-9b57-cdad-61702acf8a5e_150400_2.png,14366528,501753,8105,1906514,0.9375280832885365,0.8824026955840396,0.9994361595179508,0.882842187711431,0.8859184646276865,0.9375280832885365,0.9841034170298397,0.20834608454959522,0.0005638404820491765,0.5,2.25
HistoKit (no postprocessing),gaussian,8b8e8141-b9e0-9b57-cdad-61702acf8a5e_150400_5.png,2530385,227522,15,1397664,0.7835890629468468,0.6441812047868873,0.999994072083465,0.6441836647149768,0.663662597765995,0.7835890629468468,0.9999340766556648,0.13999751413069028,5.927916534935188e-06,0.5,2.25
HistoKit (no postprocessing),gaussian,1cfd19dd-0b58-a07f-0753-c0e3d9e98b9b_133722_4.png,19566711,749382,3141,4810254,0.8904722724287404,0.802568741907849,0.9998394980197091,0.8026721538140618,0.8084563044022226,0.8904722724287404,0.9958260411974119,0.13478975961735623,0.00016050198029090868,0.5,2.25
HistoKit (no postprocessing),gaussian,c282e7fa-bbd4-0343-5231-dcd676a3dd4f_140949_1.png,4409099,5067804,2236882,108542,0.7899047459686471,0.6527624526557982,0.6634233531513256,0.9759737438189533,0.8016106304621755,0.789904745968647,0.6937743798980545,0.9790311544089209,0.3365766468486744,0.5,2.25
HistoKit (no postprocessing),gaussian,3c8a2c44-1287-eab9-5fb8-1902a0075b0d_153549_11.png,12775781,2020990,53467,62548,0.9954800953747991,0.9910008659770911,0.9958324135600154,0.9951280263965817,0.9922204341965344,0.9954800953747991,0.974226026377023,0.9699799091737228,0.004167586439984635,0.5,2.25
HistoKit (no postprocessing),gaussian,6875bf3f-1b6d-1a53-f365-0d72c060072a_140344_1.png,22675311,515291,6719,2475551,0.9481053748537722,0.9013311335457889,0.9997037743094424,0.9015719222665212,0.9033115578186968,0.9481053748537721,0.9871285990689833,0.17228960941433885,0.00029622569055767935,0.5,2.25
HistoKit (no postprocessing),gaussian,7a951edf-c71d-16ea-3e52-69a0dd7b54e1_133148_4.png,10251958,1820914,656,341778,0.9835734313201112,0.9676778053898704,0.9999360163173996,0.9677377272758165,0.9724184003197344,0.9835734313201111,0.9996398711002048,0.8419664011334023,6.398368260035928e-05,0.5,2.25
HistoKit (no postprocessing),gaussian,997c9bdf-d489-63a3-9c13-1b5273502c59_152111_4.png,4656258,2723281,95607,62345,0.9833216267664914,0.9671904632328046,0.9798801102304042,0.9867874029665136,0.9790444857579266,0.9833216267664913,0.9660834343187811,0.9776190342852917,0.020119889769595726,0.5,2.25
HistoKit (no postprocessing),gaussian,654bcee2-3394-aaf6-25f2-380d7ca46c60_144121_5.png,6505159,493263,3083,925819,0.9333605467163872,0.8750478372453495,0.9995262929682086,0.8754108813133346,0.8828227533023755,0.9333605467163874,0.9937886071409864,0.3475930214039781,0.00047370703179138086,0.5,2.25
HistoKit (no postprocessing),gaussian,b3ac8263-eb4f-ecee-6126-3ea976dfb769_143901_2.png,36902591,4783988,163301,288512,0.9939155496394649,0.9879046925765433,0.9955943054061669,0.9922424457268718,0.989277877523186,0.9939155496394649,0.9669918211772144,0.9431223262690981,0.004405694593833058,0.5,2.25
HistoKit (no postprocessing),gaussian,cfd234aa-a9c1-9363-1732-dc841509f243_163200_1.png,8172467,1828241,6618,2922514,0.8480272922174283,0.7361522425733447,0.9991908630366355,0.7365913470243888,0.7734595323685367,0.8480272922174282,0.9963931833454233,0.38483167412337616,0.0008091369633644839,0.5,2.25
HistoKit (no postprocessing),gaussian,1cfd19dd-0b58-a07f-0753-c0e3d9e98b9b_133722_1.png,18731281,1042407,3497,4713790,0.8881625441570452,0.7988240902386875,0.9998133417967376,0.798943240564296,0.8073867210268272,0.8881625441570452,0.9966564809007328,0.18109300289757282,0.00018665820326240322,0.5,2.25
HistoKit (no postprocessing),gaussian,bffc0a6a-719c-940b-52f7-9a2879514091_151206_1.png,28944890,859339,48810,262461,0.9946517976110087,0.989360497435053,0.9983165308325602,0.991013871816037,0.9896640932410221,0.9946517976110087,0.946253313057659,0.766035835264753,0.0016834691674398232,0.5,2.25
HistoKit (no postprocessing),gaussian,997c9bdf-d489-63a3-9c13-1b5273502c59_152111_3.png,17014206,448019,207596,195683,0.9882875633380888,0.9768463127713329,0.9879457445858453,0.9886296187035256,0.9774269452459892,0.9882875633380886,0.6833568481502101,0.6960037408614546,0.012054255414154686,0.5,2.25
HistoKit (no postprocessing),gaussian,a796f488-e06e-b9c5-67ad-c084c09ace36_143658_1.png,27727650,3668229,515916,1135310,0.9710851610899952,0.9437954671921417,0.9817333264503498,0.9606655034688057,0.9500341709205693,0.9710851610899953,0.8766973897893118,0.7636513412298724,0.01826667354965021,0.5,2.25
HistoKit (no postprocessing),gaussian,8a46ca7f-3853-419d-26c8-1bf78b04ebee_163832_3.png,7172662,124552,15225,109299,0.9913942427038626,0.9829353397323297,0.997881853178827,0.9849904441949084,0.9832217197642924,0.9913942427038626,0.8910765004256781,0.5326126465142335,0.0021181468211728983,0.5,2.25
HistoKit (no postprocessing),gaussian,6c5eefac-6637-5ca1-aed4-decff7ee7c9b_152621_4.png,8625050,811704,4031,2062091,0.8930369510145411,0.8067450416100311,0.9995328587134598,0.8070493315284228,0.82038213747588,0.8930369510145411,0.9950584442251467,0.2824502095660964,0.00046714128654024684,0.5,2.25
HistoKit (no postprocessing),gaussian,e0661871-0847-f23e-2d1f-8518496574c0_141209_1.png,30542903,2863215,322951,368858,0.9888016233711839,0.9778512764900794,0.989536949147754,0.9880673896255862,0.9797111126432994,0.9888016233711838,0.8986396189024677,0.8858757212476327,0.01046305085224598,0.5,2.25
HistoKit (no postprocessing),gaussian,8b8e8141-b9e0-9b57-cdad-61702acf8a5e_150400_3.png,1930783,597846,3020,4940031,0.43858421098839395,0.28088880237724684,0.9984383104173487,0.28101226434014953,0.33842843911944837,0.43858421098839395,0.9949739209740608,0.10795581050283348,0.001561689582651387,0.5,2.25
HistoKit (no postprocessing),gaussian,e338d5a6-7427-4506-5755-323615d750be_135343_4.png,13133522,1590134,148300,333465,0.9819892915606074,0.9646158762573275,0.9888343632372125,0.9752383365336285,0.9683162340588926,0.9819892915606073,0.9146933389475815,0.8266452623441788,0.011165636762787515,0.5,2.25
HistoKit (no postprocessing),gaussian,191c1954-41f1-2c63-fab4-33ae150d32f8_151532_1.png,37092519,1495489,35765,4534035,0.9419743584514769,0.8903133548566992,0.9990367182065295,0.8910783006443435,0.8941141774392249,0.9419743584514769,0.9766433263194741,0.24802770500623267,0.0009632817934704443,0.5,2.25
HistoKit (no postprocessing),gaussian,bffc0a6a-719c-940b-52f7-9a2879514091_151206_2.png,59056722,8763389,291922,1336151,0.986403437664816,0.9731716486806951,0.9950812355544298,0.9778756841059706,0.9765570111955699,0.986403437664816,0.9677623441094403,0.8677017963194363,0.004918764445570147,0.5,2.25
HistoKit (no postprocessing),gaussian,110ff982-b33a-42d4-9522-02719d6987c7_164031_1.png,19316915,652507,5999,2179009,0.9464705977176519,0.8983808099396505,0.9996895395797963,0.8986315266094167,0.9013737658788784,0.9464705977176519,0.9908899842977892,0.23044439798327115,0.0003104604202037022,0.5,2.25
HistoKit (no postprocessing),gaussian,75867af4-ee91-110d-5a8d-03a78d8d262a_171204_2.png,18649245,409277,21800,2360396,0.9399658564370585,0.8867316794888187,0.9988324167179716,0.8876517690140445,0.8888938327531756,0.9399658564370585,0.9494289883245917,0.1477708740345882,0.0011675832820284028,0.5,2.25
HistoKit (no postprocessing),gaussian,538ad0bc-9add-9e27-6ee9-4f1bdd825510_142716_3.png,0,6843337,1736,0,0.0,0.0,0.0,,0.999746386926772,,0.999746386926772,1.0,1.0,0.5,2.25
HistoKit (no postprocessing),gaussian,22c86e01-80fd-7f77-3526-d5f72a54b219_141444_4.png,4439543,242934,13920,659800,0.9294741251942099,0.8682406909247579,0.9968743425060453,0.8706107826047395,0.874216725038306,0.92947412519421,0.9458057885024177,0.2691091728017334,0.0031256574939547044,0.5,2.25
HistoKit (no postprocessing),gaussian,654bcee2-3394-aaf6-25f2-380d7ca46c60_144121_3.png,6336439,1860298,2032,685906,0.9485107795811274,0.9020641972946497,0.9996794179542668,0.9023252204213834,0.9225702684678956,0.9485107795811273,0.9989088936976798,0.7306162428462134,0.00032058204573311134,0.5,2.25
HistoKit (no postprocessing),gaussian,778d67ae-3cb9-eeb7-6fac-a66f6e936029_142330_2.png,10890371,471819,48122,2033832,0.9127527752941244,0.8395080295937698,0.9956006736942649,0.8426338552559102,0.8451404566925198,0.9127527752941242,0.9074471911236083,0.18830196224454243,0.004399326305735168,0.5,2.25
HistoKit (no postprocessing),gaussian,22c86e01-80fd-7f77-3526-d5f72a54b219_141444_1.png,35143100,831103,28869,1516878,0.9784810649779547,0.9578687495957559,0.9991792043260359,0.9586230520923935,0.9588019973374164,0.9784810649779547,0.9664303023819381,0.35396495968238245,0.0008207956739641161,0.5,2.25
HistoKit (no postprocessing),gaussian,015b92ff-7984-c969-27c5-4144ab20b802_144644_9.png,1132099,9401318,3716,44455,0.9791681171992879,0.9591864573360332,0.9967283404427658,0.9622159288906417,0.9954476587068029,0.979168117199288,0.99960489244377,0.9952936620433288,0.003271659557234233,0.5,2.25
HistoKit (no postprocessing),gaussian,4adc5212-3bb5-0299-1727-5490f70e71c6_162331_2.png,5188690,920515,9364,2748690,0.7900294729507986,0.6529328238080905,0.9981985566136866,0.6537031111021521,0.6889620569332643,0.7900294729507986,0.989929872596327,0.25087587093116903,0.0018014433863134166,0.5,2.25
HistoKit (no postprocessing),gaussian,d89a4519-168e-fe8e-eec5-c3f8080d7609_170312_2.png,22129027,522790,26890,2437773,0.9472491507717755,0.8997847415332957,0.9987863287265429,0.9007696159043913,0.9018706841086012,0.9472491507717755,0.9510806287294425,0.17658465636434692,0.0012136712734571085,0.5,2.25
HistoKit (no postprocessing),gaussian,cfd234aa-a9c1-9363-1732-dc841509f243_163200_2.png,13657469,1912189,1051407,1849500,0.9039938482607387,0.8248072757859829,0.9285188752695991,0.8807310442163133,0.8429443279076736,0.9039938482607387,0.6452259349789917,0.5083325601877242,0.07148112473040089,0.5,2.25
HistoKit (no postprocessing),gaussian,31439255-cb2a-2a33-e39f-915211d58cf0_143129_7.png,8265223,1931919,1676020,1343998,0.8455270422226296,0.7323922457659522,0.8314074004628998,0.8601345520099912,0.7715077974390868,0.8455270422226295,0.5354633213033813,0.5897338058320769,0.16859259953710015,0.5,2.25
HistoKit (no postprocessing),gaussian,110ff982-b33a-42d4-9522-02719d6987c7_164031_3.png,5188435,209476,2284,746057,0.9327346690323447,0.8739482507003802,0.9995599838866254,0.8742846059949192,0.8782443349215099,0.9327346690323446,0.9892142047601058,0.21922424447925923,0.00044001611337465965,0.5,2.25
HistoKit (no postprocessing),gaussian,dfdc8007-a219-a302-d10c-929e29813dc8_163630_6.png,2527508,238887,14,43307,0.9915029155585439,0.9831490153565251,0.9999944609779855,0.9831543693342384,0.9845817157321238,0.9915029155585439,0.9999413983198061,0.8465346534653465,5.539022014447352e-06,0.5,2.25
HistoKit (no postprocessing),gaussian,dad7b6f2-9f0b-8c2a-a00e-ff89c406e2d2_171435_2.png,6549633,1412478,13128,124849,0.9895766059443043,0.9793682645967693,0.997999622415017,0.9812945783657818,0.982965987530012,0.9895766059443042,0.9907912845484657,0.918788260402634,0.0020003775849829057,0.5,2.25
HistoKit (no postprocessing),gaussian,e04480a3-f748-c87a-3eb6-396b6ccbcb83_134430_3.png,25391042,1487776,39731,237225,0.9945757695405162,0.9892100661687756,0.9984376802073613,0.9907436191452196,0.989801211337228,0.9945757695405163,0.9739896445646403,0.8624783405922664,0.0015623197926386272,0.5,2.25
HistoKit (no postprocessing),gaussian,22c86e01-80fd-7f77-3526-d5f72a54b219_141444_2.png,30406574,569075,43487,502663,0.9910991484941696,0.9823553494031737,0.9985718583617944,0.9837374503938742,0.9826738949766161,0.9910991484941696,0.9290080024552617,0.5309833186842307,0.0014281416382055851,0.5,2.25
HistoKit (no postprocessing),gaussian,75867af4-ee91-110d-5a8d-03a78d8d262a_171204_5.png,7979357,144856,966,2237665,0.8769803507050067,0.7809127393768714,0.9998789522679721,0.7809865731912881,0.7839752291938391,0.8769803507050068,0.9933754851805626,0.06079946409706357,0.00012104773202788909,0.5,2.25
HistoKit (no postprocessing),gaussian,191c1954-41f1-2c63-fab4-33ae150d32f8_151532_3.png,48918931,585833,4605,4086303,0.95986503123701,0.9228273830448721,0.9999058735247591,0.922907556638652,0.9236709262643447,0.95986503123701,0.9922007052391615,0.12538868731560895,9.412647524087383e-05,0.5,2.25
HistoKit (no postprocessing),gaussian,6520c4c0-cf13-4bc7-106a-ea8d45dc1109_165944_1.png,0,8729003,6166237,0,0.0,0.0,0.0,,0.5860263413009794,,0.5860263413009794,1.0,1.0,0.5,2.25
HistoKit (no postprocessing),gaussian,2f6f5632-66e3-03e5-2957-29197ae74c65_142917_4.png,4158835,458680,2929,43448,0.9944551961508585,0.9889715429329128,0.9992962118947638,0.9896608581573397,0.990056159104885,0.9944551961508585,0.9936548030909276,0.9134722620527037,0.0007037881052361451,0.5,2.25
HistoKit (no postprocessing),gaussian,6875bf3f-1b6d-1a53-f365-0d72c060072a_140344_4.png,9857807,321339,18182,693282,0.9651705447054151,0.9326856128487954,0.9981589691928575,0.9342928488234722,0.9346717952437926,0.9651705447054151,0.9464480842127586,0.31670840639016934,0.0018410308071424542,0.5,2.25
HistoKit (no postprocessing),gaussian,00a8cbc5-e358-18d7-ac64-8f4f6e3173fd_135812_5.png,5813258,2988579,19738,82601,0.9912745958578224,0.9827001399858712,0.996616147173768,0.9859899973863011,0.9885066287997901,0.9912745958578224,0.9934388563439291,0.9731044745016574,0.0033838528262320083,0.5,2.25
HistoKit (no postprocessing),gaussian,ec461d09-d9f6-ab63-cb21-aeb55b7abbf3_142116_1.png,35866053,1677165,114950,135676,0.9965182482932157,0.9930606576534903,0.9968052585971547,0.996231403219551,0.9933686025692439,0.9965182482932157,0.9358579109041552,0.9251583564140484,0.0031947414028452737,0.5,2.25
HistoKit (no postprocessing),gaussian,8b8e8141-b9e0-9b57-cdad-61702acf8a5e_150400_1.png,4567986,223419,8336,690863,0.9289083026619466,0.8672537607849354,0.9981784498555827,0.868628477448202,0.8726553581354619,0.9289083026619466,0.9640309809928589,0.24436552398494119,0.0018215501444172853,0.5,2.25
HistoKit (no postprocessing),gaussian,8a46ca7f-3853-419d-26c8-1bf78b04ebee_163832_4.png,24155741,721715,7707,313712,0.9933909145169029,0.9868686154766321,0.9996810471750555,0.9871794436925092,0.9872447083451146,0.9933909145169029,0.9894340998763405,0.6970216152369988,0.0003189528249445195,0.5,2.25
HistoKit (no postprocessing),gaussian,098b4b43-88d6-52e4-6dfc-ff0d08e21e37_154649_2.png,44774256,720729,30039,359676,0.995666859209933,0.9913711086210732,0.9993295508834589,0.9920309181127849,0.9915066460061851,0.995666859209933,0.9599889712933956,0.6670915073514099,0.0006704491165411709,0.5,2.25
HistoKit (no postprocessing),gaussian,0584763b-507d-517f-59c7-4dbcdbe7ec5e_135202_1.png,7364341,1058943,12935,66414,0.9946414887975316,0.9893400987950869,0.9982466427987783,0.9910622810198964,0.9906677143421337,0.9946414887975316,0.9879323952912552,0.9409840610579576,0.0017533572012216976,0.5,2.25
HistoKit (no postprocessing),gaussian,654bcee2-3394-aaf6-25f2-380d7ca46c60_144121_6.png,2469600,686882,1193,469025,0.9130741976308727,0.8400520032192469,0.9995171590659355,0.8403930409630355,0.8703454931480409,0.9130741976308727,0.9982661773789194,0.5942363875294465,0.00048284093406448863,0.5,2.25
HistoKit (no postprocessing),gaussian,302e8390-e88c-6502-e08e-b8e893212016_162708_2.png,48306201,2275664,88543,870942,0.9901663785594308,0.9805242740352789,0.9981704004881191,0.982289699098624,0.9813841701856859,0.9901663785594307,0.962548541646311,0.7232122483717377,0.001829599511880877,0.5,2.25
HistoKit (no postprocessing),gaussian,34677a0d-5045-a6c6-f661-b69bd9d6f859_140044_1.png,7120780,159650,41367,79531,0.9915823600667797,0.9833052505234284,0.9942242179614577,0.988954504881803,0.9836653638374087,0.9915823600667797,0.7942114348537685,0.667486129751109,0.0057757820385423535,0.5,2.25
HistoKit (no postprocessing),gaussian,cfd234aa-a9c1-9363-1732-dc841509f243_163200_4.png,14715658,5478480,927131,2746590,0.8890283372889751,0.8002259347637568,0.9407310934130736,0.8427126908288096,0.846080831967375,0.8890283372889751,0.8552626751764976,0.66607092705594,0.05926890658692641,0.5,2.25
HistoKit (no postprocessing),gaussian,73f410c7-98a8-a0f8-02ae-aabdcdcb9cee_162913_2.png,17021008,1358726,28941,34236,0.9981475841523606,0.9963020185042483,0.9983025755678213,0.9979926408557978,0.9965744561690939,0.9981475841523607,0.9791441318414288,0.9754221579626724,0.0016974244321786534,0.5,2.25
HistoKit (no postprocessing),gaussian,745e05db-827a-cff7-7148-db0494ae96fc_133425_1.png,35006999,2362759,92707,255647,0.9950491421889933,0.9901470648588914,0.9973587528055078,0.9927502037141512,0.9907642779150769,0.9950491421889933,0.9622446411394008,0.9023654085730021,0.0026412471944921704,0.5,2.25
HistoKit (no postprocessing),gaussian,cfd234aa-a9c1-9363-1732-dc841509f243_163200_3.png,10795612,863170,28447,5582595,0.7937288753811906,0.6580020520942296,0.9973718731577498,0.6591449234949833,0.6750955886985299,0.7937288753811906,0.9680950452941117,0.1339127318479653,0.0026281268422502133,0.5,2.25
HistoKit (no postprocessing),gaussian,91e6ffad-da04-5736-d731-feb79e91105c_134712_4.png,7839867,304070,36446,1875105,0.8913353401982856,0.8039719966880714,0.9953727080170633,0.8069881210156858,0.8098997283871255,0.8913353401982856,0.8929683186693136,0.13953445684720134,0.004627291982936686,0.5,2.25
HistoKit (no postprocessing),gaussian,7530b966-b7ee-7dd8-6676-04339b0c22b7_154932_1.png,16924518,455408,219949,742950,0.9723399747816374,0.9461689186314604,0.9871708464310964,0.9579481338242696,0.9475054142423536,0.9723399747816374,0.6743218771701486,0.380026669826546,0.0128291535689036,0.5,2.25
HistoKit (no postprocessing),gaussian,75867af4-ee91-110d-5a8d-03a78d8d262a_171204_3.png,17393968,324395,20463,4293399,0.8896761217987981,0.8012762215292822,0.9988249400741259,0.8020322614543296,0.804202162968107,0.8896761217987982,0.9406625335645397,0.07024891106012958,0.0011750599258741213,0.5,2.25
HistoKit (no postprocessing),gaussian,778d67ae-3cb9-eeb7-6fac-a66f6e936029_142330_1.png,16551884,347327,63994,1929643,0.9431970255350788,0.8925003508933504,0.9961486236237411,0.8955907160701603,0.8944766294631704,0.9431970255350788,0.8444183496587823,0.15253911997083844,0.0038513763762589013,0.5,2.25
HistoKit (no postprocessing),gaussian,e7510405-61bb-4166-6cb6-90d49adffbe4_135053_1.png,7507775,428050,1140543,22680,0.9281019024125007,0.8658490060775011,0.8681196736752742,0.9969882297948796,0.872159922664437,0.9281019024125006,0.27288786829980755,0.9496816275819226,0.1318803263247258,0.5,2.25
HistoKit (no postprocessing),gaussian,e0661871-0847-f23e-2d1f-8518496574c0_141209_3.png,42624346,1702104,77949,118939,0.9976957497391907,0.995402094204011,0.9981745945973162,0.9972173640842065,0.9955778697455254,0.9976957497391906,0.9562097308338572,0.9346863308554493,0.0018254054026838604,0.5,2.25
HistoKit (no postprocessing),gaussian,22c86e01-80fd-7f77-3526-d5f72a54b219_141444_3.png,15822090,746595,29819,663631,0.9785559424113641,0.9580122720782972,0.9981189016414364,0.959745103050088,0.9598282599458294,0.978555942411364,0.9615939434373929,0.5294151433883647,0.001881098358563628,0.5,2.25
HistoKit (no postprocessing),gaussian,91e6ffad-da04-5736-d731-feb79e91105c_134712_1.png,82763600,3007620,149531,3011029,0.9812638451064855,0.9632168647328062,0.9981965341533177,0.9648960416954995,0.9644608485290636,0.9812638451064855,0.9526373619760348,0.4997167969090738,0.0018034658466823548,0.5,2.25
HistoKit (no postprocessing),gaussian,6875bf3f-1b6d-1a53-f365-0d72c060072a_140344_3.png,7509899,636418,4254,1205685,0.9254492540452134,0.8612429496970012,0.9994338683282068,0.8616633148163106,0.8706812853346467,0.9254492540452135,0.9933600968982569,0.34548448159522027,0.0005661316717932148,0.5,2.25
HistoKit (no postprocessing),gaussian,dad7b6f2-9f0b-8c2a-a00e-ff89c406e2d2_171435_1.png,23707582,1069613,28618,87023,0.9975670304763405,0.9951458709008433,0.9987943310218148,0.9963427423989598,0.9953544465564309,0.9975670304763407,0.9739417299274925,0.9247619821620631,0.0012056689781852193,0.5,2.25
HistoKit (no postprocessing),gaussian,bc7dd6a2-14aa-d481-064a-28427e54cce1_153909_3.png,23754893,1332675,218394,2208018,0.9514097569062026,0.9073227251277199,0.9908901103131998,0.9149549139539861,0.9118116681047235,0.9514097569062027,0.8591977532914397,0.376388181635629,0.009109889686800146,0.5,2.25
HistoKit (no postprocessing),gaussian,778d67ae-3cb9-eeb7-6fac-a66f6e936029_142330_3.png,17917132,633803,2773,2521932,0.9341821465535218,0.876493242755042,0.9998452558760774,0.8766121579735745,0.8802074337956047,0.9341821465535217,0.9956438822701453,0.20084164227984921,0.00015474412392253197,0.5,2.25
HistoKit (no postprocessing),gaussian,7a951edf-c71d-16ea-3e52-69a0dd7b54e1_133148_1.png,12592247,2860461,277,359435,0.9859180590698337,0.9722272128872551,0.9999780028213565,0.9722480060890933,0.9772512999275254,0.9859180590698338,0.9999031718388751,0.8883706181814568,2.1997178643455436e-05,0.5,2.25
HistoKit (no postprocessing),gaussian,0584763b-507d-517f-59c7-4dbcdbe7ec5e_135202_2.png,16983882,1479810,70768,168301,0.9930110747171479,0.9861191615768982,0.9958505158417206,0.9901877795963347,0.9872174488034147,0.9930110747171479,0.9543602450183093,0.8978824848569059,0.004149484158279413,0.5,2.25
HistoKit (no postprocessing),gaussian,c4a5bf6f-509c-e7c4-3751-4f823d57d1f3_145315_3.png,21608614,1115862,94480,2777669,0.9376830587230546,0.8826773087097,0.9956467036451117,0.8860970735064462,0.8877918866256782,0.9376830587230545,0.9219394187758502,0.28659383988467024,0.004353296354888386,0.5,2.25
HistoKit (no postprocessing),gaussian,dad7b6f2-9f0b-8c2a-a00e-ff89c406e2d2_171435_3.png,5761616,595478,21373,328579,0.9705258505216461,0.9427394082827844,0.9963041603572133,0.946047868746403,0.9478232294813543,0.9705258505216461,0.9653514381917189,0.6444169569626116,0.003695839642786801,0.5,2.25
HistoKit (no postprocessing),gaussian,00a8cbc5-e358-18d7-ac64-8f4f6e3173fd_135812_2.png,8529617,5769399,138470,153074,0.9831970647079917,0.9669494752448119,0.9840253103135674,0.982370212184218,0.9800183132107335,0.9831970647079918,0.9765617687189746,0.9741537023469756,0.015974689686432543,0.5,2.25
HistoKit (no postprocessing),gaussian,7a951edf-c71d-16ea-3e52-69a0dd7b54e1_133148_5.png,5764618,2905533,269,421425,0.9647145452278609,0.9318343465379696,0.9999533382007314,0.9318748673424999,0.9536184349821186,0.964714545227861,0.9999074265899741,0.8733302314005768,4.666179926857196e-05,0.5,2.25
HistoKit (no postprocessing),gaussian,1d49a2ac-7490-df96-fb85-41e83b5a5b35_151838_1.png,0,6049623,186077,0,0.0,0.0,0.0,,0.9701594047179948,,0.9701594047179948,1.0,1.0,0.5,2.25
HistoKit (no postprocessing),gaussian,3c8a2c44-1287-eab9-5fb8-1902a0075b0d_153549_25.png,37435941,2821625,70147,106021,0.9976525972360375,0.9953161892623463,0.9981297169675494,0.9971759334261753,0.9956430439988551,0.9976525972360374,0.9757425550838724,0.9637862637764265,0.001870283032450625,0.5,2.25
HistoKit (no postprocessing),gaussian,7a951edf-c71d-16ea-3e52-69a0dd7b54e1_133148_3.png,8630998,1490401,611,375238,0.9786907640927789,0.9582707466886026,0.9999292136610914,0.958335757579526,0.9641954729468143,0.9786907640927789,0.9995902112122504,0.798868913010502,7.078633890853953e-05,0.5,2.25
HistoKit (no postprocessing),gaussian,6875bf3f-1b6d-1a53-f365-0d72c060072a_140344_5.png,10241940,467360,23165,1718045,0.9216556603370335,0.8546951344179118,0.9977433255675416,0.8563505723460355,0.8601495039159038,0.9216556603370335,0.9527750879160084,0.21385509779651826,0.0022566744324583137,0.5,2.25
HistoKit (no postprocessing),gaussian,2f6f5632-66e3-03e5-2957-29197ae74c65_142917_3.png,5393187,642880,4776,80993,0.9921111228945388,0.9843457403198712,0.9991152217975559,0.9852045420501335,0.9859896606181544,0.992111122894539,0.9926257148856801,0.888111588635023,0.0008847782024441443,0.5,2.25
HistoKit (no postprocessing),gaussian,6c5eefac-6637-5ca1-aed4-decff7ee7c9b_152621_1.png,35011279,361293,373781,228453,0.9914727678065233,0.9830897333829437,0.9894367566424926,0.9935171754427644,0.9832595622614337,0.9914727678065233,0.4915056171215415,0.6126247570988188,0.010563243357507378,0.5,2.25
HistoKit (no postprocessing),gaussian,e92b8137-1dab-8f48-a38e-05fbbeabd072_134925_1.png,6167259,31238,23746,185334,0.9833317362370828,0.9672100244356518,0.9961644353380429,0.970825456628498,0.9673698810018202,0.9833317362370828,0.56812891022843,0.14423840570341503,0.003835564661957146,0.5,2.25
HistoKit (no postprocessing),gaussian,6875bf3f-1b6d-1a53-f365-0d72c060072a_140344_2.png,15801106,757345,25022,393677,0.9869242008761088,0.974185941199663,0.9984189436607614,0.9756911222583223,0.9753374977543345,0.9869242008761087,0.9680175672031157,0.6579761290401053,0.0015810563392385049,0.5,2.25
HistoKit (no postprocessing),gaussian,654bcee2-3394-aaf6-25f2-380d7ca46c60_144121_2.png,5357801,1832534,1502,71571,0.9932268791116611,0.9865448913011055,0.9997197396751033,0.9868178124468171,0.9899395710663644,0.9932268791116611,0.9991810411573164,0.9624122619288327,0.00028026032489672633,0.5,2.25
HistoKit (no postprocessing),gaussian,e75d7a32-60ad-6f71-61b5-c428fc2cae22_164833_1.png,39616890,11453099,62456,437539,0.9937291944348552,0.987536544774102,0.9984259821217819,0.9890763890305364,0.9903045345137202,0.9937291944348552,0.9945763795144915,0.9632030678252925,0.0015740178782180532,0.5,2.25
HistoKit (no postprocessing),gaussian,7530b966-b7ee-7dd8-6676-04339b0c22b7_154932_2.png,10366360,1298226,19716,2091206,0.9075925809028175,0.8308187632530867,0.9981016892231483,0.8321336607809262,0.8467626747412872,0.9075925809028175,0.9850403128514001,0.3830216980308205,0.0018983107768516232,0.5,2.25
HistoKit (no postprocessing),gaussian,59481929-3828-f3c5-2452-07bdbf0def53_144939_3.png,23506023,1216953,14294,392323,0.9914249585653648,0.982995729455217,0.9993922700956794,0.9835836756234092,0.9838191967534055,0.9914249585653649,0.9883906316116913,0.756211488893142,0.0006077299043205923,0.5,2.25
HistoKit (no postprocessing),gaussian,d89a4519-168e-fe8e-eec5-c3f8080d7609_170312_1.png,15741449,493421,26360,336460,0.9886069455240419,0.9774705700705819,0.9983282395163462,0.9790731493753323,0.9781403315762616,0.9886069455240419,0.9492863340522258,0.5945683778758641,0.0016717604836537531,0.5,2.25
HistoKit (no postprocessing),gaussian,c4a5bf6f-509c-e7c4-3751-4f823d57d1f3_145315_1.png,22699855,1092342,37725,1327868,0.9707990131059345,0.9432550351857152,0.9983408524565939,0.9447360034906346,0.945718880712495,0.9707990131059345,0.9666170235924064,0.4513418257093393,0.0016591475434061145,0.5,2.25
HistoKit (no postprocessing),gaussian,654bcee2-3394-aaf6-25f2-380d7ca46c60_144121_1.png,8609766,961723,12592,465019,0.9730119714803683,0.9474423697839321,0.9985396106262348,0.9487570228936554,0.9524722611975202,0.9730119714803684,0.9870760483006009,0.6740693131624358,0.001460389373765274,0.5,2.25
HistoKit (no postprocessing),gaussian,00a8cbc5-e358-18d7-ac64-8f4f6e3173fd_135812_1.png,0,9342291,15453,0,0.0,0.0,0.0,,0.9983486404415424,,0.9983486404415424,1.0,1.0,0.5,2.25
HistoKit (no postprocessing),gaussian,6c5eefac-6637-5ca1-aed4-decff7ee7c9b_152621_2.png,36537166,947666,109419,4183177,0.9445163959463403,0.8948660048520488,0.9970142101917545,0.8972705853681046,0.8972508312383424,0.9445163959463402,0.8964898754594002,0.184699863160888,0.002985789808245434,0.5,2.25
HistoKit (no postprocessing),gaussian,34677a0d-5045-a6c6-f661-b69bd9d6f859_140044_3.png,4381745,132521,10518,7436,0.9979554615391273,0.9959192662952625,0.99760533465323,0.998305834277511,0.9960385859468428,0.9979554615391273,0.9264676067366243,0.9468693956000772,0.0023946653467699906,0.5,2.25
HistoKit (no postprocessing),gaussian,098b4b43-88d6-52e4-6dfc-ff0d08e21e37_154649_3.png,45015672,6965350,85941,288050,0.9958631755526375,0.9917604367320374,0.9980945027398466,0.9936418027640201,0.992856634378068,0.9958631755526375,0.9878120191040194,0.960287589268481,0.0019054972601534228,0.5,2.25
HistoKit (no postprocessing),gaussian,997c9bdf-d489-63a3-9c13-1b5273502c59_152111_5.png,1625388,4462628,156261,132451,0.9184311403231202,0.8491656653257406,0.9122941724211672,0.9246512337022902,0.9547241155652241,0.9184311403231202,0.9661691372102685,0.9711754683651793,0.08770582757883287,0.5,2.25
HistoKit (no postprocessing),gaussian,98188e68-f597-a02c-6cf5-9f993d1f10ac_162142_1.png,29062662,1200225,76640,235983,0.9946503425248666,0.9893576181473643,0.9973698752289949,0.9919456002146174,0.9897753790533665,0.9946503425248665,0.9399779929749817,0.8356902342836136,0.002630124771005153,0.5,2.25
HistoKit (no postprocessing),gaussian,997c9bdf-d489-63a3-9c13-1b5273502c59_152111_1.png,11820983,1155775,124,54558,0.9976924162438502,0.9953954578543601,0.9999895102886727,0.9954058514050013,0.9958038405579123,0.9976924162438502,0.9998927241913005,0.9549231492490083,1.0489711327373993e-05,0.5,2.25
HistoKit (no postprocessing),gaussian,8a46ca7f-3853-419d-26c8-1bf78b04ebee_163832_1.png,8229204,1144066,108673,563321,0.960771848786736,0.9245052182863476,0.9869663464692511,0.9359318284565583,0.9331034007667693,0.9607718487867359,0.9132516829124023,0.6700683559146228,0.013033653530748894,0.5,2.25
HistoKit (no postprocessing),gaussian,b3ac8263-eb4f-ecee-6126-3ea976dfb769_143901_1.png,31626419,1205177,40291,159793,0.9968467330787383,0.9937132898326907,0.9987276543726835,0.9949728832111231,0.9939426635278618,0.9968467330787383,0.967649911519204,0.8829329582335143,0.00127234562731651,0.5,2.25
HistoKit (no postprocessing),gaussian,302e8390-e88c-6502-e08e-b8e893212016_162708_1.png,14934045,4955909,371210,134870,0.983338474763261,0.9672230632847856,0.9757462387918397,0.9910497869289195,0.9751873329883644,0.983338474763261,0.9303169311592251,0.9735070015807011,0.024253761208160203,0.5,2.25
HistoKit (no postprocessing),gaussian,00a8cbc5-e358-18d7-ac64-8f4f6e3173fd_135812_4.png,10652419,1408178,20191,233624,0.9882267690843208,0.9767275303280674,0.9981081478663607,0.978539125741098,0.9793887844584053,0.9882267690843208,0.9858642969708807,0.8577026949656535,0.0018918521336392879,0.5,2.25
HistoKit (no postprocessing),gaussian,7a951edf-c71d-16ea-3e52-69a0dd7b54e1_133148_6.png,7815004,2661204,0,42014,0.9973191717061143,0.9946526786625663,1.0,0.9946526786625663,0.9960055986648694,0.9973191717061142,1.0,0.98445778327904,0.0,0.5,2.25
HistoKit (no postprocessing),gaussian,7ba3b133-6b39-da9f-5b13-68d3bea507d2_165139_1.png,22794204,2859362,6851,790715,0.9828058800705576,0.9661930410477891,0.9996995314471194,0.9664737029624736,0.9698475664481959,0.9828058800705576,0.9976097380062123,0.7833703234205744,0.0003004685528805575,0.5,2.25
HistoKit (no postprocessing),gaussian,c4a5bf6f-509c-e7c4-3751-4f823d57d1f3_145315_4.png,16671880,1067711,25387,7746277,0.8109793541226766,0.6820565790296202,0.9984795715370666,0.6827656976732519,0.6953633210126275,0.8109793541226766,0.9767751839267842,0.12113824071464585,0.0015204284629334848,0.5,2.25
HistoKit (no postprocessing),gaussian,7530b966-b7ee-7dd8-6676-04339b0c22b7_154932_3.png,23412338,883900,38505,1610463,0.965982173735484,0.934202630940303,0.9983580547616134,0.9356401787313898,0.9364442124683844,0.9659821737354839,0.9582558637474862,0.3543590086928005,0.0016419452383865261,0.5,2.25
HistoKit (no postprocessing),gaussian,ec461d09-d9f6-ab63-cb21-aeb55b7abbf3_142116_2.png,39529805,1594277,88539,249629,0.9957408379866751,0.9915178030244979,0.9977652018973837,0.9937246718995549,0.991843954440485,0.9957408379866752,0.9473864046930859,0.8646194545708946,0.002234798102616303,0.5,2.25
HistoKit (no postprocessing),gaussian,7a951edf-c71d-16ea-3e52-69a0dd7b54e1_133148_2.png,7957309,483415,22,343001,0.9789008134698016,0.9586735807676127,0.999997235253881,0.9586761217352123,0.9609479872314173,0.9789008134698017,0.9999544925191907,0.5849535826992701,2.764746119019053e-06,0.5,2.25
HistoKit (no postprocessing),gaussian,e04480a3-f748-c87a-3eb6-396b6ccbcb83_134430_1.png,63541527,716087,581653,126463,0.9944588033742864,0.9889786780605146,0.9909291304642097,0.9980137114427516,0.9891001609617871,0.9944588033742864,0.5517954289765284,0.8499044567088007,0.009070869535790333,0.5,2.25
HistoKit (no postprocessing),gaussian,59481929-3828-f3c5-2452-07bdbf0def53_144939_1.png,25511728,887243,14924,116986,0.9974213848846277,0.9948560340775361,0.9994153561540307,0.9954353542670927,0.9950280580580796,0.9974213848846278,0.9834576081811904,0.8835066503755618,0.000584643845969303,0.5,2.25
HistoKit (no postprocessing),gaussian,dfdc8007-a219-a302-d10c-929e29813dc8_163630_1.png,3833696,375525,558,107413,0.9861137029872432,0.9726077824433165,0.9998544697351819,0.9727454886429175,0.9749904567598568,0.9861137029872433,0.9985162849690095,0.7775842861816631,0.0001455302648181367,0.5,2.25
HistoKit (no postprocessing),gaussian,d28668ca-fcc7-90f7-7049-f08e38cdd015_141933_2.png,11230425,784086,5207,262510,0.9882211227834997,0.9767164990656751,0.9995365636752788,0.9771590111664253,0.9782028960869315,0.9882211227834998,0.993402956823385,0.749177332991909,0.0004634363247212084,0.5,2.25
HistoKit (no postprocessing),gaussian,0584763b-507d-517f-59c7-4dbcdbe7ec5e_135202_6.png,12902709,558488,71734,17184,0.9965661216414277,0.9931557456198519,0.9944711306681913,0.9986699580251942,0.9934378416714544,0.9965661216414277,0.8861766171285674,0.9701496685612641,0.005528869331808695,0.5,2.25
HistoKit (no postprocessing),gaussian,e04480a3-f748-c87a-3eb6-396b6ccbcb83_134430_2.png,14566571,671396,17467,39718,0.9980409606237025,0.9960895819104203,0.9988023207290052,0.997280760362882,0.9962612336248767,0.9980409606237025,0.9746437245141631,0.944146789403668,0.0011976792709947684,0.5,2.25
HistoKit (no postprocessing),gaussian,e75d7a32-60ad-6f71-61b5-c428fc2cae22_164833_5.png,45217524,4932035,763037,80104,0.9907629521440221,0.9816949885547679,0.9834052263955632,0.9982316071826101,0.98346545682029,0.9907629521440221,0.8660180240039107,0.9840180010969368,0.016594773604436883,0.5,2.25
HistoKit (no postprocessing),gaussian,7ba3b133-6b39-da9f-5b13-68d3bea507d2_165139_3.png,14894752,562312,8135,2618515,0.9189709550368005,0.8500890510930575,0.9994541326120234,0.850483921703472,0.8547505230396809,0.9189709550368004,0.9857392536028763,0.17678169859599407,0.0005458673879765712,0.5,2.25
HistoKit (no postprocessing),gaussian,e338d5a6-7427-4506-5755-323615d750be_135343_3.png,7545343,550105,7419,1011623,0.9367436867959533,0.8810139899128776,0.9990177103422563,0.881777840416802,0.8881953899779362,0.9367436867959533,0.9866929495411857,0.35224123534956153,0.00098228965774375,0.5,2.25
HistoKit (no postprocessing),gaussian,bb1fc306-b767-ee67-c337-445c06bd68ce_150126_2.png,26949327,9899778,309758,1230802,0.9722117272441849,0.9459260754526685,0.9886365224658128,0.9563237627478568,0.9598704495076995,0.9722117272441849,0.9696599336150047,0.8894215755153819,0.011363477534187226,0.5,2.25
HistoKit (no postprocessing),gaussian,015b92ff-7984-c969-27c5-4144ab20b802_144644_7.png,22006223,4806468,86852,859837,0.9789433448841932,0.9587551679717153,0.9960688134177791,0.9623968011979327,0.9658966086418357,0.9789433448841932,0.9822509053158183,0.8482543738820978,0.0039311865822209,0.5,2.25
HistoKit (no postprocessing),gaussian,31439255-cb2a-2a33-e39f-915211d58cf0_143129_8.png,7027318,4751450,327873,945469,0.916926942353388,0.8465974994759453,0.955422911519225,0.8814129864500331,0.9024416741814159,0.916926942353388,0.9354494683641895,0.8340385390769993,0.044577088480775004,0.5,2.25
HistoKit (no postprocessing),gaussian,bc7dd6a2-14aa-d481-064a-28427e54cce1_153909_1.png,22790893,493154,12775,2192761,0.953846838289034,0.9117659566492478,0.9994397831085771,0.9122321738845727,0.9134730450474612,0.953846838289034,0.9747494213614953,0.18360744848589772,0.0005602168914229062,0.5,2.25
HistoKit (no postprocessing),gaussian,110ff982-b33a-42d4-9522-02719d6987c7_164031_2.png,5866436,175620,5557,1046019,0.9177456860085004,0.8479944816516652,0.9990536432860189,0.8486761939137397,0.8517577455385337,0.9177456860085004,0.9693283363782379,0.1437576894647273,0.0009463567139810963,0.5,2.25
HistoKit (no postprocessing),gaussian,dfdc8007-a219-a302-d10c-929e29813dc8_163630_4.png,1809829,705300,1836,155971,0.958224100024752,0.9197986822765999,0.998986567604938,0.9206577474819412,0.9409611752769239,0.958224100024752,0.9974036111865328,0.8189060121610968,0.001013432395062001,0.5,2.25
HistoKit (no postprocessing),gaussian,091684ab-dffb-81d6-97c1-29bfeceeac37_154424_1.png,0,6267842,20721,0,0.0,0.0,0.0,,0.996704970595031,,0.996704970595031,1.0,1.0,0.5,2.25
HistoKit (no postprocessing),gaussian,31439255-cb2a-2a33-e39f-915211d58cf0_143129_5.png,3875433,238616,3396,1591453,0.8293497073257637,0.7084521419553873,0.9991244780319009,0.7088922285922918,0.7206380285652327,0.8293497073257637,0.9859676379683652,0.13038634062431526,0.0008755219680991351,0.5,2.25
HistoKit (no postprocessing),gaussian,8a22c195-cd7e-901b-eb5d-b1439c8b19ac_152323_2.png,2673389,490897,11419,37119,0.9910036780051438,0.9821677803996948,0.9957468094552757,0.9863055191130223,0.9848924186323309,0.9910036780051438,0.9772672978762372,0.9297009939092755,0.004253190544724241,0.5,2.25
HistoKit (no postprocessing),gaussian,bc7dd6a2-14aa-d481-064a-28427e54cce1_153909_2.png,11724487,454587,8961,2320473,0.9096362351003212,0.8342502423345058,0.9992362858726608,0.8347825127305454,0.83944358716968,0.9096362351003212,0.9806686686168423,0.16381159326284836,0.0007637141273392101,0.5,2.25
HistoKit (no postprocessing),gaussian,e338d5a6-7427-4506-5755-323615d750be_135343_2.png,6370143,922202,136,55539,0.9956490176861277,0.9913357334428083,0.9999786508565794,0.9913567151315611,0.9924231289517448,0.9956490176861276,0.9998525486318465,0.9431966134180729,2.13491434205629e-05,0.5,2.25
HistoKit (no postprocessing),gaussian,7ba3b133-6b39-da9f-5b13-68d3bea507d2_165139_2.png,10227339,5174953,76530,153664,0.9888713838790011,0.9779877338182915,0.992572692839942,0.9851975767659444,0.9852746389793664,0.988871383879001,0.9854269736758169,0.971162498637076,0.007427307160058033,0.5,2.25
HistoKit (no postprocessing),gaussian,00a8cbc5-e358-18d7-ac64-8f4f6e3173fd_135812_3.png,6468276,2157548,2744,115755,0.9909231300590093,0.9820095570290468,0.9995759555680558,0.9824188251847539,0.9864484649068888,0.9909231300590093,0.9987298013416704,0.9490806988773604,0.00042404443194426843,0.5,2.25
HistoKit (no postprocessing),gaussian,73f410c7-98a8-a0f8-02ae-aabdcdcb9cee_162913_1.png,14948200,3077476,38304,73432,0.9962764764862436,0.9925805793596998,0.997444100371908,0.9951115830823175,0.9938394739006866,0.9962764764862436,0.9877064491074466,0.9766949717351315,0.002555899628092049,0.5,2.25
HistoKit (no postprocessing),gaussian,d28668ca-fcc7-90f7-7049-f08e38cdd015_141933_3.png,1787742,1586336,54336,86031,0.9622248039547334,0.9271996552062151,0.9705028777283047,0.954086754372061,0.9600599810211854,0.9622248039547334,0.9668818630414855,0.9485573441714648,0.029497122271695337,0.5,2.25
HistoKit (no postprocessing),gaussian,098b4b43-88d6-52e4-6dfc-ff0d08e21e37_154649_1.png,38505387,1901686,119504,1018383,0.9854394562179383,0.9712968459668594,0.9969060365762585,0.9742336573661875,0.9726107089764919,0.9854394562179382,0.9408744353573885,0.651246939712726,0.0030939634237414416,0.5,2.25
HistoKit (no postprocessing),gaussian,191c1954-41f1-2c63-fab4-33ae150d32f8_151532_2.png,28296246,440373,2258,2246112,0.9617889690331185,0.9263906280570036,0.9999202077961435,0.9264591162214784,0.9274367985091103,0.9617889690331185,0.994898685360944,0.16392162993651554,7.979220385643001e-05,0.5,2.25
HistoKit (no postprocessing),gaussian,31439255-cb2a-2a33-e39f-915211d58cf0_143129_4.png,9516431,379248,34647,1532840,0.9239096871611253,0.8585800616713332,0.9963724513609877,0.8612722957016802,0.8632588065112203,0.9239096871611253,0.9162903634979886,0.19834233570839835,0.0036275486390122667,0.5,2.25
HistoKit (no postprocessing),gaussian,6c5eefac-6637-5ca1-aed4-decff7ee7c9b_152621_3.png,19707425,755910,129125,1016295,0.9717600499207723,0.9450712840382212,0.9934905515323985,0.9509598180249492,0.9469927813980954,0.9717600499207723,0.8541018151824504,0.42653643342615555,0.006509448467601473,0.5,2.25
HistoKit (no postprocessing),gaussian,8a22c195-cd7e-901b-eb5d-b1439c8b19ac_152323_1.png,13732573,4733156,161593,295426,0.9836323938347904,0.9677919562451126,0.9883697229470269,0.9789402608312133,0.9758481696210297,0.9836323938347904,0.9669864583454637,0.9412506348708244,0.011630277052973169,0.5,2.25
HistoKit (no postprocessing),gaussian,d89a4519-168e-fe8e-eec5-c3f8080d7609_170312_3.png,19079482,4599219,29379,2719497,0.9328031986044729,0.8740685854611694,0.9984625457268228,0.8752465883837954,0.8959845618839745,0.9328031986044729,0.9936527216232648,0.6284188374026264,0.0015374542731772449,0.5,2.25
HistoKit (no postprocessing),gaussian,e338d5a6-7427-4506-5755-323615d750be_135343_5.png,4520167,149102,41268,262404,0.9675008770328273,0.9370476502221571,0.9909528470755365,0.9451332766413714,0.9389351291318356,0.9675008770328274,0.7832221463465883,0.3623325054798715,0.009047152924463463,0.5,2.25
HistoKit (no postprocessing),gaussian,bb1fc306-b767-ee67-c337-445c06bd68ce_150126_1.png,27456953,4537020,758722,154905,0.9836348312220782,0.967796675288274,0.9731099114233489,0.9943899103059273,0.9722365958015777,0.9836348312220782,0.8567298029246893,0.9669847663805368,0.026890088576651098,0.5,2.25
HistoKit (no postprocessing),gaussian,bb1fc306-b767-ee67-c337-445c06bd68ce_150126_3.png,30796591,1745609,132935,4400005,0.9314500856408909,0.871695438017561,0.9957020033220038,0.8749877687035417,0.8777364023439965,0.9314500856408909,0.9292350884514816,0.2840414318243873,0.004297996677996294,0.5,2.25
HistoKit (no postprocessing),constant,1d49a2ac-7490-df96-fb85-41e83b5a5b35_151838_3.png,0,6117452,71983,0,0.0,0.0,0.0,,0.9883700208500453,,0.9883700208500453,1.0,1.0,0.75,
HistoKit (no postprocessing),gaussian,745e05db-827a-cff7-7148-db0494ae96fc_133425_4.png,24643109,4700408,149625,1078826,0.9756813016036985,0.9525173201770593,0.9939649657032581,0.958058132096205,0.9598177323749651,0.9756813016036985,0.969149694445378,0.8133271641189819,0.006035034296741941,0.5,2.25
HistoKit (no postprocessing),gaussian,1cfd19dd-0b58-a07f-0753-c0e3d9e98b9b_133722_2.png,20030825,765081,2527,4215117,0.9047490684923748,0.8260655549016311,0.9998738603504795,0.8261516504493824,0.831385628989088,0.9047490684923747,0.9967079551020833,0.15362461492494878,0.00012613964952045968,0.5,2.25
HistoKit (no postprocessing),gaussian,e0661871-0847-f23e-2d1f-8518496574c0_141209_2.png,42732526,3074327,121210,637715,0.9911982139260406,0.9825500188531304,0.997171541823098,0.9852960236029125,0.9837020869703927,0.9911982139260406,0.9620689730708798,0.8282037218328887,0.0028284581769020094,0.5,2.25
HistoKit (no postprocessing),gaussian,d28668ca-fcc7-90f7-7049-f08e38cdd015_141933_1.png,23136268,3882272,27820,78724,0.9977027573638805,0.9954160451842058,0.9987990030084499,0.9966089154801345,0.9960721227628272,0.9977027573638804,0.9928850778958653,0.9801252008333258,0.0012009969915500235,0.5,2.25
HistoKit (no postprocessing),constant,538ad0bc-9add-9e27-6ee9-4f1bdd825510_142716_4.png,0,6987044,2932,0,0.0,0.0,0.0,,0.9995805421935641,,0.9995805421935641,1.0,1.0,0.75,
HistoKit (no postprocessing),gaussian,dfdc8007-a219-a302-d10c-929e29813dc8_163630_5.png,11882027,379578,1,160974,0.9932716904961745,0.9866333161781423,0.9999999158392826,0.9866333981040107,0.9870417417315888,0.9932716904961745,0.9999973655023066,0.7022044132664388,8.416071734555751e-08,0.5,2.25
HistoKit (no postprocessing),constant,110ff982-b33a-42d4-9522-02719d6987c7_164031_4.png,11954089,433038,16839,2899687,0.8912746250620324,0.8038732090098493,0.9985933421368837,0.8047845207844793,0.8094228874635356,0.8912746250620323,0.9625697690702125,0.12993511315815137,0.0014066578631163765,0.75,
HistoKit (no postprocessing),constant,4adc5212-3bb5-0299-1727-5490f70e71c6_162331_3.png,4303353,238516,3782,1167405,0.8802209228511705,0.7860665918963055,0.999121922112959,0.7866100090700411,0.7949981586037316,0.8802209228511705,0.9843911216766131,0.1696510685877798,0.0008780778870409216,0.75,
HistoKit (no postprocessing),constant,dfdc8007-a219-a302-d10c-929e29813dc8_163630_7.png,2244950,429663,32617,141330,0.9627031075419069,0.9280882980961984,0.9856790162484792,0.9407739242670601,0.9389351110736653,0.962703107541907,0.9294431946006749,0.7524838308000273,0.014320983751520812,0.75,
HistoKit (no postprocessing),gaussian,a796f488-e06e-b9c5-67ad-c084c09ace36_143658_2.png,39330067,3114984,3127,2007902,0.9750712779484784,0.9513552083863476,0.9999204997183804,0.9514271734056408,0.9547636903658622,0.9750712779484783,0.9989971492355468,0.6080525703675623,7.950028161964166e-05,0.5,2.25
HistoKit (no postprocessing),constant,4adc5212-3bb5-0299-1727-5490f70e71c6_162331_1.png,5737291,616063,14253,3311011,0.7753176620891866,0.6330765440871807,0.9975218828196394,0.634073774283838,0.6564319410064536,0.7753176620891867,0.9773875326026945,0.15687583172611466,0.002478117180360613,0.75,
HistoKit (no postprocessing),gaussian,745e05db-827a-cff7-7148-db0494ae96fc_133425_3.png,48874461,4982523,504299,707357,0.9877561749891962,0.975808545909039,0.9897871270967518,0.9857335404684031,0.9779973502160213,0.9877561749891962,0.9080890541008985,0.8756815609468038,0.01021287290324828,0.5,2.25
HistoKit (no postprocessing),constant,2f6f5632-66e3-03e5-2957-29197ae74c65_142917_2.png,23555660,1059204,16679,99791,0.9975338672421471,0.9950798681825421,0.9992924333898303,0.9957814797105327,0.9952905896624905,0.997533867242147,0.9844973849386969,0.9138986794593592,0.000707566610169657,0.75,
HistoKit (no postprocessing),constant,34677a0d-5045-a6c6-f661-b69bd9d6f859_140044_2.png,23268827,1124844,59857,46479,0.9977202636395386,0.9954508980322404,0.99743418874378,0.9980065026811142,0.9956597563421105,0.9977202636395386,0.9494750152148095,0.9603192287695196,0.002565811256220025,0.75,
HistoKit (no postprocessing),gaussian,745e05db-827a-cff7-7148-db0494ae96fc_133425_2.png,28656919,4344249,162480,259138,0.9926974162982276,0.9855007148399523,0.9943621308688637,0.9910382663860429,0.9873853125230194,0.9926974162982275,0.9639472442208085,0.9437071008802866,0.005637869131136288,0.5,2.25
HistoKit (no postprocessing),constant,015b92ff-7984-c969-27c5-4144ab20b802_144644_8.png,19313397,4873024,78056,1258839,0.9665472574366195,0.9352602374823562,0.9959747214404202,0.9388088392530594,0.9476206383214469,0.9665472574366196,0.9842345508454721,0.7947052959271921,0.0040252785595798314,0.75,
HistoKit (no postprocessing),constant,654bcee2-3394-aaf6-25f2-380d7ca46c60_144121_7.png,5253277,321883,19,506659,0.9539937050268259,0.9120343822130554,0.999996383223028,0.91203739069323,0.9166899874676043,0.953993705026826,0.9999409758249405,0.3884932809682551,3.6167769720190906e-06,0.75,
HistoKit (no postprocessing),constant,8a22c195-cd7e-901b-eb5d-b1439c8b19ac_152323_3.png,3876354,437004,107765,2686,0.9859533553880826,0.9722958609713793,0.9729513601375862,0.9993075606335589,0.9750326019952489,0.9859533553880825,0.8021822093401056,0.9938911505833655,0.027048639862413747,0.75,
HistoKit (no postprocessing),constant,91e6ffad-da04-5736-d731-feb79e91105c_134712_2.png,6801245,190507,971,904521,0.9375866333443204,0.8825064356030314,0.9998572524012763,0.8826176398297068,0.8853407593839066,0.9375866333443204,0.9949289213382216,0.17397454676958032,0.00014274759872371005,0.75,
HistoKit (no postprocessing),constant,8b8e8141-b9e0-9b57-cdad-61702acf8a5e_150400_2.png,14492444,503333,6525,1780598,0.941923750124748,0.8902229402047364,0.999549968001173,0.890579892806766,0.8935152446835767,0.941923750124748,0.9872023190770763,0.22038012531902235,0.0004500319988269511,0.75,
HistoKit (no postprocessing),constant,59481929-3828-f3c5-2452-07bdbf0def53_144939_2.png,22524171,2394878,5569,286422,0.9935600164206999,0.9872024488605927,0.9997528156117204,0.9874434654110045,0.988418129517862,0.9935600164206999,0.9976800154304594,0.8931779360757841,0.00024718438827966944,0.75,
HistoKit (no postprocessing),constant,8b8e8141-b9e0-9b57-cdad-61702acf8a5e_150400_5.png,2403258,227522,15,1524791,0.7591646736653104,0.6118174245633472,0.9999937585118295,0.6118197609042046,0.6330707630644631,0.7591646736653104,0.9999340766556648,0.12984095877848306,6.2414881705074705e-06,0.75,
HistoKit (no postprocessing),constant,6875bf3f-1b6d-1a53-f365-0d72c060072a_140344_1.png,22885380,513655,8355,2265482,0.9526723681332991,0.9096221078740249,0.9996350529959397,0.9099242801300409,0.9114303611999468,0.9526723681332991,0.9839945594911975,0.18482536125423107,0.0003649470040602811,0.75,
HistoKit (no postprocessing),constant,1cfd19dd-0b58-a07f-0753-c0e3d9e98b9b_133722_4.png,19738127,749402,3121,4638838,0.894783612382487,0.8096003845105386,0.99984190462528,0.8097040382180473,0.8152784091741145,0.894783612382487,0.9958526184581734,0.1390810357370867,0.00015809537471997718,0.75,
HistoKit (no postprocessing),constant,3c8a2c44-1287-eab9-5fb8-1902a0075b0d_153549_11.png,12778622,2017946,56511,59707,0.9954732244525495,0.9909872476122232,0.9955971628809768,0.9953493168776092,0.9922068217166129,0.9954732244525496,0.9727586544334252,0.9712622848955047,0.004402837119023231,0.75,
HistoKit (no postprocessing),constant,c282e7fa-bbd4-0343-5231-dcd676a3dd4f_140949_1.png,4471320,5046391,2258295,46321,0.7950952659030789,0.6598822657120729,0.6644243392824106,0.9897466398945821,0.8050624043811341,0.7950952659030789,0.6908429739485037,0.9909044532657649,0.3355756607175893,0.75,
HistoKit (no postprocessing),constant,b3ac8263-eb4f-ecee-6126-3ea976dfb769_143901_2.png,36909974,4777975,169314,281129,0.9939350931921175,0.9879433090910094,0.9954337310899821,0.9924409609470308,0.9893103894424827,0.9939350931921175,0.9657764080489335,0.9444310692169997,0.004566268910017906,0.75,
HistoKit (no postprocessing),constant,cfd234aa-a9c1-9363-1732-dc841509f243_163200_1.png,7948343,1826065,8794,3146638,0.8343789388665345,0.7158234924608973,0.9988948286299457,0.7163908617779516,0.7559573823032613,0.8343789388665345,0.9952072611573969,0.36721778879615374,0.00110517137005433,0.75,
HistoKit (no postprocessing),constant,997c9bdf-d489-63a3-9c13-1b5273502c59_152111_4.png,4658400,2740516,78372,60203,0.9853443147416152,0.971112002876813,0.9834545551274159,0.9872413508828778,0.9816152350961348,0.9853443147416152,0.9721975474016704,0.9785044483220202,0.016545444872584116,0.75,
HistoKit (no postprocessing),constant,bffc0a6a-719c-940b-52f7-9a2879514091_151206_1.png,29080328,859469,48680,127023,0.9969881047941302,0.9939942981329217,0.9983288136691781,0.9956509921081169,0.9941656954060202,0.9969881047941302,0.9463964613736292,0.8712376785620157,0.0016711863308218392,0.75,
HistoKit (no postprocessing),constant,7a951edf-c71d-16ea-3e52-69a0dd7b54e1_133148_4.png,10250233,1820919,651,343503,0.9834895526999293,0.9675154400155479,0.9999364932819452,0.9675748952022214,0.9722798616481946,0.9834895526999292,0.9996426159851117,0.841295736228887,6.350671805475509e-05,0.75,
HistoKit (no postprocessing),constant,654bcee2-3394-aaf6-25f2-380d7ca46c60_144121_5.png,6578179,495487,859,852799,0.939068021050083,0.8851349942147547,0.99986943379868,0.885237313311922,0.8923144809017519,0.939068021050083,0.9982693524275404,0.36749398866412614,0.0001305662013200106,0.75,
HistoKit (no postprocessing),constant,1cfd19dd-0b58-a07f-0753-c0e3d9e98b9b_133722_1.png,18920452,1041089,4815,4524619,0.8930989410563588,0.8068462251799433,0.9997455782261883,0.8070119301408812,0.8150570159007553,0.8930989410563588,0.9953963270051553,0.18705418969159,0.00025442177381169843,0.75,
HistoKit (no postprocessing),constant,997c9bdf-d489-63a3-9c13-1b5273502c59_152111_3.png,17013675,450274,205341,196214,0.9883366897669269,0.9769423085425802,0.9880747540974467,0.9885987643499619,0.9775234440629271,0.988336689766927,0.6867963667701319,0.6964924329608593,0.011925245902553316,0.75,
HistoKit (no postprocessing),constant,8a46ca7f-3853-419d-26c8-1bf78b04ebee_163832_3.png,7145982,126323,13454,135979,0.9896524553684107,0.9795168609325172,0.9981208016944352,0.9813265959540294,0.9798654978119681,0.9896524553684106,0.9037466822152429,0.4815937354652271,0.0018791983055648517,0.75,
HistoKit (no postprocessing),constant,e0661871-0847-f23e-2d1f-8518496574c0_141209_1.png,30614136,2853349,332817,297625,0.9898083558607442,0.979822355097899,0.9892455648218421,0.9903717876183113,0.9815108408203231,0.9898083558607442,0.8955431072957278,0.9055450790771361,0.010754435178157927,0.75,
HistoKit (no postprocessing),constant,e338d5a6-7427-4506-5755-323615d750be_135343_4.png,13150145,1587205,151229,316842,0.9825140209368814,0.9656290515585889,0.9886305730520771,0.9764726883600615,0.9692168339173246,0.9825140209368814,0.9130084892495199,0.8335954942288715,0.011369426947922824,0.75,
HistoKit (no postprocessing),constant,a796f488-e06e-b9c5-67ad-c084c09ace36_143658_1.png,27882010,3670040,514105,980950,0.9738896410743625,0.9491080882314146,0.9818952346121996,0.9660135343014022,0.9547598798745004,0.9738896410743625,0.877130214177568,0.789087914616028,0.018104765387800408,0.75,
HistoKit (no postprocessing),constant,6c5eefac-6637-5ca1-aed4-decff7ee7c9b_152621_4.png,8490760,813780,1955,2196381,0.8853830810825691,0.7943384548141396,0.9997698027073793,0.7944837632440707,0.8088881424089072,0.8853830810825691,0.997603388355287,0.2703443437078615,0.00023019729262079323,0.75,
HistoKit (no postprocessing),constant,110ff982-b33a-42d4-9522-02719d6987c7_164031_1.png,19593626,654563,3943,1902298,0.9536120962021895,0.9113370794340263,0.9997988015758486,0.9115042461073085,0.9139566669058965,0.9536120962021895,0.9940122033815941,0.25600257503243234,0.00020119842415148532,0.75,
HistoKit (no postprocessing),constant,8b8e8141-b9e0-9b57-cdad-61702acf8a5e_150400_3.png,1750922,597190,3676,5119892,0.4059915051014375,0.2546984576310388,0.9979049332097722,0.2548347255507135,0.3142682770140049,0.4059915051014375,0.9938821634108104,0.10445713390152529,0.002095066790227733,0.75,
HistoKit (no postprocessing),constant,538ad0bc-9add-9e27-6ee9-4f1bdd825510_142716_3.png,0,6843337,1736,0,0.0,0.0,0.0,,0.999746386926772,,0.999746386926772,1.0,1.0,0.75,
HistoKit (no postprocessing),constant,bffc0a6a-719c-940b-52f7-9a2879514091_151206_2.png,59645077,8757680,297631,747796,0.9913124032699855,0.9827744551272799,0.995034742174144,0.9876178104658144,0.9849466618162399,0.9913124032699855,0.967131885365395,0.9213299786354728,0.004965257825855982,0.75,
HistoKit (no postprocessing),constant,75867af4-ee91-110d-5a8d-03a78d8d262a_171204_2.png,18350688,409049,22028,2658953,0.9319243132146713,0.8725264742422487,0.9988010482500247,0.8734412929759248,0.8749584318957975,0.9319243132146713,0.9489000804960599,0.13332748805248498,0.001198951749975344,0.75,
HistoKit (no postprocessing),constant,22c86e01-80fd-7f77-3526-d5f72a54b219_141444_4.png,4629790,242418,14436,469553,0.9503273389863611,0.9053559021615912,0.9968916241371544,0.9079189221042789,0.9096394326048873,0.9503273389863612,0.9437968651451798,0.3404885873160564,0.0031083758628456066,0.75,
HistoKit (no postprocessing),constant,191c1954-41f1-2c63-fab4-33ae150d32f8_151532_1.png,37564085,1495774,35480,4062469,0.9482752777527825,0.9016382877513853,0.9990563720617512,0.9024067906269637,0.9050473323390289,0.9482752777527824,0.9768294482822576,0.269109141144063,0.0009436279382487537,0.75,
HistoKit (no postprocessing),constant,654bcee2-3394-aaf6-25f2-380d7ca46c60_144121_3.png,6464758,1859945,2385,557587,0.9584882687912247,0.9202856195184725,0.9996312127318044,0.9205981762502412,0.936973271391469,0.9584882687912247,0.9987193461953574,0.7693569309527237,0.00036878726819555407,0.75,
HistoKit (no postprocessing),constant,22c86e01-80fd-7f77-3526-d5f72a54b219_141444_1.png,35293939,824531,35441,1366039,0.9805321225395565,0.9618077667950868,0.9989968405899,0.9627375935686595,0.9626470717578248,0.9805321225395565,0.9587881931039616,0.3764002063389894,0.0010031594101000357,0.75,
HistoKit (no postprocessing),constant,778d67ae-3cb9-eeb7-6fac-a66f6e936029_142330_2.png,11016960,470755,49186,1907243,0.9184493314374043,0.849196767321168,0.9955552728113293,0.852428579154939,0.8544772355904549,0.9184493314374043,0.9054008050913469,0.19796274008640882,0.004444727188670744,0.75,
HistoKit (no postprocessing),constant,015b92ff-7984-c969-27c5-4144ab20b802_144644_9.png,1129518,9401351,3683,47036,0.9780413940006624,0.9570264277429025,0.9967499146223838,0.9600222344235794,0.9952068630908707,0.9780413940006624,0.9996084012030153,0.9950217957837671,0.0032500853776161512,0.75,
HistoKit (no postprocessing),constant,4adc5212-3bb5-0299-1727-5490f70e71c6_162331_2.png,5028726,924430,5449,2908654,0.7753466720065559,0.6331152288435267,0.9989175982161923,0.6335498615412138,0.6713637213032798,0.7753466720065559,0.9941400977976704,0.2411713387966452,0.0010824017838076746,0.75,
HistoKit (no postprocessing),constant,d89a4519-168e-fe8e-eec5-c3f8080d7609_170312_2.png,22183934,522244,27436,2382866,0.9484737859561415,0.9019972809889276,0.9987647767787399,0.9030046241268704,0.9040350399419027,0.9484737859561414,0.9500873235336923,0.1797673754177983,0.0012352232212601024,0.75,
HistoKit (no postprocessing),constant,31439255-cb2a-2a33-e39f-915211d58cf0_143129_7.png,8258317,1918087,1689852,1350904,0.8445213804091446,0.7308844716730302,0.8301343694502978,0.859415867321607,0.7699387765601687,0.8445213804091446,0.5316295536038719,0.5867519977876966,0.16986563054970216,0.75,
HistoKit (no postprocessing),constant,110ff982-b33a-42d4-9522-02719d6987c7_164031_3.png,5238234,210341,1419,696258,0.9375632766533816,0.8824650504362347,0.9997291805392456,0.8826760571924269,0.88648740728496,0.9375632766533816,0.9932990177559501,0.232011065531729,0.00027081946075436673,0.75,
HistoKit (no postprocessing),constant,dfdc8007-a219-a302-d10c-929e29813dc8_163630_6.png,2528668,238855,46,42147,0.9917260986259712,0.9835879886154871,0.9999818089352928,0.9836055881111632,0.9849831797946839,0.991726098625971,0.9998074516222201,0.8500117436886571,1.8191064707198996e-05,0.75,
HistoKit (no postprocessing),constant,cfd234aa-a9c1-9363-1732-dc841509f243_163200_2.png,13392935,1914612,1048984,2114034,0.8943861287938304,0.808949807963335,0.9273653314355246,0.8636720045032656,0.8287535871263277,0.8943861287938303,0.6460435228013535,0.4752495007007317,0.0726346685644754,0.75,
HistoKit (no postprocessing),constant,dad7b6f2-9f0b-8c2a-a00e-ff89c406e2d2_171435_2.png,6550987,1413257,12349,123495,0.9897381879702531,0.9796848462298509,0.9981184873058457,0.9814974405504427,0.983229318002471,0.989738187970253,0.9913377188367614,0.9196389528043561,0.0018815126941543142,0.75,
HistoKit (no postprocessing),constant,191c1954-41f1-2c63-fab4-33ae150d32f8_151532_3.png,48964467,588006,2432,4040767,0.9603499614938916,0.9237242590533981,0.9999503337958975,0.9237666416112794,0.924561091425442,0.9603499614938916,0.9958810239178373,0.1270328011332593,4.9666204102489726e-05,0.75,
HistoKit (no postprocessing),constant,75867af4-ee91-110d-5a8d-03a78d8d262a_171204_5.png,7818276,144117,1705,2398746,0.866915196499108,0.7650929514018723,0.9997819687797196,0.7652206288681771,0.7683598247739714,0.8669151964991081,0.988307662766935,0.05667509417534488,0.0002180312202804585,0.75,
HistoKit (no postprocessing),constant,22c86e01-80fd-7f77-3526-d5f72a54b219_141444_2.png,30432966,557752,54810,476271,0.9913500515082061,0.9828484629286346,0.9982022302971525,0.984591305181684,0.9831519451031332,0.9913500515082061,0.9105233429432449,0.5393999940040018,0.0017977697028474626,0.75,
HistoKit (no postprocessing),constant,e04480a3-f748-c87a-3eb6-396b6ccbcb83_134430_3.png,25405687,1485297,42210,222580,0.9948157813887512,0.9896850377965318,0.9983413167697118,0.9913150584860069,0.9902492191899962,0.9948157813887512,0.9723667387448961,0.8696744554789367,0.0016586832302881453,0.75,
HistoKit (no postprocessing),constant,6520c4c0-cf13-4bc7-106a-ea8d45dc1109_165944_1.png,0,8599038,6296202,0,0.0,0.0,0.0,,0.5773010706776125,,0.5773010706776125,1.0,1.0,0.75,
HistoKit (no postprocessing),constant,2f6f5632-66e3-03e5-2957-29197ae74c65_142917_4.png,4162956,458795,2814,39327,0.9949640615325931,0.9899785902679534,0.9993244946312446,0.9906415155761761,0.9909644134126605,0.9949640615325931,0.9939039316824412,0.9210494617784398,0.0006755053687553562,0.75,
HistoKit (no postprocessing),constant,098b4b43-88d6-52e4-6dfc-ff0d08e21e37_154649_2.png,44778944,723890,26878,354988,0.995754202307469,0.991544305781938,0.9994001226001389,0.9921347867498006,0.9916777052045671,0.995754202307469,0.964199326556273,0.6709655772015001,0.0005998773998611163,0.75,
HistoKit (no postprocessing),constant,00a8cbc5-e358-18d7-ac64-8f4f6e3173fd_135812_5.png,5807203,2990397,17920,88656,0.9909072465088676,0.9819783593536383,0.9969236701096269,0.9849630053907327,0.9880307846565477,0.9909072465088676,0.9940431809546667,0.9712067314203425,0.0030763298903731303,0.75,
HistoKit (no postprocessing),constant,6875bf3f-1b6d-1a53-f365-0d72c060072a_140344_4.png,9856678,324547,14974,694411,0.9652649465612868,0.9328619373176177,0.9984831312935262,0.9341858456506243,0.9348626936415867,0.9652649465612868,0.9558966897482041,0.31850871184091983,0.0015168687064738505,0.75,
HistoKit (no postprocessing),constant,ec461d09-d9f6-ab63-cb21-aeb55b7abbf3_142116_1.png,35871238,1677862,114253,130491,0.9966001743087176,0.9932233879172938,0.9968250259528209,0.9963754240803268,0.9935242363809302,0.9966001743087176,0.9362468368380378,0.9278398631240693,0.0031749740471791812,0.75,
HistoKit (no postprocessing),constant,8b8e8141-b9e0-9b57-cdad-61702acf8a5e_150400_1.png,4524492,222655,9100,734357,0.9240784805341181,0.8588716405568847,0.9979927615894858,0.8603578463652407,0.8645946784725324,0.9240784805341181,0.9607343962374059,0.23265643482004406,0.0020072384105142235,0.75,
HistoKit (no postprocessing),constant,0584763b-507d-517f-59c7-4dbcdbe7ec5e_135202_1.png,7370717,1058893,12985,60038,0.9950708284481841,0.9901900120100917,0.9982413970661329,0.9919203364933981,0.9914117191698149,0.9950708284481842,0.987885748191492,0.9463434295769801,0.0017586029338670494,0.75,
HistoKit (no postprocessing),constant,8a46ca7f-3853-419d-26c8-1bf78b04ebee_163832_4.png,24296632,720951,8471,172821,0.9962830620129068,0.992593652958478,0.9996514723677575,0.9929372757127019,0.9928055518351514,0.996283062012907,0.9883866952189542,0.8066386058189337,0.0003485276322424966,0.75,
HistoKit (no postprocessing),constant,34677a0d-5045-a6c6-f661-b69bd9d6f859_140044_1.png,7132997,163157,37860,67314,0.9926815969307435,0.985469533670868,0.9947202963327815,0.990651237147951,0.9857898474435939,0.9926815969307435,0.8116577204913017,0.7079285463247003,0.005279703667218577,0.75,
HistoKit (no postprocessing),constant,654bcee2-3394-aaf6-25f2-380d7ca46c60_144121_6.png,2260884,687509,566,677741,0.8695582275255646,0.7692198295381281,0.9997497181012183,0.7693679867284869,0.8129685388921057,0.8695582275255644,0.9991774152526978,0.5035773667826405,0.00025028189878175506,0.75,
HistoKit (no postprocessing),constant,745e05db-827a-cff7-7148-db0494ae96fc_133425_1.png,35018353,2382000,73466,244293,0.9954834565226244,0.9910075279362937,0.9979064636119319,0.9930721874926799,0.9915754266809537,0.9954834565226245,0.9700806282799274,0.9069818180987422,0.0020935363880681137,0.75,
HistoKit (no postprocessing),constant,cfd234aa-a9c1-9363-1732-dc841509f243_163200_4.png,14784763,5445457,960154,2677485,0.8904562012445205,0.8025426326056722,0.9390181605911292,0.8466700850887011,0.8475925720861682,0.8904562012445206,0.8501073511956939,0.6703798943781699,0.060981839408870815,0.75,
HistoKit (no postprocessing),constant,302e8390-e88c-6502-e08e-b8e893212016_162708_2.png,48418738,2285744,78463,758405,0.9914320591700109,0.9830096903081448,0.9983821128151292,0.984578099626487,0.9837631726759194,0.991432059170011,0.9668121277028618,0.7508646915771863,0.001617887184870731,0.75,
HistoKit (no postprocessing),constant,73f410c7-98a8-a0f8-02ae-aabdcdcb9cee_162913_2.png,17021634,1357015,30652,33610,0.998115899920047,0.99623888615499,0.9982024697451122,0.9980293451093399,0.996515625976832,0.9981158999200469,0.9779111270931715,0.9758310112359551,0.0017975302548878197,0.75,
HistoKit (no postprocessing),constant,cfd234aa-a9c1-9363-1732-dc841509f243_163200_3.png,10742532,867885,23732,5635675,0.7915079280786131,0.6549550025762197,0.9977957070344922,0.6559040314974649,0.6722950390229802,0.7915079280786133,0.9733831903160214,0.13344768096242673,0.002204292965507812,0.75,
HistoKit (no postprocessing),constant,7530b966-b7ee-7dd8-6676-04339b0c22b7_154932_1.png,16956693,453501,221856,710775,0.9732356498592077,0.9478666158654179,0.9870852887516868,0.9597692776350295,0.9491555417445241,0.9732356498592077,0.6714981854041641,0.3895133112767076,0.01291471124831323,0.75,
HistoKit (no postprocessing),constant,91e6ffad-da04-5736-d731-feb79e91105c_134712_4.png,8002719,307944,32572,1712253,0.9017014564798279,0.8209984997246486,0.9959463820289769,0.8237511132301771,0.8264803259672728,0.9017014564798279,0.9043451702710005,0.1524326587951571,0.004053617971023078,0.75,
HistoKit (no postprocessing),constant,75867af4-ee91-110d-5a8d-03a78d8d262a_171204_3.png,17656611,322321,22537,4030756,0.8970370376956152,0.8132975161935309,0.9987252213737902,0.8141426757798677,0.8160288849628216,0.8970370376956152,0.9346484640054747,0.07404440583063429,0.0012747786262098152,0.75,
HistoKit (no postprocessing),constant,e7510405-61bb-4166-6cb6-90d49adffbe4_135053_1.png,7506370,427997,1140596,24085,0.9280057680392938,0.8656816803407107,0.8680929241539749,0.996801654083319,0.8719996861210095,0.9280057680392937,0.27285408005773326,0.9467242668365473,0.13190707584602507,0.75,
HistoKit (no postprocessing),constant,778d67ae-3cb9-eeb7-6fac-a66f6e936029_142330_1.png,16603244,345793,65528,1878283,0.9447000152118193,0.8951957062725052,0.9960688165870887,0.8983697072217031,0.8971139237451125,0.9447000152118195,0.8406889023414803,0.1554771509606686,0.003931183412911281,0.75,
HistoKit (no postprocessing),constant,22c86e01-80fd-7f77-3526-d5f72a54b219_141444_3.png,15832402,749476,26938,653319,0.9789687519834945,0.9588039091705339,0.9983014425568781,0.9603706140604952,0.9605925338899273,0.9789687519834944,0.9653045926528888,0.5342733613963552,0.0016985574431218448,0.75,
HistoKit (no postprocessing),constant,e0661871-0847-f23e-2d1f-8518496574c0_141209_3.png,42641930,1701087,78966,101355,0.9978900985431546,0.9957890817089461,0.9981515837121019,0.9976287503405505,0.9959499667343001,0.9978900985431545,0.9556383995308005,0.9437679548079771,0.0018484162878980815,0.75,
HistoKit (no postprocessing),constant,6875bf3f-1b6d-1a53-f365-0d72c060072a_140344_3.png,7583626,630128,10544,1131958,0.9299497711614779,0.8690711389977319,0.9986115665043053,0.8701225299417686,0.8778889761032618,0.9299497711614779,0.9835422806053644,0.35760343138757134,0.0013884334956947237,0.75,
HistoKit (no postprocessing),constant,dad7b6f2-9f0b-8c2a-a00e-ff89c406e2d2_171435_1.png,23715889,1068979,29252,78716,0.9977288898430379,0.995468072193348,0.9987680848052239,0.9966918551495182,0.9956626878512356,0.9977288898430379,0.9733644379005874,0.931413833814733,0.0012319151947760597,0.75,
HistoKit (no postprocessing),constant,91e6ffad-da04-5736-d731-feb79e91105c_134712_1.png,82800175,2995730,161421,2974454,0.9814155199928172,0.9635092024825437,0.9980542683870257,0.9653224498353703,0.9647384208434825,0.9814155199928172,0.9488713083409694,0.501781854629606,0.0019457316129742731,0.75,
HistoKit (no postprocessing),constant,c4a5bf6f-509c-e7c4-3751-4f823d57d1f3_145315_3.png,21553628,1118589,91753,2832655,0.9364696440259036,0.8805293039033033,0.9957610817753682,0.8838422813349619,0.8857502502771362,0.9364696440259035,0.9241925009625379,0.2830979306770222,0.004238918224631851,0.75,
HistoKit (no postprocessing),constant,0584763b-507d-517f-59c7-4dbcdbe7ec5e_135202_2.png,16993405,1480826,69752,158778,0.9933208321179915,0.9867302948245943,0.9959121281014996,0.9907429858928161,0.9877809484920435,0.9933208321179916,0.9550154845483426,0.9031607632086772,0.004087871898500377,0.75,
HistoKit (no postprocessing),constant,778d67ae-3cb9-eeb7-6fac-a66f6e936029_142330_3.png,17918554,630787,5789,2520510,0.9341482105590883,0.876433496489312,0.9996770313980267,0.8766817306311091,0.8801318014541907,0.9341482105590883,0.9909060347861056,0.20016742312768362,0.0003229686019733052,0.75,
HistoKit (no postprocessing),constant,7a951edf-c71d-16ea-3e52-69a0dd7b54e1_133148_1.png,12593395,2860534,204,358287,0.9859664491457346,0.9723213283378189,0.9999838012946101,0.9723366432251811,0.9773285177094967,0.9859664491457347,0.999928689729713,0.8886899892848965,1.6198705389936586e-05,0.75,
HistoKit (no postprocessing),constant,bc7dd6a2-14aa-d481-064a-28427e54cce1_153909_3.png,23919232,1325450,225619,2043679,0.9547116472693392,0.9133476373053394,0.9906556060337668,0.9212846741261024,0.9175220015424885,0.9547116472693392,0.8545396755399018,0.393410284972763,0.009344393966233214,0.75,
HistoKit (no postprocessing),constant,00a8cbc5-e358-18d7-ac64-8f4f6e3173fd_135812_2.png,8565041,5793559,114310,117650,0.986639820362144,0.9736319229701123,0.9868296604204623,0.9864500533302406,0.984102049544363,0.986639820362144,0.9806512297412147,0.9800971341057303,0.013170339579537687,0.75,
HistoKit (no postprocessing),constant,dad7b6f2-9f0b-8c2a-a00e-ff89c406e2d2_171435_3.png,5796074,588673,28178,294121,0.9729488913753194,0.9473227604789705,0.9951619538440301,0.9517058156594329,0.9519462070187084,0.9729488913753195,0.954319600681526,0.666829407540151,0.0048380461559699,0.75,
HistoKit (no postprocessing),constant,1d49a2ac-7490-df96-fb85-41e83b5a5b35_151838_1.png,0,6029147,206553,0,0.0,0.0,0.0,,0.9668757316740703,,0.9668757316740703,1.0,1.0,0.75,
HistoKit (no postprocessing),constant,7a951edf-c71d-16ea-3e52-69a0dd7b54e1_133148_5.png,5779893,2905499,303,406150,0.9660333543396551,0.9342983725772855,0.9999475796322478,0.9343441356615206,0.9552947724031811,0.9660333543396551,0.9998957258615694,0.8773571716084645,5.242036775223539e-05,0.75,
HistoKit (no postprocessing),constant,3c8a2c44-1287-eab9-5fb8-1902a0075b0d_153549_25.png,37447767,2819281,72491,94195,0.9977793622410848,0.9955685650938484,0.998067950385629,0.9974909409369708,0.9958775511556761,0.9977793622410849,0.9749319794229974,0.9676692033845482,0.0019320496143709887,0.75,
HistoKit (no postprocessing),constant,6c5eefac-6637-5ca1-aed4-decff7ee7c9b_152621_1.png,34964119,361562,373512,275613,0.990802645885197,0.9817729325640765,0.9894301912881484,0.9921789132789092,0.981956122292918,0.990802645885197,0.491871566672199,0.5674453643033703,0.01056980871185168,0.75,
HistoKit (no postprocessing),constant,7a951edf-c71d-16ea-3e52-69a0dd7b54e1_133148_3.png,8627769,1490403,609,378467,0.9785038674506853,0.9579124543610998,0.9999294189475705,0.9579772282227559,0.9638880590417602,0.9785038674506853,0.9995915525830777,0.7974888569028343,7.058105242955281e-05,0.75,
HistoKit (no postprocessing),constant,6875bf3f-1b6d-1a53-f365-0d72c060072a_140344_5.png,10567022,466309,24216,1392963,0.9371573328861145,0.8817460588319572,0.9977135817361483,0.883531375666441,0.886175024155637,0.9371573328861145,0.950632485602161,0.2508019267756412,0.002286418263851686,0.75,
HistoKit (no postprocessing),constant,2f6f5632-66e3-03e5-2957-29197ae74c65_142917_3.png,5400195,642449,5207,73985,0.9927210438783401,0.9855472884101817,0.9990367043931238,0.9864847337866128,0.9870640115154996,0.9927210438783403,0.9919602381511172,0.8967315900697064,0.0009632956068762323,0.75,
HistoKit (no postprocessing),constant,e92b8137-1dab-8f48-a38e-05fbbeabd072_134925_1.png,6149531,31699,23285,203062,0.9819289733373178,0.964499477562149,0.996227815635522,0.9680347851656795,0.9646751026167926,0.9819289733373178,0.5765131674668995,0.13502668671542548,0.0037721843644780598,0.75,
HistoKit (no postprocessing),constant,e75d7a32-60ad-6f71-61b5-c428fc2cae22_164833_1.png,39626541,11453498,62057,427888,0.9938559518188342,0.9877869412590126,0.9984364023138333,0.9893173361677432,0.9904994153188025,0.9938559518188343,0.9946110283004163,0.9639866931349592,0.001563597686166692,0.75,
HistoKit (no postprocessing),constant,654bcee2-3394-aaf6-25f2-380d7ca46c60_144121_2.png,5386858,1832859,1177,42514,0.9959610468571627,0.9919545887533655,0.999781553015153,0.9921696284579505,0.993984779596575,0.9959610468571628,0.9993582459668185,0.9773303764104527,0.0002184469848469804,0.75,
HistoKit (no postprocessing),constant,6875bf3f-1b6d-1a53-f365-0d72c060072a_140344_2.png,15819774,768531,13836,375009,0.9878593659069939,0.9760099857982966,0.9991261626375791,0.9768438391548686,0.9770959790070771,0.9878593659069939,0.9823152050124814,0.6720630673172779,0.000873837362420825,0.75,
HistoKit (no postprocessing),constant,59481929-3828-f3c5-2452-07bdbf0def53_144939_3.png,23548447,1217370,13877,349899,0.9923352114498173,0.9847870271199796,0.9994110513037678,0.985358861236673,0.9855239995331401,0.9923352114498173,0.9887293126399496,0.7767460467858421,0.0005889486962321714,0.75,
HistoKit (no postprocessing),constant,7530b966-b7ee-7dd8-6676-04339b0c22b7_154932_2.png,10266014,1302582,15360,2191552,0.9029456957976053,0.8230638103681526,0.9985060362554654,0.8240786362279758,0.839794510663418,0.9029456957976053,0.9883454658854487,0.3727910835703496,0.001493963744534534,0.75,
HistoKit (no postprocessing),constant,d89a4519-168e-fe8e-eec5-c3f8080d7609_170312_1.png,15693227,500855,18926,384682,0.9873039568151833,0.9749262510300938,0.9987954547031206,0.9760738787612245,0.9756828811720185,0.9873039568151833,0.9635885113153424,0.5655946617702027,0.0012045452968794284,0.75,
HistoKit (no postprocessing),constant,c4a5bf6f-509c-e7c4-3751-4f823d57d1f3_145315_1.png,22799188,1090687,39380,1228535,0.9729461202722443,0.9473175063903619,0.9982757237669192,0.9488701030888361,0.9496014952028775,0.9729461202722443,0.9651525086565664,0.4702814133360239,0.0017242762330808132,0.75,
HistoKit (no postprocessing),constant,00a8cbc5-e358-18d7-ac64-8f4f6e3173fd_135812_1.png,0,9330410,27334,0,0.0,0.0,0.0,,0.9970789968180365,,0.9970789968180365,1.0,1.0,0.75,
HistoKit (no postprocessing),constant,654bcee2-3394-aaf6-25f2-380d7ca46c60_144121_1.png,8596146,963165,11150,478639,0.9723002626218034,0.9460937151762587,0.9987045873640223,0.9472561608897622,0.9512604113801236,0.9723002626218034,0.9885560624643981,0.6680276930844969,0.0012954126359776637,0.75,
HistoKit (no postprocessing),constant,34677a0d-5045-a6c6-f661-b69bd9d6f859_140044_3.png,4375005,131537,11502,14176,0.9970739616084802,0.9941649966607456,0.9973778680850162,0.9967702402794507,0.9943343438756282,0.9970739616084802,0.9195883640126119,0.9027128670743173,0.002622131914983836,0.75,
HistoKit (no postprocessing),constant,997c9bdf-d489-63a3-9c13-1b5273502c59_152111_5.png,1628556,4416012,202877,129283,0.9074575568527545,0.8305924978426248,0.8892249948537566,0.9264534465329305,0.9479105898824601,0.9074575568527545,0.9560766669214177,0.9715567416416316,0.1107750051462434,0.75,
HistoKit (no postprocessing),constant,6c5eefac-6637-5ca1-aed4-decff7ee7c9b_152621_2.png,36643837,945918,111167,4076506,0.9459483156622712,0.8974401632464731,0.9969754594503649,0.8998901851096883,0.8997623070525069,0.9459483156622712,0.8948362714445858,0.18833893753295222,0.003024540549635092,0.75,
HistoKit (no postprocessing),constant,98188e68-f597-a02c-6cf5-9f993d1f10ac_162142_1.png,29063058,1202959,73906,235587,0.9947036917164669,0.9894631896289838,0.997463496883203,0.9919591161980358,0.9898777485641286,0.9947036917164668,0.9421191746974034,0.8362325570402337,0.0025365031167969318,0.75,
HistoKit (no postprocessing),constant,098b4b43-88d6-52e4-6dfc-ff0d08e21e37_154649_3.png,45030534,6967655,83636,273188,0.9960536129287332,0.9921382513606543,0.9981461257072889,0.9939698552803233,0.9931845303906237,0.9960536129287333,0.9881389095982566,0.9622712438316919,0.0018538742927111372,0.75,
HistoKit (no postprocessing),constant,997c9bdf-d489-63a3-9c13-1b5273502c59_152111_1.png,11819208,1155797,102,56333,0.9976182589204718,0.995247836264529,0.9999913700545972,0.9952563845301868,0.9956693197374964,0.9976182589204718,0.9999117569960697,0.9535256119393134,8.62994540290423e-06,0.75,
HistoKit (no postprocessing),constant,b3ac8263-eb4f-ecee-6126-3ea976dfb769_143901_1.png,31634764,1205723,39745,151448,0.9969872230099623,0.9939925451416904,0.9987452054900046,0.9952354184260773,0.9942118293710764,0.9969872230099623,0.9680883009439022,0.8884090508859974,0.0012547945099954036,0.75,
HistoKit (no postprocessing),constant,8a46ca7f-3853-419d-26c8-1bf78b04ebee_163832_1.png,8555407,1169224,83515,237118,0.9816060594395865,0.9638765710835012,0.9903327058630695,0.9730318651354417,0.9680811773588032,0.9816060594395863,0.9333340783674812,0.8313937861487462,0.00966729413693051,0.75,
HistoKit (no postprocessing),constant,00a8cbc5-e358-18d7-ac64-8f4f6e3173fd_135812_4.png,10644258,1412715,15654,241785,0.9880516319652575,0.9763854196277882,0.9985315075771732,0.977789450216208,0.9790944951330197,0.9880516319652575,0.9890406470596883,0.8538621940163191,0.001468492422826755,0.75,
HistoKit (no postprocessing),constant,7530b966-b7ee-7dd8-6676-04339b0c22b7_154932_3.png,23541186,880612,41793,1481615,0.9686578838977586,0.939220719074883,0.9982278320308897,0.9407894024334046,0.9412836421495362,0.9686578838977586,0.9546912690195738,0.3727888979340258,0.0017721679691102639,0.75,
HistoKit (no postprocessing),constant,302e8390-e88c-6502-e08e-b8e893212016_162708_1.png,14944238,4966596,360523,124677,0.9840256411505806,0.9685536180903025,0.9764437353840416,0.9917262125375317,0.9762110614249809,0.9840256411505806,0.9323230812001759,0.9755116254814856,0.023556264615958392,0.75,
HistoKit (no postprocessing),constant,7a951edf-c71d-16ea-3e52-69a0dd7b54e1_133148_6.png,7804571,2661204,0,52447,0.9966512337924331,0.9933248211980678,1.0,0.9933248211980678,0.9950137009848242,0.9966512337924333,1.0,0.9806729015632445,0.0,0.75,
HistoKit (no postprocessing),constant,7ba3b133-6b39-da9f-5b13-68d3bea507d2_165139_1.png,22908299,2861558,4655,676620,0.9853482545319868,0.9711196565058784,0.999796839813845,0.9713113282263127,0.9742440134509177,0.9853482545319868,0.9983759057683431,0.808765980682713,0.00020316018615495845,0.75,
HistoKit (no postprocessing),constant,c4a5bf6f-509c-e7c4-3751-4f823d57d1f3_145315_4.png,16745870,1071628,21470,7672287,0.8131925663055614,0.6851933542193586,0.9987195345236632,0.6857958198892734,0.6984171496071048,0.8131925663055615,0.9803585771815518,0.12255700106874323,0.0012804654763367356,0.75,
HistoKit (no postprocessing),constant,e04480a3-f748-c87a-3eb6-396b6ccbcb83_134430_1.png,63559944,682084,615656,108046,0.9943391608449043,0.9887420511275916,0.990406696626132,0.9983029776815634,0.9888602498578866,0.9943391608449043,0.5255937244748563,0.8632554136661056,0.00959330337386795,0.75,
HistoKit (no postprocessing),constant,7a951edf-c71d-16ea-3e52-69a0dd7b54e1_133148_2.png,7968536,483410,27,331774,0.9796051637996067,0.9600255989606206,0.9999966116851934,0.9600287218188236,0.9622255741200196,0.9796051637996067,0.9999441499099159,0.5930072229091837,3.3883148065717747e-06,0.75,
HistoKit (no postprocessing),constant,59481929-3828-f3c5-2452-07bdbf0def53_144939_1.png,25521540,887213,14954,107174,0.9976130655034179,0.9952374987852752,0.9994144066918504,0.9958182060949293,0.9953967604769702,0.997613065503418,0.983424354914334,0.8922210366788785,0.0005855933081495056,0.75,
HistoKit (no postprocessing),constant,bb1fc306-b767-ee67-c337-445c06bd68ce_150126_2.png,26993295,9902693,306843,1186834,0.9730773285571968,0.9475663120671443,0.9887603864859584,0.9578840111058399,0.9610916896513684,0.9730773285571968,0.9699454509979689,0.8929770404093881,0.011239613514041577,0.75,
HistoKit (no postprocessing),constant,dfdc8007-a219-a302-d10c-929e29813dc8_163630_1.png,3830686,375407,676,110423,0.9857060901224334,0.971815053332437,0.999823561438465,0.9719817442247854,0.9742659117315143,0.9857060901224333,0.9982025244427427,0.7727126772739435,0.00017643856153503636,0.75,
HistoKit (no postprocessing),constant,d28668ca-fcc7-90f7-7049-f08e38cdd015_141933_2.png,11233133,784086,5207,259802,0.9883416570341963,0.9769520153777889,0.9995366753452912,0.9773946341817821,0.9784233772569603,0.9883416570341963,0.993402956823385,0.7511208098953145,0.0004633246547087915,0.75,
HistoKit (no postprocessing),constant,ec461d09-d9f6-ab63-cb21-aeb55b7abbf3_142116_2.png,39529900,1591054,91762,249534,0.995701621045634,0.9914400360601172,0.99768404465214,0.9937270600682755,0.991768512321449,0.9957016210456339,0.9454711626226515,0.8644270200609805,0.0023159553478599663,0.75,
HistoKit (no postprocessing),constant,7ba3b133-6b39-da9f-5b13-68d3bea507d2_165139_3.png,14982998,561802,8645,2530269,0.9218913696423094,0.8551006305704537,0.9994233453931634,0.8555227302821341,0.8596021812775849,0.9218913696423094,0.9848452178730014,0.18169117073961108,0.0005766546068366222,0.75,
HistoKit (no postprocessing),constant,e338d5a6-7427-4506-5755-323615d750be_135343_3.png,7669774,550620,6904,887192,0.9449232716942666,0.8955967337196852,0.9991006526520977,0.8963193262658751,0.9019038914958489,0.9449232716942665,0.987616676591501,0.3829568817063705,0.0008993473479023087,0.75,
HistoKit (no postprocessing),constant,e04480a3-f748-c87a-3eb6-396b6ccbcb83_134430_2.png,14565572,672022,16841,40717,0.9980280726426273,0.9960639069747722,0.9988451156883295,0.9972123651668128,0.9962368468126371,0.9980280726426273,0.9755524683427619,0.9428724961030616,0.0011548843116705033,0.75,
HistoKit (no postprocessing),constant,0584763b-507d-517f-59c7-4dbcdbe7ec5e_135202_6.png,12901660,556390,73832,18233,0.9964447332990028,0.9929146568824567,0.99430988821079,0.9985887654023141,0.9932055927200618,0.996444733299003,0.8828476314695457,0.9682696306969961,0.005690111789209997,0.75,
HistoKit (no postprocessing),constant,110ff982-b33a-42d4-9522-02719d6987c7_164031_2.png,5867978,175794,5383,1044477,0.9178886979133752,0.8482387127307693,0.9990834889937805,0.8488992695069986,0.8519996526462044,0.9178886979133752,0.9702887231823024,0.14406144208950306,0.0009165110062194372,0.75,
HistoKit (no postprocessing),constant,015b92ff-7984-c969-27c5-4144ab20b802_144644_7.png,22082079,4771638,121682,783981,0.9799053339927842,0.9606023505918937,0.9945197572609433,0.9657142069949961,0.9673745234944008,0.9799053339927842,0.9751330385096417,0.8588850315329399,0.005480242739056685,0.75,
HistoKit (no postprocessing),constant,e75d7a32-60ad-6f71-61b5-c428fc2cae22_164833_5.png,45218557,4945039,750033,79071,0.9909155433612906,0.9819946554940109,0.9836837936512737,0.9982544119087207,0.983740731516472,0.9909155433612906,0.8683014016328503,0.9842616901301923,0.01631620634872638,0.75,
HistoKit (no postprocessing),constant,bc7dd6a2-14aa-d481-064a-28427e54cce1_153909_1.png,22690865,492606,13323,2292789,0.9516415106391268,0.9077443644485491,0.9994131919626459,0.908228436080647,0.9095272762994985,0.9516415106391268,0.9736662654245951,0.17685319317367915,0.0005868080373541656,0.75,
HistoKit (no postprocessing),constant,31439255-cb2a-2a33-e39f-915211d58cf0_143129_8.png,7026695,4681693,397630,946092,0.9127289585215721,0.8394677350005382,0.9464422691625165,0.8813348456443149,0.8970494425805483,0.9127289585215721,0.9217159452155337,0.8318891002410362,0.053557730837483546,0.75,
HistoKit (no postprocessing),constant,dfdc8007-a219-a302-d10c-929e29813dc8_163630_4.png,1792186,706882,254,173614,0.9537368555494061,0.9115649926197348,0.9998582937225234,0.9116827754603724,0.9349524268444886,0.953736855549406,0.9996408045977011,0.802822500045429,0.00014170627747651246,0.75,
HistoKit (no postprocessing),constant,091684ab-dffb-81d6-97c1-29bfeceeac37_154424_1.png,0,6267842,20721,0,0.0,0.0,0.0,,0.996704970595031,,0.996704970595031,1.0,1.0,0.75,
HistoKit (no postprocessing),constant,31439255-cb2a-2a33-e39f-915211d58cf0_143129_5.png,3892012,238489,3523,1574874,0.8314114479577451,0.7114663638495768,0.9990956312804274,0.7119248508200098,0.7235198456865055,0.831411447957745,0.9854428706014577,0.1315175174523799,0.0009043687195725362,0.75,
HistoKit (no postprocessing),constant,bc7dd6a2-14aa-d481-064a-28427e54cce1_153909_2.png,11650898,454856,8692,2394062,0.9065241756809592,0.8290299204790328,0.9992545192412426,0.8295429819664848,0.8343900006809798,0.9065241756809592,0.9812489752948993,0.15965921097062113,0.0007454807587573834,0.75,
HistoKit (no postprocessing),constant,8a22c195-cd7e-901b-eb5d-b1439c8b19ac_152323_2.png,2679837,490408,11908,30671,0.9921182884252181,0.9843598480173493,0.9955761039771598,0.9886844089742587,0.9867471732033875,0.992118288425218,0.9762938070855796,0.9411394433473619,0.004423896022840202,0.75,
HistoKit (no postprocessing),constant,e338d5a6-7427-4506-5755-323615d750be_135343_2.png,6369130,922225,113,56552,0.9955712909610647,0.9911816358909675,0.9999822584881751,0.9911990664959767,0.9922883987795351,0.9955712909610648,0.9998774852602842,0.9422217726816221,1.7741511824874636e-05,0.75,
HistoKit (no postprocessing),constant,00a8cbc5-e358-18d7-ac64-8f4f6e3173fd_135812_3.png,6482224,2157672,2620,101807,0.9920094881923655,0.9841456606703467,0.9995959810289963,0.9845372842260312,0.988057737574424,0.9920094881923655,0.9987872009894959,0.9549422676643597,0.0004040189710037743,0.75,
HistoKit (no postprocessing),constant,7ba3b133-6b39-da9f-5b13-68d3bea507d2_165139_2.png,10203323,5179617,71866,177680,0.9879190704656502,0.9761265543459886,0.9930058707435941,0.9828841201567903,0.984036704078929,0.9879190704656502,0.9863151037525971,0.9668340209624369,0.006994129256405892,0.75,
HistoKit (no postprocessing),constant,098b4b43-88d6-52e4-6dfc-ff0d08e21e37_154649_1.png,38640988,1883177,138013,882782,0.9869634881759165,0.9742625035289009,0.9964410377668058,0.9776645294717584,0.975429149528607,0.9869634881759165,0.9317169588212885,0.6808405330664699,0.003558962233194197,0.75,
HistoKit (no postprocessing),constant,73f410c7-98a8-a0f8-02ae-aabdcdcb9cee_162913_1.png,14956517,3076264,39516,65115,0.9965143524654566,0.9930529200031764,0.9973649031047077,0.9956652512856127,0.9942312056427897,0.9965143524654565,0.9873174614382273,0.9792718420795453,0.002635096895292242,0.75,
HistoKit (no postprocessing),constant,d28668ca-fcc7-90f7-7049-f08e38cdd015_141933_3.png,1780594,1616540,24132,93179,0.9681090031559068,0.9381892138963752,0.986628441104079,0.9502719913244561,0.9666203340783538,0.9681090031559069,0.9852913927951473,0.945500400943079,0.013371558895921043,0.75,
HistoKit (no postprocessing),constant,191c1954-41f1-2c63-fab4-33ae150d32f8_151532_2.png,28934617,439650,2981,1607741,0.9729199194431146,0.9472678302899176,0.9998969852300803,0.9473602856727696,0.9480160538381989,0.9729199194431146,0.9932652706204491,0.2147367063741122,0.00010301476991974248,0.75,
HistoKit (no postprocessing),constant,6c5eefac-6637-5ca1-aed4-decff7ee7c9b_152621_3.png,19427869,756803,128232,1295851,0.9646452500372333,0.9317050509228105,0.9934428647100974,0.9374701549721768,0.9340969435768048,0.9646452500372332,0.8551108148265323,0.3686948701534696,0.006557135289902624,0.75,
HistoKit (no postprocessing),constant,8a22c195-cd7e-901b-eb5d-b1439c8b19ac_152323_1.png,13758847,4731139,163610,269152,0.9845168179009316,0.9695057833118147,0.9882484822901589,0.980813229313746,0.9771300658868363,0.9845168179009315,0.9665743841001857,0.9461727327469541,0.011751517709841014,0.75,
HistoKit (no postprocessing),constant,31439255-cb2a-2a33-e39f-915211d58cf0_143129_4.png,9480806,377054,36841,1568465,0.9219471775012669,0.8551966640784434,0.9961291903345438,0.8580481010919182,0.8599596306988837,0.9219471775012669,0.9109895021684243,0.19380638276984188,0.0038708096654561782,0.75,
HistoKit (no postprocessing),constant,d89a4519-168e-fe8e-eec5-c3f8080d7609_170312_3.png,19146738,4585877,42721,2652241,0.9342506782034485,0.8766139082580569,0.9977737256688686,0.8783318704972375,0.8980246278347803,0.9342506782034484,0.9907702073068346,0.6335731194213744,0.002226274331131482,0.75,
HistoKit (no postprocessing),constant,bb1fc306-b767-ee67-c337-445c06bd68ce_150126_3.png,30935956,1735774,142770,4260640,0.9335588290314153,0.8753964629699356,0.9954061823512328,0.8789473845709398,0.8812301180791225,0.9335588290314154,0.9239996507933804,0.2894686724432302,0.004593817648767199,0.75,
HistoKit (no postprocessing),constant,745e05db-827a-cff7-7148-db0494ae96fc_133425_4.png,24713607,4723477,126556,1008328,0.9775546497299222,0.9560947677758056,0.9949051864112164,0.9607989056810851,0.962878281175749,0.9775546497299222,0.9739061569271796,0.8240819427736987,0.005094813588783617,0.75,
HistoKit (no postprocessing),constant,e0661871-0847-f23e-2d1f-8518496574c0_141209_2.png,42725303,3077437,118100,644938,0.9911494519359372,0.98245419387233,0.9972434495924611,0.9851294808345658,0.9836137603026841,0.9911494519359372,0.9630422054258799,0.8267401860371403,0.002756550407538822,0.75,
HistoKit (no postprocessing),constant,e338d5a6-7427-4506-5755-323615d750be_135343_5.png,4561649,149566,40804,220922,0.9721123781889104,0.9457379946614145,0.991134292952041,0.9538068540958409,0.9473699768406664,0.9721123781889104,0.7856595051741346,0.4036999848848006,0.008865707047958991,0.75,
HistoKit (no postprocessing),gaussian,1d49a2ac-7490-df96-fb85-41e83b5a5b35_151838_3.png,0,5928900,260535,0,0.0,0.0,0.0,,0.9579064971196887,,0.9579064971196887,1.0,1.0,0.9,1.75
HistoKit (no postprocessing),constant,d28668ca-fcc7-90f7-7049-f08e38cdd015_141933_1.png,23129784,3882513,27579,85208,0.9975677965891532,0.9951473956990387,0.9988090612907868,0.9963296132085679,0.9958419667935406,0.9975677965891531,0.9929467132742656,0.9785246996953667,0.0011909387092131345,0.75,
HistoKit (no postprocessing),constant,1cfd19dd-0b58-a07f-0753-c0e3d9e98b9b_133722_2.png,19937210,766154,1454,4308732,0.9024505050469388,0.822241283146446,0.999927076357774,0.822290591967926,0.8276859542128167,0.9024505050469387,0.9981058040041271,0.15096969665919588,7.292364222597864e-05,0.75,
HistoKit (no postprocessing),gaussian,538ad0bc-9add-9e27-6ee9-4f1bdd825510_142716_4.png,0,6987044,2932,0,0.0,0.0,0.0,,0.9995805421935641,,0.9995805421935641,1.0,1.0,0.9,1.75
HistoKit (no postprocessing),constant,dfdc8007-a219-a302-d10c-929e29813dc8_163630_5.png,11876033,377811,1768,166968,0.9929460559056507,0.9859909310008353,0.9998511508990595,0.9861356816295207,0.9864169922834065,0.9929460559056505,0.9953422080778969,0.6935124151261337,0.00014884910094048554,0.75,
HistoKit (no postprocessing),constant,bb1fc306-b767-ee67-c337-445c06bd68ce_150126_1.png,27459555,4539674,756068,152303,0.9837289631606341,0.9679789421334503,0.9732039232307577,0.9944841451813927,0.9723963157446912,0.9837289631606341,0.8572309602695902,0.9675396959533263,0.026796076769242345,0.75,
HistoKit (no postprocessing),gaussian,4adc5212-3bb5-0299-1727-5490f70e71c6_162331_3.png,4195138,238917,3381,1275620,0.8677252704623106,0.7663557684596609,0.9991947160415375,0.7668293863482903,0.7761266474545322,0.8677252704623106,0.9860461085110072,0.15774919992050376,0.000805283958462496,0.9,1.75
HistoKit (no postprocessing),gaussian,110ff982-b33a-42d4-9522-02719d6987c7_164031_4.png,11746674,433835,16042,3107102,0.8826613214092977,0.7899675705513006,0.9986361993267542,0.7908207313749716,0.7959216665458894,0.8826613214092975,0.9643413644173852,0.1225198302031355,0.0013638006732458728,0.9,1.75
HistoKit (no postprocessing),gaussian,4adc5212-3bb5-0299-1727-5490f70e71c6_162331_1.png,5636274,616089,14227,3412028,0.766902447770747,0.6219316925772045,0.997482170165088,0.6229095801621122,0.6459974967500526,0.7669024477707471,0.9774287817539139,0.15294714627206707,0.002517829834911984,0.9,1.75
HistoKit (no postprocessing),gaussian,dfdc8007-a219-a302-d10c-929e29813dc8_163630_7.png,2248559,439829,22451,137721,0.9656083258719126,0.9335035751190149,0.99011409020656,0.942286320130077,0.9437708877467914,0.9656083258719126,0.9514341957255343,0.7615427235737166,0.009885909793439923,0.9,1.75
HistoKit (no postprocessing),constant,a796f488-e06e-b9c5-67ad-c084c09ace36_143658_2.png,39308876,3114536,3575,2029093,0.9747965602658982,0.9508323153097523,0.9999090618898323,0.9509145454146526,0.9542769402970303,0.9747965602658982,0.9988534725030636,0.6055133447610627,9.093811016769216e-05,0.75,
HistoKit (no postprocessing),constant,745e05db-827a-cff7-7148-db0494ae96fc_133425_2.png,28675680,4379105,127624,240377,0.9936243057160664,0.9873293953338765,0.9955691194315763,0.9916870754543056,0.9889895175105989,0.9936243057160663,0.9716814567727503,0.9479645120383627,0.004430880568423678,0.75,
HistoKit (no postprocessing),gaussian,2f6f5632-66e3-03e5-2957-29197ae74c65_142917_2.png,23531517,1061979,13904,123934,0.9970797573400763,0.9941765206529709,0.9994094817841652,0.9947608692812494,0.9944265845101603,0.9970797573400764,0.9870766616816141,0.8954948634511976,0.0005905182158348326,0.9,1.75
HistoKit (no postprocessing),constant,745e05db-827a-cff7-7148-db0494ae96fc_133425_3.png,48905662,5115538,371284,676156,0.9894046824214796,0.979031532416145,0.9924653609823954,0.9863628235656869,0.9809793741047537,0.9894046824214797,0.9323316848988358,0.8832541912607952,0.007534639017604703,0.75,
HistoKit (no postprocessing),gaussian,015b92ff-7984-c969-27c5-4144ab20b802_144644_8.png,19334482,4867640,83440,1237754,0.9669620210052684,0.9360372422572856,0.9957029387593584,0.9398337643025289,0.9482358013355318,0.9669620210052683,0.9831471113373244,0.7972687757743399,0.004297061240641506,0.9,1.75
HistoKit (no postprocessing),gaussian,34677a0d-5045-a6c6-f661-b69bd9d6f859_140044_2.png,23127312,1126856,57845,187994,0.9947131924256324,0.9894819915380686,0.9975050848264689,0.9919368847228511,0.9899657579689671,0.9947131924256323,0.9511733340311184,0.8570224740464691,0.0024949151735310657,0.9,1.75
HistoKit (no postprocessing),gaussian,8a22c195-cd7e-901b-eb5d-b1439c8b19ac_152323_3.png,3876871,441531,103238,2169,0.9865879880887867,0.9735309790024704,0.9740615143957113,0.9994408410328328,0.9761727958869834,0.9865879880887866,0.810492153554993,0.9951115618661258,0.025938485604288727,0.9,1.75
HistoKit (no postprocessing),gaussian,654bcee2-3394-aaf6-25f2-380d7ca46c60_144121_7.png,5265970,321883,19,493966,0.9551978632178253,0.9142380452625064,0.9999963919408111,0.914241061011789,0.9187770210255518,0.9551978632178252,0.9999409758249405,0.3945374695562537,3.6080591888817088e-06,0.9,1.75
HistoKit (no postprocessing),gaussian,59481929-3828-f3c5-2452-07bdbf0def53_144939_2.png,22551765,2394389,6058,258828,0.9941614448254046,0.9883906713566334,0.9997314457161934,0.9886531665353899,0.9894932537491512,0.9941614448254045,0.9974763033718304,0.9024474816797872,0.0002685542838065535,0.9,1.75
HistoKit (no postprocessing),gaussian,91e6ffad-da04-5736-d731-feb79e91105c_134712_2.png,6800279,190366,1112,905487,0.9375067768274652,0.8823649472587992,0.999836504032778,0.8824922791582304,0.8852005838999023,0.9375067768274653,0.9941925443131848,0.173714905192576,0.00016349596722199915,0.9,1.75
HistoKit (no postprocessing),gaussian,8b8e8141-b9e0-9b57-cdad-61702acf8a5e_150400_2.png,14719493,496991,12867,1553549,0.9494792552600995,0.9038177113724508,0.999126616509507,0.9045323547988139,0.9066659516531708,0.9494792552600994,0.9747635616191175,0.24237079013333074,0.0008733834904930371,0.9,1.75
HistoKit (no postprocessing),gaussian,8b8e8141-b9e0-9b57-cdad-61702acf8a5e_150400_5.png,2218930,227522,15,1709119,0.7219561301019652,0.5648915088959854,0.9999932400307353,0.5648936660413351,0.5887140826829237,0.7219561301019654,0.9999340766556648,0.1174827962435991,6.759969264673077e-06,0.9,1.75
HistoKit (no postprocessing),gaussian,1cfd19dd-0b58-a07f-0753-c0e3d9e98b9b_133722_4.png,19739959,749391,3132,4637006,0.8948292812683647,0.8096751624901246,0.9998413622264113,0.809779191133925,0.8153508738419183,0.8948292812683646,0.9958380009647546,0.13912658127501557,0.00015863777358874554,0.9,1.75
HistoKit (no postprocessing),gaussian,3c8a2c44-1287-eab9-5fb8-1902a0075b0d_153549_11.png,12776508,2018198,56259,61821,0.9954002743007154,0.9908426698084498,0.9956159883523171,0.9951846537037647,0.9920819624180217,0.9954002743007155,0.9728801320056285,0.9702786368778362,0.0043840116476828415,0.9,1.75
HistoKit (no postprocessing),gaussian,c282e7fa-bbd4-0343-5231-dcd676a3dd4f_140949_1.png,4471201,5047065,2257621,46440,0.795130166702189,0.6599303466050465,0.6644849573967033,0.9897202987134215,0.805109349453792,0.7951301667021891,0.6909352434861676,0.9908825062506074,0.3355150426032967,0.9,1.75
HistoKit (no postprocessing),gaussian,6875bf3f-1b6d-1a53-f365-0d72c060072a_140344_1.png,22797754,515583,6427,2353108,0.9507969370395518,0.9062086936314958,0.9997181657170674,0.9064402643535637,0.9080922851171462,0.9507969370395519,0.9876879753261432,0.17972761792747982,0.0002818342829325903,0.9,1.75
HistoKit (no postprocessing),gaussian,cfd234aa-a9c1-9363-1732-dc841509f243_163200_1.png,8030110,1830668,4191,3064871,0.8395620912483803,0.7234873015752887,0.9994783615898881,0.7237605904868156,0.7626372793476176,0.8395620912483804,0.9977159007858369,0.37394615792050684,0.0005216384101118442,0.9,1.75
HistoKit (no postprocessing),gaussian,997c9bdf-d489-63a3-9c13-1b5273502c59_152111_4.png,4663084,2729385,89503,55519,0.9846880909368305,0.9698380193781085,0.9811675199212555,0.9882340175683354,0.9807599106917674,0.9846880909368304,0.9682488271971075,0.9800643038323763,0.018832480078744482,0.9,1.75
HistoKit (no postprocessing),gaussian,bffc0a6a-719c-940b-52f7-9a2879514091_151206_1.png,29154681,860268,47881,52670,0.9982785285093645,0.9965629737614113,0.9983603835855224,0.9981966868546209,0.9966611545549634,0.9982785285093645,0.9472762729463997,0.9423071446253743,0.0016396164144776065,0.9,1.75
HistoKit (no postprocessing),gaussian,b3ac8263-eb4f-ecee-6126-3ea976dfb769_143901_2.png,36933047,4768972,178317,258056,0.9941270725237158,0.9883227248375811,0.9951950836406875,0.9930613512591977,0.9896442892267935,0.9941270725237158,0.963956623516435,0.9486662895054493,0.004804916359312474,0.9,1.75
HistoKit (no postprocessing),gaussian,7a951edf-c71d-16ea-3e52-69a0dd7b54e1_133148_4.png,10254309,1820919,651,339427,0.9836882843895849,0.9679001720439323,0.9999365185237192,0.9679596508729309,0.9726081660814482,0.9836882843895849,0.9996426159851117,0.8428830381799952,6.34814762807461e-05,0.9,1.75
HistoKit (no postprocessing),gaussian,654bcee2-3394-aaf6-25f2-380d7ca46c60_144121_5.png,6303628,495799,547,1127350,0.9178824582441856,0.8482280554798645,0.9999132321041215,0.8482904941987448,0.8577203353868216,0.9178824582441856,0.9988979461907621,0.3054550136801982,8.676789587852495e-05,0.9,1.75
HistoKit (no postprocessing),gaussian,997c9bdf-d489-63a3-9c13-1b5273502c59_152111_3.png,17017995,443978,211637,191894,0.9882829090451055,0.9768372185077243,0.9877166848369135,0.9888497828196335,0.9774128398504739,0.9882829090451055,0.6771931697718936,0.698219138442957,0.012283315163086478,0.9,1.75
HistoKit (no postprocessing),gaussian,1cfd19dd-0b58-a07f-0753-c0e3d9e98b9b_133722_1.png,18654670,1040079,5825,4790401,0.8860904517944255,0.7954779211847598,0.9996878432217366,0.7956755601209312,0.8041635337098666,0.8860904517944255,0.9944306552035368,0.17838651363181077,0.00031215677826338474,0.9,1.75
HistoKit (no postprocessing),gaussian,e0661871-0847-f23e-2d1f-8518496574c0_141209_1.png,30675803,2858383,327783,235958,0.9908949714842106,0.9819542500364282,0.9894275778292227,0.9923667241086653,0.9834670007945058,0.9908949714842106,0.8971230626401763,0.9237453144304393,0.010572422170777277,0.9,1.75
HistoKit (no postprocessing),gaussian,a796f488-e06e-b9c5-67ad-c084c09ace36_143658_1.png,27836617,3671630,512515,1026343,0.9731025741900855,0.9476141917705161,0.9819213159683337,0.964440826581889,0.9534344082484684,0.9731025741900856,0.8775102201286046,0.7815349300645194,0.018078684031666296,0.9,1.75
HistoKit (no postprocessing),gaussian,8a46ca7f-3853-419d-26c8-1bf78b04ebee_163832_3.png,7181540,133863,5914,100421,0.9926510505089529,0.985409327135825,0.9991771773426307,0.9862096212819597,0.9856724934240471,0.9926510505089529,0.9576897486710976,0.5713706441754451,0.000822822657369355,0.9,1.75
HistoKit (no postprocessing),gaussian,e338d5a6-7427-4506-5755-323615d750be_135343_4.png,13095264,1588699,149735,371723,0.9804785012990048,0.9617045864636143,0.9886949783839168,0.9723974635157813,0.9657057834834037,0.9804785012990049,0.9138678833939051,0.8103862331681648,0.011305021616083172,0.9,1.75
HistoKit (no postprocessing),gaussian,110ff982-b33a-42d4-9522-02719d6987c7_164031_1.png,19590297,653969,4537,1905627,0.9535135370342889,0.9111570677484543,0.9997684593806715,0.911349379538186,0.9137795917114545,0.9535135370342889,0.9931101614867595,0.2554969612391956,0.00023154061932854344,0.9,1.75
HistoKit (no postprocessing),gaussian,191c1954-41f1-2c63-fab4-33ae150d32f8_151532_1.png,37040847,1494819,36435,4585707,0.941271706248219,0.8890587998859131,0.999017322790813,0.8898369776177004,0.8929013725627585,0.9412717062482189,0.9762057764420534,0.24583712001231472,0.0009826772091870164,0.9,1.75
HistoKit (no postprocessing),gaussian,8b8e8141-b9e0-9b57-cdad-61702acf8a5e_150400_3.png,1558063,599865,1001,5312751,0.36965256199437285,0.22673238438462037,0.9993579481021947,0.22676541673228237,0.28881429611546533,0.36965256199437285,0.9983340711572963,0.10145509195929517,0.0006420518978053498,0.9,1.75
HistoKit (no postprocessing),gaussian,6c5eefac-6637-5ca1-aed4-decff7ee7c9b_152621_4.png,8838596,813417,2318,1848545,0.9052203099591843,0.8268515740600155,0.9997378099142238,0.8270309150033671,0.839095631388185,0.9052203099591843,0.9971583908990052,0.3055704777153092,0.00026219008577619917,0.9,1.75
HistoKit (no postprocessing),gaussian,75867af4-ee91-110d-5a8d-03a78d8d262a_171204_2.png,18271467,406807,24270,2738174,0.9297184217386232,0.8686671251960703,0.9986734614735662,0.8696705955137454,0.8711589789110608,0.9297184217386232,0.9436991535154973,0.12935117891014286,0.0013265385264337806,0.9,1.75
HistoKit (no postprocessing),gaussian,538ad0bc-9add-9e27-6ee9-4f1bdd825510_142716_3.png,0,6843337,1736,0,0.0,0.0,0.0,,0.999746386926772,,0.999746386926772,1.0,1.0,0.9,1.75
HistoKit (no postprocessing),gaussian,bffc0a6a-719c-940b-52f7-9a2879514091_151206_2.png,59809735,8745837,309474,583138,0.9925931741848091,0.9852952637893886,0.9948523274815542,0.9903442580054107,0.9871470793246372,0.9925931741848091,0.9658240340944668,0.9374917394461878,0.0051476725184458096,0.9,1.75
HistoKit (no postprocessing),gaussian,22c86e01-80fd-7f77-3526-d5f72a54b219_141444_4.png,4637467,242090,14764,461876,0.9511217368601212,0.9067989778078558,0.9968264688490318,0.9094244101642114,0.9110114881883545,0.9511217368601212,0.9425198751041448,0.34389444944784264,0.003173531150968213,0.9,1.75
HistoKit (no postprocessing),gaussian,654bcee2-3394-aaf6-25f2-380d7ca46c60_144121_3.png,6448730,1861417,913,573615,0.9573538812534572,0.918196369832918,0.9998584417773201,0.9183157478021943,0.9353349447222323,0.9573538812534571,0.9995097539104241,0.764432253867711,0.00014155822267992196,0.9,1.75
HistoKit (no postprocessing),gaussian,778d67ae-3cb9-eeb7-6fac-a66f6e936029_142330_2.png,11019329,474079,45862,1904874,0.9186833981717087,0.8495970529060571,0.9958552907039743,0.852611878658978,0.8549006913344576,0.9186833981717086,0.9117938381470205,0.19928052382707856,0.004144709296025708,0.9,1.75
HistoKit (no postprocessing),gaussian,22c86e01-80fd-7f77-3526-d5f72a54b219_141444_1.png,35536152,830126,29846,1123826,0.9840269102074855,0.9685560770201569,0.9991608277096569,0.96934460789911,0.9692517713909533,0.9840269102074855,0.965294218881545,0.42484462259052425,0.0008391722903431531,0.9,1.75
HistoKit (no postprocessing),gaussian,d89a4519-168e-fe8e-eec5-c3f8080d7609_170312_2.png,21890079,524449,25231,2676721,0.9418711413918172,0.8901289608816775,0.9988487043988883,0.8910431558037677,0.8924231420963447,0.9418711413918173,0.9540987483626837,0.16383041200561044,0.0011512956011117343,0.9,1.75
HistoKit (no postprocessing),gaussian,015b92ff-7984-c969-27c5-4144ab20b802_144644_9.png,1135033,9401366,3668,41521,0.980482063530799,0.9617114407289477,0.9967787856513695,0.9647096520856672,0.9957294689606134,0.980482063530799,0.9996099960935814,0.9956029337214349,0.003221214348630589,0.9,1.75
HistoKit (no postprocessing),gaussian,cfd234aa-a9c1-9363-1732-dc841509f243_163200_2.png,13308055,1899954,1063642,2198914,0.8908065038780513,0.8031119069779624,0.9259905075928055,0.8581983365027686,0.8233645803471632,0.8908065038780513,0.6410975045181597,0.4635313945216094,0.0740094924071945,0.9,1.75
HistoKit (no postprocessing),gaussian,4adc5212-3bb5-0299-1727-5490f70e71c6_162331_2.png,4970805,924064,5815,2966575,0.769831965308967,0.6257941546191426,0.9988315362635685,0.6262526173624042,0.6647904386237055,0.7698319653089671,0.9937464982003035,0.23750957104989695,0.001168463736431554,0.9,1.75
HistoKit (no postprocessing),gaussian,110ff982-b33a-42d4-9522-02719d6987c7_164031_3.png,5038294,209401,2359,896198,0.9181280065092534,0.8486475405901209,0.9995320050795006,0.8489848836260964,0.8538040744180356,0.9181280065092534,0.9888600302228938,0.1894004969251962,0.00046799492049938766,0.9,1.75
HistoKit (no postprocessing),gaussian,31439255-cb2a-2a33-e39f-915211d58cf0_143129_7.png,8458959,1935247,1672692,1150262,0.8569995286935653,0.74978055583304,0.8349043013818774,0.8802960198334495,0.7864175057274029,0.8569995286935652,0.5363857315769474,0.6272051061915555,0.16509569861812257,0.9,1.75
HistoKit (no postprocessing),gaussian,dad7b6f2-9f0b-8c2a-a00e-ff89c406e2d2_171435_2.png,6554755,1412512,13094,119727,0.9899699682782435,0.9801391415962973,0.9980063488061311,0.9820619787423204,0.9836025238244325,0.9899699682782434,0.9908151340552719,0.9218614067387659,0.0019936511938687994,0.9,1.75
HistoKit (no postprocessing),gaussian,dfdc8007-a219-a302-d10c-929e29813dc8_163630_6.png,2531333,238887,14,39482,0.9922589678649952,0.9846368622728311,0.9999944693477425,0.9846422243529775,0.9859430632846878,0.9922589678649952,0.9999413983198061,0.8581666780424544,5.530652257473985e-06,0.9,1.75
HistoKit (no postprocessing),gaussian,e04480a3-f748-c87a-3eb6-396b6ccbcb83_134430_3.png,25412128,1487333,40174,216139,0.9949821819721703,0.9900144695192046,0.9984215966005747,0.9915663825415897,0.9905613811633578,0.9949821819721703,0.973699629527066,0.873118548470418,0.001578403399425325,0.9,1.75
HistoKit (no postprocessing),gaussian,191c1954-41f1-2c63-fab4-33ae150d32f8_151532_3.png,49087748,587297,3141,3917486,0.9615986691286994,0.9260375931161822,0.9999360166404809,0.926092468528674,0.9268480671349731,0.9615986691286995,0.9946802204465159,0.13037187362854105,6.398335951911565e-05,0.9,1.75
HistoKit (no postprocessing),gaussian,22c86e01-80fd-7f77-3526-d5f72a54b219_141444_2.png,30477410,578113,34449,431827,0.9924085366369887,0.9849314655015566,0.9988709635817339,0.986029192503199,0.9852078239570019,0.9924085366369887,0.9437624273134801,0.5724231142444106,0.0011290364182660912,0.9,1.75
HistoKit (no postprocessing),gaussian,75867af4-ee91-110d-5a8d-03a78d8d262a_171204_5.png,7735232,145141,681,2481790,0.8617233895182042,0.7570421649562529,0.9999119690203341,0.7570926244457534,0.7604450091113983,0.861723389518204,0.9953299227825705,0.055251165713907216,8.803097966587784e-05,0.9,1.75
HistoKit (no postprocessing),gaussian,2f6f5632-66e3-03e5-2957-29197ae74c65_142917_4.png,4145620,459621,1988,56663,0.9929758364510387,0.9860496623552573,0.9995206875866764,0.9865161389654148,0.9874244515095976,0.9929758364510387,0.9956933248701824,0.8902483904207762,0.0004793124133235349,0.9,1.75
HistoKit (no postprocessing),gaussian,098b4b43-88d6-52e4-6dfc-ff0d08e21e37_154649_2.png,44826408,723132,27636,307524,0.9962755024071216,0.9925786456307274,0.9993838682639185,0.9931864123870262,0.9926956044171587,0.9962755024071216,0.9631896937535963,0.7016230439642325,0.0006161317360815895,0.9,1.75
HistoKit (no postprocessing),gaussian,6875bf3f-1b6d-1a53-f365-0d72c060072a_140344_4.png,10024202,325671,13850,526887,0.9737367867848397,0.9488177830463574,0.9986202502238483,0.9500632588730888,0.9503483275959749,0.9737367867848397,0.9592072360767081,0.38199277937688697,0.0013797497761517871,0.9,1.75
HistoKit (no postprocessing),gaussian,6520c4c0-cf13-4bc7-106a-ea8d45dc1109_165944_1.png,0,9029690,5865550,0,0.0,0.0,0.0,,0.6062131258039481,,0.6062131258039481,1.0,1.0,0.9,1.75
HistoKit (no postprocessing),gaussian,00a8cbc5-e358-18d7-ac64-8f4f6e3173fd_135812_5.png,5804525,2990238,18079,91334,0.9906631953354292,0.9814991296831316,0.9968950318448584,0.9845087882868298,0.9877121701098451,0.9906631953354292,0.9939903274821105,0.9703612312157561,0.003104968155141583,0.9,1.75
HistoKit (no postprocessing),gaussian,ec461d09-d9f6-ab63-cb21-aeb55b7abbf3_142116_1.png,35874569,1674457,117658,127160,0.9965994645439403,0.9932219779920407,0.9967310163941787,0.9964679474144145,0.9935222783900998,0.9965994645439403,0.934346847161036,0.9294189608557202,0.0032689836058213345,0.9,1.75
HistoKit (no postprocessing),gaussian,8b8e8141-b9e0-9b57-cdad-61702acf8a5e_150400_1.png,4591692,222390,9365,667157,0.9313865669713282,0.8715841839378583,0.9979645981347329,0.873136307963967,0.8767855048369906,0.9313865669713282,0.9595909473366271,0.25000365354500664,0.0020354018652670464,0.9,1.75
HistoKit (no postprocessing),gaussian,0584763b-507d-517f-59c7-4dbcdbe7ec5e_135202_1.png,7369475,1058865,13013,61280,0.9949846903881885,0.9900194363929665,0.9982373151165298,0.991753193316157,0.991262353673268,0.9949846903881885,0.9878596258156246,0.9452927969146852,0.0017626848834701796,0.9,1.75
HistoKit (no postprocessing),gaussian,302e8390-e88c-6502-e08e-b8e893212016_162708_2.png,48540882,2295046,69161,636261,0.9927861509380176,0.9856756356781617,0.9985772281666156,0.987061855138677,0.9863134745209429,0.9927861509380176,0.9707466393594131,0.7829428988502398,0.001422771833384307,0.9,1.75
HistoKit (no postprocessing),gaussian,34677a0d-5045-a6c6-f661-b69bd9d6f859_140044_1.png,7158313,157046,43971,41998,0.9940310062179767,0.9881328473960567,0.9938948533548524,0.994167196389156,0.9883846520516318,0.9940310062179767,0.7812573065959596,0.7890014268202006,0.006105146645147567,0.9,1.75
HistoKit (no postprocessing),gaussian,654bcee2-3394-aaf6-25f2-380d7ca46c60_144121_6.png,2216092,687879,196,722533,0.8597980218094854,0.7540751886555868,0.9999115638400785,0.7541254838572462,0.8007199382358619,0.8597980218094855,0.9997151473313229,0.4877149371956563,8.843615992145426e-05,0.9,1.75
HistoKit (no postprocessing),gaussian,8a46ca7f-3853-419d-26c8-1bf78b04ebee_163832_4.png,24390024,720344,9078,79429,0.9981888762620462,0.9963843010023763,0.9996279371265385,0.9967539527753236,0.996487660659454,0.9981888762620463,0.9875545294767638,0.9006855695303543,0.0003720628734614905,0.9,1.75
HistoKit (no postprocessing),gaussian,cfd234aa-a9c1-9363-1732-dc841509f243_163200_4.png,14910651,5523571,882040,2551597,0.8967480589875687,0.8128225527204981,0.9441488470837553,0.8538792370833355,0.8561397149195493,0.8967480589875687,0.8623019724425975,0.6840193293811349,0.05585115291624461,0.9,1.75
HistoKit (no postprocessing),gaussian,745e05db-827a-cff7-7148-db0494ae96fc_133425_1.png,35131364,2181655,273811,131282,0.9942676455242621,0.9886006362423806,0.992266356542511,0.9962770235676586,0.9892599873503742,0.9942676455242621,0.8884891910537551,0.943240131486504,0.007733643457488912,0.9,1.75
HistoKit (no postprocessing),gaussian,cfd234aa-a9c1-9363-1732-dc841509f243_163200_3.png,10642325,879498,12119,5735882,0.7873682089115123,0.6493052670215346,0.9988625403634389,0.6497857183023759,0.6671650504371093,0.7873682089115123,0.9864078410348838,0.13294746484706849,0.0011374596365610443,0.9,1.75
HistoKit (no postprocessing),gaussian,73f410c7-98a8-a0f8-02ae-aabdcdcb9cee_162913_2.png,17022072,1358878,28789,33172,0.9981832871270407,0.9963731631752292,0.9983115808638637,0.9980550263602209,0.9966403893615275,0.9981832871270407,0.9792536682071419,0.9761703961782981,0.0016884191361362924,0.9,1.75
HistoKit (no postprocessing),gaussian,7530b966-b7ee-7dd8-6676-04339b0c22b7_154932_1.png,17053635,452016,223341,613833,0.9760427151166005,0.9532064760179375,0.9870729113706009,0.9652563117703113,0.9543595929198474,0.9760427151166006,0.6692993483446533,0.42409009156081207,0.012927088629399034,0.9,1.75
HistoKit (no postprocessing),gaussian,91e6ffad-da04-5736-d731-feb79e91105c_134712_4.png,7971936,309548,30968,1743036,0.8998749059988906,0.817975074749075,0.9961304046631073,0.8205824988481696,0.8235785274667923,0.8998749059988906,0.9090556684561077,0.15080893157113182,0.003869595336892708,0.9,1.75
HistoKit (no postprocessing),gaussian,75867af4-ee91-110d-5a8d-03a78d8d262a_171204_3.png,17947918,330450,14408,3739449,0.9053244371904721,0.8270253470050261,0.9991978767115127,0.8275747812078802,0.829619704773349,0.9053244371904721,0.9582204849532271,0.08119366107119612,0.0008021232884872483,0.9,1.75
HistoKit (no postprocessing),gaussian,22c86e01-80fd-7f77-3526-d5f72a54b219_141444_3.png,15905902,756075,20339,579819,0.9814834412060585,0.9636401418630491,0.9987229252652902,0.964829017790608,0.9652326899308805,0.9814834412060586,0.9738039241950814,0.565969305947927,0.0012770747347098414,0.9,1.75
HistoKit (no postprocessing),gaussian,e7510405-61bb-4166-6cb6-90d49adffbe4_135053_1.png,7507120,424840,1143753,23335,0.9278743994312457,0.8654530765229517,0.86778756317426,0.9969012496588852,0.8717351529522649,0.9278743994312457,0.2708414483553095,0.9479332849891225,0.13221243682574002,0.9,1.75
HistoKit (no postprocessing),gaussian,778d67ae-3cb9-eeb7-6fac-a66f6e936029_142330_1.png,16519623,348549,62772,1961904,0.9422575717570898,0.8908194912085919,0.9962145395764604,0.8938451351990558,0.8928337326378744,0.9422575717570898,0.847389265318328,0.1508574292573794,0.003785460423539543,0.9,1.75
HistoKit (no postprocessing),gaussian,91e6ffad-da04-5736-d731-feb79e91105c_134712_1.png,83422024,2992955,164196,2352605,0.9851394167255267,0.9707140398998939,0.9980356092188402,0.9725722509391442,0.971699644379096,0.9851394167255267,0.9479923513319445,0.5598955020615239,0.001964390781159861,0.9,1.75
HistoKit (no postprocessing),gaussian,e0661871-0847-f23e-2d1f-8518496574c0_141209_3.png,42644419,1700940,79113,98866,0.9979175660654357,0.9958437871695088,0.9981482570308091,0.9976869817095246,0.9960025683608897,0.9979175660654357,0.9555558177200342,0.9450685240520367,0.0018517429691908432,0.9,1.75
HistoKit (no postprocessing),gaussian,6875bf3f-1b6d-1a53-f365-0d72c060072a_140344_3.png,7548731,629925,10747,1166853,0.9276439008342948,0.8650521049453659,0.9985783409912695,0.866118782172256,0.8741376892637397,0.9276439008342948,0.983225425802907,0.35058588206222474,0.001421659008730497,0.9,1.75
HistoKit (no postprocessing),gaussian,dad7b6f2-9f0b-8c2a-a00e-ff89c406e2d2_171435_1.png,23678707,1070252,27979,115898,0.9969710928488238,0.9939604788464593,0.99881978442706,0.9951292320254949,0.9942201443017581,0.9969710928488239,0.974523574730635,0.9022906040551364,0.0011802155729400557,0.9,1.75
HistoKit (no postprocessing),gaussian,bc7dd6a2-14aa-d481-064a-28427e54cce1_153909_3.png,23768504,1282282,268787,2194407,0.9507363190252711,0.9060985682284083,0.9888179162951433,0.9154791617935293,0.910474820436738,0.9507363190252711,0.8267085474598487,0.3688227506112856,0.011182083704856757,0.9,1.75
HistoKit (no postprocessing),gaussian,c4a5bf6f-509c-e7c4-3751-4f823d57d1f3_145315_3.png,21425570,1129868,80474,2960713,0.9337321247623813,0.8757012627378447,0.9962580751717982,0.8785910505508363,0.8811879691170222,0.9337321247623813,0.9335113546419112,0.27621210776659844,0.003741924828201784,0.9,1.75
HistoKit (no postprocessing),gaussian,00a8cbc5-e358-18d7-ac64-8f4f6e3173fd_135812_2.png,8573078,5784625,123244,109613,0.9866012529019916,0.973556811400493,0.9858280316667207,0.9873756880211446,0.9840405714379709,0.9866012529019916,0.979139009344994,0.9814033637596582,0.014171968333279288,0.9,1.75
HistoKit (no postprocessing),gaussian,0584763b-507d-517f-59c7-4dbcdbe7ec5e_135202_2.png,16996584,1478618,71960,155599,0.9933502581637147,0.9867883702544736,0.9957840575036746,0.9909283267325214,0.9878328659602719,0.9933502581637146,0.9535914994279553,0.9047868183968224,0.004215942496325404,0.9,1.75
HistoKit (no postprocessing),gaussian,7a951edf-c71d-16ea-3e52-69a0dd7b54e1_133148_1.png,12635770,2860522,216,315912,0.9876452985086409,0.9755921487337222,0.9999829059639668,0.9756084190454954,0.9800076142677718,0.987645298508641,0.9999244950079316,0.9005450766488459,1.709403603327829e-05,0.9,1.75
HistoKit (no postprocessing),gaussian,778d67ae-3cb9-eeb7-6fac-a66f6e936029_142330_3.png,17844052,628810,7766,2595012,0.932026167482901,0.8727050599041514,0.9995649742788102,0.8730366517762261,0.8765030148550649,0.932026167482901,0.9878003569094657,0.19505109153048772,0.000435025721189853,0.9,1.75
HistoKit (no postprocessing),gaussian,dad7b6f2-9f0b-8c2a-a00e-ff89c406e2d2_171435_3.png,5838382,594508,22343,251813,0.9770598414180666,0.9551485814893912,0.9961876730268013,0.9586527196584017,0.9591241807496177,0.9770598414180667,0.9637789352696194,0.7024615955411717,0.0038123269731987082,0.9,1.75
HistoKit (no postprocessing),gaussian,1d49a2ac-7490-df96-fb85-41e83b5a5b35_151838_1.png,0,6017423,218277,0,0.0,0.0,0.0,,0.9649955899097135,,0.9649955899097135,1.0,1.0,0.9,1.75
HistoKit (no postprocessing),gaussian,7a951edf-c71d-16ea-3e52-69a0dd7b54e1_133148_5.png,5826570,2905509,293,359473,0.9700517093865547,0.9418450598221629,0.9999497156531739,0.9418896700200758,0.9604298137506744,0.9700517093865548,0.9998991672522767,0.8899004649949066,5.028434682607091e-05,0.9,1.75
HistoKit (no postprocessing),gaussian,3c8a2c44-1287-eab9-5fb8-1902a0075b0d_153549_25.png,37462283,2820574,71198,79679,0.9979903282089191,0.9959887177785648,0.9981030802871708,0.9978776016021752,0.9962685365640482,0.9979903282089191,0.9753791101096491,0.9725268795515426,0.0018969197128291938,0.9,1.75
HistoKit (no postprocessing),gaussian,6c5eefac-6637-5ca1-aed4-decff7ee7c9b_152621_1.png,35015533,359508,375566,224199,0.9915084532985319,0.9831599050497907,0.9893881227028298,0.9936378914572903,0.9833281936252832,0.9915084532985319,0.48907729017758755,0.6159048974913783,0.010611877297170115,0.9,1.75
HistoKit (no postprocessing),gaussian,6875bf3f-1b6d-1a53-f365-0d72c060072a_140344_5.png,10417521,466539,23986,1542464,0.9300738540093669,0.8692879013141804,0.9977028220160175,0.8710312763770188,0.8741858767231222,0.9300738540093668,0.9511013709800724,0.2322241430201946,0.0022971779839825804,0.9,1.75
HistoKit (no postprocessing),gaussian,7a951edf-c71d-16ea-3e52-69a0dd7b54e1_133148_3.png,8626887,1490383,629,379349,0.9784516647393022,0.9578124019844863,0.9999270937312663,0.9578792960788503,0.9638021317587238,0.9784516647393022,0.9995781388748045,0.7971104949800292,7.290626873366563e-05,0.9,1.75
HistoKit (no postprocessing),gaussian,2f6f5632-66e3-03e5-2957-29197ae74c65_142917_3.png,5405547,642603,5053,68633,0.9932303638658752,0.9865517673732802,0.9990660924851218,0.9874624144620747,0.9879634148970995,0.9932303638658752,0.9921980187012859,0.9035017912479121,0.000933907514878202,0.9,1.75
HistoKit (no postprocessing),gaussian,e92b8137-1dab-8f48-a38e-05fbbeabd072_134925_1.png,5967720,32666,22318,384873,0.9670093839798014,0.9361260102297899,0.9962741471756941,0.9394148184843575,0.9364516415487477,0.9670093839798013,0.5941001018478103,0.07823460802463962,0.003725852824305956,0.9,1.75
HistoKit (no postprocessing),gaussian,6875bf3f-1b6d-1a53-f365-0d72c060072a_140344_2.png,15804949,769864,12503,389834,0.987431774132609,0.9751755475901394,0.9992095439897652,0.9759284208994958,0.9763012637574623,0.9874317741326091,0.9840190089817183,0.6638486916421344,0.0007904560102347711,0.9,1.75
HistoKit (no postprocessing),gaussian,654bcee2-3394-aaf6-25f2-380d7ca46c60_144121_2.png,5385371,1832986,1050,44001,0.995834702087956,0.9917039596554375,0.999805065367152,0.9918957477955093,0.9937975396673298,0.995834702087956,0.9994274921539162,0.9765576426474983,0.00019493463284804511,0.9,1.75
HistoKit (no postprocessing),gaussian,e75d7a32-60ad-6f71-61b5-c428fc2cae22_164833_1.png,39644529,11452104,63451,409900,0.9940654876660007,0.9882009966628347,0.9984020592334337,0.9897664250812314,0.9908211916451244,0.9940654876660007,0.9944899746473357,0.9654442874913884,0.0015979407665663173,0.9,1.75
HistoKit (no postprocessing),gaussian,59481929-3828-f3c5-2452-07bdbf0def53_144939_3.png,23719265,1218415,12832,179081,0.995970791201753,0.9919739211510198,0.9994592976760545,0.9925065525455192,0.9923630677186057,0.995970791201753,0.9895780456723956,0.8718558049540035,0.0005407023239454988,0.9,1.75
HistoKit (no postprocessing),gaussian,7530b966-b7ee-7dd8-6676-04339b0c22b7_154932_2.png,10269762,1301679,16263,2187804,0.9030906333129188,0.8233046965771296,0.9984189227617083,0.824379497567984,0.8400010366223881,0.9030906333129188,0.9876603067509799,0.3730291851257049,0.00158107723829176,0.9,1.75
HistoKit (no postprocessing),gaussian,098b4b43-88d6-52e4-6dfc-ff0d08e21e37_154649_3.png,45131683,6967095,84196,172039,0.9971692871248957,0.9943545548839672,0.9981379107989916,0.9962025415924988,0.9951058172786625,0.9971692871248957,0.9880594915172272,0.9759019791476109,0.0018620892010083449,0.9,1.75
HistoKit (no postprocessing),gaussian,d89a4519-168e-fe8e-eec5-c3f8080d7609_170312_1.png,15747875,507458,12323,330034,0.9892469423511894,0.9787226809408341,0.9992180935797887,0.9794728282141664,0.9793732139833916,0.9892469423511894,0.9762919383355683,0.6059257879478251,0.0007819064202112181,0.9,1.75
HistoKit (no postprocessing),gaussian,c4a5bf6f-509c-e7c4-3751-4f823d57d1f3_145315_1.png,22699415,1086689,43378,1328308,0.9706719934413381,0.9430152364031874,0.9980926705000569,0.9447176913101587,0.9454766893276396,0.9706719934413381,0.9616146653251533,0.44997530017635634,0.0019073294999431248,0.9,1.75
HistoKit (no postprocessing),gaussian,34677a0d-5045-a6c6-f661-b69bd9d6f859_140044_3.png,4380116,132727,10312,9065,0.9977929541053594,0.9955956288599618,0.9976512540463025,0.9979346944224902,0.9957246117796577,0.9977929541053594,0.9279077734044562,0.9360683254344392,0.0023487459536974528,0.9,1.75
HistoKit (no postprocessing),gaussian,00a8cbc5-e358-18d7-ac64-8f4f6e3173fd_135812_1.png,0,9333324,24420,0,0.0,0.0,0.0,,0.9973903966597077,,0.9973903966597077,1.0,1.0,0.9,1.75
HistoKit (no postprocessing),gaussian,654bcee2-3394-aaf6-25f2-380d7ca46c60_144121_1.png,8559845,963507,10808,514940,0.97020487675058,0.9421338816299607,0.998738952562891,0.9432559559262286,0.9476820809823765,0.9702048767505799,0.9889070783062972,0.6517020900985967,0.0012610474371089345,0.9,1.75
HistoKit (no postprocessing),gaussian,6c5eefac-6637-5ca1-aed4-decff7ee7c9b_152621_2.png,36470755,952704,104381,4249588,0.9436711039723293,0.8933497015191089,0.9971461213431988,0.8956396806382501,0.8957817843645137,0.9436711039723293,0.9012558119734931,0.18313158892272868,0.0028538786568011666,0.9,1.75
HistoKit (no postprocessing),gaussian,98188e68-f597-a02c-6cf5-9f993d1f10ac_162142_1.png,29112917,1203614,73251,185728,0.9955718589713196,0.991182761916357,0.9974902152279806,0.9936608672517108,0.9915298551029893,0.9955718589713196,0.9426321498357305,0.8663194519419984,0.002509784772019403,0.9,1.75
HistoKit (no postprocessing),gaussian,997c9bdf-d489-63a3-9c13-1b5273502c59_152111_5.png,1627287,4486874,132015,130552,0.9253464674859495,0.8610649288251897,0.924961717772162,0.9257315374161115,0.9588241806769867,0.9253464674859495,0.9714184514934219,0.9717262388179042,0.07503828222783808,0.9,1.75
HistoKit (no postprocessing),gaussian,8a46ca7f-3853-419d-26c8-1bf78b04ebee_163832_1.png,8619609,1159714,93025,172916,0.9848078500743696,0.9700703951921941,0.9893229762664195,0.980333749406456,0.9735257331215984,0.9848078500743694,0.9257427125682205,0.8702445540022362,0.010677023733580454,0.9,1.75
HistoKit (no postprocessing),gaussian,997c9bdf-d489-63a3-9c13-1b5273502c59_152111_1.png,11825976,1155836,63,49565,0.997906131152438,0.9958210125564981,0.999994672772515,0.9958262954083523,0.9961916718336576,0.9979061311524381,0.9999454969681607,0.958880903533347,5.327227485043809e-06,0.9,1.75
HistoKit (no postprocessing),gaussian,b3ac8263-eb4f-ecee-6126-3ea976dfb769_143901_1.png,31631840,1208187,37281,154372,0.9969797180010072,0.9939776252719964,0.9988227965026247,0.9951434288552533,0.994197903346121,0.996979718001007,0.9700666737322837,0.8867043555545118,0.0011772034973752507,0.9,1.75
HistoKit (no postprocessing),gaussian,7ba3b133-6b39-da9f-5b13-68d3bea507d2_165139_1.png,22904883,2862759,3454,680036,0.9852991582263028,0.9710242838707019,0.9998492251969229,0.9711664899082333,0.9741602741236178,0.9852991582263028,0.9987949255690348,0.80805098799112,0.00015077480307715046,0.9,1.75
HistoKit (no postprocessing),gaussian,7530b966-b7ee-7dd8-6676-04339b0c22b7_154932_3.png,23434634,887047,35358,1588167,0.9665202827150006,0.9352097255029789,0.9984934805261119,0.9365312060788079,0.9374248560601137,0.9665202827150006,0.9616675972051323,0.3583718417882252,0.0015065194738881889,0.9,1.75
HistoKit (no postprocessing),gaussian,302e8390-e88c-6502-e08e-b8e893212016_162708_1.png,14954121,4990694,336425,114794,0.9851374502333885,0.9707102212609394,0.9779978425884858,0.992382065994798,0.9778771206206069,0.9851374502333886,0.936846727095828,0.977515567561808,0.02200215741151428,0.9,1.75
HistoKit (no postprocessing),gaussian,00a8cbc5-e358-18d7-ac64-8f4f6e3173fd_135812_4.png,10641707,1409802,18567,244336,0.9877982394856625,0.9758906554200472,0.9982582999273752,0.977555113460419,0.9786507873863567,0.9877982394856625,0.9870012580782697,0.8522880195001868,0.001741700072624775,0.9,1.75
HistoKit (no postprocessing),gaussian,c4a5bf6f-509c-e7c4-3751-4f823d57d1f3_145315_4.png,16394743,1071311,21787,8023414,0.8029812007619894,0.6708175354247947,0.9986728620481917,0.6714160696075465,0.6846411123247367,0.8029812007619894,0.9800685757361188,0.11779476564711962,0.0013271379518083298,0.9,1.75
HistoKit (no postprocessing),gaussian,7a951edf-c71d-16ea-3e52-69a0dd7b54e1_133148_6.png,7817980,2661204,0,39038,0.9975095371623014,0.9950314483179242,1.0,0.9950314483179242,0.9962885362183836,0.9975095371623015,1.0,0.9855427772769996,0.0,0.9,1.75
HistoKit (no postprocessing),gaussian,7a951edf-c71d-16ea-3e52-69a0dd7b54e1_133148_2.png,7958775,483415,22,341535,0.9789928807283205,0.9588502002088591,0.9999972357631436,0.9588527416445892,0.9611148863918781,0.9789928807283205,0.9999544925191907,0.5859930904903328,2.7642368563992774e-06,0.9,1.75
HistoKit (no postprocessing),gaussian,e04480a3-f748-c87a-3eb6-396b6ccbcb83_134430_1.png,63596090,631736,666004,71900,0.9942319743962648,0.9885301074265652,0.9896361298155021,0.9988707041010718,0.98864164229356,0.9942319743962648,0.48679704717431843,0.897816484659682,0.010363870184497878,0.9,1.75
HistoKit (no postprocessing),gaussian,ec461d09-d9f6-ab63-cb21-aeb55b7abbf3_142116_2.png,39543505,1590777,92039,235929,0.9958701996996083,0.9917743696100718,0.9976778671184632,0.9940690709676764,0.992089961350385,0.9958701996996084,0.945306557579676,0.8708445694052573,0.0023221328815368346,0.9,1.75
HistoKit (no postprocessing),gaussian,59481929-3828-f3c5-2452-07bdbf0def53_144939_1.png,25520493,888465,13702,108221,0.9976169650556812,0.9952452608209772,0.9994633862551766,0.9957773534793826,0.9954044873217742,0.9976169650556812,0.9848121245844728,0.891419163106535,0.0005366137448233634,0.9,1.75
HistoKit (no postprocessing),gaussian,dfdc8007-a219-a302-d10c-929e29813dc8_163630_1.png,3820698,375400,683,120411,0.9844001087279983,0.9692794546236838,0.9998212688030845,0.9694474321821599,0.9719507494686361,0.9844001087279983,0.9981839115301675,0.7571433469608378,0.00017873119691546067,0.9,1.75
HistoKit (no postprocessing),gaussian,7ba3b133-6b39-da9f-5b13-68d3bea507d2_165139_3.png,15204270,562625,7822,2308997,0.9292041685470891,0.8677696917126555,0.9994858037934559,0.8681572661457169,0.8718836738957495,0.9292041685470891,0.9862879461194467,0.1959258565368283,0.0005141962065441098,0.9,1.75
HistoKit (no postprocessing),gaussian,bb1fc306-b767-ee67-c337-445c06bd68ce_150126_2.png,27086944,9915437,294099,1093185,0.9750314122243497,0.951279311242433,0.9892590285914237,0.9612072393281096,0.9638630865885389,0.9750314122243497,0.9711936957761842,0.9006973806530917,0.010740971408576364,0.9,1.75
HistoKit (no postprocessing),gaussian,d28668ca-fcc7-90f7-7049-f08e38cdd015_141933_2.png,11297507,784086,5207,195428,0.9911985396862357,0.9825506590543064,0.9995393141859557,0.9829958143850983,0.9836646087338551,0.9911985396862356,0.993402956823385,0.8004847301825191,0.0004606858140443083,0.9,1.75
HistoKit (no postprocessing),gaussian,e04480a3-f748-c87a-3eb6-396b6ccbcb83_134430_2.png,14569856,673657,15206,36433,0.9982310171255863,0.9964682818001853,0.9989574264408337,0.997505663485092,0.9966238321789807,0.9982310171255863,0.9779259446363064,0.9486924192707966,0.001042573559166221,0.9,1.75
HistoKit (no postprocessing),gaussian,e338d5a6-7427-4506-5755-323615d750be_135343_3.png,7674210,550098,7426,882756,0.9451811184238643,0.8960601056093649,0.999033278848412,0.8968377343090997,0.902333317607458,0.9451811184238643,0.9866803940278804,0.3839176915442885,0.0009667211515880211,0.9,1.75
HistoKit (no postprocessing),gaussian,0584763b-507d-517f-59c7-4dbcdbe7ec5e_135202_6.png,12902188,555757,74465,17705,0.9964408380947791,0.9929069216039761,0.9942616173831573,0.9986296326138304,0.9931978437083375,0.9964408380947791,0.881843223499021,0.9691261147207662,0.0057383826168427255,0.9,1.75
HistoKit (no postprocessing),gaussian,110ff982-b33a-42d4-9522-02719d6987c7_164031_2.png,5731281,175569,5608,1181174,0.90617837573237,0.8284516923306423,0.9990224667062584,0.8291238062309266,0.832697551832404,0.9061783757323699,0.969046843694288,0.12940475830721074,0.0009775332937416081,0.9,1.75
HistoKit (no postprocessing),gaussian,015b92ff-7984-c969-27c5-4144ab20b802_144644_7.png,22059844,4743461,149859,806216,0.9787895991910331,0.9584602726486828,0.9932525437192924,0.9647418051032841,0.9655584886982346,0.9787895991910331,0.9693747803127529,0.8547274012523611,0.006747456280707581,0.9,1.75
HistoKit (no postprocessing),gaussian,e75d7a32-60ad-6f71-61b5-c428fc2cae22_164833_5.png,45236456,4878303,816769,61172,0.990389350825219,0.9809616723384673,0.9822646731037837,0.9986495540119672,0.9827830061950044,0.9903893508252188,0.8565832003528665,0.9876156879020543,0.01773532689621628,0.9,1.75
HistoKit (no postprocessing),gaussian,bc7dd6a2-14aa-d481-064a-28427e54cce1_153909_1.png,22502766,492069,13860,2480888,0.947479299069395,0.900200155903503,0.9993844548468318,0.9006995533959924,0.902126762921151,0.9474792990693949,0.9726048516689101,0.16551500744881276,0.0006155451531681523,0.9,1.75
HistoKit (no postprocessing),gaussian,31439255-cb2a-2a33-e39f-915211d58cf0_143129_8.png,7057783,4648411,430912,915004,0.9129503885850011,0.8398424312912682,0.9424583321927251,0.8852341094776519,0.8968813471538318,0.912950388585001,0.9151634971825969,0.8355319529461671,0.057541667807274835,0.9,1.75
HistoKit (no postprocessing),gaussian,dfdc8007-a219-a302-d10c-929e29813dc8_163630_4.png,1844816,706405,731,120984,0.9680650961457983,0.9381067473637589,0.9996039114690658,0.9384555905992471,0.954463930299865,0.9680650961457983,0.9989662526020454,0.853776156076525,0.00039608853093418914,0.9,1.75
HistoKit (no postprocessing),gaussian,091684ab-dffb-81d6-97c1-29bfeceeac37_154424_1.png,0,6267842,20721,0,0.0,0.0,0.0,,0.996704970595031,,0.996704970595031,1.0,1.0,0.9,1.75
HistoKit (no postprocessing),gaussian,31439255-cb2a-2a33-e39f-915211d58cf0_143129_5.png,4080885,237451,4561,1386001,0.854426960871963,0.7458511432167761,0.998883598020877,0.7464734036890471,0.7564219924756056,0.854426960871963,0.9811538270829545,0.14626302471523642,0.0011164019791229647,0.9,1.75
HistoKit (no postprocessing),gaussian,8a22c195-cd7e-901b-eb5d-b1439c8b19ac_152323_2.png,2678742,490602,11714,31766,0.9919495852962545,0.984027753798184,0.9956460912202244,0.9882804256619054,0.9864667345612458,0.9919495852962545,0.9766800181559019,0.9391884648370498,0.004353908779775622,0.9,1.75
HistoKit (no postprocessing),gaussian,e338d5a6-7427-4506-5755-323615d750be_135343_2.png,6369847,922204,134,55835,0.9956259398203907,0.991289977802041,0.9999789638305043,0.9913106499823676,0.992383118173331,0.9956259398203906,0.9998547170343193,0.9429112744992787,2.1036169495638997e-05,0.9,1.75
HistoKit (no postprocessing),gaussian,bc7dd6a2-14aa-d481-064a-28427e54cce1_153909_2.png,11564675,455976,7572,2480285,0.9028833627334939,0.8229602323623956,0.9993456759089224,0.8234039114386941,0.8285242700352097,0.9028833627334939,0.983665122058557,0.15529137225880124,0.0006543240910775582,0.9,1.75
HistoKit (no postprocessing),gaussian,7ba3b133-6b39-da9f-5b13-68d3bea507d2_165139_2.png,10115438,5183133,68350,265565,0.9837627817369989,0.9680444329902531,0.993288352035608,0.9744181751994484,0.9786396738177152,0.9837627817369989,0.9869846289133946,0.9512608333220156,0.006711647964392032,0.9,1.75
HistoKit (no postprocessing),gaussian,00a8cbc5-e358-18d7-ac64-8f4f6e3173fd_135812_3.png,6481199,2157239,3053,102832,0.9918975583862089,0.9839253605996219,0.9995291669725359,0.984381604521607,0.9878910008241919,0.9918975583862089,0.9985867651224927,0.9545005444519221,0.0004708330274640776,0.9,1.75
HistoKit (no postprocessing),gaussian,73f410c7-98a8-a0f8-02ae-aabdcdcb9cee_162913_1.png,14962983,3072514,43266,58649,0.9966059876153099,0.9932349359418166,0.9971168011406448,0.9960956971918896,0.9943809513727758,0.9966059876153098,0.9861139104814846,0.9812692600161665,0.0028831988593551925,0.9,1.75
HistoKit (no postprocessing),gaussian,d28668ca-fcc7-90f7-7049-f08e38cdd015_141933_3.png,1781371,1617270,23402,92402,0.968519083355217,0.9389597691304176,0.9870332723284313,0.9506866626853947,0.9670491357810408,0.968519083355217,0.9857363324296385,0.9459533758522103,0.012966727671568668,0.9,1.75
HistoKit (no postprocessing),gaussian,098b4b43-88d6-52e4-6dfc-ff0d08e21e37_154649_1.png,38420502,1900819,120371,1103268,0.9843253110117982,0.9691344302301821,0.9968767962261779,0.9720859624474082,0.9705466318898851,0.9843253110117983,0.9404454801379385,0.6327443246483874,0.0031232037738221446,0.9,1.75
HistoKit (no postprocessing),gaussian,191c1954-41f1-2c63-fab4-33ae150d32f8_151532_2.png,29152849,442302,329,1389509,0.9767178905973807,0.9544952282685542,0.9999887147809409,0.9545055100198878,0.9551447960817414,0.9767178905973808,0.9992567172204387,0.241456132756054,1.1285219059136537e-05,0.9,1.75
HistoKit (no postprocessing),gaussian,6c5eefac-6637-5ca1-aed4-decff7ee7c9b_152621_3.png,19267976,751603,133432,1455744,0.9603944939440442,0.9238066635368051,0.9931225610017582,0.9297546965506193,0.9264568458478982,0.9603944939440443,0.8492353409752157,0.34050061000830406,0.006877438998241777,0.9,1.75
HistoKit (no postprocessing),gaussian,8a22c195-cd7e-901b-eb5d-b1439c8b19ac_152323_1.png,13786533,4721523,173226,241466,0.9851830932652769,0.9707988571408452,0.9875910465216484,0.9827868536346488,0.9780850011848173,0.985183093265277,0.9646098298401,0.9513466582335766,0.012408953478351597,0.9,1.75
HistoKit (no postprocessing),gaussian,31439255-cb2a-2a33-e39f-915211d58cf0_143129_4.png,9510865,371635,42260,1538406,0.9232775644153234,0.8574889255595102,0.9955763166503108,0.8607685520610364,0.8621091241285348,0.9232775644153233,0.8978968095773082,0.19456912181466263,0.004423683349689238,0.9,1.75
HistoKit (no postprocessing),gaussian,d89a4519-168e-fe8e-eec5-c3f8080d7609_170312_3.png,18954222,4591072,37526,2844757,0.9293397492032932,0.8680062125326374,0.9980240891991616,0.8695004477044544,0.8909365395094677,0.9293397492032931,0.9918925774068087,0.6174257100317934,0.001975910800838343,0.9,1.75
HistoKit (no postprocessing),gaussian,bb1fc306-b767-ee67-c337-445c06bd68ce_150126_1.png,27442888,4533940,761802,168970,0.9833244434965774,0.9671959133929144,0.9729902367301325,0.9938805277066107,0.9717155915350861,0.9833244434965774,0.8561482035945105,0.9640711814599897,0.02700976326986753,0.9,1.75
HistoKit (no postprocessing),gaussian,bb1fc306-b767-ee67-c337-445c06bd68ce_150126_3.png,30623261,1739969,138575,4573335,0.9285624315629577,0.8666509920101986,0.9954952298685943,0.8700631447427473,0.8729091784953475,0.9285624315629577,0.9262327632464291,0.2756035508507115,0.0045047701314056806,0.9,1.75
HistoKit (no postprocessing),gaussian,e338d5a6-7427-4506-5755-323615d750be_135343_5.png,4549868,150529,39841,232703,0.9709202029815583,0.9434838831688375,0.9913194932402033,0.9513435346804051,0.9451946041587865,0.9709202029815582,0.7907180753269948,0.39278818052772213,0.008680506759796754,0.9,1.75
HistoKit (no postprocessing),gaussian,745e05db-827a-cff7-7148-db0494ae96fc_133425_4.png,24786314,4736255,113778,935621,0.9792699134706716,0.9593818448130307,0.995430619292491,0.9636255592746036,0.9656744701551434,0.9792699134706715,0.9765407781761485,0.8350420566317035,0.004569380707509033,0.9,1.75
HistoKit (no postprocessing),gaussian,e0661871-0847-f23e-2d1f-8518496574c0_141209_2.png,42853678,3074343,121194,516563,0.9926138610763067,0.9853360322555464,0.9971798868883193,0.9880894597749641,0.9863041695555907,0.9926138610763067,0.9620739800540566,0.8561468888352968,0.002820113111680705,0.9,1.75
HistoKit (no postprocessing),constant,1d49a2ac-7490-df96-fb85-41e83b5a5b35_151838_3.png,0,6115607,73828,0,0.0,0.0,0.0,,0.9880719322522976,,0.9880719322522976,1.0,1.0,0.5,
HistoKit (no postprocessing),gaussian,d28668ca-fcc7-90f7-7049-f08e38cdd015_141933_1.png,23124577,3882224,27868,90415,0.9974490071556036,0.9949109963231719,0.998796325830814,0.9961053184941868,0.9956393499094787,0.9974490071556036,0.9928728019698769,0.9772405698076266,0.001203674169186019,0.9,1.75
HistoKit (no postprocessing),gaussian,1cfd19dd-0b58-a07f-0753-c0e3d9e98b9b_133722_2.png,19778786,766822,786,4467156,0.898514711264927,0.8157301059342935,0.999960262031959,0.8157565501064055,0.8213791325101795,0.898514711264927,0.9989760398536753,0.14650844921396308,3.973796804096671e-05,0.9,1.75
HistoKit (no postprocessing),constant,538ad0bc-9add-9e27-6ee9-4f1bdd825510_142716_4.png,0,6987044,2932,0,0.0,0.0,0.0,,0.9995805421935641,,0.9995805421935641,1.0,1.0,0.5,
HistoKit (no postprocessing),gaussian,dfdc8007-a219-a302-d10c-929e29813dc8_163630_5.png,11870623,379572,7,172378,0.9927913498372539,0.9856858851210595,0.9999994103093096,0.9856864580514442,0.9861232529796548,0.992791349837254,0.9999815585161456,0.6876927257903795,5.896906903845878e-07,0.9,1.75
HistoKit (no postprocessing),constant,110ff982-b33a-42d4-9522-02719d6987c7_164031_4.png,12656822,433802,16075,2196954,0.9196041962644741,0.8511734246698235,0.9987315449656066,0.8520945785098685,0.8553921080149949,0.9196041962644741,0.9642680110341271,0.1648963263791853,0.0012684550343934776,0.5,
HistoKit (no postprocessing),constant,4adc5212-3bb5-0299-1727-5490f70e71c6_162331_3.png,4425599,238129,4169,1045159,0.8940129039608603,0.8083393623330503,0.9990588671912389,0.8089553586541389,0.8163280738014821,0.8940129039608602,0.9827939149312004,0.18556161983903846,0.0009411328087610909,0.5,
HistoKit (no postprocessing),gaussian,a796f488-e06e-b9c5-67ad-c084c09ace36_143658_2.png,37865893,3115153,2958,3472076,0.956127086026178,0.9159420397128492,0.9999218883086788,0.9160075813110219,0.9218321993302153,0.956127086026178,0.9990513487172201,0.4729079556821237,7.811169132118637e-05,0.9,1.75
HistoKit (no postprocessing),constant,4adc5212-3bb5-0299-1727-5490f70e71c6_162331_1.png,6317697,598993,31323,2730605,0.8206228329835539,0.6958103445902226,0.9950664827012673,0.6982190691689999,0.7146361185036955,0.8206228329835539,0.9503058783213499,0.1798994953745167,0.0049335172987327175,0.5,
HistoKit (no postprocessing),constant,dfdc8007-a219-a302-d10c-929e29813dc8_163630_7.png,2252898,426335,35945,133382,0.9637812737761124,0.9300944379650941,0.984295558935235,0.944104631476608,0.9405569831774651,0.9637812737761123,0.922244094488189,0.7616974292365606,0.015704441064765037,0.5,
HistoKit (no postprocessing),gaussian,745e05db-827a-cff7-7148-db0494ae96fc_133425_2.png,28707292,4377201,129528,208765,0.9941424043688767,0.9883530319668205,0.9955082425870814,0.9927803088782126,0.9898783721979371,0.9941424043688767,0.9712589774091143,0.9544774208967096,0.004491757412918623,0.9,1.75
HistoKit (no postprocessing),constant,2f6f5632-66e3-03e5-2957-29197ae74c65_142917_2.png,23467757,1061888,13995,187694,0.9957212353053702,0.9914789302630911,0.9994040052888729,0.9920655074384336,0.9918447989906246,0.9957212353053703,0.9869920799938283,0.8497945713046443,0.0005959947111271765,0.5,
HistoKit (no postprocessing),constant,34677a0d-5045-a6c6-f661-b69bd9d6f859_140044_2.png,23261714,1124131,60570,53592,0.9975521462408328,0.9951162471943298,0.9974029130251565,0.9977014241202753,0.9953403278619471,0.9975521462408328,0.9488731755945171,0.954495242090033,0.0025970869748434587,0.5,
HistoKit (no postprocessing),constant,015b92ff-7984-c969-27c5-4144ab20b802_144644_8.png,19048252,4871003,80077,1523984,0.9595960158249637,0.9223302009803939,0.9958136960107702,0.9259203520706256,0.9371531112963535,0.9595960158249637,0.9838263570776477,0.7616908369008413,0.004186303989229796,0.5,
HistoKit (no postprocessing),gaussian,745e05db-827a-cff7-7148-db0494ae96fc_133425_3.png,49011611,5112570,374252,570207,0.9904568947109107,0.9810942093723546,0.9924218799213856,0.9884996754253746,0.9828494221030336,0.9904568947109107,0.9317907524610786,0.8996605004912211,0.0075781200786144,0.9,1.75
HistoKit (no postprocessing),constant,59481929-3828-f3c5-2452-07bdbf0def53_144939_2.png,22537543,2394430,6017,273050,0.9938469361339413,0.9877691295946243,0.9997330945068126,0.9880296842787033,0.9889307620788353,0.9938469361339413,0.9974933835239853,0.8976374705714757,0.0002669054931874114,0.5,
HistoKit (no postprocessing),constant,8a22c195-cd7e-901b-eb5d-b1439c8b19ac_152323_3.png,3876023,435406,109363,3017,0.9857103366475825,0.9718233087278292,0.9725589942856225,0.9992222302425342,0.9745965524280095,0.9857103366475823,0.7992488559371036,0.9931185179609646,0.027441005714377478,0.5,
HistoKit (no postprocessing),constant,654bcee2-3394-aaf6-25f2-380d7ca46c60_144121_7.png,5420875,321246,656,339061,0.9696178506809527,0.9410274152378784,0.9998790009685457,0.9411345889954332,0.9441423793267759,0.9696178506809527,0.9979621126926829,0.486510062743542,0.00012099903145439914,0.5,
HistoKit (no postprocessing),constant,91e6ffad-da04-5736-d731-feb79e91105c_134712_2.png,6919529,188971,2507,786237,0.9460791170129319,0.8976756531586259,0.9996378233225022,0.8979677036650218,0.9001241445749935,0.946079117012932,0.9869071120442036,0.19377507157447438,0.00036217667749777665,0.5,
HistoKit (no postprocessing),constant,8b8e8141-b9e0-9b57-cdad-61702acf8a5e_150400_2.png,14755103,503015,6843,1517939,0.9508689354092871,0.9063395103835193,0.9995364432304521,0.9067206364980807,0.9091466909771255,0.9508689354092871,0.9865786160068097,0.2488997770359939,0.00046355676954786316,0.5,
HistoKit (no postprocessing),constant,8b8e8141-b9e0-9b57-cdad-61702acf8a5e_150400_5.png,2742438,227522,15,1185611,0.8222583547685017,0.6981653048422837,0.9999945304440951,0.6981679709188964,0.7146910207128429,0.8222583547685017,0.9999340766556648,0.16100536892139664,5.469555904877859e-06,0.5,
HistoKit (no postprocessing),constant,1cfd19dd-0b58-a07f-0753-c0e3d9e98b9b_133722_4.png,20410636,749157,3366,3966329,0.9113728667657477,0.8371763287381127,0.9998351131737913,0.8372919270302928,0.8420304066680547,0.9113728667657477,0.9955270470138454,0.15887164122637623,0.00016488682620879533,0.5,
HistoKit (no postprocessing),constant,c282e7fa-bbd4-0343-5231-dcd676a3dd4f_140949_1.png,4450543,5051811,2252875,67098,0.7932483021433182,0.6573417742458625,0.6639214502213647,0.9851475582057095,0.8037634215328336,0.7932483021433182,0.6915849634056823,0.9868921287719707,0.3360785497786353,0.5,
HistoKit (no postprocessing),constant,3c8a2c44-1287-eab9-5fb8-1902a0075b0d_153549_11.png,12773756,2025415,49042,64573,0.9955724859629119,0.9911840048680216,0.9961754057109844,0.9949702955890911,0.9923813699197453,0.9955724859629118,0.9763591146984488,0.9691036503558872,0.0038245942890155486,0.5,
HistoKit (no postprocessing),constant,6875bf3f-1b6d-1a53-f365-0d72c060072a_140344_1.png,23167965,516309,5701,1982897,0.9588490962601849,0.920951125159665,0.9997539879965475,0.921159879132572,0.9225408828431817,0.9588490962601848,0.9890787532805885,0.2065892127339643,0.0002460120034525396,0.5,
HistoKit (no postprocessing),constant,bffc0a6a-719c-940b-52f7-9a2879514091_151206_1.png,28965120,861983,46166,242231,0.9950463113727654,0.9901414588885159,0.9984086882601482,0.9917065056670151,0.9904236356693397,0.9950463113727654,0.949164729576314,0.7806303850521729,0.0015913117398518631,0.5,
HistoKit (no postprocessing),constant,cfd234aa-a9c1-9363-1732-dc841509f243_163200_1.png,8572763,1828354,6505,2522218,0.8714704180068068,0.7722176112279023,0.9992417768042682,0.7726703632930962,0.8044273556362647,0.8714704180068069,0.9964547684590478,0.4202560031186704,0.0007582231957318504,0.5,
HistoKit (no postprocessing),constant,b3ac8263-eb4f-ecee-6126-3ea976dfb769_143901_2.png,36925890,4789116,158173,265213,0.9942997636652875,0.9886641443866274,0.9957347445990479,0.9928689127612053,0.9899524879829301,0.9942997636652875,0.9680283484550832,0.9475275550918826,0.004265255400952156,0.5,
HistoKit (no postprocessing),constant,997c9bdf-d489-63a3-9c13-1b5273502c59_152111_4.png,4654566,2716917,101971,64037,0.9824796256308614,0.9655626072745693,0.978561924357994,0.9864288222594696,0.9779756950953573,0.9824796256308613,0.9638258064882322,0.9769730099814667,0.02143807564200594,0.5,
HistoKit (no postprocessing),constant,654bcee2-3394-aaf6-25f2-380d7ca46c60_144121_5.png,6540034,493191,3155,890944,0.9360177247058805,0.8797305617211852,0.9995178192162874,0.880104072438379,0.8872130116039157,0.9360177247058805,0.9936435470417814,0.3563171222460237,0.00048218078371265144,0.5,
HistoKit (no postprocessing),constant,7a951edf-c71d-16ea-3e52-69a0dd7b54e1_133148_4.png,10248360,1820896,674,345376,0.9833971204403253,0.9673365482362869,0.9999342377047437,0.9673980926086888,0.9721271469265438,0.9833971204403253,0.9996299895145396,0.8405666509099504,6.576229525631392e-05,0.5,
HistoKit (no postprocessing),constant,1cfd19dd-0b58-a07f-0753-c0e3d9e98b9b_133722_1.png,19239204,1036582,9322,4205867,0.9012688249247305,0.8202814713644476,0.9995157031764407,0.8206076236663988,0.8278880689723459,0.9012688249247305,0.9910871361042696,0.19772858066907278,0.0004842968235593728,0.5,
HistoKit (no postprocessing),constant,997c9bdf-d489-63a3-9c13-1b5273502c59_152111_3.png,17041605,466593,189022,168284,0.9896254167620485,0.9794638871363845,0.9890298826618439,0.9902216684837422,0.9800002283730702,0.9896254167620485,0.7116874995233483,0.7349344833723698,0.010970117338156064,0.5,
HistoKit (no postprocessing),constant,e338d5a6-7427-4506-5755-323615d750be_135343_4.png,13138060,1588136,150298,328927,0.9820886256559204,0.9648075956403938,0.9886894979801116,0.9755753087160476,0.9684832797460853,0.9820886256559203,0.9135440287062955,0.8284213925155303,0.011310502019888386,0.5,
HistoKit (no postprocessing),constant,e0661871-0847-f23e-2d1f-8518496574c0_141209_1.png,30600847,2870314,315852,310914,0.9898628236899318,0.9799291095352053,0.98978377348759,0.98994188652015,0.9816186479606224,0.9898628236899318,0.900867688626393,0.90226604317578,0.010216226512410009,0.5,
HistoKit (no postprocessing),constant,a796f488-e06e-b9c5-67ad-c084c09ace36_143658_1.png,27786358,3669051,515094,1076602,0.9721558231019677,0.9458202371062426,0.9817997323953556,0.962699529085028,0.9518355389980454,0.9721558231019677,0.8768938456960741,0.7731393340389615,0.018200267604644455,0.5,
HistoKit (no postprocessing),constant,8a46ca7f-3853-419d-26c8-1bf78b04ebee_163832_3.png,7219732,128160,11617,62229,0.99491184299102,0.9898752025411944,0.9983935224257604,0.9914543623620066,0.9900500394920974,0.99491184299102,0.9168890446926176,0.6731481335581362,0.001606477574239606,0.5,
HistoKit (no postprocessing),constant,6c5eefac-6637-5ca1-aed4-decff7ee7c9b_152621_4.png,8763346,809311,6424,1923795,0.900795198168918,0.8194971461809041,0.9992674836398218,0.8199897428133492,0.83219683494806,0.900795198168918,0.9921248935009531,0.2961140182634702,0.0007325163601782031,0.5,
HistoKit (no postprocessing),constant,75867af4-ee91-110d-5a8d-03a78d8d262a_171204_2.png,18911174,409322,21755,2098467,0.9469182378600075,0.8991877667084011,0.9988509437710351,0.9001188549580642,0.9011123601364469,0.9469182378600074,0.9495333780275914,0.16322027092390948,0.0011490562289648897,0.5,
HistoKit (no postprocessing),constant,538ad0bc-9add-9e27-6ee9-4f1bdd825510_142716_3.png,0,6843337,1736,0,0.0,0.0,0.0,,0.999746386926772,,0.999746386926772,1.0,1.0,0.5,
HistoKit (no postprocessing),constant,8b8e8141-b9e0-9b57-cdad-61702acf8a5e_150400_3.png,2106267,598016,2850,4764547,0.4691053862217872,0.3064256559529241,0.9986487236127726,0.3065527607063734,0.3619377435864491,0.46910538622178727,0.9952568459523421,0.1115168250704001,0.001351276387227451,0.5,
HistoKit (no postprocessing),constant,191c1954-41f1-2c63-fab4-33ae150d32f8_151532_1.png,37702594,1494242,37012,3923960,0.9500924323414413,0.9049295972409083,0.9990192796395384,0.9057342099468527,0.908221196034794,0.9500924323414413,0.9758289610998567,0.2757818922218109,0.0009807203604616328,0.5,
HistoKit (no postprocessing),constant,110ff982-b33a-42d4-9522-02719d6987c7_164031_1.png,19636791,652180,6326,1859133,0.9546547767119802,0.9132435442802498,0.9996779533512935,0.9135123012158026,0.9157974725596641,0.9546547767119803,0.9903934056789157,0.25969681995036065,0.0003220466487065164,0.5,
HistoKit (no postprocessing),constant,bffc0a6a-719c-940b-52f7-9a2879514091_151206_2.png,59387926,8768537,286774,1004947,0.9892417164124738,0.978712450321275,0.9951943788573717,0.9833598411521174,0.9814002191907567,0.9892417164124737,0.9683308502601402,0.8971761758652288,0.004805621142628283,0.5,
HistoKit (no postprocessing),constant,22c86e01-80fd-7f77-3526-d5f72a54b219_141444_4.png,4503280,243860,12994,596063,0.9366596028107192,0.8808652481242922,0.9971228494993882,0.8831098437583038,0.8862892832358481,0.9366596028107192,0.9494109494109494,0.29033613795550306,0.0028771505006117875,0.5,
HistoKit (no postprocessing),constant,654bcee2-3394-aaf6-25f2-380d7ca46c60_144121_3.png,6436998,1857985,4345,585347,0.9562013023474697,0.9160782672922813,0.9993254512296582,0.9166450808099004,0.9336281856117415,0.9562013023474697,0.9976669011399698,0.7604308378885882,0.000674548770341837,0.5,
HistoKit (no postprocessing),constant,778d67ae-3cb9-eeb7-6fac-a66f6e936029_142330_2.png,11154930,472040,47901,1769273,0.9246830754248533,0.8599167875928223,0.9957242057833418,0.8631038989406156,0.864835276980074,0.9246830754248533,0.907872239350234,0.21060869231562035,0.0042757942166582715,0.5,
HistoKit (no postprocessing),constant,22c86e01-80fd-7f77-3526-d5f72a54b219_141444_1.png,35332287,832417,27555,1327691,0.9811823189783034,0.9630597674692382,0.9992207261559596,0.9637836389318073,0.9638793228669015,0.9811823189783034,0.9679582591061104,0.38535897279210113,0.0007792738440403665,0.5,
HistoKit (no postprocessing),constant,015b92ff-7984-c969-27c5-4144ab20b802_144644_9.png,1123681,9401247,3787,52873,0.975408220928446,0.9519969229231213,0.9966411463562602,0.9550611361654459,0.9946454161700493,0.9754082209284459,0.9995973432950906,0.9944074117950692,0.003358853643739778,0.5,
HistoKit (no postprocessing),constant,d89a4519-168e-fe8e-eec5-c3f8080d7609_170312_2.png,22198318,522198,27482,2368482,0.9487960916897116,0.902580445324649,0.998763509075039,0.9035901297686308,0.9046059001898356,0.9487960916897117,0.9500036384805706,0.18064884387064636,0.0012364909249610813,0.5,
HistoKit (no postprocessing),constant,cfd234aa-a9c1-9363-1732-dc841509f243_163200_2.png,13614736,1905607,1057989,1892233,0.90224480075908,0.8218998200900962,0.9278941709873251,0.877975315485573,0.840274404166846,0.90224480075908,0.6430049844850647,0.5017607376824721,0.07210582901267487,0.5,
HistoKit (no postprocessing),constant,31439255-cb2a-2a33-e39f-915211d58cf0_143129_7.png,8327116,1934631,1673308,1282105,0.8492877866988413,0.7380540302621867,0.8326762945251122,0.8665755527945501,0.7763957612679274,0.8492877866988413,0.5362149969830421,0.6014267257244611,0.16732370547488787,0.5,
HistoKit (no postprocessing),constant,110ff982-b33a-42d4-9522-02719d6987c7_164031_3.png,5438218,209677,2083,496274,0.9561875983149759,0.9160531114320968,0.9996171167735021,0.9163746450412268,0.9189169269336825,0.956187598314976,0.9901633925198338,0.2970135321006699,0.0003828832264979456,0.5,
HistoKit (no postprocessing),constant,4adc5212-3bb5-0299-1727-5490f70e71c6_162331_2.png,5383597,918936,10943,2553783,0.8076251582667763,0.6773248897912176,0.9979714674467146,0.6782586949346006,0.7107645102054648,0.8076251582667763,0.9882318022022221,0.2646157089012961,0.002028532553285359,0.5,
HistoKit (no postprocessing),constant,dfdc8007-a219-a302-d10c-929e29813dc8_163630_6.png,2527169,238887,14,43646,0.9914358538390953,0.9830171512768838,0.9999944602349731,0.9830225045364991,0.9844610629686417,0.9914358538390953,0.9999413983198061,0.8455189305320087,5.539765026909408e-06,0.5,
HistoKit (no postprocessing),constant,dad7b6f2-9f0b-8c2a-a00e-ff89c406e2d2_171435_2.png,6544722,1412943,12663,129760,0.9892363639991243,0.978701972216843,0.998068894841465,0.9805587909293935,0.9824171046042957,0.9892363639991242,0.991117461626845,0.9158878928737417,0.0019311051585349953,0.5,
HistoKit (no postprocessing),constant,191c1954-41f1-2c63-fab4-33ae150d32f8_151532_3.png,49794026,585035,5403,3211208,0.9687114289747732,0.9393214044947243,0.999891504780105,0.9394171526532644,0.9399837546583986,0.9687114289747731,0.9908491662122018,0.15410894402702882,0.00010849521989499117,0.5,
HistoKit (no postprocessing),constant,e04480a3-f748-c87a-3eb6-396b6ccbcb83_134430_3.png,25383464,1485378,42129,244803,0.994379817706242,0.9888224552515669,0.9983430474954901,0.990447930014152,0.9894338493169077,0.9943798177062422,0.9724197663251297,0.8585101789928337,0.0016569525045099242,0.5,
HistoKit (no postprocessing),constant,22c86e01-80fd-7f77-3526-d5f72a54b219_141444_2.png,30418466,565514,47048,490771,0.9912371294182521,0.9826265005636173,0.9984556964967012,0.9841221897518855,0.9829381882677445,0.9912371294182523,0.9231947133514649,0.53538012941583,0.0015443035032988448,0.5,
HistoKit (no postprocessing),constant,75867af4-ee91-110d-5a8d-03a78d8d262a_171204_5.png,8249003,142814,3008,1968019,0.8932793611879951,0.8071407813871387,0.9996354827932246,0.8073784122222698,0.8097986421488155,0.8932793611879951,0.9793721112040707,0.0676576498472404,0.0003645172067754151,0.5,
HistoKit (no postprocessing),constant,098b4b43-88d6-52e4-6dfc-ff0d08e21e37_154649_2.png,44774331,717382,33386,359601,0.9956306449306928,0.9912993062815906,0.9992549051316317,0.9920325798337268,0.9914353368334107,0.9956306449306928,0.9555308697227373,0.6661033646770654,0.0007450948683683214,0.5,
HistoKit (no postprocessing),constant,2f6f5632-66e3-03e5-2957-29197ae74c65_142917_4.png,4156027,458137,3472,46256,0.9940529423034468,0.9881762014192458,0.9991652840883001,0.9889926499476595,0.9893376604775582,0.9940529423034469,0.9924784828718678,0.9082937312770003,0.0008347159116999427,0.5,
HistoKit (no postprocessing),constant,6520c4c0-cf13-4bc7-106a-ea8d45dc1109_165944_1.png,0,8708969,6186271,0,0.0,0.0,0.0,,0.5846813478668353,,0.5846813478668353,1.0,1.0,0.5,
HistoKit (no postprocessing),constant,6875bf3f-1b6d-1a53-f365-0d72c060072a_140344_4.png,9975321,322554,16967,575768,0.9711471487866868,0.9439125795699795,0.9983019904950698,0.9454304669404268,0.9455737557400365,0.9711471487866868,0.9500266551995311,0.3590627859498042,0.0016980095049302021,0.5,
HistoKit (no postprocessing),constant,ec461d09-d9f6-ab63-cb21-aeb55b7abbf3_142116_1.png,35857679,1681686,110429,144050,0.9964640881429258,0.9929530935260086,0.9969298079287351,0.995998803279698,0.9932666547493819,0.9964640881429258,0.9383806284752931,0.9211003124219492,0.0030701920712649104,0.5,
HistoKit (no postprocessing),constant,8b8e8141-b9e0-9b57-cdad-61702acf8a5e_150400_1.png,4605417,220319,11436,653432,0.9326763808790505,0.8738459115588626,0.9975229880613483,0.8757461946520997,0.8789080399897716,0.9326763808790504,0.9506547863045026,0.2521530733584282,0.002477011938651718,0.5,
HistoKit (no postprocessing),constant,00a8cbc5-e358-18d7-ac64-8f4f6e3173fd_135812_5.png,5810181,2982073,26244,85678,0.9904603400326825,0.9811009703816364,0.9955034117631941,0.9854681056653491,0.9874303922114747,0.9904603400326825,0.9912761853222251,0.9720713969288902,0.004496588236805921,0.5,
HistoKit (no postprocessing),constant,0584763b-507d-517f-59c7-4dbcdbe7ec5e_135202_1.png,7362017,1058840,13038,68738,0.9944767628383723,0.9890142028398694,0.9982321487771956,0.990749526797748,0.9903822733499141,0.9944767628383723,0.9878363022657429,0.9390392504997437,0.00176785122280444,0.5,
HistoKit (no postprocessing),constant,8a46ca7f-3853-419d-26c8-1bf78b04ebee_163832_4.png,24159934,720910,8512,309519,0.9934612512764994,0.9870074575235319,0.9996478052415948,0.987350800199743,0.9873791587918112,0.9934612512764994,0.9883304863302724,0.6996212257224903,0.0003521947584052363,0.5,
HistoKit (no postprocessing),constant,654bcee2-3394-aaf6-25f2-380d7ca46c60_144121_6.png,2542383,686950,1125,396242,0.9275159869342827,0.8648296623862574,0.9995576974792295,0.8651607469479774,0.8904329004329005,0.9275159869342827,0.998365003814991,0.6341904297668373,0.00044230252077052636,0.5,
HistoKit (no postprocessing),constant,34677a0d-5045-a6c6-f661-b69bd9d6f859_140044_1.png,7117960,158711,42306,82351,0.9913194992095373,0.9827884036944105,0.9940915602856095,0.9885628551322297,0.9831574820086342,0.9913194992095373,0.7895401881432914,0.6583824908114925,0.005908439714390499,0.5,
HistoKit (no postprocessing),constant,302e8390-e88c-6502-e08e-b8e893212016_162708_2.png,48412776,2263268,100939,764367,0.9911424055667523,0.9824403474144956,0.9979193718724695,0.9844568644420844,0.9832114215091378,0.9911424055667521,0.9573053459362907,0.7475366086070481,0.0020806281275305345,0.5,
HistoKit (no postprocessing),constant,745e05db-827a-cff7-7148-db0494ae96fc_133425_1.png,35011104,2358752,96714,251542,0.9950511055320027,0.9901509529584246,0.9972452289686587,0.9928666158517997,0.9907668761363241,0.9950511055320027,0.9606127716694102,0.9036346097412782,0.0027547710313412244,0.5,
HistoKit (no postprocessing),constant,cfd234aa-a9c1-9363-1732-dc841509f243_163200_3.png,11224666,865189,26428,5153541,0.8125189993043979,0.6842374731287835,0.9976510728645588,0.6853415639453085,0.7000566421522304,0.812518999304398,0.9703594704901319,0.1437494288662226,0.002348927135441229,0.5,
HistoKit (no postprocessing),constant,75867af4-ee91-110d-5a8d-03a78d8d262a_171204_3.png,17683215,326044,18814,4004152,0.8978667761242137,0.8146626530019261,0.9989371839804352,0.8153693807090552,0.8174053687269442,0.8978667761242137,0.9454442118205174,0.07529543697329175,0.0010628160195647629,0.5,
HistoKit (no postprocessing),constant,7530b966-b7ee-7dd8-6676-04339b0c22b7_154932_1.png,16923660,455838,219519,743808,0.9723266562669749,0.9461436965320096,0.9871949654145243,0.9578995699893159,0.9474820808681323,0.9723266562669749,0.6749585774634749,0.37997709324250656,0.012805034585475657,0.5,
HistoKit (no postprocessing),constant,91e6ffad-da04-5736-d731-feb79e91105c_134712_4.png,8080214,306805,33711,1634758,0.9064177105291483,0.8288518561943188,0.9958452906577273,0.8317279761588607,0.8340737913465761,0.9064177105291482,0.9010002466844436,0.15801959555265527,0.0041547093422726975,0.5,
HistoKit (no postprocessing),constant,73f410c7-98a8-a0f8-02ae-aabdcdcb9cee_162913_2.png,17017474,1358382,29285,37770,0.9980336932115101,0.9960751039727229,0.9982820781357911,0.9977854318589637,0.9963641856754609,0.99803369321151,0.9788962337506044,0.9729470716655493,0.0017179218642089092,0.5,
HistoKit (no postprocessing),constant,cfd234aa-a9c1-9363-1732-dc841509f243_163200_4.png,14923905,5448596,957015,2538343,0.8951701889874412,0.8102335582047989,0.9397380630341315,0.8546382458890746,0.8535537686895167,0.8951701889874412,0.8505973903192061,0.6821882576040709,0.06026193696586848,0.5,
HistoKit (no postprocessing),constant,778d67ae-3cb9-eeb7-6fac-a66f6e936029_142330_1.png,16815084,346891,64430,1666443,0.95105141276808,0.9066711413166761,0.9961829469734733,0.9098319635601538,0.9083847496153041,0.95105141276808,0.843358350290892,0.17229679725271616,0.0038170530265267118,0.5,
HistoKit (no postprocessing),constant,22c86e01-80fd-7f77-3526-d5f72a54b219_141444_3.png,15859611,745894,30520,626110,0.9797185260174774,0.9602433749907137,0.9980793109886885,0.962021072660395,0.9619612521857812,0.9797185260174774,0.9606910746071039,0.5436529339564607,0.0019206890113114864,0.5,
HistoKit (no postprocessing),constant,e7510405-61bb-4166-6cb6-90d49adffbe4_135053_1.png,7507576,423027,1145566,22879,0.9278006613733647,0.8653247842530579,0.8676127122379362,0.9969618037688294,0.8715860164711737,0.9278006613733647,0.269685635470769,0.9486909797132131,0.13238728776206377,0.5,
HistoKit (no postprocessing),constant,e0661871-0847-f23e-2d1f-8518496574c0_141209_3.png,42615347,1700748,79305,127938,0.9975743445209825,0.9951604281758764,0.9981425074035034,0.9970068280900731,0.9953452950899594,0.9975743445209826,0.9554479557631149,0.9300382897884054,0.001857492596496629,0.5,
HistoKit (no postprocessing),constant,91e6ffad-da04-5736-d731-feb79e91105c_134712_1.png,83093906,2999387,157764,2680723,0.9832068322101758,0.9669683701232433,0.9981049749512533,0.968746900671526,0.9680824222791897,0.9832068322101757,0.9500296311452953,0.5280508652121174,0.00189502504874677,0.5,
HistoKit (no postprocessing),constant,6875bf3f-1b6d-1a53-f365-0d72c060072a_140344_3.png,7628367,636250,4422,1087217,0.9332264440014918,0.8748121274228481,0.9994206573770086,0.8752559782568787,0.8833252318021225,0.9332264440014918,0.9930978722341541,0.3691686582916876,0.0005793426229914124,0.5,
HistoKit (no postprocessing),constant,dad7b6f2-9f0b-8c2a-a00e-ff89c406e2d2_171435_1.png,23701167,1070114,28117,93438,0.9974422337363846,0.9948975184279949,0.9988150927773464,0.9960731434709674,0.9951168681623902,0.9974422337363846,0.9743979181064821,0.919695896702511,0.0011849072226536629,0.5,
HistoKit (no postprocessing),constant,7a951edf-c71d-16ea-3e52-69a0dd7b54e1_133148_1.png,12593237,2860458,280,358445,0.9859572438641014,0.9723034239908981,0.9999777663380294,0.9723244440374617,0.9773137192156546,0.9859572438641014,0.9999021231584297,0.8886437398082514,2.223366197067904e-05,0.5,
HistoKit (no postprocessing),constant,c4a5bf6f-509c-e7c4-3751-4f823d57d1f3_145315_3.png,21571118,1119780,90562,2815165,0.9368978167394723,0.8812867017787628,0.9958192531696526,0.8845594878071414,0.8864800730565064,0.9368978167394723,0.9251765203554037,0.28457322783418826,0.004180746830347416,0.5,
HistoKit (no postprocessing),constant,bc7dd6a2-14aa-d481-064a-28427e54cce1_153909_3.png,23903988,1342865,208204,2058923,0.9547254650679401,0.9133729304234841,0.9913651981536975,0.9206975288710885,0.9176009068844275,0.9547254650679401,0.8657674158918784,0.39475270063860535,0.008634801846302484,0.5,
HistoKit (no postprocessing),constant,0584763b-507d-517f-59c7-4dbcdbe7ec5e_135202_2.png,16979594,1480304,70274,172589,0.9928991685323199,0.9858984696550556,0.9958783258615257,0.9899377822636337,0.98701459105423,0.99289916853232,0.9546788358921641,0.8955836826703241,0.004121674138474268,0.5,
HistoKit (no postprocessing),constant,00a8cbc5-e358-18d7-ac64-8f4f6e3173fd_135812_2.png,8535148,5752909,154960,147543,0.9825875496516134,0.9657711081824797,0.9821682308206066,0.9830072266766144,0.9792672111282912,0.9825875496516134,0.9737705761586792,0.9749946275302299,0.017831769179393397,0.5,
HistoKit (no postprocessing),constant,778d67ae-3cb9-eeb7-6fac-a66f6e936029_142330_3.png,18336671,634241,2335,2102393,0.9457237557206947,0.8970360101087015,0.9998726757600712,0.8971384893163405,0.9001345629361671,0.9457237557206948,0.996331938370281,0.23175952648399456,0.0001273242399288162,0.5,
HistoKit (no postprocessing),constant,1d49a2ac-7490-df96-fb85-41e83b5a5b35_151838_1.png,0,6047788,187912,0,0.0,0.0,0.0,,0.9698651314206905,,0.9698651314206905,1.0,1.0,0.5,
HistoKit (no postprocessing),constant,dad7b6f2-9f0b-8c2a-a00e-ff89c406e2d2_171435_3.png,5766244,595674,21177,323951,0.9709429905799278,0.9435269199780344,0.9963408571797352,0.9468077787328649,0.9485424730947126,0.9709429905799278,0.9656691810502049,0.6477357618594536,0.0036591428202648467,0.5,
HistoKit (no postprocessing),constant,7a951edf-c71d-16ea-3e52-69a0dd7b54e1_133148_5.png,5760568,2905537,265,425475,0.9643639056770992,0.9311802774772934,0.9999539997080283,0.9312201677227268,0.953173420796329,0.9643639056770993,0.9999088031462571,0.8722685478166996,4.600029197166452e-05,0.5,
HistoKit (no postprocessing),constant,3c8a2c44-1287-eab9-5fb8-1902a0075b0d_153549_25.png,37431035,2824758,67014,110927,0.9976287183646602,0.9952686560782724,0.9982128670214282,0.9970452529891751,0.9955991944745939,0.99762871836466,0.9768259738319619,0.96221427026401,0.0017871329785717652,0.5,
HistoKit (no postprocessing),constant,6c5eefac-6637-5ca1-aed4-decff7ee7c9b_152621_1.png,35018188,360443,374631,221544,0.9915594865036094,0.9832602649666934,0.9894150562010898,0.9937132325523929,0.9834279856853154,0.9915594865036094,0.49034927095775394,0.6193317032854686,0.010584943798910168,0.5,
HistoKit (no postprocessing),constant,7a951edf-c71d-16ea-3e52-69a0dd7b54e1_133148_3.png,8630370,1488844,2168,375866,0.9785680115862928,0.958035407825848,0.999748857172711,0.9582660281165184,0.9639873231536494,0.9785680115862929,0.9985459540231735,0.7984319277528409,0.0002511428272890313,0.5,
HistoKit (no postprocessing),constant,6875bf3f-1b6d-1a53-f365-0d72c060072a_140344_5.png,10532270,466523,24002,1427715,0.9355258291819994,0.8788619346800026,0.9977262806414992,0.8806256864034528,0.8834010012441258,0.9355258291819994,0.9510687528668264,0.24628531367230516,0.002273719358500804,0.5,
HistoKit (no postprocessing),constant,2f6f5632-66e3-03e5-2957-29197ae74c65_142917_3.png,5389593,642877,4779,84587,0.9917775615371762,0.9836892373167968,0.9991140766710194,0.9845480053633604,0.9854020917907634,0.9917775615371762,0.9926210827970404,0.8837234557311427,0.0008859233289806488,0.5,
HistoKit (no postprocessing),constant,e92b8137-1dab-8f48-a38e-05fbbeabd072_134925_1.png,6145563,31650,23334,207030,0.9816025089665846,0.9638697243553761,0.9962174761549755,0.9674101583400668,0.9640481885742458,0.9816025089665846,0.5756219991270187,0.13260432378079437,0.0037825238450244834,0.5,
HistoKit (no postprocessing),constant,654bcee2-3394-aaf6-25f2-380d7ca46c60_144121_2.png,5364111,1833061,975,65261,0.9938638883026827,0.9878026210848037,0.9998182694555129,0.9879800094743922,0.990880864740078,0.9938638883026827,0.9994683855714936,0.9656217438348184,0.00018173054448707813,0.5,
HistoKit (no postprocessing),constant,6875bf3f-1b6d-1a53-f365-0d72c060072a_140344_2.png,15853537,758816,23551,341246,0.9886256402066471,0.977507122494826,0.9985166675400426,0.9789286463424672,0.9785124711744905,0.9886256402066471,0.9698977589801205,0.6897938479831137,0.0014833324599573927,0.5,
HistoKit (no postprocessing),constant,59481929-3828-f3c5-2452-07bdbf0def53_144939_3.png,23527309,1217209,14038,371037,0.9918828521929938,0.9838964195288935,0.999403687478036,0.9844743648786406,0.9846764330803129,0.9918828521929938,0.9885985509000225,0.7663856858446362,0.0005963125219640151,0.5,
HistoKit (no postprocessing),constant,7530b966-b7ee-7dd8-6676-04339b0c22b7_154932_2.png,10509503,1297093,20849,1948063,0.9143501381899831,0.8422145761300613,0.9980201041712565,0.843624107630656,0.8570715504647815,0.9143501381899831,0.9841806392087057,0.39970127784303744,0.0019798958287434265,0.5,
HistoKit (no postprocessing),constant,098b4b43-88d6-52e4-6dfc-ff0d08e21e37_154649_3.png,45041960,6972418,78873,261762,0.9962329369494823,0.9924941489132563,0.9982519604635846,0.9942220641385712,0.9934937462435546,0.9962329369494823,0.9888143887410121,0.9638159404383081,0.0017480395364154735,0.5,
HistoKit (no postprocessing),constant,e75d7a32-60ad-6f71-61b5-c428fc2cae22_164833_1.png,39599783,11455812,59743,454646,0.9935470646262627,0.9871768760427113,0.9984936027727613,0.9886492951878055,0.9900254186621427,0.9935470646262629,0.9948119738909674,0.9618280002330725,0.0015063972272386715,0.5,
HistoKit (no postprocessing),constant,d89a4519-168e-fe8e-eec5-c3f8080d7609_170312_1.png,15786841,498789,20992,291068,0.9902131805494757,0.9806160681403034,0.9986720507485118,0.981896402075668,0.9811985884782762,0.9902131805494757,0.9596137604106345,0.6314927892010832,0.0013279492514881705,0.5,
HistoKit (no postprocessing),constant,c4a5bf6f-509c-e7c4-3751-4f823d57d1f3_145315_1.png,23005893,1091248,38819,1021830,0.9774677260694077,0.9559284836184608,0.9983154920747112,0.9574728741462518,0.9578401361963829,0.9774677260694077,0.9656489393991684,0.516425801603159,0.0016845079252888907,0.5,
HistoKit (no postprocessing),constant,654bcee2-3394-aaf6-25f2-380d7ca46c60_144121_1.png,8694045,957215,17100,380740,0.9776317572373219,0.9562422973893753,0.9980369974325993,0.9580441850688474,0.9604103850096029,0.977631757237322,0.982449207905041,0.7154313859584216,0.0019630025674007264,0.5,
HistoKit (no postprocessing),constant,34677a0d-5045-a6c6-f661-b69bd9d6f859_140044_3.png,4381837,131353,11686,7344,0.9978332413343317,0.9956758520536976,0.997340175526565,0.9983267949077516,0.9958011747002573,0.9978332413343318,0.9183020015520242,0.9470500443412619,0.0026598244734351,0.5,
HistoKit (no postprocessing),constant,6c5eefac-6637-5ca1-aed4-decff7ee7c9b_152621_2.png,36658767,955535,101550,4061576,0.946268836636136,0.8980173212447546,0.9972375102206001,0.9002568323159753,0.900349873142023,0.946268836636136,0.9039339315192251,0.19045522413197555,0.002762489779399889,0.5,
HistoKit (no postprocessing),constant,00a8cbc5-e358-18d7-ac64-8f4f6e3173fd_135812_1.png,0,9342416,15328,0,0.0,0.0,0.0,,0.9983619983619983,,0.9983619983619983,1.0,1.0,0.5,
HistoKit (no postprocessing),constant,98188e68-f597-a02c-6cf5-9f993d1f10ac_162142_1.png,29056082,1202215,74650,242563,0.9945710015015221,0.9892006327516202,0.9974374142057261,0.9917210164497369,0.9896252589081915,0.994571001501522,0.9415364975937158,0.8321105387817367,0.002562585794273896,0.5,
HistoKit (no postprocessing),constant,997c9bdf-d489-63a3-9c13-1b5273502c59_152111_5.png,1621599,4454653,164236,136240,0.9152077758845762,0.8436710326079888,0.9080340568977537,0.9224957461974618,0.9528792822902279,0.9152077758845762,0.9644425315265208,0.9703238563826253,0.09196594310224629,0.5,
HistoKit (no postprocessing),constant,997c9bdf-d489-63a3-9c13-1b5273502c59_152111_1.png,11820882,1155776,123,54659,0.9976881862867272,0.9953870368848429,0.999989594793336,0.9953973465293076,0.9957961668088868,0.9976881862867272,0.9998935893187899,0.9548435066732208,1.0405206663900404e-05,0.5,
HistoKit (no postprocessing),constant,8a46ca7f-3853-419d-26c8-1bf78b04ebee_163832_1.png,8292293,1166255,86484,500232,0.9658315950648355,0.9339210040219579,0.9896782072132961,0.9431071279296903,0.9415927744656586,0.9658315950648355,0.9309640715264712,0.6998284415059943,0.010321792786703836,0.5,
HistoKit (no postprocessing),constant,b3ac8263-eb4f-ecee-6126-3ea976dfb769_143901_1.png,31617805,1206670,38798,168407,0.9967339879228246,0.9934892400662246,0.9987744105076594,0.9947018852073346,0.9937270826067581,0.9967339879228246,0.968848657693333,0.8775290401919311,0.0012255894923406659,0.5,
HistoKit (no postprocessing),constant,7ba3b133-6b39-da9f-5b13-68d3bea507d2_165139_1.png,22869345,2861435,4778,715574,0.984494901982697,0.9694632788204105,0.9997911176747629,0.9696596795604853,0.9727666853728604,0.984494901982697,0.9983329920002456,0.7999518592209302,0.00020888232523712493,0.5,
HistoKit (no postprocessing),constant,302e8390-e88c-6502-e08e-b8e893212016_162708_1.png,14937815,4909970,417149,131100,0.9819796482887668,0.9645972662905177,0.9728329548672339,0.9912999708339983,0.973119823197,0.9819796482887668,0.9216933205359219,0.9739936164346061,0.027167045132766184,0.5,
HistoKit (no postprocessing),constant,7530b966-b7ee-7dd8-6676-04339b0c22b7_154932_3.png,23467059,879460,42945,1555742,0.9670596620162383,0.9362202505363295,0.9981733308084507,0.9378270242408114,0.938382181278499,0.9670596620162383,0.9534423599178236,0.36114457856062865,0.0018266691915492655,0.5,
HistoKit (no postprocessing),constant,7a951edf-c71d-16ea-3e52-69a0dd7b54e1_133148_6.png,7807735,2661204,0,49283,0.9968538923020362,0.993727518506385,1.0,0.993727518506385,0.9953145122816385,0.9968538923020362,1.0,0.981817658597883,0.0,0.5,
HistoKit (no postprocessing),constant,00a8cbc5-e358-18d7-ac64-8f4f6e3173fd_135812_4.png,10651029,1404377,23992,235014,0.9879873275270645,0.976259837846533,0.9977525102760922,0.9784114393081123,0.9789672458579427,0.9879873275270646,0.9832032198962593,0.856645547035454,0.002247489723907803,0.5,
HistoKit (no postprocessing),constant,c4a5bf6f-509c-e7c4-3751-4f823d57d1f3_145315_4.png,17764410,1063452,29646,6653747,0.841671579739257,0.7266260285228902,0.9983339380296432,0.7275082226721697,0.7380217868544687,0.841671579739257,0.9728789184501299,0.13780284789857045,0.0016660619703568428,0.5,
HistoKit (no postprocessing),constant,59481929-3828-f3c5-2452-07bdbf0def53_144939_1.png,25503698,887793,14374,125016,0.9972747065670949,0.9945642272100771,0.9994367129303499,0.9951220338250292,0.9947461224525488,0.9972747065670949,0.9840672514068903,0.8765650779169616,0.0005632870696500895,0.5,
HistoKit (no postprocessing),constant,ec461d09-d9f6-ab63-cb21-aeb55b7abbf3_142116_2.png,39521428,1595571,87245,258006,0.9956510992257316,0.991339860538672,0.9977973258533555,0.9935140856956386,0.9916731243480515,0.9956510992257317,0.9481553538830151,0.8608064299459909,0.0022026741466445996,0.5,
HistoKit (no postprocessing),constant,7a951edf-c71d-16ea-3e52-69a0dd7b54e1_133148_2.png,7977552,483415,22,322758,0.9801706413438012,0.9611123988775389,0.9999972422693917,0.9611149463092342,0.9632525845746696,0.980170641343801,0.9999544925191907,0.5996417642367085,2.757730608327795e-06,0.5,
HistoKit (no postprocessing),constant,e04480a3-f748-c87a-3eb6-396b6ccbcb83_134430_1.png,63546249,712930,584810,121741,0.9944713907847624,0.9890035764978335,0.9908810175737157,0.9980878774404532,0.9891242505856549,0.9944713907847624,0.5493627382988888,0.8541449265638796,0.009118982426284275,0.5,
HistoKit (no postprocessing),constant,dfdc8007-a219-a302-d10c-929e29813dc8_163630_1.png,3832113,374774,1309,108996,0.9858120058946321,0.9720209779886354,0.9996585296374884,0.9723438250502587,0.9744498275731077,0.9858120058946321,0.996519385348447,0.774694586270335,0.00034147036251161493,0.5,
HistoKit (no postprocessing),constant,d28668ca-fcc7-90f7-7049-f08e38cdd015_141933_2.png,11218488,784086,5207,274447,0.9876894592199635,0.9756783313338798,0.9995360707859577,0.9761203730813757,0.9772310040165351,0.9876894592199635,0.993402956823385,0.7407289144504706,0.00046392921404225616,0.5,
HistoKit (no postprocessing),constant,e04480a3-f748-c87a-3eb6-396b6ccbcb83_134430_2.png,14563468,672018,16845,42821,0.9979557058406456,0.9959197529065931,0.9988446750080057,0.9970683176267429,0.9960990253643769,0.9979557058406456,0.9755466616729306,0.9400970008631314,0.001155324991994342,0.5,
HistoKit (no postprocessing),constant,e338d5a6-7427-4506-5755-323615d750be_135343_3.png,7739908,549562,7962,817058,0.9494002883561662,0.9036746134935402,0.9989723627267881,0.9045154555948919,0.9094825931017534,0.9494002883561663,0.9857190004376494,0.4021322679311001,0.0010276372732118634,0.5,
HistoKit (no postprocessing),constant,7ba3b133-6b39-da9f-5b13-68d3bea507d2_165139_3.png,15425244,561911,8536,2088023,0.9363657993385568,0.8803457041492819,0.9994469274539355,0.8807747863376947,0.8840636939956029,0.9363657993385568,0.9850362960976217,0.21204716796720222,0.0005530725460645415,0.5,
HistoKit (no postprocessing),constant,bb1fc306-b767-ee67-c337-445c06bd68ce_150126_2.png,26866194,9892294,317242,1313935,0.9705369948629573,0.9427604391998125,0.9883295842365182,0.9533737052800575,0.9575099965055699,0.9705369948629573,0.9689268934455003,0.8827495850745153,0.01167041576348185,0.5,
HistoKit (no postprocessing),constant,0584763b-507d-517f-59c7-4dbcdbe7ec5e_135202_6.png,12904664,556143,74079,15229,0.9965516330666989,0.9931269668735626,0.9942922823882097,0.9988212750678354,0.9934090596279073,0.9965516330666989,0.8824557060845226,0.9733466113145202,0.005707717611790294,0.5,
HistoKit (no postprocessing),constant,015b92ff-7984-c969-27c5-4144ab20b802_144644_7.png,22081832,4801060,92260,784228,0.9805398525298049,0.9618226420748557,0.9958392884813502,0.9657034049591403,0.9684255195901349,0.9805398525298049,0.9811457251927117,0.8595904096619548,0.004160711518649783,0.5,
HistoKit (no postprocessing),constant,e75d7a32-60ad-6f71-61b5-c428fc2cae22_164833_5.png,45206724,4918497,776575,90904,0.9904966017709264,0.9811721322667264,0.9831118032657901,0.9979931841022669,0.9829881728168934,0.9904966017709265,0.8636408810986059,0.981853319388885,0.016888196734209958,0.5,
HistoKit (no postprocessing),constant,31439255-cb2a-2a33-e39f-915211d58cf0_143129_8.png,7007301,4726917,352406,965486,0.9140458166818783,0.8416983245913938,0.9521168437819604,0.8789023211080391,0.8990284329506877,0.9140458166818785,0.9306194939758704,0.8303904344088077,0.04788315621803966,0.5,
HistoKit (no postprocessing),constant,110ff982-b33a-42d4-9522-02719d6987c7_164031_2.png,6055645,175343,5834,856810,0.9335094505644934,0.8753096321937404,0.9990375286295639,0.876048379338455,0.8783917744816759,0.9335094505644933,0.9677994447418823,0.1698808219324073,0.0009624713704361592,0.5,
HistoKit (no postprocessing),constant,bc7dd6a2-14aa-d481-064a-28427e54cce1_153909_1.png,23108210,492282,13647,1875444,0.9607302581194908,0.9244282012686089,0.9994097792404822,0.9249331582962204,0.92588772440883,0.9607302581194906,0.9730258593597125,0.20791341565704816,0.0005902207595177152,0.5,
HistoKit (no postprocessing),constant,dfdc8007-a219-a302-d10c-929e29813dc8_163630_4.png,1812524,705331,1805,153276,0.958974680493708,0.9211828593645575,0.9990051418458284,0.922028690609421,0.9419810276041027,0.9589746804937079,0.9974474499954747,0.8214829368966244,0.0009948581541715973,0.5,
HistoKit (no postprocessing),constant,091684ab-dffb-81d6-97c1-29bfeceeac37_154424_1.png,0,6267842,20721,0,0.0,0.0,0.0,,0.996704970595031,,0.996704970595031,1.0,1.0,0.5,
HistoKit (no postprocessing),constant,31439255-cb2a-2a33-e39f-915211d58cf0_143129_5.png,3875689,238714,3298,1591197,0.8293904699967568,0.7085116332467062,0.9991497780219424,0.7089390559817783,0.7207000370299137,0.8293904699967568,0.9863725765664513,0.13045115308886607,0.0008502219780576733,0.5,
HistoKit (no postprocessing),constant,8a22c195-cd7e-901b-eb5d-b1439c8b19ac_152323_2.png,2672292,491013,11303,38216,0.9908197896851432,0.9818065986212856,0.9957881125877787,0.9859007979316055,0.9845870797777905,0.9908197896851433,0.9774982282069454,0.9277892934816497,0.004211887412221293,0.5,
HistoKit (no postprocessing),constant,e338d5a6-7427-4506-5755-323615d750be_135343_2.png,6364840,922129,209,60842,0.9952269342541876,0.9904992163732624,0.9999671644318842,0.9905314330836789,0.9916915032893214,0.9952269342541876,0.9997734019415876,0.938103972548529,3.283556811581498e-05,0.5,
HistoKit (no postprocessing),constant,bc7dd6a2-14aa-d481-064a-28427e54cce1_153909_2.png,11977264,454682,8866,2067696,0.9202276201265487,0.8522422292690972,0.9992603117102852,0.852780214397193,0.8568728086995575,0.9202276201265486,0.9808736096369739,0.18025926328250563,0.0007396882897148621,0.5,
HistoKit (no postprocessing),constant,7ba3b133-6b39-da9f-5b13-68d3bea507d2_165139_2.png,10216221,5171294,80189,164782,0.9881527249080917,0.9765828788918127,0.9922119457170023,0.9841265819882722,0.9843293638644551,0.9881527249080917,0.984730218111722,0.9691192554228988,0.007788054282997666,0.5,
HistoKit (no postprocessing),constant,00a8cbc5-e358-18d7-ac64-8f4f6e3173fd_135812_3.png,6470144,2157552,2740,113887,0.9910677981743773,0.982293752128319,0.9995766956429314,0.9827025419534021,0.9866625466602732,0.9910677981743775,0.9987316529432132,0.9498612993789399,0.0004233043570686575,0.5,
HistoKit (no postprocessing),constant,73f410c7-98a8-a0f8-02ae-aabdcdcb9cee_162913_1.png,14934564,3078128,37652,87068,0.9958418139613163,0.9917180657460208,0.9974852086023872,0.9942038255230856,0.9931236055066731,0.9958418139613163,0.9879157065004589,0.9724920668419902,0.0025147913976127515,0.5,
HistoKit (no postprocessing),constant,d28668ca-fcc7-90f7-7049-f08e38cdd015_141933_3.png,1788403,1589037,51635,85370,0.9631093235493137,0.9288436528777277,0.9719380795396617,0.9544395185542752,0.9610166043287063,0.9631093235493136,0.968528139689103,0.9490147855330275,0.02806192046033832,0.5,
HistoKit (no postprocessing),constant,098b4b43-88d6-52e4-6dfc-ff0d08e21e37_154649_1.png,38625800,1898685,122505,897970,0.9869624639438778,0.9742605074499433,0.9968384423525106,0.9772802543886882,0.9754368520272977,0.9869624639438779,0.9393896664836062,0.6789128440941052,0.003161557647489355,0.5,
HistoKit (no postprocessing),constant,191c1954-41f1-2c63-fab4-33ae150d32f8_151532_2.png,28726867,440907,1724,1815491,0.9693405448932495,0.9405051688899997,0.9999399900955811,0.9405582568313815,0.9413517623001254,0.9693405448932494,0.9961051078663717,0.1954030273028074,6.000990441891146e-05,0.5,
HistoKit (no postprocessing),constant,6c5eefac-6637-5ca1-aed4-decff7ee7c9b_152621_3.png,19942973,773258,111777,780747,0.9781128620078193,0.9571632968486425,0.9944264077088969,0.96232592411015,0.9586961858746605,0.9781128620078193,0.8737032998694967,0.49759041959324457,0.005573592291103106,0.5,
HistoKit (no postprocessing),constant,8a22c195-cd7e-901b-eb5d-b1439c8b19ac_152323_1.png,13736470,4736104,158645,291529,0.9838780875227598,0.9682677594503676,0.9885826781570357,0.9792180623907943,0.9762099035510065,0.9838780875227597,0.9675887364193752,0.9420146617702605,0.011417321842964236,0.5,
HistoKit (no postprocessing),constant,d89a4519-168e-fe8e-eec5-c3f8080d7609_170312_3.png,19373314,4596513,32085,2425665,0.9403522120877543,0.88741959622307,0.9983465941617587,0.8887257517886503,0.9070005547614146,0.9403522120877543,0.993068095349823,0.6545708468227379,0.001653405838241203,0.5,
HistoKit (no postprocessing),constant,31439255-cb2a-2a33-e39f-915211d58cf0_143129_4.png,9623744,380165,33730,1425527,0.9295274559086906,0.868333766278646,0.996507368282845,0.8709845201552211,0.8727003517178413,0.9295274559086907,0.9185059012551493,0.2105370129568055,0.003492631717155024,0.5,
HistoKit (no postprocessing),constant,e338d5a6-7427-4506-5755-323615d750be_135343_5.png,4571457,149362,41008,211114,0.9731643391254701,0.9477313422253476,0.9911093092305308,0.955857633896078,0.9493012283877891,0.9731643391254701,0.7845879077585755,0.4143465861804947,0.008890690769469254,0.5,
HistoKit (no postprocessing),constant,745e05db-827a-cff7-7148-db0494ae96fc_133425_4.png,24697575,4704741,145292,1024360,0.9768682570931455,0.954782474364183,0.9941515606874198,0.9601756244232792,0.9617410302143454,0.9768682570931456,0.9700430904284569,0.821200568815247,0.005848439312580146,0.5,
HistoKit (no postprocessing),constant,bb1fc306-b767-ee67-c337-445c06bd68ce_150126_3.png,30979737,1748081,130463,4216859,0.9344362529596514,0.8769407325982047,0.9958064236166916,0.8801912832706891,0.8827429377205319,0.9344362529596514,0.93055100120093,0.29305927637159807,0.004193576383308369,0.5,
HistoKit (no postprocessing),constant,bb1fc306-b767-ee67-c337-445c06bd68ce_150126_1.png,27439656,4547216,748526,172202,0.9834995100361935,0.9675347132112174,0.9734453963721392,0.9937634765469241,0.9720208097825427,0.9834995100361935,0.8586551233047229,0.9635120262710359,0.026554603627860784,0.5,
HistoKit (no postprocessing),constant,e0661871-0847-f23e-2d1f-8518496574c0_141209_2.png,42695642,3078414,117123,674599,0.9908134789357429,0.9817942057835467,0.9972642972253719,0.984445578709143,0.982997771453534,0.9908134789357429,0.9633479443361163,0.8202513553776659,0.0027357027746280813,0.5,
HistoKit (no postprocessing),gaussian,1d49a2ac-7490-df96-fb85-41e83b5a5b35_151838_3.png,0,6117507,71928,0,0.0,0.0,0.0,,0.9883789069600052,,0.9883789069600052,1.0,1.0,0.75,2.25
HistoKit (no postprocessing),constant,d28668ca-fcc7-90f7-7049-f08e38cdd015_141933_1.png,23136188,3882043,28049,78804,0.9976961022788887,0.9954027960454916,0.9987891248047583,0.9966054694311332,0.9960607310930355,0.9976961022788887,0.9928265114989622,0.9801042554786893,0.0012108751952416995,0.5,
HistoKit (no postprocessing),gaussian,538ad0bc-9add-9e27-6ee9-4f1bdd825510_142716_4.png,0,6987044,2932,0,0.0,0.0,0.0,,0.9995805421935641,,0.9995805421935641,1.0,1.0,0.75,2.25
HistoKit (no postprocessing),constant,dfdc8007-a219-a302-d10c-929e29813dc8_163630_5.png,11879454,379414,165,163547,0.9931566024122775,0.9864062323810865,0.9999861106656703,0.9864197470381344,0.986821417129131,0.9931566024122774,0.999565307880573,0.6987868373603261,1.3889334329661583e-05,0.5,
HistoKit (no postprocessing),constant,1cfd19dd-0b58-a07f-0753-c0e3d9e98b9b_133722_2.png,20785092,763690,3918,3460850,0.9230649118933223,0.8571221442103171,0.9998115350370219,0.8572606500502228,0.8614843554793302,0.9230649118933223,0.9948958322477097,0.1807747115662297,0.00018846496297803502,0.5,
HistoKit (no postprocessing),gaussian,4adc5212-3bb5-0299-1727-5490f70e71c6_162331_3.png,4307119,237968,4330,1163639,0.8806027106153039,0.7866757575403355,0.9989956972702216,0.7872983963099812,0.7955614298196972,0.8806027106153038,0.982129443907915,0.16978225708062245,0.0010043027297783182,0.75,2.25
HistoKit (no postprocessing),gaussian,110ff982-b33a-42d4-9522-02719d6987c7_164031_4.png,11919526,433182,16695,2934250,0.8898489984899961,0.8015567227157768,0.9986013161116907,0.8024576377077451,0.8071738166044408,0.8898489984899962,0.9628898565607933,0.12863867778176366,0.0013986838883093737,0.75,2.25
HistoKit (no postprocessing),gaussian,4adc5212-3bb5-0299-1727-5490f70e71c6_162331_1.png,5740957,615745,14571,3307345,0.7756042861881013,0.6334588380527897,0.9974683469527036,0.6344789331744233,0.6567778581611549,0.7756042861881014,0.976883023753165,0.15695408466285504,0.002531653047296443,0.75,2.25
HistoKit (no postprocessing),gaussian,dfdc8007-a219-a302-d10c-929e29813dc8_163630_7.png,2243754,428652,33628,142526,0.9622283947678885,0.9272063235461844,0.9852339221088074,0.9402727257488643,0.9381603336422614,0.9622283947678885,0.9272562083585706,0.7504700811305758,0.014766077891192607,0.75,2.25
HistoKit (no postprocessing),constant,a796f488-e06e-b9c5-67ad-c084c09ace36_143658_2.png,39522780,3114728,3383,1815189,0.9775107707827743,0.9560108242226815,0.9999144111205532,0.9560890618501359,0.9590928394946203,0.9775107707827742,0.9989150482455563,0.6318013061883192,8.558887944676036e-05,0.5,
HistoKit (no postprocessing),constant,745e05db-827a-cff7-7148-db0494ae96fc_133425_2.png,28640467,4363819,142910,275590,0.9927468959227572,0.985598249242652,0.9950349814755927,0.9904693091454343,0.9874786021727812,0.9927468959227572,0.9682896397808699,0.94059803737933,0.004965018524407334,0.5,
HistoKit (no postprocessing),gaussian,2f6f5632-66e3-03e5-2957-29197ae74c65_142917_2.png,23556404,1059173,16710,99047,0.9975490045060653,0.9951099943938367,0.999291141594615,0.9958129312351728,0.9953194194862275,0.9975490045060653,0.984468571396704,0.9144834314724318,0.0007088584053850501,0.75,2.25
HistoKit (no postprocessing),gaussian,015b92ff-7984-c969-27c5-4144ab20b802_144644_8.png,19307116,4873850,77230,1265120,0.9664047840728719,0.9349934763446183,0.9960158573314777,0.9385035248477608,0.947406912173951,0.966404784072872,0.9844013831325691,0.7939198269416531,0.003984142668522322,0.75,2.25
HistoKit (no postprocessing),constant,745e05db-827a-cff7-7148-db0494ae96fc_133425_3.png,48839646,5028000,458822,742172,0.9878540602117595,0.9759996275027657,0.990692976503854,0.9850313677485565,0.978190963132556,0.9878540602117595,0.916377458572558,0.8713778376103867,0.009307023496145966,0.5,
HistoKit (no postprocessing),gaussian,34677a0d-5045-a6c6-f661-b69bd9d6f859_140044_2.png,23270183,1124606,60095,45123,0.9977443095149157,0.9954987724060862,0.997424162712506,0.9980646619006416,0.9957053889821338,0.9977443095149157,0.949274120643099,0.961424398300803,0.0025758372874939597,0.75,2.25
HistoKit (no postprocessing),gaussian,91e6ffad-da04-5736-d731-feb79e91105c_134712_2.png,6782764,190505,973,923002,0.9362314221543693,0.8801081754552736,0.999856568731954,0.8802193059067717,0.8830003226442035,0.9362314221543693,0.9949184762740367,0.17108558814628017,0.0001434312680459163,0.75,2.25
HistoKit (no postprocessing),gaussian,8a22c195-cd7e-901b-eb5d-b1439c8b19ac_152323_3.png,3876329,438095,106674,2711,0.9860869496643557,0.9725557327996941,0.9732176952917183,0.9993011157399769,0.9752735708074196,0.9860869496643557,0.8041848930464105,0.9938499022245614,0.026782304708281666,0.75,2.25
HistoKit (no postprocessing),gaussian,59481929-3828-f3c5-2452-07bdbf0def53_144939_2.png,22527491,2394866,5581,283102,0.993633443613347,0.9873474404604383,0.9997523196127008,0.9875890118244625,0.9885493418756227,0.9936334436133472,0.997675016361536,0.8942847711399091,0.00024768038729916633,0.75,2.25
HistoKit (no postprocessing),gaussian,654bcee2-3394-aaf6-25f2-380d7ca46c60_144121_7.png,5253934,321883,19,506002,0.9540561013462184,0.9121484456041757,0.9999963836753012,0.9121514544606051,0.9167980140214191,0.9540561013462183,0.9999409758249405,0.3888015847611685,3.616324698755394e-06,0.75,2.25
HistoKit (no postprocessing),gaussian,8b8e8141-b9e0-9b57-cdad-61702acf8a5e_150400_2.png,14488839,502169,7689,1784203,0.9417641520502237,0.8899378658120449,0.9994695971338793,0.8903583607785195,0.8932310864034225,0.9417641520502237,0.9849193304802514,0.21963573731658714,0.0005304028661207704,0.75,2.25
HistoKit (no postprocessing),gaussian,8b8e8141-b9e0-9b57-cdad-61702acf8a5e_150400_5.png,2338754,227522,15,1589295,0.7463928264711054,0.5953961035258082,0.9999935863695816,0.5953983771587371,0.6175485238423655,0.7463928264711054,0.9999340766556648,0.12523110472876464,6.413630418395318e-06,0.75,2.25
HistoKit (no postprocessing),gaussian,c282e7fa-bbd4-0343-5231-dcd676a3dd4f_140949_1.png,4471526,5047139,2257547,46115,0.7951702159404072,0.6599855236489378,0.6645084694429678,0.9897922389140704,0.8051430991546757,0.795170215940407,0.6909453739695314,0.9909458668269833,0.3354915305570321,0.75,2.25
HistoKit (no postprocessing),gaussian,3c8a2c44-1287-eab9-5fb8-1902a0075b0d_153549_11.png,12778413,2017704,56753,59916,0.9954556635160113,0.9909524421791192,0.9955783197505977,0.9953330375004411,0.9921765792119595,0.9954556635160114,0.9726419973998015,0.9711612325641841,0.004421680249402306,0.75,2.25
HistoKit (no postprocessing),gaussian,1cfd19dd-0b58-a07f-0753-c0e3d9e98b9b_133722_4.png,19596280,749398,3125,4780685,0.8912186249115149,0.803782102527103,0.9998405563842372,0.8038851432079425,0.8096336065422424,0.8912186249115149,0.9958473030060211,0.13551297512171157,0.00015944361576282547,0.75,2.25
HistoKit (no postprocessing),gaussian,6875bf3f-1b6d-1a53-f365-0d72c060072a_140344_1.png,22788802,512949,9061,2362060,0.9505488206412163,0.905758018416829,0.9996025504671205,0.9060843322189116,0.907640991627271,0.9505488206412164,0.9826420949790234,0.17841648495709056,0.0003974495328794633,0.75,2.25
HistoKit (no postprocessing),gaussian,cfd234aa-a9c1-9363-1732-dc841509f243_163200_1.png,7892504,1826506,8353,3202477,0.8309719213229761,0.7108228933759896,0.9989427729169127,0.7113580455883611,0.7516728745289964,0.8309719213229761,0.9954476066008342,0.36319589865386304,0.0010572270830873157,0.75,2.25
HistoKit (no postprocessing),gaussian,b3ac8263-eb4f-ecee-6126-3ea976dfb769_143901_2.png,36911232,4776177,171112,279871,0.9939280723028783,0.9879294361964354,0.9953856207148071,0.9924747862412148,0.9892975745253877,0.9939280723028785,0.9654129766827853,0.9446462929149407,0.004614379285192975,0.75,2.25
HistoKit (no postprocessing),gaussian,997c9bdf-d489-63a3-9c13-1b5273502c59_152111_4.png,4657738,2740616,78272,60865,0.9852836916751643,0.9709942410423453,0.9834730078694935,0.9871010551216112,0.9815406744764272,0.9852836916751642,0.9722330223832945,0.9782739915066352,0.01652699213050648,0.75,2.25
HistoKit (no postprocessing),gaussian,654bcee2-3394-aaf6-25f2-380d7ca46c60_144121_5.png,6599750,495297,1049,831228,0.9406862723089171,0.8880148040366377,0.9998410798450309,0.8881401613623402,0.8950116079524439,0.9406862723089172,0.9978865549435273,0.3733793181432691,0.00015892015496911813,0.75,2.25
HistoKit (no postprocessing),gaussian,7a951edf-c71d-16ea-3e52-69a0dd7b54e1_133148_4.png,10251008,1820919,651,342728,0.9835273450083339,0.9675885919591195,0.9999364980828956,0.967648051641083,0.9723422845961267,0.9835273450083339,0.9996426159851117,0.8415970812244327,6.350191710434379e-05,0.75,2.25
HistoKit (no postprocessing),gaussian,997c9bdf-d489-63a3-9c13-1b5273502c59_152111_3.png,17020268,447733,207882,189621,0.9884574438167051,0.977178308292146,0.9879335854401082,0.9889818580468474,0.9777502498670063,0.9884574438167052,0.6829206165203664,0.702487157843208,0.012066414559891806,0.75,2.25
HistoKit (no postprocessing),gaussian,bffc0a6a-719c-940b-52f7-9a2879514091_151206_1.png,29074638,859361,48788,132713,0.9968884179272977,0.9937961396751636,0.9983247850029732,0.995456178138168,0.9939731699623118,0.9968884179272975,0.9462775381572848,0.8662267129266567,0.001675214997026792,0.75,2.25
HistoKit (no postprocessing),gaussian,1cfd19dd-0b58-a07f-0753-c0e3d9e98b9b_133722_1.png,18869294,1041120,4784,4575777,0.8917615049395251,0.8046657004915382,0.9997465306649681,0.8048298936693346,0.812969430575957,0.8917615049395251,0.9954259664366901,0.1853550100705069,0.0002534693350318887,0.75,2.25
HistoKit (no postprocessing),gaussian,a796f488-e06e-b9c5-67ad-c084c09ace36_143658_1.png,27879104,3669577,514568,983856,0.9738296866640707,0.9489942108131085,0.9818773704225364,0.9659128516271374,0.9546579344847302,0.9738296866640708,0.8770195583566057,0.7885741558973772,0.0181226295774636,0.75,2.25
HistoKit (no postprocessing),gaussian,e0661871-0847-f23e-2d1f-8518496574c0_141209_1.png,30576828,2853086,333080,334933,0.9891945168934213,0.9786200544275453,0.9892241672152502,0.9891648683489757,0.9804089849802307,0.9891945168934214,0.8954605629461867,0.8949400866180534,0.010775832784749795,0.75,2.25
HistoKit (no postprocessing),gaussian,e338d5a6-7427-4506-5755-323615d750be_135343_4.png,13146076,1587672,150762,320911,0.9823764727201736,0.9653633651200356,0.9886618156888126,0.9761705420819075,0.9689799447184001,0.9823764727201737,0.9132771218234342,0.8318590283996032,0.011338184311187367,0.75,2.25
HistoKit (no postprocessing),gaussian,8a46ca7f-3853-419d-26c8-1bf78b04ebee_163832_3.png,7132261,126307,13470,149700,0.988690498799115,0.9776339465070673,0.9981149584276262,0.979442350762384,0.9780145836460409,0.988690498799115,0.9036322141697132,0.4576224516044883,0.001885041572373771,0.75,2.25
HistoKit (no postprocessing),gaussian,110ff982-b33a-42d4-9522-02719d6987c7_164031_1.png,19536230,654389,4117,1959694,0.9521445065025523,0.9086601276713845,0.9997893077333785,0.9088341585130278,0.9113580895559037,0.9521445065025522,0.9937479688871476,0.2503321432410524,0.00021069226662146789,0.75,2.25
HistoKit (no postprocessing),gaussian,191c1954-41f1-2c63-fab4-33ae150d32f8_151532_1.png,37519023,1495710,35544,4107531,0.9476759744282984,0.9005552960871054,0.9990535372169249,0.9013242604708523,0.9040017277985944,0.9476759744282983,0.9767876524730711,0.26693658188180736,0.0009464627830750918,0.75,2.25
HistoKit (no postprocessing),gaussian,6c5eefac-6637-5ca1-aed4-decff7ee7c9b_152621_4.png,8474829,813758,1977,2212312,0.8844554829962742,0.7928464256826429,0.9997667753632677,0.7929930932884669,0.8075012718558385,0.8844554829962742,0.997576418812482,0.2689157884649066,0.00023322463673227864,0.75,2.25
HistoKit (no postprocessing),gaussian,8b8e8141-b9e0-9b57-cdad-61702acf8a5e_150400_3.png,1758026,597561,3305,5112788,0.40732077600642713,0.2557456453692466,0.9981235781349446,0.25586866417865484,0.3152687213585164,0.40732077600642713,0.994499605569295,0.10464526774107852,0.001876421865055461,0.75,2.25
HistoKit (no postprocessing),gaussian,75867af4-ee91-110d-5a8d-03a78d8d262a_171204_2.png,18279847,409037,22040,2729794,0.9299993121610536,0.8691576769350962,0.998795752590976,0.8700694600159993,0.8716538317420154,0.9299993121610537,0.9488722432419266,0.13031507589927588,0.0012042474090239984,0.75,2.25
HistoKit (no postprocessing),gaussian,22c86e01-80fd-7f77-3526-d5f72a54b219_141444_4.png,4610717,242545,14309,488626,0.9482809630115846,0.9016485674034916,0.99690617955445,0.9041786363458979,0.9061022214082118,0.9482809630115847,0.9442913094598487,0.33172130732756083,0.003093820445549928,0.75,2.25
HistoKit (no postprocessing),gaussian,538ad0bc-9add-9e27-6ee9-4f1bdd825510_142716_3.png,0,6843337,1736,0,0.0,0.0,0.0,,0.999746386926772,,0.999746386926772,1.0,1.0,0.75,2.25
HistoKit (no postprocessing),gaussian,654bcee2-3394-aaf6-25f2-380d7ca46c60_144121_3.png,6462469,1859909,2421,559876,0.958308949165637,0.9199550561541836,0.9996255156700269,0.9202722167595013,0.9367115848356862,0.958308949165637,0.9987000155718911,0.7686257250127594,0.0003744843299731318,0.75,2.25
HistoKit (no postprocessing),gaussian,778d67ae-3cb9-eeb7-6fac-a66f6e936029_142330_2.png,11001278,470411,49530,1922925,0.9177287134508509,0.847965500754486,0.9955179747942413,0.8512151967900845,0.8532851924228125,0.917728713450851,0.9047391915621196,0.19655033810547287,0.00448202520575871,0.75,2.25
HistoKit (no postprocessing),gaussian,22c86e01-80fd-7f77-3526-d5f72a54b219_141444_1.png,35280202,824179,35793,1379776,0.9803327563213352,0.9614241924498602,0.998986493230617,0.9623628797595023,0.9622715648608273,0.9803327563213351,0.958378877451824,0.3739545498887228,0.0010135067693831082,0.75,2.25
HistoKit (no postprocessing),gaussian,bffc0a6a-719c-940b-52f7-9a2879514091_151206_2.png,59332316,8756910,298401,1060557,0.9886775757998907,0.9776086756722226,0.9949958508800087,0.9824390371360541,0.9804320585258212,0.9886775757998907,0.9670468523941365,0.8919724405490744,0.005004149119991296,0.75,2.25
HistoKit (no postprocessing),gaussian,d89a4519-168e-fe8e-eec5-c3f8080d7609_170312_2.png,22187180,522838,26842,2379620,0.9485587918912584,0.9021510518856866,0.998791664111974,0.9031367536675513,0.9041879276076903,0.9485587918912584,0.9511679522631349,0.18013628448714847,0.0012083358880260406,0.75,2.25
HistoKit (no postprocessing),gaussian,015b92ff-7984-c969-27c5-4144ab20b802_144644_9.png,1130750,9401350,3684,45804,0.9785857823580217,0.9580694741230159,0.9967525655965882,0.9610693601823631,0.9953231972365585,0.9785857823580217,0.9996082948769776,0.9951515556960329,0.0032474344034117454,0.75,2.25
HistoKit (no postprocessing),gaussian,cfd234aa-a9c1-9363-1732-dc841509f243_163200_2.png,13386724,1915422,1048174,2120245,0.8941809807651607,0.808614217346235,0.9273861166182124,0.8632714749091199,0.8284611759304602,0.8941809807651606,0.6463168394072606,0.47462340178215895,0.07261388338178766,0.75,2.25
HistoKit (no postprocessing),gaussian,4adc5212-3bb5-0299-1727-5490f70e71c6_162331_2.png,4980777,923916,5963,2956603,0.770772323376756,0.6270378856861651,0.9988042288148169,0.6275089513164294,0.6658983345360725,0.770772323376756,0.9935873377073792,0.2380908326953173,0.0011957711851831056,0.75,2.25
HistoKit (no postprocessing),gaussian,110ff982-b33a-42d4-9522-02719d6987c7_164031_3.png,5235608,210284,1476,698884,0.9373087557207684,0.8820141887557346,0.9997181637720532,0.8822335593341435,0.8860508810898089,0.9373087557207685,0.993029845107669,0.2312927863717157,0.00028183622794669704,0.75,2.25
HistoKit (no postprocessing),gaussian,31439255-cb2a-2a33-e39f-915211d58cf0_143129_7.png,8247222,1917473,1690466,1361999,0.8438389926509609,0.7298628714228987,0.8298934319531867,0.8582612471916298,0.7690528827675537,0.843838992650961,0.5314593733430637,0.5846895475857089,0.17010656804681332,0.75,2.25
HistoKit (no postprocessing),gaussian,dfdc8007-a219-a302-d10c-929e29813dc8_163630_6.png,2528655,238883,18,42160,0.9917289735753864,0.9835936445502295,0.999992881641873,0.983600531349008,0.9849885184125371,0.9917289735753865,0.9999246549826079,0.8499873684809798,7.118358126970154e-06,0.75,2.25
HistoKit (no postprocessing),gaussian,dad7b6f2-9f0b-8c2a-a00e-ff89c406e2d2_171435_2.png,6551570,1412939,12667,122912,0.9897589034105188,0.9797254405427485,0.9980703012398852,0.9815847881528484,0.9832620336964241,0.9897589034105188,0.9911146558025149,0.9199714034759883,0.0019296987601148466,0.75,2.25
HistoKit (no postprocessing),gaussian,191c1954-41f1-2c63-fab4-33ae150d32f8_151532_3.png,48830599,588006,2432,4174635,0.9589833251774271,0.92119881301697,0.9999501976438857,0.9212410797016762,0.922063352428905,0.9589833251774271,0.9958810239178373,0.12346217151366227,4.9802356114245706e-05,0.75,2.25
HistoKit (no postprocessing),gaussian,22c86e01-80fd-7f77-3526-d5f72a54b219_141444_2.png,30435343,557715,54847,473894,0.9913885026972646,0.9829240548501289,0.9982011591269192,0.9846682077593827,0.9832261794448978,0.9913885026972646,0.9104629408941463,0.5406263419570787,0.0017988408730808172,0.75,2.25
HistoKit (no postprocessing),gaussian,e04480a3-f748-c87a-3eb6-396b6ccbcb83_134430_3.png,25404782,1485344,42163,223485,0.994798886003645,0.9896515952401265,0.9983431016964904,0.9912797459149306,0.9902176236994755,0.994798886003645,0.9723975078346613,0.8692174582711318,0.0016568983035095176,0.75,2.25
HistoKit (no postprocessing),gaussian,75867af4-ee91-110d-5a8d-03a78d8d262a_171204_5.png,7796047,144968,854,2420975,0.8655579353814269,0.7629811714293655,0.9998904693031244,0.763044945973494,0.7662968775753065,0.8655579353814269,0.9941435448697727,0.05649696817115579,0.00010953069687559198,0.75,2.25
HistoKit (no postprocessing),gaussian,098b4b43-88d6-52e4-6dfc-ff0d08e21e37_154649_2.png,44779353,723604,27164,354579,0.9957556026877296,0.9915470829140196,0.9993937489048748,0.9921438486680044,0.9916803858366732,0.9957556026877294,0.9638183833088251,0.671132822535692,0.0006062510951252917,0.75,2.25
HistoKit (no postprocessing),gaussian,2f6f5632-66e3-03e5-2957-29197ae74c65_142917_4.png,4163251,458788,2821,39032,0.9949986586372113,0.990047095149133,0.9993228633590586,0.9907117155127344,0.9910261644137557,0.9949986586372113,0.9938887673333926,0.9215941504961632,0.0006771366409413952,0.75,2.25
HistoKit (no postprocessing),gaussian,6875bf3f-1b6d-1a53-f365-0d72c060072a_140344_4.png,9820692,324812,14709,730397,0.9634509913182701,0.9294794392245621,0.9985044839554584,0.9307752024459276,0.9315827120794886,0.9634509913182701,0.9566772011156894,0.3078176929878346,0.0014955160445415494,0.75,2.25
HistoKit (no postprocessing),gaussian,00a8cbc5-e358-18d7-ac64-8f4f6e3173fd_135812_5.png,5809301,2990281,18036,86558,0.9910780302572779,0.9823138557583454,0.9969049327334253,0.9853188483645895,0.9882533768425062,0.991078030257278,0.9940046211885251,0.9718678812898562,0.0030950672665747666,0.75,2.25
HistoKit (no postprocessing),gaussian,6520c4c0-cf13-4bc7-106a-ea8d45dc1109_165944_1.png,0,8581466,6313774,0,0.0,0.0,0.0,,0.576121364946117,,0.576121364946117,1.0,1.0,0.75,2.25
HistoKit (no postprocessing),gaussian,ec461d09-d9f6-ab63-cb21-aeb55b7abbf3_142116_1.png,35870914,1677658,114457,130815,0.9965928339938683,0.9932088067106533,0.9968193463949558,0.9963664245125561,0.9935102658517615,0.9965928339938683,0.9361330048573892,0.9276654945912933,0.0031806536050441162,0.75,2.25
HistoKit (no postprocessing),gaussian,8b8e8141-b9e0-9b57-cdad-61702acf8a5e_150400_1.png,4511683,222580,9175,747166,0.9226622024565767,0.8564279509736478,0.9979705179857452,0.8579221422786621,0.8622481242500825,0.9226622024565766,0.960410778623978,0.22952401969175434,0.002029482014254816,0.75,2.25
HistoKit (no postprocessing),gaussian,0584763b-507d-517f-59c7-4dbcdbe7ec5e_135202_1.png,7371183,1058739,13139,59572,0.9950920943576601,0.9902321285069347,0.9982206897261523,0.9919830488288203,0.9914484136855019,0.9950920943576602,0.9877420751242212,0.9467303817989808,0.0017793102738477547,0.75,2.25
HistoKit (no postprocessing),gaussian,654bcee2-3394-aaf6-25f2-380d7ca46c60_144121_6.png,2251439,687448,627,687186,0.8674910527326708,0.7659904628796714,0.999721588976522,0.7661538985069548,0.8103474232773595,0.8674910527326709,0.9990887621262217,0.5000952980938926,0.00027841102347799754,0.75,2.25
HistoKit (no postprocessing),gaussian,34677a0d-5045-a6c6-f661-b69bd9d6f859_140044_1.png,7132053,163306,37711,68258,0.9926257169847756,0.9853593979128552,0.9947402731805398,0.9905201316998669,0.9856824342874684,0.9926257169847756,0.8123989513324744,0.7052305194244356,0.0052597268194601665,0.75,2.25
HistoKit (no postprocessing),gaussian,8a46ca7f-3853-419d-26c8-1bf78b04ebee_163832_4.png,24284460,720994,8428,184993,0.9960333938848424,0.9920981313701133,0.9996530671857541,0.9924398391741737,0.9923242208233503,0.9960333938848424,0.9884456460046448,0.795810535912767,0.0003469328142458813,0.75,2.25
HistoKit (no postprocessing),gaussian,302e8390-e88c-6502-e08e-b8e893212016_162708_2.png,48414038,2289210,74997,763105,0.9914187079174942,0.9829834399073827,0.9984533204259478,0.9844825267706178,0.9837392307341581,0.9914187079174941,0.9682781583846084,0.7499913999701866,0.0015466795740521544,0.75,2.25
HistoKit (no postprocessing),gaussian,cfd234aa-a9c1-9363-1732-dc841509f243_163200_4.png,14759241,5447183,958428,2703007,0.8896490609063308,0.8012323217671273,0.9390222557810576,0.8452085321431696,0.8465955827877146,0.8896490609063307,0.8503768024627159,0.6683504310942444,0.06097774421894239,0.75,2.25
HistoKit (no postprocessing),gaussian,73f410c7-98a8-a0f8-02ae-aabdcdcb9cee_162913_2.png,17021785,1356838,30829,33459,0.9981151557509123,0.9962374034103681,0.9981921246795359,0.9980381986912646,0.9965142162210727,0.9981151557509123,0.9777835748778345,0.9759339191554035,0.001807875320464065,0.75,2.25
HistoKit (no postprocessing),gaussian,7530b966-b7ee-7dd8-6676-04339b0c22b7_154932_1.png,16928754,453546,221811,738714,0.9724130021934323,0.9463072268032714,0.9870668400720326,0.9581878965339006,0.9476348381451603,0.9724130021934323,0.6715648168302099,0.38040863570026673,0.012933159927967388,0.75,2.25
HistoKit (no postprocessing),gaussian,cfd234aa-a9c1-9363-1732-dc841509f243_163200_3.png,10700058,866977,24640,5678149,0.7895875368341512,0.6523293181970179,0.997702499408375,0.6533107073320052,0.669783027319792,0.7895875368341512,0.9723648158346017,0.13246146827425476,0.002297500591625051,0.75,2.25
HistoKit (no postprocessing),gaussian,75867af4-ee91-110d-5a8d-03a78d8d262a_171204_3.png,17554647,322431,22427,4132720,0.8941753175602322,0.8086049549802269,0.9987240766011454,0.80944113686092,0.8114059292695132,0.8941753175602322,0.934967435872156,0.07237263114089736,0.0012759233988546672,0.75,2.25
HistoKit (no postprocessing),gaussian,91e6ffad-da04-5736-d731-feb79e91105c_134712_4.png,7980709,307422,33094,1734263,0.9003113864325087,0.8186966522385055,0.995870375151473,0.8214855379922865,0.8242395595320685,0.9003113864325087,0.9028122026571439,0.15057268873503993,0.004129624848526973,0.75,2.25
HistoKit (no postprocessing),gaussian,745e05db-827a-cff7-7148-db0494ae96fc_133425_1.png,35018392,2379427,76039,244254,0.9954476079215172,0.990936476555367,0.9978333029533946,0.9930732934788842,0.9915082441029922,0.9954476079215173,0.9690327620093294,0.9069040786589528,0.0021666970466054855,0.75,2.25
HistoKit (no postprocessing),gaussian,778d67ae-3cb9-eeb7-6fac-a66f6e936029_142330_1.png,16601606,346383,64938,1879921,0.9446666930882209,0.8951358655139942,0.9961036913231681,0.8982810781814727,0.8970584530188355,0.9446666930882209,0.8421233051558272,0.1555865685908124,0.0038963086768318616,0.75,2.25
HistoKit (no postprocessing),gaussian,22c86e01-80fd-7f77-3526-d5f72a54b219_141444_3.png,15829004,747447,28967,656717,0.978800070196068,0.9584803539733842,0.9981733476495827,0.9601644962934893,0.9602781463590686,0.9788000701960677,0.9626912961384004,0.5323074797530772,0.001826652350417339,0.75,2.25
HistoKit (no postprocessing),gaussian,e7510405-61bb-4166-6cb6-90d49adffbe4_135053_1.png,7506389,428357,1140236,24066,0.92802767866636,0.8657198140263561,0.868129356829977,0.9968041771712334,0.8720413388301721,0.92802767866636,0.2730835850982377,0.9468064178876847,0.13187064317002298,0.75,2.25
HistoKit (no postprocessing),gaussian,e0661871-0847-f23e-2d1f-8518496574c0_141209_3.png,42642078,1700947,79106,101207,0.9978901992592969,0.9957892822939289,0.9981483191102569,0.9976322128727354,0.9959501464153474,0.9978901992592969,0.9555597501872135,0.9438410923816721,0.0018516808897431308,0.75,2.25
HistoKit (no postprocessing),gaussian,91e6ffad-da04-5736-d731-feb79e91105c_134712_1.png,82727735,2997619,159532,3046894,0.9809890314526051,0.962687411354374,0.9980753135460481,0.9644779110615564,0.9639451048882638,0.9809890314526051,0.9494696325896353,0.49592398924446024,0.0019246864539519684,0.75,2.25
HistoKit (no postprocessing),gaussian,6875bf3f-1b6d-1a53-f365-0d72c060072a_140344_3.png,7587481,630310,10362,1128103,0.9302130079718994,0.8695310514183792,0.9986361918770893,0.8705648410938384,0.8783204521124689,0.9302130079718994,0.9838263573248089,0.3584539013303473,0.0013638081229106734,0.75,2.25
HistoKit (no postprocessing),gaussian,bc7dd6a2-14aa-d481-064a-28427e54cce1_153909_3.png,23860510,1324579,226490,2102401,0.9534686285456132,0.9110750566612806,0.9905970025324864,0.9190229092569782,0.9153560844341676,0.9534686285456132,0.853978127343142,0.38651494902217115,0.009402997467513597,0.75,2.25
HistoKit (no postprocessing),gaussian,dad7b6f2-9f0b-8c2a-a00e-ff89c406e2d2_171435_1.png,23719145,1068886,29345,75460,0.997795578937383,0.9956008554416879,0.9987643424908278,0.9968286928906783,0.9957897525215689,0.9977955789373829,0.9732797562625713,0.9340584054123491,0.0012356575091721621,0.75,2.25
HistoKit (no postprocessing),gaussian,7a951edf-c71d-16ea-3e52-69a0dd7b54e1_133148_1.png,12594004,2860532,206,357678,0.9859905459554906,0.9723681983661379,0.9999836432773472,0.972383664144935,0.9773669052554891,0.9859905459554906,0.9999279906094162,0.888858091920664,1.635672265271105e-05,0.75,2.25
HistoKit (no postprocessing),gaussian,0584763b-507d-517f-59c7-4dbcdbe7ec5e_135202_2.png,16993245,1480713,69865,158938,0.99331284405485,0.9867145301186014,0.9959054943676738,0.9907336576341332,0.9877663517167332,0.99331284405485,0.9549426084982503,0.9030659573287242,0.004094505632326112,0.75,2.25
HistoKit (no postprocessing),gaussian,c4a5bf6f-509c-e7c4-3751-4f823d57d1f3_145315_3.png,21535851,1118870,91472,2850432,0.9360644762333993,0.8798131609700318,0.9957705352622699,0.8831133059515466,0.8850667226636324,0.9360644762333993,0.9244246667470847,0.28188079415474054,0.004229464737730139,0.75,2.25
HistoKit (no postprocessing),gaussian,778d67ae-3cb9-eeb7-6fac-a66f6e936029_142330_3.png,17908602,630859,5717,2530462,0.9338733952100131,0.8759498084132082,0.999680869811462,0.8761948198802059,0.8796630137922264,0.9338733952100131,0.9910191398984567,0.19955550227262592,0.0003191301885380069,0.75,2.25
HistoKit (no postprocessing),gaussian,00a8cbc5-e358-18d7-ac64-8f4f6e3173fd_135812_2.png,8561402,5794461,113408,121289,0.9864786411361866,0.9733180583801978,0.9869267453696392,0.9860309436325674,0.9839144625017819,0.9864786411361867,0.9808039074664655,0.9794972742255842,0.01307325463036078,0.75,2.25
HistoKit (no postprocessing),gaussian,dad7b6f2-9f0b-8c2a-a00e-ff89c406e2d2_171435_3.png,5795808,588956,27895,294387,0.9729490717479703,0.947323102471523,0.9952100922729061,0.9516621388970304,0.9519487416665996,0.9729490717479704,0.9547783824618912,0.6667353451603737,0.004789907727093912,0.75,2.25
HistoKit (no postprocessing),gaussian,1d49a2ac-7490-df96-fb85-41e83b5a5b35_151838_1.png,0,6030489,205211,0,0.0,0.0,0.0,,0.9670909440800551,,0.9670909440800551,1.0,1.0,0.75,2.25
HistoKit (no postprocessing),gaussian,7a951edf-c71d-16ea-3e52-69a0dd7b54e1_133148_5.png,5780694,2905495,307,405349,0.9661022387817744,0.9344272470843066,0.9999468950100511,0.9344736206974313,0.9553824333784837,0.9661022387817744,0.9998943493052864,0.877569284448316,5.3104989948972506e-05,0.75,2.25
HistoKit (no postprocessing),gaussian,3c8a2c44-1287-eab9-5fb8-1902a0075b0d_153549_25.png,37448187,2818981,72791,93775,0.997780982199738,0.9955717906747918,0.9980599919330461,0.9975021284183283,0.995880518974577,0.9977809821997381,0.9748282368042847,0.9678054049154821,0.001940008066953905,0.75,2.25
HistoKit (no postprocessing),gaussian,7a951edf-c71d-16ea-3e52-69a0dd7b54e1_133148_3.png,8628516,1490404,608,377720,0.9785471915515193,0.9579954976460123,0.9999295409360208,0.9580601707527984,0.9639593158130588,0.9785471915515193,0.9995922232684915,0.7978078542966098,7.045906397914782e-05,0.75,2.25
HistoKit (no postprocessing),gaussian,6875bf3f-1b6d-1a53-f365-0d72c060072a_140344_5.png,10509907,466519,24006,1450078,0.934467383109855,0.8769955685046826,0.9977210747800936,0.8787558680048512,0.8816045286498304,0.934467383109855,0.9510605983385149,0.24341006481800817,0.002278925219906411,0.75,2.25
HistoKit (no postprocessing),gaussian,6c5eefac-6637-5ca1-aed4-decff7ee7c9b_152621_1.png,34959614,361314,373760,280118,0.9907347424952503,0.981639598835183,0.9894218989672483,0.9920510746222474,0.9818240020529924,0.9907347424952502,0.49153418567382334,0.563292757455194,0.010578101032751641,0.75,2.25
HistoKit (no postprocessing),gaussian,2f6f5632-66e3-03e5-2957-29197ae74c65_142917_3.png,5401184,642477,5179,72996,0.9928151563759272,0.9857328202076192,0.9990420547047988,0.9866654001147204,0.987230138148098,0.9928151563759273,0.9920034709784207,0.8979751856464185,0.0009579452952012287,0.75,2.25
HistoKit (no postprocessing),gaussian,e92b8137-1dab-8f48-a38e-05fbbeabd072_134925_1.png,6152855,31692,23292,199738,0.9821985291417972,0.9650197580414327,0.9962287167063867,0.968558036064958,0.965192770995963,0.9821985291417972,0.5763858577040594,0.13693989543274424,0.003771283293613316,0.75,2.25
HistoKit (no postprocessing),gaussian,6875bf3f-1b6d-1a53-f365-0d72c060072a_140344_2.png,15819740,768474,13893,375043,0.9878565333983422,0.9760044558852309,0.9991225639750524,0.9768417397133385,0.977090618861234,0.9878565333983422,0.982242349178838,0.6720267385618228,0.0008774360249476542,0.75,2.25
HistoKit (no postprocessing),gaussian,654bcee2-3394-aaf6-25f2-380d7ca46c60_144121_2.png,5387253,1832981,1055,42119,0.9960089409189401,0.9920496123048888,0.9998042056987091,0.9922423808867766,0.994055958304972,0.9960089409189401,0.9994247659260778,0.9775377313209962,0.00019579430129086905,0.75,2.25
HistoKit (no postprocessing),gaussian,e75d7a32-60ad-6f71-61b5-c428fc2cae22_164833_1.png,39626701,11453468,62087,427728,0.9938575966906377,0.9877901909527737,0.9984356539181796,0.9893213307322394,0.9905019361650373,0.9938575966906376,0.9946084231285423,0.9639995838802761,0.0015643460818203871,0.75,2.25
HistoKit (no postprocessing),gaussian,59481929-3828-f3c5-2452-07bdbf0def53_144939_3.png,23541973,1217354,13893,356373,0.9921974049426845,0.9845156281684873,0.9994102106031678,0.9850879638281244,0.9852657382871263,0.9921974049426846,0.9887163176844289,0.7735483981656285,0.0005897893968321946,0.75,2.25
HistoKit (no postprocessing),gaussian,7530b966-b7ee-7dd8-6676-04339b0c22b7_154932_2.png,10242866,1302290,15652,2214700,0.901816175710567,0.8211887261170293,0.9984742435505791,0.8222204883361646,0.8380929400207964,0.901816175710567,0.9881239083358752,0.3702853860829857,0.0015257564494208617,0.75,2.25
HistoKit (no postprocessing),gaussian,d89a4519-168e-fe8e-eec5-c3f8080d7609_170312_1.png,15690379,499821,19960,387530,0.9871811117114727,0.9746867116386647,0.9987294990897395,0.975896741298884,0.975448993203271,0.9871811117114727,0.9615992119758129,0.563273157972437,0.0012705009102604342,0.75,2.25
HistoKit (no postprocessing),gaussian,c4a5bf6f-509c-e7c4-3751-4f823d57d1f3_145315_1.png,22694257,1091055,39012,1333466,0.9706490828937077,0.9429719901764821,0.9982839247624263,0.9445030226126712,0.9454452080250292,0.9706490828937077,0.9654781530652607,0.450008475901013,0.0017160752375736195,0.75,2.25
HistoKit (no postprocessing),gaussian,654bcee2-3394-aaf6-25f2-380d7ca46c60_144121_1.png,8584469,962909,11406,490316,0.9716070593854446,0.9447819223698908,0.9986730844736574,0.9459694086416373,0.9500729418554895,0.9716070593854444,0.9882933137640291,0.6626014553837155,0.001326915526342577,0.75,2.25
HistoKit (no postprocessing),gaussian,34677a0d-5045-a6c6-f661-b69bd9d6f859_140044_3.png,4367592,131699,11340,21589,0.9962444598969015,0.9925170224162093,0.9974103274497069,0.9950813147145219,0.9927344656702455,0.9962444598969015,0.9207209222659555,0.8591605344188716,0.0025896725502930853,0.75,2.25
HistoKit (no postprocessing),gaussian,00a8cbc5-e358-18d7-ac64-8f4f6e3173fd_135812_1.png,0,9344209,13535,0,0.0,0.0,0.0,,0.9985536043730199,,0.9985536043730199,1.0,1.0,0.75,2.25
HistoKit (no postprocessing),gaussian,098b4b43-88d6-52e4-6dfc-ff0d08e21e37_154649_3.png,45030136,6966908,84383,273586,0.9960409647871827,0.9921131538758888,0.9981295821861694,0.9939610701301761,0.9931626604695906,0.9960409647871827,0.9880329715508834,0.9622144566379034,0.0018704178138306206,0.75,2.25
HistoKit (no postprocessing),gaussian,6c5eefac-6637-5ca1-aed4-decff7ee7c9b_152621_2.png,36557029,946095,110990,4163314,0.9447681293474076,0.8953180392126802,0.9969731116371463,0.8977583759547408,0.8976886753296541,0.9447681293474076,0.8950037130410515,0.1851672081839602,0.0030268883628537446,0.75,2.25
HistoKit (no postprocessing),gaussian,98188e68-f597-a02c-6cf5-9f993d1f10ac_162142_1.png,29064123,1202604,74261,234522,0.99471597024551,0.9894874889124011,0.9974514372519766,0.991995466001926,0.9899009697630554,0.9947159702455098,0.9418411500041116,0.8368118035579344,0.002548562748023363,0.75,2.25
HistoKit (no postprocessing),gaussian,997c9bdf-d489-63a3-9c13-1b5273502c59_152111_5.png,1628770,4414539,204350,129069,0.907150429732002,0.8300780403926431,0.8885233918128655,0.9265751869198487,0.9477131532033356,0.907150429732002,0.9557577590628396,0.9715932800540892,0.11147660818713451,0.75,2.25
HistoKit (no postprocessing),gaussian,997c9bdf-d489-63a3-9c13-1b5273502c59_152111_1.png,11819243,1155798,101,56298,0.9976197816532978,0.9952508672794279,0.9999914546864869,0.9952593317643381,0.9956720822871455,0.9976197816532978,0.9999126221235592,0.9535531839062252,8.545313513169597e-06,0.75,2.25
HistoKit (no postprocessing),gaussian,8a46ca7f-3853-419d-26c8-1bf78b04ebee_163832_1.png,8561463,1165981,86758,231062,0.9817771556331364,0.9642065693817845,0.9899681102043992,0.9737206320141256,0.9683612098198713,0.9817771556331363,0.9307453507873548,0.8346063793312017,0.010031889795600737,0.75,2.25
HistoKit (no postprocessing),gaussian,b3ac8263-eb4f-ecee-6126-3ea976dfb769_143901_1.png,31636405,1205726,39742,149807,0.99701320589107,0.9940442005289142,0.9987453650849644,0.995287044583985,0.9942615997733085,0.99701320589107,0.968090709677005,0.8894848004438106,0.0012546349150355945,0.75,2.25
HistoKit (no postprocessing),gaussian,7ba3b133-6b39-da9f-5b13-68d3bea507d2_165139_1.png,22874894,2861990,4223,710025,0.9846279389074165,0.9697213234800994,0.9998154211982919,0.9698949570274124,0.9729974505438935,0.9846279389074166,0.9985266272953196,0.8012256387501172,0.00018457880170812536,0.75,2.25
HistoKit (no postprocessing),gaussian,302e8390-e88c-6502-e08e-b8e893212016_162708_1.png,14945403,4968339,358780,123512,0.9841210797792178,0.9687385575097252,0.976556736155076,0.9918035240095255,0.9763536381631841,0.9841210797792177,0.9326502749422343,0.9757432022264595,0.023443263844923967,0.75,2.25
HistoKit (no postprocessing),gaussian,7530b966-b7ee-7dd8-6676-04339b0c22b7_154932_3.png,23539211,880916,41489,1483590,0.9686220340382475,0.9391533133394163,0.9982405526553495,0.940710474418911,0.9412192371877872,0.9686220340382475,0.9550208422547579,0.37255815802539727,0.0017594473446504982,0.75,2.25
HistoKit (no postprocessing),gaussian,00a8cbc5-e358-18d7-ac64-8f4f6e3173fd_135812_4.png,10646815,1412331,16038,239228,0.9881541031150738,0.976585571140042,0.9984958997371529,0.9780243381364561,0.9792709550403219,0.9881541031150738,0.9887718089653303,0.8551501944526354,0.001504100262847101,0.75,2.25
HistoKit (no postprocessing),gaussian,7a951edf-c71d-16ea-3e52-69a0dd7b54e1_133148_6.png,7805699,2661204,0,51319,0.996723493120638,0.9934683871158243,1.0,0.9934683871158243,0.995120943444624,0.996723493120638,1.0,0.9810807134169922,0.0,0.75,2.25
HistoKit (no postprocessing),gaussian,c4a5bf6f-509c-e7c4-3751-4f823d57d1f3_145315_4.png,16466335,1070610,22488,7951822,0.8050623634401758,0.6737275141470285,0.9986361670569209,0.6743479862137015,0.6874199250487677,0.8050623634401757,0.9794272791643567,0.11866091093842547,0.0013638329430790785,0.75,2.25
HistoKit (no postprocessing),gaussian,ec461d09-d9f6-ab63-cb21-aeb55b7abbf3_142116_2.png,39530430,1590512,92304,249004,0.9957015279482041,0.9914398514556853,0.9976704282950288,0.9937403835358743,0.991768222901555,0.9957015279482042,0.9451490834410893,0.8646361325479094,0.0023295717049711916,0.75,2.25
HistoKit (no postprocessing),gaussian,59481929-3828-f3c5-2452-07bdbf0def53_144939_1.png,25521925,887157,15010,106789,0.9976195161718754,0.9952503388353423,0.9994122239023595,0.995833228307905,0.9954091611205824,0.9976195161718755,0.9833622821495355,0.8925605616401696,0.0005877760976405351,0.75,2.25
HistoKit (no postprocessing),gaussian,7a951edf-c71d-16ea-3e52-69a0dd7b54e1_133148_2.png,7966914,483415,22,333396,0.9795037217731877,0.9598307633959702,0.9999972385870805,0.9598333074306863,0.9620414841183381,0.9795037217731877,0.9999544925191907,0.5918321374222434,2.761412919596693e-06,0.75,2.25
HistoKit (no postprocessing),gaussian,dfdc8007-a219-a302-d10c-929e29813dc8_163630_1.png,3830503,375442,641,110606,0.985686647102198,0.971777256294793,0.9998326870511784,0.9719353105940485,0.9742316301892526,0.985686647102198,0.9982955890056184,0.7724381131081703,0.00016731294882155304,0.75,2.25
HistoKit (no postprocessing),gaussian,e04480a3-f748-c87a-3eb6-396b6ccbcb83_134430_1.png,63556618,677770,619970,111372,0.9942794445299041,0.9886239662916664,0.9903396235399738,0.9982507379296881,0.988742649393765,0.9942794445299041,0.522269483871962,0.8588695063752785,0.009660376460026201,0.75,2.25
HistoKit (no postprocessing),gaussian,bb1fc306-b767-ee67-c337-445c06bd68ce_150126_2.png,27008104,9902737,306799,1172025,0.9733521371786937,0.9480876281219232,0.9887680728721606,0.958409523249521,0.9614785906571469,0.9733521371786936,0.9699497606943156,0.894171540661551,0.011231927127839334,0.75,2.25
HistoKit (no postprocessing),gaussian,e04480a3-f748-c87a-3eb6-396b6ccbcb83_134430_2.png,14566017,672007,16856,40272,0.9980428352139743,0.99609331645142,0.9988441235139331,0.9972428314953922,0.9962649602959159,0.9980428352139742,0.9755306933308945,0.9434603575284404,0.0011558764860669089,0.75,2.25
HistoKit (no postprocessing),gaussian,7ba3b133-6b39-da9f-5b13-68d3bea507d2_165139_3.png,14890610,561706,8741,2622657,0.9188156291478831,0.8498232622653751,0.9994133301510918,0.8502474152880785,0.854487966354699,0.9188156291478831,0.9846769287944367,0.1763950906350815,0.000586669848908184,0.75,2.25
HistoKit (no postprocessing),gaussian,d28668ca-fcc7-90f7-7049-f08e38cdd015_141933_2.png,11233866,784086,5207,259069,0.9883742782423797,0.9770157648079142,0.9995367055628165,0.9774584124942846,0.978483056982821,0.9883742782423797,0.993402956823385,0.7516486044739277,0.00046329443718356485,0.75,2.25
HistoKit (no postprocessing),gaussian,e338d5a6-7427-4506-5755-323615d750be_135343_3.png,7661875,550644,6880,895091,0.944411037266079,0.8946768776552031,0.9991028530706745,0.8953962187064901,0.9010398826483983,0.944411037266079,0.9876597240656905,0.38087477995621605,0.0008971469293255555,0.75,2.25
HistoKit (no postprocessing),gaussian,0584763b-507d-517f-59c7-4dbcdbe7ec5e_135202_6.png,12901551,556413,73809,18342,0.9964413941041627,0.9929080257497055,0.9943116029150636,0.9985803287999366,0.993199245910459,0.9964413941041627,0.8828841265458839,0.968087271968056,0.005688397084936372,0.75,2.25
HistoKit (no postprocessing),gaussian,e75d7a32-60ad-6f71-61b5-c428fc2cae22_164833_5.png,45218916,4941763,753309,78712,0.9908839449976982,0.9819325934670993,0.9836138233465967,0.998262337268521,0.9836835272499789,0.990883944997698,0.8677261674654859,0.9843218022199095,0.016386176653403223,0.75,2.25
HistoKit (no postprocessing),gaussian,31439255-cb2a-2a33-e39f-915211d58cf0_143129_8.png,7013910,4683006,396317,958877,0.9119032200061704,0.8380717935874616,0.9465175628222995,0.8797312658672557,0.896170504232649,0.9119032200061704,0.9219744442320364,0.8300430902236009,0.053482437177700494,0.75,2.25
HistoKit (no postprocessing),gaussian,110ff982-b33a-42d4-9522-02719d6987c7_164031_2.png,5844053,175644,5533,1068402,0.9158492752060583,0.8447619452361005,0.9990541210950655,0.8454381258178173,0.8486057635919089,0.9158492752060583,0.9694608035236261,0.14118770527777913,0.0009458789049344689,0.75,2.25
HistoKit (no postprocessing),gaussian,015b92ff-7984-c969-27c5-4144ab20b802_144644_7.png,22070400,4775658,117662,795660,0.9797283365104751,0.9602622238469469,0.9946970582649355,0.9652034500040672,0.9670986167558497,0.9797283365104752,0.9759545666336965,0.8571863964684837,0.005302941735064559,0.75,2.25
HistoKit (no postprocessing),gaussian,bc7dd6a2-14aa-d481-064a-28427e54cce1_153909_1.png,22705521,492605,13324,2278133,0.9519635858071084,0.9083306390076432,0.9994135265239056,0.9088150596385941,0.910102217050785,0.9519635858071084,0.9736642888626665,0.1777883726285199,0.0005864734760944053,0.75,2.25
HistoKit (no postprocessing),gaussian,dfdc8007-a219-a302-d10c-929e29813dc8_163630_4.png,1784466,706679,457,181334,0.9515317446796258,0.9075446393833563,0.999743966546456,0.907755621121172,0.9319882705758761,0.9515317446796259,0.9993537311068875,0.7957980344882338,0.00025603345354393436,0.75,2.25
HistoKit (no postprocessing),gaussian,31439255-cb2a-2a33-e39f-915211d58cf0_143129_5.png,3882433,238430,3582,1584453,0.8302093649873981,0.7097076520692562,0.9990782330999751,0.7101726650235619,0.7218316039277632,0.8302093649873981,0.9851990810373039,0.13079830137205734,0.0009217669000248326,0.75,2.25
HistoKit (no postprocessing),gaussian,091684ab-dffb-81d6-97c1-29bfeceeac37_154424_1.png,0,6267842,20721,0,0.0,0.0,0.0,,0.996704970595031,,0.996704970595031,1.0,1.0,0.75,2.25
HistoKit (no postprocessing),gaussian,8a22c195-cd7e-901b-eb5d-b1439c8b19ac_152323_2.png,2679417,490487,11829,31091,0.9920544326898263,0.9842341341281406,0.9956046381490209,0.9885294564708903,0.9866410360480375,0.9920544326898264,0.9764510786039067,0.9403905072683281,0.004395361850979063,0.75,2.25
HistoKit (no postprocessing),gaussian,bc7dd6a2-14aa-d481-064a-28427e54cce1_153909_2.png,11671774,454751,8797,2373186,0.9074078198813467,0.8305091656273835,0.9992468690100852,0.8310293514541871,0.8358216434108869,0.9074078198813467,0.9810224615358064,0.16080662334415513,0.000753130989914791,0.75,2.25
HistoKit (no postprocessing),gaussian,e338d5a6-7427-4506-5755-323615d750be_135343_2.png,6369573,922220,118,56109,0.9956056771459496,0.9912498054716923,0.9999814747685563,0.9912680085942628,0.9923480066739067,0.9956056771459496,0.999872064254102,0.9426481275726264,1.8525231443723093e-05,0.75,2.25
HistoKit (no postprocessing),gaussian,7ba3b133-6b39-da9f-5b13-68d3bea507d2_165139_2.png,10212031,5178146,73337,168972,0.9882752032275043,0.976822161896399,0.9928697738379414,0.9837229601031808,0.9844996502795524,0.9882752032275043,0.9860349924011941,0.9683994256345194,0.007130226162058567,0.75,2.25
HistoKit (no postprocessing),gaussian,00a8cbc5-e358-18d7-ac64-8f4f6e3173fd_135812_3.png,6483317,2157673,2619,100714,0.9920938591505243,0.9843117518009914,0.9995962032311142,0.9847032919498708,0.9881828473170536,0.9920938591505242,0.9987876638898816,0.9554044545952487,0.0004037967688857861,0.75,2.25
HistoKit (no postprocessing),gaussian,73f410c7-98a8-a0f8-02ae-aabdcdcb9cee_162913_1.png,14957150,3076367,39413,64482,0.9965389324707898,0.9931017402842897,0.9973718644732129,0.9957073905152249,0.9942717847507682,0.9965389324707898,0.9873505189711725,0.9794698821879052,0.002628135526787038,0.75,2.25
HistoKit (no postprocessing),gaussian,d28668ca-fcc7-90f7-7049-f08e38cdd015_141933_3.png,1781537,1616874,23798,92236,0.9684613770511765,0.9388512998986599,0.9868179589937601,0.9507752539928797,0.9669836915928404,0.9684613770511766,0.9854949679155858,0.9460327304854573,0.013182041006239839,0.75,2.25
HistoKit (no postprocessing),gaussian,098b4b43-88d6-52e4-6dfc-ff0d08e21e37_154649_1.png,38626099,1884189,137001,897671,0.9867835819723026,0.9739119544599877,0.9964656851490206,0.9772878194564941,0.9750951258588286,0.9867835819723026,0.9322176539563326,0.6773126613129345,0.003534314850979411,0.75,2.25
HistoKit (no postprocessing),gaussian,191c1954-41f1-2c63-fab4-33ae150d32f8_151532_2.png,28612780,439812,2819,1929578,0.967334960536247,0.936736428143795,0.9999014872971906,0.9368228870868451,0.9376344138769905,0.9673349605362471,0.9936312639647924,0.18562245978922845,9.851270280940126e-05,0.75,2.25
HistoKit (no postprocessing),gaussian,31439255-cb2a-2a33-e39f-915211d58cf0_143129_4.png,9501327,376240,37655,1547944,0.9229852576612498,0.8569847945228461,0.9960525137797723,0.8599053276908495,0.8616787892629314,0.92298525766125,0.9090228197972916,0.19553223600237815,0.003947486220227693,0.75,2.25
HistoKit (no postprocessing),gaussian,8a22c195-cd7e-901b-eb5d-b1439c8b19ac_152323_1.png,13758898,4731048,163701,269101,0.9845154654651754,0.9695031602979206,0.9882420660108073,0.9808168648999761,0.9771279520289547,0.9845154654651753,0.9665557927485148,0.9461814037941669,0.011757933989192679,0.75,2.25
HistoKit (no postprocessing),gaussian,6c5eefac-6637-5ca1-aed4-decff7ee7c9b_152621_3.png,19389075,754037,130998,1334645,0.9635808930833135,0.9297212745816079,0.9932890619825039,0.9355981937605796,0.9321736490602999,0.9635808930833134,0.8519855146971589,0.3610109150172214,0.006710938017496144,0.75,2.25
HistoKit (no postprocessing),gaussian,e338d5a6-7427-4506-5755-323615d750be_135343_5.png,4550747,149209,41161,231824,0.9708799817035165,0.9434079256476106,0.991036188007251,0.951527327038114,0.9451059242408064,0.9708799817035165,0.783784209696906,0.3915907546065564,0.008963811992748984,0.75,2.25
HistoKit (no postprocessing),gaussian,bb1fc306-b767-ee67-c337-445c06bd68ce_150126_1.png,27460786,4538325,757417,151072,0.9837276015156065,0.9679763053514762,0.9731585671844518,0.9945287274764342,0.9723927299468815,0.9837276015156063,0.8569762273162099,0.9677843441278271,0.026841432815548176,0.75,2.25
HistoKit (no postprocessing),gaussian,d89a4519-168e-fe8e-eec5-c3f8080d7609_170312_3.png,19069966,4586420,42178,2729013,0.9322631402711679,0.8731206867841296,0.9977931309014834,0.8748100541773081,0.8951401787609965,0.9322631402711679,0.9908875214481794,0.626951268639874,0.002206869098516629,0.75,2.25
HistoKit (no postprocessing),gaussian,bb1fc306-b767-ee67-c337-445c06bd68ce_150126_3.png,30899158,1735330,143214,4297438,0.9329601270357956,0.874344202756042,0.995386499459513,0.8779018857391777,0.8802256174892394,0.9329601270357956,0.9237632975325571,0.2876507102543973,0.004613500540487048,0.75,2.25
HistoKit (no postprocessing),gaussian,745e05db-827a-cff7-7148-db0494ae96fc_133425_4.png,24712825,4722981,127052,1009110,0.9775292467762033,0.9560461692367287,0.9948851598580782,0.9607685036137444,0.9628364781750393,0.9775292467762033,0.9738038895817822,0.8239542952126894,0.005114840141921798,0.75,2.25
HistoKit (no postprocessing),gaussian,e0661871-0847-f23e-2d1f-8518496574c0_141209_2.png,42728065,3077647,117890,642176,0.9911841853936585,0.9825224496311419,0.9972485150581892,0.9851931650552738,0.9836775839974155,0.9911841853936586,0.963107922080076,0.8273638288703522,0.0027514849418107264,0.75,2.25
HistoKit (no postprocessing),constant,1d49a2ac-7490-df96-fb85-41e83b5a5b35_151838_3.png,0,5928762,260673,0,0.0,0.0,0.0,,0.9578842010619709,,0.9578842010619709,1.0,1.0,0.9,
HistoKit (no postprocessing),gaussian,d28668ca-fcc7-90f7-7049-f08e38cdd015_141933_1.png,23130126,3882503,27589,84866,0.9975749744348545,0.9951616819147581,0.9988086475716624,0.9963443450680491,0.9958542063869738,0.9975749744348545,0.9929441557896848,0.9786089975497616,0.0011913524283375973,0.75,2.25
HistoKit (no postprocessing),gaussian,dfdc8007-a219-a302-d10c-929e29813dc8_163630_5.png,11880626,378093,1486,162375,0.9931510877294498,0.9863953524961254,0.99987493805815,0.9865170649740874,0.9868094228413099,0.9931510877294498,0.9960851364274631,0.6995659317480406,0.0001250619418500684,0.75,2.25
HistoKit (no postprocessing),constant,538ad0bc-9add-9e27-6ee9-4f1bdd825510_142716_4.png,0,6987044,2932,0,0.0,0.0,0.0,,0.9995805421935641,,0.9995805421935641,1.0,1.0,0.9,
HistoKit (no postprocessing),gaussian,1cfd19dd-0b58-a07f-0753-c0e3d9e98b9b_133722_2.png,19860394,766211,1397,4385548,0.9005402295329937,0.8190751983135139,0.9999296639462172,0.8191223916975467,0.824617257446464,0.9005402295329936,0.9981800606559598,0.1487280363852424,7.03360537828638e-05,0.75,2.25
HistoKit (no postprocessing),constant,110ff982-b33a-42d4-9522-02719d6987c7_164031_4.png,11734299,433836,16041,3119477,0.8821416204921073,0.7891354009265884,0.9986348480129086,0.7899876098845169,0.7951131014274827,0.8821416204921073,0.9643435872471809,0.12209338158501658,0.0013651519870914374,0.9,
HistoKit (no postprocessing),gaussian,a796f488-e06e-b9c5-67ad-c084c09ace36_143658_2.png,39268901,3114604,3507,2069068,0.9742889801892379,0.9498669326658777,0.9999107006629183,0.94994751677326,0.953379267807688,0.9742889801892379,0.9988752805785298,0.6008489734690003,8.929933708164775e-05,0.75,2.25
HistoKit (no postprocessing),constant,4adc5212-3bb5-0299-1727-5490f70e71c6_162331_1.png,5625049,616391,13925,3423253,0.7659758010947707,0.6207137605359035,0.997530579144362,0.6216690159103885,0.6448689265347594,0.7659758010947707,0.9779079065103853,0.1525854753537688,0.002469420855637923,0.9,
HistoKit (no postprocessing),constant,4adc5212-3bb5-0299-1727-5490f70e71c6_162331_3.png,4194674,239010,3288,1276084,0.8676792791600129,0.76628402465014,0.9992167628006161,0.7667445717759769,0.7760617084796648,0.8676792791600129,0.9864299333878117,0.15775258828825142,0.0007832371993838916,0.9,
HistoKit (no postprocessing),constant,dfdc8007-a219-a302-d10c-929e29813dc8_163630_7.png,2249088,440717,21563,137192,0.9659099522840257,0.9340675451015702,0.9905036044729023,0.9425080040900481,0.9442683320695369,0.9659099522840258,0.9533551094574717,0.7626062234711694,0.009496395527097735,0.9,
HistoKit (no postprocessing),constant,34677a0d-5045-a6c6-f661-b69bd9d6f859_140044_2.png,23126977,1126937,57764,188329,0.9947076827685787,0.9894710878801972,0.9975085337377717,0.9919225164790889,0.9899553906249904,0.9947076827685788,0.9512417057130871,0.8568129944817247,0.0024914662622282473,0.9,
HistoKit (no postprocessing),constant,2f6f5632-66e3-03e5-2957-29197ae74c65_142917_2.png,23530731,1062076,13807,124720,0.9970651052482237,0.9941473872987484,0.9994135794892217,0.994727642267315,0.9943987251152728,0.9970651052482238,0.9871668201839792,0.8949103299977418,0.0005864205107783385,0.9,
HistoKit (no postprocessing),gaussian,745e05db-827a-cff7-7148-db0494ae96fc_133425_3.png,48913923,5098623,388199,667895,0.9893198632659661,0.9788654464536204,0.9921261198453081,0.9865294370609807,0.9808222247725747,0.9893198632659661,0.9292488438662672,0.8841770718482107,0.007873880154691922,0.75,2.25
HistoKit (no postprocessing),constant,015b92ff-7984-c969-27c5-4144ab20b802_144644_8.png,19339769,4867535,83545,1232467,0.967096039434387,0.9362884414779572,0.9956987257684244,0.9400907611598467,0.9484388313806874,0.9670960394343869,0.9831259038432019,0.7979562957520342,0.004301274231575518,0.9,
HistoKit (no postprocessing),gaussian,745e05db-827a-cff7-7148-db0494ae96fc_133425_2.png,28679896,4374918,131811,236161,0.993625736136255,0.9873322200445142,0.9954250888362846,0.9918328767992123,0.9889903851821329,0.9936257361362549,0.9707524015755108,0.9487840047849971,0.0045749111637155,0.75,2.25
HistoKit (no postprocessing),constant,59481929-3828-f3c5-2452-07bdbf0def53_144939_2.png,22550044,2394416,6031,260549,0.9941238796730675,0.9883164135062225,0.9997326219211454,0.98857771913251,0.9894260609637683,0.9941238796730675,0.997487551276908,0.9018634897258533,0.000267378078854588,0.9,
HistoKit (no postprocessing),constant,8a22c195-cd7e-901b-eb5d-b1439c8b19ac_152323_3.png,3876873,441504,103265,2167,0.9865848565842382,0.9735248806909567,0.9740549197037892,0.9994413566243194,0.976167144648424,0.9865848565842381,0.810442591263453,0.9951157501842581,0.025945080296210836,0.9,
HistoKit (no postprocessing),constant,654bcee2-3394-aaf6-25f2-380d7ca46c60_144121_7.png,5265947,321883,19,493989,0.9551956837635597,0.9142340521757548,0.9999963919250523,0.9142370679118657,0.9187732392740484,0.9551956837635596,0.9999409758249405,0.39452634727016,3.608074947692408e-06,0.9,
HistoKit (no postprocessing),constant,91e6ffad-da04-5736-d731-feb79e91105c_134712_2.png,6808978,190381,1097,896788,0.9381444726488807,0.8834953988412666,0.9998389151367643,0.8836211740662772,0.8863040068155422,0.9381444726488808,0.9942708822945717,0.17511628826796938,0.0001610848632357206,0.9,
HistoKit (no postprocessing),constant,8b8e8141-b9e0-9b57-cdad-61702acf8a5e_150400_2.png,14717743,497343,12515,1555299,0.949430738018211,0.9037297895306866,0.9991503882688273,0.9044248149792767,0.9065826525809008,0.9494307380182109,0.975453949923312,0.2422940775839138,0.0008496117311726652,0.9,
HistoKit (no postprocessing),constant,8b8e8141-b9e0-9b57-cdad-61702acf8a5e_150400_5.png,2226646,227522,15,1701403,0.7235583804923383,0.566855835342805,0.99999326345591,0.5668579999893076,0.5905708605236422,0.7235583804923383,0.9999340766556648,0.11795274570032531,6.736544090007414e-06,0.9,
HistoKit (no postprocessing),constant,1cfd19dd-0b58-a07f-0753-c0e3d9e98b9b_133722_4.png,19743767,749388,3135,4633198,0.8949245994237087,0.8098312558192953,0.9998412409197149,0.8099354041817757,0.8155022895810691,0.8949245994237086,0.9958340143756403,0.13922452887886974,0.0001587590802850999,0.9,
HistoKit (no postprocessing),constant,c282e7fa-bbd4-0343-5231-dcd676a3dd4f_140949_1.png,4470987,5046922,2257764,46654,0.7950971298172783,0.6598848334527604,0.664460165044003,0.9896729288582249,0.8050791523530012,0.7950971298172783,0.6909156670115594,0.9908406196353996,0.33553983495599704,0.9,
HistoKit (no postprocessing),constant,3c8a2c44-1287-eab9-5fb8-1902a0075b0d_153549_11.png,12776011,2018547,55910,62318,0.9953943572812887,0.990830943958771,0.9956428971157163,0.9951459415006423,0.9920720380484237,0.9953943572812887,0.9730483688020528,0.9700518774644199,0.004357102884283655,0.9,
HistoKit (no postprocessing),constant,6875bf3f-1b6d-1a53-f365-0d72c060072a_140344_1.png,22810174,515658,6352,2340688,0.951070089536666,0.9067050906352349,0.9997216052960911,0.9069340844063317,0.9085789856312142,0.951070089536666,0.9878316507346603,0.18053064999828453,0.00027839470390891234,0.9,
HistoKit (no postprocessing),constant,b3ac8263-eb4f-ecee-6126-3ea976dfb769_143901_2.png,36934601,4768847,178442,256502,0.9941464369969342,0.9883610035926313,0.9951919329277311,0.9931031354461307,0.9896782012944395,0.9941464369969342,0.9639313571533824,0.9489583708514573,0.004808067072268905,0.9,
HistoKit (no postprocessing),constant,997c9bdf-d489-63a3-9c13-1b5273502c59_152111_4.png,4662994,2729277,89611,55609,0.9846672145728401,0.9697975173317993,0.9811448668677494,0.9882149441264714,0.9807336420036853,0.9846672145728401,0.9682105142169536,0.9800318576774777,0.01885513313225063,0.9,
HistoKit (no postprocessing),constant,cfd234aa-a9c1-9363-1732-dc841509f243_163200_1.png,8029702,1830721,4138,3065279,0.8395396663495361,0.7234539966640595,0.9994849287513816,0.7237238171025259,0.762609823478094,0.839539666349536,0.9977447858391298,0.373921772875817,0.0005150712486183444,0.9,
HistoKit (no postprocessing),constant,654bcee2-3394-aaf6-25f2-380d7ca46c60_144121_5.png,6304353,495827,519,1126625,0.9179414451963294,0.8483288091215,0.9999176827063262,0.8483880587454303,0.8578153233045602,0.9179414451963294,0.998954358451564,0.305603493970854,8.23172936738446e-05,0.9,
HistoKit (no postprocessing),constant,bffc0a6a-719c-940b-52f7-9a2879514091_151206_1.png,29159490,860367,47782,47861,0.9983626873702497,0.996730727561553,0.9983640375588655,0.998361337185286,0.9968241271106241,0.9983626873702498,0.9473852858947155,0.947302879893595,0.001635962441134523,0.9,
HistoKit (no postprocessing),constant,7a951edf-c71d-16ea-3e52-69a0dd7b54e1_133148_4.png,10253627,1820919,651,340109,0.9836550378371772,0.9678357983335892,0.9999365143016408,0.9678952732067327,0.9725532338872679,0.9836550378371772,0.9996426159851117,0.8426170322642742,6.34856983592604e-05,0.9,
HistoKit (no postprocessing),constant,997c9bdf-d489-63a3-9c13-1b5273502c59_152111_3.png,17017698,444232,211383,192191,0.9882814729941111,0.976834412550358,0.9877310345223869,0.9888325252998436,0.9774104329774296,0.9882814729941111,0.6775805922683282,0.6980137424323131,0.012268965477613112,0.9,
HistoKit (no postprocessing),constant,1cfd19dd-0b58-a07f-0753-c0e3d9e98b9b_133722_1.png,18656841,1040080,5824,4788230,0.8861479040335961,0.79557053152982,0.9996879331006584,0.7957681595419352,0.8042522194400182,0.886147904033596,0.9944316113142315,0.17845310218571078,0.00031206689934154633,0.9,
HistoKit (no postprocessing),constant,e0661871-0847-f23e-2d1f-8518496574c0_141209_1.png,30675651,2858600,327566,236110,0.9908959670469397,0.9819562053945656,0.9894344512700085,0.9923618068863822,0.9834689070687493,0.9908959670469398,0.8971911695749688,0.9237052906411263,0.010565548729991471,0.9,
HistoKit (no postprocessing),constant,8a46ca7f-3853-419d-26c8-1bf78b04ebee_163832_3.png,7183507,133900,5877,98454,0.9927905111791613,0.9856842317296296,0.9991825447075855,0.9864797408280545,0.985942511039867,0.9927905111791613,0.9579544560263848,0.5762758549454712,0.0008174552924144822,0.9,
HistoKit (no postprocessing),constant,e338d5a6-7427-4506-5755-323615d750be_135343_4.png,13099395,1588366,150068,367592,0.9806239227142828,0.9619844378979155,0.9886736541699841,0.972704213644819,0.9659555628219699,0.9806239227142828,0.9136763316870241,0.812065494248854,0.011326345830015903,0.9,
HistoKit (no postprocessing),constant,a796f488-e06e-b9c5-67ad-c084c09ace36_143658_1.png,27838518,3672003,512142,1024442,0.9731430383184982,0.9476909390816753,0.9819354470054665,0.9645066895425833,0.9535032191170755,0.9731430383184982,0.8775993661787533,0.7818686261629807,0.01806455299453346,0.9,
HistoKit (no postprocessing),constant,191c1954-41f1-2c63-fab4-33ae150d32f8_151532_1.png,37048545,1494826,36428,4578009,0.9413753337551183,0.8892437176004349,0.9990177153425459,0.8900219076505829,0.8930799034093668,0.9413753337551183,0.9762103478586831,0.24614961545966588,0.0009822846574541121,0.9,
HistoKit (no postprocessing),constant,6c5eefac-6637-5ca1-aed4-decff7ee7c9b_152621_4.png,8847217,813419,2316,1839924,0.9057034989681457,0.8276582243606948,0.9997382912748051,0.8278375853747976,0.8398452700003025,0.9057034989681456,0.9971608426756238,0.30656383287045813,0.0002617087251948775,0.9,
HistoKit (no postprocessing),constant,110ff982-b33a-42d4-9522-02719d6987c7_164031_1.png,19599715,654035,4471,1896209,0.9537548682959729,0.9115979032013133,0.9997719364629575,0.9117875091110296,0.9142076776518285,0.9537548682959729,0.9932103883639632,0.2564597740451502,0.00022806353704254797,0.9,
HistoKit (no postprocessing),constant,8b8e8141-b9e0-9b57-cdad-61702acf8a5e_150400_3.png,1536453,599865,1001,5334361,0.36546242341466756,0.22358765478989176,0.9993489236100722,0.22362022898596876,0.2859220416291918,0.36546242341466756,0.9983340711572963,0.10108563441972045,0.0006510763899277637,0.9,
HistoKit (no postprocessing),constant,538ad0bc-9add-9e27-6ee9-4f1bdd825510_142716_3.png,0,6843337,1736,0,0.0,0.0,0.0,,0.999746386926772,,0.999746386926772,1.0,1.0,0.9,
HistoKit (no postprocessing),constant,75867af4-ee91-110d-5a8d-03a78d8d262a_171204_2.png,18278785,406801,24276,2730856,0.929917511139275,0.8690147916814543,0.9986736644761224,0.8700189117938759,0.8715000122663803,0.9299175111392751,0.9436852348884306,0.12965120151756548,0.0013263355238776727,0.9,
HistoKit (no postprocessing),constant,22c86e01-80fd-7f77-3526-d5f72a54b219_141444_4.png,4636604,242149,14705,462739,0.9510346590156228,0.9066406885504399,0.9968385243809861,0.9092551726761663,0.9108613816855504,0.9510346590156228,0.9427495775810383,0.3435283335792353,0.0031614756190139165,0.9,
HistoKit (no postprocessing),constant,bffc0a6a-719c-940b-52f7-9a2879514091_151206_2.png,59803655,8746110,309201,589218,0.9925445951204528,0.9851995337095072,0.9948563249099327,0.9902435838745409,0.9870634630273414,0.9925445951204527,0.965854182147913,0.9368829890069208,0.005143675090067256,0.9,
HistoKit (no postprocessing),constant,654bcee2-3394-aaf6-25f2-380d7ca46c60_144121_3.png,6450095,1861472,858,572250,0.9574634213538511,0.9183979161644623,0.9998669963957263,0.9185101273150208,0.9354947704896353,0.9574634213538512,0.9995392868073865,0.7648663240912479,0.00013300360427366314,0.9,
HistoKit (no postprocessing),constant,778d67ae-3cb9-eeb7-6fac-a66f6e936029_142330_2.png,11021422,474464,45477,1902781,0.9187924756436783,0.8497836492496346,0.995890718800271,0.8527738228809931,0.8550850095030222,0.9187924756436782,0.9125343067771151,0.1995856548231251,0.0041092811997290295,0.9,
HistoKit (no postprocessing),constant,22c86e01-80fd-7f77-3526-d5f72a54b219_141444_1.png,35542931,830267,29705,1117047,0.9841241796953382,0.9687445650593384,0.9991649480235314,0.9695295234492503,0.9694362066047529,0.9841241796953382,0.9654581777081114,0.42636523950426075,0.0008350519764686542,0.9,
HistoKit (no postprocessing),constant,015b92ff-7984-c969-27c5-4144ab20b802_144644_9.png,1135113,9401365,3669,41441,0.9805168666664363,0.9617784096734261,0.9967781366407267,0.964777647264809,0.9957369347587527,0.9805168666664362,0.9996098897675436,0.9956113680615698,0.0032218633592733287,0.9,
HistoKit (no postprocessing),constant,d89a4519-168e-fe8e-eec5-c3f8080d7609_170312_2.png,21895709,524289,25391,2671091,0.9419960462830113,0.8903521040479883,0.9988417095857416,0.8912723268801798,0.8926409273910993,0.9419960462830111,0.9538076699170427,0.1640771989559927,0.0011582904142584086,0.9,
HistoKit (no postprocessing),constant,cfd234aa-a9c1-9363-1732-dc841509f243_163200_2.png,13303498,1898416,1065180,2203471,0.8905914573163888,0.8027623937004187,0.925867919094575,0.8579044686295562,0.8230345958556222,0.8905914573163888,0.6405785403948446,0.46281528477015577,0.07413208090542497,0.9,
HistoKit (no postprocessing),constant,4adc5212-3bb5-0299-1727-5490f70e71c6_162331_2.png,4985206,924098,5781,2952174,0.771204282799212,0.62760983945812,0.9988417120701777,0.6280669440041928,0.6664183373915209,0.7712042827992119,0.9937830620973266,0.23839864694737625,0.0011582879298222977,0.9,
HistoKit (no postprocessing),constant,31439255-cb2a-2a33-e39f-915211d58cf0_143129_7.png,8461154,1936529,1671410,1148067,0.8571822659399847,0.750060346801522,0.8350457001801321,0.8805244462584428,0.7866805728310772,0.8571822659399847,0.5367410590921853,0.6278063642694214,0.1649542998198679,0.9,
HistoKit (no postprocessing),constant,110ff982-b33a-42d4-9522-02719d6987c7_164031_3.png,5044248,209465,2295,890244,0.9187199567253906,0.8496595885956495,0.999545233241845,0.849988170849333,0.8547832077174837,0.9187199567253906,0.9891622591613147,0.19047311606979664,0.000454766758155038,0.9,
HistoKit (no postprocessing),constant,dfdc8007-a219-a302-d10c-929e29813dc8_163630_6.png,2531132,238887,14,39683,0.9922192662782017,0.9845586773760526,0.9999944689085497,0.9845640390304242,0.9858715258054551,0.9922192662782018,0.9999413983198061,0.8575474746024339,5.531091450275883e-06,0.9,
HistoKit (no postprocessing),constant,dad7b6f2-9f0b-8c2a-a00e-ff89c406e2d2_171435_2.png,6554787,1412660,12946,119695,0.9899834733086572,0.9801656182317028,0.9980288480058492,0.9820667731218692,0.9836247458052307,0.9899834733086571,0.9909189495554873,0.9218882047567306,0.0019711519941507977,0.9,
HistoKit (no postprocessing),constant,e04480a3-f748-c87a-3eb6-396b6ccbcb83_134430_3.png,25412138,1487438,40069,216129,0.9949844239894876,0.990018908900055,0.9984257160881962,0.9915667727357452,0.9905656159901758,0.9949844239894877,0.9737683689829245,0.87313149409445,0.0015742839118037975,0.9,
HistoKit (no postprocessing),constant,22c86e01-80fd-7f77-3526-d5f72a54b219_141444_2.png,30475044,578266,34296,434193,0.9923721938396587,0.984859873628522,0.9988758852207226,0.9859526458061711,0.9851376185731023,0.9923721938396586,0.9440121979489423,0.5711500416313154,0.0011241147792774278,0.9,
HistoKit (no postprocessing),constant,75867af4-ee91-110d-5a8d-03a78d8d262a_171204_5.png,7732468,145144,678,2484554,0.8615482596040327,0.7567718762539515,0.9999123254623669,0.7568220955186354,0.7601785764602844,0.8615482596040327,0.99535049580996,0.055194170585367595,8.767453763319612e-05,0.9,
HistoKit (no postprocessing),constant,191c1954-41f1-2c63-fab4-33ae150d32f8_151532_3.png,49115610,587326,3112,3889624,0.961882244358023,0.9265637150798858,0.9999366433027309,0.9266181147318395,0.9273684636326605,0.961882244358023,0.9947293365264431,0.13118886742090038,6.335669726911869e-05,0.9,
HistoKit (no postprocessing),constant,6520c4c0-cf13-4bc7-106a-ea8d45dc1109_165944_1.png,0,9043711,5851529,0,0.0,0.0,0.0,,0.6071544332283334,,0.6071544332283334,1.0,1.0,0.9,
HistoKit (no postprocessing),constant,098b4b43-88d6-52e4-6dfc-ff0d08e21e37_154649_2.png,44826326,723186,27582,307606,0.99627518562508,0.9925780167600227,0.999385070304242,0.9931845955721297,0.9926949941919637,0.99627518562508,0.9632616201010166,0.7015828605577071,0.0006149296957580597,0.9,
HistoKit (no postprocessing),constant,6875bf3f-1b6d-1a53-f365-0d72c060072a_140344_4.png,10022202,325955,13566,528887,0.9736505188723077,0.9486539787622028,0.9986482349930768,0.9498737049796471,0.9501907606644623,0.9736505188723077,0.9600437086365792,0.3813043813944565,0.001351765006923237,0.9,
HistoKit (no postprocessing),constant,00a8cbc5-e358-18d7-ac64-8f4f6e3173fd_135812_5.png,5804280,2990311,18006,91579,0.9906482638677027,0.9814698171162176,0.9969074002891648,0.9844672336974137,0.9876928533308417,0.9906482638677027,0.9940145935418375,0.9702847927732657,0.0030925997108352285,0.9,
HistoKit (no postprocessing),constant,2f6f5632-66e3-03e5-2957-29197ae74c65_142917_4.png,4145222,459643,1966,57061,0.9929304503243379,0.985960156023109,0.9995259438443591,0.9864214285425327,0.9873438321470566,0.9929304503243379,0.9957409842529067,0.8895673344893789,0.00047405615564088244,0.9,
HistoKit (no postprocessing),constant,8b8e8141-b9e0-9b57-cdad-61702acf8a5e_150400_1.png,4594929,222666,9089,663920,0.9317633503523874,0.8722443202634503,0.9980258548076919,0.8737518418954414,0.8774253251554838,0.9317633503523876,0.960781860154042,0.25114991664655206,0.00197414519230811,0.9,
HistoKit (no postprocessing),constant,ec461d09-d9f6-ab63-cb21-aeb55b7abbf3_142116_1.png,35874629,1674574,117541,127100,0.9966019203932822,0.9932268564674757,0.9967342619241907,0.9964696140010386,0.9935269616924916,0.9966019203932822,0.9344121331499373,0.9294544962074159,0.0032657380758092662,0.9,
HistoKit (no postprocessing),constant,0584763b-507d-517f-59c7-4dbcdbe7ec5e_135202_1.png,7369592,1058907,12971,61163,0.9949954493652267,0.9900407403496583,0.9982430221049248,0.991768938687926,0.9912810537629931,0.9949954493652265,0.9878988093794256,0.9453935914719616,0.0017569778950751926,0.9,
HistoKit (no postprocessing),constant,8a46ca7f-3853-419d-26c8-1bf78b04ebee_163832_4.png,24390531,720315,9107,78922,0.9981986773602971,0.9964038325783869,0.9996267567576207,0.9967746724865488,0.9965066297602572,0.9981986773602971,0.9875147719701353,0.901253320354288,0.0003732432423792517,0.9,
HistoKit (no postprocessing),constant,654bcee2-3394-aaf6-25f2-380d7ca46c60_144121_6.png,2218115,687899,176,720510,0.860248644732627,0.7547686964854035,0.9999206596429413,0.7548139010591688,0.801283260264152,0.860248644732627,0.9997442139301675,0.4884227521976926,7.934035705865461e-05,0.9,
HistoKit (no postprocessing),constant,302e8390-e88c-6502-e08e-b8e893212016_162708_2.png,48537521,2292856,71351,639622,0.9927292977426271,0.9855635585526737,0.99853214038787,0.9869935103794053,0.9862057745868124,0.9927292977426272,0.9698203245316506,0.7818834446498831,0.0014678596121300656,0.9,
HistoKit (no postprocessing),constant,34677a0d-5045-a6c6-f661-b69bd9d6f859_140044_1.png,7157611,157087,43930,42700,0.9939848013991534,0.9880415353382087,0.9938999166983844,0.9940697006004324,0.9882953437545262,0.9939848013991534,0.7814612694448728,0.7862723800847903,0.006100083301615585,0.9,
HistoKit (no postprocessing),constant,cfd234aa-a9c1-9363-1732-dc841509f243_163200_4.png,14917923,5521712,883899,2544325,0.8969391298178485,0.8131365675855535,0.9440634757181798,0.8542956783112918,0.8563665052655121,0.8969391298178484,0.8620117581289279,0.6845631875975774,0.05593652428182016,0.9,
HistoKit (no postprocessing),constant,cfd234aa-a9c1-9363-1732-dc841509f243_163200_3.png,10616300,879910,11707,5761907,0.7862116474378823,0.6477337220927456,0.9988984764500061,0.6481967165270289,0.6656819432554727,0.7862116474378823,0.986869922848039,0.13248031374547056,0.0011015235499938982,0.9,
HistoKit (no postprocessing),constant,745e05db-827a-cff7-7148-db0494ae96fc_133425_1.png,35131419,2186513,268953,131227,0.9943367830680541,0.9887373489721079,0.9924025374648605,0.9962785832917926,0.9893902430747329,0.994336783068054,0.8904676342494663,0.9433814836866948,0.0075974625351394615,0.9,
HistoKit (no postprocessing),constant,7530b966-b7ee-7dd8-6676-04339b0c22b7_154932_1.png,17056645,452083,223274,610823,0.9761327792547122,0.9533782891732495,0.9870789903586933,0.9654266814010927,0.9545273424349848,0.9761327792547123,0.6693985551345436,0.4253273572639537,0.012921009641306767,0.9,
HistoKit (no postprocessing),constant,73f410c7-98a8-a0f8-02ae-aabdcdcb9cee_162913_2.png,17022010,1359079,28588,33234,0.9981873486659558,0.9963812568515074,0.9983233432633858,0.9980513911146625,0.9966479261327021,0.9981873486659558,0.9793985156381178,0.9761303672378265,0.0016766567366141645,0.9,
HistoKit (no postprocessing),constant,91e6ffad-da04-5736-d731-feb79e91105c_134712_4.png,7986486,309925,30591,1728486,0.9007967437942451,0.8194997046348169,0.9961842701523261,0.8220801871585425,0.8250629904784332,0.9007967437942451,0.910162811732782,0.15204244875052186,0.0038157298476739093,0.9,
HistoKit (no postprocessing),constant,75867af4-ee91-110d-5a8d-03a78d8d262a_171204_3.png,17962397,330562,14296,3724970,0.9057265948064822,0.8276967990886228,0.9992047480590562,0.8282424048986675,0.8302819619897672,0.9057265948064822,0.9585452563083936,0.08150891177778896,0.0007952519409437542,0.9,
HistoKit (no postprocessing),constant,778d67ae-3cb9-eeb7-6fac-a66f6e936029_142330_1.png,16518938,348651,62670,1962589,0.9422396485653665,0.890787452268761,0.9962205113038495,0.8938080711620853,0.8928028743998787,0.9422396485653666,0.8476372468218253,0.15085019297000743,0.0037794886961505783,0.9,
HistoKit (no postprocessing),constant,e0661871-0847-f23e-2d1f-8518496574c0_141209_3.png,42644282,1701160,78893,99003,0.9979185285081422,0.9958457040648423,0.9981533909874442,0.9976837765277049,0.9960044325517552,0.9979185285081422,0.9556794095456709,0.9450033135888251,0.0018466090125558317,0.9,
HistoKit (no postprocessing),constant,e7510405-61bb-4166-6cb6-90d49adffbe4_135053_1.png,7507137,424796,1143797,23318,0.9278730027440784,0.8654506463496795,0.8677834092827433,0.996903507158598,0.8717321856088681,0.9278730027440784,0.27081339773924784,0.9479641341265839,0.13221659071725667,0.9,
HistoKit (no postprocessing),constant,22c86e01-80fd-7f77-3526-d5f72a54b219_141444_3.png,15907003,756759,19655,578718,0.9815387509815309,0.963746781654656,0.9987659055653735,0.9648958028587284,0.9653360954482165,0.9815387509815309,0.9746848974902564,0.5666582052704764,0.0012340944346265236,0.9,
HistoKit (no postprocessing),constant,91e6ffad-da04-5736-d731-feb79e91105c_134712_1.png,83431493,2992486,164665,2343136,0.9851934265381904,0.970818924809878,0.998030232442022,0.972682644887919,0.9718008455470024,0.9851934265381904,0.9478437996788877,0.5608504500506221,0.0019697675579779636,0.9,
HistoKit (no postprocessing),constant,6875bf3f-1b6d-1a53-f365-0d72c060072a_140344_3.png,7542779,629955,10717,1172805,0.9272532927491904,0.8643730029482137,0.9985811867776193,0.865435867521901,0.873504743777853,0.9272532927491904,0.9832722516357825,0.34943919323703654,0.0014188132223807361,0.9,
HistoKit (no postprocessing),constant,bc7dd6a2-14aa-d481-064a-28427e54cce1_153909_3.png,23777137,1281127,269942,2185774,0.950895491080882,0.906387764990716,0.9887744370116637,0.9158116745845641,0.9107466095417674,0.950895491080882,0.8259638997362464,0.3695308865179594,0.011225562988336338,0.9,
HistoKit (no postprocessing),constant,c4a5bf6f-509c-e7c4-3751-4f823d57d1f3_145315_3.png,21424437,1129865,80477,2961846,0.9337057388152242,0.8756548476381834,0.9962577390451317,0.8785445900057832,0.8811435882660311,0.9337057388152242,0.933508876003642,0.27613509360753974,0.0037422609548682685,0.9,
HistoKit (no postprocessing),constant,dad7b6f2-9f0b-8c2a-a00e-ff89c406e2d2_171435_1.png,23677160,1070435,27796,117445,0.9969422664769471,0.9939031754188001,0.9988274181989623,0.9950642172879104,0.9941653494202107,0.9969422664769471,0.9746902063409246,0.9011305855810351,0.001172581801037724,0.9,
HistoKit (no postprocessing),constant,7a951edf-c71d-16ea-3e52-69a0dd7b54e1_133148_1.png,12635322,2860523,215,316360,0.9876276120511572,0.9755576345302931,0.9999829844984032,0.9755738289436074,0.9799793453500476,0.9876276120511571,0.99992484456808,0.9004181142333539,1.70155015968059e-05,0.9,
HistoKit (no postprocessing),constant,778d67ae-3cb9-eeb7-6fac-a66f6e936029_142330_3.png,17832291,628953,7623,2606773,0.9317015203488452,0.8721359602169291,0.9995726997338664,0.8724612340369402,0.8759517623189617,0.9317015203488453,0.9880249962298295,0.19437770688865497,0.0004273002661335699,0.9,
HistoKit (no postprocessing),constant,7a951edf-c71d-16ea-3e52-69a0dd7b54e1_133148_5.png,5825620,2905511,291,360423,0.9699704144721167,0.9416918000224366,0.9999500507302634,0.9417360985043266,0.9603255444851952,0.9699704144721167,0.9998998555304182,0.889641676776077,4.9949269736527045e-05,0.9,
HistoKit (no postprocessing),constant,00a8cbc5-e358-18d7-ac64-8f4f6e3173fd_135812_2.png,8574272,5783801,124068,108419,0.9866240961194994,0.9736012987297598,0.9857365888203956,0.9875132029920217,0.9840659303001392,0.9866240961194994,0.9789995343498645,0.9815996347726323,0.014263411179604384,0.9,
HistoKit (no postprocessing),constant,0584763b-507d-517f-59c7-4dbcdbe7ec5e_135202_2.png,16996658,1478651,71927,155525,0.9933533928870328,0.9867945571643469,0.9957860010071133,0.9909326410521623,0.9878385870407048,0.9933533928870327,0.9536127818142653,0.9048297123443252,0.004213998992886639,0.9,
HistoKit (no postprocessing),constant,dad7b6f2-9f0b-8c2a-a00e-ff89c406e2d2_171435_3.png,5836996,593891,22960,253199,0.9768907522591137,0.9548254542866981,0.9960818818434815,0.9584251407385149,0.9588255395892618,0.9768907522591138,0.9627786937202015,0.7010955152345087,0.003918118156518581,0.9,
HistoKit (no postprocessing),constant,1d49a2ac-7490-df96-fb85-41e83b5a5b35_151838_1.png,0,6016711,218989,0,0.0,0.0,0.0,,0.964881408663021,,0.964881408663021,1.0,1.0,0.9,
HistoKit (no postprocessing),constant,3c8a2c44-1287-eab9-5fb8-1902a0075b0d_153549_25.png,37462478,2820917,70855,79484,0.9979974903861517,0.9960029848336007,0.9981122113509078,0.9978827957899483,0.996281842285454,0.9979974903861517,0.9754977225037105,0.9725955135169241,0.0018877886490922615,0.9,
HistoKit (no postprocessing),constant,6c5eefac-6637-5ca1-aed4-decff7ee7c9b_152621_1.png,35016121,359526,375548,223611,0.9915171015792253,0.9831769117075593,0.9893888022065306,0.993654577168748,0.9833450387473945,0.9915171015792253,0.48910177750811484,0.6165377947206231,0.010611197793469418,0.9,
HistoKit (no postprocessing),constant,2f6f5632-66e3-03e5-2957-29197ae74c65_142917_3.png,5407087,642598,5058,67093,0.993372327208677,0.9868319280892708,0.9990654352387085,0.9877437351347599,0.9882141566680323,0.993372327208677,0.9921902985535531,0.9054616727561714,0.0009345647612915027,0.9,
HistoKit (no postprocessing),constant,7a951edf-c71d-16ea-3e52-69a0dd7b54e1_133148_3.png,8626270,1490384,628,379966,0.9784159752883407,0.9577440050166184,0.9999272044250436,0.957810787991787,0.9637434497117721,0.9784159752883406,0.9995788095602182,0.7968476488357794,7.279557495637481e-05,0.9,
HistoKit (no postprocessing),constant,6875bf3f-1b6d-1a53-f365-0d72c060072a_140344_5.png,10427232,466583,23942,1532753,0.9305392907167362,0.870101428354829,0.9977091568851499,0.8718432339170994,0.8749693787644041,0.9305392907167362,0.9511910707914989,0.23336897850086227,0.002290843114850064,0.9,
HistoKit (no postprocessing),constant,e92b8137-1dab-8f48-a38e-05fbbeabd072_134925_1.png,5961616,32657,22327,390977,0.9664975646324058,0.935167186411751,0.9962688481491218,0.9384539510086669,0.9354976147770054,0.9664975646324058,0.5939364178670159,0.07708776915922706,0.0037311518508782587,0.9,
HistoKit (no postprocessing),constant,6875bf3f-1b6d-1a53-f365-0d72c060072a_140344_2.png,15808409,770263,12104,386374,0.9875535119213016,0.9754130450838585,0.9992349173506574,0.9761420699493164,0.9765285692828302,0.9875535119213017,0.9845289998172213,0.6659505099698523,0.0007650826493426604,0.9,
HistoKit (no postprocessing),constant,654bcee2-3394-aaf6-25f2-380d7ca46c60_144121_2.png,5385020,1832997,1039,44352,0.9958031261075032,0.9916413324884618,0.9998070945750873,0.9918310994347044,0.9937507296850184,0.9958031261075032,0.999433489855161,0.9763751971530067,0.00019290542491272376,0.9,
HistoKit (no postprocessing),constant,e75d7a32-60ad-6f71-61b5-c428fc2cae22_164833_1.png,39644418,11452452,63103,410011,0.9940684248567142,0.988206801953819,0.9984108048447548,0.9897636538521121,0.9908257873417219,0.9940684248567142,0.9945201946410747,0.9654362673249223,0.0015891951552452746,0.9,
HistoKit (no postprocessing),constant,098b4b43-88d6-52e4-6dfc-ff0d08e21e37_154649_3.png,45135079,6967671,83620,168643,0.9972132539407005,0.9944419966254028,0.9981507650186928,0.996277502320891,0.9951816839392247,0.9972132539407004,0.9881411786862859,0.976368332447255,0.00184923498130718,0.9,
HistoKit (no postprocessing),constant,59481929-3828-f3c5-2452-07bdbf0def53_144939_3.png,23718466,1218505,12742,179880,0.9959558302813417,0.9919442394256589,0.9994630698951356,0.9924731192694256,0.9923348539707746,0.9959558302813417,0.9896511422971995,0.871365897088427,0.0005369301048644469,0.9,
HistoKit (no postprocessing),constant,7530b966-b7ee-7dd8-6676-04339b0c22b7_154932_2.png,10276869,1301802,16140,2180697,0.9034381768372888,0.8238825734709476,0.9984319454107152,0.8249499942444616,0.8405258811508076,0.9034381768372888,0.9877536340749441,0.3738125983668624,0.0015680545892848242,0.9,
HistoKit (no postprocessing),constant,c4a5bf6f-509c-e7c4-3751-4f823d57d1f3_145315_1.png,22713999,1087065,43002,1313724,0.9710006625239469,0.9436358481101006,0.9981103837012618,0.9453246568557495,0.9460713361547258,0.9710006625239469,0.9619473889601236,0.4527948936787031,0.0018896162987381334,0.9,
HistoKit (no postprocessing),constant,d89a4519-168e-fe8e-eec5-c3f8080d7609_170312_1.png,15753463,508032,11749,324446,0.98944214670415,0.9791049008002531,0.9992547515377529,0.9798203858474382,0.9797444704654684,0.9894421467041501,0.97739624957434,0.610264775765846,0.0007452484622471299,0.9,
HistoKit (no postprocessing),constant,654bcee2-3394-aaf6-25f2-380d7ca46c60_144121_1.png,8565102,963591,10724,509683,0.9705162047931372,0.9427212058234712,0.9987495082106377,0.9438352533971879,0.9482135713645998,0.9705162047931372,0.9889932927236058,0.654047380188614,0.0012504917893623308,0.9,
HistoKit (no postprocessing),constant,34677a0d-5045-a6c6-f661-b69bd9d6f859_140044_3.png,4380119,132685,10354,9062,0.9977885233290514,0.995586806332942,0.9976417119522202,0.9979353779213024,0.995716006725181,0.9977885233290514,0.9276141471906263,0.9360691937042759,0.002358288047779818,0.9,
HistoKit (no postprocessing),constant,00a8cbc5-e358-18d7-ac64-8f4f6e3173fd_135812_1.png,0,9329696,28048,0,0.0,0.0,0.0,,0.9970026963763916,,0.9970026963763916,1.0,1.0,0.9,
HistoKit (no postprocessing),constant,6c5eefac-6637-5ca1-aed4-decff7ee7c9b_152621_2.png,36487317,953554,103531,4233026,0.9439077713859045,0.8937739960690649,0.9971705766425528,0.8960464060924045,0.8961985644496833,0.9439077713859046,0.9020599100356168,0.18385024428428753,0.0028294233574471957,0.9,
HistoKit (no postprocessing),constant,997c9bdf-d489-63a3-9c13-1b5273502c59_152111_5.png,1627172,4486995,131894,130667,0.9253431639467088,0.861059207835181,0.9250204369818984,0.9256661161801507,0.9588251215984123,0.9253431639467088,0.9714446482693132,0.9717027794585226,0.07497956301810166,0.9,
HistoKit (no postprocessing),constant,98188e68-f597-a02c-6cf5-9f993d1f10ac_162142_1.png,29112970,1203797,73068,185675,0.9955758843730076,0.9911907419223387,0.9974964741702865,0.9936626762090874,0.9915375736986889,0.9955758843730076,0.942775469607202,0.8663701031758826,0.0025035258297135088,0.9,
HistoKit (no postprocessing),constant,997c9bdf-d489-63a3-9c13-1b5273502c59_152111_1.png,11825871,1155834,65,49670,0.997901607566482,0.9958120031937738,0.9999945036063107,0.9958174537058986,0.9961834609222004,0.997901607566482,0.9999437667131816,0.9587973163091952,5.496393689260622e-06,0.9,
HistoKit (no postprocessing),constant,b3ac8263-eb4f-ecee-6126-3ea976dfb769_143901_1.png,31630757,1208316,37152,155455,0.9969646258278482,0.9939476228848716,0.9988268249728771,0.9951093574786452,0.9941690219813222,0.9969646258278481,0.9701702492557015,0.8860109211883813,0.0011731750271228832,0.9,
HistoKit (no postprocessing),constant,8a46ca7f-3853-419d-26c8-1bf78b04ebee_163832_1.png,8624132,1159713,93026,168393,0.9850700323929337,0.9705793146648981,0.9893284026743578,0.9808481636390002,0.973975895506579,0.9850700323929337,0.9257419143173479,0.8732081626014792,0.010671597325642141,0.9,
HistoKit (no postprocessing),constant,7ba3b133-6b39-da9f-5b13-68d3bea507d2_165139_1.png,22906844,2862779,3434,678075,0.9853423784826635,0.9711082414274537,0.9998501109414735,0.9712496362612058,0.9742351669486206,0.9853423784826635,0.998801903417506,0.8084995879525109,0.00014988905852648317,0.9,
HistoKit (no postprocessing),constant,7530b966-b7ee-7dd8-6676-04339b0c22b7_154932_3.png,23439811,887112,35293,1582990,0.966631898841816,0.935418751322427,0.9984965774805513,0.9367380973856604,0.9376268972387423,0.966631898841816,0.9617380651666025,0.3591398249950812,0.001503422519448689,0.9,
HistoKit (no postprocessing),constant,00a8cbc5-e358-18d7-ac64-8f4f6e3173fd_135812_4.png,10641863,1409705,18664,244180,0.9878011210136927,0.9758962803860755,0.9982492422747956,0.9775694437363512,0.9786555785205172,0.9878011210136927,0.9869333484554761,0.8523597468989682,0.001750757725204392,0.9,
HistoKit (no postprocessing),constant,302e8390-e88c-6502-e08e-b8e893212016_162708_1.png,14949254,4989036,338083,119661,0.9849209316090801,0.9702898643850022,0.977884768288944,0.9920590832186658,0.9775572054841642,0.9849209316090801,0.9365354894456084,0.9765770019243655,0.02211523171105602,0.9,
HistoKit (no postprocessing),constant,7a951edf-c71d-16ea-3e52-69a0dd7b54e1_133148_6.png,7817728,2661204,0,39290,0.9974934203080548,0.9949993750809786,1.0,0.9949993750809786,0.9962645777965136,0.9974934203080547,1.0,0.985450810111039,0.0,0.9,
HistoKit (no postprocessing),constant,c4a5bf6f-509c-e7c4-3751-4f823d57d1f3_145315_4.png,16446351,1071370,21728,7971806,0.8044932773953563,0.6729307850671147,0.9986805989939689,0.6735295788293932,0.6866663752920035,0.8044932773953564,0.9801225507685496,0.11847275780102035,0.0013194010060311224,0.9,
HistoKit (no postprocessing),constant,ec461d09-d9f6-ab63-cb21-aeb55b7abbf3_142116_2.png,39543569,1591194,91622,235865,0.9958762381614218,0.9917863474697033,0.9976883673904838,0.9940706798392355,0.9921015622644694,0.9958762381614218,0.945554356507188,0.870904552069747,0.0023116326095161243,0.9,
HistoKit (no postprocessing),constant,59481929-3828-f3c5-2452-07bdbf0def53_144939_1.png,25519546,888499,13668,109168,0.9975990740614779,0.995209649399966,0.9994646972370967,0.995740402737336,0.9953700745934521,0.997599074061478,0.9848498116202432,0.8905767154772083,0.0005353027629032522,0.9,
HistoKit (no postprocessing),constant,7a951edf-c71d-16ea-3e52-69a0dd7b54e1_133148_2.png,7960792,483415,22,339518,0.9791195245789898,0.9590932025369587,0.9999972364635074,0.9590957446167673,0.9613445150458,0.9791195245789898,0.9999544925191907,0.587429353300937,2.7635364926250003e-06,0.9,
HistoKit (no postprocessing),constant,e04480a3-f748-c87a-3eb6-396b6ccbcb83_134430_1.png,63596634,630805,666935,71356,0.9942290158443234,0.9885242580138237,0.9896218804778801,0.9988792484260929,0.9886356853066994,0.9942290158443233,0.4860796461540833,0.8983765831483093,0.010378119522119911,0.9,
HistoKit (no postprocessing),constant,dfdc8007-a219-a302-d10c-929e29813dc8_163630_1.png,3819623,375383,700,121486,0.984257286541968,0.9690025569478379,0.9998167694197585,0.9691746663185413,0.9716978072784347,0.984257286541968,0.998138708742485,0.7554969217238346,0.0001832305802415136,0.9,
HistoKit (no postprocessing),constant,d28668ca-fcc7-90f7-7049-f08e38cdd015_141933_2.png,11296419,784086,5207,196516,0.9911503889019841,0.9824560350707097,0.9995392698360395,0.9829011475310702,0.9835760254572704,0.991150388901984,0.993402956823385,0.7995965743492263,0.0004607301639604779,0.9,
HistoKit (no postprocessing),constant,7ba3b133-6b39-da9f-5b13-68d3bea507d2_165139_3.png,15220345,562705,7742,2292922,0.9297321668493002,0.8686911238958898,0.9994915973358965,0.8690751417197031,0.872777019145514,0.9297321668493002,0.9864281870182506,0.19705129556486195,0.0005084026641035082,0.9,
HistoKit (no postprocessing),constant,bb1fc306-b767-ee67-c337-445c06bd68ce_150126_2.png,27088244,9916346,293190,1091885,0.9750713456351111,0.9513553372545013,0.9892923796467343,0.961253371125448,0.9639206281169684,0.9750713456351111,0.9712827301847998,0.9008119469876676,0.010707620353265647,0.9,
HistoKit (no postprocessing),constant,e04480a3-f748-c87a-3eb6-396b6ccbcb83_134430_2.png,14569863,673671,15192,36426,0.9982317360927266,0.9964697146615996,0.998958385827136,0.99750614273071,0.9966252051630478,0.9982317360927266,0.977946267980716,0.9487027828592431,0.0010416141728639351,0.9,
HistoKit (no postprocessing),constant,e338d5a6-7427-4506-5755-323615d750be_135343_3.png,7679867,550096,7428,877099,0.9455483385793912,0.8967204217834911,0.9990337303303698,0.8974988331144473,0.9029537582464845,0.9455483385793912,0.9866768067383647,0.38543857006225496,0.0009662696696302145,0.9,
HistoKit (no postprocessing),constant,0584763b-507d-517f-59c7-4dbcdbe7ec5e_135202_6.png,12902118,555694,74528,17775,0.9964357013112833,0.9928967208311936,0.9942567594122549,0.9986242146123037,0.9931880282934868,0.9964357013112833,0.8817432587247034,0.969004427440716,0.005743240587745092,0.9,
HistoKit (no postprocessing),constant,e75d7a32-60ad-6f71-61b5-c428fc2cae22_164833_5.png,45236815,4880683,814389,60813,0.9904191221623939,0.981020088537875,0.982315576374507,0.9986574793717675,0.9828367197657704,0.9904191221623939,0.857001105517191,0.9876934029694652,0.017684423625493047,0.9,
HistoKit (no postprocessing),constant,110ff982-b33a-42d4-9522-02719d6987c7_164031_2.png,5730695,175568,5609,1181760,0.9061276288053239,0.8283668667997289,0.9990221926871379,0.8290390317188322,0.8326148015572277,0.9061276288053238,0.9690413242298967,0.1293482489125694,0.0009778073128620798,0.9,
HistoKit (no postprocessing),constant,31439255-cb2a-2a33-e39f-915211d58cf0_143129_8.png,7050509,4648350,430973,922278,0.9124351336190667,0.8389707702266604,0.9423947020122484,0.8843217559932305,0.8963193690522069,0.9124351336190667,0.915151487708106,0.8344391332539168,0.05760529798775162,0.9,
HistoKit (no postprocessing),constant,091684ab-dffb-81d6-97c1-29bfeceeac37_154424_1.png,0,6267842,20721,0,0.0,0.0,0.0,,0.996704970595031,,0.996704970595031,1.0,1.0,0.9,
HistoKit (no postprocessing),constant,015b92ff-7984-c969-27c5-4144ab20b802_144644_7.png,22062365,4743128,150192,803695,0.9788394794809255,0.9585559369092761,0.9932384191518338,0.9648520558417147,0.9656373089024323,0.9788394794809255,0.969306728356208,0.8551071487227914,0.0067615808481661975,0.9,
HistoKit (no postprocessing),constant,31439255-cb2a-2a33-e39f-915211d58cf0_143129_5.png,4079593,237497,4515,1387293,0.8542761099001842,0.7456212768905076,0.9988944954442929,0.7462370717077327,0.7562037366931411,0.8542761099001842,0.9813439003024643,0.14617088977652495,0.0011055045557071459,0.9,
HistoKit (no postprocessing),constant,dfdc8007-a219-a302-d10c-929e29813dc8_163630_4.png,1845057,706385,751,120743,0.9681252636682471,0.9382197563144815,0.9995931321134159,0.9385781869976599,0.9545466109177324,0.9681252636682471,0.9989379694995022,0.8540213848400732,0.00040686788658408674,0.9,
HistoKit (no postprocessing),constant,8a22c195-cd7e-901b-eb5d-b1439c8b19ac_152323_2.png,2679007,490605,11711,31501,0.9919995941662134,0.9841261852922193,0.9956476301121113,0.9883781933128403,0.9865501502727818,0.9919995941662133,0.9766859904920409,0.9396655085365807,0.00435236988788866,0.9,
HistoKit (no postprocessing),constant,bc7dd6a2-14aa-d481-064a-28427e54cce1_153909_1.png,22498374,491999,13930,2485280,0.9473805749954554,0.9000219381200999,0.9993812272613234,0.9005237584542277,0.9019517110185757,0.9473805749954554,0.9724664923339046,0.16525122435619907,0.0006187727386765922,0.9,
HistoKit (no postprocessing),constant,bc7dd6a2-14aa-d481-064a-28427e54cce1_153909_2.png,11556421,456004,7544,2488539,0.9025307387951661,0.8223745035048557,0.9993476286031651,0.8228162273157061,0.8279572923694153,0.9025307387951662,0.9837255257276485,0.1548640994544824,0.0006523713968349091,0.9,
HistoKit (no postprocessing),constant,e338d5a6-7427-4506-5755-323615d750be_135343_2.png,6369273,922213,125,56409,0.9955815829209352,0.9912020389034405,0.9999803749114123,0.9912213209430532,0.9923062267114134,0.9955815829209352,0.9998644748454472,0.9423587452560845,1.9625088587649883e-05,0.9,
HistoKit (no postprocessing),constant,7ba3b133-6b39-da9f-5b13-68d3bea507d2_165139_2.png,10114243,5182254,69229,266760,0.9836616786959064,0.9678486563743274,0.9932018274317443,0.9743030610818627,0.9785070013816101,0.9836616786959065,0.9868172476231952,0.951044354079472,0.006798172568255699,0.9,
HistoKit (no postprocessing),constant,00a8cbc5-e358-18d7-ac64-8f4f6e3173fd_135812_3.png,6480726,2157239,3053,103305,0.9918610692992934,0.9838535534084581,0.9995291326246623,0.984309764033614,0.9878369085862908,0.9918610692992934,0.9985867651224927,0.9543008231646896,0.0004708673753377467,0.9,
HistoKit (no postprocessing),constant,d28668ca-fcc7-90f7-7049-f08e38cdd015_141933_3.png,1780748,1617291,23381,93025,0.9683498907801241,0.9386417760498094,0.9870402837047684,0.9503541784410385,0.966877842731925,0.9683498907801242,0.9857491320629596,0.9456094663208436,0.01295971629523166,0.9,
HistoKit (no postprocessing),constant,73f410c7-98a8-a0f8-02ae-aabdcdcb9cee_162913_1.png,14963178,3072585,43195,58454,0.9966148600281637,0.9932525610815179,0.9971215562881184,0.9961086784711541,0.994395617191692,0.9966148600281637,0.9861366977129322,0.981330797859752,0.002878443711881612,0.9,
HistoKit (no postprocessing),constant,098b4b43-88d6-52e4-6dfc-ff0d08e21e37_154649_1.png,38428508,1900584,120606,1095262,0.9844265007553711,0.969330630907143,0.9968713677829275,0.9722885240957531,0.970733682256524,0.9844265007553711,0.940329211998872,0.6344064414525981,0.003128632217072486,0.9,
HistoKit (no postprocessing),constant,191c1954-41f1-2c63-fab4-33ae150d32f8_151532_2.png,29174709,442335,296,1367649,0.9770930106207134,0.9552119799412323,0.9999898543290738,0.9552212373386495,0.955851364026626,0.9770930106207134,0.9993312714202123,0.24438613822000638,1.0145670926191786e-05,0.9,
HistoKit (no postprocessing),constant,6c5eefac-6637-5ca1-aed4-decff7ee7c9b_152621_3.png,19261329,753775,131260,1462391,0.9602742365953957,0.9235841511236165,0.9932314349569312,0.9294339529775543,0.92624975386134,0.9602742365953957,0.8516894812069579,0.3401256945553717,0.006768565043068772,0.9,
HistoKit (no postprocessing),constant,31439255-cb2a-2a33-e39f-915211d58cf0_143129_4.png,9502034,372010,41885,1547237,0.9228326451608517,0.8567216979005615,0.9956113416302045,0.8599693138126489,0.8613714570651773,0.9228326451608517,0.8988028364681864,0.19383122651748316,0.004388658369795469,0.9,
HistoKit (no postprocessing),constant,d89a4519-168e-fe8e-eec5-c3f8080d7609_170312_3.png,18964611,4590899,37699,2834368,0.9296084248710867,0.868475094975527,0.9980160833077663,0.8699770296581322,0.8913231054061445,0.9296084248710867,0.9918552010781666,0.6182806625000825,0.0019839166922337335,0.9,
HistoKit (no postprocessing),constant,8a22c195-cd7e-901b-eb5d-b1439c8b19ac_152323_1.png,13786541,4721718,173031,241458,0.9851902474852141,0.9708127509060962,0.9876048492031131,0.9827874239226849,0.9780957290135661,0.9851902474852141,0.9646496684508236,0.9513501032403445,0.012395150796886896,0.9,
HistoKit (no postprocessing),constant,bb1fc306-b767-ee67-c337-445c06bd68ce_150126_1.png,27442897,4534413,761329,168961,0.983332940376111,0.9672123543964236,0.9730065629172026,0.9938808536535282,0.971730238607495,0.983332940376111,0.8562375206345022,0.9640766394507432,0.02699343708279745,0.9,
HistoKit (no postprocessing),constant,e338d5a6-7427-4506-5755-323615d750be_135343_5.png,4552374,150489,39881,230197,0.9711911453076569,0.9439957100661656,0.9913155954972013,0.951867520628549,0.9456904877817774,0.9711911453076569,0.7905079581866891,0.3953100455493504,0.008684404502798735,0.9,
HistoKit (no postprocessing),constant,745e05db-827a-cff7-7148-db0494ae96fc_133425_4.png,24789711,4736829,113204,932224,0.9793495091837309,0.9595346477524275,0.9954541867889763,0.9637576255441125,0.965804360386613,0.979349509183731,0.9766591278863463,0.8355591313046464,0.004545813211023689,0.9,
HistoKit (no postprocessing),gaussian,1d49a2ac-7490-df96-fb85-41e83b5a5b35_151838_3.png,0,6120167,69268,0,0.0,0.0,0.0,,0.9888086715507959,,0.9888086715507959,1.0,1.0,0.75,0.75
HistoKit (no postprocessing),constant,e0661871-0847-f23e-2d1f-8518496574c0_141209_2.png,42852768,3074551,120986,517473,0.9926056351689542,0.9853198209376801,0.9971846536842,0.9880684776457663,0.9862890941068353,0.9926056351689543,0.9621390708353557,0.8559383233519597,0.002815346315800104,0.9,
HistoKit (no postprocessing),constant,bb1fc306-b767-ee67-c337-445c06bd68ce_150126_3.png,30628719,1740733,137811,4567877,0.9286618405561919,0.8668241977288595,0.9955207493337728,0.8702182165570784,0.8730769998441004,0.928661840556192,0.9266394611997377,0.275929721444185,0.0044792506662272285,0.9,
HistoKit (no postprocessing),constant,1cfd19dd-0b58-a07f-0753-c0e3d9e98b9b_133722_2.png,19773619,766816,792,4472323,0.8983852991819489,0.8155168032115171,0.9999599482381548,0.8155434422799493,0.8211723246000667,0.8983852991819488,0.9989682233640087,0.14636298063479514,4.0051761845144215e-05,0.9,
HistoKit (no postprocessing),constant,d28668ca-fcc7-90f7-7049-f08e38cdd015_141933_1.png,23123493,3882256,27836,91499,0.9974262568729574,0.9948657280430764,0.9987976500182776,0.9960586245302173,0.9956005666194435,0.9974262568729573,0.9928809859205359,0.9769741717846219,0.0012023499817224316,0.9,
HistoKit (no postprocessing),gaussian,538ad0bc-9add-9e27-6ee9-4f1bdd825510_142716_4.png,0,6987044,2932,0,0.0,0.0,0.0,,0.9995805421935641,,0.9995805421935641,1.0,1.0,0.75,0.75
HistoKit (no postprocessing),constant,dfdc8007-a219-a302-d10c-929e29813dc8_163630_5.png,11870643,379572,7,172358,0.9927921922085423,0.9856875458357247,0.9999994103103031,0.9856881187670747,0.9861248629511744,0.9927921922085423,0.9999815585161456,0.6877176453535775,5.896896968573752e-07,0.9,
HistoKit (no postprocessing),gaussian,110ff982-b33a-42d4-9522-02719d6987c7_164031_4.png,11975716,433179,16698,2878060,0.8921724833207245,0.8053351897189021,0.9986076197836399,0.8062405141965249,0.8108452929506439,0.8921724833207245,0.9628831880714062,0.13082081963881192,0.001392380216360109,0.75,0.75
HistoKit (no postprocessing),gaussian,4adc5212-3bb5-0299-1727-5490f70e71c6_162331_3.png,4308715,237388,4910,1162043,0.8807331029457861,0.786883901653643,0.9988617462111333,0.787590129192335,0.7957392680904931,0.8807331029457861,0.9797356973644025,0.16963180035314354,0.0011382537888666724,0.75,0.75
HistoKit (no postprocessing),gaussian,4adc5212-3bb5-0299-1727-5490f70e71c6_162331_1.png,5793019,613656,16660,3255283,0.7797854903704615,0.6390560710568891,0.9971323716852515,0.6402327199070058,0.6619410953092684,0.7797854903704615,0.9735688131032688,0.15861092666490736,0.002867628314748543,0.75,0.75
HistoKit (no postprocessing),gaussian,dfdc8007-a219-a302-d10c-929e29813dc8_163630_7.png,2243578,428385,33895,142702,0.9621341438965572,0.9270313097193384,0.9851172769117351,0.940198970782976,0.9380048164686718,0.9621341438965572,0.9266786363243056,0.750122135506499,0.014882723088264932,0.75,0.75
HistoKit (no postprocessing),constant,a796f488-e06e-b9c5-67ad-c084c09ace36_143658_2.png,37873678,3115133,2978,3464291,0.9562294336430931,0.9161299086835142,0.9999213763749366,0.9161959069638859,0.9220068661024544,0.9562294336430931,0.9990449345773771,0.4734659143414378,7.862362506341637e-05,0.9,
HistoKit (no postprocessing),constant,745e05db-827a-cff7-7148-db0494ae96fc_133425_2.png,28706897,4377571,129158,209160,0.9941418938929887,0.9883520228719257,0.9955209545827264,0.9927666486478429,0.9898776242052353,0.9941418938929888,0.971341076865283,0.9543988954224697,0.004479045417273618,0.9,
HistoKit (no postprocessing),gaussian,2f6f5632-66e3-03e5-2957-29197ae74c65_142917_2.png,23548960,1058902,16981,106491,0.9973852528531983,0.9947841438513795,0.9992794261854427,0.995498246894553,0.9950074670456515,0.9973852528531985,0.9842166852715397,0.9086222415957536,0.0007205738145572035,0.75,0.75
HistoKit (no postprocessing),constant,745e05db-827a-cff7-7148-db0494ae96fc_133425_3.png,49010073,5114904,371918,571745,0.9904645646773762,0.9811092607768116,0.9924685499213671,0.9884686559899841,0.982863876790856,0.9904645646773762,0.9322161353147597,0.8994583629128508,0.007531450078632917,0.9,
HistoKit (no postprocessing),gaussian,015b92ff-7984-c969-27c5-4144ab20b802_144644_8.png,19298513,4873602,77478,1273723,0.966176196004894,0.9345656312721813,0.9960013400088801,0.9380853398726322,0.9470601312149252,0.9661761960048941,0.984351293051213,0.7928004457223263,0.003998659991119938,0.75,0.75
HistoKit (no postprocessing),gaussian,34677a0d-5045-a6c6-f661-b69bd9d6f859_140044_2.png,23271916,1124736,59965,43390,0.9977843251298304,0.9955784469835666,0.9974299114589176,0.9981389907556865,0.9957814297767343,0.9977843251298306,0.9493838529721845,0.9628550344740208,0.0025700885410824786,0.75,0.75
HistoKit (no postprocessing),gaussian,91e6ffad-da04-5736-d731-feb79e91105c_134712_2.png,6761055,190492,986,944711,0.934634392067851,0.8772898102858376,0.9998541860364348,0.8774020648953005,0.880249742821673,0.9346343920678509,0.9948505833568347,0.1678043486495367,0.00014581396356514253,0.75,0.75
HistoKit (no postprocessing),gaussian,59481929-3828-f3c5-2452-07bdbf0def53_144939_2.png,22532560,2394785,5662,278033,0.9937441584747032,0.9875661014482876,0.999748782312997,0.9878112331406729,0.9887471917064905,0.9937441584747033,0.997641272646303,0.8959775787202869,0.0002512176870029943,0.75,0.75
HistoKit (no postprocessing),gaussian,8a22c195-cd7e-901b-eb5d-b1439c8b19ac_152323_3.png,3876315,438470,106299,2725,0.9861321803274476,0.9726437324403269,0.9733092386055993,0.9992975065995711,0.9753551746922166,0.9861321803274476,0.8048732582066894,0.9938235927424381,0.026690761394400762,0.75,0.75
HistoKit (no postprocessing),gaussian,654bcee2-3394-aaf6-25f2-380d7ca46c60_144121_7.png,5255205,321883,19,504731,0.9541767890797773,0.9123691070503155,0.9999963845499259,0.9123721166346292,0.9170069968979773,0.9541767890797773,0.9999409758249405,0.3893994052846915,3.6154500740596403e-06,0.75,0.75
HistoKit (no postprocessing),gaussian,8b8e8141-b9e0-9b57-cdad-61702acf8a5e_150400_2.png,14511898,501507,8351,1761144,0.9425363466347264,0.8913179603244022,0.9994248721216833,0.891775366892066,0.894565599509024,0.9425363466347265,0.9836209297490673,0.22164575977470674,0.0005751278783166873,0.75,0.75
HistoKit (no postprocessing),gaussian,8b8e8141-b9e0-9b57-cdad-61702acf8a5e_150400_5.png,2334172,227522,15,1593877,0.7454755777329376,0.5942296255865485,0.99999357377965,0.5942318947650602,0.6164459115994712,0.7454755777329376,0.9999340766556648,0.12491606726477834,6.426220349954823e-06,0.75,0.75
HistoKit (no postprocessing),gaussian,1cfd19dd-0b58-a07f-0753-c0e3d9e98b9b_133722_4.png,19589770,749382,3141,4787195,0.8910541389746016,0.8035145540384443,0.9998396869153339,0.8036180878136389,0.8093739116371969,0.8910541389746016,0.9958260411974119,0.13535113843806382,0.0001603130846661836,0.75,0.75
HistoKit (no postprocessing),gaussian,c282e7fa-bbd4-0343-5231-dcd676a3dd4f_140949_1.png,4471300,5048804,2255882,46341,0.7952637404786185,0.6601143895134038,0.6646616666532881,0.9897422128053115,0.8052648180007201,0.7952637404786185,0.6911733098452144,0.9909048712058244,0.33533833334671187,0.75,0.75
HistoKit (no postprocessing),gaussian,6875bf3f-1b6d-1a53-f365-0d72c060072a_140344_1.png,22745458,512429,9581,2405404,0.9495889869600824,0.904016594620373,0.9995789504030295,0.904360971802875,0.90593241768977,0.9495889869600825,0.9816459454799716,0.17561971504195065,0.0004210495969705875,0.75,0.75
HistoKit (no postprocessing),gaussian,3c8a2c44-1287-eab9-5fb8-1902a0075b0d_153549_11.png,12777243,2016227,58230,61086,0.9953526166478965,0.9907482298185121,0.9954633537852481,0.995241904145002,0.9919990805205681,0.9953526166478964,0.9719300038516103,0.9705937429746986,0.004536646214751883,0.75,0.75
HistoKit (no postprocessing),gaussian,7a951edf-c71d-16ea-3e52-69a0dd7b54e1_133148_4.png,10255068,1820919,651,338668,0.9837252820277557,0.9679718137538302,0.9999365232218238,0.9680312969853129,0.972669300297552,0.9837252820277557,0.9996426159851117,0.8431792745557368,6.347677817615713e-05,0.75,0.75
HistoKit (no postprocessing),gaussian,bffc0a6a-719c-940b-52f7-9a2879514091_151206_1.png,29070098,858955,49194,137253,0.9968033990915609,0.9936271695786362,0.9983106045298079,0.9953007378176816,0.9938089355979479,0.9968033990915609,0.945830474955101,0.862224555514511,0.0016893954701920637,0.75,0.75
HistoKit (no postprocessing),gaussian,cfd234aa-a9c1-9363-1732-dc841509f243_163200_1.png,7905584,1826075,8784,3189397,0.8317574683909481,0.7119732811348223,0.9988901198427973,0.712536957025884,0.7526511542292866,0.8317574683909481,0.9952127111674521,0.3640883649634571,0.0011098801572026976,0.75,0.75
HistoKit (no postprocessing),gaussian,997c9bdf-d489-63a3-9c13-1b5273502c59_152111_4.png,4657302,2740199,78689,61301,0.985193441410599,0.9708189536930418,0.9833848924121689,0.9870086548921365,0.9814275068454477,0.9851934414105988,0.9720850917099225,0.9781185079421738,0.016615107587831142,0.75,0.75
HistoKit (no postprocessing),gaussian,654bcee2-3394-aaf6-25f2-380d7ca46c60_144121_5.png,6609435,495284,1062,821543,0.9414160549372484,0.8893163922691482,0.9998393464213053,0.8894434891342701,0.8962316918041953,0.9414160549372483,0.9978603635367264,0.3761192624391815,0.00016065357869461252,0.75,0.75
HistoKit (no postprocessing),gaussian,b3ac8263-eb4f-ecee-6126-3ea976dfb769_143901_2.png,36906713,4774844,172445,284390,0.9938490185190005,0.9877732435902501,0.9953492741124272,0.9923532786860342,0.9891586987942017,0.9938490185190005,0.9651435361871926,0.9437879331139852,0.004650725887572744,0.75,0.75
HistoKit (no postprocessing),gaussian,1cfd19dd-0b58-a07f-0753-c0e3d9e98b9b_133722_1.png,18883864,1041219,4685,4561207,0.8921450138211663,0.8052904260496356,0.9997519661250845,0.8054513462552534,0.8135683859054202,0.8921450138211662,0.9955206213954627,0.1858514507822147,0.00024803387491543154,0.75,0.75
HistoKit (no postprocessing),gaussian,997c9bdf-d489-63a3-9c13-1b5273502c59_152111_3.png,17026636,448330,207285,183253,0.9886615911538241,0.977577418701794,0.9879722670192117,0.9893518778651041,0.9781401073263872,0.988661591153824,0.6838312119155296,0.7098512784542966,0.012027732980788295,0.75,0.75
HistoKit (no postprocessing),gaussian,e338d5a6-7427-4506-5755-323615d750be_135343_4.png,13138450,1589187,149247,328537,0.9821420428662136,0.964910708790698,0.9887680310591068,0.9756042684232189,0.9685780485788588,0.9821420428662136,0.9141485958051901,0.8286838982043297,0.01123196894089322,0.75,0.75
HistoKit (no postprocessing),gaussian,8a46ca7f-3853-419d-26c8-1bf78b04ebee_163832_3.png,7119752,126093,13684,162209,0.9877982548798344,0.9758906854705787,0.9980817098520264,0.9777245442539447,0.9763002951599746,0.9877982548798344,0.9021012040607539,0.43736429161088025,0.0019182901479735711,0.75,0.75
HistoKit (no postprocessing),gaussian,a796f488-e06e-b9c5-67ad-c084c09ace36_143658_1.png,27861691,3668239,515906,1001269,0.9734947547767573,0.9483582858507881,0.9818199546635327,0.9653095524506149,0.9540905322871701,0.9734947547767574,0.8766997797638466,0.7855729126066386,0.018180045336467356,0.75,0.75
HistoKit (no postprocessing),gaussian,e0661871-0847-f23e-2d1f-8518496574c0_141209_1.png,30567931,2850710,335456,343830,0.9890110106991897,0.9782609120037794,0.9891450086037494,0.9888770490946795,0.9800783783717996,0.9890110106991898,0.8947148390887355,0.8923694804259769,0.010854991396250515,0.75,0.75
HistoKit (no postprocessing),gaussian,6c5eefac-6637-5ca1-aed4-decff7ee7c9b_152621_4.png,8474125,813507,2228,2213016,0.8844029173385605,0.7927619488110103,0.9997371511073218,0.7929272197307026,0.8074182491404758,0.8844029173385606,0.9972687208468436,0.26879260458288273,0.00026284889267825444,0.75,0.75
HistoKit (no postprocessing),gaussian,75867af4-ee91-110d-5a8d-03a78d8d262a_171204_2.png,18299596,409140,21937,2710045,0.9305390172182504,0.8701009501046474,0.9988026656939678,0.8710094570392707,0.8725797335704896,0.9305390172182503,0.949111179673237,0.1311688790501365,0.0011973343060321425,0.75,0.75
HistoKit (no postprocessing),gaussian,538ad0bc-9add-9e27-6ee9-4f1bdd825510_142716_3.png,0,6843337,1736,0,0.0,0.0,0.0,,0.999746386926772,,0.999746386926772,1.0,1.0,0.75,0.75
HistoKit (no postprocessing),gaussian,110ff982-b33a-42d4-9522-02719d6987c7_164031_1.png,19501320,654144,4362,1994604,0.9512466414120462,0.9070260739787368,0.9997763728538177,0.9072101296971463,0.9097712737362235,0.9512466414120462,0.9933759145702545,0.246963471043678,0.0002236271461823278,0.75,0.75
HistoKit (no postprocessing),gaussian,8b8e8141-b9e0-9b57-cdad-61702acf8a5e_150400_3.png,1795566,597402,3464,5075248,0.4142095290295881,0.2612006671827936,0.9980745179346648,0.26133235450704967,0.32027174611332393,0.4142095290295881,0.9942349875013731,0.1053126845477863,0.0019254820653352084,0.75,0.75
HistoKit (no postprocessing),gaussian,191c1954-41f1-2c63-fab4-33ae150d32f8_151532_1.png,37476060,1495580,35674,4150494,0.9471031266180537,0.8995212642012328,0.9990489909104175,0.900292154858651,0.9030032294503928,0.9471031266180537,0.9767027547356611,0.26488848711511753,0.0009510090895824757,0.75,0.75
HistoKit (no postprocessing),gaussian,22c86e01-80fd-7f77-3526-d5f72a54b219_141444_4.png,4602413,242299,14555,496930,0.9473581074134,0.8999813840635852,0.996847498184956,0.9025501912697381,0.9045059395686903,0.9473581074134,0.9433335669290726,0.32777258467944304,0.0031525018150439857,0.75,0.75
HistoKit (no postprocessing),gaussian,654bcee2-3394-aaf6-25f2-380d7ca46c60_144121_3.png,6458103,1859474,2856,564242,0.9579407243209824,0.9192766157153368,0.9995579603585164,0.9196504871236033,0.9361712161671643,0.9579407243209825,0.9984664372050066,0.7671996223980038,0.000442039641483563,0.75,0.75
HistoKit (no postprocessing),gaussian,bffc0a6a-719c-940b-52f7-9a2879514091_151206_2.png,59318519,8755129,300182,1074354,0.9885466380100972,0.9773526641557259,0.9949649691294012,0.9822105830269078,0.9802077474048854,0.9885466380100972,0.9668501722359397,0.8907008639213273,0.005035030870598808,0.75,0.75
HistoKit (no postprocessing),gaussian,778d67ae-3cb9-eeb7-6fac-a66f6e936029_142330_2.png,10990511,468979,50962,1933692,0.9171876478677254,0.8470420992719553,0.9953844926306481,0.850382108668519,0.8523778085090431,0.9171876478677254,0.9019850329171963,0.19519068569937373,0.004615507369351897,0.75,0.75
HistoKit (no postprocessing),gaussian,22c86e01-80fd-7f77-3526-d5f72a54b219_141444_1.png,35264002,821145,38827,1395976,0.980061881132569,0.9609032773682957,0.9989001731277684,0.9619209809673099,0.9617589309154196,0.980061881132569,0.9548508556092524,0.37036544239128133,0.0010998268722316844,0.75,0.75
HistoKit (no postprocessing),gaussian,d89a4519-168e-fe8e-eec5-c3f8080d7609_170312_2.png,22139698,521511,28169,2427102,0.9474636034102907,0.9001718196920679,0.9987292868547073,0.9012039826106778,0.9022446218578399,0.9474636034102907,0.948753820404599,0.17686654708501928,0.0012707131452926888,0.75,0.75
HistoKit (no postprocessing),gaussian,cfd234aa-a9c1-9363-1732-dc841509f243_163200_2.png,13394380,1916551,1047045,2112589,0.8944973810615687,0.8091318516463741,0.9274971133388845,0.863765188413029,0.8289367975478823,0.8944973810615687,0.646697795515988,0.47567247601225077,0.07250288666111551,0.75,0.75
HistoKit (no postprocessing),gaussian,015b92ff-7984-c969-27c5-4144ab20b802_144644_9.png,1131099,9401351,3683,45455,0.9787404341039122,0.9583659892038633,0.9967544427035325,0.9613659891513692,0.9953562735574283,0.9787404341039122,0.9996084012030153,0.9951883207932924,0.0032455572964675155,0.75,0.75
HistoKit (no postprocessing),gaussian,31439255-cb2a-2a33-e39f-915211d58cf0_143129_7.png,8240268,1917402,1690537,1368953,0.8434244662724605,0.729242874050931,0.8297683823214734,0.8575375673012412,0.7685213767556722,0.8434244662724606,0.5314396945181169,0.5834433589797815,0.17023161767852657,0.75,0.75
HistoKit (no postprocessing),gaussian,110ff982-b33a-42d4-9522-02719d6987c7_164031_3.png,5231736,210227,1533,702756,0.9369355236022691,0.8813534309575852,0.9997070664626642,0.8815811024768422,0.885411629721658,0.9369355236022691,0.992760672459388,0.2302638712878553,0.00029293353733584113,0.75,0.75
HistoKit (no postprocessing),gaussian,4adc5212-3bb5-0299-1727-5490f70e71c6_162331_2.png,5020583,923439,6440,2916797,0.774518194165979,0.6320111734656626,0.9987189237049443,0.6325239562676853,0.6703336397414353,0.7745181941659789,0.9930743677403189,0.24046412772548353,0.0012810762950557417,0.75,0.75
HistoKit (no postprocessing),gaussian,dfdc8007-a219-a302-d10c-929e29813dc8_163630_6.png,2529125,238884,17,41690,0.9918220879117217,0.983776847339694,0.999993278352896,0.9837833527500034,0.9851561510131273,0.9918220879117216,0.9999288408169075,0.85141174877216,6.721647104037654e-06,0.75,0.75
HistoKit (no postprocessing),gaussian,dad7b6f2-9f0b-8c2a-a00e-ff89c406e2d2_171435_2.png,6551689,1412528,13078,122793,0.9897372577553304,0.9796830234046499,0.9980078500882057,0.9816026172517958,0.9832259847053514,0.9897372577553304,0.9908263573525925,0.9200212854510555,0.00199214991179428,0.75,0.75
HistoKit (no postprocessing),gaussian,e04480a3-f748-c87a-3eb6-396b6ccbcb83_134430_3.png,25403679,1485042,42465,224588,0.9947712955515042,0.9895969853917683,0.9983311813373374,0.9912367074995746,0.9901658851631333,0.9947712955515042,0.9721998000663826,0.8686335639875294,0.0016688186626626022,0.75,0.75
HistoKit (no postprocessing),gaussian,191c1954-41f1-2c63-fab4-33ae150d32f8_151532_3.png,48775968,587824,2614,4229266,0.9584228596813466,0.9201650291481367,0.9999464109063277,0.9202104079004726,0.9210406392516172,0.9584228596813466,0.9955727781748465,0.1220288597472748,5.358909367230068e-05,0.75,0.75
HistoKit (no postprocessing),gaussian,22c86e01-80fd-7f77-3526-d5f72a54b219_141444_2.png,30441144,557413,55149,468093,0.9914789107756256,0.983101812514545,0.9981916162728368,0.9848558862840904,0.9834006301480446,0.9914789107756256,0.9099699295744758,0.5435492332565582,0.001808383727163167,0.75,0.75
HistoKit (no postprocessing),gaussian,75867af4-ee91-110d-5a8d-03a78d8d262a_171204_5.png,7835319,144981,841,2381703,0.8680263678724338,0.7668256072722839,0.9998926770254819,0.7668887274589405,0.7700878253112755,0.8680263678724338,0.9942326946551275,0.057379949372378974,0.00010732297451813133,0.75,0.75
HistoKit (no postprocessing),gaussian,098b4b43-88d6-52e4-6dfc-ff0d08e21e37_154649_2.png,44778402,723296,27472,355530,0.9957415740923435,0.9915192627757986,0.9993868661059931,0.9921227780464595,0.9916529474966601,0.9957415740923434,0.9634081367346504,0.670447319586291,0.0006131338940068438,0.75,0.75
HistoKit (no postprocessing),gaussian,2f6f5632-66e3-03e5-2957-29197ae74c65_142917_4.png,4163770,458747,2862,38513,0.9950561094239815,0.9901608624672871,0.9993131142851108,0.9908352198078997,0.9911286539225179,0.9950561094239814,0.993799947574679,0.9225495716526566,0.0006868857148891479,0.75,0.75
HistoKit (no postprocessing),gaussian,6520c4c0-cf13-4bc7-106a-ea8d45dc1109_165944_1.png,0,8599716,6295524,0,0.0,0.0,0.0,,0.5773465885746051,,0.5773465885746051,1.0,1.0,0.75,0.75
HistoKit (no postprocessing),gaussian,ec461d09-d9f6-ab63-cb21-aeb55b7abbf3_142116_1.png,35870125,1676341,115774,131604,0.9965636039570578,0.9931507446680353,0.9967827953943849,0.9963445088984476,0.9934545424910999,0.9965636039570577,0.9353981189823197,0.9272079626316067,0.003217204605615105,0.75,0.75
HistoKit (no postprocessing),gaussian,6875bf3f-1b6d-1a53-f365-0d72c060072a_140344_4.png,9800148,324149,15372,750941,0.962374050584464,0.9274768534138346,0.9984339087485941,0.9288281048524943,0.9296354382353238,0.9623740505844639,0.9547244500340185,0.30150871089862247,0.0015660912514059368,0.75,0.75
HistoKit (no postprocessing),gaussian,8b8e8141-b9e0-9b57-cdad-61702acf8a5e_150400_1.png,4500173,222109,9646,758676,0.9213483353104026,0.8541667022555778,0.9978611114991532,0.8557334504185231,0.860066032808048,0.9213483353104026,0.9583784600116503,0.22646043730277277,0.002138888500846708,0.75,0.75
HistoKit (no postprocessing),gaussian,00a8cbc5-e358-18d7-ac64-8f4f6e3173fd_135812_5.png,5810411,2990175,18142,85448,0.991164588893669,0.9824839393838453,0.9968873921194505,0.9855071160962295,0.9883661329245963,0.991164588893669,0.9939693855401541,0.972217661267327,0.003112607880549426,0.75,0.75
HistoKit (no postprocessing),gaussian,0584763b-507d-517f-59c7-4dbcdbe7ec5e_135202_1.png,7371009,1058517,13361,59746,0.9950653808185891,0.9901792234296187,0.9981906377930684,0.9919596326349073,0.9914018398771298,0.9950653808185891,0.9875349620012726,0.9465724968097845,0.0018093622069316679,0.75,0.75
HistoKit (no postprocessing),gaussian,654bcee2-3394-aaf6-25f2-380d7ca46c60_144121_6.png,2233432,687389,686,705193,0.8635387453039906,0.7598488217136601,0.9996929437030632,0.7600262027308691,0.8053660352386467,0.8635387453039907,0.9990030156596301,0.4936075577596149,0.00030705629693686723,0.75,0.75
HistoKit (no postprocessing),gaussian,302e8390-e88c-6502-e08e-b8e893212016_162708_2.png,48409856,2295851,68356,767287,0.9914429372562313,0.9830310786372578,0.9985899644978655,0.9843974872635444,0.9837869400006014,0.9914429372562313,0.9710871340792071,0.7495094899413608,0.0014100355021344434,0.75,0.75
HistoKit (no postprocessing),gaussian,8a46ca7f-3853-419d-26c8-1bf78b04ebee_163832_4.png,24262943,721176,8246,206510,0.9955939029280738,0.9912264629122206,0.9996602556224172,0.9915604978991561,0.9914775560416884,0.9955939029280739,0.9886951586324515,0.7773923504289166,0.00033974437758282054,0.75,0.75
HistoKit (no postprocessing),gaussian,34677a0d-5045-a6c6-f661-b69bd9d6f859_140044_1.png,7132197,163350,37667,68114,0.9926388509534505,0.9853852830168868,0.9947464833363645,0.9905401308360153,0.9857078351344516,0.9926388509534504,0.8126178382922837,0.7057252963743822,0.0052535166636354606,0.75,0.75
HistoKit (no postprocessing),gaussian,cfd234aa-a9c1-9363-1732-dc841509f243_163200_4.png,14722579,5453509,952102,2739669,0.8885904303322737,0.7995166269784163,0.9392586043696838,0.8431090315519514,0.8453245848318444,0.8885904303322737,0.8513643741401093,0.6656158330747849,0.06074139563031618,0.75,0.75
HistoKit (no postprocessing),gaussian,745e05db-827a-cff7-7148-db0494ae96fc_133425_1.png,35018305,2371147,84319,244341,0.9953292298885515,0.9907018891155153,0.9975979288613865,0.9930708262788901,0.9912864143359031,0.9953292298885515,0.9656606933266435,0.9065791928695525,0.0024020711386134553,0.75,0.75
HistoKit (no postprocessing),gaussian,73f410c7-98a8-a0f8-02ae-aabdcdcb9cee_162913_2.png,17022123,1356423,31244,33121,0.9981129398672963,0.9962329883121681,0.9981678691369277,0.9980580166428578,0.9965100411751703,0.9981129398672963,0.9774845117740784,0.9761641229065074,0.0018321308630723774,0.75,0.75
HistoKit (no postprocessing),gaussian,cfd234aa-a9c1-9363-1732-dc841509f243_163200_3.png,10735787,866263,25354,5642420,0.7911602740051088,0.6544790487870287,0.9976439301371481,0.6554922037558812,0.6718105523252582,0.7911602740051087,0.9715640235661724,0.1330934384114267,0.0023560698628519038,0.75,0.75
HistoKit (no postprocessing),gaussian,7530b966-b7ee-7dd8-6676-04339b0c22b7_154932_1.png,16927347,453794,221563,740121,0.9723784019118819,0.9462416941420695,0.9870800534844488,0.9581082586367214,0.9475716526761826,0.9723784019118819,0.6719320300226399,0.38008903481403616,0.012919946515551135,0.75,0.75
HistoKit (no postprocessing),gaussian,91e6ffad-da04-5736-d731-feb79e91105c_134712_4.png,7969670,306769,33747,1745302,0.8995930724853145,0.8175094594479542,0.9957834260041679,0.8203492506205885,0.8230768113889649,0.8995930724853146,0.9008945247800397,0.1494923908578212,0.00421657399583203,0.75,0.75
HistoKit (no postprocessing),gaussian,75867af4-ee91-110d-5a8d-03a78d8d262a_171204_3.png,17529348,322214,22644,4158019,0.893457408414852,0.8074315577269859,0.9987098900227392,0.8082746052114118,0.8102478074729175,0.8934574084148521,0.9343381913715211,0.07191902742558255,0.0012901099772607008,0.75,0.75
HistoKit (no postprocessing),gaussian,778d67ae-3cb9-eeb7-6fac-a66f6e936029_142330_1.png,16609819,346253,65068,1871708,0.9449097396566101,0.8955724217841604,0.996097844621076,0.898725467868537,0.8974862868742711,0.94490973965661,0.8418072502984287,0.15611320487601,0.0039021553789240072,0.75,0.75
HistoKit (no postprocessing),gaussian,22c86e01-80fd-7f77-3526-d5f72a54b219_141444_3.png,15817036,744445,31969,668685,0.9783312219809749,0.9575815988797465,0.9979829017657575,0.9594385347174079,0.9594109303397291,0.9783312219809749,0.958824802231799,0.5268057432791038,0.002017098234242465,0.75,0.75
HistoKit (no postprocessing),gaussian,e7510405-61bb-4166-6cb6-90d49adffbe4_135053_1.png,7506540,428994,1139599,23915,0.9280742287282477,0.865800835842545,0.8681956188768188,0.9968242290804473,0.8721279412967159,0.9280742287282476,0.2734896815171303,0.947196898273163,0.1318043811231811,0.75,0.75
HistoKit (no postprocessing),gaussian,e0661871-0847-f23e-2d1f-8518496574c0_141209_3.png,42641960,1700492,79561,101325,0.9978835030644075,0.9957759463254731,0.998137683346995,0.9976294522051826,0.9959372767603364,0.9978835030644075,0.955304139820556,0.9437650993413871,0.001862316653004934,0.75,0.75
HistoKit (no postprocessing),gaussian,6875bf3f-1b6d-1a53-f365-0d72c060072a_140344_3.png,7594232,631177,9495,1121352,0.930704978905053,0.8703912021885418,0.9987512702652265,0.8713394306107313,0.8791346666871876,0.930704978905053,0.9851796238949103,0.3601521001934918,0.0012487297347734867,0.75,0.75
HistoKit (no postprocessing),gaussian,91e6ffad-da04-5736-d731-feb79e91105c_134712_1.png,82689253,3000837,156314,3085376,0.9807751972960582,0.9622756380085343,0.9981131881202527,0.9640292702402712,0.9635485762232578,0.9807751972960582,0.9504889059788398,0.4930548766531832,0.0018868118797472893,0.75,0.75
HistoKit (no postprocessing),gaussian,dad7b6f2-9f0b-8c2a-a00e-ff89c406e2d2_171435_1.png,23719570,1068629,29602,75035,0.9977991441445638,0.9956079545480779,0.998753556545045,0.9968465540823225,0.9957965014512609,0.9977991441445638,0.9730457435639679,0.9343906951692106,0.001246443454954977,0.75,0.75
HistoKit (no postprocessing),gaussian,c4a5bf6f-509c-e7c4-3751-4f823d57d1f3_145315_3.png,21546492,1115500,94842,2839791,0.9362419088522441,0.880126709863211,0.9956175529660047,0.88354965781378,0.8853507835505657,0.936241908852244,0.9216403297580353,0.2820272895218076,0.004382447033995224,0.75,0.75
HistoKit (no postprocessing),gaussian,bc7dd6a2-14aa-d481-064a-28427e54cce1_153909_3.png,23829472,1324492,226577,2133439,0.9528175715768581,0.9098868981325637,0.9905812878914572,0.9178274346817273,0.9142248413352049,0.9528175715768581,0.8539220369951305,0.38303019927233944,0.009418712108542846,0.75,0.75
HistoKit (no postprocessing),gaussian,778d67ae-3cb9-eeb7-6fac-a66f6e936029_142330_3.png,17943472,630603,5973,2495592,0.9348355780111178,0.8776443887091033,0.9996672320509075,0.8779008666933085,0.8813053838459947,0.9348355780111177,0.9906169883878752,0.2017158238689525,0.0003327679490925764,0.75,0.75
HistoKit (no postprocessing),gaussian,7a951edf-c71d-16ea-3e52-69a0dd7b54e1_133148_1.png,12594972,2860526,212,356710,0.9860287363624172,0.9724424860178751,0.999983168169675,0.9724584034722286,0.9774277435079514,0.9860287363624173,0.9999258932485254,0.8891253237250858,1.683183032498771e-05,0.75,0.75
HistoKit (no postprocessing),gaussian,0584763b-507d-517f-59c7-4dbcdbe7ec5e_135202_2.png,16992977,1480266,70312,159206,0.9932919820600458,0.9866733594638872,0.99587934072968,0.9907180328008394,0.9877281220671108,0.9932919820600459,0.9546543289018675,0.9028919066626329,0.004120659270320042,0.75,0.75
HistoKit (no postprocessing),gaussian,00a8cbc5-e358-18d7-ac64-8f4f6e3173fd_135812_2.png,8552895,5796829,111040,129796,0.9861162626092244,0.9726127624326921,0.9871836526936086,0.9850511782579847,0.9834937110021822,0.9861162626092244,0.9812047288116916,0.978099508573598,0.01281634730639138,0.75,0.75
HistoKit (no postprocessing),gaussian,dad7b6f2-9f0b-8c2a-a00e-ff89c406e2d2_171435_3.png,5793117,590864,25987,297078,0.9728728785800071,0.9471786483790051,0.9955341922055354,0.9512202811240034,0.9518319987666701,0.972872878580007,0.9578715119210311,0.6654308502131896,0.004465807794464577,0.75,0.75
HistoKit (no postprocessing),gaussian,7a951edf-c71d-16ea-3e52-69a0dd7b54e1_133148_5.png,5784244,2905485,317,401799,0.9664080442390376,0.9349995797205465,0.9999451989528678,0.9350474932036521,0.9557717932938804,0.9664080442390376,0.9998909079145791,0.8785108868787803,5.480104713218514e-05,0.75,0.75
HistoKit (no postprocessing),gaussian,1d49a2ac-7490-df96-fb85-41e83b5a5b35_151838_1.png,0,6032749,202951,0,0.0,0.0,0.0,,0.967453373318152,,0.967453373318152,1.0,1.0,0.75,0.75
HistoKit (no postprocessing),gaussian,6c5eefac-6637-5ca1-aed4-decff7ee7c9b_152621_1.png,34957384,361094,373980,282348,0.9906997618401732,0.9815709185271111,0.989415070417321,0.9919877937777734,0.9817558988365358,0.9906997618401734,0.4912348960784901,0.5611912184781224,0.010584929582679004,0.75,0.75
HistoKit (no postprocessing),gaussian,3c8a2c44-1287-eab9-5fb8-1902a0075b0d_153549_25.png,37447315,2817981,73791,94647,0.9977560469550751,0.9955221420132145,0.9980333468848173,0.9974789010760812,0.9958342209997226,0.997756046955075,0.9744824280752424,0.9675046040895027,0.001966653115182692,0.75,0.75
HistoKit (no postprocessing),gaussian,6875bf3f-1b6d-1a53-f365-0d72c060072a_140344_5.png,10485542,466146,24379,1474443,0.9332964721792784,0.8749352072417026,0.997680382183653,0.8767186580919625,0.8796176220893762,0.9332964721792784,0.9503001885734672,0.24020851401301357,0.00231961781634705,0.75,0.75
HistoKit (no postprocessing),gaussian,7a951edf-c71d-16ea-3e52-69a0dd7b54e1_133148_3.png,8631796,1490408,604,374440,0.9787373581494624,0.9583600907754551,0.9999300310458273,0.9584243628525835,0.9642721597127171,0.9787373581494624,0.9995949060101461,0.7992115175070569,6.996895417265187e-05,0.75,0.75
HistoKit (no postprocessing),gaussian,2f6f5632-66e3-03e5-2957-29197ae74c65_142917_3.png,5400565,642537,5119,73615,0.9927633286592553,0.9856306436279532,0.9990530338066376,0.9865523238183619,0.9871388256725596,0.9927633286592553,0.9920961127512136,0.8972075760453088,0.0009469661933623941,0.75,0.75
HistoKit (no postprocessing),gaussian,e92b8137-1dab-8f48-a38e-05fbbeabd072_134925_1.png,6168179,31715,23269,184414,0.9834436925070638,0.9674266789337661,0.9962417515256528,0.9709702793804041,0.9675879041328727,0.9834436925070638,0.576804161210534,0.14674106667777115,0.003758248474347196,0.75,0.75
HistoKit (no postprocessing),gaussian,6875bf3f-1b6d-1a53-f365-0d72c060072a_140344_2.png,15808461,767514,14853,386322,0.9874703671489283,0.9752508322827237,0.9990613217939048,0.9761452808598917,0.9763697086966894,0.9874703671489282,0.9810153035595827,0.6651846536249519,0.0009386782060951328,0.75,0.75
HistoKit (no postprocessing),gaussian,654bcee2-3394-aaf6-25f2-380d7ca46c60_144121_2.png,5386037,1832750,1286,43335,0.9958748027932747,0.9917835002682917,0.999761291461455,0.9920184139160109,0.9938567405273117,0.9958748027932746,0.9992988141999394,0.9769013664093045,0.00023870853854502505,0.75,0.75
HistoKit (no postprocessing),gaussian,e75d7a32-60ad-6f71-61b5-c428fc2cae22_164833_1.png,39626270,11453015,62540,428159,0.9938465128059321,0.987768293262634,0.9984242409888329,0.9893105703741276,0.9904847944106401,0.9938465128059321,0.9945690850332441,0.9639632413429852,0.0015757590111671275,0.75,0.75
HistoKit (no postprocessing),gaussian,098b4b43-88d6-52e4-6dfc-ff0d08e21e37_154649_3.png,45018483,6964092,87199,285239,0.9958805391527633,0.9917948789803142,0.9980667845793796,0.9937038506460903,0.9928862972491288,0.9958805391527633,0.9876336120577068,0.960653058882261,0.0019332154206204,0.75,0.75
HistoKit (no postprocessing),gaussian,59481929-3828-f3c5-2452-07bdbf0def53_144939_3.png,23539196,1217047,14200,359150,0.992132006449837,0.9843868570080325,0.9993971145392367,0.9849717633178463,0.985143014453119,0.992132006449837,0.9884669769753753,0.772141426484126,0.0006028854607632801,0.75,0.75
HistoKit (no postprocessing),gaussian,7530b966-b7ee-7dd8-6676-04339b0c22b7_154932_2.png,10258000,1301669,16273,2199566,0.9025226687554844,0.8223611031054674,0.9984161409765927,0.8234353323915763,0.8391464764856584,0.9025226687554844,0.9876527191636658,0.37177424537341824,0.001583859023407301,0.75,0.75
HistoKit (no postprocessing),gaussian,c4a5bf6f-509c-e7c4-3751-4f823d57d1f3_145315_1.png,22684064,1090906,39161,1343659,0.9704215623606178,0.9425426241303195,0.9982766090640743,0.9440788043045111,0.9450341226315984,0.9704215623606178,0.9653463024758709,0.4480907266801256,0.0017233909359256883,0.75,0.75
HistoKit (no postprocessing),gaussian,d89a4519-168e-fe8e-eec5-c3f8080d7609_170312_1.png,15686377,498070,21711,391532,0.9869992122631862,0.974332127093683,0.9986178457874695,0.975647828333896,0.9751023787045064,0.9869992122631863,0.9582304855314066,0.5598795866016488,0.001382154212530513,0.75,0.75
HistoKit (no postprocessing),gaussian,654bcee2-3394-aaf6-25f2-380d7ca46c60_144121_1.png,8571669,962541,11774,503116,0.9708413550895367,0.9433349852237795,0.9986282893705941,0.9445589069052325,0.9487625757530526,0.9708413550895367,0.9879156125072487,0.6567300534845465,0.0013717106294059388,0.75,0.75
HistoKit (no postprocessing),gaussian,34677a0d-5045-a6c6-f661-b69bd9d6f859_140044_3.png,4367190,132301,10738,21991,0.9962668423536196,0.9925614539722208,0.9975472415261284,0.9949897258736881,0.9927785941547409,0.9962668423536196,0.9249295646641825,0.857471547455474,0.002452758473871658,0.75,0.75
HistoKit (no postprocessing),gaussian,00a8cbc5-e358-18d7-ac64-8f4f6e3173fd_135812_1.png,0,9344239,13505,0,0.0,0.0,0.0,,0.9985568102739293,,0.9985568102739293,1.0,1.0,0.75,0.75
HistoKit (no postprocessing),gaussian,6c5eefac-6637-5ca1-aed4-decff7ee7c9b_152621_2.png,36500291,944618,112467,4220052,0.9439758790999471,0.8938961340157584,0.9969282019125683,0.8963650183398504,0.8962952195142314,0.9439758790999471,0.8936064744083967,0.18289997231188052,0.0030717980874317087,0.75,0.75
HistoKit (no postprocessing),gaussian,98188e68-f597-a02c-6cf5-9f993d1f10ac_162142_1.png,29060700,1202785,74080,237945,0.9946601623984902,0.9893770496268222,0.9974573344984928,0.9918786346604084,0.9897949371899275,0.9946601623984902,0.9419829034392829,0.8348441415115948,0.0025426655015071335,0.75,0.75
HistoKit (no postprocessing),gaussian,997c9bdf-d489-63a3-9c13-1b5273502c59_152111_5.png,1629401,4406686,212203,128438,0.9053628575310124,0.8270894732193527,0.884772730728213,0.9269341503971638,0.9465805974474684,0.9053628575310124,0.9540575666572633,0.9716792749217,0.11522726927178699,0.75,0.75
HistoKit (no postprocessing),gaussian,997c9bdf-d489-63a3-9c13-1b5273502c59_152111_1.png,11819711,1155794,105,55830,0.9976394109613964,0.9952899404377665,0.9999911166129828,0.9952987404952751,0.9957076884826236,0.9976394109613964,0.9999091616136012,0.9539213485371699,8.883387017192146e-06,0.75,0.75
HistoKit (no postprocessing),gaussian,8a46ca7f-3853-419d-26c8-1bf78b04ebee_163832_1.png,8536144,1164982,87757,256381,0.9802406073438947,0.961246951391859,0.9898239787307391,0.9708410268950045,0.9657412687212601,0.9802406073438948,0.9299478981655397,0.8196231363838794,0.01017602126926086,0.75,0.75
HistoKit (no postprocessing),gaussian,b3ac8263-eb4f-ecee-6126-3ea976dfb769_143901_1.png,31638610,1205130,40338,147602,0.9970386902042002,0.994094867335605,0.9987266622616382,0.9953564142842815,0.9943103105866853,0.9970386902042002,0.9676121747005945,0.8908859995919369,0.0012733377383617663,0.75,0.75
HistoKit (no postprocessing),gaussian,7ba3b133-6b39-da9f-5b13-68d3bea507d2_165139_1.png,22865694,2861255,4958,719225,0.9844112776054351,0.9693011116590392,0.9997832156249853,0.9695048772480415,0.9726218522519188,0.9844112776054351,0.9982701913640054,0.7991260948252749,0.0002167843750147569,0.75,0.75
HistoKit (no postprocessing),gaussian,7530b966-b7ee-7dd8-6676-04339b0c22b7_154932_3.png,23520269,879435,42970,1502532,0.9681904102495285,0.9383421319854873,0.9981763967169369,0.9399534848237014,0.9404320782806658,0.9681904102495286,0.9534152568557196,0.36920536682498123,0.0018236032830630797,0.75,0.75
HistoKit (no postprocessing),gaussian,302e8390-e88c-6502-e08e-b8e893212016_162708_1.png,14948421,4974323,352796,120494,0.9844159386597332,0.9693101498270846,0.9769432718979151,0.9920038038571457,0.9767949984786258,0.9844159386597331,0.9337735838076829,0.976349690283282,0.02305672810208495,0.75,0.75
HistoKit (no postprocessing),gaussian,00a8cbc5-e358-18d7-ac64-8f4f6e3173fd_135812_4.png,10649863,1411787,16582,236180,0.9882722588686744,0.9768164088923539,0.9984454051935767,0.9783043296815932,0.9794742940223211,0.9882722588686745,0.9883909549983233,0.8566840234058085,0.001554594806423321,0.75,0.75
HistoKit (no postprocessing),gaussian,7a951edf-c71d-16ea-3e52-69a0dd7b54e1_133148_6.png,7813740,2661204,0,43278,0.9972382956842292,0.9944918033788391,1.0,0.9944918033788391,0.9958854262631079,0.9972382956842293,1.0,0.9839976749706598,0.0,0.75,0.75
HistoKit (no postprocessing),gaussian,c4a5bf6f-509c-e7c4-3751-4f823d57d1f3_145315_4.png,16446362,1069962,23136,7971795,0.8044658956352474,0.6728924693141234,0.9985952212993985,0.6735300293138422,0.6866116151479024,0.8044658956352475,0.9788344686386765,0.11833562879427084,0.0014047787006015605,0.75,0.75
HistoKit (no postprocessing),gaussian,ec461d09-d9f6-ab63-cb21-aeb55b7abbf3_142116_2.png,39529603,1589231,93585,249831,0.9956750042838636,0.9913872586372253,0.9976381254330167,0.9937195938986965,0.9917173814735091,0.9956750042838636,0.9443878593975812,0.8641530301860405,0.0023618745669833534,0.75,0.75
HistoKit (no postprocessing),gaussian,59481929-3828-f3c5-2452-07bdbf0def53_144939_1.png,25522683,886780,15387,106031,0.9976270152136198,0.9952652658792757,0.9993974877506405,0.9958628045090362,0.9954235217443401,0.9976270152136198,0.982944399429374,0.8932012235964347,0.0006025122493594857,0.75,0.75
HistoKit (no postprocessing),gaussian,7a951edf-c71d-16ea-3e52-69a0dd7b54e1_133148_2.png,7966193,483415,22,334117,0.9794584891364321,0.9597438994006505,0.9999972383371526,0.9597464432051332,0.9619594006976749,0.9794584891364321,0.9999544925191907,0.5913101872464931,2.761662847412479e-06,0.75,0.75
HistoKit (no postprocessing),gaussian,dfdc8007-a219-a302-d10c-929e29813dc8_163630_1.png,3831209,375476,607,109900,0.985783086804517,0.9719647483481814,0.9998415894708932,0.972114447989132,0.9744030379005613,0.985783086804517,0.9983859945809834,0.7735775975738397,0.0001584105291068256,0.75,0.75
HistoKit (no postprocessing),gaussian,bb1fc306-b767-ee67-c337-445c06bd68ce_150126_2.png,27000638,9902679,306857,1179491,0.9732129816911966,0.9478236132106078,0.9887629019066011,0.9581445847888064,0.9612826004082088,0.9732129816911965,0.9699440797309495,0.8935685881014278,0.0112370980933989,0.75,0.75
HistoKit (no postprocessing),gaussian,e04480a3-f748-c87a-3eb6-396b6ccbcb83_134430_1.png,63547213,683730,614010,120777,0.9942518069011346,0.9885693195606857,0.9904302011200753,0.9981030184869979,0.9886896214357939,0.9942518069011345,0.526862083314069,0.8498745194261828,0.009569798879924717,0.75,0.75
HistoKit (no postprocessing),gaussian,7ba3b133-6b39-da9f-5b13-68d3bea507d2_165139_3.png,14883541,561358,9089,2629726,0.9185699133710139,0.8494029569996181,0.9993896981258515,0.8498437784338011,0.8540778183065714,0.918569913371014,0.9840668808846396,0.17591451682249667,0.0006103018741484882,0.75,0.75
HistoKit (no postprocessing),gaussian,e04480a3-f748-c87a-3eb6-396b6ccbcb83_134430_2.png,14566982,671672,17191,39307,0.9980645047687152,0.9961364873477448,0.9988212564401149,0.9973088989270307,0.9963061498179292,0.9980645047687152,0.975044384732523,0.944714260196152,0.0011787435598850891,0.75,0.75
HistoKit (no postprocessing),gaussian,e338d5a6-7427-4506-5755-323615d750be_135343_3.png,7662831,550193,7331,894135,0.9444469779248675,0.8947413897486274,0.9990442183620112,0.8955079405480868,0.9010952889300443,0.9444469779248675,0.9868507902798803,0.38093355525891626,0.0009557816379888716,0.75,0.75
HistoKit (no postprocessing),gaussian,d28668ca-fcc7-90f7-7049-f08e38cdd015_141933_2.png,11234103,784086,5207,258832,0.9883848251679498,0.9770363768337528,0.9995367153321689,0.9774790338586271,0.9785023531561212,0.9883848251679498,0.993402956823385,0.7518194143739009,0.00046328466783103234,0.75,0.75
HistoKit (no postprocessing),gaussian,0584763b-507d-517f-59c7-4dbcdbe7ec5e_135202_6.png,12901356,556513,73709,18537,0.9964376848960327,0.992900659878608,0.9943191806746248,0.9985652357956835,0.9931922348998514,0.9964376848960328,0.8830428007908324,0.9677645422137205,0.005680819325375249,0.75,0.75
HistoKit (no postprocessing),gaussian,015b92ff-7984-c969-27c5-4144ab20b802_144644_7.png,22056202,4780389,112931,809858,0.979509602634544,0.9598420574689289,0.9949059352027885,0.964582529740585,0.9667575788796435,0.9795096026345441,0.976921394881185,0.855130193710582,0.00509406479721151,0.75,0.75
HistoKit (no postprocessing),gaussian,e75d7a32-60ad-6f71-61b5-c428fc2cae22_164833_5.png,45216621,4945025,750047,81007,0.9908939855296752,0.9819523135532902,0.983682806854741,0.998211672363948,0.9837024907486758,0.9908939855296753,0.8682989433671778,0.9838825140787006,0.016317193145259083,0.75,0.75
HistoKit (no postprocessing),gaussian,110ff982-b33a-42d4-9522-02719d6987c7_164031_2.png,5849961,175585,5592,1062494,0.9163467002840224,0.8456087389981595,0.9990450090708768,0.8462928149261008,0.8494303059420054,0.9163467002840223,0.9691351551245467,0.1418205138767397,0.0009549909291231759,0.75,0.75
HistoKit (no postprocessing),gaussian,091684ab-dffb-81d6-97c1-29bfeceeac37_154424_1.png,0,6267842,20721,0,0.0,0.0,0.0,,0.996704970595031,,0.996704970595031,1.0,1.0,0.75,0.75
HistoKit (no postprocessing),gaussian,31439255-cb2a-2a33-e39f-915211d58cf0_143129_5.png,3884801,238269,3743,1582085,0.8304911692995405,0.7101196224419531,0.9990374289194105,0.7106058183763115,0.7222181934236696,0.8304911692995406,0.9845338247690197,0.13089157383673725,0.0009625710805895471,0.75,0.75
HistoKit (no postprocessing),gaussian,bc7dd6a2-14aa-d481-064a-28427e54cce1_153909_1.png,22708508,492567,13362,2275146,0.9520284485293569,0.9084487524430916,0.9994119322045236,0.9089346178105092,0.910217911371873,0.9520284485293568,0.9735891795093778,0.1779689584866639,0.0005880677954763407,0.75,0.75
HistoKit (no postprocessing),gaussian,31439255-cb2a-2a33-e39f-915211d58cf0_143129_8.png,7021542,4687684,391639,951245,0.9127202136388168,0.8394529403452191,0.9471699126191577,0.8806885220939679,0.8971136467590297,0.912720213638817,0.9228954331118537,0.8313075053791243,0.052830087380842314,0.75,0.75
HistoKit (no postprocessing),gaussian,dfdc8007-a219-a302-d10c-929e29813dc8_163630_4.png,1779017,706703,433,186783,0.950012415726587,0.9047844278882513,0.999756666385681,0.9049837216400448,0.9299586671734752,0.950012415726587,0.9993876708299394,0.7909502779002693,0.00024333361431903117,0.75,0.75
HistoKit (no postprocessing),gaussian,8a22c195-cd7e-901b-eb5d-b1439c8b19ac_152323_2.png,2678915,490549,11767,31593,0.991972139472968,0.9840721455400354,0.995626759312323,0.988344251335912,0.986504084879844,0.991972139472968,0.9765745068841127,0.9394934711247132,0.004373240687676953,0.75,0.75
HistoKit (no postprocessing),gaussian,bc7dd6a2-14aa-d481-064a-28427e54cce1_153909_2.png,11679013,454657,8891,2365947,0.9077118660402511,0.8310187008528837,0.9992392990223055,0.8315447676604276,0.8363141130707582,0.907711866040251,0.9808196777895709,0.16119136185015692,0.0007607009776945464,0.75,0.75
HistoKit (no postprocessing),gaussian,e338d5a6-7427-4506-5755-323615d750be_135343_2.png,6370855,922211,127,54827,0.9957055995218754,0.9914479250783831,0.9999800658673969,0.991467520490432,0.9925212506226168,0.9957055995218753,0.9998623064429742,0.9438844753223519,1.9934132603105768e-05,0.75,0.75
HistoKit (no postprocessing),gaussian,7ba3b133-6b39-da9f-5b13-68d3bea507d2_165139_2.png,10217357,5178772,72711,163646,0.9885658077416501,0.9773901409585148,0.9929338659375234,0.9842360126473328,0.9848803958628205,0.9885658077416501,0.986154196824021,0.9693685518430044,0.007066134062476555,0.75,0.75
HistoKit (no postprocessing),gaussian,00a8cbc5-e358-18d7-ac64-8f4f6e3173fd_135812_3.png,6484202,2157678,2614,99829,0.9921624818957792,0.9844468617938268,0.99959702880427,0.9848377080849103,0.98828462763784,0.9921624818957792,0.9987899783918099,0.9557790961445524,0.0004029711957299236,0.75,0.75
HistoKit (no postprocessing),gaussian,73f410c7-98a8-a0f8-02ae-aabdcdcb9cee_162913_1.png,14956336,3076139,39641,65296,0.9965041519462793,0.9930326606522569,0.9973565576954406,0.9956532019956287,0.9942143344375702,0.9965041519462793,0.9872773430730026,0.9792145946040584,0.002643442304559416,0.75,0.75
HistoKit (no postprocessing),gaussian,098b4b43-88d6-52e4-6dfc-ff0d08e21e37_154649_1.png,38567654,1886938,134252,956116,0.9860612518068875,0.9725057391919345,0.9965311269165916,0.9758090890621011,0.973754505961734,0.9860612518068875,0.9335777438043925,0.6637010763777262,0.003468873083408347,0.75,0.75
HistoKit (no postprocessing),gaussian,d28668ca-fcc7-90f7-7049-f08e38cdd015_141933_3.png,1782814,1617229,23443,90959,0.9689127534286405,0.9397000657805964,0.9870212267689482,0.9514567666414235,0.9674480607891146,0.9689127534286406,0.9857113426693452,0.9467511772708859,0.012978773231051838,0.75,0.75
HistoKit (no postprocessing),gaussian,191c1954-41f1-2c63-fab4-33ae150d32f8_151532_2.png,28561669,439979,2652,1980689,0.9664447227698244,0.935068248463497,0.9999071569038872,0.9351494406554989,0.9359902628979472,0.9664447227698244,0.9940085534000104,0.1817593325478752,9.28430961128045e-05,0.75,0.75
HistoKit (no postprocessing),gaussian,6c5eefac-6637-5ca1-aed4-decff7ee7c9b_152621_3.png,19388086,743433,141602,1335634,0.963301591755908,0.9292013801656164,0.9927493977374344,0.9355504706683935,0.9316371535518821,0.9633015917559079,0.8400040676357432,0.3575801068460035,0.007250602262565587,0.75,0.75
HistoKit (no postprocessing),gaussian,8a22c195-cd7e-901b-eb5d-b1439c8b19ac_152323_1.png,13756709,4730968,163781,271290,0.984433111929593,0.9693434509272268,0.9882345377210141,0.9806608198361007,0.977008043440625,0.984433111929593,0.9665394487030898,0.9457664918522795,0.011765462278985868,0.75,0.75
HistoKit (no postprocessing),gaussian,d89a4519-168e-fe8e-eec5-c3f8080d7609_170312_3.png,19024549,4589900,38698,2774430,0.9311557818705226,0.8711800710304489,0.997970020532179,0.8727266079755387,0.8935533136465745,0.9311557818705227,0.9916393689838694,0.6232610434350443,0.0020299794678209854,0.75,0.75
HistoKit (no postprocessing),gaussian,bb1fc306-b767-ee67-c337-445c06bd68ce_150126_1.png,27462959,4535361,760381,148899,0.9837149319323628,0.9679517714481398,0.9730584331974883,0.9946074255488349,0.9723686929463102,0.9837149319323627,0.8564165323763884,0.9682129087625366,0.02694156680251168,0.75,0.75
HistoKit (no postprocessing),gaussian,31439255-cb2a-2a33-e39f-915211d58cf0_143129_4.png,9512043,373596,40299,1537228,0.9234270151565317,0.8577467836895389,0.9957812440132483,0.8608751654294658,0.8623829577273853,0.9234270151565317,0.9026347261986736,0.19551565188630665,0.004218755986751731,0.75,0.75
HistoKit (no postprocessing),gaussian,745e05db-827a-cff7-7148-db0494ae96fc_133425_4.png,24711031,4720273,129760,1010904,0.9774406150491174,0.9558766262715075,0.9947763338132026,0.9606987576945514,0.9626892190911622,0.9774406150491174,0.9732455428653785,0.8236131949859514,0.005223666186797353,0.75,0.75
HistoKit (no postprocessing),gaussian,e338d5a6-7427-4506-5755-323615d750be_135343_5.png,4549131,149363,41007,233440,0.970718497715015,0.943103024352462,0.9910662816673486,0.9511894334658074,0.9448119332202011,0.9707184977150148,0.7845931606870831,0.3901824175881589,0.008933718332651436,0.75,0.75
HistoKit (no postprocessing),gaussian,bb1fc306-b767-ee67-c337-445c06bd68ce_150126_3.png,30894216,1734238,144306,4302380,0.9328651305490239,0.8741773483879953,0.9953507451160206,0.8777614744334935,0.8800628669237661,0.9328651305490239,0.9231819962694512,0.2872863580236483,0.0046492548839793335,0.75,0.75
HistoKit (no postprocessing),gaussian,e0661871-0847-f23e-2d1f-8518496574c0_141209_2.png,42734214,3077127,118410,636027,0.9912501515694242,0.9826520946809778,0.9972368086491039,0.98533494429971,0.9837984667624365,0.9912501515694241,0.9629451951268284,0.828709770723218,0.0027631913508960383,0.75,0.75
HistoKit (no postprocessing),gaussian,1cfd19dd-0b58-a07f-0753-c0e3d9e98b9b_133722_2.png,19892119,766331,1277,4353823,0.9013329107926358,0.8203876494042471,0.9999358078429645,0.8204308580792613,0.8258903674208579,0.9013329107926359,0.9983363904492918,0.14966952165891886,6.419215703543024e-05,0.75,0.75
HistoKit (no postprocessing),gaussian,1d49a2ac-7490-df96-fb85-41e83b5a5b35_151838_3.png,0,6130205,59230,0,0.0,0.0,0.0,,0.9904304674013056,,0.9904304674013056,1.0,1.0,0.5,1.25
HistoKit (no postprocessing),gaussian,d28668ca-fcc7-90f7-7049-f08e38cdd015_141933_1.png,23132414,3882258,27834,82578,0.9976191605693038,0.9952496310044227,0.9987981993975195,0.9964429020694903,0.9959295241260819,0.9976191605693038,0.992881497417452,0.979172404608917,0.0012018006024805952,0.75,0.75
HistoKit (no postprocessing),gaussian,dfdc8007-a219-a302-d10c-929e29813dc8_163630_5.png,11881353,378678,901,161648,0.9932059658298312,0.9865036264825138,0.9999241726359326,0.9865774319872597,0.986915036972996,0.9932059658298313,0.997626317578159,0.7008324604035342,7.582736406745723e-05,0.75,0.75
HistoKit (no postprocessing),gaussian,538ad0bc-9add-9e27-6ee9-4f1bdd825510_142716_4.png,0,6987044,2932,0,0.0,0.0,0.0,,0.9995805421935641,,0.9995805421935641,1.0,1.0,0.5,1.25
HistoKit (no postprocessing),gaussian,110ff982-b33a-42d4-9522-02719d6987c7_164031_4.png,12136523,433294,16583,2717253,0.8987726165501075,0.8161553463504143,0.998635492852609,0.8170665156119226,0.8213605601224754,0.8987726165501074,0.9631388134979116,0.13752976864017583,0.0013645071473909632,0.5,1.25
HistoKit (no postprocessing),gaussian,4adc5212-3bb5-0299-1727-5490f70e71c6_162331_3.png,4389617,236931,5367,1081141,0.8898706250376303,0.8015918190326189,0.9987788351447924,0.8023782079192682,0.8098201733012944,0.8898706250376301,0.9778495901740831,0.179755734132885,0.001221164855207664,0.5,1.25
HistoKit (no postprocessing),gaussian,4adc5212-3bb5-0299-1727-5490f70e71c6_162331_1.png,6020464,602659,27657,3027838,0.797601392064862,0.6633419124083747,0.9954271748200805,0.6653694803732236,0.6843046186965949,0.7976013920648621,0.9561220086432837,0.16599903539377667,0.004572825179919516,0.5,1.25
HistoKit (no postprocessing),gaussian,dfdc8007-a219-a302-d10c-929e29813dc8_163630_7.png,2241827,428992,33288,144453,0.9618695690882236,0.9265401922987905,0.9853686516945297,0.9394651926848484,0.9376032100429691,0.9618695690882236,0.927991693346024,0.7480961556906067,0.014631348305470273,0.5,1.25
HistoKit (no postprocessing),gaussian,745e05db-827a-cff7-7148-db0494ae96fc_133425_2.png,28686668,4370384,136345,229389,0.9936657448760432,0.9874112302314969,0.9952695785135302,0.9920670719386119,0.9890573454887932,0.9936657448760432,0.9697463504018102,0.9501303651288879,0.004730421486469857,0.75,0.75
HistoKit (no postprocessing),gaussian,a796f488-e06e-b9c5-67ad-c084c09ace36_143658_2.png,39246008,3114828,3283,2091961,0.9740003072445943,0.949318322531693,0.9999163551769635,0.9493937159805795,0.952869348804483,0.9740003072445943,0.9989471189447714,0.5982243567004539,8.364482303642122e-05,0.75,0.75
HistoKit (no postprocessing),gaussian,745e05db-827a-cff7-7148-db0494ae96fc_133425_3.png,48922635,5084240,402582,659183,0.9892650204305488,0.9787580725186258,0.991838211274367,0.9867051466325821,0.9807192442014184,0.9892650204305486,0.9266274721505454,0.8852281992811604,0.008161788725632975,0.75,0.75
HistoKit (no postprocessing),gaussian,2f6f5632-66e3-03e5-2957-29197ae74c65_142917_2.png,23473451,1060443,15440,182000,0.995812010696851,0.9916589536067738,0.9993426679871774,0.9923062130584617,0.9920166053315199,0.9958120106968509,0.9856489971493183,0.8535144066971282,0.0006573320128225722,0.5,1.25
HistoKit (no postprocessing),gaussian,015b92ff-7984-c969-27c5-4144ab20b802_144644_8.png,18992124,4874758,76322,1580112,0.9582137865337433,0.9197796766243919,0.9959974714247821,0.9231920147134225,0.9351011443810827,0.9582137865337432,0.984584777462695,0.7552062241377441,0.004002528575217928,0.5,1.25
HistoKit (no postprocessing),gaussian,34677a0d-5045-a6c6-f661-b69bd9d6f859_140044_2.png,23268160,1123469,61232,47146,0.9976765204911392,0.995363813067615,0.9973753280839895,0.9979778948644294,0.9955764094271483,0.9976765204911392,0.9483143848110198,0.9597254434634785,0.0026246719160104987,0.5,1.25
HistoKit (no postprocessing),gaussian,91e6ffad-da04-5736-d731-feb79e91105c_134712_2.png,6830513,190486,992,875253,0.9397242439794924,0.886301736735473,0.9998547904158747,0.8864158345841283,0.8890442032688872,0.9397242439794924,0.99481924816428,0.17873606952546542,0.00014520958412531353,0.5,1.25
HistoKit (no postprocessing),gaussian,59481929-3828-f3c5-2452-07bdbf0def53_144939_2.png,22540866,2394820,5627,269727,0.99392919553959,0.9879316556379628,0.9997504268180422,0.9881753622100048,0.9890780388274343,0.9939291955395899,0.9976558532639962,0.8987719113230129,0.00024957318195783265,0.5,1.25
HistoKit (no postprocessing),gaussian,8a22c195-cd7e-901b-eb5d-b1439c8b19ac_152323_3.png,3875887,438875,105894,3153,0.9861277848713258,0.972635180407003,0.973405368100355,0.9991871700214486,0.9753499755527419,0.9861277848713258,0.8056166925797907,0.9928669677034034,0.026594631899644908,0.5,1.25
HistoKit (no postprocessing),gaussian,654bcee2-3394-aaf6-25f2-380d7ca46c60_144121_7.png,5391425,321883,19,368511,0.9669520722995719,0.9360185973675141,0.9999964758977372,0.9360216849631663,0.9394048312368728,0.9669520722995719,0.9999409758249405,0.4662308768616181,3.524102262770419e-06,0.5,1.25
HistoKit (no postprocessing),gaussian,8b8e8141-b9e0-9b57-cdad-61702acf8a5e_150400_2.png,14367015,501559,8299,1906027,0.937539031457348,0.8824220928730625,0.999422690871309,0.882872114506925,0.8859359228738776,0.937539031457348,0.9837229189303689,0.20832443783939597,0.0005773091286910325,0.5,1.25
HistoKit (no postprocessing),gaussian,8b8e8141-b9e0-9b57-cdad-61702acf8a5e_150400_5.png,2530659,227522,15,1397390,0.7836406670482694,0.6442509592511731,0.9999940727252898,0.6442534194456332,0.6637285331118162,0.7836406670482694,0.9999340766556648,0.14002112114379117,5.927274710215539e-06,0.5,1.25
HistoKit (no postprocessing),gaussian,1cfd19dd-0b58-a07f-0753-c0e3d9e98b9b_133722_4.png,19572993,749375,3148,4803972,0.890630709920705,0.8028261805021166,0.9998391920041851,0.8029298561162146,0.8087060110416894,0.890630709920705,0.9958167391561454,0.13494114450258557,0.0001608079958149055,0.5,1.25
HistoKit (no postprocessing),gaussian,c282e7fa-bbd4-0343-5231-dcd676a3dd4f_140949_1.png,4409086,5067262,2237424,108555,0.789864988390071,0.652708153067365,0.6633685949468218,0.9759708662109273,0.8015636853895176,0.7898649883900711,0.6937001809523367,0.97902649958451,0.3366314050531783,0.5,1.25
HistoKit (no postprocessing),gaussian,3c8a2c44-1287-eab9-5fb8-1902a0075b0d_153549_11.png,12775942,2020341,54116,62387,0.9954612262936506,0.990963467364026,0.9957820923334875,0.9951405669694241,0.9921877105994815,0.9954612262936505,0.9739131734232139,0.9700455364310654,0.004217907666512498,0.5,1.25
HistoKit (no postprocessing),gaussian,6875bf3f-1b6d-1a53-f365-0d72c060072a_140344_1.png,22672692,515159,6851,2478170,0.9480451608135034,0.9012223010891331,0.9996979216027413,0.9014677906466984,0.9032044019071961,0.9480451608135035,0.9868757303499933,0.17210236495888023,0.0003020783972587102,0.5,1.25
HistoKit (no postprocessing),gaussian,b3ac8263-eb4f-ecee-6126-3ea976dfb769_143901_2.png,36902252,4782766,164523,288851,0.9938946006509909,0.9878633006979993,0.9955614428285169,0.992233330643622,0.98924083292025,0.9938946006509908,0.9667448172120124,0.9430455809261622,0.004438557171483087,0.5,1.25
HistoKit (no postprocessing),gaussian,cfd234aa-a9c1-9363-1732-dc841509f243_163200_1.png,8173860,1828035,6824,2921121,0.8481014792485758,0.7362640579617459,0.9991658399224319,0.736716899289868,0.773551335515366,0.8481014792485758,0.9962809131382847,0.3849178675116168,0.000834160077568086,0.5,1.25
HistoKit (no postprocessing),gaussian,997c9bdf-d489-63a3-9c13-1b5273502c59_152111_4.png,4656299,2723255,95633,62304,0.9833233286187105,0.967193756184782,0.979874922452594,0.9867960919789184,0.979046475810054,0.9833233286187106,0.9660742108235588,0.9776332147335598,0.02012507754740598,0.5,1.25
HistoKit (no postprocessing),gaussian,654bcee2-3394-aaf6-25f2-380d7ca46c60_144121_5.png,6507996,493141,3205,922982,0.9335694226849333,0.8754150926873875,0.9995077713005635,0.8757926614773991,0.8831652396193217,0.9335694226849333,0.9935428108617779,0.34823316901144885,0.0004922286994365556,0.5,1.25
HistoKit (no postprocessing),gaussian,bffc0a6a-719c-940b-52f7-9a2879514091_151206_1.png,28945182,858918,49231,262169,0.9946496467014299,0.9893562412724768,0.9983020521919171,0.9910238692992048,0.9896598097325298,0.9946496467014297,0.9457897327420941,0.7661474979194299,0.0016979478080828881,0.5,1.25
HistoKit (no postprocessing),gaussian,7a951edf-c71d-16ea-3e52-69a0dd7b54e1_133148_4.png,10252210,1820915,655,341526,0.9835857653724941,0.9677016828999421,0.9999361154174955,0.9677615149178722,0.972438778391769,0.9835857653724941,0.9996404200771861,0.8420645927449582,6.388458250449996e-05,0.5,1.25
HistoKit (no postprocessing),gaussian,997c9bdf-d489-63a3-9c13-1b5273502c59_152111_3.png,17014503,447900,207715,195386,0.9882928744383839,0.9768566905069147,0.9879391260753987,0.9886468762233156,0.9774369085809166,0.988292874438384,0.683175339185345,0.6962688446507463,0.01206087392460135,0.5,1.25
HistoKit (no postprocessing),gaussian,1cfd19dd-0b58-a07f-0753-c0e3d9e98b9b_133722_1.png,18736917,1042416,3488,4708154,0.8883112756627423,0.7990647527636986,0.9998138780885472,0.7991836322440653,0.807617214096213,0.8883112756627422,0.9966650858969848,0.1812717695811024,0.0001861219114528208,0.5,1.25
HistoKit (no postprocessing),gaussian,e0661871-0847-f23e-2d1f-8518496574c0_141209_1.png,30542192,2861567,324599,369569,0.9887636084445618,0.9777769240718188,0.9894838760530694,0.9880443886713539,0.979641929551905,0.9887636084445619,0.8981223828262558,0.88562257979856,0.010516123946930538,0.5,1.25
HistoKit (no postprocessing),gaussian,e338d5a6-7427-4506-5755-323615d750be_135343_4.png,13134451,1590174,148260,332536,0.9820261148368853,0.9646869425137862,0.9888381219767561,0.9753073200412238,0.9683799613308964,0.9820261148368854,0.9147163481616213,0.8270482808119789,0.0111618780232439,0.5,1.25
HistoKit (no postprocessing),gaussian,a796f488-e06e-b9c5-67ad-c084c09ace36_143658_1.png,27727574,3668440,515705,1135386,0.9710873797869967,0.943799658697902,0.9817406116336562,0.9606628703362372,0.9500382559985209,0.9710873797869967,0.8767478182519965,0.7636496409320405,0.018259388366343724,0.5,1.25
HistoKit (no postprocessing),gaussian,8a46ca7f-3853-419d-26c8-1bf78b04ebee_163832_3.png,7171992,124393,15384,109969,0.9913366452104889,0.9828221085888087,0.9978595804644143,0.9848984360119479,0.9831100208603429,0.9913366452104889,0.889938974223227,0.5307729068705678,0.002140419535585727,0.5,1.25
HistoKit (no postprocessing),gaussian,110ff982-b33a-42d4-9522-02719d6987c7_164031_1.png,19313957,652423,6083,2181967,0.9463922988563984,0.8982397317608538,0.9996851455794087,0.8984939191262492,0.9012364569975395,0.9463922988563983,0.9907624228177117,0.23018109716729174,0.00031485442059126173,0.5,1.25
HistoKit (no postprocessing),gaussian,75867af4-ee91-110d-5a8d-03a78d8d262a_171204_2.png,18653286,409166,21911,2356355,0.9400711677341357,0.8869191393958943,0.9988267325908262,0.8878441092829715,0.8890771288536139,0.9400711677341356,0.9491714937238591,0.1479525919347566,0.0011732674091737827,0.5,1.25
HistoKit (no postprocessing),gaussian,8b8e8141-b9e0-9b57-cdad-61702acf8a5e_150400_3.png,1934709,597767,3099,4936105,0.43927620006852375,0.28145671904779707,0.9984007703549578,0.28158366679697633,0.33894331663026256,0.4392762000685238,0.9948424440723889,0.10801966507356874,0.0015992296450422334,0.5,1.25
HistoKit (no postprocessing),gaussian,6c5eefac-6637-5ca1-aed4-decff7ee7c9b_152621_4.png,8625365,811734,4001,2061776,0.893056389542892,0.8067767690299128,0.9995363506426775,0.8070788062027066,0.8204121299751471,0.8930563895428919,0.9950952208744261,0.28248866369005154,0.0004636493573224267,0.5,1.25
HistoKit (no postprocessing),gaussian,538ad0bc-9add-9e27-6ee9-4f1bdd825510_142716_3.png,0,6843337,1736,0,0.0,0.0,0.0,,0.999746386926772,,0.999746386926772,1.0,1.0,0.5,1.25
HistoKit (no postprocessing),gaussian,191c1954-41f1-2c63-fab4-33ae150d32f8_151532_1.png,37091071,1495484,35770,4535483,0.9419548452482588,0.8902784923855904,0.9990365460934314,0.8910435151562149,0.8940805102983914,0.9419548452482587,0.9766400610218814,0.24796753157495308,0.0009634539065685658,0.5,1.25
HistoKit (no postprocessing),gaussian,bffc0a6a-719c-940b-52f7-9a2879514091_151206_2.png,59056501,8762292,293019,1336372,0.986392530170998,0.973150415256317,0.9950628244339634,0.9778720247337794,0.9765380330175372,0.986392530170998,0.9676411997335045,0.867668436141652,0.004937175566036591,0.5,1.25
HistoKit (no postprocessing),gaussian,22c86e01-80fd-7f77-3526-d5f72a54b219_141444_4.png,4440159,242827,14027,659184,0.92953274125195,0.8683429910215767,0.996850827513714,0.8707315824803313,0.874311755150156,0.9295327412519498,0.9453892094341533,0.26920625136500553,0.0031491724862859343,0.5,1.25
HistoKit (no postprocessing),gaussian,654bcee2-3394-aaf6-25f2-380d7ca46c60_144121_3.png,6337224,1860217,2113,685121,0.9485668046882122,0.9021655478614863,0.9996666843867111,0.9024370064415804,0.922649506031453,0.9485668046882122,0.9988653997948806,0.7308329974250964,0.0003333156132888976,0.5,1.25
HistoKit (no postprocessing),gaussian,778d67ae-3cb9-eeb7-6fac-a66f6e936029_142330_2.png,10892385,471443,48498,2031818,0.912830148611239,0.8396389464306624,0.995567268199468,0.842789686915317,0.8452622941259779,0.912830148611239,0.9067240321498016,0.1883315403387821,0.004432731800532005,0.5,1.25
HistoKit (no postprocessing),gaussian,22c86e01-80fd-7f77-3526-d5f72a54b219_141444_1.png,35142609,830527,29445,1517369,0.9784662363442538,0.957840329077947,0.9991628296715341,0.9586096587401116,0.9587735591332078,0.9784662363442538,0.9657605131329857,0.35373244811524873,0.0008371703284658894,0.5,1.25
HistoKit (no postprocessing),gaussian,015b92ff-7984-c969-27c5-4144ab20b802_144644_9.png,1132117,9401327,3707,44437,0.97917987457068,0.9592090224111447,0.9967362901294566,0.9622312278059486,0.9954502103086985,0.9791798745706801,0.9996058493781096,0.9952955631751969,0.0032637098705433237,0.5,1.25
HistoKit (no postprocessing),gaussian,cfd234aa-a9c1-9363-1732-dc841509f243_163200_2.png,13655052,1912022,1051574,1851917,0.9039011742892562,0.8246529903023473,0.9284965837847512,0.8805751788115395,0.842804429642515,0.9039011742892562,0.6451695845182677,0.5079843217437903,0.07150341621524883,0.5,1.25
HistoKit (no postprocessing),gaussian,d89a4519-168e-fe8e-eec5-c3f8080d7609_170312_2.png,22131706,522739,26941,2435094,0.9473084762570597,0.8998918058053876,0.9987841766692704,0.9008786655160623,0.9019753166048746,0.9473084762570597,0.9509878474748945,0.17673039688177122,0.0012158233307295342,0.5,1.25
HistoKit (no postprocessing),gaussian,4adc5212-3bb5-0299-1727-5490f70e71c6_162331_2.png,5196417,920215,9664,2740963,0.7907227784219089,0.6538804868829216,0.9981437092507781,0.654676606134518,0.6897996325583814,0.7907227784219089,0.9896072499755344,0.25134396634088807,0.0018562907492219196,0.5,1.25
HistoKit (no postprocessing),gaussian,31439255-cb2a-2a33-e39f-915211d58cf0_143129_7.png,8265130,1931115,1676824,1344091,0.8454867802063047,0.7323318310355842,0.8313385879677174,0.8601248738061077,0.7714399311198472,0.8454867802063047,0.5352404793983491,0.5896163477961386,0.16866141203228258,0.5,1.25
HistoKit (no postprocessing),gaussian,110ff982-b33a-42d4-9522-02719d6987c7_164031_3.png,5187851,209432,2328,746641,0.9326749528143349,0.8738434043814702,0.9995514605565627,0.8741861982457808,0.8781421588311056,0.932674952814335,0.9890064223649414,0.21905440274958085,0.00044853944343730724,0.5,1.25
HistoKit (no postprocessing),gaussian,dfdc8007-a219-a302-d10c-929e29813dc8_163630_6.png,2527530,238887,14,43285,0.991507267338373,0.9831575729074162,0.9999944610261977,0.9831629269317318,0.9845895457049751,0.9915072673383729,0.9999413983198061,0.8466006549196944,5.538973802236479e-06,0.5,1.25
HistoKit (no postprocessing),gaussian,dad7b6f2-9f0b-8c2a-a00e-ff89c406e2d2_171435_2.png,6550276,1412226,13380,124206,0.9896068465217691,0.9794275061297616,0.9979615019434291,0.9813909154298416,0.9830142586105237,0.9896068465217692,0.9906145176156665,0.9191594551532382,0.0020384980565709113,0.5,1.25
HistoKit (no postprocessing),gaussian,191c1954-41f1-2c63-fab4-33ae150d32f8_151532_3.png,48926056,585802,4636,4079178,0.9599374414865275,0.922961252310183,0.9999052537413532,0.9230419773262392,0.9238032876983052,0.9599374414865276,0.9921482018433773,0.1255743861710018,9.474625864682232e-05,0.5,1.25
HistoKit (no postprocessing),gaussian,e04480a3-f748-c87a-3eb6-396b6ccbcb83_134430_3.png,25392066,1487553,39954,236201,0.994591589350056,0.989241365811834,0.998428988338323,0.9907835750267469,0.9898307078266302,0.994591589350056,0.9738436550536266,0.8629729068068878,0.001571011661676894,0.5,1.25
HistoKit (no postprocessing),gaussian,75867af4-ee91-110d-5a8d-03a78d8d262a_171204_5.png,7987267,144814,1008,2229755,0.877466267097977,0.7816836513496241,0.9998738150601976,0.7817607713872007,0.7847344802256987,0.877466267097977,0.9930874627971088,0.06098538303161542,0.0001261849398023979,0.5,1.25
HistoKit (no postprocessing),gaussian,22c86e01-80fd-7f77-3526-d5f72a54b219_141444_2.png,30407698,568685,43877,501539,0.9911113301434147,0.9823792850050563,0.9985591221472124,0.9837738149278806,0.9826971804496311,0.9911113301434147,0.928371332208005,0.5313700683221456,0.0014408778527875816,0.5,1.25
HistoKit (no postprocessing),gaussian,2f6f5632-66e3-03e5-2957-29197ae74c65_142917_4.png,4158992,458684,2925,43291,0.9944745462805767,0.9890098183014966,0.9992971988629278,0.989698218801542,0.9900906796298028,0.9944745462805767,0.9936634684332412,0.9137586533193884,0.0007028011370721713,0.5,1.25
HistoKit (no postprocessing),gaussian,098b4b43-88d6-52e4-6dfc-ff0d08e21e37_154649_2.png,44775597,720653,30115,358335,0.9956809924664589,0.9913991321459744,0.9993278758743974,0.9920606296832282,0.99153421510874,0.9956809924664589,0.9598877416192485,0.6678971406540203,0.0006721241256025571,0.5,1.25
HistoKit (no postprocessing),gaussian,6520c4c0-cf13-4bc7-106a-ea8d45dc1109_165944_1.png,0,8720308,6174932,0,0.0,0.0,0.0,,0.5854425977694888,,0.5854425977694888,1.0,1.0,0.5,1.25
HistoKit (no postprocessing),gaussian,6875bf3f-1b6d-1a53-f365-0d72c060072a_140344_4.png,9857308,321053,18468,693781,0.965131751739682,0.9326131643927934,0.9981299697360491,0.9342455551270584,0.9345997148001811,0.965131751739682,0.9456057210010573,0.31636011406791653,0.0018700302639509036,0.5,1.25
HistoKit (no postprocessing),gaussian,00a8cbc5-e358-18d7-ac64-8f4f6e3173fd_135812_5.png,5813265,2988641,19676,82594,0.99128043789646,0.982711622870966,0.9966267445530479,0.9859911846602845,0.9885143779727624,0.99128043789646,0.9934594658741084,0.9731072353629728,0.0033732554469520608,0.5,1.25
HistoKit (no postprocessing),gaussian,8b8e8141-b9e0-9b57-cdad-61702acf8a5e_150400_1.png,4569536,224144,7611,689313,0.9291455588229194,0.8676674654321879,0.9983371737896991,0.8689232187499584,0.8730697023496868,0.9291455588229193,0.9671592845893292,0.24537991388757216,0.0016628262103008707,0.5,1.25
HistoKit (no postprocessing),gaussian,ec461d09-d9f6-ab63-cb21-aeb55b7abbf3_142116_1.png,35866834,1676052,116063,134895,0.996513727806268,0.9930516793496125,0.996774495394298,0.9962530966221095,0.9933598180698423,0.9965137278062679,0.9352368570097344,0.9255113484823134,0.0032255046057019813,0.5,1.25
HistoKit (no postprocessing),gaussian,0584763b-507d-517f-59c7-4dbcdbe7ec5e_135202_1.png,7364969,1058853,13025,65786,0.9946780784791477,0.9894125027875622,0.9982346149915546,0.9911467946393065,0.9907309888595686,0.9946780784791478,0.9878484305116814,0.9415047850910381,0.001765385008445385,0.5,1.25
HistoKit (no postprocessing),gaussian,654bcee2-3394-aaf6-25f2-380d7ca46c60_144121_6.png,2473694,686857,1218,464931,0.9138919711826113,0.8414374509114942,0.9995078612896136,0.8417862095367732,0.8714674497477045,0.9138919711826113,0.9982298441303636,0.5963397778063324,0.0004921387103864703,0.5,1.25
HistoKit (no postprocessing),gaussian,8a46ca7f-3853-419d-26c8-1bf78b04ebee_163832_4.png,24156072,721798,7624,313381,0.9933994609314729,0.9868854847333283,0.9996844853535651,0.9871929707623623,0.9872611376499943,0.9933994609314729,0.9895478886022083,0.6972687815344013,0.00031551464643488314,0.5,1.25
HistoKit (no postprocessing),gaussian,302e8390-e88c-6502-e08e-b8e893212016_162708_2.png,48309415,2275717,88490,867728,0.9902001790457741,0.9805905670591911,0.9981716150730078,0.9823550546643184,0.9814475561854705,0.9902001790457741,0.9625709593110925,0.7239563599808491,0.001828384926992191,0.5,1.25
HistoKit (no postprocessing),gaussian,34677a0d-5045-a6c6-f661-b69bd9d6f859_140044_1.png,7121195,159468,41549,79116,0.9915989321213349,0.9833378441450125,0.9941992901044627,0.9890121412811197,0.9836968446743611,0.9915989321213349,0.793306038792739,0.6683935217784931,0.005800709895537241,0.5,1.25
HistoKit (no postprocessing),gaussian,cfd234aa-a9c1-9363-1732-dc841509f243_163200_4.png,14719052,5478340,927271,2743196,0.8891384650820477,0.8004044042696277,0.9407355325593112,0.8429070529750808,0.8462171659385117,0.8891384650820479,0.8552408193379211,0.6663402069880859,0.05926446744068878,0.5,1.25
HistoKit (no postprocessing),gaussian,73f410c7-98a8-a0f8-02ae-aabdcdcb9cee_162913_2.png,17021464,1358356,29311,33780,0.998150150564333,0.9963071323777529,0.998280957903673,0.9980193775005506,0.9965791192073746,0.9981501505643329,0.9788774972669956,0.9757351293264451,0.0017190420963269998,0.5,1.25
HistoKit (no postprocessing),gaussian,7530b966-b7ee-7dd8-6676-04339b0c22b7_154932_1.png,16924175,455151,220206,743293,0.9723226709388518,0.9461361493953881,0.987155791743079,0.9579287196105294,0.9474727039046603,0.9723226709388519,0.6739413376925093,0.37978495449099,0.012844208256921029,0.5,1.25
HistoKit (no postprocessing),gaussian,cfd234aa-a9c1-9363-1732-dc841509f243_163200_3.png,10797891,862913,28704,5580316,0.7938224288491421,0.658130649943795,0.9973487509230742,0.6592840718156755,0.6752126715362009,0.7938224288491421,0.9678068049397892,0.13392555192435346,0.0026512490769258477,0.5,1.25
HistoKit (no postprocessing),gaussian,75867af4-ee91-110d-5a8d-03a78d8d262a_171204_3.png,17392389,324269,20589,4294978,0.8896284163221577,0.8011988323543682,0.9988176060407358,0.8019594540914072,0.8041247763219557,0.8896284163221577,0.9402971657899774,0.07019953685091965,0.0011823939592641765,0.5,1.25
HistoKit (no postprocessing),gaussian,745e05db-827a-cff7-7148-db0494ae96fc_133425_1.png,35008927,2360418,95048,253719,0.9950435732873971,0.9901360365865489,0.9972923864035341,0.9928048791347082,0.9907533282683927,0.9950435732873972,0.9612912579526656,0.902943495310307,0.002707613596465927,0.5,1.25
HistoKit (no postprocessing),gaussian,91e6ffad-da04-5736-d731-feb79e91105c_134712_4.png,7838842,303882,36634,1876130,0.8912612117667498,0.8038513861203991,0.9953483446587863,0.8068826137635806,0.8097790977424467,0.8912612117667497,0.8924162153907599,0.13939464553406128,0.004651655341213661,0.5,1.25
HistoKit (no postprocessing),gaussian,e7510405-61bb-4166-6cb6-90d49adffbe4_135053_1.png,7507804,427876,1140717,22651,0.928093842280253,0.8658349759409686,0.8681026501525521,0.9969920808238015,0.8721439869313801,0.9280938422802529,0.2727769408635637,0.9497233240183163,0.13189734984744791,0.5,1.25
HistoKit (no postprocessing),gaussian,22c86e01-80fd-7f77-3526-d5f72a54b219_141444_3.png,15822098,746430,29984,663623,0.9785512021333052,0.9580031854528765,0.9981085134432184,0.9597455883185212,0.9598191648947247,0.978551202133305,0.9613814279495217,0.5293630806785277,0.0018914865567816266,0.5,1.25
HistoKit (no postprocessing),gaussian,778d67ae-3cb9-eeb7-6fac-a66f6e936029_142330_1.png,16550038,347272,64049,1931489,0.9431399604520383,0.892398165470838,0.9961448980013166,0.8954908325486308,0.89437600937667,0.9431399604520382,0.8442846341421907,0.15239509540491522,0.0038551019986834065,0.5,1.25
HistoKit (no postprocessing),gaussian,91e6ffad-da04-5736-d731-feb79e91105c_134712_1.png,82766078,3007985,149166,3008551,0.9812809332069389,0.9632497959383661,0.9982009821981589,0.9649249313570333,0.9644928168535477,0.9812809332069389,0.9527529725375822,0.49995296296739516,0.0017990178018411187,0.5,1.25
HistoKit (no postprocessing),gaussian,e0661871-0847-f23e-2d1f-8518496574c0_141209_3.png,42625010,1701482,78571,118275,0.9976962759523562,0.995403141797497,0.9981600840454106,0.997232898688063,0.9955788130710236,0.9976962759523562,0.9558603030359208,0.9350050583676831,0.001839915954589382,0.5,1.25
HistoKit (no postprocessing),gaussian,6875bf3f-1b6d-1a53-f365-0d72c060072a_140344_3.png,7513037,636389,4283,1202547,0.925655323286579,0.8615999533020401,0.9994302490781289,0.8620233595362055,0.8710135763707192,0.9256553232865788,0.9933148319264772,0.34606370205379633,0.0005697509218710923,0.5,1.25
HistoKit (no postprocessing),gaussian,dad7b6f2-9f0b-8c2a-a00e-ff89c406e2d2_171435_1.png,23708398,1069454,28777,86207,0.9975809027139316,0.9951734812462815,0.9987876821904881,0.9963770358869164,0.9953808396921909,0.9975809027139316,0.9737969516431425,0.9254045952922181,0.0012123178095118732,0.5,1.25
HistoKit (no postprocessing),gaussian,bc7dd6a2-14aa-d481-064a-28427e54cce1_153909_3.png,23757904,1332035,219034,2205007,0.951460786355201,0.9074155491503783,0.9908648051723702,0.9150708870819608,0.9118978424786236,0.9514607863552009,0.8587851346394003,0.37659575430543374,0.009135194827629783,0.5,1.25
HistoKit (no postprocessing),gaussian,c4a5bf6f-509c-e7c4-3751-4f823d57d1f3_145315_3.png,21614742,1114681,95661,2771541,0.9378002574848873,0.8828850356001141,0.9955937713362576,0.8863483623149949,0.8879851542928022,0.9378002574848874,0.9209636615105482,0.28682895624593757,0.004406228663742446,0.5,1.25
HistoKit (no postprocessing),gaussian,00a8cbc5-e358-18d7-ac64-8f4f6e3173fd_135812_2.png,8529089,5770739,137130,153602,0.9832420595876052,0.9670365192218754,0.9841764903471745,0.9823094015438302,0.9800739656325734,0.9832420595876052,0.9767885848518306,0.974072728089082,0.01582350965282553,0.5,1.25
HistoKit (no postprocessing),gaussian,7a951edf-c71d-16ea-3e52-69a0dd7b54e1_133148_1.png,12592378,2860463,275,359304,0.9859233368181243,0.9722374773171344,0.9999781618694646,0.9722581206054935,0.9772597110372733,0.9859233368181243,0.9999038709591721,0.888406831922931,2.1838130535320874e-05,0.5,1.25
HistoKit (no postprocessing),gaussian,0584763b-507d-517f-59c7-4dbcdbe7ec5e_135202_2.png,16984327,1479637,70941,167856,0.9930191524647657,0.9861350937263181,0.99584052270536,0.9902137238157965,0.9872319921106836,0.9930191524647657,0.9542486737203804,0.8981142863732957,0.00415947729463999,0.5,1.25
HistoKit (no postprocessing),gaussian,778d67ae-3cb9-eeb7-6fac-a66f6e936029_142330_3.png,17918765,633733,2843,2520299,0.9342258133538432,0.8765701262607251,0.9998413646811156,0.8766920540001245,0.8802815952445572,0.9342258133538431,0.9955339189664706,0.20092789166374977,0.00015863531888433226,0.5,1.25
HistoKit (no postprocessing),gaussian,dad7b6f2-9f0b-8c2a-a00e-ff89c406e2d2_171435_3.png,5761804,595466,21385,328391,0.9705411700657538,0.9427683185035621,0.9963022131906808,0.9460787380371236,0.947849470541875,0.9705411700657538,0.9653319845473218,0.6445434737194177,0.003697786809319218,0.5,1.25
HistoKit (no postprocessing),gaussian,1d49a2ac-7490-df96-fb85-41e83b5a5b35_151838_1.png,0,6049676,186024,0,0.0,0.0,0.0,,0.9701679041647289,,0.9701679041647289,1.0,1.0,0.5,1.25
HistoKit (no postprocessing),gaussian,7a951edf-c71d-16ea-3e52-69a0dd7b54e1_133148_5.png,5764664,2905531,271,421379,0.9647183686556866,0.9318414810499435,0.9999529916642599,0.9318823034369467,0.9536232744838918,0.9647183686556865,0.9999067383118326,0.8733422304781313,4.7008335740125434e-05,0.5,1.25
HistoKit (no postprocessing),gaussian,3c8a2c44-1287-eab9-5fb8-1902a0075b0d_153549_25.png,37436366,2820621,71151,105596,0.9976449270220783,0.995300920718793,0.998103020255913,0.9971872540918346,0.995628724272658,0.9976449270220783,0.975395363119914,0.9639138177380556,0.001896979744087032,0.5,1.25
HistoKit (no postprocessing),gaussian,2f6f5632-66e3-03e5-2957-29197ae74c65_142917_3.png,5393235,642873,4783,80945,0.992114933889173,0.9843532434878643,0.9991139340402347,0.9852133104866848,0.9859963579553584,0.9921149338891732,0.9926149066788542,0.8881694017004275,0.0008860659597652324,0.5,1.25
HistoKit (no postprocessing),gaussian,7a951edf-c71d-16ea-3e52-69a0dd7b54e1_133148_3.png,8631660,1490402,610,374576,0.9787291508702608,0.9583443527290241,0.9999293349258075,0.9584092622045436,0.9642586323577379,0.9787291508702608,0.9995908818976641,0.799152590539942,7.066507419253569e-05,0.5,1.25
HistoKit (no postprocessing),gaussian,6c5eefac-6637-5ca1-aed4-decff7ee7c9b_152621_1.png,35011211,361385,373689,228521,0.9914730883128707,0.983090363601969,0.9894393088577331,0.9935152458026639,0.9832602293949827,0.9914730883128708,0.4916307745886809,0.6126145521489864,0.010560691142266898,0.5,1.25
HistoKit (no postprocessing),gaussian,6875bf3f-1b6d-1a53-f365-0d72c060072a_140344_5.png,10242431,467311,23214,1717554,0.9216774507629255,0.8547326135533592,0.9977386710722999,0.8563916259092298,0.8601850044696964,0.9216774507629255,0.9526751949441924,0.2138855261080204,0.0022613289277001103,0.5,1.25
HistoKit (no postprocessing),gaussian,e92b8137-1dab-8f48-a38e-05fbbeabd072_134925_1.png,6169593,31215,23769,183000,0.9835190704892534,0.9675725750827823,0.9961621813806459,0.9711928656534426,0.9677305477561955,0.9835190704892534,0.5677106067219555,0.14571808696869967,0.003837818619354076,0.5,1.25
HistoKit (no postprocessing),gaussian,6875bf3f-1b6d-1a53-f365-0d72c060072a_140344_2.png,15800428,757130,25237,394355,0.986896123377162,0.9741312279516301,0.9984053118778895,0.9756492569242824,0.9752848976418304,0.986896123377162,0.9677427601113032,0.6575248483480028,0.0015946881221105085,0.5,1.25
HistoKit (no postprocessing),gaussian,e75d7a32-60ad-6f71-61b5-c428fc2cae22_164833_1.png,39618982,11452501,63054,435447,0.993748142709863,0.9875739711786006,0.9984110190313824,0.9891286179613246,0.9903335048542966,0.993748142709863,0.9945244497551355,0.9633707179742038,0.0015889809686176384,0.5,1.25
HistoKit (no postprocessing),gaussian,654bcee2-3394-aaf6-25f2-380d7ca46c60_144121_2.png,5358064,1832447,1589,71308,0.9932434117077308,0.9865775136297241,0.9997035255827196,0.9868662526715797,0.9899638021160315,0.9932434117077308,0.9991336047929267,0.9625434995574536,0.00029647441728037244,0.5,1.25
HistoKit (no postprocessing),gaussian,59481929-3828-f3c5-2452-07bdbf0def53_144939_3.png,23507157,1216944,14303,391189,0.9914488895209735,0.9830427820857488,0.9993919169983496,0.9836311266060003,0.9838639646889625,0.9914488895209737,0.9883833219492109,0.7567433788125734,0.0006080830016504077,0.5,1.25
HistoKit (no postprocessing),gaussian,7530b966-b7ee-7dd8-6676-04339b0c22b7_154932_2.png,10376931,1298340,19602,2080635,0.9081023933605958,0.8316735816973851,0.9981145637685178,0.8329822214066536,0.8475383267172434,0.9081023933605958,0.9851268113467816,0.3842407830777085,0.0018854362314821682,0.5,1.25
HistoKit (no postprocessing),gaussian,c4a5bf6f-509c-e7c4-3751-4f823d57d1f3_145315_1.png,22698205,1091933,38134,1329518,0.970754208648513,0.9431704426732029,0.9983227730726569,0.9446673328138501,0.9456370372755317,0.9707542086485129,0.9662550981490478,0.45094160484767193,0.001677226927343052,0.5,1.25
HistoKit (no postprocessing),gaussian,d89a4519-168e-fe8e-eec5-c3f8080d7609_170312_1.png,15742162,492788,26993,335747,0.9886099390512105,0.9774764230170416,0.9982882405556924,0.9791174959380601,0.9781451515240976,0.9886099390512105,0.948068513470096,0.5947702873143561,0.0017117594443075738,0.5,1.25
HistoKit (no postprocessing),gaussian,00a8cbc5-e358-18d7-ac64-8f4f6e3173fd_135812_1.png,0,9342323,15421,0,0.0,0.0,0.0,,0.9983520600691791,,0.9983520600691791,1.0,1.0,0.5,1.25
HistoKit (no postprocessing),gaussian,654bcee2-3394-aaf6-25f2-380d7ca46c60_144121_1.png,8609844,961706,12609,464941,0.9730155632195261,0.9474491807002096,0.9985376551197206,0.9487656181386116,0.9524783313928611,0.9730155632195261,0.987058600144717,0.6741022831856794,0.0014623448802794285,0.5,1.25
HistoKit (no postprocessing),gaussian,098b4b43-88d6-52e4-6dfc-ff0d08e21e37_154649_3.png,45013939,6962755,88536,289783,0.9958153421717318,0.991665561118374,0.9980370035125566,0.9936035498363689,0.9927739679865994,0.9958153421717317,0.9874440013892491,0.960043918418628,0.0019629964874433165,0.5,1.25
HistoKit (no postprocessing),gaussian,34677a0d-5045-a6c6-f661-b69bd9d6f859_140044_3.png,4381654,132601,10438,7527,0.9979541690595429,0.995916691877183,0.9976234559749659,0.9982851014802078,0.9960361588801956,0.997954169059543,0.9270268947629667,0.9462848253025805,0.002376544025034084,0.5,1.25
HistoKit (no postprocessing),gaussian,6c5eefac-6637-5ca1-aed4-decff7ee7c9b_152621_2.png,36562071,946838,110247,4158272,0.9448459460516547,0.8954578172884594,0.9969937269850245,0.8978821961298312,0.8978271472336689,0.9448459460516546,0.8957065893471197,0.18546867746238574,0.003006273014975492,0.5,1.25
HistoKit (no postprocessing),gaussian,98188e68-f597-a02c-6cf5-9f993d1f10ac_162142_1.png,29063795,1199791,77074,234850,0.9946624470559423,0.9893815705413032,0.9973551234865371,0.9919842709449532,0.9897982404872396,0.9946624470559423,0.9396380979978306,0.836300510023065,0.0026448765134629306,0.5,1.25
HistoKit (no postprocessing),gaussian,997c9bdf-d489-63a3-9c13-1b5273502c59_152111_5.png,1625698,4461102,157787,132141,0.9181300553126458,0.8486510414872214,0.9115288325946111,0.9248275865992278,0.9545334221563159,0.9181300553126457,0.9658387547308455,0.9712314371349393,0.08847116740538889,0.5,1.25
HistoKit (no postprocessing),gaussian,8a46ca7f-3853-419d-26c8-1bf78b04ebee_163832_1.png,8229536,1143612,109127,562989,0.960766527108336,0.924495363332559,0.9869131298386804,0.9359695878032761,0.9330912557400184,0.960766527108336,0.9128892770162021,0.6701109398154578,0.013086870161319627,0.5,1.25
HistoKit (no postprocessing),gaussian,997c9bdf-d489-63a3-9c13-1b5273502c59_152111_1.png,11820916,1155775,124,54625,0.9976895823072536,0.9953898160650372,0.9999895102292184,0.9954002095567688,0.9957986991460652,0.9976895823072536,0.9998927241913005,0.9548702908129544,1.0489770781589437e-05,0.5,1.25
HistoKit (no postprocessing),gaussian,b3ac8263-eb4f-ecee-6126-3ea976dfb769_143901_1.png,31627500,1204726,40742,158712,0.9968567375900831,0.9937331734604574,0.9987134745275724,0.9950068916673682,0.9939617361272572,0.9968567375900831,0.9672877986427592,0.8835942668460172,0.0012865254724275506,0.5,1.25
HistoKit (no postprocessing),gaussian,7ba3b133-6b39-da9f-5b13-68d3bea507d2_165139_1.png,22797246,2859049,7164,787673,0.9828659517795569,0.9663091639682685,0.9996858502368621,0.9666026836895221,0.9699507378360972,0.9828659517795569,0.9975005346776391,0.7840051969960967,0.0003141497631379194,0.5,1.25
HistoKit (no postprocessing),gaussian,302e8390-e88c-6502-e08e-b8e893212016_162708_1.png,14934022,4958035,369084,134893,0.9834065372205557,0.9673547718198453,0.9758817589056757,0.9910482606080132,0.9752904412691212,0.9834065372205557,0.9307160211739216,0.9735136644382171,0.024118241094324252,0.5,1.25
HistoKit (no postprocessing),gaussian,7a951edf-c71d-16ea-3e52-69a0dd7b54e1_133148_6.png,7815326,2661204,0,41692,0.9973397725317923,0.9946936611319969,1.0,0.9946936611319969,0.9960362122039257,0.9973397725317923,1.0,0.9845750631914806,0.0,0.5,1.25
HistoKit (no postprocessing),gaussian,7530b966-b7ee-7dd8-6676-04339b0c22b7_154932_3.png,23417457,883579,38826,1605344,0.9660849615062859,0.9343949217662525,0.9983447505301671,0.935844752152247,0.9366291406589718,0.9660849615062859,0.9579078604300714,0.3550045541786548,0.0016552494698328802,0.5,1.25
HistoKit (no postprocessing),gaussian,00a8cbc5-e358-18d7-ac64-8f4f6e3173fd_135812_4.png,10652837,1408321,20048,233206,0.9882529409625562,0.9767786643262009,0.9981215950513849,0.9785775235317369,0.9794343408357622,0.9882529409625562,0.9859644111570609,0.8579334972863681,0.001878404948615112,0.5,1.25
HistoKit (no postprocessing),gaussian,c4a5bf6f-509c-e7c4-3751-4f823d57d1f3_145315_4.png,16675349,1067451,25647,7742808,0.8110745374546018,0.6821912415923479,0.9984643430846879,0.6829077640871913,0.6954891086306808,0.8110745374546018,0.9765373278516656,0.12116000222013905,0.0015356569153121167,0.5,1.25
HistoKit (no postprocessing),gaussian,ec461d09-d9f6-ab63-cb21-aeb55b7abbf3_142116_2.png,39529942,1594005,88811,249492,0.995739159635975,0.9915144747404858,0.9977583595324164,0.9937281158902361,0.9918406984666776,0.9957391596359751,0.9472247708602723,0.8646637341964755,0.002241640467583621,0.5,1.25
HistoKit (no postprocessing),gaussian,59481929-3828-f3c5-2452-07bdbf0def53_144939_1.png,25512212,887046,15121,116502,0.9974270294966302,0.9948672653680699,0.9994076545324966,0.9954542393348336,0.9950388756408052,0.9974270294966302,0.983239245062167,0.8839098877183752,0.0005923454675034012,0.5,1.25
HistoKit (no postprocessing),gaussian,7a951edf-c71d-16ea-3e52-69a0dd7b54e1_133148_2.png,7957576,483415,22,342734,0.9789175827541895,0.9587057481556159,0.9999972353466461,0.9587082892084754,0.9609783842817877,0.9789175827541896,0.9999544925191907,0.585142631656033,2.7646533539392165e-06,0.5,1.25
HistoKit (no postprocessing),gaussian,e04480a3-f748-c87a-3eb6-396b6ccbcb83_134430_1.png,63541007,716495,581245,126983,0.9944578866984226,0.9889768648607256,0.9909353620331364,0.9980055440732463,0.9890984369759256,0.9944578866984225,0.552109821690015,0.8494530977689994,0.009064637966863671,0.5,1.25
HistoKit (no postprocessing),gaussian,dfdc8007-a219-a302-d10c-929e29813dc8_163630_1.png,3833988,375526,557,107121,0.9861519043928653,0.9726821095445428,0.99985474156647,0.9728195794635469,0.9750583249482534,0.9861519043928653,0.9985189439565202,0.7780551831877127,0.00014525843352992336,0.5,1.25
HistoKit (no postprocessing),gaussian,e04480a3-f748-c87a-3eb6-396b6ccbcb83_134430_2.png,14566904,671301,17562,39385,0.9980491426138173,0.9961058820963097,0.9987958420966527,0.9973035587615718,0.9962767941109706,0.9980491426138174,0.9745058161056698,0.9445817140059042,0.0012041579033473012,0.5,1.25
HistoKit (no postprocessing),gaussian,d28668ca-fcc7-90f7-7049-f08e38cdd015_141933_2.png,11231289,784086,5207,261646,0.9882595829169679,0.9767916416408843,0.9995365993099629,0.9772341877858006,0.9782732416301017,0.988259582916968,0.993402956823385,0.7497963149258128,0.00046340069003717886,0.5,1.25
HistoKit (no postprocessing),gaussian,7ba3b133-6b39-da9f-5b13-68d3bea507d2_165139_3.png,14882859,562203,8244,2630408,0.9185711063044891,0.8494049970918603,0.9994463808355902,0.849804836527645,0.8540868319417129,0.9185711063044892,0.985548175378256,0.17609505198096478,0.0005536191644097821,0.5,1.25
HistoKit (no postprocessing),gaussian,bb1fc306-b767-ee67-c337-445c06bd68ce_150126_2.png,26952687,9898575,310961,1227442,0.9722529184835297,0.946004066534485,0.9885942996329765,0.9564429957009778,0.9599266365049031,0.9722529184835297,0.969542102598982,0.8896782199775535,0.011405700367023519,0.5,1.25
HistoKit (no postprocessing),gaussian,e338d5a6-7427-4506-5755-323615d750be_135343_3.png,7546423,549976,7548,1010543,0.9368074619123643,0.8811268216737108,0.9990007904451844,0.8819040533759279,0.8882997293320855,0.9368074619123644,0.9864615693674174,0.35243146671075454,0.0009992095548156063,0.5,1.25
HistoKit (no postprocessing),gaussian,0584763b-507d-517f-59c7-4dbcdbe7ec5e_135202_6.png,12902672,558188,72034,17221,0.9965531422208932,0.9931299644771711,0.9944481208283256,0.9986670942243872,0.9934129710338252,0.9965531422208933,0.8857005943937216,0.9700717228962356,0.005551879171674487,0.5,1.25
HistoKit (no postprocessing),gaussian,e75d7a32-60ad-6f71-61b5-c428fc2cae22_164833_5.png,45218019,4931707,763365,79609,0.9907648649834203,0.98169874453206,0.983398390096305,0.9982425349071258,0.9834687317988653,0.9907648649834202,0.8659604303510122,0.9841141528492715,0.016601609903694938,0.5,1.25
HistoKit (no postprocessing),gaussian,110ff982-b33a-42d4-9522-02719d6987c7_164031_2.png,5866171,175642,5535,1046284,0.9177248315317681,0.8479588724470547,0.9990573438111513,0.8486378573169735,0.8517234894620979,0.9177248315317682,0.9694497645948437,0.14374192872563477,0.0009426561888486924,0.5,1.25
HistoKit (no postprocessing),gaussian,015b92ff-7984-c969-27c5-4144ab20b802_144644_7.png,22008358,4805907,87413,857702,0.9789796149538483,0.9588247495270106,0.9960439036049025,0.96249017102203,0.9659533101964093,0.9789796149538484,0.9821362592268644,0.8485591078056413,0.003956096395097505,0.5,1.25
HistoKit (no postprocessing),gaussian,bc7dd6a2-14aa-d481-064a-28427e54cce1_153909_1.png,22793797,493112,12817,2189857,0.9539095700404945,0.9118806010656464,0.9994380139024583,0.9123484098843188,0.9135853262095343,0.9539095700404946,0.9746664057604921,0.18379340201098113,0.0005619860975417043,0.5,1.25
HistoKit (no postprocessing),gaussian,31439255-cb2a-2a33-e39f-915211d58cf0_143129_8.png,7029105,4752312,327011,943682,0.9171047660749109,0.8469007318009426,0.9555456983005706,0.8816371238815235,0.9026446298721049,0.9171047660749109,0.9356191760201114,0.8343253170561626,0.044454301699429426,0.5,1.25
HistoKit (no postprocessing),gaussian,091684ab-dffb-81d6-97c1-29bfeceeac37_154424_1.png,0,6267842,20721,0,0.0,0.0,0.0,,0.996704970595031,,0.996704970595031,1.0,1.0,0.5,1.25
HistoKit (no postprocessing),gaussian,31439255-cb2a-2a33-e39f-915211d58cf0_143129_5.png,3875664,238574,3438,1591222,0.8293749146692677,0.7084889304545764,0.9991137124004473,0.7089344829945238,0.7206711347794268,0.8293749146692678,0.9857940928548997,0.13038284049150833,0.00088628759955268,0.5,1.25
HistoKit (no postprocessing),gaussian,dfdc8007-a219-a302-d10c-929e29813dc8_163630_4.png,1810092,705287,1849,155708,0.9582933292674114,0.9199262673373148,0.9989795473472922,0.9207915352528233,0.9410547053876337,0.9582933292674114,0.9973852271698797,0.8191534213322957,0.001020452652707787,0.5,1.25
HistoKit (no postprocessing),gaussian,8a22c195-cd7e-901b-eb5d-b1439c8b19ac_152323_2.png,2673787,490814,11502,36721,0.9910628587398673,0.9822840474502298,0.9957166621544273,0.9864523550566905,0.9849904632186512,0.9910628587398674,0.9771020632430581,0.9303913484413356,0.004283337845572674,0.5,1.25
HistoKit (no postprocessing),gaussian,bc7dd6a2-14aa-d481-064a-28427e54cce1_153909_2.png,11725487,454540,9008,2319473,0.9096768725327979,0.8343186066739301,0.9992323487291102,0.834853712648523,0.8395092727660212,0.9096768725327978,0.9805672767437245,0.16385647796171107,0.0007676512708897997,0.5,1.25
HistoKit (no postprocessing),gaussian,e338d5a6-7427-4506-5755-323615d750be_135343_2.png,6370775,922196,142,54907,0.9956981538610377,0.9914331609455845,0.9999777112148848,0.9914550704501094,0.9925083219697279,0.9956981538610375,0.999846043424428,0.9438063336209181,2.2288785115235375e-05,0.5,1.25
HistoKit (no postprocessing),gaussian,7ba3b133-6b39-da9f-5b13-68d3bea507d2_165139_2.png,10228428,5175681,75802,152575,0.9889594185378526,0.9781599637747859,0.9926436036462696,0.9853024799241461,0.9853908712920005,0.9889594185378526,0.9855656011835133,0.9713649269104188,0.007356396353730458,0.5,1.25
HistoKit (no postprocessing),gaussian,73f410c7-98a8-a0f8-02ae-aabdcdcb9cee_162913_1.png,14949188,3077173,38607,72444,0.9962994628321293,0.9926262126384582,0.9974241040793526,0.9951773548972574,0.9938772411411286,0.9962994628321292,0.9876092021901418,0.97699910814553,0.0025758959206474336,0.5,1.25
HistoKit (no postprocessing),gaussian,00a8cbc5-e358-18d7-ac64-8f4f6e3173fd_135812_3.png,6468641,2157547,2745,115390,0.990951265670028,0.9820648220009304,0.9995758250241911,0.9824742623477927,0.9864900919144912,0.990951265670028,0.9987293384412848,0.9492330847709374,0.0004241749758088916,0.5,1.25
HistoKit (no postprocessing),gaussian,098b4b43-88d6-52e4-6dfc-ff0d08e21e37_154649_1.png,38505187,1901095,120095,1018583,0.985429407384238,0.9712773212198155,0.9968907670369889,0.9742285971201634,0.9725916693625412,0.985429407384238,0.940582033356587,0.6511317343898883,0.003109232963011118,0.5,1.25
HistoKit (no postprocessing),gaussian,d28668ca-fcc7-90f7-7049-f08e38cdd015_141933_3.png,1787902,1585212,55460,85871,0.9619785130214533,0.9267423893329629,0.9699136686120252,0.9541721435840947,0.9597856845106411,0.9619785130214533,0.9661967779056386,0.9486135637786992,0.0300863313879748,0.5,1.25
HistoKit (no postprocessing),gaussian,191c1954-41f1-2c63-fab4-33ae150d32f8_151532_2.png,28296540,440221,2410,2245818,0.9617916719322419,0.926395643273506,0.9999148378296722,0.9264687421973117,0.9274413813734128,0.961791671932242,0.9945552841983503,0.16389225919653438,8.516217032787436e-05,0.5,1.25
HistoKit (no postprocessing),gaussian,6c5eefac-6637-5ca1-aed4-decff7ee7c9b_152621_3.png,19708469,754748,130287,1015251,0.9717586766646099,0.9450686863200919,0.9934327031392493,0.951010195080806,0.9469873206485057,0.9717586766646099,0.8527888727564447,0.426411540345503,0.006567296860750744,0.5,1.25
HistoKit (no postprocessing),gaussian,8a22c195-cd7e-901b-eb5d-b1439c8b19ac_152323_1.png,13732890,4732525,162224,295109,0.9836217043565307,0.9677712605362156,0.9883251047814361,0.9789628584946435,0.9758315758366597,0.9836217043565307,0.966857544687174,0.9413026087420047,0.011674895218563878,0.5,1.25
HistoKit (no postprocessing),gaussian,31439255-cb2a-2a33-e39f-915211d58cf0_143129_4.png,9515722,379062,34833,1533549,0.9238643083684299,0.8585016885442431,0.9963527774040357,0.8612081285724642,0.8631807303497132,0.92386430836843,0.9158409741601131,0.1981908500996805,0.003647222595964318,0.5,1.25
HistoKit (no postprocessing),gaussian,d89a4519-168e-fe8e-eec5-c3f8080d7609_170312_3.png,19083000,4599129,29469,2715979,0.9328929154499738,0.87422614745675,0.9984581269955232,0.875407972088968,0.8961142748727967,0.9328929154499738,0.9936332772904451,0.6287164864824962,0.0015418730044768156,0.5,1.25
HistoKit (no postprocessing),gaussian,bb1fc306-b767-ee67-c337-445c06bd68ce_150126_1.png,27458721,4535692,760050,153137,0.9836436197055921,0.9678136909227254,0.9730658007749522,0.994453940767043,0.9722499665730713,0.9836436197055921,0.8564790354212876,0.9673400330871524,0.026934199225047754,0.5,1.25
HistoKit (no postprocessing),gaussian,e338d5a6-7427-4506-5755-323615d750be_135343_5.png,4517009,149085,41285,265562,0.9671500444551977,0.9363896849325519,0.9909428834559596,0.944472962345985,0.9382966739400287,0.9671500444551977,0.7831328465619583,0.35954679522581856,0.00905711654404038,0.5,1.25
HistoKit (no postprocessing),gaussian,745e05db-827a-cff7-7148-db0494ae96fc_133425_4.png,24643802,4697932,152101,1078133,0.9756475326596519,0.9524529532230689,0.9938658817950692,0.9580850740817127,0.9597594109741316,0.9756475326596519,0.9686391824550472,0.8133447251718947,0.006134118204930871,0.5,1.25
HistoKit (no postprocessing),gaussian,bb1fc306-b767-ee67-c337-445c06bd68ce_150126_3.png,30801298,1745130,133414,4395298,0.9315193947169471,0.8718168491885511,0.9956872396290614,0.8751215032271871,0.877850441023284,0.9315193947169472,0.9289801037399177,0.28420331612063526,0.00431276037093864,0.5,1.25
HistoKit (no postprocessing),gaussian,e0661871-0847-f23e-2d1f-8518496574c0_141209_2.png,42737086,3073561,121976,633155,0.9912427565371832,0.9826375601869181,0.997154020776283,0.9854011648217496,0.9837835631136669,0.9912427565371832,0.9618292637512881,0.8291870755676993,0.0028459792237170286,0.5,1.25
HistoKit (no postprocessing),gaussian,1d49a2ac-7490-df96-fb85-41e83b5a5b35_151838_3.png,0,5929013,260422,0,0.0,0.0,0.0,,0.9579247540365154,,0.9579247540365154,1.0,1.0,0.9,0.75
HistoKit (no postprocessing),gaussian,1cfd19dd-0b58-a07f-0753-c0e3d9e98b9b_133722_2.png,20035664,764958,2650,4210278,0.9048662350791216,0.8262609226960477,0.9998677533449172,0.8263512302388581,0.8315741668015936,0.9048662350791216,0.9965477170639181,0.15375310839526005,0.00013224665508285776,0.5,1.25
HistoKit (no postprocessing),gaussian,d28668ca-fcc7-90f7-7049-f08e38cdd015_141933_1.png,23136541,3882259,27833,78451,0.9977083774711366,0.9954272339958675,0.9987984566299957,0.996620675122352,0.9960817079866001,0.9977083774711365,0.9928817531659102,0.9801926927242843,0.0012015433700043006,0.5,1.25
HistoKit (no postprocessing),gaussian,538ad0bc-9add-9e27-6ee9-4f1bdd825510_142716_4.png,0,6987044,2932,0,0.0,0.0,0.0,,0.9995805421935641,,0.9995805421935641,1.0,1.0,0.9,0.75
HistoKit (no postprocessing),gaussian,dfdc8007-a219-a302-d10c-929e29813dc8_163630_5.png,11882650,379578,1,160351,0.9932979046924196,0.9866850474657398,0.9999999158436952,0.9866851293959039,0.9870918923444244,0.9932979046924196,0.9999973655023066,0.7030146556306477,8.415630485150157e-08,0.5,1.25
HistoKit (no postprocessing),gaussian,110ff982-b33a-42d4-9522-02719d6987c7_164031_4.png,11782661,433877,16000,3071115,0.8841713799004571,0.7923899458875507,0.9986439139153164,0.7932434823306882,0.7982759410449257,0.8841713799004572,0.9644347232688046,0.12378829965945715,0.0013560860846836772,0.9,0.75
HistoKit (no postprocessing),gaussian,4adc5212-3bb5-0299-1727-5490f70e71c6_162331_3.png,4203973,238596,3702,1266785,0.8687300929809608,0.7679246902890878,0.9991201791963495,0.7684443362327488,0.7776169181607882,0.8687300929809609,0.9847212936136494,0.1584954240820098,0.000879820803650472,0.9,0.75
HistoKit (no postprocessing),gaussian,4adc5212-3bb5-0299-1727-5490f70e71c6_162331_1.png,5664356,614408,15908,3383946,0.7691659866955141,0.6249144713107927,0.9971994259421745,0.6260131458919033,0.6487252622223545,0.7691659866955141,0.9747618654769988,0.1536652332434797,0.0028005740578254815,0.9,0.75
HistoKit (no postprocessing),gaussian,dfdc8007-a219-a302-d10c-929e29813dc8_163630_7.png,2246925,439327,22953,139355,0.9651412172868704,0.9326308414337675,0.9898880027913395,0.9416015723217728,0.9430210351897099,0.9651412172868704,0.9503482737734706,0.7591855284940606,0.010111997208660553,0.9,0.75
HistoKit (no postprocessing),gaussian,a796f488-e06e-b9c5-67ad-c084c09ace36_143658_2.png,39326214,3114941,3170,2011755,0.9750218034301932,0.951261018715522,0.9999193986867427,0.9513339661172033,0.9546760533092437,0.9750218034301931,0.9989833588348843,0.6075922972612381,8.060131325728366e-05,0.5,1.25
HistoKit (no postprocessing),gaussian,745e05db-827a-cff7-7148-db0494ae96fc_133425_2.png,28658558,4341770,164959,257499,0.9926833890392056,0.985473066002921,0.9942769301886373,0.9910949476963612,0.9873601799682409,0.9926833890392056,0.9633971778644778,0.944013059466624,0.005723069811362715,0.5,1.25
HistoKit (no postprocessing),gaussian,2f6f5632-66e3-03e5-2957-29197ae74c65_142917_2.png,23533941,1061641,14242,121510,0.9971241197234941,0.9942647333871208,0.9993951974978281,0.9948633403776576,0.9945109309509952,0.997124119723494,0.9867625011269813,0.8972996684277831,0.0006048025021718236,0.9,0.75
HistoKit (no postprocessing),gaussian,745e05db-827a-cff7-7148-db0494ae96fc_133425_3.png,48878386,4979395,507427,703432,0.9877651006923668,0.9758259682293076,0.9897252476131151,0.9858127025515684,0.9780118230629992,0.9877651006923667,0.9075189608848255,0.876217945751296,0.010274752386884873,0.5,1.25
HistoKit (no postprocessing),gaussian,015b92ff-7984-c969-27c5-4144ab20b802_144644_8.png,19319196,4867523,83557,1253040,0.9665641684104028,0.9352919057622237,0.9956935492607673,0.9390907240224154,0.9476323139203385,0.9665641684104027,0.9831234801295878,0.7952737354390438,0.004306450739232726,0.9,0.75
HistoKit (no postprocessing),gaussian,34677a0d-5045-a6c6-f661-b69bd9d6f859_140044_2.png,23129080,1126536,58165,186226,0.9947445678840285,0.989544086113697,0.9974915088014984,0.992012714737692,0.9900248599928971,0.9947445678840285,0.9509032236826,0.8581418414000406,0.00250849119850159,0.9,0.75
HistoKit (no postprocessing),gaussian,91e6ffad-da04-5736-d731-feb79e91105c_134712_2.png,6769959,190264,1214,935807,0.9352749224128112,0.8784191732689068,0.9998207105327246,0.8785575632584742,0.8813483539320807,0.9352749224128113,0.9936598460397539,0.16896270306224032,0.0001792894672754632,0.9,0.75
HistoKit (no postprocessing),gaussian,59481929-3828-f3c5-2452-07bdbf0def53_144939_2.png,22557021,2394331,6116,253572,0.9942766882951876,0.9886185163688593,0.9997289384007197,0.9888835857971776,0.9896994332641573,0.9942766882951876,0.9974521412053672,0.9042366733222479,0.0002710615992802774,0.9,0.75
HistoKit (no postprocessing),gaussian,654bcee2-3394-aaf6-25f2-380d7ca46c60_144121_7.png,5267913,321883,19,492023,0.9553819469003437,0.9145753742867783,0.9999963932715912,0.9145783911487906,0.9190964968156008,0.9553819469003437,0.9999409758249405,0.3954793305369416,3.6067284087949504e-06,0.9,0.75
HistoKit (no postprocessing),gaussian,8a22c195-cd7e-901b-eb5d-b1439c8b19ac_152323_3.png,3876861,441491,103278,2179,0.986581677297336,0.9735186893663439,0.974051660004839,0.9994382630754001,0.9761614934098647,0.9865816772973359,0.8104187279378966,0.99508869204589,0.025948339995160972,0.9,0.75
HistoKit (no postprocessing),gaussian,8b8e8141-b9e0-9b57-cdad-61702acf8a5e_150400_2.png,14731756,495637,14221,1541286,0.9498531207579453,0.9044954944240785,0.9990356013711401,0.9052859324028046,0.9073159585053835,0.9498531207579454,0.9721079202444602,0.2433263309413267,0.0009643986288599257,0.9,0.75
HistoKit (no postprocessing),gaussian,8b8e8141-b9e0-9b57-cdad-61702acf8a5e_150400_5.png,2210080,227522,15,1717969,0.7201134414572222,0.5626384906152242,0.9999932129614337,0.5626406391569962,0.5865844191408865,0.7201134414572222,0.9999340766556648,0.11694836933195785,6.787038566215479e-06,0.9,0.75
HistoKit (no postprocessing),gaussian,1cfd19dd-0b58-a07f-0753-c0e3d9e98b9b_133722_4.png,19726270,749401,3122,4650695,0.8944864795793496,0.8091140117752657,0.9998417589350954,0.8092176364038756,0.8148065332648242,0.8944864795793497,0.9958512895951352,0.13877549584303686,0.000158241064904585,0.9,0.75
HistoKit (no postprocessing),gaussian,c282e7fa-bbd4-0343-5231-dcd676a3dd4f_140949_1.png,4472008,5046407,2258279,45633,0.7951700971058847,0.6599853599216048,0.6644602228701392,0.9898989317654944,0.8051219527255505,0.7951700971058848,0.6908451643232851,0.9910383657630341,0.3355397771298609,0.9,0.75
HistoKit (no postprocessing),gaussian,6875bf3f-1b6d-1a53-f365-0d72c060072a_140344_1.png,22726040,515197,6813,2424822,0.9492179126034812,0.9033442080796417,0.9997003015855511,0.9035889107896182,0.9052838731872305,0.9492179126034811,0.9869485258903086,0.1752359423527535,0.0002996984144489035,0.9,0.75
HistoKit (no postprocessing),gaussian,3c8a2c44-1287-eab9-5fb8-1902a0075b0d_153549_11.png,12777258,2016919,57538,61071,0.9953800326216617,0.9908025571293501,0.9955170304226105,0.9952430725213538,0.992046489502364,0.9953800326216617,0.9722635851213113,0.9706105419179111,0.004482969577389465,0.9,0.75
HistoKit (no postprocessing),gaussian,cfd234aa-a9c1-9363-1732-dc841509f243_163200_1.png,8016261,1829694,5165,3078720,0.838678628258961,0.7221761767818189,0.9993560995264433,0.722512368430374,0.7614908614491749,0.838678628258961,0.9971850698064538,0.3727668448504955,0.0006439004735566968,0.9,0.75
HistoKit (no postprocessing),gaussian,997c9bdf-d489-63a3-9c13-1b5273502c59_152111_4.png,4663376,2729833,89055,55227,0.9847659716985495,0.9699891298424306,0.9812611692836782,0.9882959002908276,0.9808580865967204,0.9847659716985496,0.9684077551147828,0.9801702656316201,0.018738830716321816,0.9,0.75
HistoKit (no postprocessing),gaussian,b3ac8263-eb4f-ecee-6126-3ea976dfb769_143901_2.png,36927015,4768530,178759,264088,0.9940394937461503,0.9881496217459942,0.9951824478853345,0.9928991619312824,0.9894906526096202,0.9940394937461503,0.9638672816566811,0.9475247276864646,0.004817552114665497,0.9,0.75
HistoKit (no postprocessing),gaussian,7a951edf-c71d-16ea-3e52-69a0dd7b54e1_133148_4.png,10255856,1820919,651,337880,0.9837636904279725,0.9680461927622618,0.9999365280986987,0.9681056805644392,0.9727327703400948,0.9837636904279725,0.9996426159851117,0.8434870499754725,6.347190130129098e-05,0.9,0.75
HistoKit (no postprocessing),gaussian,bffc0a6a-719c-940b-52f7-9a2879514091_151206_1.png,29153651,859948,48201,53700,0.9982553947877015,0.9965168662686659,0.9983493855115765,0.9981614217598851,0.9966163271405091,0.9982553947877015,0.9469239078609347,0.9412246291788523,0.0016506144884235424,0.9,0.75
HistoKit (no postprocessing),gaussian,654bcee2-3394-aaf6-25f2-380d7ca46c60_144121_5.png,6293589,495727,619,1137389,0.9170861509636372,0.8468689838805845,0.9999016556173549,0.8469395280136747,0.8564448734528827,0.9170861509636373,0.9987528860915571,0.3035467168284433,9.83443826451239e-05,0.9,0.75
HistoKit (no postprocessing),gaussian,1cfd19dd-0b58-a07f-0753-c0e3d9e98b9b_133722_1.png,18655135,1040117,5787,4789936,0.8861035530025382,0.7954990388837798,0.9996898867054907,0.7956953937140988,0.8041840718877056,0.8861035530025382,0.9944669874099343,0.17840609682279046,0.00031011329450924234,0.9,0.75
HistoKit (no postprocessing),gaussian,997c9bdf-d489-63a3-9c13-1b5273502c59_152111_3.png,17018483,444835,210780,191406,0.9883218378896205,0.9769132861659905,0.9877661627197867,0.9888781386097261,0.9774881246003472,0.9883218378896205,0.6785003393760057,0.69916116691631,0.01223383728021332,0.9,0.75
HistoKit (no postprocessing),gaussian,8a46ca7f-3853-419d-26c8-1bf78b04ebee_163832_3.png,7171114,133705,6072,110847,0.9919138383474488,0.9839573997538156,0.9991539859772339,0.9847778640945756,0.9842464123632497,0.9919138383474488,0.956559376721492,0.546734436847787,0.0008460140227660256,0.9,0.75
HistoKit (no postprocessing),gaussian,a796f488-e06e-b9c5-67ad-c084c09ace36_143658_1.png,27828584,3670189,513956,1034376,0.9729338612545997,0.9472942632916267,0.9818662688665165,0.9641625113986924,0.9531477265557755,0.9729338612545996,0.8771658247981368,0.7801335511359712,0.01813373113348345,0.9,0.75
HistoKit (no postprocessing),gaussian,e338d5a6-7427-4506-5755-323615d750be_135343_4.png,13079025,1589447,148987,387962,0.9798857831011719,0.9605647748739826,0.988737007495911,0.971191625862563,0.9646870020895837,0.9798857831011719,0.9142981556964487,0.8038028551503508,0.01126299250408905,0.9,0.75
HistoKit (no postprocessing),gaussian,e0661871-0847-f23e-2d1f-8518496574c0_141209_1.png,30677247,2859573,326593,234514,0.9909375506183006,0.9820378820215687,0.9894660467864625,0.9924134377203551,0.9835442488923154,0.9909375506183006,0.8974965522825866,0.9242057511634288,0.010533953213537419,0.9,0.75
HistoKit (no postprocessing),gaussian,6c5eefac-6637-5ca1-aed4-decff7ee7c9b_152621_4.png,8812741,813404,2331,1874400,0.9037683056789504,0.8244318334899984,0.9997355665387645,0.8246116524522321,0.8368468024866129,0.9037683056789504,0.997142454350984,0.3026277213665877,0.00026443346123548395,0.9,0.75
HistoKit (no postprocessing),gaussian,110ff982-b33a-42d4-9522-02719d6987c7_164031_1.png,19572252,653695,4811,1923672,0.9530474128896445,0.9103061825560848,0.9997542532299151,0.9105099180663274,0.9129527141975669,0.9530474128896446,0.9926940680874585,0.2536289942410219,0.00024574677008497135,0.9,0.75
HistoKit (no postprocessing),gaussian,8b8e8141-b9e0-9b57-cdad-61702acf8a5e_150400_3.png,1625054,599865,1001,5245760,0.3825065444694981,0.23648104612827905,0.9993843996666779,0.23651549874585456,0.2977802850229132,0.3825065444694981,0.9983340711572963,0.10261776969956164,0.0006156003333220586,0.9,0.75
HistoKit (no postprocessing),gaussian,191c1954-41f1-2c63-fab4-33ae150d32f8_151532_1.png,36989092,1494713,36541,4637462,0.9405737694236017,0.8878143114427769,0.9990130891212582,0.8885936606715031,0.8916997128306424,0.9405737694236016,0.9761365521330883,0.2437492406854012,0.0009869108787417624,0.9,0.75
HistoKit (no postprocessing),gaussian,bffc0a6a-719c-940b-52f7-9a2879514091_151206_2.png,59827234,8744451,310860,565639,0.9927280181863969,0.9855610362545578,0.9948308970350807,0.99063401073832,0.9873790940307381,0.9927280181863968,0.9656709747462014,0.9392445185814531,0.005169102964919374,0.9,0.75
HistoKit (no postprocessing),gaussian,538ad0bc-9add-9e27-6ee9-4f1bdd825510_142716_3.png,0,6843337,1736,0,0.0,0.0,0.0,,0.999746386926772,,0.999746386926772,1.0,1.0,0.9,0.75
HistoKit (no postprocessing),gaussian,75867af4-ee91-110d-5a8d-03a78d8d262a_171204_2.png,18307453,406814,24263,2702188,0.9306975862576372,0.8703782711949242,0.9986764468749134,0.8713834282080308,0.8728377006777478,0.9306975862576372,0.9437153919137417,0.13085035004802184,0.0013235531250865985,0.9,0.75
HistoKit (no postprocessing),gaussian,22c86e01-80fd-7f77-3526-d5f72a54b219_141444_4.png,4628166,241831,15023,471177,0.9500951087458579,0.9049344532636108,0.9967645081860764,0.9076004497049914,0.909226639722176,0.9500951087458578,0.9415115201632056,0.33917010748827503,0.003235491813923577,0.9,0.75
HistoKit (no postprocessing),gaussian,654bcee2-3394-aaf6-25f2-380d7ca46c60_144121_3.png,6448597,1861196,1134,573748,0.9573278832453143,0.9181485414849251,0.9998241787138099,0.9182968082599189,0.935295100833739,0.9573278832453141,0.9993910853608114,0.7643691189612575,0.00017582128619007521,0.9,0.75
HistoKit (no postprocessing),gaussian,778d67ae-3cb9-eeb7-6fac-a66f6e936029_142330_2.png,10986545,472816,47125,1937658,0.9171552917072396,0.8469869083566463,0.9957289822878517,0.8500752425507399,0.8523682132532945,0.9171552917072396,0.9093647163812817,0.19615063261416635,0.0042710177121483605,0.9,0.75
HistoKit (no postprocessing),gaussian,22c86e01-80fd-7f77-3526-d5f72a54b219_141444_1.png,35515383,829161,30811,1144595,0.9837215300653246,0.9679645482685041,0.9991332124052438,0.9687780772808975,0.9686725062266874,0.9837215300653247,0.9641720893238385,0.4200929598187415,0.0008667875947562768,0.9,0.75
HistoKit (no postprocessing),gaussian,015b92ff-7984-c969-27c5-4144ab20b802_144644_9.png,1135484,9401363,3671,41070,0.9806793513347316,0.9620911266919443,0.9967774359064394,0.965092974908079,0.9957718066513268,0.9806793513347316,0.9996096771154681,0.995650485420442,0.003222564093560578,0.9,0.75
HistoKit (no postprocessing),gaussian,cfd234aa-a9c1-9363-1732-dc841509f243_163200_2.png,13325428,1905492,1058104,2181541,0.8916162362082857,0.8044291745650622,0.926436427436599,0.8593186714953773,0.8246049863661453,0.8916162362082858,0.6429661802755842,0.4662286798271509,0.07356357256340097,0.9,0.75
HistoKit (no postprocessing),gaussian,4adc5212-3bb5-0299-1727-5490f70e71c6_162331_2.png,4987568,923789,6090,2949812,0.7714103075097297,0.627882776670649,0.998780453126746,0.6283645233061791,0.6666498632779306,0.7714103075097296,0.9934507607979103,0.2384832614407111,0.0012195468732540354,0.9,0.75
HistoKit (no postprocessing),gaussian,d89a4519-168e-fe8e-eec5-c3f8080d7609_170312_2.png,21869330,524474,25206,2697470,0.9413991022556907,0.8892861363160045,0.9988487538626075,0.8901985606591009,0.8915980264750475,0.9413991022556906,0.9541442293698151,0.16278184847408894,0.0011512461373924525,0.9,0.75
HistoKit (no postprocessing),gaussian,110ff982-b33a-42d4-9522-02719d6987c7_164031_3.png,5025696,209307,2453,908796,0.9168768730089766,0.8465121371345027,0.9995121465175356,0.8468620397499904,0.8517390761068697,0.9168768730089767,0.9884161314695882,0.18719831714967225,0.0004878534824644218,0.9,0.75
HistoKit (no postprocessing),gaussian,31439255-cb2a-2a33-e39f-915211d58cf0_143129_7.png,8436798,1930172,1677767,1172423,0.8554947817827673,0.7474800185842316,0.8341236622632807,0.8779897975080394,0.7843568512448967,0.8554947817827673,0.5349791113430687,0.6221153582726717,0.16587633773671928,0.9,0.75
HistoKit (no postprocessing),gaussian,dfdc8007-a219-a302-d10c-929e29813dc8_163630_6.png,2531978,238887,14,38837,0.9923863473574447,0.9848877541057768,0.9999944707566216,0.984893117552216,0.9861726238523751,0.9923863473574446,0.9999413983198061,0.8601597269231324,5.5292433783361086e-06,0.9,0.75
HistoKit (no postprocessing),gaussian,dad7b6f2-9f0b-8c2a-a00e-ff89c406e2d2_171435_2.png,6554746,1411991,13615,119736,0.9899303344455568,0.9800614434868394,0.9979271845746602,0.9820606303230722,0.9835370924365266,0.9899303344455568,0.9904496754362706,0.9218294121602609,0.002072815425339746,0.9,0.75
HistoKit (no postprocessing),gaussian,e04480a3-f748-c87a-3eb6-396b6ccbcb83_134430_3.png,25412639,1486965,40542,215628,0.9949850677686349,0.9900201836399967,0.998407193191295,0.9915863214629378,0.9905666470784446,0.9949850677686349,0.9734587141008192,0.8733531736592363,0.0015928068087049708,0.9,0.75
HistoKit (no postprocessing),gaussian,191c1954-41f1-2c63-fab4-33ae150d32f8_151532_3.png,48980164,587177,3261,4025070,0.9605021672066499,0.9240059352750913,0.999933426460073,0.9240627821773223,0.9248385018850029,0.9605021672066499,0.9944769814950934,0.1273082295896122,6.657353992702633e-05,0.9,0.75
HistoKit (no postprocessing),gaussian,22c86e01-80fd-7f77-3526-d5f72a54b219_141444_2.png,30484711,576698,35864,424526,0.9925054304252144,0.9851223623409728,0.9988249238423588,0.9862654002102996,0.9853945518782098,0.9925054304252143,0.9414524570574081,0.5759929845868657,0.0011750761576411978,0.9,0.75
HistoKit (no postprocessing),gaussian,75867af4-ee91-110d-5a8d-03a78d8d262a_171204_5.png,7765801,145109,713,2451221,0.8636567358054612,0.7600315529811646,0.999908195620326,0.7600845921639398,0.7633917870422444,0.8636567358054612,0.9951104771570819,0.05589004479399768,9.180437967407257e-05,0.9,0.75
HistoKit (no postprocessing),gaussian,2f6f5632-66e3-03e5-2957-29197ae74c65_142917_4.png,4147005,459550,2059,55278,0.9931344009535228,0.9863624319810329,0.9995037434949183,0.9868457217184088,0.9877061904520945,0.9931344009535228,0.9955395150441174,0.8926282175794634,0.000496256505081628,0.9,0.75
HistoKit (no postprocessing),gaussian,00a8cbc5-e358-18d7-ac64-8f4f6e3173fd_135812_5.png,5805463,2989893,18424,90396,0.9907148158330393,0.9816004746475608,0.9968364770813719,0.9846678830005942,0.9877787680746651,0.9907148158330393,0.9938756454190166,0.9706534029761493,0.003163522918628057,0.9,0.75
HistoKit (no postprocessing),gaussian,098b4b43-88d6-52e4-6dfc-ff0d08e21e37_154649_2.png,44824848,722898,27870,309084,0.9962555112341664,0.9925389602478661,0.9993786329738145,0.9931518485914322,0.9926565064171717,0.9962555112341664,0.9628780129147753,0.7004947760716757,0.0006213670261855703,0.9,0.75
HistoKit (no postprocessing),gaussian,6875bf3f-1b6d-1a53-f365-0d72c060072a_140344_4.png,10024789,324481,15040,526300,0.9737097685494158,0.9487664782438299,0.9985019665175572,0.950118892940814,0.9502929587966147,0.9737097685494158,0.9557022982378115,0.38139192107016967,0.0014980334824427786,0.9,0.75
HistoKit (no postprocessing),gaussian,8b8e8141-b9e0-9b57-cdad-61702acf8a5e_150400_1.png,4577186,221456,10299,681663,0.9297238952081048,0.8686766816950292,0.9977549790353538,0.8703779096908848,0.8739734280600094,0.929723895208105,0.9555608293240707,0.2452124249406778,0.0022450209646462057,0.9,0.75
HistoKit (no postprocessing),gaussian,ec461d09-d9f6-ab63-cb21-aeb55b7abbf3_142116_1.png,35873930,1673914,118201,127799,0.9965830419427435,0.9931893555718408,0.9967159210439638,0.9964501982668665,0.9934910034554834,0.9965830419427435,0.9340438532125449,0.9290680591192937,0.003284078956036251,0.9,0.75
HistoKit (no postprocessing),gaussian,6520c4c0-cf13-4bc7-106a-ea8d45dc1109_165944_1.png,0,9008720,5886520,0,0.0,0.0,0.0,,0.6048052935031594,,0.6048052935031594,1.0,1.0,0.9,0.75
HistoKit (no postprocessing),gaussian,8a46ca7f-3853-419d-26c8-1bf78b04ebee_163832_4.png,24387800,720519,8903,81653,0.9981468564869314,0.996300568551254,0.9996350736408932,0.9966630639434401,0.996406347505593,0.9981468564869315,0.9877944454650395,0.8982101095525648,0.00036492635910680225,0.9,0.75
HistoKit (no postprocessing),gaussian,0584763b-507d-517f-59c7-4dbcdbe7ec5e_135202_1.png,7368668,1058711,13167,62087,0.9949195920497361,0.9898905442587926,0.9982162971673032,0.9916445906236984,0.9911493298605267,0.994919592049736,0.9877159527483538,0.9446046477598996,0.0017837028326967482,0.9,0.75
HistoKit (no postprocessing),gaussian,34677a0d-5045-a6c6-f661-b69bd9d6f859_140044_1.png,7159027,156754,44263,41284,0.9940607213432252,0.9881915762058611,0.993855168957518,0.9942663587725585,0.9884416688464557,0.9940607213432252,0.7798046931354065,0.7915349579373655,0.006144831042481977,0.9,0.75
HistoKit (no postprocessing),gaussian,302e8390-e88c-6502-e08e-b8e893212016_162708_2.png,48549381,2302008,62199,627762,0.9929443704873823,0.9859876072267578,0.9987204900560731,0.9872346793305987,0.9866134472612766,0.9929443704873823,0.9736913899671221,0.7857299378449503,0.0012795099439269408,0.9,0.75
HistoKit (no postprocessing),gaussian,654bcee2-3394-aaf6-25f2-380d7ca46c60_144121_6.png,2204427,687843,232,734198,0.8572060185671256,0.750096721276333,0.9998947683065725,0.7501559402781913,0.7974935892133345,0.8572060185671255,0.9996628274534026,0.48370124349438587,0.00010523169342741893,0.9,0.75
HistoKit (no postprocessing),gaussian,cfd234aa-a9c1-9363-1732-dc841509f243_163200_4.png,14858550,5535863,869748,2603698,0.8953483320220161,0.8105254877864909,0.9447017089833878,0.8508956006122464,0.8544718233839073,0.895348332022016,0.8642209150696163,0.6801181292209739,0.055298291016612225,0.9,0.75
HistoKit (no postprocessing),gaussian,745e05db-827a-cff7-7148-db0494ae96fc_133425_1.png,35131097,2163112,292354,131549,0.9940030215559928,0.9880775418365912,0.9917468797718212,0.9962694518159528,0.9887612879456957,0.9940030215559927,0.8809374676741605,0.9426717061910235,0.008253120228178784,0.9,0.75
HistoKit (no postprocessing),gaussian,cfd234aa-a9c1-9363-1732-dc841509f243_163200_3.png,10731149,877338,14279,5647058,0.7912766117078334,0.6546382897627608,0.9986711557696911,0.6552090225749375,0.6721832833965187,0.7912766117078334,0.9839852761892157,0.13447037856071276,0.0013288442303089276,0.9,0.75
HistoKit (no postprocessing),gaussian,73f410c7-98a8-a0f8-02ae-aabdcdcb9cee_162913_2.png,17022145,1358273,29394,33099,0.9981677251706794,0.99634215252322,0.998276167330116,0.9980593065687011,0.9966115435898378,0.9981677251706793,0.9788176846462444,0.9762112504779455,0.0017238326698839324,0.9,0.75
HistoKit (no postprocessing),gaussian,7530b966-b7ee-7dd8-6676-04339b0c22b7_154932_1.png,17044312,451849,223508,623156,0.9757647911761884,0.9526764777952863,0.9870563858089788,0.9647286187245394,0.9538422244119976,0.9757647911761885,0.6690520717191056,0.42032269617350615,0.012943614191021217,0.9,0.75
HistoKit (no postprocessing),gaussian,75867af4-ee91-110d-5a8d-03a78d8d262a_171204_3.png,17933067,329805,15053,3754300,0.9048995411611821,0.8263164660899568,0.9991613049166153,0.8268900046741497,0.8289163713605866,0.9048995411611822,0.9563501499167774,0.08075331070087571,0.0008386950833847779,0.9,0.75
HistoKit (no postprocessing),gaussian,91e6ffad-da04-5736-d731-feb79e91105c_134712_4.png,7952075,308529,31987,1762897,0.8985885896371519,0.815851898012498,0.995993643335936,0.8185381285710345,0.8215020494281332,0.8985885896371519,0.906063151217564,0.14894521938027233,0.004006356664063982,0.9,0.75
HistoKit (no postprocessing),gaussian,778d67ae-3cb9-eeb7-6fac-a66f6e936029_142330_1.png,16520234,348194,63127,1961293,0.9422664632495047,0.8908353857667013,0.9961933530844561,0.8938781952378718,0.8928472827389496,0.9422664632495048,0.8465261924385091,0.15076681531439667,0.0038066469155438394,0.9,0.75
HistoKit (no postprocessing),gaussian,22c86e01-80fd-7f77-3526-d5f72a54b219_141444_3.png,15899065,753921,22493,586656,0.9812033278079286,0.9631002481552516,0.9985872613722853,0.9644142952558763,0.9647118389469205,0.9812033278079285,0.9710296310988725,0.5623854504440998,0.0014127386277146999,0.9,0.75
HistoKit (no postprocessing),gaussian,91e6ffad-da04-5736-d731-feb79e91105c_134712_1.png,83381225,2994677,162474,2393404,0.9849048946431835,0.9702587367879971,0.9980552213758215,0.9720965974682327,0.9712602401526204,0.9849048946431835,0.9485377797894368,0.5557965813802725,0.0019447786241784675,0.9,0.75
HistoKit (no postprocessing),gaussian,e7510405-61bb-4166-6cb6-90d49adffbe4_135053_1.png,7507142,425239,1143354,23313,0.9278987372250247,0.865495424213284,0.8678279257050694,0.9969041711291018,0.8717814215289336,0.9278987372250246,0.2710958164418686,0.9480260928498814,0.1321720742949306,0.9,0.75
HistoKit (no postprocessing),gaussian,e0661871-0847-f23e-2d1f-8518496574c0_141209_3.png,42644716,1700007,80046,98569,0.9979101546569796,0.9958290260045395,0.9981264728870812,0.9976939301693821,0.9959882837176314,0.9979101546569795,0.9550316760231297,0.9451960884610937,0.0018735271129187332,0.9,0.75
HistoKit (no postprocessing),gaussian,6875bf3f-1b6d-1a53-f365-0d72c060072a_140344_3.png,7562106,629844,10828,1153478,0.9285198321909949,0.8665767786347929,0.9985701710856056,0.8676533896064796,0.8755585567560358,0.9285198321909949,0.9830989960541432,0.3531857959471144,0.0014298289143943417,0.9,0.75
HistoKit (no postprocessing),gaussian,dad7b6f2-9f0b-8c2a-a00e-ff89c406e2d2_171435_1.png,23680453,1069795,28436,114152,0.9969983681621398,0.9940147019853595,0.9988006186202989,0.995202610003402,0.9942719262682644,0.9969983681621397,0.9741074509825346,0.9035835218975173,0.0011993813797010902,0.9,0.75
HistoKit (no postprocessing),gaussian,7a951edf-c71d-16ea-3e52-69a0dd7b54e1_133148_1.png,12636938,2860492,246,314744,0.9876903493886755,0.9756800686353414,0.9999805336378738,0.9756986003825604,0.980079583011329,0.9876903493886754,0.9999140082034775,0.9008753994978641,1.9466362126245846e-05,0.9,0.75
HistoKit (no postprocessing),gaussian,c4a5bf6f-509c-e7c4-3751-4f823d57d1f3_145315_3.png,21407752,1129877,80465,2978531,0.9333181615058475,0.8749733311513243,0.9962553896398199,0.8778603938943873,0.8804922133289057,0.9333181615058476,0.9335187905567187,0.2750157725328156,0.0037446103601801862,0.9,0.75
HistoKit (no postprocessing),gaussian,00a8cbc5-e358-18d7-ac64-8f4f6e3173fd_135812_2.png,8565400,5788938,118931,117291,0.9863982437518649,0.9731615377256602,0.9863051051370566,0.9864913999588376,0.9838099428671689,0.9863982437518649,0.9798690526144029,0.9801411357399112,0.013694894862943386,0.9,0.75
HistoKit (no postprocessing),gaussian,0584763b-507d-517f-59c7-4dbcdbe7ec5e_135202_2.png,16995946,1478433,72145,156237,0.9933261200655494,0.9867407309010836,0.9957731066702187,0.9908911303010235,0.9877888617621751,0.9933261200655494,0.953472189080459,0.9044229110462663,0.004226893329781286,0.9,0.75
HistoKit (no postprocessing),gaussian,bc7dd6a2-14aa-d481-064a-28427e54cce1_153909_3.png,23743133,1287128,263941,2219778,0.9502957825582697,0.9052986229532999,0.9890056989035815,0.9145019601230386,0.9097288360317192,0.9502957825582697,0.829832844315759,0.36702666110811066,0.010994301096418498,0.9,0.75
HistoKit (no postprocessing),gaussian,778d67ae-3cb9-eeb7-6fac-a66f6e936029_142330_3.png,17876437,628164,8412,2562627,0.932912930889912,0.8742613024707793,0.9995296577566856,0.8746211176793615,0.8780089714950531,0.9329129308899119,0.9867855527069823,0.1968677986116922,0.00047034224331443897,0.9,0.75
HistoKit (no postprocessing),gaussian,dad7b6f2-9f0b-8c2a-a00e-ff89c406e2d2_171435_3.png,5838703,597103,19748,251492,0.9772995199623455,0.9556067871664269,0.9966291430960164,0.9587054273303236,0.9595589474114238,0.9772995199623455,0.9679857858704939,0.7036371885292748,0.0033708569039836637,0.9,0.75
HistoKit (no postprocessing),gaussian,1d49a2ac-7490-df96-fb85-41e83b5a5b35_151838_1.png,0,6020914,214786,0,0.0,0.0,0.0,,0.9655554308257293,,0.9655554308257293,1.0,1.0,0.9,0.75
HistoKit (no postprocessing),gaussian,7a951edf-c71d-16ea-3e52-69a0dd7b54e1_133148_5.png,5829437,2905499,303,356606,0.9702966506635481,0.9423069773336312,0.999948025126335,0.9423531326891843,0.9607440513999084,0.970296650663548,0.9998957258615694,0.8906822435206715,5.19748736650348e-05,0.9,0.75
HistoKit (no postprocessing),gaussian,3c8a2c44-1287-eab9-5fb8-1902a0075b0d_153549_25.png,37460083,2819760,72012,81879,0.9979501440823959,0.9959086747919802,0.998081322132431,0.99781900050935,0.9961939948459868,0.9979501440823959,0.9750976218042087,0.9717818102114012,0.0019186778675690766,0.9,0.75
HistoKit (no postprocessing),gaussian,6875bf3f-1b6d-1a53-f365-0d72c060072a_140344_5.png,10378597,466357,24168,1581388,0.9282039999552828,0.8660267438174396,0.9976767715121893,0.8677767572450968,0.8710449612104243,0.9282039999552828,0.950730339941899,0.2277417354211584,0.0023232284878106925,0.9,0.75
HistoKit (no postprocessing),gaussian,6c5eefac-6637-5ca1-aed4-decff7ee7c9b_152621_1.png,35013444,359213,375861,226288,0.9914744837877373,0.9830931075610618,0.9893792489001974,0.9935786117783189,0.9832619250260863,0.9914744837877373,0.4886759700383907,0.6135138966457786,0.01062075109980261,0.9,0.75
HistoKit (no postprocessing),gaussian,7a951edf-c71d-16ea-3e52-69a0dd7b54e1_133148_3.png,8629013,1490378,634,377223,0.9785745346575502,0.9580479123158211,0.9999265323367225,0.95811535473865,0.9640041847158417,0.9785745346575502,0.9995747854477361,0.7980173495302262,7.346766327753615e-05,0.9,0.75
HistoKit (no postprocessing),gaussian,2f6f5632-66e3-03e5-2957-29197ae74c65_142917_3.png,5403358,642656,5000,70822,0.9930326914548794,0.9861617979332674,0.999075504986911,0.9870625372201864,0.9876144999637364,0.9930326914548795,0.992279852267253,0.9007369533468446,0.0009244950130890004,0.9,0.75
HistoKit (no postprocessing),gaussian,e92b8137-1dab-8f48-a38e-05fbbeabd072_134925_1.png,5986017,32790,22194,366576,0.9685481624010865,0.9390144329528186,0.9963060551635088,0.9422950596709092,0.9393265192131128,0.9685481624010865,0.5963553033609778,0.0821051366415769,0.003693944836491262,0.9,0.75
HistoKit (no postprocessing),gaussian,6875bf3f-1b6d-1a53-f365-0d72c060072a_140344_2.png,15796475,768349,14018,398308,0.9871169365950789,0.974561597739401,0.9991133736310437,0.9754051659722763,0.9757128846714554,0.9871169365950789,0.9820825776138309,0.6585903140340306,0.0008866263689563634,0.9,0.75
HistoKit (no postprocessing),gaussian,e75d7a32-60ad-6f71-61b5-c428fc2cae22_164833_1.png,39644858,11450693,64862,409571,0.9940520521318419,0.9881744420657883,0.9983665963900022,0.9897746389044767,0.9908002104480002,0.9940520521318419,0.9943674447301932,0.9654669575651942,0.0016334036099977538,0.9,0.75
HistoKit (no postprocessing),gaussian,654bcee2-3394-aaf6-25f2-380d7ca46c60_144121_2.png,5386608,1832924,1112,42764,0.9959438266772622,0.9919204255090338,0.9997936047159095,0.9921235826169215,0.9939593094591409,0.9959438266772622,0.999393686928719,0.9772008990834297,0.00020639528409048725,0.9,0.75
HistoKit (no postprocessing),gaussian,59481929-3828-f3c5-2452-07bdbf0def53_144939_3.png,23721982,1218318,12929,176364,0.9960260328198847,0.9920835254498139,0.999455274974488,0.9926202424217977,0.9924673272663032,0.9960260328198848,0.9894992637545513,0.8735453673310475,0.0005447250255119979,0.9,0.75
HistoKit (no postprocessing),gaussian,098b4b43-88d6-52e4-6dfc-ff0d08e21e37_154649_3.png,45121330,6964475,86816,182392,0.9970257160088664,0.9940690722810996,0.9980796381253945,0.9959740173224619,0.9948580282083016,0.9970257160088662,0.9876879283524109,0.9744794467281958,0.001920361874605519,0.9,0.75
HistoKit (no postprocessing),gaussian,7530b966-b7ee-7dd8-6676-04339b0c22b7_154932_2.png,10249087,1301268,16674,2208479,0.9020762672649124,0.8216201548150428,0.9983757658102502,0.8227198635752763,0.8384703489700707,0.9020762672649124,0.9873484569123679,0.3707583481088523,0.0016242341897497905,0.9,0.75
HistoKit (no postprocessing),gaussian,c4a5bf6f-509c-e7c4-3751-4f823d57d1f3_145315_1.png,22679555,1085673,44394,1348168,0.9702136428404101,0.9421504141077414,0.9980463782945473,0.9438911460732256,0.9446468867098422,0.97021364284041,0.9607156035881058,0.4460739218379508,0.0019536217054526924,0.9,0.75
HistoKit (no postprocessing),gaussian,d89a4519-168e-fe8e-eec5-c3f8080d7609_170312_1.png,15732919,505289,14492,344990,0.9887045283440984,0.977661381915601,0.9990797217396561,0.9785426077483086,0.9783414438997234,0.9887045283440983,0.9721190270517776,0.5942625891031061,0.0009202782603438749,0.9,0.75
HistoKit (no postprocessing),gaussian,34677a0d-5045-a6c6-f661-b69bd9d6f859_140044_3.png,4379838,132868,10171,9343,0.9977772436864905,0.9955643467492485,0.9976831482577826,0.9978713568658937,0.9956943837677783,0.9977772436864905,0.9288935185508848,0.934301847255135,0.002316851742217385,0.9,0.75
HistoKit (no postprocessing),gaussian,654bcee2-3394-aaf6-25f2-380d7ca46c60_144121_1.png,8547702,963203,11112,527083,0.9694790042577242,0.9407658924594897,0.9987016892761077,0.9419178525992626,0.9464434625986407,0.9694790042577242,0.9885950642246091,0.6463209075305009,0.0012983107238923523,0.9,0.75
HistoKit (no postprocessing),gaussian,6c5eefac-6637-5ca1-aed4-decff7ee7c9b_152621_2.png,36399174,948602,108483,4321169,0.9426418915419278,0.8915067506472021,0.9970284863802681,0.8938818123413155,0.8939702080271672,0.9426418915419278,0.8973753293254563,0.18000820149490368,0.0029715136197318824,0.9,0.75
HistoKit (no postprocessing),gaussian,00a8cbc5-e358-18d7-ac64-8f4f6e3173fd_135812_1.png,0,9339402,18342,0,0.0,0.0,0.0,,0.9980399121839623,,0.9980399121839623,1.0,1.0,0.9,0.75
HistoKit (no postprocessing),gaussian,98188e68-f597-a02c-6cf5-9f993d1f10ac_162142_1.png,29111649,1202950,73915,186996,0.9955387786812676,0.9911171855636689,0.9974674123138412,0.993617588799755,0.991466667277177,0.9955387786812676,0.9421121261840524,0.8654652770683178,0.002532587686158815,0.9,0.75
HistoKit (no postprocessing),gaussian,997c9bdf-d489-63a3-9c13-1b5273502c59_152111_5.png,1627648,4487288,131601,130191,0.9255656952569853,0.8614446608518926,0.9251947848201136,0.9259369032089969,0.9589457163611181,0.9255656952569853,0.9715080834373807,0.9718047445370082,0.07480521517988642,0.9,0.75
HistoKit (no postprocessing),gaussian,997c9bdf-d489-63a3-9c13-1b5273502c59_152111_1.png,11826346,1155840,59,49195,0.9979219427805632,0.9958525042945199,0.9999950111635785,0.9958574518836658,0.9962203716550128,0.9979219427805633,0.9999489574781187,0.9591754596339526,4.988836421549913e-06,0.9,0.75
HistoKit (no postprocessing),gaussian,8a46ca7f-3853-419d-26c8-1bf78b04ebee_163832_1.png,8592553,1159936,92803,199972,0.9832488274751384,0.9670496125747975,0.9893150033228344,0.9772565901148987,0.9708544245327948,0.9832488274751384,0.9259199242619572,0.8529518173288193,0.010684996677165565,0.9,0.75
HistoKit (no postprocessing),gaussian,b3ac8263-eb4f-ecee-6126-3ea976dfb769_143901_1.png,31634395,1207694,37774,151817,0.9970123568075271,0.9940425124621409,0.9988073440754879,0.995223809619089,0.9942603282666822,0.9970123568075272,0.9696708385924006,0.8883297008998088,0.0011926559245121482,0.9,0.75
HistoKit (no postprocessing),gaussian,7ba3b133-6b39-da9f-5b13-68d3bea507d2_165139_1.png,22888287,2862065,4148,696632,0.9849221192755508,0.9702921696733491,0.9998188047710957,0.9704628199062291,0.973506615898329,0.9849221192755508,0.9985527942270864,0.8042452054782973,0.00018119522890422098,0.9,0.75
HistoKit (no postprocessing),gaussian,7530b966-b7ee-7dd8-6676-04339b0c22b7_154932_3.png,23402914,886134,36271,1619887,0.9658256267087362,0.9339098431099124,0.9984525485847737,0.9352635622207123,0.936167089981864,0.9658256267087362,0.9606777933770957,0.35360198497937567,0.0015474514152262547,0.9,0.75
HistoKit (no postprocessing),gaussian,7a951edf-c71d-16ea-3e52-69a0dd7b54e1_133148_6.png,7818763,2661204,0,38255,0.9975596112244742,0.9951311044470053,1.0,0.9951311044470053,0.996362978457766,0.9975596112244742,1.0,0.9858286419612226,0.0,0.9,0.75
HistoKit (no postprocessing),gaussian,00a8cbc5-e358-18d7-ac64-8f4f6e3173fd_135812_4.png,10643148,1410488,17881,242895,0.9878973811383747,0.9760842060161095,0.998322769781416,0.9776874847913057,0.9788235118331269,0.9878973811383747,0.9874815261322529,0.853092114773165,0.0016772302185839659,0.9,0.75
HistoKit (no postprocessing),gaussian,302e8390-e88c-6502-e08e-b8e893212016_162708_1.png,14966164,4996176,330943,102751,0.9857177868079,0.9718377922705521,0.9783656478313187,0.9931812608937007,0.9787363562935814,0.9857177868079,0.9378758011600642,0.9798485053816225,0.021634352168681308,0.9,0.75
HistoKit (no postprocessing),gaussian,c4a5bf6f-509c-e7c4-3751-4f823d57d1f3_145315_4.png,16402201,1070882,22216,8015956,0.8031913463632336,0.6711109114414907,0.998647379690859,0.6717214980639202,0.6849166377741902,0.8031913463632335,0.9796761132121731,0.11784979549541875,0.0013526203091409575,0.9,0.75
HistoKit (no postprocessing),gaussian,7a951edf-c71d-16ea-3e52-69a0dd7b54e1_133148_2.png,7956199,483415,22,344111,0.9788310925621216,0.9585398511770372,0.9999972348681616,0.9585423917901862,0.9608216174714505,0.9788310925621216,0.9999544925191907,0.5841689566249278,2.765131838343857e-06,0.9,0.75
HistoKit (no postprocessing),gaussian,e04480a3-f748-c87a-3eb6-396b6ccbcb83_134430_1.png,63593570,632879,664861,74420,0.9942210452366208,0.9885084993357437,0.9896533265806008,0.99883112377193,0.9886204465031024,0.9942210452366208,0.4876778091143064,0.8947828287612453,0.010346673419399238,0.9,0.75
HistoKit (no postprocessing),gaussian,ec461d09-d9f6-ab63-cb21-aeb55b7abbf3_142116_2.png,39543442,1589491,93325,235992,0.9958532768395708,0.9917408022855905,0.9976454941443635,0.9940674872347354,0.9920574257306345,0.9958532768395708,0.944542362326006,0.8707235290605281,0.0023545058556365102,0.9,0.75
HistoKit (no postprocessing),gaussian,59481929-3828-f3c5-2452-07bdbf0def53_144939_1.png,25523920,888334,13833,104794,0.9976815479560079,0.9953738214850498,0.9994583313575004,0.9959110706842333,0.9955287199094519,0.9976815479560079,0.9846669186525333,0.8944808725562062,0.0005416686424995965,0.9,0.75
HistoKit (no postprocessing),gaussian,dfdc8007-a219-a302-d10c-929e29813dc8_163630_1.png,3823381,375477,606,117728,0.9847607808068309,0.9699790573392546,0.9998415266579097,0.9701282050306145,0.9725900539054089,0.9847607808068309,0.9983886535684942,0.7613000679230746,0.0001584733420903366,0.9,0.75
HistoKit (no postprocessing),gaussian,d28668ca-fcc7-90f7-7049-f08e38cdd015_141933_2.png,11300850,784086,5207,192085,0.9913464595276844,0.9828414016803758,0.9995394504025585,0.9832866887352969,0.9839367906213758,0.9913464595276844,0.993402956823385,0.8032260741202105,0.0004605495974414422,0.9,0.75
HistoKit (no postprocessing),gaussian,bb1fc306-b767-ee67-c337-445c06bd68ce_150126_2.png,27083005,9911784,297752,1097124,0.9748946408090037,0.9510189680194253,0.9891255015337962,0.9610674599821739,0.963665325029536,0.9748946408090037,0.9708358930317695,0.9003421592768329,0.010874498466203837,0.9,0.75
HistoKit (no postprocessing),gaussian,e04480a3-f748-c87a-3eb6-396b6ccbcb83_134430_2.png,14570005,673558,15305,36284,0.9982327449757035,0.9964717253125753,0.9989506565167281,0.9975158645703915,0.9966271011886643,0.9982327449757035,0.9777822295579818,0.9488843996269593,0.0010493434832718673,0.9,0.75
HistoKit (no postprocessing),gaussian,7ba3b133-6b39-da9f-5b13-68d3bea507d2_165139_3.png,15163237,562353,8094,2350030,0.9278521339011114,0.8654143362493358,0.9994664937440229,0.8658142995250401,0.8695995745121826,0.9278521339011114,0.9858111270635134,0.19309033186912572,0.0005335062559771453,0.9,0.75
HistoKit (no postprocessing),gaussian,e338d5a6-7427-4506-5755-323615d750be_135343_3.png,7648352,550056,7468,908614,0.9434963244441763,0.8930364808696056,0.9990245329696884,0.893815868848842,0.899491688509176,0.9434963244441763,0.9866050609480489,0.3770942022527371,0.0009754670303115799,0.9,0.75
HistoKit (no postprocessing),gaussian,110ff982-b33a-42d4-9522-02719d6987c7_164031_2.png,5745933,175969,5208,1166522,0.9074725694028773,0.8306176522331313,0.999094440564055,0.8312434583660943,0.8348194549703171,0.9074725694028773,0.9712546294507581,0.1310764839391847,0.0009055594359449716,0.9,0.75
HistoKit (no postprocessing),gaussian,0584763b-507d-517f-59c7-4dbcdbe7ec5e_135202_6.png,12902438,555973,74249,17455,0.9964588374217754,0.9929426660105761,0.99427827765284,0.9986489826192833,0.9932322345603709,0.9964588374217754,0.88218595986811,0.9695602586549663,0.0057217223471599495,0.9,0.75
HistoKit (no postprocessing),gaussian,e75d7a32-60ad-6f71-61b5-c428fc2cae22_164833_5.png,45235161,4872858,822214,62467,0.9903160092939847,0.980817779037491,0.9821480490366635,0.9986209653185372,0.9826508304129807,0.9903160092939847,0.8556271105966703,0.9873428801548023,0.017851950963336492,0.9,0.75
HistoKit (no postprocessing),gaussian,015b92ff-7984-c969-27c5-4144ab20b802_144644_7.png,22045746,4742172,151148,820314,0.9784421145582245,0.9577940990931654,0.9931905788260286,0.9641252581336706,0.9650041895748392,0.9784421145582244,0.9691113599764577,0.8525274490578493,0.006809421173971457,0.9,0.75
HistoKit (no postprocessing),gaussian,31439255-cb2a-2a33-e39f-915211d58cf0_143129_8.png,7054288,4648658,430665,918499,0.9127191943971111,0.8394512160002818,0.9424625645611936,0.8847957433203721,0.8966324985002425,0.9127191943971111,0.915212125710454,0.835014712177149,0.057537435438806364,0.9,0.75
HistoKit (no postprocessing),gaussian,bc7dd6a2-14aa-d481-064a-28427e54cce1_153909_1.png,22511819,491902,14027,2471835,0.9476765278523243,0.90055629560198,0.9993772930881264,0.9010619103194433,0.9024753759212145,0.9476765278523243,0.9722747658268255,0.16597356648042658,0.0006227069118735874,0.9,0.75
HistoKit (no postprocessing),gaussian,bc7dd6a2-14aa-d481-064a-28427e54cce1_153909_2.png,11583064,455874,7674,2461896,0.9036667540708273,0.8242628392655783,0.9993379196389393,0.8247132067303858,0.8297847028791658,0.9036667540708273,0.9834450801211525,0.1562405535734482,0.0006620803610607021,0.9,0.75
HistoKit (no postprocessing),gaussian,091684ab-dffb-81d6-97c1-29bfeceeac37_154424_1.png,0,6267842,20721,0,0.0,0.0,0.0,,0.996704970595031,,0.996704970595031,1.0,1.0,0.9,0.75
HistoKit (no postprocessing),gaussian,dfdc8007-a219-a302-d10c-929e29813dc8_163630_4.png,1842924,706469,667,122876,0.967568831868401,0.9371751471039178,0.9996382060880098,0.9374931325668939,0.9537800381303555,0.9675688318684011,0.9990567585301837,0.8518397048273034,0.00036179391199024077,0.9,0.75
HistoKit (no postprocessing),gaussian,31439255-cb2a-2a33-e39f-915211d58cf0_143129_5.png,4087146,237282,4730,1379740,0.8551622061518008,0.7469723752544039,0.9988440509927475,0.747618662617073,0.7574890985966118,0.8551622061518008,0.9804555146025817,0.14674011856363117,0.0011559490072524192,0.9,0.75
HistoKit (no postprocessing),gaussian,8a22c195-cd7e-901b-eb5d-b1439c8b19ac_152323_2.png,2678555,490542,11774,31953,0.9919036623397447,0.983937373130337,0.9956235835840151,0.9882114349044533,0.9863898551554645,0.9919036623397447,0.9765605714331218,0.9388453478023713,0.004376416415984811,0.9,0.75
HistoKit (no postprocessing),gaussian,7ba3b133-6b39-da9f-5b13-68d3bea507d2_165139_2.png,10117793,5183704,67779,263210,0.9839064598748212,0.968322719337048,0.9933455872679512,0.974645031891427,0.9788268481417479,0.9839064598748211,0.9870933601041839,0.9516772249387452,0.006654412732048824,0.9,0.75
HistoKit (no postprocessing),gaussian,e338d5a6-7427-4506-5755-323615d750be_135343_2.png,6370987,922177,161,54695,0.9957133133752656,0.991463221245835,0.99997472982891,0.9914880630569642,0.9925345875487547,0.9957133133752657,0.9998254436009358,0.9440100647781899,2.527017109004531e-05,0.9,0.75
HistoKit (no postprocessing),gaussian,00a8cbc5-e358-18d7-ac64-8f4f6e3173fd_135812_3.png,6482776,2157239,3053,101255,0.9920191953089016,0.9841647685075824,0.999529281453458,0.9846211234424626,0.9880713464038325,0.9920191953089016,0.9985867651224927,0.9551670272314206,0.0004707185465420072,0.9,0.75
HistoKit (no postprocessing),gaussian,098b4b43-88d6-52e4-6dfc-ff0d08e21e37_154649_1.png,38385207,1902536,118654,1138563,0.9838875410686247,0.9682860715076353,0.9969183869638424,0.9711929555303049,0.9697383990741597,0.9838875410686249,0.9412949796901825,0.6256080449863685,0.0030816130361575947,0.9,0.75
HistoKit (no postprocessing),gaussian,73f410c7-98a8-a0f8-02ae-aabdcdcb9cee_162913_1.png,14962843,3072148,43632,58789,0.9965891622805261,0.9932015130966175,0.9970924550902194,0.9960863772990844,0.9943530532360405,0.996589162280526,0.9859964439081065,0.9812231929291455,0.0029075449097806113,0.9,0.75
HistoKit (no postprocessing),gaussian,d28668ca-fcc7-90f7-7049-f08e38cdd015_141933_3.png,1783544,1617200,23472,90229,0.9691096120967543,0.9400704706034276,0.9870106296789846,0.9518463549213272,0.9676475232931515,0.9691096120967542,0.9856936669852353,0.947155050078217,0.01298937032101542,0.9,0.75
HistoKit (no postprocessing),gaussian,191c1954-41f1-2c63-fab4-33ae150d32f8_151532_2.png,29084308,441988,643,1458050,0.9755364945280358,0.9522413334563948,0.9999778923471454,0.9522613807355673,0.9529225910004357,0.9755364945280358,0.9985473227135018,0.23262061074567983,2.210765285456386e-05,0.9,0.75
HistoKit (no postprocessing),gaussian,6c5eefac-6637-5ca1-aed4-decff7ee7c9b_152621_3.png,19252575,744197,140838,1471145,0.9598180906895815,0.9227406111358794,0.992737843514187,0.9290115384689621,0.9254013940183041,0.9598180906895813,0.8408673103323597,0.33592871890660675,0.007262156485812992,0.9,0.75
HistoKit (no postprocessing),gaussian,31439255-cb2a-2a33-e39f-915211d58cf0_143129_4.png,9527647,370566,43329,1521624,0.9241060012520703,0.8589191893694895,0.9954728754935755,0.8622873852944688,0.8634798623696106,0.9241060012520704,0.8953140289203784,0.19583974125219983,0.004527124506424423,0.9,0.75
HistoKit (no postprocessing),gaussian,d89a4519-168e-fe8e-eec5-c3f8080d7609_170312_3.png,18911232,4592507,36091,2887747,0.9282428623829471,0.8660944068418375,0.9980951926559757,0.8675283369922967,0.8893641289929833,0.9282428623829471,0.9922026064912096,0.6139506760064565,0.0019048073440242719,0.9,0.75
HistoKit (no postprocessing),gaussian,e0661871-0847-f23e-2d1f-8518496574c0_141209_2.png,42857168,3073397,122140,513073,0.9926437021691914,0.9853948442142084,0.9971581673674225,0.9881699296990303,0.9863588019510809,0.9926437021691915,0.9617779421737254,0.8569420628082767,0.0028418326325775184,0.9,0.75
HistoKit (no postprocessing),gaussian,e338d5a6-7427-4506-5755-323615d750be_135343_5.png,4536875,150724,39646,245696,0.9695117859723998,0.9408276317718592,0.9913370877135711,0.9486267950857394,0.9426210767431185,0.9695117859723997,0.7917423963859852,0.3802129055042632,0.008662912286428927,0.9,0.75
HistoKit (no postprocessing),gaussian,bb1fc306-b767-ee67-c337-445c06bd68ce_150126_1.png,27443095,4532119,763623,168763,0.983296134247495,0.9671411385061631,0.9729276195833915,0.9938880244857119,0.9716665451141986,0.983296134247495,0.8558043424320898,0.9640997157554688,0.027072380416608553,0.9,0.75
HistoKit (no postprocessing),gaussian,8a22c195-cd7e-901b-eb5d-b1439c8b19ac_152323_1.png,13785954,4721140,173609,242045,0.9851486170892627,0.970731905851788,0.9875634359041182,0.9827455790380367,0.9780341629027666,0.9851486170892627,0.9645315827226278,0.9512319206316106,0.012436564095881798,0.9,0.75
HistoKit (no postprocessing),gaussian,1cfd19dd-0b58-a07f-0753-c0e3d9e98b9b_133722_2.png,19795122,766838,770,4450820,0.8989236006838407,0.8164043850564151,0.9999611030409744,0.8164303123384523,0.8220328581908606,0.8989236006838407,0.9989968838261196,0.1469697707285529,3.889695902564027e-05,0.9,0.75
HistoKit (no postprocessing),gaussian,1d49a2ac-7490-df96-fb85-41e83b5a5b35_151838_3.png,0,6147036,42399,0,0.0,0.0,0.0,,0.9931497786146878,,0.9931497786146878,1.0,1.0,0.25,1.25
HistoKit (no postprocessing),gaussian,745e05db-827a-cff7-7148-db0494ae96fc_133425_4.png,24769942,4733636,116397,951993,0.9788890251424105,0.9586509686461185,0.9953228556438133,0.9629890597266496,0.965053280181374,0.9788890251424106,0.9760007818503503,0.8325615336491354,0.004677144356186742,0.9,0.75
HistoKit (no postprocessing),gaussian,d28668ca-fcc7-90f7-7049-f08e38cdd015_141933_1.png,23125342,3882104,27988,89650,0.9974629662035215,0.9949387729112188,0.9987911889995953,0.9961382713377631,0.9956631286376846,0.9974629662035215,0.9928421121549058,0.9774281085887998,0.0012088110004046934,0.9,0.75
HistoKit (no postprocessing),gaussian,bb1fc306-b767-ee67-c337-445c06bd68ce_150126_3.png,30556363,1737910,140634,4640233,0.9274456471056298,0.8647073638765687,0.995418639810272,0.8681624495732485,0.8710492529495506,0.9274456471056298,0.9251367016157194,0.272478995845656,0.004581360189728005,0.9,0.75
HistoKit (no postprocessing),gaussian,dfdc8007-a219-a302-d10c-929e29813dc8_163630_5.png,11867797,379578,1,175204,0.9926725577008112,0.9854517171050873,0.9999999157383703,0.9854517989328407,0.9858962469953907,0.9926725577008113,0.9999973655023066,0.6841930704312685,8.426162966373374e-08,0.9,0.75
HistoKit (no postprocessing),gaussian,538ad0bc-9add-9e27-6ee9-4f1bdd825510_142716_4.png,0,6987044,2932,0,0.0,0.0,0.0,,0.9995805421935641,,0.9995805421935641,1.0,1.0,0.25,1.25
HistoKit (no postprocessing),gaussian,110ff982-b33a-42d4-9522-02719d6987c7_164031_4.png,11651640,435000,14877,3202136,0.878696174284349,0.7836378991425786,0.9987248122125909,0.784422762265972,0.7897879022740518,0.8786961742843489,0.9669309611293754,0.11959959704558752,0.0012751877874090441,0.25,1.25
HistoKit (no postprocessing),gaussian,4adc5212-3bb5-0299-1727-5490f70e71c6_162331_1.png,6115179,580792,49524,2933123,0.8039409702422369,0.6721582716574267,0.9919665229614468,0.6758371902264093,0.6918313131068919,0.8039409702422369,0.921429885961962,0.16528345164865968,0.008033477038553196,0.25,1.25
HistoKit (no postprocessing),gaussian,a796f488-e06e-b9c5-67ad-c084c09ace36_143658_2.png,37829955,3114973,3138,3508014,0.9556510685684626,0.9150687474333961,0.9999170567418318,0.9151382110717631,0.9210197570276102,0.9556510685684625,0.9989936214586331,0.4703275123445056,8.294325816818625e-05,0.9,0.75
HistoKit (no postprocessing),gaussian,4adc5212-3bb5-0299-1727-5490f70e71c6_162331_3.png,4428853,235855,6443,1041905,0.8941709786762722,0.8085978586507963,0.9985473348340224,0.8095501574004919,0.8164996107162261,0.8941709786762722,0.9734087776209461,0.18458474204858502,0.0014526651659776484,0.25,1.25
HistoKit (no postprocessing),gaussian,dfdc8007-a219-a302-d10c-929e29813dc8_163630_7.png,2206936,426266,36014,179344,0.9534786562776099,0.9110933685176118,0.9839434673086783,0.9248436897597935,0.9243975903614458,0.95347865627761,0.9220948342995587,0.7038622215617312,0.016056532691321696,0.25,1.25
HistoKit (no postprocessing),gaussian,745e05db-827a-cff7-7148-db0494ae96fc_133425_2.png,28707719,4375451,131278,208338,0.9941197180769669,0.9883081873087497,0.9954478999390999,0.9927950757601564,0.9898387884241607,0.994119718076967,0.9708706691704782,0.9545489550238896,0.004552100060900176,0.9,0.75
HistoKit (no postprocessing),gaussian,2f6f5632-66e3-03e5-2957-29197ae74c65_142917_2.png,23358897,1060514,15369,296554,0.9933675339785694,0.9868224674937328,0.9993424820270292,0.9874636082820827,0.9873875384158413,0.9933675339785694,0.9857149894551731,0.7814744729077688,0.0006575179729707876,0.25,1.25
HistoKit (no postprocessing),gaussian,745e05db-827a-cff7-7148-db0494ae96fc_133425_3.png,49017615,5097738,389084,564203,0.9903697213687928,0.9809231580410536,0.9921248735925466,0.988620768201763,0.9826891130777881,0.9903697213687928,0.9290875483112082,0.9003516638552044,0.00787512640745337,0.9,0.75
HistoKit (no postprocessing),gaussian,015b92ff-7984-c969-27c5-4144ab20b802_144644_8.png,19116532,4876369,74711,1455704,0.9615120447584579,0.9258769347351935,0.9961070265224613,0.9292393884651139,0.940038551417065,0.9615120447584579,0.9849101610153744,0.7701062511439777,0.003892973477538688,0.25,1.25
HistoKit (no postprocessing),gaussian,34677a0d-5045-a6c6-f661-b69bd9d6f859_140044_2.png,23264660,1121631,63070,50646,0.9975619940348651,0.9951358469039937,0.9972963507379415,0.9978277788848235,0.9953585319383786,0.9975619940348652,0.9467629384967178,0.9567969003912897,0.0027036492620585027,0.25,1.25
HistoKit (no postprocessing),gaussian,91e6ffad-da04-5736-d731-feb79e91105c_134712_2.png,6740098,189386,2092,965668,0.9330175147266506,0.8744450144255382,0.9996897150629098,0.8746824131436122,0.8774559833785052,0.9330175147266505,0.9890744628625743,0.1639628969727822,0.000310284937090174,0.25,1.25
HistoKit (no postprocessing),gaussian,8a22c195-cd7e-901b-eb5d-b1439c8b19ac_152323_3.png,3875998,453365,91404,3042,0.9879632067630144,0.9762127359056065,0.9769612456716007,0.9992157853489523,0.9786505249209448,0.9879632067630143,0.8322151223729691,0.9933348962658329,0.02303875432839929,0.25,1.25
HistoKit (no postprocessing),gaussian,59481929-3828-f3c5-2452-07bdbf0def53_144939_2.png,22493224,2395593,4854,317369,0.9928882707683039,0.9858769806263274,0.9997842482366716,0.9860867711768826,0.9872189723232362,0.9928882707683039,0.9979778766204794,0.8830175284430818,0.0002157517633284052,0.25,1.25
HistoKit (no postprocessing),gaussian,654bcee2-3394-aaf6-25f2-380d7ca46c60_144121_7.png,5291190,321883,19,468746,0.9575822233804733,0.9186165516918101,0.9999964091382517,0.9186195818842432,0.9229237937610308,0.9575822233804732,0.9999409758249405,0.4071226833318788,3.590861748231831e-06,0.25,1.25
HistoKit (no postprocessing),gaussian,8b8e8141-b9e0-9b57-cdad-61702acf8a5e_150400_5.png,2315428,227522,15,1612621,0.7417092870464157,0.5894578092413972,0.9999935217580393,0.5894600601978234,0.611935356409421,0.7417092870464157,0.9999340766556648,0.12364365160751094,6.4782419606096975e-06,0.25,1.25
HistoKit (no postprocessing),gaussian,8b8e8141-b9e0-9b57-cdad-61702acf8a5e_150400_2.png,14417698,502552,7306,1855344,0.9393234996129721,0.8855890549759747,0.9994935183380191,0.8859866520346964,0.8890150093249677,0.939323499612972,0.9856705200271448,0.2131357786772614,0.0005064816619808216,0.25,1.25
HistoKit (no postprocessing),gaussian,1cfd19dd-0b58-a07f-0753-c0e3d9e98b9b_133722_4.png,19342185,749316,3207,5034780,0.8847732065313862,0.7933572002691367,0.999834224088093,0.7934615732516332,0.7995189157853116,0.8847732065313861,0.9957383362368991,0.12954764236278235,0.00016577591190708362,0.25,1.25
HistoKit (no postprocessing),gaussian,c282e7fa-bbd4-0343-5231-dcd676a3dd4f_140949_1.png,4334804,5032188,2272498,182837,0.7792945995318807,0.6383969459240819,0.6560626409993066,0.9595282139505994,0.7923137297758723,0.7792945995318806,0.6888986056347939,0.9649403406503324,0.3439373590006935,0.25,1.25
HistoKit (no postprocessing),gaussian,6875bf3f-1b6d-1a53-f365-0d72c060072a_140344_1.png,22437028,513926,8084,2713834,0.9428120117890644,0.8918111275408755,0.999639832494487,0.8920977738258037,0.8939768795637668,0.9428120117890644,0.9845137066339725,0.15922063598284877,0.00036016750551300434,0.25,1.25
HistoKit (no postprocessing),gaussian,3c8a2c44-1287-eab9-5fb8-1902a0075b0d_153549_11.png,12768048,2017995,56462,70281,0.9950612245200151,0.9901709923022405,0.9955973366623754,0.9945256894413596,0.9915010515137815,0.9950612245200152,0.9727822750724647,0.9663449658953127,0.004402663337624595,0.25,1.25
HistoKit (no postprocessing),gaussian,b3ac8263-eb4f-ecee-6126-3ea976dfb769_143901_2.png,36830620,4744264,203025,360483,0.9924080846997284,0.9849305751961912,0.9945178229148116,0.990307278598325,0.9866272068473804,0.9924080846997285,0.9589623731300112,0.9293827882165365,0.005482177085188347,0.25,1.25
HistoKit (no postprocessing),gaussian,bffc0a6a-719c-940b-52f7-9a2879514091_151206_1.png,28956714,856889,51260,250637,0.9948141318458671,0.9896817726583125,0.9982328996847556,0.9914187014084228,0.9899753615247961,0.9948141318458671,0.9435555178720673,0.7736965091564442,0.0017671003152443532,0.25,1.25
HistoKit (no postprocessing),gaussian,997c9bdf-d489-63a3-9c13-1b5273502c59_152111_4.png,4645119,2715589,103299,73484,0.9813264383801409,0.9633374962825872,0.9782455967440103,0.9844267466451405,0.9765461743171567,0.9813264383801409,0.9633546987322661,0.9736528947073095,0.02175440325598968,0.25,1.25
HistoKit (no postprocessing),gaussian,cfd234aa-a9c1-9363-1732-dc841509f243_163200_1.png,8093851,1819061,15798,3001130,0.842906215844825,0.7284683639193975,0.9980519502138748,0.7295056206044878,0.766669347803221,0.8429062158448248,0.9913900741146867,0.37738359330574245,0.0019480497861251455,0.25,1.25
HistoKit (no postprocessing),gaussian,7a951edf-c71d-16ea-3e52-69a0dd7b54e1_133148_4.png,10252381,1820908,662,341355,0.9835937724480123,0.9677171841193808,0.9999354338024331,0.9677776565321242,0.9724519878930088,0.9835937724480122,0.9996365772383164,0.8421306751306386,6.45661975669077e-05,0.25,1.25
HistoKit (no postprocessing),gaussian,654bcee2-3394-aaf6-25f2-380d7ca46c60_144121_5.png,6856445,493080,3266,574533,0.9595681495832706,0.9222787145538941,0.9995238866477028,0.9226840666194948,0.9271129828930923,0.9595681495832706,0.9934199127221737,0.4618527500133475,0.0004761133522972032,0.25,1.25
HistoKit (no postprocessing),gaussian,997c9bdf-d489-63a3-9c13-1b5273502c59_152111_3.png,16996850,521939,133676,213039,0.9899035873620048,0.9800090119880198,0.99219662023221,0.9876211287591686,0.9805930468012545,0.9899035873620048,0.7961059463252061,0.710142344396703,0.007803379767789967,0.25,1.25
HistoKit (no postprocessing),gaussian,1cfd19dd-0b58-a07f-0753-c0e3d9e98b9b_133722_1.png,19223831,1039316,6588,4221240,0.9009307684574916,0.819721581317552,0.9996574177608922,0.8199519208109883,0.8273720013188531,0.9009307684574916,0.9937011427435023,0.19756770957290445,0.0003425822391077386,0.25,1.25
HistoKit (no postprocessing),gaussian,a796f488-e06e-b9c5-67ad-c084c09ace36_143658_1.png,27891834,3670898,513247,971126,0.9740802553382261,0.9494702294275091,0.9819311552042397,0.9663539013323651,0.955083115449901,0.9740802553382261,0.8773352739926557,0.790796859301029,0.01806884479576031,0.25,1.25
HistoKit (no postprocessing),gaussian,e338d5a6-7427-4506-5755-323615d750be_135343_4.png,13091723,1595783,142651,375264,0.9806034231738225,0.9619449834007341,0.9892211751005374,0.9721345242257975,0.965938792487232,0.9806034231738225,0.9179428152003469,0.8096118458869829,0.010778824899462566,0.25,1.25
HistoKit (no postprocessing),gaussian,8a46ca7f-3853-419d-26c8-1bf78b04ebee_163832_3.png,7082413,125730,14047,199548,0.9851447526818139,0.9707244016179807,0.9980205623648974,0.9725969419501148,0.9712203529685365,0.985144752681814,0.8995042102777996,0.38653090587128547,0.0019794376351025722,0.25,1.25
HistoKit (no postprocessing),gaussian,e0661871-0847-f23e-2d1f-8518496574c0_141209_1.png,30396475,2853606,332560,515286,0.9862453755464157,0.9728639966283793,0.9891776621036098,0.9833304223593085,0.9751349693487231,0.9862453755464157,0.8956237685042148,0.8470458536515864,0.010822337896390173,0.25,1.25
HistoKit (no postprocessing),gaussian,6c5eefac-6637-5ca1-aed4-decff7ee7c9b_152621_4.png,8125330,813677,2058,2561811,0.8637293019665813,0.760143954659278,0.9997467821149919,0.7602903339630309,0.7771106112940799,0.8637293019665813,0.9974771218594274,0.24105462676804065,0.00025321788500807396,0.25,1.25
HistoKit (no postprocessing),gaussian,110ff982-b33a-42d4-9522-02719d6987c7_164031_1.png,19518242,652076,6430,1977682,0.9516313219827425,0.9077258238795622,0.9996706730848026,0.9079973487066665,0.9104417491219589,0.9516313219827425,0.9902354724178671,0.2479604587190152,0.0003293269151973462,0.25,1.25
HistoKit (no postprocessing),gaussian,8b8e8141-b9e0-9b57-cdad-61702acf8a5e_150400_3.png,1946300,599525,1341,4924514,0.4414151912097981,0.28321538149241393,0.9993114747533042,0.28327065759602865,0.34072992954730397,0.44141519120979805,0.9977682212007336,0.10853018959496846,0.0006885252466958746,0.25,1.25
HistoKit (no postprocessing),gaussian,538ad0bc-9add-9e27-6ee9-4f1bdd825510_142716_3.png,0,6843337,1736,0,0.0,0.0,0.0,,0.999746386926772,,0.999746386926772,1.0,1.0,0.25,1.25
HistoKit (no postprocessing),gaussian,191c1954-41f1-2c63-fab4-33ae150d32f8_151532_1.png,36862383,1496365,34889,4764171,0.9388840273778815,0.8848081186242157,0.9990544287393388,0.8855497142521094,0.8888020448119145,0.9388840273778815,0.9772154064577138,0.23901547726903893,0.0009455712606612218,0.25,1.25
HistoKit (no postprocessing),gaussian,75867af4-ee91-110d-5a8d-03a78d8d262a_171204_2.png,18325038,408864,22213,2684603,0.9312238374920458,0.871299220696378,0.9987893009148892,0.8722204248992165,0.8737534815765031,0.9312238374920458,0.9484709228281722,0.13217015083723213,0.0012106990851108975,0.25,1.25
HistoKit (no postprocessing),gaussian,22c86e01-80fd-7f77-3526-d5f72a54b219_141444_4.png,4580376,241323,15531,518967,0.944870116809778,0.8955012381536671,0.9966206887998387,0.8982286541619185,0.9002094209753674,0.944870116809778,0.9395337429045294,0.3174091465098844,0.003379311200161361,0.25,1.25
HistoKit (no postprocessing),gaussian,654bcee2-3394-aaf6-25f2-380d7ca46c60_144121_3.png,6397489,1858847,3483,624856,0.9531904819054784,0.9105672669470417,0.9994558638906716,0.9110188975335163,0.9292783360111653,0.9531904819054784,0.9981297621796352,0.7484175845501656,0.0005441361093283957,0.25,1.25
HistoKit (no postprocessing),gaussian,bffc0a6a-719c-940b-52f7-9a2879514091_151206_2.png,59126355,8761727,293584,1266518,0.9869788382898483,0.9742924191471584,0.9950591669237493,0.9790286843945973,0.9775357408913673,0.9869788382898483,0.9675788054104382,0.8737049204521828,0.004940833076250718,0.25,1.25
HistoKit (no postprocessing),gaussian,22c86e01-80fd-7f77-3526-d5f72a54b219_141444_1.png,35038172,811554,48418,1621806,0.9767205032023274,0.9545002184241447,0.9986200425860706,0.9557608572487414,0.9554843756454899,0.9767205032023273,0.9436981669170624,0.3335116875431502,0.0013799574139293674,0.25,1.25
HistoKit (no postprocessing),gaussian,778d67ae-3cb9-eeb7-6fac-a66f6e936029_142330_2.png,10832143,466988,52953,2092060,0.9099086033570329,0.8347085447689772,0.9951352748749299,0.8381285097425349,0.8404500130316962,0.9099086033570328,0.8981557522872787,0.18248504912764435,0.004864725125070096,0.25,1.25
HistoKit (no postprocessing),gaussian,cfd234aa-a9c1-9363-1732-dc841509f243_163200_2.png,13556534,1900289,1063307,1950435,0.8999647821989782,0.818123608804102,0.9272695920564389,0.8742220352668533,0.8368354189490143,0.8999647821989782,0.6412105428675163,0.493488756919478,0.07273040794356109,0.25,1.25
HistoKit (no postprocessing),gaussian,d89a4519-168e-fe8e-eec5-c3f8080d7609_170312_2.png,22253816,510747,38933,2312984,0.9498092267170561,0.9044158936455988,0.998253557692683,0.9058491948483319,0.9063596093083107,0.9498092267170563,0.929171517974094,0.1808766486609383,0.0017464423073170563,0.25,1.25
HistoKit (no postprocessing),gaussian,015b92ff-7984-c969-27c5-4144ab20b802_144644_9.png,1136439,9400602,4432,40115,0.9807773714359688,0.9622798238082416,0.9961152487879874,0.9659046673590842,0.995790140383466,0.9807773714359688,0.9995287630007504,0.9957508523981812,0.0038847512120125764,0.25,1.25
HistoKit (no postprocessing),gaussian,110ff982-b33a-42d4-9522-02719d6987c7_164031_3.png,5371181,209021,2739,563311,0.9499443423179135,0.9046609437968642,0.9994903161937655,0.9050784801799379,0.907903222972309,0.9499443423179135,0.98706554590102,0.27063620308364794,0.0005096838062345551,0.25,1.25
HistoKit (no postprocessing),gaussian,dad7b6f2-9f0b-8c2a-a00e-ff89c406e2d2_171435_2.png,6546940,1395610,29996,127542,0.9881116119044769,0.9765025703716232,0.9954392136399077,0.9808911013618735,0.9805510754944885,0.988111611904477,0.9789591233482463,0.9162644306018046,0.004560786360092299,0.25,1.25
HistoKit (no postprocessing),gaussian,31439255-cb2a-2a33-e39f-915211d58cf0_143129_7.png,8207361,1968567,1639372,1401860,0.8436863080576773,0.7296344529489155,0.8335110741806445,0.8541130441270942,0.7699027627720327,0.8436863080576773,0.5456209209745508,0.584070505013163,0.1664889258193555,0.25,1.25
HistoKit (no postprocessing),gaussian,4adc5212-3bb5-0299-1727-5490f70e71c6_162331_2.png,5596814,922944,6935,2340566,0.8266391967759852,0.7045055489365666,0.998762435647992,0.7051210852951477,0.7352619338174288,0.8266391967759852,0.9925420404160111,0.2828071616143355,0.0012375643520079146,0.25,1.25
HistoKit (no postprocessing),gaussian,dfdc8007-a219-a302-d10c-929e29813dc8_163630_6.png,2525144,233564,5337,45671,0.9900009723019405,0.9801999260913176,0.9978909148102673,0.9822348165854019,0.9818458520362913,0.9900009723019406,0.97766020234323,0.8364424230486865,0.002109085189732703,0.25,1.25
HistoKit (no postprocessing),gaussian,191c1954-41f1-2c63-fab4-33ae150d32f8_151532_3.png,48796362,587246,3192,4208872,0.9586260716932096,0.9205397270237754,0.9999345895661259,0.9205951623569854,0.9214103705985812,0.9586260716932096,0.9945938438921614,0.12244194158692509,6.54104338740473e-05,0.25,1.25
HistoKit (no postprocessing),gaussian,22c86e01-80fd-7f77-3526-d5f72a54b219_141444_2.png,30412047,558330,54232,497190,0.9910156030297163,0.9821912073224095,0.9982199335862446,0.9839145172040319,0.9825066456391021,0.9910156030297163,0.9114669208994355,0.5289620281946339,0.0017800664137553523,0.25,1.25
HistoKit (no postprocessing),gaussian,e04480a3-f748-c87a-3eb6-396b6ccbcb83_134430_3.png,25379649,1483983,43524,248618,0.9942774973634436,0.9886201161422669,0.998288018572662,0.9902990709438138,0.9892419932497597,0.9942774973634436,0.9715065135544387,0.8565059122094469,0.0017119814273379645,0.25,1.25
HistoKit (no postprocessing),gaussian,75867af4-ee91-110d-5a8d-03a78d8d262a_171204_5.png,7998272,145008,814,2218750,0.8781537746701985,0.7827755309441256,0.9998982383737341,0.7828378954258883,0.7858151681140815,0.8781537746701985,0.9944178519016335,0.06134638148236833,0.00010176162626580087,0.25,1.25
HistoKit (no postprocessing),gaussian,098b4b43-88d6-52e4-6dfc-ff0d08e21e37_154649_2.png,44732227,712030,38738,401705,0.995101012128405,0.9902497904153108,0.9991347517302788,0.9910997118531574,0.9904010923030988,0.995101012128405,0.9484021695117533,0.6393172523086731,0.0008652482697212356,0.25,1.25
HistoKit (no postprocessing),gaussian,00a8cbc5-e358-18d7-ac64-8f4f6e3173fd_135812_5.png,5778059,2986756,21561,117800,0.9880841990310957,0.9764490267718026,0.9962823426362417,0.9800198749664807,0.9843488044261479,0.9880841990310956,0.9928328696743063,0.9620557657842217,0.003717657363758315,0.25,1.25
HistoKit (no postprocessing),gaussian,6520c4c0-cf13-4bc7-106a-ea8d45dc1109_165944_1.png,0,8352228,6543012,0,0.0,0.0,0.0,,0.5607313477325643,,0.5607313477325643,1.0,1.0,0.25,1.25
HistoKit (no postprocessing),gaussian,2f6f5632-66e3-03e5-2957-29197ae74c65_142917_4.png,4161207,458065,3544,41076,0.9946671664056821,0.989390909326513,0.999149048766661,0.9902253132404457,0.9904328830942054,0.9946671664056822,0.9923225067102245,0.9177066199731138,0.00085095123333904,0.25,1.25
HistoKit (no postprocessing),gaussian,6875bf3f-1b6d-1a53-f365-0d72c060072a_140344_4.png,9672105,317984,21537,878984,0.9555182531197871,0.9148252288504294,0.9977782344344881,0.916692580263516,0.9173121615777261,0.9555182531197871,0.9365665157678023,0.2656578956162571,0.00222176556551191,0.25,1.25
HistoKit (no postprocessing),gaussian,8b8e8141-b9e0-9b57-cdad-61702acf8a5e_150400_1.png,4635340,219704,12051,623509,0.9358424588945957,0.8794209717505549,0.997406932190556,0.8814362230214254,0.8842458862449377,0.9358424588945958,0.9480011218743932,0.2605557551887839,0.0025930678094440514,0.25,1.25
HistoKit (no postprocessing),gaussian,ec461d09-d9f6-ab63-cb21-aeb55b7abbf3_142116_1.png,35858448,1672474,119641,143281,0.9963472816783171,0.9927211509419493,0.9966746149302149,0.9960201633649317,0.9930432585793602,0.9963472816783171,0.9332403333491434,0.921090125044403,0.0033253850697851127,0.25,1.25
HistoKit (no postprocessing),gaussian,0584763b-507d-517f-59c7-4dbcdbe7ec5e_135202_1.png,7372401,1058617,13261,58354,0.9951665102298349,0.9903795209467577,0.9982044940588941,0.9921469621862112,0.9915773149329155,0.995166510229835,0.987628256200799,0.9477569247545371,0.0017955059411058887,0.25,1.25
HistoKit (no postprocessing),gaussian,8a46ca7f-3853-419d-26c8-1bf78b04ebee_163832_4.png,23949459,721979,7443,519994,0.9891084720293319,0.9784516386391477,0.9996893170911665,0.9787492593316246,0.9790690258989737,0.989108472029332,0.9897960302815105,0.5813161799813683,0.00031068290883353784,0.25,1.25
HistoKit (no postprocessing),gaussian,302e8390-e88c-6502-e08e-b8e893212016_162708_2.png,47725427,2328369,35838,1451716,0.9846546479286105,0.9697731377012093,0.9992496429899836,0.9704798629721129,0.9711386294693484,0.9846546479286105,0.9848414288596556,0.6159567840405705,0.0007503570100163804,0.25,1.25
HistoKit (no postprocessing),gaussian,34677a0d-5045-a6c6-f661-b69bd9d6f859_140044_1.png,7126405,157051,43966,73906,0.9917977448808623,0.9837289490724885,0.9938683786375907,0.9897357211376009,0.9840742093851266,0.9917977448808624,0.7812821801141197,0.6800010391544746,0.006131621362409281,0.25,1.25
HistoKit (no postprocessing),gaussian,654bcee2-3394-aaf6-25f2-380d7ca46c60_144121_6.png,2352766,687595,480,585859,0.8892000579757141,0.800504235132804,0.9997960264247767,0.8006349908545664,0.8383271293462377,0.8892000579757142,0.9993024016277295,0.5399449057445341,0.0002039735752233298,0.25,1.25
HistoKit (no postprocessing),gaussian,cfd234aa-a9c1-9363-1732-dc841509f243_163200_4.png,14213531,5438136,967475,3248717,0.8708403273766764,0.7712286831440711,0.9362706924692606,0.8139576874638362,0.8233527355763246,0.8708403273766763,0.8489644469512745,0.6260191118693962,0.0637293075307394,0.25,1.25
HistoKit (no postprocessing),gaussian,73f410c7-98a8-a0f8-02ae-aabdcdcb9cee_162913_2.png,17020039,1357810,29857,35205,0.9980923110123576,0.9961918867204823,0.9982488456234572,0.9979358254856981,0.9964722488765466,0.9980923110123576,0.9784840311112104,0.9747274796035936,0.0017511543765428247,0.25,1.25
HistoKit (no postprocessing),gaussian,cfd234aa-a9c1-9363-1732-dc841509f243_163200_3.png,10583096,859775,31842,5795111,0.7841321194695913,0.644915563628116,0.9970002650981099,0.6461693883829897,0.6625933767477885,0.7841321194695913,0.964287356566777,0.129194549688755,0.0029997349018901476,0.25,1.25
HistoKit (no postprocessing),gaussian,91e6ffad-da04-5736-d731-feb79e91105c_134712_4.png,7994108,306809,33707,1720864,0.9011107443266946,0.8200196149652687,0.9958012236206241,0.822864749378588,0.8255111039862013,0.9011107443266946,0.9010119935627107,0.15131088691322517,0.004198776379375957,0.25,1.25
HistoKit (no postprocessing),gaussian,75867af4-ee91-110d-5a8d-03a78d8d262a_171204_3.png,17446810,315143,29715,4240557,0.8909640543386239,0.8033680583791137,0.9982997191947484,0.8044687951285189,0.8061806286019683,0.8909640543386239,0.9138340998323948,0.06917553833658933,0.001700280805251616,0.25,1.25
HistoKit (no postprocessing),gaussian,7530b966-b7ee-7dd8-6676-04339b0c22b7_154932_1.png,16908748,454337,221020,758720,0.9718443154508019,0.9452306980891845,0.9870973150366076,0.9570555328018706,0.9465872895805308,0.9718443154508019,0.672736049230259,0.37453887162763166,0.012902684963392383,0.25,1.25
HistoKit (no postprocessing),gaussian,745e05db-827a-cff7-7148-db0494ae96fc_133425_1.png,34960755,2374845,80621,301891,0.9945591733002132,0.9891772314087433,0.9976992627230163,0.9914387876621624,0.9898586652481439,0.9945591733002133,0.9671667211030411,0.8872167445724942,0.0023007372769836437,0.25,1.25
HistoKit (no postprocessing),gaussian,22c86e01-80fd-7f77-3526-d5f72a54b219_141444_3.png,15690124,743309,33105,795597,0.9742710644091161,0.949832875532438,0.9978945164507875,0.9517402362929713,0.9519930761751081,0.974271064409116,0.9573616652971224,0.4830113080331092,0.0021054835492124425,0.25,1.25
HistoKit (no postprocessing),gaussian,778d67ae-3cb9-eeb7-6fac-a66f6e936029_142330_1.png,16682057,347726,63595,1799470,0.9471128528344549,0.8995388113380974,0.9962022977666083,0.9026341275804753,0.9013878161725538,0.9471128528344549,0.8453883949518746,0.1619442286591443,0.003797702233391689,0.25,1.25
HistoKit (no postprocessing),gaussian,91e6ffad-da04-5736-d731-feb79e91105c_134712_1.png,82005463,3034410,122741,3769166,0.9768204804501422,0.954691197181008,0.9985054951402565,0.9560573325242829,0.9562371629129655,0.9768204804501424,0.9611228604523508,0.446002220009007,0.0014945048597434323,0.25,1.25
HistoKit (no postprocessing),gaussian,e7510405-61bb-4166-6cb6-90d49adffbe4_135053_1.png,7506583,426204,1142389,23872,0.9279170393364363,0.8655272711004602,0.8679162101576927,0.9968299392267798,0.8718260415814929,0.9279170393364362,0.2717110174532208,0.9469600689661302,0.13208378984230726,0.25,1.25
HistoKit (no postprocessing),gaussian,e0661871-0847-f23e-2d1f-8518496574c0_141209_3.png,42633716,1700916,79137,109569,0.9977917794506463,0.9955932898891147,0.9981472321692021,0.9974365798042897,0.9957616385366255,0.9977917794506462,0.9555423349754193,0.9394808573393317,0.00185276783079791,0.25,1.25
HistoKit (no postprocessing),gaussian,6875bf3f-1b6d-1a53-f365-0d72c060072a_140344_3.png,7633748,628051,12621,1081836,0.9331096355062259,0.8746068636105591,0.9983494126427851,0.8758733780777054,0.8830240429505135,0.9331096355062259,0.9803003721092852,0.3673055587883878,0.001650587357214908,0.25,1.25
HistoKit (no postprocessing),gaussian,bc7dd6a2-14aa-d481-064a-28427e54cce1_153909_3.png,23778630,1328675,222394,2184281,0.9518317562457801,0.908090625639075,0.9907339786835762,0.9158691796925237,0.9125290125238151,0.95183175624578,0.8566188867161938,0.3782213611556763,0.009266021316423833,0.25,1.25
HistoKit (no postprocessing),gaussian,dad7b6f2-9f0b-8c2a-a00e-ff89c406e2d2_171435_1.png,23698030,1067859,30372,96575,0.9973287254318735,0.9946716842580793,0.9987200149424306,0.9959413068634676,0.9949002596570354,0.9973287254318735,0.9723446160234049,0.9170627102953023,0.0012799850575694056,0.25,1.25
HistoKit (no postprocessing),gaussian,00a8cbc5-e358-18d7-ac64-8f4f6e3173fd_135812_2.png,8451176,5782537,125332,231515,0.9793242432629695,0.959486141214663,0.9853865932381803,0.973336031421595,0.9755426111129388,0.9793242432629695,0.9787855824155884,0.9615043235409338,0.014613406761819612,0.25,1.25
HistoKit (no postprocessing),gaussian,c4a5bf6f-509c-e7c4-3751-4f823d57d1f3_145315_3.png,21754058,1125944,84398,2632225,0.9412301062424604,0.8889845770945238,0.9961353494954038,0.892061246070178,0.8938679220405034,0.9412301062424603,0.9302692957858192,0.2995990866829033,0.0038646505045961126,0.25,1.25
HistoKit (no postprocessing),gaussian,0584763b-507d-517f-59c7-4dbcdbe7ec5e_135202_2.png,16991032,1476320,74258,161151,0.9931202108349731,0.9863344378563164,0.9956485943104395,0.9906046361562257,0.9874131418350478,0.993120210834973,0.9521094714358129,0.901585432658044,0.004351405689560506,0.25,1.25
HistoKit (no postprocessing),gaussian,778d67ae-3cb9-eeb7-6fac-a66f6e936029_142330_3.png,18037520,627238,9338,2401544,0.9373567820461727,0.8820992466795204,0.9994825692095544,0.8825022515708155,0.88560812388141,0.9373567820461726,0.9853308952898004,0.20709248800342844,0.0005174307904456277,0.25,1.25
HistoKit (no postprocessing),gaussian,7a951edf-c71d-16ea-3e52-69a0dd7b54e1_133148_1.png,12542252,2860352,386,409430,0.9839252037316547,0.9683590296159655,0.9999692249748419,0.9683878896964888,0.9740826514853513,0.9839252037316547,0.9998650697826924,0.8747837011764087,3.0775025158184424e-05,0.25,1.25
HistoKit (no postprocessing),gaussian,1d49a2ac-7490-df96-fb85-41e83b5a5b35_151838_1.png,0,6047653,188047,0,0.0,0.0,0.0,,0.9698434818865564,,0.9698434818865564,1.0,1.0,0.25,1.25
HistoKit (no postprocessing),gaussian,dad7b6f2-9f0b-8c2a-a00e-ff89c406e2d2_171435_3.png,5721553,591395,25456,368642,0.9667068338097409,0.9355591089157965,0.9955705654889352,0.9394695900541773,0.9412411961987438,0.966706833809741,0.9587323356856031,0.6160127161765641,0.004429434511064799,0.25,1.25
HistoKit (no postprocessing),gaussian,7a951edf-c71d-16ea-3e52-69a0dd7b54e1_133148_5.png,5748732,2905486,316,437311,0.9633327471068298,0.9292593591804161,0.9999450343778656,0.9293068282907183,0.9518659853968034,0.9633327471068297,0.9998912520536499,0.8691781164097012,5.496562213430815e-05,0.25,1.25
HistoKit (no postprocessing),gaussian,3c8a2c44-1287-eab9-5fb8-1902a0075b0d_153549_25.png,37435289,2814951,76821,106673,0.9975551759536778,0.9951222770816377,0.9979521013347423,0.9971585661932106,0.9954618586549538,0.9975551759536778,0.9734346276262444,0.9634884571046788,0.0020478986652576994,0.25,1.25
HistoKit (no postprocessing),gaussian,6875bf3f-1b6d-1a53-f365-0d72c060072a_140344_5.png,10316057,461444,29081,1643928,0.9249944059936366,0.86045543497717,0.9971889210177767,0.8625476536968901,0.8656272714932962,0.9249944059936366,0.9407145405432954,0.2191745686747995,0.0028110789822233403,0.25,1.25
HistoKit (no postprocessing),gaussian,7a951edf-c71d-16ea-3e52-69a0dd7b54e1_133148_3.png,8605832,1490418,594,400404,0.9772324024613656,0.9554784535735659,0.9999309818035965,0.9555414714870896,0.9617997021695591,0.9772324024613654,0.9996016128642827,0.788238131352396,6.901819640347806e-05,0.25,1.25
HistoKit (no postprocessing),gaussian,6c5eefac-6637-5ca1-aed4-decff7ee7c9b_152621_1.png,35002350,359877,375197,237382,0.9913253666995581,0.9827999376328954,0.9893944879784909,0.9932637966713255,0.9829719999045999,0.9913253666995581,0.48957928045339655,0.6025476384617059,0.010605512021509009,0.25,1.25
HistoKit (no postprocessing),gaussian,2f6f5632-66e3-03e5-2957-29197ae74c65_142917_3.png,5400855,642312,5344,73325,0.9927696452485708,0.9856430960061494,0.999011505125875,0.9866052997891922,0.9871494434022734,0.9927696452485708,0.99174870610324,0.8975388360299984,0.0009884948741250552,0.25,1.25
HistoKit (no postprocessing),gaussian,e92b8137-1dab-8f48-a38e-05fbbeabd072_134925_1.png,6181957,31245,23739,170636,0.9845221749555214,0.9695161732481935,0.9961746434243637,0.973139157506234,0.9696648202588903,0.9845221749555214,0.5682562199912702,0.1547693938508329,0.003825356575636319,0.25,1.25
HistoKit (no postprocessing),gaussian,6875bf3f-1b6d-1a53-f365-0d72c060072a_140344_2.png,15681806,767758,14609,512977,0.9834566892093549,0.9674518328633177,0.9990692779211049,0.968324552419134,0.9689237592882197,0.9834566892093549,0.9813271776544767,0.5994667124736968,0.0009307220788950853,0.25,1.25
HistoKit (no postprocessing),gaussian,59481929-3828-f3c5-2452-07bdbf0def53_144939_3.png,23351438,1216925,14322,546908,0.9881256613634033,0.9765300132967178,0.9993870518228382,0.9771152363431344,0.977666570246482,0.9881256613634033,0.98836789043953,0.6899320967461205,0.0006129481771617957,0.25,1.25
HistoKit (no postprocessing),gaussian,654bcee2-3394-aaf6-25f2-380d7ca46c60_144121_2.png,5368785,1827495,6541,60587,0.993787147035484,0.9876510164897783,0.9987831435711992,0.9888408825182728,0.99075805737472,0.993787147035484,0.9964335487416823,0.9679108216698216,0.0012168564288007834,0.25,1.25
HistoKit (no postprocessing),gaussian,e75d7a32-60ad-6f71-61b5-c428fc2cae22_164833_1.png,39618054,11453404,62151,436375,0.9937476856042257,0.9875730682924616,0.9984337026484617,0.9891054494872464,0.9903330200761745,0.9937476856042257,0.9946028654285443,0.9632983085724302,0.0015662973515383804,0.25,1.25
HistoKit (no postprocessing),gaussian,7530b966-b7ee-7dd8-6676-04339b0c22b7_154932_2.png,10227395,1294243,23699,2230171,0.9007484369399164,0.8194197463157781,0.9976881491868087,0.8209785924473528,0.8363857071550465,0.9007484369399162,0.9820181768241698,0.36722218218404534,0.0023118508131912555,0.25,1.25
HistoKit (no postprocessing),gaussian,c4a5bf6f-509c-e7c4-3751-4f823d57d1f3_145315_1.png,22575890,1093952,36115,1451833,0.9680969837559945,0.9381666382561252,0.9984028395535911,0.9395767547345206,0.9408553772012566,0.9680969837559945,0.9680417178804442,0.42971107143769016,0.0015971604464088877,0.25,1.25
HistoKit (no postprocessing),gaussian,d89a4519-168e-fe8e-eec5-c3f8080d7609_170312_1.png,15727837,492112,27669,350072,0.9881338210179461,0.9765459519676971,0.9982438520222708,0.9782265218692306,0.9772413510554782,0.9881338210179461,0.9467679657394171,0.5843283652978446,0.0017561479777291823,0.25,1.25
HistoKit (no postprocessing),gaussian,6c5eefac-6637-5ca1-aed4-decff7ee7c9b_152621_2.png,36231814,914633,142452,4488529,0.9399311954484392,0.8866699891674077,0.9960837147889114,0.8897718273149123,0.8891511224673764,0.9399311954484391,0.865240732769834,0.16927736018279665,0.003916285211088521,0.25,1.25
HistoKit (no postprocessing),gaussian,00a8cbc5-e358-18d7-ac64-8f4f6e3173fd_135812_1.png,0,9257198,100546,0,0.0,0.0,0.0,,0.9892553162386147,,0.9892553162386147,1.0,1.0,0.25,1.25
HistoKit (no postprocessing),gaussian,654bcee2-3394-aaf6-25f2-380d7ca46c60_144121_1.png,8532048,960007,14308,542737,0.9683876884022437,0.938712806657386,0.9983258361809407,0.9401928530538189,0.9445676727269109,0.9683876884022437,0.9853148109184401,0.6388360226359246,0.0016741638190592575,0.25,1.25
HistoKit (no postprocessing),gaussian,34677a0d-5045-a6c6-f661-b69bd9d6f859_140044_3.png,4379641,132103,10936,9540,0.9976678172678564,0.9953464873774948,0.9975092112039032,0.9978264737772263,0.9954821257573551,0.9976678172678564,0.9235453267989849,0.9326475717119801,0.002490788796096732,0.25,1.25
HistoKit (no postprocessing),gaussian,98188e68-f597-a02c-6cf5-9f993d1f10ac_162142_1.png,29031503,1206517,70348,267142,0.994221110724813,0.9885086288113454,0.9975826967157518,0.9908821039334754,0.988962081090389,0.9942211107248129,0.9449056869755221,0.8187219702794202,0.0024173032842481393,0.25,1.25
HistoKit (no postprocessing),gaussian,098b4b43-88d6-52e4-6dfc-ff0d08e21e37_154649_3.png,44842817,6946866,104425,460905,0.993736022586972,0.9875500314954495,0.9976767206317131,0.9898263325913929,0.989201989119934,0.993736022586972,0.9851906551580413,0.9377808790255531,0.002323279368286935,0.25,1.25
HistoKit (no postprocessing),gaussian,997c9bdf-d489-63a3-9c13-1b5273502c59_152111_5.png,1628208,4344889,274000,129631,0.8897197221784311,0.8013469571161889,0.8559568669672296,0.9262554761841102,0.9367024906817415,0.8897197221784311,0.940678375254309,0.9710290712746842,0.14404313303277033,0.25,1.25
HistoKit (no postprocessing),gaussian,997c9bdf-d489-63a3-9c13-1b5273502c59_152111_1.png,11820918,1155725,174,54623,0.9976875617730164,0.9953857936132687,0.9999852805476854,0.9954003779701489,0.995795015746533,0.9976875617730165,0.9998494678168248,0.9548700043293333,1.471945231455774e-05,0.25,1.25
HistoKit (no postprocessing),gaussian,8a46ca7f-3853-419d-26c8-1bf78b04ebee_163832_1.png,8402599,1114689,138050,389926,0.9695395661521657,0.9408799545382016,0.9838361229925267,0.9556525571437101,0.9474403061980252,0.9695395661521659,0.8898014670254538,0.7408466617706191,0.01616387700747332,0.25,1.25
HistoKit (no postprocessing),gaussian,b3ac8263-eb4f-ecee-6126-3ea976dfb769_143901_1.png,31618502,1185787,59681,167710,0.9964170303679725,0.9928596444131744,0.9981160219953272,0.9947238129538681,0.9931159723029528,0.9964170303679725,0.9520814665651787,0.8760913396926627,0.0018839780046728059,0.25,1.25
HistoKit (no postprocessing),gaussian,7ba3b133-6b39-da9f-5b13-68d3bea507d2_165139_1.png,22689913,2861674,4539,895006,0.9805627219955085,0.9618666524682339,0.9997999951706258,0.9620517670635206,0.9659921926970838,0.9805627219955085,0.9984163772894757,0.7617561250891745,0.00020000482937415718,0.25,1.25
HistoKit (no postprocessing),gaussian,302e8390-e88c-6502-e08e-b8e893212016_162708_1.png,14745107,4989738,337381,323808,0.9780710370260383,0.9570831950781681,0.9776309452392735,0.9785115252159827,0.9675824721610093,0.9780710370260381,0.9366672679923238,0.9390599046286604,0.02236905476072648,0.25,1.25
HistoKit (no postprocessing),gaussian,7530b966-b7ee-7dd8-6676-04339b0c22b7_154932_3.png,23512532,872862,49543,1510269,0.9678951120509189,0.9377875479053733,0.9978973413844069,0.9396442868246444,0.9398805313012354,0.9678951120509188,0.9462893197673473,0.36626689846256877,0.0021026586155930664,0.25,1.25
HistoKit (no postprocessing),gaussian,00a8cbc5-e358-18d7-ac64-8f4f6e3173fd_135812_4.png,10648565,1407517,20852,237478,0.9880155654298262,0.9763149824033329,0.9980456289223676,0.9781850944369777,0.9790221408866294,0.9880155654298262,0.9854015313969989,0.8556360353678887,0.0019543710776324516,0.25,1.25
HistoKit (no postprocessing),gaussian,c4a5bf6f-509c-e7c4-3751-4f823d57d1f3_145315_4.png,15822459,1051468,41630,8595698,0.7855797812266972,0.64687640166286,0.9973758341875162,0.6479792475738443,0.6614306901012906,0.7855797812266971,0.9619155830492783,0.10899242326710248,0.0026241658124837803,0.25,1.25
HistoKit (no postprocessing),gaussian,7a951edf-c71d-16ea-3e52-69a0dd7b54e1_133148_6.png,7764351,2661204,0,92667,0.9940679334826544,0.9882058307617471,1.0,0.9882058307617471,0.9911898607958646,0.9940679334826544,1.0,0.9663502756665072,0.0,0.25,1.25
HistoKit (no postprocessing),gaussian,59481929-3828-f3c5-2452-07bdbf0def53_144939_1.png,25521829,883581,18586,106885,0.9975479160491475,0.9951078281144604,0.9992722906029522,0.9958294825093448,0.9952707563687765,0.9975479160491475,0.9793984927402576,0.8920861493478827,0.000727709397047777,0.25,1.25
HistoKit (no postprocessing),gaussian,ec461d09-d9f6-ab63-cb21-aeb55b7abbf3_142116_2.png,39528718,1585040,97776,250716,0.9956112596530576,0.9912608730650916,0.9975325599080251,0.9936973462216682,0.9915949568583471,0.9956112596530576,0.941897391039781,0.8634262941262346,0.002467440091974829,0.25,1.25
HistoKit (no postprocessing),gaussian,e04480a3-f748-c87a-3eb6-396b6ccbcb83_134430_1.png,63540293,726734,571006,127697,0.994531954235557,0.9891233823143811,0.9910935200361484,0.997994329646656,0.9892450527378049,0.994531954235557,0.5599996917718495,0.8505473233063875,0.008906479963851613,0.25,1.25
HistoKit (no postprocessing),gaussian,7a951edf-c71d-16ea-3e52-69a0dd7b54e1_133148_2.png,8002933,479569,3868,297377,0.9815267707443703,0.9637236822235747,0.9995169106863028,0.9641727839080709,0.9657042717646581,0.9815267707443704,0.9919989574649851,0.6172488178071578,0.0004830893136971932,0.25,1.25
HistoKit (no postprocessing),gaussian,dfdc8007-a219-a302-d10c-929e29813dc8_163630_1.png,3821766,375313,770,119343,0.9845287877021682,0.9695289987338526,0.9997985630481963,0.9697184218959689,0.9721779805021412,0.9845287877021682,0.9979525796167336,0.7587353635657912,0.000201436951803724,0.25,1.25
HistoKit (no postprocessing),gaussian,bb1fc306-b767-ee67-c337-445c06bd68ce_150126_2.png,26967167,9902614,306922,1212962,0.9725920938962659,0.9466464956305937,0.9887467552078458,0.9569568329513325,0.9604090319621179,0.972592093896266,0.9699377131340738,0.8908772698778723,0.011253244792154194,0.25,1.25
HistoKit (no postprocessing),gaussian,7ba3b133-6b39-da9f-5b13-68d3bea507d2_165139_3.png,14606565,561542,8905,2906702,0.9092523618342047,0.8336047038004193,0.9993907140858282,0.8340285681706332,0.8387716704654807,0.9092523618342047,0.9843894349518886,0.16190960036260424,0.0006092859141717645,0.25,1.25
HistoKit (no postprocessing),gaussian,e04480a3-f748-c87a-3eb6-396b6ccbcb83_134430_2.png,14567476,669111,19752,38813,0.9979939039205177,0.9959958405695704,0.99864593876232,0.9973427199749368,0.9961710089576096,0.9979939039205177,0.9713266643730321,0.945173493199835,0.001354061237679976,0.25,1.25
HistoKit (no postprocessing),gaussian,d28668ca-fcc7-90f7-7049-f08e38cdd015_141933_2.png,11240029,784086,5207,252906,0.9886484713304338,0.9775517644502912,0.9995369594733272,0.9779946549771664,0.9789848389070778,0.9886484713304338,0.993402956823385,0.7561157655989632,0.0004630405266728062,0.25,1.25
HistoKit (no postprocessing),gaussian,015b92ff-7984-c969-27c5-4144ab20b802_144644_7.png,21895011,4860235,33085,971049,0.9775833704735948,0.9561497165068826,0.9984912050731628,0.9575331736206413,0.9638272180430543,0.9775833704735949,0.9932387417949368,0.833475954866887,0.0015087949268372412,0.25,1.25
HistoKit (no postprocessing),gaussian,e338d5a6-7427-4506-5755-323615d750be_135343_3.png,7610462,548516,9008,946504,0.9409318591561207,0.8884526149624082,0.9988177655401229,0.8893878975328405,0.8951656099244171,0.9409318591561208,0.9838428480208924,0.3668954261481452,0.0011822344598771306,0.25,1.25
HistoKit (no postprocessing),gaussian,0584763b-507d-517f-59c7-4dbcdbe7ec5e_135202_6.png,12901674,556226,73996,18219,0.9964389652389485,0.9929032024207687,0.9942973272285747,0.9985898490026195,0.9931945227033129,0.9964389652389485,0.8825874057078299,0.9682841699379401,0.005702672771425291,0.25,1.25
HistoKit (no postprocessing),gaussian,31439255-cb2a-2a33-e39f-915211d58cf0_143129_8.png,7295232,4609131,470192,677555,0.9270725878563961,0.8640590009758404,0.9394505696018659,0.9150165431485878,0.9120642562773376,0.9270725878563961,0.9074301831169233,0.8718374800394804,0.06054943039813409,0.25,1.25
HistoKit (no postprocessing),gaussian,110ff982-b33a-42d4-9522-02719d6987c7_164031_2.png,6015024,174591,6586,897431,0.93010573242055,0.8693435983397121,0.9989062725749426,0.8701718853865956,0.8725593602825745,0.93010573242055,0.9636488075197183,0.16286139650119122,0.0010937274250574181,0.25,1.25
HistoKit (no postprocessing),gaussian,bc7dd6a2-14aa-d481-064a-28427e54cce1_153909_1.png,22792037,492170,13759,2191617,0.9538522414465954,0.9117758305629466,0.9993966884558645,0.9122779638238666,0.9134793221215114,0.9538522414465953,0.9728044844237037,0.1833863864755288,0.0006033115441355346,0.25,1.25
HistoKit (no postprocessing),gaussian,e75d7a32-60ad-6f71-61b5-c428fc2cae22_164833_5.png,45200126,4967249,727823,97502,0.9909529210212614,0.9820680735969323,0.9841529392048401,0.9978475252611462,0.9838148401633959,0.9909529210212614,0.872201264531862,0.9807489055236871,0.015847060795159826,0.25,1.25
HistoKit (no postprocessing),gaussian,dfdc8007-a219-a302-d10c-929e29813dc8_163630_4.png,1685072,706286,850,280728,0.922891720673151,0.856823532402817,0.999495824836499,0.8571940177027164,0.8946559139463122,0.9228917206731508,0.9987979681419134,0.7155785024325896,0.0005041751635010398,0.25,1.25
HistoKit (no postprocessing),gaussian,31439255-cb2a-2a33-e39f-915211d58cf0_143129_5.png,3608897,239567,2445,1857989,0.7950663940143384,0.6598424926192984,0.9993229663654121,0.6601375993572941,0.6741167910164099,0.7950663940143384,0.9898971951804043,0.11421244534114941,0.0006770336345879178,0.25,1.25
HistoKit (no postprocessing),gaussian,bc7dd6a2-14aa-d481-064a-28427e54cce1_153909_2.png,11887191,455622,7926,2157769,0.9165116202237951,0.8458896628066291,0.9993336761630844,0.8463670241851882,0.8507293100021036,0.9165116202237951,0.9829014470993295,0.17434130598903877,0.0006663238369156016,0.25,1.25
HistoKit (no postprocessing),gaussian,091684ab-dffb-81d6-97c1-29bfeceeac37_154424_1.png,0,6267842,20721,0,0.0,0.0,0.0,,0.996704970595031,,0.996704970595031,1.0,1.0,0.25,1.25
HistoKit (no postprocessing),gaussian,8a22c195-cd7e-901b-eb5d-b1439c8b19ac_152323_2.png,2667463,491122,11194,43045,0.9899355466013752,0.98007166104151,0.9958210401705033,0.984119213077401,0.9831179672462607,0.9899355466013751,0.9777152230866626,0.9194165869475276,0.004178959829496647,0.25,1.25
HistoKit (no postprocessing),gaussian,e338d5a6-7427-4506-5755-323615d750be_135343_2.png,6366218,922125,213,59464,0.9953348598468447,0.9907130446420304,0.9999665432641931,0.9907458850282351,0.9918784924374185,0.9953348598468448,0.9997690651366419,0.9394206740295582,3.3456735806922275e-05,0.25,1.25
HistoKit (no postprocessing),gaussian,7ba3b133-6b39-da9f-5b13-68d3bea507d2_165139_2.png,10208268,5178569,72914,172735,0.9881111799163544,0.9765017265777028,0.9929080138840067,0.9833604710450425,0.9842859926437804,0.9881111799163544,0.9861155410766825,0.967720951753068,0.007091986115993278,0.25,1.25
HistoKit (no postprocessing),gaussian,098b4b43-88d6-52e4-6dfc-ff0d08e21e37_154649_1.png,38565206,1877765,143425,958564,0.9859139054162482,0.9722191347283315,0.9962947540046043,0.9757471516507661,0.9734747849077241,0.9859139054162482,0.9290393283164868,0.6620406165857345,0.003705245995395704,0.25,1.25
HistoKit (no postprocessing),gaussian,73f410c7-98a8-a0f8-02ae-aabdcdcb9cee_162913_1.png,14946940,3078050,37730,74692,0.9962533870384961,0.992534743503742,0.9974820933660868,0.9950277040470703,0.993801651525587,0.9962533870384962,0.9878906726405587,0.9763088765271627,0.0025179066339131926,0.25,1.25
HistoKit (no postprocessing),gaussian,00a8cbc5-e358-18d7-ac64-8f4f6e3173fd_135812_3.png,6441683,2157378,2914,142348,0.9888505527980382,0.9779469845277287,0.999547838289966,0.9783798101801161,0.9833878506089037,0.9888505527980382,0.9986511082761034,0.9381021913045293,0.0004521617100340021,0.25,1.25
HistoKit (no postprocessing),gaussian,d28668ca-fcc7-90f7-7049-f08e38cdd015_141933_3.png,1794162,1560030,80642,79611,0.9572496443317025,0.9180046203083787,0.9569864369822125,0.9575129965049128,0.954401619601388,0.9572496443317025,0.950848189034737,0.9514460787452863,0.04301356301778746,0.25,1.25
HistoKit (no postprocessing),gaussian,191c1954-41f1-2c63-fab4-33ae150d32f8_151532_2.png,27402033,441837,794,3140325,0.9457915441981936,0.897157994695505,0.9999710248873227,0.8971813178275233,0.8986244920080494,0.9457915441981934,0.9982061807690831,0.12334366787431725,2.897511267724312e-05,0.25,1.25
HistoKit (no postprocessing),gaussian,6c5eefac-6637-5ca1-aed4-decff7ee7c9b_152621_3.png,19359884,761186,123849,1363836,0.9629997702167307,0.92863988122548,0.993643466577991,0.9341896146058719,0.931153599547961,0.9629997702167307,0.8600631613439017,0.35820146803186037,0.006356533422009016,0.25,1.25
HistoKit (no postprocessing),gaussian,31439255-cb2a-2a33-e39f-915211d58cf0_143129_4.png,9396207,367668,46227,1653064,0.9170742014878703,0.8468486047223838,0.9951043343273567,0.8503915778697074,0.8517607613812799,0.9170742014878703,0.8883122531076723,0.18194792778062602,0.0048956656726433035,0.25,1.25
HistoKit (no postprocessing),gaussian,8a22c195-cd7e-901b-eb5d-b1439c8b19ac_152323_1.png,13715890,4731638,163111,312109,0.9829712975239188,0.966512837966868,0.9882476411666805,0.9777509964179496,0.9748863114384866,0.9829712975239188,0.9666763300835242,0.9381196162297594,0.011752358833319487,0.25,1.25
HistoKit (no postprocessing),gaussian,d89a4519-168e-fe8e-eec5-c3f8080d7609_170312_3.png,18947089,4589932,38666,2851890,0.9291265207221898,0.8676342618446266,0.9979634204697153,0.8691732305444214,0.8906234952981122,0.9291265207221898,0.9916462825244274,0.6167753004573342,0.002036579530284679,0.25,1.25
HistoKit (no postprocessing),gaussian,e338d5a6-7427-4506-5755-323615d750be_135343_5.png,4455304,150344,40026,327267,0.9604120587188848,0.9238391679835574,0.9910960930565721,0.9315709061088691,0.9261416936175193,0.9604120587188849,0.7897462835530809,0.3147833697297592,0.008903906943427957,0.25,1.25
HistoKit (no postprocessing),gaussian,745e05db-827a-cff7-7148-db0494ae96fc_133425_4.png,24564122,4612348,237685,1157813,0.972379361766197,0.9462435120390822,0.9904166256918296,0.9549873289081867,0.9543536745818915,0.972379361766197,0.9509931169540496,0.799344766983105,0.009583374308170368,0.25,1.25
HistoKit (no postprocessing),gaussian,e0661871-0847-f23e-2d1f-8518496574c0_141209_2.png,42639107,3070431,125106,731134,0.9900592624642399,0.9803142161390275,0.9970745164888221,0.9831420351111261,0.981612247517909,0.9900592624642399,0.960849772667317,0.8076755231069309,0.0029254835111779095,0.25,1.25
HistoKit (no postprocessing),gaussian,bb1fc306-b767-ee67-c337-445c06bd68ce_150126_1.png,27434260,4529934,765808,177598,0.9830966951400315,0.9667553349877329,0.9728437534264102,0.9935680532617545,0.9713316680645201,0.9830966951400316,0.8553917468033753,0.9622736499720023,0.027156246573589823,0.25,1.25
HistoKit (no postprocessing),gaussian,bb1fc306-b767-ee67-c337-445c06bd68ce_150126_3.png,30591988,1746228,132316,4604608,0.9281423038823803,0.8659193354157071,0.9956934419083993,0.8691746213184934,0.8722344945966488,0.9281423038823804,0.9295645989660077,0.27496033593057667,0.004306558091600708,0.25,1.25
HistoKit (no postprocessing),gaussian,1d49a2ac-7490-df96-fb85-41e83b5a5b35_151838_3.png,0,6147116,42319,0,0.0,0.0,0.0,,0.9931627038655386,,0.9931627038655386,1.0,1.0,0.25,0.75
HistoKit (no postprocessing),gaussian,538ad0bc-9add-9e27-6ee9-4f1bdd825510_142716_4.png,0,6987044,2932,0,0.0,0.0,0.0,,0.9995805421935641,,0.9995805421935641,1.0,1.0,0.25,0.75
HistoKit (no postprocessing),gaussian,d28668ca-fcc7-90f7-7049-f08e38cdd015_141933_1.png,23138951,3882465,27627,76041,0.9977648880794677,0.995539745327323,0.9988074630616571,0.9967244873485203,0.9961781500842541,0.9977648880794677,0.9929344373482772,0.9807904800447441,0.0011925369383428144,0.25,1.25
HistoKit (no postprocessing),gaussian,1cfd19dd-0b58-a07f-0753-c0e3d9e98b9b_133722_2.png,19723402,764942,2666,4522540,0.8970889436257292,0.8133828548013973,0.9998648488892972,0.8134722915694511,0.8190898133211799,0.8970889436257292,0.9965268730914738,0.1446703742915815,0.0001351511107028527,0.25,1.25
HistoKit (no postprocessing),gaussian,dfdc8007-a219-a302-d10c-929e29813dc8_163630_5.png,11889523,363037,16542,153478,0.9929007669860695,0.9859016216451983,0.9986106240810881,0.9872558343223586,0.986313632111848,0.9929007669860694,0.9564201391541681,0.7028585810673456,0.001389375918911916,0.25,1.25
HistoKit (no postprocessing),gaussian,110ff982-b33a-42d4-9522-02719d6987c7_164031_4.png,11652396,435025,14852,3201380,0.8787289661213684,0.7836900620554903,0.9987270348586059,0.784473658415207,0.7898389358410047,0.8787289661213685,0.9669865318742679,0.11963051420290094,0.0012729651413940974,0.25,0.75
HistoKit (no postprocessing),gaussian,4adc5212-3bb5-0299-1727-5490f70e71c6_162331_3.png,4430537,235782,6516,1040221,0.8943523448317696,0.8088945340328054,0.9985314577040211,0.8098579758051809,0.8167815963995452,0.8943523448317696,0.9731074957284006,0.184781697221715,0.001468542295978885,0.25,0.75
HistoKit (no postprocessing),gaussian,4adc5212-3bb5-0299-1727-5490f70e71c6_162331_1.png,6117211,580472,49844,2931091,0.8040837950762509,0.6723579727122427,0.9919176981557648,0.676061762748414,0.6920081978646125,0.804083795076251,0.9209222041008003,0.16530302887916293,0.008082301844235215,0.25,0.75
HistoKit (no postprocessing),gaussian,dfdc8007-a219-a302-d10c-929e29813dc8_163630_7.png,2207006,426235,36045,179274,0.9534880957961313,0.9111106065453645,0.9839303698400081,0.9248730241212263,0.9244112814895947,0.9534880957961313,0.9220277753742321,0.7039284304609841,0.016069630159991903,0.25,0.75
HistoKit (no postprocessing),gaussian,745e05db-827a-cff7-7148-db0494ae96fc_133425_2.png,28646142,4372965,133764,269915,0.993003340632342,0.9861039074905144,0.9953521738396227,0.9906655668855543,0.9879220421660839,0.993003340632342,0.970319049581193,0.9418647477427804,0.004647826160377313,0.25,1.25
HistoKit (no postprocessing),gaussian,2f6f5632-66e3-03e5-2957-29197ae74c65_142917_2.png,23359435,1060239,15644,296016,0.9933732407438317,0.9868337311814261,0.9993307402297977,0.9874863514544703,0.9873981726986503,0.9933732407438317,0.9854593854536228,0.781740159483283,0.000669259770202274,0.25,0.75
HistoKit (no postprocessing),gaussian,34677a0d-5045-a6c6-f661-b69bd9d6f859_140044_2.png,23269174,1121571,63130,46132,0.9976577149397364,0.9953263768371845,0.9972943092118121,0.9980213856082352,0.9955403278048043,0.9976577149397364,0.9467122928063706,0.960493378881445,0.002705690788187913,0.25,0.75
HistoKit (no postprocessing),gaussian,745e05db-827a-cff7-7148-db0494ae96fc_133425_3.png,48915909,5027739,459083,665909,0.9886314847861405,0.9775185502755036,0.9907021149492035,0.9865694920666281,0.9795710952730992,0.9886314847861406,0.9163298900529304,0.8830435249948715,0.009297885050796565,0.25,1.25
HistoKit (no postprocessing),gaussian,a796f488-e06e-b9c5-67ad-c084c09ace36_143658_2.png,39019709,3114399,3712,2318260,0.971105875595233,0.9438346012103378,0.9999048776374577,0.9439193541414673,0.9477693039962138,0.9711058755952329,0.998809535645139,0.573273419148892,9.512236254222816e-05,0.25,1.25
HistoKit (no postprocessing),gaussian,015b92ff-7984-c969-27c5-4144ab20b802_144644_8.png,19115503,4876270,74810,1456733,0.9614827761670913,0.9258226576334455,0.9961016790085706,0.9291893695950212,0.9399943565326699,0.9614827761670912,0.984890165378059,0.769977528827951,0.0038983209914293738,0.25,0.75
HistoKit (no postprocessing),gaussian,8a22c195-cd7e-901b-eb5d-b1439c8b19ac_152323_3.png,3876012,453191,91578,3028,0.9879431042371056,0.97617348231434,0.9769184820004083,0.9992193944893581,0.978614356994165,0.9879431042371055,0.8318957209385996,0.9933628367078092,0.02308151799959169,0.25,0.75
HistoKit (no postprocessing),gaussian,59481929-3828-f3c5-2452-07bdbf0def53_144939_2.png,22494407,2395544,4903,316186,0.9929134917812559,0.9859267140192788,0.9997820822060766,0.9861386330464973,0.9872639526175834,0.992913491781256,0.9979574637557088,0.8834006335439,0.0002179177939234581,0.25,0.75
HistoKit (no postprocessing),gaussian,654bcee2-3394-aaf6-25f2-380d7ca46c60_144121_7.png,5291512,321883,19,468424,0.9576125956852606,0.9186724549063318,0.9999964093567627,0.9186754852831698,0.9229767382820785,0.9576125956852605,0.9999409758249405,0.4072885600152852,3.590643237278587e-06,0.25,0.75
HistoKit (no postprocessing),gaussian,91e6ffad-da04-5736-d731-feb79e91105c_134712_2.png,6740861,189362,2116,964905,0.9330723094735646,0.8745412812495054,0.9996861920187478,0.8747814299058653,0.8775495603276282,0.9330723094735645,0.9889491220923553,0.16405389740848522,0.00031380798125219765,0.25,0.75
HistoKit (no postprocessing),gaussian,8b8e8141-b9e0-9b57-cdad-61702acf8a5e_150400_2.png,14419177,502452,7406,1853865,0.9393715395546363,0.8856744605553852,0.9994866421244726,0.8860775385450367,0.8890971762925358,0.9393715395546363,0.9854743869861805,0.21323616474353832,0.0005133578755274204,0.25,0.75
HistoKit (no postprocessing),gaussian,8b8e8141-b9e0-9b57-cdad-61702acf8a5e_150400_5.png,2315807,227522,15,1612242,0.7417856646942258,0.589554294431048,0.9999935228182477,0.5895565457559211,0.6120265589498087,0.7417856646942258,0.9999340766556648,0.12366912277879119,6.477181752310843e-06,0.25,0.75
HistoKit (no postprocessing),gaussian,1cfd19dd-0b58-a07f-0753-c0e3d9e98b9b_133722_4.png,19346006,749313,3210,5030959,0.8848705996071324,0.793513828346187,0.9998341018054685,0.7936183195898259,0.7996708488449904,0.8848705996071323,0.9957343496477848,0.12963282696731226,0.00016589819453149935,0.25,0.75
HistoKit (no postprocessing),gaussian,3c8a2c44-1287-eab9-5fb8-1902a0075b0d_153549_11.png,12768354,2017600,56857,69975,0.9950578914678178,0.9901643915799275,0.9955667785894516,0.994549524318936,0.9914950834807125,0.9950578914678176,0.9725918637985748,0.9664802462186988,0.004433221410548333,0.25,0.75
HistoKit (no postprocessing),gaussian,6875bf3f-1b6d-1a53-f365-0d72c060072a_140344_1.png,22436701,513663,8347,2714161,0.9427995388679405,0.8917888078277819,0.9996281139608166,0.8920847722833516,0.89395389810692,0.9427995388679405,0.9840098848681059,0.1591359999801724,0.00037188603918334237,0.25,0.75
HistoKit (no postprocessing),gaussian,c282e7fa-bbd4-0343-5231-dcd676a3dd4f_140949_1.png,4332113,5032998,2271688,185528,0.779055989322248,0.6380767525038189,0.6560029595077138,0.958932549089226,0.7921546240431346,0.7790559893222481,0.6890094933580991,0.9644481985909431,0.3439970404922862,0.25,0.75
HistoKit (no postprocessing),gaussian,b3ac8263-eb4f-ecee-6126-3ea976dfb769_143901_2.png,36830819,4743052,204237,360284,0.9923945815382956,0.9849039746663621,0.9944853060300489,0.9903126293404098,0.9866031670121631,0.9923945815382956,0.9587173904738534,0.9294022576604793,0.005514693969951065,0.25,0.75
HistoKit (no postprocessing),gaussian,997c9bdf-d489-63a3-9c13-1b5273502c59_152111_4.png,4644920,2715277,103611,73683,0.9812726850597023,0.9632339004448994,0.9781804098993984,0.9843845731459078,0.9764783798746824,0.9812726850597024,0.9632440167895993,0.973580474442086,0.021819590100601638,0.25,0.75
HistoKit (no postprocessing),gaussian,cfd234aa-a9c1-9363-1732-dc841509f243_163200_1.png,8094109,1818863,15996,3000872,0.8429130700065597,0.728478602736735,0.9980276457579772,0.7295288743622004,0.7666739882318729,0.8429130700065597,0.9912821639155924,0.3773782168521713,0.0019723542420227603,0.25,0.75
HistoKit (no postprocessing),gaussian,654bcee2-3394-aaf6-25f2-380d7ca46c60_144121_5.png,6856558,493061,3285,574420,0.9595751006887568,0.9222915573473793,0.9995211260665878,0.9226992732315988,0.927124840614563,0.9595751006887567,0.9933816329737724,0.46189206177908554,0.00047887393341217865,0.25,0.75
HistoKit (no postprocessing),gaussian,bffc0a6a-719c-940b-52f7-9a2879514091_151206_1.png,28956986,856599,51550,250365,0.9948138727148484,0.9896812597301587,0.9982229368624462,0.9914280141324696,0.9899747638259369,0.9948138727148484,0.9432361870133645,0.7738273331382051,0.0017770631375537186,0.25,0.75
HistoKit (no postprocessing),gaussian,7a951edf-c71d-16ea-3e52-69a0dd7b54e1_133148_4.png,10252383,1820908,662,341353,0.9835938699600673,0.967717372898394,0.9999354338150276,0.9677778453229342,0.9724521489844874,0.9835938699600671,0.9996365772383164,0.8421314540659061,6.456618497236675e-05,0.25,0.75
HistoKit (no postprocessing),gaussian,1cfd19dd-0b58-a07f-0753-c0e3d9e98b9b_133722_1.png,19225775,1039302,6602,4219296,0.9009805366056565,0.8198039858393045,0.9996567246991882,0.8200348380262956,0.8274508058580763,0.9009805366056565,0.9936877571937769,0.19763861013905226,0.0003432753008117509,0.25,0.75
HistoKit (no postprocessing),gaussian,997c9bdf-d489-63a3-9c13-1b5273502c59_152111_3.png,17001083,522147,133468,208806,0.9900340782962249,0.9802648356947273,0.9922105925039997,0.9878670919957706,0.9808416264103157,0.990034078296225,0.7964232056923651,0.7143373103332226,0.007789407496000333,0.25,0.75
HistoKit (no postprocessing),gaussian,8a46ca7f-3853-419d-26c8-1bf78b04ebee_163832_3.png,7081848,125663,14114,200113,0.9851002818696414,0.9706380485397971,0.9980109814567778,0.9725193529600062,0.9711351977124496,0.9851002818696413,0.8990248753371441,0.3857343696282108,0.0019890185432221877,0.25,0.75
HistoKit (no postprocessing),gaussian,a796f488-e06e-b9c5-67ad-c084c09ace36_143658_1.png,27889690,3670887,513258,973270,0.9740416584331466,0.9493968896881144,0.98192941098931,0.9662796192767478,0.9550179055018586,0.9740416584331466,0.8773326450206673,0.7904312881756581,0.018070589010690016,0.25,0.75
HistoKit (no postprocessing),gaussian,6c5eefac-6637-5ca1-aed4-decff7ee7c9b_152621_4.png,8126314,813627,2108,2560827,0.8637864304140142,0.7602324541228294,0.9997406630708888,0.7603824072312698,0.7771918083790523,0.8637864304140142,0.9974158274439616,0.2411136735009575,0.00025933692911121005,0.25,0.75
HistoKit (no postprocessing),gaussian,e0661871-0847-f23e-2d1f-8518496574c0_141209_1.png,30396518,2852872,333294,515243,0.9862343389582222,0.9728425186001433,0.9891540501451815,0.9833318134156123,0.975114704187149,0.9862343389582223,0.8953933975819214,0.8470233350108295,0.010845949854818506,0.25,0.75
HistoKit (no postprocessing),gaussian,110ff982-b33a-42d4-9522-02719d6987c7_164031_1.png,19515948,652121,6385,1979976,0.9515737345933544,0.9076210373499888,0.9996729386800235,0.9078906308005182,0.9103402344361827,0.9515737345933544,0.9903038089250515,0.24775720651632518,0.0003270613199764598,0.25,0.75
HistoKit (no postprocessing),gaussian,191c1954-41f1-2c63-fab4-33ae150d32f8_151532_1.png,36862284,1496285,34969,4764270,0.9388817330265202,0.884804043289536,0.9990522600693336,0.8855473359625204,0.8887978972426033,0.9388817330265202,0.9771631616962306,0.23900197346720858,0.0009477399306663832,0.25,0.75
HistoKit (no postprocessing),gaussian,8b8e8141-b9e0-9b57-cdad-61702acf8a5e_150400_3.png,1948343,599513,1353,4922471,0.44177558893986857,0.28351217308892523,0.9993060456604517,0.28356800227745943,0.34100175596385285,0.44177558893986857,0.9977482500257961,0.10856840584833277,0.0006939543395483194,0.25,0.75
HistoKit (no postprocessing),gaussian,e338d5a6-7427-4506-5755-323615d750be_135343_4.png,13090963,1595568,142866,376024,0.9805665115253407,0.961873945295368,0.9892044849604752,0.9720780899246432,0.9658746706191167,0.9805665115253407,0.9178191406748832,0.809278998900381,0.010795515039524842,0.25,0.75
HistoKit (no postprocessing),gaussian,75867af4-ee91-110d-5a8d-03a78d8d262a_171204_2.png,18327832,408917,22160,2681809,0.9313009600470614,0.871434262809923,0.9987923700457199,0.8723534114647652,0.8738862663088055,0.9313009600470614,0.9485938707005941,0.1323045135673625,0.001207629954280089,0.25,0.75
HistoKit (no postprocessing),gaussian,538ad0bc-9add-9e27-6ee9-4f1bdd825510_142716_3.png,0,6843337,1736,0,0.0,0.0,0.0,,0.999746386926772,,0.999746386926772,1.0,1.0,0.25,0.75
HistoKit (no postprocessing),gaussian,22c86e01-80fd-7f77-3526-d5f72a54b219_141444_4.png,4580053,241292,15562,519290,0.9448319425416799,0.8954326619946998,0.9966137285216451,0.8981653126687105,0.9001433293062223,0.9448319425416799,0.9394130517726024,0.31724652963125605,0.00338627147835491,0.25,0.75
HistoKit (no postprocessing),gaussian,654bcee2-3394-aaf6-25f2-380d7ca46c60_144121_3.png,6397911,1858719,3611,624434,0.9532143010654084,0.9106107410863375,0.9994359153963698,0.911078991419533,0.9293114266982191,0.9532143010654084,0.9980610310739773,0.7485318061351838,0.0005640846036301992,0.25,0.75
HistoKit (no postprocessing),gaussian,778d67ae-3cb9-eeb7-6fac-a66f6e936029_142330_2.png,10839247,466855,53086,2084956,0.9102286747325472,0.8352474079909911,0.9951262966345227,0.8386781761320214,0.840968528751254,0.9102286747325472,0.8978999540332461,0.18295046145658905,0.00487370336547735,0.25,0.75
HistoKit (no postprocessing),gaussian,bffc0a6a-719c-940b-52f7-9a2879514091_151206_2.png,59125078,8760758,294553,1267795,0.9869600588599667,0.974255820307818,0.9950428335712822,0.9790075395154657,0.9775034002328988,0.9869600588599668,0.9674717963855687,0.8735814628491269,0.0049571664287178085,0.25,0.75
HistoKit (no postprocessing),gaussian,22c86e01-80fd-7f77-3526-d5f72a54b219_141444_1.png,35036057,811205,48767,1623921,0.9766855862254662,0.9544335280326255,0.9986100258048893,0.9557031649064274,0.9554187039161832,0.9766855862254662,0.9432923397505966,0.33312649940906547,0.0013899741951106837,0.25,0.75
HistoKit (no postprocessing),gaussian,015b92ff-7984-c969-27c5-4144ab20b802_144644_9.png,1136495,9400468,4566,40059,0.9807452920351309,0.9622180642102411,0.995998461081397,0.9659522639844835,0.9957827690891008,0.9807452920351309,0.9995145153116937,0.9957566987520929,0.00400153891860295,0.25,0.75
HistoKit (no postprocessing),gaussian,4adc5212-3bb5-0299-1727-5490f70e71c6_162331_2.png,5600765,922893,6986,2336615,0.8269783437310425,0.7049983598439448,0.9987542242870626,0.7056188566000368,0.7357017540595127,0.8269783437310425,0.9924871945704764,0.28313874363861047,0.0012457757129373255,0.25,0.75
HistoKit (no postprocessing),gaussian,d89a4519-168e-fe8e-eec5-c3f8080d7609_170312_2.png,22254253,510297,39383,2312547,0.9498098993359771,0.9044171133734964,0.9982334420459722,0.9058669830828598,0.9063590917198588,0.9498098993359773,0.9283528598457285,0.18077407040559096,0.0017665579540277773,0.25,0.75
HistoKit (no postprocessing),gaussian,cfd234aa-a9c1-9363-1732-dc841509f243_163200_2.png,13558071,1900641,1062955,1948898,0.9000314159637904,0.8182337468777768,0.9272995616039531,0.8743211519930169,0.8369376897783041,0.9000314159637905,0.6413293174913179,0.4937321066236762,0.0727004383960469,0.25,0.75
HistoKit (no postprocessing),gaussian,31439255-cb2a-2a33-e39f-915211d58cf0_143129_7.png,8207624,1969303,1638636,1401597,0.8437338557705153,0.729705578582658,0.8335778254890689,0.85414041367141,0.7699783463315871,0.8437338557705153,0.5458249155542818,0.5842068883680916,0.16642217451093105,0.25,0.75
HistoKit (no postprocessing),gaussian,dfdc8007-a219-a302-d10c-929e29813dc8_163630_6.png,2525129,233295,5606,45686,0.9899458007860357,0.9800917629533372,0.9977848332599027,0.9822289818598382,0.9817447742049374,0.9899458007860356,0.9765342129166474,0.8362397439252135,0.0022151667400972445,0.25,0.75
HistoKit (no postprocessing),gaussian,110ff982-b33a-42d4-9522-02719d6987c7_164031_3.png,5370787,209020,2740,563705,0.9499076717150899,0.9045944305359804,0.9994900928198556,0.9050120886505534,0.907838956163854,0.9499076717150899,0.9870608235738572,0.2704972661684299,0.0005099071801444378,0.25,0.75
HistoKit (no postprocessing),gaussian,dad7b6f2-9f0b-8c2a-a00e-ff89c406e2d2_171435_2.png,6547215,1395358,30248,127267,0.988113820273175,0.9765068839461097,0.9954012664153337,0.9809323030611214,0.9805539149698127,0.988113820273175,0.9787823564154472,0.9164160577949265,0.0045987335846663065,0.25,0.75
HistoKit (no postprocessing),gaussian,e04480a3-f748-c87a-3eb6-396b6ccbcb83_134430_3.png,25379483,1484015,43492,248784,0.9942748503552568,0.988614882213564,0.9982892639433426,0.9902925937208318,0.9892370587559022,0.9942748503552569,0.9715274627219385,0.85642650994143,0.0017107360566574132,0.25,0.75
HistoKit (no postprocessing),gaussian,75867af4-ee91-110d-5a8d-03a78d8d262a_171204_5.png,8001403,145008,814,2215619,0.878346565408138,0.7830819559053405,0.9998982781896567,0.7831443448002755,0.7861173052494084,0.8783465654081382,0.9944178519016335,0.061427747797513116,0.0001017218103433086,0.25,0.75
HistoKit (no postprocessing),gaussian,22c86e01-80fd-7f77-3526-d5f72a54b219_141444_2.png,30412239,558197,54365,496998,0.9910166118945727,0.9821931892807562,0.998215587139282,0.9839207289393782,0.9825085173596849,0.9910166118945727,0.9112498000202428,0.5289989054155867,0.0017844128607179192,0.25,0.75
HistoKit (no postprocessing),gaussian,6520c4c0-cf13-4bc7-106a-ea8d45dc1109_165944_1.png,0,8348319,6546921,0,0.0,0.0,0.0,,0.5604689149016733,,0.5604689149016733,1.0,1.0,0.25,0.75
HistoKit (no postprocessing),gaussian,191c1954-41f1-2c63-fab4-33ae150d32f8_151532_3.png,48792725,587210,3228,4212509,0.958588528049285,0.9204704901643816,0.9999338469729242,0.9205265464916162,0.9213418389455029,0.958588528049285,0.9945328722067347,0.12234257880513422,6.615302707583147e-05,0.25,0.75
HistoKit (no postprocessing),gaussian,6875bf3f-1b6d-1a53-f365-0d72c060072a_140344_4.png,9671321,317914,21607,879768,0.9554744989593715,0.9147450186783012,0.9977708490148693,0.9166182751372868,0.9172337454008544,0.9554744989593716,0.9363603429537496,0.2654410770137649,0.0022291509851306026,0.25,0.75
HistoKit (no postprocessing),gaussian,00a8cbc5-e358-18d7-ac64-8f4f6e3173fd_135812_5.png,5778081,2986695,21622,117778,0.988080948995867,0.976442678903405,0.9962718780599628,0.9800236063989997,0.9843444244588158,0.988080948995867,0.9928125925559041,0.9620618378707111,0.003728121940037274,0.25,0.75
HistoKit (no postprocessing),gaussian,098b4b43-88d6-52e4-6dfc-ff0d08e21e37_154649_2.png,44731251,712232,38536,402681,0.995092338727389,0.9902326124842238,0.9991392409349635,0.991078087324632,0.9903842239352115,0.9950923387273891,0.9486712273298809,0.6388229395477495,0.0008607590650364273,0.25,0.75
HistoKit (no postprocessing),gaussian,ec461d09-d9f6-ab63-cb21-aeb55b7abbf3_142116_1.png,35858526,1672222,119893,143203,0.9963448810913809,0.9927163846629036,0.9966676412323732,0.9960223299275432,0.993038654654975,0.996344881091381,0.9330997173730481,0.921118746299076,0.003332358767626782,0.25,0.75
HistoKit (no postprocessing),gaussian,2f6f5632-66e3-03e5-2957-29197ae74c65_142917_4.png,4161076,458063,3546,41207,0.9946511882231244,0.989359291592692,0.999148542172615,0.9901941397092962,0.9904043661388385,0.9946511882231243,0.9923181740390677,0.917465499629459,0.0008514578273850544,0.25,0.75
HistoKit (no postprocessing),gaussian,8b8e8141-b9e0-9b57-cdad-61702acf8a5e_150400_1.png,4635463,219701,12054,623386,0.9358553883432128,0.8794438068771139,0.9974063569858916,0.8814596121698873,0.8842677417639297,0.9358553883432129,0.9479881771698561,0.26059113709498544,0.002593643014108394,0.25,0.75
HistoKit (no postprocessing),gaussian,8a46ca7f-3853-419d-26c8-1bf78b04ebee_163832_4.png,23948232,721883,7539,521221,0.98908089717871,0.978397672393732,0.9996852950380933,0.9786991151784227,0.979016523555119,0.98908089717871,0.9896644192250851,0.5807100612659922,0.00031470496190667374,0.25,0.75
HistoKit (no postprocessing),gaussian,0584763b-507d-517f-59c7-4dbcdbe7ec5e_135202_1.png,7372620,1058541,13337,58135,0.9951762577284353,0.9903988290311296,0.9981942759753407,0.9921764342923431,0.9915941332526054,0.9951762577284353,0.9875573526091589,0.9479392411048505,0.0018057240246592283,0.25,0.75
HistoKit (no postprocessing),gaussian,654bcee2-3394-aaf6-25f2-380d7ca46c60_144121_6.png,2352472,687577,498,586153,0.8891353174231966,0.8003993027852185,0.9997883525926807,0.8005349440639755,0.8382411007251772,0.8891353174231966,0.9992762416887694,0.5398137752898966,0.00021164740731926033,0.25,0.75
HistoKit (no postprocessing),gaussian,302e8390-e88c-6502-e08e-b8e893212016_162708_2.png,47724797,2327893,36314,1452346,0.9846432142258308,0.9697509565320721,0.9992396743032212,0.9704670521424964,0.9711171709704927,0.9846432142258308,0.9846400928514297,0.615805773127043,0.0007603256967787035,0.25,0.75
HistoKit (no postprocessing),gaussian,34677a0d-5045-a6c6-f661-b69bd9d6f859_140044_1.png,7126430,156792,44225,73881,0.9917816241441251,0.9836972305748773,0.9938325020517651,0.9897391932098488,0.9840425934372858,0.991781624144125,0.7799937318734237,0.6797154413390384,0.0061674979482348544,0.25,0.75
HistoKit (no postprocessing),gaussian,cfd234aa-a9c1-9363-1732-dc841509f243_163200_4.png,14213113,5438825,966786,3249135,0.870844249307498,0.7712348352062295,0.9363114339561811,0.8139337501105242,0.8233640897576946,0.870844249307498,0.8490720088996975,0.626018651098762,0.06368856604381887,0.25,0.75
HistoKit (no postprocessing),gaussian,745e05db-827a-cff7-7148-db0494ae96fc_133425_1.png,34960555,2373253,82213,302091,0.9945337922339808,0.9891270184441816,0.997653923913773,0.9914331159380382,0.9898111549167679,0.9945337922339808,0.9665183716655006,0.887083305922528,0.0023460760862269786,0.25,0.75
HistoKit (no postprocessing),gaussian,7530b966-b7ee-7dd8-6676-04339b0c22b7_154932_1.png,16908398,454260,221097,759070,0.9718318233691831,0.9452070638421808,0.9870926142306005,0.9570357223796868,0.946564010723539,0.9718318233691831,0.6726220354568029,0.3743911384371935,0.012907385769399506,0.25,0.75
HistoKit (no postprocessing),gaussian,91e6ffad-da04-5736-d731-feb79e91105c_134712_4.png,7993857,306767,33749,1721115,0.9010930655060386,0.8199903351424254,0.9957958823589499,0.8228389129685603,0.8254819656688964,0.9010930655060386,0.9008886513409061,0.1512745810653677,0.004204117641050146,0.25,0.75
HistoKit (no postprocessing),gaussian,cfd234aa-a9c1-9363-1732-dc841509f243_163200_3.png,10585402,859733,31884,5792805,0.7842347609654693,0.6450544363221387,0.9969969726726774,0.6463101852357831,0.6627244724671195,0.7842347609654693,0.9642402511392223,0.12923383526708151,0.0030030273273226322,0.25,0.75
HistoKit (no postprocessing),gaussian,73f410c7-98a8-a0f8-02ae-aabdcdcb9cee_162913_2.png,17020200,1357614,30053,35044,0.9980913047536003,0.9961898818615795,0.998237386858717,0.9979452653975516,0.9964703511284092,0.9980913047536002,0.9783427868501593,0.9748366074082797,0.0017626131412830062,0.25,0.75
HistoKit (no postprocessing),gaussian,75867af4-ee91-110d-5a8d-03a78d8d262a_171204_3.png,17441474,315044,29814,4245893,0.8908106777416129,0.8031186920622893,0.9982935430976811,0.8042227532738299,0.8059339444835917,0.8908106777416128,0.9135470251523815,0.06907440291326103,0.0017064569023188215,0.25,0.75
HistoKit (no postprocessing),gaussian,778d67ae-3cb9-eeb7-6fac-a66f6e936029_142330_1.png,16683460,347810,63511,1798067,0.9471570431416065,0.899618539471313,0.9962076127079936,0.902710041221161,0.9014665232049716,0.9471570431416065,0.8455926150135782,0.162082915283588,0.0037923872920064172,0.25,0.75
HistoKit (no postprocessing),gaussian,22c86e01-80fd-7f77-3526-d5f72a54b219_141444_3.png,15690136,743024,33390,795585,0.9742628258276265,0.9498172147399457,0.997876430515649,0.9517409641956212,0.9519772612136332,0.9742628258276265,0.9569945930907995,0.4829193121839272,0.002123569484351029,0.25,0.75
HistoKit (no postprocessing),gaussian,e7510405-61bb-4166-6cb6-90d49adffbe4_135053_1.png,7506530,426488,1142105,23925,0.9279298155829531,0.8655495032608596,0.8679439009739687,0.9968229011394398,0.8718514288527767,0.9279298155829531,0.2718920714296188,0.9468820837764452,0.13205609902603127,0.25,0.75
HistoKit (no postprocessing),gaussian,e0661871-0847-f23e-2d1f-8518496574c0_141209_3.png,42634443,1700682,79371,108842,0.9977975732595369,0.9956048265665726,0.9981417955324711,0.9974535883238735,0.9957727113811637,0.9977975732595369,0.9554108782154239,0.9398504800157389,0.0018582044675289357,0.25,0.75
HistoKit (no postprocessing),gaussian,91e6ffad-da04-5736-d731-feb79e91105c_134712_1.png,82005937,3034442,122709,3768692,0.976823555109333,0.9546970710547514,0.9985058928160097,0.9560628586338741,0.9562428526675166,0.976823555109333,0.9611329961728153,0.44603590051291064,0.0014941071839903461,0.25,0.75
HistoKit (no postprocessing),gaussian,6875bf3f-1b6d-1a53-f365-0d72c060072a_140344_3.png,7634639,627815,12857,1080945,0.9331542716896819,0.8746852960339653,0.998318796113133,0.8759756087486507,0.8830940495856462,0.933154271689682,0.9799320088906648,0.3674097006016058,0.0016812038868670215,0.25,0.75
HistoKit (no postprocessing),gaussian,bc7dd6a2-14aa-d481-064a-28427e54cce1_153909_3.png,23774620,1327092,223977,2188291,0.9517174701772413,0.9078826013996012,0.9906670794130173,0.9157147285988078,0.91232573404502,0.9517174701772412,0.8555983002690403,0.3775099327726168,0.009332920586982648,0.25,0.75
HistoKit (no postprocessing),gaussian,778d67ae-3cb9-eeb7-6fac-a66f6e936029_142330_3.png,18037906,627203,9373,2401158,0.9373665874151774,0.8821166136071916,0.9994806419294565,0.8825211369757441,0.8856247781799271,0.9373665874151774,0.9852759136379631,0.20710972040651693,0.0005193580705434874,0.25,0.75
HistoKit (no postprocessing),gaussian,7a951edf-c71d-16ea-3e52-69a0dd7b54e1_133148_1.png,12542157,2860359,379,409525,0.9839216876548244,0.968352218229979,0.999969782825419,0.9683805547418475,0.9740770862398039,0.9839216876548244,0.9998675167037316,0.8747585541260791,3.0217174580961936e-05,0.25,0.75
HistoKit (no postprocessing),gaussian,c4a5bf6f-509c-e7c4-3751-4f823d57d1f3_145315_3.png,21756839,1126018,84324,2629444,0.9412953075538718,0.8891009119634834,0.9961392165792636,0.8921752855898539,0.8939794601827389,0.9412953075538717,0.9303304355297924,0.2998347473626414,0.0038607834207363407,0.25,0.75
HistoKit (no postprocessing),gaussian,0584763b-507d-517f-59c7-4dbcdbe7ec5e_135202_2.png,16991837,1475775,74803,160346,0.9931280804135197,0.9863499627851325,0.9956170048703201,0.9906515689577239,0.9874270435258196,0.9931280804135196,0.9517579896012971,0.9019962459989206,0.00438299512967989,0.25,0.75
HistoKit (no postprocessing),gaussian,dad7b6f2-9f0b-8c2a-a00e-ff89c406e2d2_171435_1.png,23698217,1067873,30358,96388,0.9973329646711352,0.9946801176564262,0.9987206142804614,0.995949165787791,0.9949083342693456,0.9973329646711352,0.9723573637968697,0.9172110033746729,0.0012793857195385733,0.25,0.75
HistoKit (no postprocessing),gaussian,00a8cbc5-e358-18d7-ac64-8f4f6e3173fd_135812_2.png,8451136,5782311,125558,231555,0.979309054175453,0.95945698174518,0.9853605596748584,0.973331424554899,0.9755243801471637,0.979309054175453,0.9787473283513903,0.9614964816309509,0.0146394403251416,0.25,0.75
HistoKit (no postprocessing),gaussian,1d49a2ac-7490-df96-fb85-41e83b5a5b35_151838_1.png,0,6047604,188096,0,0.0,0.0,0.0,,0.9698356239075003,,0.9698356239075003,1.0,1.0,0.25,0.75
HistoKit (no postprocessing),gaussian,7a951edf-c71d-16ea-3e52-69a0dd7b54e1_133148_5.png,5748501,2905486,316,437542,0.9633126823439906,0.9292220189613956,0.9999450321692271,0.9292694861642572,0.9518405780124937,0.9633126823439906,0.9998912520536499,0.8691180570428965,5.4967830772835525e-05,0.25,0.75
HistoKit (no postprocessing),gaussian,dad7b6f2-9f0b-8c2a-a00e-ff89c406e2d2_171435_3.png,5721203,591085,25766,368992,0.9666509647074248,0.9354544608770397,0.9955165931815536,0.9394121206299634,0.9411427922217919,0.9666509647074248,0.9582297832053446,0.6156641602704783,0.004483406818446384,0.25,0.75
HistoKit (no postprocessing),gaussian,3c8a2c44-1287-eab9-5fb8-1902a0075b0d_153549_25.png,37435658,2813738,78034,106304,0.9975439824959755,0.9950999994790005,0.9979198528366656,0.997168395194689,0.9954409849953507,0.9975439824959756,0.9730151616379161,0.9635950441808714,0.00208014716333439,0.25,0.75
HistoKit (no postprocessing),gaussian,6c5eefac-6637-5ca1-aed4-decff7ee7c9b_152621_1.png,35002246,359910,375164,237486,0.9913243444488309,0.9827979281478177,0.9893953797069938,0.993260845457054,0.9829700263011842,0.9913243444488308,0.4896241738926965,0.6024646967840428,0.010604620293006187,0.25,0.75
HistoKit (no postprocessing),gaussian,6875bf3f-1b6d-1a53-f365-0d72c060072a_140344_5.png,10312246,461348,29177,1647739,0.9248067207236422,0.8601306746876888,0.9971786281249688,0.8622290078123007,0.8653134690868085,0.9248067207236421,0.9405188318638193,0.21874299163571725,0.002821371875031125,0.25,0.75
HistoKit (no postprocessing),gaussian,2f6f5632-66e3-03e5-2957-29197ae74c65_142917_3.png,5401033,642302,5354,73147,0.9927852105501487,0.985673781748594,0.9990096898353743,0.9866378160747363,0.9871768861498413,0.9927852105501488,0.9917332658077745,0.8977607069127219,0.0009903101646256548,0.25,0.75
HistoKit (no postprocessing),gaussian,7a951edf-c71d-16ea-3e52-69a0dd7b54e1_133148_3.png,8605794,1490410,602,400442,0.9772297519189637,0.955473385887478,0.9999300520217754,0.9555372521883726,0.9617953200686504,0.9772297519189637,0.9995962473809734,0.7882213943767148,6.994797822456694e-05,0.25,0.75
HistoKit (no postprocessing),gaussian,e92b8137-1dab-8f48-a38e-05fbbeabd072_134925_1.png,6181383,31304,23680,171210,0.9844803839187823,0.9694351229942633,0.9961837615508496,0.9730488007023274,0.969584446663692,0.9844803839187823,0.5693292594209225,0.15457696751829503,0.003816238449150315,0.25,0.75
HistoKit (no postprocessing),gaussian,e75d7a32-60ad-6f71-61b5-c428fc2cae22_164833_1.png,39619226,11452872,62683,435203,0.9937558456722705,0.9875891863801163,0.9984203632945179,0.9891347096721813,0.9903454303961002,0.9937558456722705,0.9945566670473113,0.9633916340534527,0.0015796367054820876,0.25,0.75
HistoKit (no postprocessing),gaussian,6875bf3f-1b6d-1a53-f365-0d72c060072a_140344_2.png,15680797,767645,14722,513986,0.9834210412933687,0.9673828411169866,0.9990620252825027,0.9682622484043164,0.9688576704570555,0.9834210412933688,0.9811827441597102,0.5989594508871898,0.0009379747174973953,0.25,0.75
HistoKit (no postprocessing),gaussian,654bcee2-3394-aaf6-25f2-380d7ca46c60_144121_2.png,5368751,1827861,6175,60621,0.9938176455332869,0.9877112643860866,0.9988511469739304,0.9888346202838929,0.9908037659456828,0.9938176455332868,0.9966331086194601,0.9678996146111003,0.0011488530260695682,0.25,0.75
HistoKit (no postprocessing),gaussian,59481929-3828-f3c5-2452-07bdbf0def53_144939_3.png,23349996,1216819,14428,548350,0.9880925726528513,0.9764653820589781,0.9993824799618428,0.9770548974393458,0.9776049695671554,0.9880925726528512,0.9882817988592053,0.689349858285524,0.0006175200381571572,0.25,0.75
HistoKit (no postprocessing),gaussian,d89a4519-168e-fe8e-eec5-c3f8080d7609_170312_1.png,15727868,491834,27947,350041,0.9881261771321508,0.9765310207666081,0.9982262421842348,0.9782284499806536,0.9772264694665342,0.9881261771321509,0.9462331251046113,0.5842126206384558,0.0017737578157651635,0.25,0.75
HistoKit (no postprocessing),gaussian,7530b966-b7ee-7dd8-6676-04339b0c22b7_154932_2.png,10233068,1294210,23732,2224498,0.9010216706026486,0.8198720998408979,0.9976862179237189,0.8214339783550013,0.8367951294427762,0.9010216706026486,0.981993137786033,0.3678082978184038,0.002313782076281101,0.25,0.75
HistoKit (no postprocessing),gaussian,c4a5bf6f-509c-e7c4-3751-4f823d57d1f3_145315_1.png,22576354,1094067,36000,1451369,0.9681096366972122,0.9381904038705897,0.9984079499197651,0.9395960657612042,0.9408783919414225,0.9681096366972122,0.9681434817581612,0.4298151672247898,0.0015920500802349016,0.25,0.75
HistoKit (no postprocessing),gaussian,6c5eefac-6637-5ca1-aed4-decff7ee7c9b_152621_2.png,36281718,913200,143885,4438625,0.9405994710337728,0.887860110804002,0.996049893806837,0.890997357266858,0.8903113422875146,0.9405994710337727,0.8638851180368655,0.17063338207060208,0.003950106193163089,0.25,0.75
HistoKit (no postprocessing),gaussian,098b4b43-88d6-52e4-6dfc-ff0d08e21e37_154649_3.png,44841969,6944581,106710,461753,0.9937014085641888,0.9874816650059616,0.9976259591522144,0.9898076144825363,0.9891421476678842,0.9937014085641888,0.9848666010238409,0.9376543104861326,0.002374040847785538,0.25,0.75
HistoKit (no postprocessing),gaussian,00a8cbc5-e358-18d7-ac64-8f4f6e3173fd_135812_1.png,0,9256718,101026,0,0.0,0.0,0.0,,0.9892040218240635,,0.9892040218240635,1.0,1.0,0.25,0.75
HistoKit (no postprocessing),gaussian,654bcee2-3394-aaf6-25f2-380d7ca46c60_144121_1.png,8531517,959985,14330,543268,0.9683553915659778,0.9386521129944995,0.9983231621160548,0.9401343392708478,0.9445126429232469,0.9683553915659779,0.9852922309520021,0.6386050784531945,0.001676837883945266,0.25,0.75
HistoKit (no postprocessing),gaussian,34677a0d-5045-a6c6-f661-b69bd9d6f859_140044_3.png,4379811,132134,10905,9370,0.9976907473971506,0.9953921355173513,0.9975163504084528,0.997865205376584,0.995526474884273,0.9976907473971506,0.9237620509091926,0.9337827905924921,0.0024836495915472557,0.25,0.75
HistoKit (no postprocessing),gaussian,98188e68-f597-a02c-6cf5-9f993d1f10ac_162142_1.png,29032381,1205982,70883,266264,0.9942271236373454,0.9885205169112694,0.9975644312610434,0.9909120711896403,0.9889732992188847,0.9942271236373456,0.9444866920152091,0.8191443549515502,0.002435568738956565,0.25,0.75
HistoKit (no postprocessing),gaussian,997c9bdf-d489-63a3-9c13-1b5273502c59_152111_5.png,1628110,4344965,273924,129729,0.8897084680260763,0.8013286982782933,0.8559836469800225,0.9261997259134653,0.9366990406365145,0.8897084680260763,0.9406948294275961,0.9710082968801889,0.14401635301997756,0.25,0.75
HistoKit (no postprocessing),gaussian,997c9bdf-d489-63a3-9c13-1b5273502c59_152111_1.png,11820943,1155726,173,54598,0.9976886613162355,0.9953879825667745,0.9999853651719516,0.9954024831373998,0.9957970109212796,0.9976886613162355,0.9998503329443144,0.9548897650546465,1.4634828048383925e-05,0.25,0.75
HistoKit (no postprocessing),gaussian,8a46ca7f-3853-419d-26c8-1bf78b04ebee_163832_1.png,8400981,1114392,138347,391544,0.9694267543118442,0.9406674958503493,0.9837988422508188,0.9554685371949468,0.9472496690977957,0.9694267543118442,0.8895643865162656,0.7399995750151401,0.0162011577491812,0.25,0.75
HistoKit (no postprocessing),gaussian,b3ac8263-eb4f-ecee-6126-3ea976dfb769_143901_1.png,31618713,1184751,60717,167499,0.9964041016082371,0.9928339715267366,0.9980833935459066,0.9947304510521732,0.9930909962799349,0.996404101608237,0.9512496507337002,0.8761331114808653,0.0019166064540933976,0.25,0.75
HistoKit (no postprocessing),gaussian,302e8390-e88c-6502-e08e-b8e893212016_162708_1.png,14744646,4990821,336298,324269,0.9780905443040381,0.9571205539319709,0.9777004675569381,0.9784809324360778,0.9676129682858933,0.978090544304038,0.9368705673742224,0.9389908731554875,0.02229953244306192,0.25,0.75
HistoKit (no postprocessing),gaussian,7ba3b133-6b39-da9f-5b13-68d3bea507d2_165139_1.png,22689622,2861493,4720,895297,0.980552476842705,0.9618469362757098,0.9997920186449997,0.9620394286704992,0.965974348470228,0.980552476842705,0.9983532277608119,0.7616856411990024,0.00020798135500029038,0.25,0.75
HistoKit (no postprocessing),gaussian,7530b966-b7ee-7dd8-6676-04339b0c22b7_154932_3.png,23513842,872603,49802,1508959,0.9679177803603454,0.937830108824361,0.9978864898824646,0.939696639077296,0.9399210397481523,0.9679177803603453,0.9460085320439503,0.3663994470855682,0.0021135101175353012,0.25,0.75
HistoKit (no postprocessing),gaussian,7a951edf-c71d-16ea-3e52-69a0dd7b54e1_133148_6.png,7764583,2661204,0,92435,0.99408287281182,0.9882353585036969,1.0,0.9882353585036969,0.9912119177556815,0.99408287281182,1.0,0.9664316927527538,0.0,0.25,0.75
HistoKit (no postprocessing),gaussian,c4a5bf6f-509c-e7c4-3751-4f823d57d1f3_145315_4.png,15827349,1051347,41751,8590808,0.785724826090791,0.6470731206347955,0.9973690379416602,0.648179508387959,0.6616176272002299,0.7857248260907911,0.9618048884912423,0.1090365172515895,0.0026309620583397923,0.25,0.75
HistoKit (no postprocessing),gaussian,e04480a3-f748-c87a-3eb6-396b6ccbcb83_134430_1.png,63539548,725639,572101,128442,0.9945175694227779,0.9890949251612984,0.9910764890792312,0.9979826283191915,0.989216730112938,0.994517569422778,0.5591559172099188,0.8496137954128472,0.008923510920768861,0.25,0.75
HistoKit (no postprocessing),gaussian,00a8cbc5-e358-18d7-ac64-8f4f6e3173fd_135812_4.png,10648847,1407496,20873,237196,0.9880278420207163,0.9763389577768821,0.9980437162362273,0.9782109991665475,0.979043335564865,0.9880278420207163,0.9853868293137138,0.8557809000104579,0.0019562837637726203,0.25,0.75
HistoKit (no postprocessing),gaussian,ec461d09-d9f6-ab63-cb21-aeb55b7abbf3_142116_2.png,39528706,1584123,98693,250728,0.995599610426473,0.9912377780430861,0.9975094757039189,0.9936970445582509,0.9915725509348865,0.995599610426473,0.9413524710960676,0.863352392101593,0.002490524296081103,0.25,0.75
HistoKit (no postprocessing),gaussian,59481929-3828-f3c5-2452-07bdbf0def53_144939_1.png,25522147,883415,18752,106567,0.9975509097557568,0.9951137862898425,0.999265805013363,0.9958418904670753,0.9952764855415092,0.9975509097557567,0.9792144913303191,0.8923546084676287,0.000734194986636923,0.25,0.75
HistoKit (no postprocessing),gaussian,7a951edf-c71d-16ea-3e52-69a0dd7b54e1_133148_2.png,8002622,479508,3929,297688,0.9815036750481898,0.963679152298001,0.9995092768409269,0.964135315427978,0.9656619208180746,0.9815036750481899,0.991872777631832,0.6169717806061792,0.000490723159073114,0.25,0.75
HistoKit (no postprocessing),gaussian,dfdc8007-a219-a302-d10c-929e29813dc8_163630_1.png,3821657,375285,798,119452,0.9845109797510525,0.9694944604223286,0.9997912336443464,0.9696907647060764,0.9721462469123449,0.9845109797510525,0.9978781279664329,0.7585545451421665,0.000208766355653631,0.25,0.75
HistoKit (no postprocessing),gaussian,bb1fc306-b767-ee67-c337-445c06bd68ce_150126_2.png,26966386,9901186,308350,1213743,0.9725525794716118,0.9465716298858917,0.9886946660088662,0.9569291183869314,0.9603514904336884,0.9725525794716118,0.9697978438980969,0.8908006519879704,0.011305333991133773,0.25,0.75
HistoKit (no postprocessing),gaussian,d28668ca-fcc7-90f7-7049-f08e38cdd015_141933_2.png,11240752,784086,5207,252183,0.9886806280023998,0.9776146441746849,0.9995369892420913,0.9780575631899076,0.9790437044484112,0.9886806280023999,0.993402956823385,0.7566433040069712,0.0004630107579086852,0.25,0.75
HistoKit (no postprocessing),gaussian,7ba3b133-6b39-da9f-5b13-68d3bea507d2_165139_3.png,14605054,561504,8943,2908213,0.9091999866530807,0.8335166625671077,0.9993880524267249,0.8339422907216569,0.8386860132824485,0.9091999866530807,0.9843228205249568,0.16182991292949828,0.0006119475732751279,0.25,0.75
HistoKit (no postprocessing),gaussian,e04480a3-f748-c87a-3eb6-396b6ccbcb83_134430_2.png,14567700,668979,19884,38589,0.9979970797297091,0.9960021668005704,0.9986369230161759,0.9973580558347162,0.9961770239354274,0.9979970797297091,0.9711350442685991,0.9454624855844244,0.001363076983824052,0.25,0.75
HistoKit (no postprocessing),gaussian,e338d5a6-7427-4506-5755-323615d750be_135343_3.png,7610152,548490,9034,946814,0.9409100507957641,0.88841372869484,0.9988143090351121,0.8893516697390174,0.8951287455469258,0.9409100507957641,0.9837962132571871,0.36680835468907996,0.0011856909648878503,0.25,0.75
HistoKit (no postprocessing),gaussian,e75d7a32-60ad-6f71-61b5-c428fc2cae22_164833_5.png,45200234,4967012,728060,97394,0.9909515411639249,0.9820653631511168,0.9841478980255614,0.9978499094919495,0.9838123103895263,0.9909515411639249,0.8721596496058347,0.9807689193954829,0.015852101974438676,0.25,0.75
HistoKit (no postprocessing),gaussian,0584763b-507d-517f-59c7-4dbcdbe7ec5e_135202_6.png,12901666,555868,74354,18227,0.9964248798642473,0.9928752316313519,0.994269891692522,0.9985892298024449,0.9931675118624455,0.9964248798642472,0.882019351910914,0.9682508992414147,0.005730108307477948,0.25,0.75
HistoKit (no postprocessing),gaussian,31439255-cb2a-2a33-e39f-915211d58cf0_143129_8.png,7295518,4609254,470069,677269,0.9270993305915847,0.8641054638383031,0.9394676796486859,0.9150524151717586,0.9120955922069305,0.9270993305915846,0.9074543989425362,0.8718876282199094,0.060532320351314076,0.25,0.75
HistoKit (no postprocessing),gaussian,015b92ff-7984-c969-27c5-4144ab20b802_144644_7.png,21894858,4859825,33495,971202,0.9775709305533259,0.9561259159839569,0.9984725255015733,0.9575264824810221,0.9638069366102557,0.977570930553326,0.9931549541006923,0.8334423764458645,0.0015274744984267628,0.25,0.75
HistoKit (no postprocessing),gaussian,110ff982-b33a-42d4-9522-02719d6987c7_164031_2.png,6015068,174569,6608,897387,0.9301077900015084,0.869347193398875,0.9989026310947318,0.8701782507083229,0.8725624616557498,0.9301077900015084,0.9635273793031124,0.1628509005966663,0.0010973689052682343,0.25,0.75
HistoKit (no postprocessing),gaussian,091684ab-dffb-81d6-97c1-29bfeceeac37_154424_1.png,0,6267842,20721,0,0.0,0.0,0.0,,0.996704970595031,,0.996704970595031,1.0,1.0,0.25,0.75
HistoKit (no postprocessing),gaussian,bc7dd6a2-14aa-d481-064a-28427e54cce1_153909_1.png,22792766,492154,13775,2190888,0.953867880221037,0.9118044099655208,0.9993960066105597,0.9123071429023153,0.9135072943327476,0.953867880221037,0.9727728594328453,0.18343134397448865,0.0006039933894403365,0.25,0.75
HistoKit (no postprocessing),gaussian,31439255-cb2a-2a33-e39f-915211d58cf0_143129_5.png,3609416,239556,2456,1857470,0.795134312424673,0.6599360581217997,0.9993200202000514,0.6602325345726983,0.6742057749148785,0.7951343124246731,0.9898517428887824,0.11423606574262789,0.0006799797999486139,0.25,0.75
HistoKit (no postprocessing),gaussian,dfdc8007-a219-a302-d10c-929e29813dc8_163630_4.png,1685196,706119,1017,280604,0.9228860904931061,0.856813826604102,0.9993968733487406,0.857257096347543,0.8946398267672702,0.9228860904931061,0.9985618042356774,0.7156202905982733,0.0006031266512593605,0.25,0.75
HistoKit (no postprocessing),gaussian,8a22c195-cd7e-901b-eb5d-b1439c8b19ac_152323_2.png,2667622,491051,11265,42886,0.9899523044794453,0.9801045127569419,0.9957948954173879,0.9841778736679618,0.9831453574798993,0.9899523044794453,0.9775738777980395,0.9196796625819151,0.004205104582612107,0.25,0.75
HistoKit (no postprocessing),gaussian,bc7dd6a2-14aa-d481-064a-28427e54cce1_153909_2.png,11887936,455606,7942,2157024,0.9165421718450267,0.8459417136759368,0.9993323737852725,0.8464200681240815,0.8507795563816762,0.9165421718450267,0.9828669307169916,0.17438596356927694,0.000667626214727488,0.25,0.75
HistoKit (no postprocessing),gaussian,e338d5a6-7427-4506-5755-323615d750be_135343_2.png,6366276,922125,213,59406,0.9953394150218912,0.990722070622069,0.9999665435689907,0.990754911307469,0.9918863857202348,0.995339415021891,0.9997690651366419,0.9394761856731983,3.345643100930513e-05,0.25,0.75
HistoKit (no postprocessing),gaussian,7ba3b133-6b39-da9f-5b13-68d3bea507d2_165139_2.png,10208407,5178599,72884,172596,0.988119421783467,0.9765178253792106,0.9929110069931879,0.9833738608880086,0.9842968034642731,0.9881194217834671,0.986121253748703,0.9677462697584371,0.007088993006812082,0.25,0.75
HistoKit (no postprocessing),gaussian,00a8cbc5-e358-18d7-ac64-8f4f6e3173fd_135812_3.png,6441577,2157378,2914,142454,0.9888423260904038,0.9779308920903393,0.9995478308527392,0.978363710620439,0.9833757284583381,0.9888423260904038,0.9986511082761034,0.9380589538714132,0.00045216914726081545,0.25,0.75
HistoKit (no postprocessing),gaussian,73f410c7-98a8-a0f8-02ae-aabdcdcb9cee_162913_1.png,14947202,3077796,37984,74430,0.996253718071673,0.9925354006370415,0.9974652299944758,0.9950451455607486,0.9938020926028477,0.9962537180716728,0.987809152122422,0.9763881143039871,0.0025347700055241224,0.25,0.75
HistoKit (no postprocessing),gaussian,d28668ca-fcc7-90f7-7049-f08e38cdd015_141933_3.png,1794407,1560548,80124,79366,0.9574500894271115,0.9183733840627218,0.9572565084279748,0.9576437487358394,0.9546187235822441,0.9574500894271116,0.9511639133233212,0.9516035596988622,0.04274349157202521,0.25,0.75
HistoKit (no postprocessing),gaussian,098b4b43-88d6-52e4-6dfc-ff0d08e21e37_154649_1.png,38561290,1877503,143687,962480,0.9858598399895118,0.9721139925859125,0.9962876350501384,0.9756480720336143,0.9733742191591952,0.9858598399895119,0.9289097017103786,0.6610965629019611,0.003712364949861616,0.25,0.75
HistoKit (no postprocessing),gaussian,191c1954-41f1-2c63-fab4-33ae150d32f8_151532_2.png,27401914,441825,806,3140444,0.9457891833366762,0.8971537460886502,0.9999705868614502,0.8971774215992099,0.898620264154362,0.945789183336676,0.9981790701509835,0.12333663384854683,2.9413138549749806e-05,0.25,0.75
HistoKit (no postprocessing),gaussian,6c5eefac-6637-5ca1-aed4-decff7ee7c9b_152621_3.png,19361394,760270,124765,1362326,0.9630167750566969,0.9286715077858175,0.9935972502328447,0.9342624779721015,0.9311810884060651,0.9630167750566968,0.8590281740270159,0.3581793238091469,0.0064027497671552405,0.25,0.75
HistoKit (no postprocessing),gaussian,d89a4519-168e-fe8e-eec5-c3f8080d7609_170312_3.png,18950145,4590041,38557,2848834,0.9292092384462848,0.867778535087475,0.9979694767973082,0.8693134205964417,0.8907432565611293,0.9292092384462848,0.9916698317719534,0.6170342961805381,0.0020305232026917902,0.25,0.75
HistoKit (no postprocessing),gaussian,8a22c195-cd7e-901b-eb5d-b1439c8b19ac_152323_1.png,13716726,4730817,163932,311273,0.982972846024085,0.9665158321302436,0.9881898970495491,0.9778105915177211,0.9748871041351922,0.982972846024085,0.9665085993173501,0.9382650845185231,0.011810102950450908,0.25,0.75
HistoKit (no postprocessing),gaussian,31439255-cb2a-2a33-e39f-915211d58cf0_143129_4.png,9396281,367451,46444,1652990,0.9170684007551045,0.8468387120613678,0.9950815045445038,0.8503982751441249,0.8517482866426256,0.9170684007551045,0.8877879655468174,0.18186673107504747,0.004918495455496163,0.25,0.75
HistoKit (no postprocessing),gaussian,bb1fc306-b767-ee67-c337-445c06bd68ce_150126_1.png,27434540,4529075,766667,177318,0.9830866661775339,0.9667359385309843,0.9728143905330009,0.9935781938325193,0.9713140733447593,0.9830866661775338,0.8552295410161598,0.9623240133155051,0.027185609466999053,0.25,0.75
HistoKit (no postprocessing),gaussian,745e05db-827a-cff7-7148-db0494ae96fc_133425_4.png,24565448,4606994,243039,1156487,0.9723032987929529,0.9460994646095159,0.9902033928953426,0.9550388802397642,0.9542219198973386,0.972303298792953,0.9498892069394167,0.7993422724912254,0.00979660710465737,0.25,0.75
HistoKit (no postprocessing),gaussian,e0661871-0847-f23e-2d1f-8518496574c0_141209_2.png,42638697,3069836,125701,731544,0.9900476160351702,0.9802913798257318,0.9970606157018742,0.9831325816243447,0.9815906651446906,0.9900476160351702,0.9606635754804279,0.8075583077724405,0.0029393842981257448,0.25,0.75
HistoKit (no postprocessing),gaussian,e338d5a6-7427-4506-5755-323615d750be_135343_5.png,4454826,150354,40016,327745,0.9603595312615705,0.9237419667079101,0.9910973511415974,0.9314709598665655,0.9260475843168057,0.9603595312615705,0.7897988128381572,0.31448298364982985,0.008902648858402586,0.25,0.75
HistoKit (no postprocessing),gaussian,1d49a2ac-7490-df96-fb85-41e83b5a5b35_151838_3.png,0,5928928,260507,0,0.0,0.0,0.0,,0.9579110209574865,,0.9579110209574865,1.0,1.0,0.9,1.25
HistoKit (no postprocessing),gaussian,1cfd19dd-0b58-a07f-0753-c0e3d9e98b9b_133722_2.png,19726069,764913,2695,4519873,0.8971552419247556,0.8134918676047648,0.9998633974231736,0.813582289357947,0.8191952761603211,0.8971552419247555,0.9964890933914186,0.14473868951363406,0.00013660257682640434,0.25,0.75
HistoKit (no postprocessing),gaussian,bb1fc306-b767-ee67-c337-445c06bd68ce_150126_3.png,30591767,1745667,132877,4604829,0.9281308118597283,0.8658993300013278,0.9956752306064148,0.8691683423021931,0.872213402295986,0.9281308118597285,0.9292659634269945,0.27488671750993937,0.004324769393585163,0.25,0.75
HistoKit (no postprocessing),gaussian,d28668ca-fcc7-90f7-7049-f08e38cdd015_141933_1.png,23138463,3882475,27617,76529,0.9977545581525153,0.9955191777308648,0.9988078690913612,0.9967034664496115,0.99616052801901,0.9977545581525152,0.9929369948328581,0.9806696330693275,0.0011921309086388376,0.25,0.75
HistoKit (no postprocessing),gaussian,538ad0bc-9add-9e27-6ee9-4f1bdd825510_142716_4.png,0,6987044,2932,0,0.0,0.0,0.0,,0.9995805421935641,,0.9995805421935641,1.0,1.0,0.9,1.25
HistoKit (no postprocessing),gaussian,dfdc8007-a219-a302-d10c-929e29813dc8_163630_5.png,11889672,362931,16648,153329,0.9929026380330365,0.9859053111744794,0.9986017510028288,0.9872682066538067,0.9863170935506151,0.9929026380330366,0.9561408823986575,0.7030004261418665,0.0013982489971712502,0.25,0.75
HistoKit (no postprocessing),gaussian,110ff982-b33a-42d4-9522-02719d6987c7_164031_4.png,11756055,433848,16029,3097721,0.8830554205573078,0.7905991369759052,0.9986383889207723,0.7914522879569478,0.796535506914591,0.8830554205573078,0.9643702612047292,0.122848512941415,0.0013616110792277732,0.9,1.25
HistoKit (no postprocessing),gaussian,4adc5212-3bb5-0299-1727-5490f70e71c6_162331_3.png,4197137,238894,3404,1273621,0.8679572413178416,0.7667177186206765,0.9991896281931304,0.7671947836113386,0.77647252188671,0.8679572413178415,0.9859511840791092,0.15794487988548875,0.000810371806869639,0.9,1.25
HistoKit (no postprocessing),gaussian,4adc5212-3bb5-0299-1727-5490f70e71c6_162331_1.png,5643588,615761,14555,3404714,0.7674986035034299,0.6227162141033451,0.9974276012465574,0.623717908619761,0.64671929401491,0.7674986035034299,0.9769084078462231,0.15315628128517153,0.002572398753442605,0.9,1.25
HistoKit (no postprocessing),gaussian,dfdc8007-a219-a302-d10c-929e29813dc8_163630_7.png,2248065,439702,22578,138215,0.9654722656999053,0.9332492824400608,0.990056561071027,0.9420793033508222,0.9435528828601117,0.9654722656999052,0.9511594704508091,0.7608393592851569,0.009943438928972982,0.9,1.25
HistoKit (no postprocessing),gaussian,a796f488-e06e-b9c5-67ad-c084c09ace36_143658_2.png,39018238,3114380,3731,2319731,0.9710868119385557,0.9437985859313961,0.9999043871927631,0.943883769422731,0.9477357877707616,0.9710868119385558,0.9988034422122881,0.5731167434746917,9.561280723686701e-05,0.25,0.75
HistoKit (no postprocessing),gaussian,745e05db-827a-cff7-7148-db0494ae96fc_133425_2.png,28646723,4371511,135218,269334,0.9929884568958528,0.9860745526659329,0.9953019846715688,0.9906856595281992,0.987895922260939,0.9929884568958528,0.9699964209074919,0.9419644482847412,0.0046980153284311155,0.25,0.75
HistoKit (no postprocessing),gaussian,2f6f5632-66e3-03e5-2957-29197ae74c65_142917_2.png,23532212,1061896,13987,123239,0.9970927711213485,0.9942023972009812,0.9994059763106563,0.9947902494017129,0.9944513304458223,0.9970927711213484,0.9869995157466007,0.896012690537365,0.0005940236893436601,0.9,1.25
HistoKit (no postprocessing),gaussian,745e05db-827a-cff7-7148-db0494ae96fc_133425_3.png,48917881,5024716,462106,663937,0.9886214383417926,0.9774989067603891,0.990641836337462,0.9866092647107051,0.9795520100006101,0.9886214383417925,0.9157789335976272,0.8832874847525416,0.009358163662538024,0.25,0.75
HistoKit (no postprocessing),gaussian,015b92ff-7984-c969-27c5-4144ab20b802_144644_8.png,19331394,4867737,83343,1240842,0.9668845901388935,0.9358921383903109,0.9957072300284058,0.9396836590830476,0.948118614368133,0.9668845901388935,0.9831667030223709,0.7968689608499784,0.004292769971594258,0.9,1.25
HistoKit (no postprocessing),gaussian,34677a0d-5045-a6c6-f661-b69bd9d6f859_140044_2.png,23127683,1126767,57934,187623,0.9947193091199501,0.9894940966678133,0.997501295738647,0.9919527970166894,0.9899772681697601,0.9947193091199502,0.9510982095904368,0.8572546960947663,0.002498704261353062,0.9,1.25
HistoKit (no postprocessing),gaussian,59481929-3828-f3c5-2452-07bdbf0def53_144939_2.png,22553095,2394358,6089,257498,0.9941902513649119,0.9884476191586489,0.9997300877549472,0.9887114727793355,0.9895447787953214,0.994190251364912,0.9974633891104449,0.902898950772591,0.00026991224505283526,0.9,1.25
HistoKit (no postprocessing),gaussian,8a22c195-cd7e-901b-eb5d-b1439c8b19ac_152323_3.png,3876866,441617,103152,2174,0.9865981393698837,0.9735507479297834,0.9740825292749933,0.9994395520541165,0.9761911058999156,0.9865981393698838,0.8106500186317503,0.9951012976829183,0.02591747072500677,0.9,1.25
HistoKit (no postprocessing),gaussian,654bcee2-3394-aaf6-25f2-380d7ca46c60_144121_7.png,5266211,321883,19,493725,0.9552206995613888,0.9142798858671639,0.9999963921059277,0.9142829017544639,0.9188166472043484,0.9552206995613888,0.9999409758249405,0.39465404949436494,3.6078940722300392e-06,0.9,1.25
HistoKit (no postprocessing),gaussian,91e6ffad-da04-5736-d731-feb79e91105c_134712_2.png,6793449,190358,1120,912317,0.9370058002108227,0.881477810882372,0.999835162465787,0.8816059298971705,0.8843347122109941,0.9370058002108227,0.9941507640564451,0.17263291541025233,0.00016483753421298687,0.9,1.25
HistoKit (no postprocessing),gaussian,8b8e8141-b9e0-9b57-cdad-61702acf8a5e_150400_2.png,14719938,496671,13187,1553104,0.9494845331898006,0.9038272764063431,0.9991049420947694,0.904559700638639,0.9066733997104195,0.9494845331898006,0.9741359358880316,0.242305131050969,0.0008950579052305604,0.9,1.25
HistoKit (no postprocessing),gaussian,8b8e8141-b9e0-9b57-cdad-61702acf8a5e_150400_5.png,2213686,227522,15,1714363,0.7208649000691986,0.563556500097758,0.999993224017155,0.5635586521451235,0.587452166794286,0.7208649000691986,0.9999340766556648,0.11716553760907572,6.775982845018365e-06,0.9,1.25
HistoKit (no postprocessing),gaussian,1cfd19dd-0b58-a07f-0753-c0e3d9e98b9b_133722_4.png,19739720,749393,3130,4637245,0.8948233350479824,0.8096654258320158,0.9998414615924246,0.8097693867961003,0.8153414426907544,0.8948233350479824,0.9958406586908307,0.13912072799397324,0.0001585384075754007,0.9,1.25
HistoKit (no postprocessing),gaussian,6875bf3f-1b6d-1a53-f365-0d72c060072a_140344_1.png,22780392,515508,6502,2370470,0.9504154512363908,0.905515856112747,0.9997146605412743,0.9057499500414737,0.9074130856882705,0.9504154512363907,0.987544299917626,0.17862506228391206,0.00028533945872570435,0.9,1.25
HistoKit (no postprocessing),gaussian,3c8a2c44-1287-eab9-5fb8-1902a0075b0d_153549_11.png,12776954,2017909,56548,61375,0.9954065216462356,0.9908550504204111,0.9955937202487677,0.995219393427291,0.9920924902965818,0.9954065216462356,0.972740818440681,0.9704826276737569,0.00440627975123236,0.9,1.25
HistoKit (no postprocessing),gaussian,c282e7fa-bbd4-0343-5231-dcd676a3dd4f_140949_1.png,4471372,5047266,2257420,46269,0.7951626973636886,0.6599751647992542,0.6645133331510321,0.989758150326686,0.8051408153403302,0.7951626973636885,0.6909627600693582,0.9909161319201694,0.33548666684896783,0.9,1.25
HistoKit (no postprocessing),gaussian,cfd234aa-a9c1-9363-1732-dc841509f243_163200_1.png,8026310,1830509,4350,3068671,0.8393245486517289,0.7231345745072383,0.9994583259657364,0.7234180932801958,0.7623310883970722,0.839324548651729,0.9976292456259582,0.37363579211214937,0.0005416740342636845,0.9,1.25
HistoKit (no postprocessing),gaussian,997c9bdf-d489-63a3-9c13-1b5273502c59_152111_4.png,4663164,2729473,89415,55439,0.9847058160216962,0.9698724089635272,0.9811860044830396,0.9882509717388812,0.9807821992755945,0.9847058160216962,0.9682800451809366,0.9800930873219692,0.01881399551696037,0.9,1.25
HistoKit (no postprocessing),gaussian,654bcee2-3394-aaf6-25f2-380d7ca46c60_144121_5.png,6301758,495777,569,1129220,0.9177336409553272,0.8479739144487682,0.9999097158874809,0.8480388449541905,0.8574816672057305,0.9177336409553272,0.9988536222715606,0.30509410171218776,9.02841125190743e-05,0.9,1.25
HistoKit (no postprocessing),gaussian,7a951edf-c71d-16ea-3e52-69a0dd7b54e1_133148_4.png,10254643,1820919,651,339093,0.9837045656320702,0.9679316981718715,0.9999365205912185,0.9679911789381952,0.9726350683583634,0.9837045656320701,0.9996426159851117,0.8430133721479325,6.347940878145472e-05,0.9,1.25
HistoKit (no postprocessing),gaussian,bffc0a6a-719c-940b-52f7-9a2879514091_151206_1.png,29154587,860165,47984,52764,0.9982751560599584,0.9965562520477035,0.9983568570041316,0.9981934684867518,0.9966546130730023,0.9982751560599584,0.9471628554345157,0.942203610576507,0.0016431429958684118,0.9,1.25
HistoKit (no postprocessing),gaussian,b3ac8263-eb4f-ecee-6126-3ea976dfb769_143901_2.png,36931329,4769103,178186,259774,0.9941055671973011,0.9882802158745916,0.995198374325291,0.9930151574154711,0.9896066276093307,0.994105567197301,0.963983102664914,0.9483435367379238,0.004801625674709034,0.9,1.25
HistoKit (no postprocessing),gaussian,997c9bdf-d489-63a3-9c13-1b5273502c59_152111_3.png,17018367,444134,211481,191522,0.988298313660177,0.9768673187011124,0.987725892880773,0.9888713982989664,0.9774423940125059,0.988298313660177,0.6774311142972629,0.6987018135595353,0.012274107119227053,0.9,1.25
HistoKit (no postprocessing),gaussian,1cfd19dd-0b58-a07f-0753-c0e3d9e98b9b_133722_1.png,18651818,1040095,5809,4793253,0.8860153332691411,0.795356848015938,0.9996886527959853,0.7955539140828364,0.8040477359517129,0.8860153332691411,0.9944459529746515,0.17830155169895573,0.00031134720401474424,0.9,1.25
HistoKit (no postprocessing),gaussian,a796f488-e06e-b9c5-67ad-c084c09ace36_143658_1.png,27835064,3671276,512869,1027896,0.9730686776729739,0.9475499057405324,0.9819080636320116,0.9643870205966402,0.9533767027399223,0.973068677672974,0.8774256150300719,0.7812601879650287,0.01809193636798845,0.9,1.25
HistoKit (no postprocessing),gaussian,e338d5a6-7427-4506-5755-323615d750be_135343_4.png,13090935,1588895,149539,376052,0.9803204430402426,0.9614005070015657,0.9887059179301285,0.9720760107661796,0.9654339725286133,0.9803204430402426,0.9139806285426999,0.8086197744773778,0.011294082069871517,0.9,1.25
HistoKit (no postprocessing),gaussian,e0661871-0847-f23e-2d1f-8518496574c0_141209_1.png,30676534,2858355,327811,235227,0.9909064371716141,0.9819767697201486,0.9894269335475399,0.9923903720658296,0.9834876178836326,0.9909064371716141,0.8971142746485902,0.9239629012581532,0.010573066452460131,0.9,1.25
HistoKit (no postprocessing),gaussian,8a46ca7f-3853-419d-26c8-1bf78b04ebee_163832_3.png,7179441,133825,5952,102520,0.9925022917113938,0.9851161779785241,0.999171652824,0.9859213747505652,0.9853845554774366,0.9925022917113938,0.9574178870629646,0.5662273371554296,0.0008283471759999766,0.9,1.25
HistoKit (no postprocessing),gaussian,110ff982-b33a-42d4-9522-02719d6987c7_164031_1.png,19587220,653922,4584,1908704,0.95343407647169,0.911011963066175,0.9997660246090662,0.9112062361217875,0.9136385815387712,0.95343407647169,0.9930387878014779,0.255176525954236,0.00023397539093388236,0.9,1.25
HistoKit (no postprocessing),gaussian,6c5eefac-6637-5ca1-aed4-decff7ee7c9b_152621_4.png,8833069,813414,2321,1854072,0.9049102291091252,0.8263342907248279,0.9997373064460086,0.8265137514326797,0.8386148820521059,0.9049102291091252,0.9971547132340772,0.30493655824248,0.00026269355399139143,0.9,1.25
HistoKit (no postprocessing),gaussian,8b8e8141-b9e0-9b57-cdad-61702acf8a5e_150400_3.png,1573114,599865,1001,5297700,0.372558253598106,0.22892263543183278,0.9993640871219701,0.2289559868743354,0.2908287025140263,0.372558253598106,0.9983340711572963,0.10171401247803119,0.0006359128780298771,0.9,1.25
HistoKit (no postprocessing),gaussian,191c1954-41f1-2c63-fab4-33ae150d32f8_151532_1.png,37027339,1494788,36466,4599215,0.9410895939615678,0.8887339179925027,0.9990161290779509,0.8895124732160149,0.8925876633956943,0.9410895939615678,0.9761855315969787,0.24528835972020363,0.0009838709220491527,0.9,1.25
HistoKit (no postprocessing),gaussian,538ad0bc-9add-9e27-6ee9-4f1bdd825510_142716_3.png,0,6843337,1736,0,0.0,0.0,0.0,,0.999746386926772,,0.999746386926772,1.0,1.0,0.9,1.25
HistoKit (no postprocessing),gaussian,75867af4-ee91-110d-5a8d-03a78d8d262a_171204_2.png,18278104,406810,24267,2731537,0.9298991870474602,0.8689827872214712,0.9986741062127962,0.8699864981034183,0.8714686700324121,0.9298991870474602,0.9437061128290305,0.12962556403100103,0.0013258937872038547,0.9,1.25
HistoKit (no postprocessing),gaussian,bffc0a6a-719c-940b-52f7-9a2879514091_151206_2.png,59813914,8745474,309837,578959,0.9926251170129027,0.9853582154734113,0.9948466788108413,0.9904134549121384,0.9872020267657394,0.9926251170129028,0.9657839471223021,0.937909468597179,0.005153321189158674,0.9,1.25
HistoKit (no postprocessing),gaussian,22c86e01-80fd-7f77-3526-d5f72a54b219_141444_4.png,4636088,242022,14832,463255,0.9509667585376927,0.9065172779578329,0.9968109535317744,0.9091539831699887,0.9107413338232332,0.9509667585376927,0.9422551332663692,0.3431587872566382,0.0031890464682256415,0.9,1.25
HistoKit (no postprocessing),gaussian,654bcee2-3394-aaf6-25f2-380d7ca46c60_144121_3.png,6448152,1861359,971,574193,0.957305024218593,0.9181064898688881,0.9998494368924271,0.9182334391147117,0.935263360786973,0.9573050242185929,0.9994786101281727,0.7642452306499717,0.00015056310757292115,0.9,1.25
HistoKit (no postprocessing),gaussian,778d67ae-3cb9-eeb7-6fac-a66f6e936029_142330_2.png,11012755,473789,46152,1911448,0.9183758903661785,0.8490712089221922,0.9958267123505062,0.8521032206009145,0.8543901344704431,0.9183758903661786,0.9112360825555207,0.1986339302970732,0.004173287649493752,0.9,1.25
HistoKit (no postprocessing),gaussian,22c86e01-80fd-7f77-3526-d5f72a54b219_141444_1.png,35531392,829918,30054,1128586,0.983957114996791,0.9684208506550226,0.9991548712614217,0.9692147660317745,0.9691193618328383,0.9839571149967911,0.9650523505416455,0.42375098544603435,0.0008451287385782907,0.9,1.25
HistoKit (no postprocessing),gaussian,d89a4519-168e-fe8e-eec5-c3f8080d7609_170312_2.png,21883701,524404,25276,2683099,0.9417250194655165,0.889867980238838,0.9988463176532615,0.8907835371314131,0.8921674135866172,0.9417250194655163,0.9540168825498472,0.1634929102170754,0.0011536823467385082,0.9,1.25
HistoKit (no postprocessing),gaussian,cfd234aa-a9c1-9363-1732-dc841509f243_163200_2.png,13314809,1902289,1061307,2192160,0.8911268030057807,0.8036327376487451,0.9261756791611865,0.8586338826111022,0.8238566605840157,0.8911268030057806,0.6418853986845711,0.4646019525459958,0.07382432083881349,0.9,1.25
HistoKit (no postprocessing),gaussian,015b92ff-7984-c969-27c5-4144ab20b802_144644_9.png,1135132,9401364,3670,41422,0.9805248091438207,0.9617936934005749,0.9967773151083331,0.964793796119855,0.9957386358266831,0.9805248091438206,0.9996097834415059,0.9956133708843979,0.003222684891666857,0.9,1.25
HistoKit (no postprocessing),gaussian,31439255-cb2a-2a33-e39f-915211d58cf0_143129_7.png,8453721,1934780,1673159,1155500,0.8566758956087629,0.7492852571886428,0.8347804062060575,0.8797509184147185,0.785985869884302,0.8566758956087628,0.5362562947987757,0.6260856621406474,0.16521959379394247,0.9,1.25
HistoKit (no postprocessing),gaussian,4adc5212-3bb5-0299-1727-5490f70e71c6_162331_2.png,4970271,923989,5890,2967109,0.7697766243975994,0.6257210191772407,0.9988163566251173,0.6261853407547578,0.6647217590012878,0.7697766243975993,0.9936658425451054,0.23746227928466462,0.001183643374882766,0.9,1.25
HistoKit (no postprocessing),gaussian,110ff982-b33a-42d4-9522-02719d6987c7_164031_3.png,5035681,209370,2390,898811,0.9178677761977763,0.848202979274306,0.9995256120844664,0.8485445763512698,0.8533738935533395,0.9178677761977763,0.9887136380808462,0.18893123054807834,0.0004743879155335445,0.9,1.25
HistoKit (no postprocessing),gaussian,dad7b6f2-9f0b-8c2a-a00e-ff89c406e2d2_171435_2.png,6554776,1412392,13214,119706,0.9899625991280178,0.9801246946631545,0.9979881211755803,0.9820651250538993,0.9835903017349935,0.9899625991280178,0.9907309593253676,0.9218679222869556,0.0020118788244196475,0.9,1.25
HistoKit (no postprocessing),gaussian,dfdc8007-a219-a302-d10c-929e29813dc8_163630_6.png,2531442,238887,14,39373,0.9922804962731301,0.984679261047701,0.9999944695858826,0.9846846233587403,0.9859818572410877,0.99228049627313,0.9999413983198061,0.8585028390713721,5.530414117409112e-06,0.9,1.25
HistoKit (no postprocessing),gaussian,22c86e01-80fd-7f77-3526-d5f72a54b219_141444_2.png,30479126,577905,34657,430111,0.9924333254861125,0.9849803001522691,0.9988642181796993,0.9860847098878565,0.9852556638661392,0.9924333254861124,0.9434228698482766,0.5733093522325042,0.0011357818203006818,0.9,1.25
HistoKit (no postprocessing),gaussian,e04480a3-f748-c87a-3eb6-396b6ccbcb83_134430_3.png,25412173,1487243,40264,216094,0.9949813142747602,0.9900127514114462,0.9984180689652625,0.9915681384152897,0.9905597240572116,0.9949813142747602,0.9736407099934731,0.8731349110598784,0.0015819310347374596,0.9,1.25
HistoKit (no postprocessing),gaussian,75867af4-ee91-110d-5a8d-03a78d8d262a_171204_5.png,7738514,145135,687,2478508,0.8619311533388732,0.7573629274429327,0.9999112311464711,0.7574138530777363,0.7607611385445926,0.8619311533388732,0.9952887767277914,0.05531812064370038,8.876885352893664e-05,0.9,1.25
HistoKit (no postprocessing),gaussian,191c1954-41f1-2c63-fab4-33ae150d32f8_151532_3.png,49056701,587264,3174,3948533,0.9612824888081979,0.9254513170816222,0.999935303544903,0.9255067339198993,0.9262681695641395,0.961282488808198,0.9946243297348748,0.12947316645784632,6.46964550969606e-05,0.9,1.25
HistoKit (no postprocessing),gaussian,098b4b43-88d6-52e4-6dfc-ff0d08e21e37_154649_2.png,44826150,723087,27681,307782,0.9962721264667953,0.9925719437877474,0.9993828620792725,0.9931806960669857,0.9926890009087996,0.9962721264667952,0.9631297551307462,0.7014344208623986,0.0006171379207274402,0.9,1.25
HistoKit (no postprocessing),gaussian,2f6f5632-66e3-03e5-2957-29197ae74c65_142917_4.png,4146031,459607,2002,56252,0.993023737065759,0.9861441362800095,0.9995173616024752,0.9866139429448231,0.9875095735493017,0.9930237370657589,0.995662996172085,0.8909546988615106,0.0004826383975248027,0.9,1.25
HistoKit (no postprocessing),gaussian,6520c4c0-cf13-4bc7-106a-ea8d45dc1109_165944_1.png,0,9023700,5871540,0,0.0,0.0,0.0,,0.6058109839116389,,0.6058109839116389,1.0,1.0,0.9,1.25
HistoKit (no postprocessing),gaussian,00a8cbc5-e358-18d7-ac64-8f4f6e3173fd_135812_5.png,5804720,2990165,18152,91139,0.9906738195458195,0.9815199870274167,0.9968826379834556,0.9845418623477936,0.987725871546115,0.9906738195458195,0.9939660614223833,0.9704219382443278,0.0031173620165444132,0.9,1.25
HistoKit (no postprocessing),gaussian,6875bf3f-1b6d-1a53-f365-0d72c060072a_140344_4.png,10024807,325403,14118,526282,0.973754267481314,0.948850978499522,0.9985936741234743,0.950120598925855,0.9503792716845062,0.9737542674813141,0.9584178887314776,0.3820696619055167,0.001406325876525624,0.9,1.25
HistoKit (no postprocessing),gaussian,8b8e8141-b9e0-9b57-cdad-61702acf8a5e_150400_1.png,4588499,222143,9612,670350,0.9310170681427133,0.8709372623238552,0.9979095763455906,0.872529140882349,0.8761589799592177,0.9310170681427133,0.9585251666630709,0.2489016720579321,0.0020904236544093866,0.9,1.25
HistoKit (no postprocessing),gaussian,ec461d09-d9f6-ab63-cb21-aeb55b7abbf3_142116_1.png,35874304,1674324,117791,127425,0.9965939300571116,0.9932109839776387,0.9967273091494119,0.9964605866568241,0.9935117475745521,0.9965939300571115,0.9342726331736524,0.9292770524640225,0.0032726908505881637,0.9,1.25
HistoKit (no postprocessing),gaussian,0584763b-507d-517f-59c7-4dbcdbe7ec5e_135202_1.png,7369232,1058811,13067,61523,0.9949645765147417,0.9899796099369383,0.9982299551941746,0.991720491390175,0.991227423316989,0.9949645765147416,0.9878092469478803,0.9450851263998058,0.001770044805825394,0.9,1.25
HistoKit (no postprocessing),gaussian,8a46ca7f-3853-419d-26c8-1bf78b04ebee_163832_4.png,24389485,720383,9039,79968,0.9981786231912158,0.9963638691468413,0.9996295267697342,0.9967319253111215,0.9964678185038023,0.9981786231912158,0.9876079964684367,0.9000838382159827,0.0003704732302658964,0.9,1.25
HistoKit (no postprocessing),gaussian,654bcee2-3394-aaf6-25f2-380d7ca46c60_144121_6.png,2212230,687870,205,726395,0.8589416547273765,0.7527587509314931,0.9999073419106098,0.7528112637713216,0.7996525767226405,0.8589416547273764,0.9997020673618429,0.48637985101801995,9.265808939019678e-05,0.9,1.25
HistoKit (no postprocessing),gaussian,302e8390-e88c-6502-e08e-b8e893212016_162708_2.png,48544518,2297361,66846,632625,0.9928471042103137,0.985795809514944,0.9986248894394323,0.9871357919267494,0.9864289352141533,0.9928471042103139,0.9717258260380753,0.7840859990457292,0.0013751105605676894,0.9,1.25
HistoKit (no postprocessing),gaussian,34677a0d-5045-a6c6-f661-b69bd9d6f859_140044_1.png,7158475,156992,44025,41836,0.9940385942716321,0.9881478440536166,0.9938875390489413,0.9941896954173229,0.9883992440275583,0.9940385942716321,0.7809886725998298,0.7895869797010482,0.00611246095105866,0.9,1.25
HistoKit (no postprocessing),gaussian,cfd234aa-a9c1-9363-1732-dc841509f243_163200_4.png,14902009,5525757,879854,2560239,0.8965202288008243,0.8124482679247994,0.9442490408134958,0.8533843408935665,0.855869225639384,0.8965202288008244,0.8626432357506567,0.6833736994181051,0.055750959186504155,0.9,1.25
HistoKit (no postprocessing),gaussian,cfd234aa-a9c1-9363-1732-dc841509f243_163200_3.png,10663660,879277,12340,5714547,0.7883180608472464,0.6505981771078171,0.9988441363806669,0.6510883639460656,0.6683876454097042,0.7883180608472463,0.9861599767613224,0.13334856981320703,0.0011558636193330835,0.9,1.25
HistoKit (no postprocessing),gaussian,91e6ffad-da04-5736-d731-feb79e91105c_134712_4.png,7967044,309277,31239,1747928,0.8995573089192246,0.8174503917471108,0.9960942867362907,0.82007894618739,0.8230650765034974,0.8995573089192246,0.9082598174535117,0.1503384446372627,0.0039057132637092236,0.9,1.25
HistoKit (no postprocessing),gaussian,7530b966-b7ee-7dd8-6676-04339b0c22b7_154932_1.png,17051430,451965,223392,616038,0.9759766746827412,0.9530805115014035,0.9870683472165444,0.965131506110553,0.9542366020501204,0.9759766746827412,0.6692238327284681,0.42318701351962495,0.012931652783455597,0.9,1.25
HistoKit (no postprocessing),gaussian,745e05db-827a-cff7-7148-db0494ae96fc_133425_1.png,35131305,2177519,277947,131341,0.9942086174054643,0.9884839287853188,0.9921504413592244,0.9962753504090419,0.9891487675735201,0.9942086174054643,0.8868047857310996,0.9431143508051593,0.00784955864077558,0.9,1.25
HistoKit (no postprocessing),gaussian,73f410c7-98a8-a0f8-02ae-aabdcdcb9cee_162913_2.png,17022113,1358730,28937,33131,0.998180159943499,0.9963669314905994,0.9983029197615396,0.9980574303129289,0.9966345876743644,0.998180159943499,0.9791470143773686,0.9761966173346333,0.001697080238460388,0.9,1.25
HistoKit (no postprocessing),gaussian,75867af4-ee91-110d-5a8d-03a78d8d262a_171204_3.png,17943616,330310,14548,3743751,0.9052024552275514,0.8268217804742116,0.9991898949135335,0.8273764168790061,0.8294180910007954,0.9052024552275515,0.957814520759269,0.08107635109047213,0.0008101050864665229,0.9,1.25
HistoKit (no postprocessing),gaussian,778d67ae-3cb9-eeb7-6fac-a66f6e936029_142330_1.png,16520391,348459,62862,1961136,0.9422783202974608,0.8908565820097928,0.9962093082702169,0.8938866902069293,0.892869619233691,0.9422783202974608,0.8471704581093599,0.15087450397147553,0.0037906917297830527,0.9,1.25
HistoKit (no postprocessing),gaussian,22c86e01-80fd-7f77-3526-d5f72a54b219_141444_3.png,15903582,755707,20707,582139,0.9813993886456684,0.9634781068320778,0.9986996593694073,0.9646882899449772,0.9650769733871274,0.9813993886456686,0.9733299502584961,0.5648684527217632,0.0013003406305926752,0.9,1.25
HistoKit (no postprocessing),gaussian,e0661871-0847-f23e-2d1f-8518496574c0_141209_3.png,42644541,1700717,79336,98744,0.9979163927310468,0.9958414502465881,0.9981430524200788,0.9976898359590284,0.9960002998876679,0.9979163927310468,0.9554305405513207,0.9451257904450278,0.0018569475799211763,0.9,1.25
HistoKit (no postprocessing),gaussian,e7510405-61bb-4166-6cb6-90d49adffbe4_135053_1.png,7507116,424967,1143626,23339,0.9278814169310219,0.8654652867548736,0.8678002418752057,0.9969007184824822,0.8717486708499614,0.9278814169310219,0.2709224126334875,0.9479395769853627,0.13219975812479437,0.9,1.25
HistoKit (no postprocessing),gaussian,91e6ffad-da04-5736-d731-feb79e91105c_134712_1.png,83412292,2993394,163757,2362337,0.9850836499160636,0.9706057546856884,0.9980406228583503,0.9724587908156385,0.9715951485509454,0.9850836499160636,0.9481314007470659,0.5589141799690835,0.0019593771416497566,0.9,1.25
HistoKit (no postprocessing),gaussian,6875bf3f-1b6d-1a53-f365-0d72c060072a_140344_3.png,7553246,629925,10747,1162338,0.9279413095315683,0.8655695045260144,0.9985791895894139,0.8666368197472482,0.8746202540845398,0.9279413095315683,0.983225425802907,0.351469064529034,0.0014208104105860489,0.9,1.25
HistoKit (no postprocessing),gaussian,7a951edf-c71d-16ea-3e52-69a0dd7b54e1_133148_1.png,12636082,2860517,221,315600,0.9876574493849359,0.9756158612367619,0.9999825107074435,0.9756325085807388,0.9800270293857614,0.9876574493849359,0.9999227472071892,0.9006333834679264,1.7489292556533345e-05,0.9,1.25
HistoKit (no postprocessing),gaussian,bc7dd6a2-14aa-d481-064a-28427e54cce1_153909_3.png,23762683,1283198,267871,2200228,0.9506315675458783,0.9059082950710352,0.988852899521168,0.9152549573505067,0.9102965474278893,0.9506315675458782,0.8272991079055799,0.36837240119353765,0.011147100478832073,0.9,1.25
HistoKit (no postprocessing),gaussian,dad7b6f2-9f0b-8c2a-a00e-ff89c406e2d2_171435_1.png,23679140,1070145,28086,115465,0.9969779901747367,0.9939741904052737,0.9988152979180271,0.9951474294278052,0.9942332404391367,0.9969779901747367,0.9744261453191542,0.9026113140071356,0.0011847020819728128,0.9,1.25
HistoKit (no postprocessing),gaussian,778d67ae-3cb9-eeb7-6fac-a66f6e936029_142330_3.png,17855249,628672,7904,2583815,0.9323350134014435,0.8732467816255203,0.9995575249229517,0.8735844752969119,0.877027743878715,0.9323350134014435,0.9875835721107927,0.19569635612533218,0.000442475077048268,0.9,1.25
HistoKit (no postprocessing),gaussian,c4a5bf6f-509c-e7c4-3751-4f823d57d1f3_145315_3.png,21420382,1129878,80464,2965901,0.933611775973171,0.8754895777522038,0.9962576356297794,0.8783783080020846,0.880985676822628,0.9336117759731711,0.933519616769475,0.27586400535771094,0.003742364370220595,0.9,1.25
HistoKit (no postprocessing),gaussian,0584763b-507d-517f-59c7-4dbcdbe7ec5e_135202_2.png,16996450,1478543,72035,155733,0.9933441392786371,0.9867762937045966,0.9957796488674888,0.9909205143158746,0.987821691139613,0.9933441392786372,0.9535431303681595,0.9047082622519085,0.0042203511325111746,0.9,1.25
HistoKit (no postprocessing),gaussian,00a8cbc5-e358-18d7-ac64-8f4f6e3173fd_135812_2.png,8571097,5785417,122452,111594,0.9865306878818433,0.9734193981858102,0.9859146132379308,0.9871475329480227,0.9839590803917053,0.9865306878818433,0.9792730678354581,0.9810761757100335,0.014085386762069208,0.9,1.25
HistoKit (no postprocessing),gaussian,1d49a2ac-7490-df96-fb85-41e83b5a5b35_151838_1.png,0,6018139,217561,0,0.0,0.0,0.0,,0.9651104126240839,,0.9651104126240839,1.0,1.0,0.9,1.25
HistoKit (no postprocessing),gaussian,dad7b6f2-9f0b-8c2a-a00e-ff89c406e2d2_171435_3.png,5838547,595101,21750,251648,0.9771224481803762,0.9552682493052539,0.9962885840086262,0.9586798123869597,0.9592371962261776,0.9771224481803762,0.9647402695302432,0.7028068530343703,0.003711415991373816,0.9,1.25
HistoKit (no postprocessing),gaussian,3c8a2c44-1287-eab9-5fb8-1902a0075b0d_153549_25.png,37461955,2820307,71465,80007,0.9979824012084281,0.9959729274335997,0.9980959635439562,0.9978688647119721,0.9962538211286645,0.997982401208428,0.9752867791789948,0.9724143661686286,0.0019040364560437071,0.9,1.25
HistoKit (no postprocessing),gaussian,7a951edf-c71d-16ea-3e52-69a0dd7b54e1_133148_5.png,5827286,2905506,296,358757,0.9701128510337221,0.9419603419728534,0.9999492070639246,0.9420054144466826,0.9605082356771371,0.970112851033722,0.9998981348350645,0.8900955590894484,5.079293607537397e-05,0.9,1.25
HistoKit (no postprocessing),gaussian,6c5eefac-6637-5ca1-aed4-decff7ee7c9b_152621_1.png,35014788,359453,375621,224944,0.9914970437337793,0.9831374688326128,0.9893863617117282,0.9936167505473651,0.9833059558403178,0.9914970437337793,0.4890024677787542,0.615083581880126,0.010613638288271832,0.9,1.25
HistoKit (no postprocessing),gaussian,6875bf3f-1b6d-1a53-f365-0d72c060072a_140344_5.png,10407609,466505,24020,1552376,0.9295988221304636,0.8684583325858092,0.9976973874358454,0.8702025127957936,0.8733870339447942,0.9295988221304637,0.9510320574894245,0.23107107353033685,0.002302612564154649,0.9,1.25
HistoKit (no postprocessing),gaussian,2f6f5632-66e3-03e5-2957-29197ae74c65_142917_3.png,5404884,642616,5040,69296,0.9931702232907734,0.9864331054420155,0.9990683787794431,0.9873413004322108,0.9878572375999618,0.9931702232907734,0.992218091085391,0.9026621267797144,0.0009316212205568876,0.9,1.25
HistoKit (no postprocessing),gaussian,7a951edf-c71d-16ea-3e52-69a0dd7b54e1_133148_3.png,8627437,1490381,631,378799,0.9784834150528424,0.9578732538184477,0.9999268665940045,0.9579403648760703,0.9638543359173757,0.9784834150528423,0.9995767975039772,0.7973448250034775,7.31334059954094e-05,0.9,1.25
HistoKit (no postprocessing),gaussian,e92b8137-1dab-8f48-a38e-05fbbeabd072_134925_1.png,5971382,32695,22289,381211,0.9673180486015851,0.9367047107695483,0.9962812439988782,0.939991276003358,0.9370276783252078,0.9673180486015851,0.5946275280081478,0.07899136518919754,0.00371875600112185,0.9,1.25
HistoKit (no postprocessing),gaussian,654bcee2-3394-aaf6-25f2-380d7ca46c60_144121_2.png,5385696,1832969,1067,43676,0.9958633097682306,0.9917607029560593,0.9998019218591945,0.9919556073888471,0.993839944004247,0.9958633097682305,0.9994182229792654,0.9767265519051286,0.00019807814080552644,0.9,1.25
HistoKit (no postprocessing),gaussian,6875bf3f-1b6d-1a53-f365-0d72c060072a_140344_2.png,15802956,769603,12764,391827,0.9873606797119058,0.9750368763391524,0.9991929548575721,0.975805356576868,0.976168497068118,0.9873606797119058,0.9836854059539832,0.66263399430013,0.0008070451424279135,0.9,1.25
HistoKit (no postprocessing),gaussian,59481929-3828-f3c5-2452-07bdbf0def53_144939_3.png,23719986,1218375,12872,178360,0.9959851529262204,0.9920024149334425,0.9994576295867948,0.9925367219974135,0.9923901672422629,0.9959851529262204,0.9895455582835938,0.8723021904656216,0.0005423704132051858,0.9,1.25
HistoKit (no postprocessing),gaussian,e75d7a32-60ad-6f71-61b5-c428fc2cae22_164833_1.png,39644650,11451791,63764,409779,0.9940631128205899,0.9881963028594034,0.9983941942380272,0.9897694459706317,0.9908174685491468,0.9940631128205899,0.9944627940207832,0.965453224151609,0.0016058057619727647,0.9,1.25
HistoKit (no postprocessing),gaussian,7530b966-b7ee-7dd8-6676-04339b0c22b7_154932_2.png,10264811,1301596,16346,2192755,0.9028485020904647,0.8229023100371399,0.998410101119942,0.8239820684072635,0.839635605452808,0.9028485020904649,0.9875973297762723,0.372485763450781,0.0015898988800579546,0.9,1.25
HistoKit (no postprocessing),gaussian,098b4b43-88d6-52e4-6dfc-ff0d08e21e37_154649_3.png,45129851,6966604,84687,173871,0.9971435818585112,0.9943034354872408,0.9981269962329373,0.9961621034139314,0.9950614471244617,0.9971435818585113,0.9879898588783246,0.9756499392547414,0.001873003767062709,0.9,1.25
HistoKit (no postprocessing),gaussian,d89a4519-168e-fe8e-eec5-c3f8080d7609_170312_1.png,15745185,506986,12795,332724,0.9891468713187184,0.9785267941042232,0.9991880304455266,0.9793055179003688,0.9791827055451693,0.9891468713187183,0.9753838635887037,0.603763203963273,0.0008119695544733526,0.9,1.25
HistoKit (no postprocessing),gaussian,c4a5bf6f-509c-e7c4-3751-4f823d57d1f3_145315_1.png,22697816,1086476,43591,1329907,0.9706323808033205,0.9429404643219726,0.9980831880806671,0.9446511431815657,0.9454046639231825,0.9706323808033204,0.9614261809255558,0.4496290530102223,0.0019168119193328716,0.9,1.25
HistoKit (no postprocessing),gaussian,654bcee2-3394-aaf6-25f2-380d7ca46c60_144121_1.png,8557236,963448,10867,517549,0.9700493479298854,0.9418406075865552,0.9987316912506771,0.942968456001988,0.9474165845697625,0.9700493479298853,0.9888465229417591,0.6505401428902287,0.0012683087493229248,0.9,1.25
HistoKit (no postprocessing),gaussian,34677a0d-5045-a6c6-f661-b69bd9d6f859_140044_3.png,4380132,132763,10276,9049,0.9977988719061905,0.9956074124602196,0.9976594430403735,0.9979383397494885,0.9957360851856265,0.9977988719061907,0.9281594530163102,0.9361901672637012,0.002340556959626531,0.9,1.25
HistoKit (no postprocessing),gaussian,00a8cbc5-e358-18d7-ac64-8f4f6e3173fd_135812_1.png,0,9334321,23423,0,0.0,0.0,0.0,,0.9974969394332651,,0.9974969394332651,1.0,1.0,0.9,1.25
HistoKit (no postprocessing),gaussian,997c9bdf-d489-63a3-9c13-1b5273502c59_152111_5.png,1627393,4487076,131813,130446,0.9254320032868502,0.8612130699197524,0.9250724474564093,0.925791838729258,0.9588724813101641,0.9254320032868502,0.9714621849540008,0.9717497826756429,0.0749275525435907,0.9,1.25
HistoKit (no postprocessing),gaussian,98188e68-f597-a02c-6cf5-9f993d1f10ac_162142_1.png,29112753,1203457,73408,185892,0.9955663698362957,0.9911718802904244,0.9974848353642674,0.9936552697232244,0.9915193565046012,0.9955663698362957,0.942509192436162,0.8662020845734225,0.0025151646357326678,0.9,1.25
HistoKit (no postprocessing),gaussian,6c5eefac-6637-5ca1-aed4-decff7ee7c9b_152621_2.png,36456019,951733,105352,4264324,0.9434578275528412,0.8929675049010188,0.9971184888006525,0.8952777976354472,0.895405815791245,0.9434578275528412,0.9003372481872318,0.18246215484224962,0.00288151119934753,0.9,1.25
HistoKit (no postprocessing),gaussian,997c9bdf-d489-63a3-9c13-1b5273502c59_152111_1.png,11826077,1155836,63,49464,0.9979104013761725,0.9958295173870735,0.9999946728180116,0.995834800284046,0.9961994223201733,0.9979104013761725,0.9999454969681607,0.9589612544594707,5.327181988374905e-06,0.9,1.25
HistoKit (no postprocessing),gaussian,8a46ca7f-3853-419d-26c8-1bf78b04ebee_163832_1.png,8615207,1159774,92965,177318,0.984555872260402,0.9695815312380072,0.9893243955218156,0.9798330968635289,0.9730934896285454,0.984555872260402,0.9257906076205817,0.8673853407244977,0.0106756044781844,0.9,1.25
HistoKit (no postprocessing),gaussian,b3ac8263-eb4f-ecee-6126-3ea976dfb769_143901_1.png,31632430,1208064,37404,153782,0.9969871113620915,0.9939923231853979,0.9988189391835777,0.9951619903623622,0.9942120412888475,0.9969871113620915,0.9699679156750716,0.8870782746360455,0.0011810608164223406,0.9,1.25
HistoKit (no postprocessing),gaussian,7ba3b133-6b39-da9f-5b13-68d3bea507d2_165139_1.png,22901478,2862593,3620,683441,0.9852213218162514,0.9708731007036935,0.9998419565810196,0.97102211798989,0.974025270449673,0.9852213218162514,0.9987370094267244,0.8072660893832377,0.000158043418980351,0.9,1.25
HistoKit (no postprocessing),gaussian,7530b966-b7ee-7dd8-6676-04339b0c22b7_154932_3.png,23426641,886993,35412,1596160,0.9663488313278205,0.9348887328876964,0.998490669166931,0.9362117774105305,0.9371147024232531,0.9663488313278205,0.9616090545909877,0.35720432852909184,0.0015093308330690414,0.9,1.25
HistoKit (no postprocessing),gaussian,302e8390-e88c-6502-e08e-b8e893212016_162708_1.png,14957758,4992024,335095,111157,0.985302173443918,0.9710301408529337,0.9780881304489097,0.9926234237833315,0.9781206483574209,0.9853021734439181,0.9370963930034226,0.978218095732838,0.021911869551090302,0.9,1.25
HistoKit (no postprocessing),gaussian,7a951edf-c71d-16ea-3e52-69a0dd7b54e1_133148_6.png,7818219,2661204,0,38799,0.9975248221127374,0.9950618669831226,1.0,0.9950618669831226,0.9963112586899193,0.9975248221127374,1.0,0.9856300159666489,0.0,0.9,1.25
HistoKit (no postprocessing),gaussian,00a8cbc5-e358-18d7-ac64-8f4f6e3173fd_135812_4.png,10642049,1409883,18486,243994,0.9878180191768735,0.975929267554793,0.9982659406868417,0.977586529834578,0.9786851373821178,0.9878180191768735,0.9870579661137984,0.8524714957641952,0.0017340593131582984,0.9,1.25
HistoKit (no postprocessing),gaussian,c4a5bf6f-509c-e7c4-3751-4f823d57d1f3_145315_4.png,16396590,1071191,21907,8021567,0.8030329811056508,0.6708898143638249,0.9986657122147051,0.6714917100418348,0.6847088079359482,0.8030329811056508,0.979958796009141,0.11780705040208922,0.0013342877852948415,0.9,1.25
HistoKit (no postprocessing),gaussian,59481929-3828-f3c5-2452-07bdbf0def53_144939_1.png,25520864,888430,13737,107850,0.9976235511713812,0.9952583705824377,0.9994620240982031,0.9957918294300682,0.9954171518088676,0.9976235511713814,0.9847733291064736,0.8917472999558357,0.0005379759017969382,0.9,1.25
HistoKit (no postprocessing),gaussian,ec461d09-d9f6-ab63-cb21-aeb55b7abbf3_142116_2.png,39543492,1590423,92393,235942,0.9958655961578395,0.9917652381467245,0.9976689557959915,0.994068744165641,0.9920811099252935,0.9958655961578395,0.9450961959002053,0.870813336874064,0.0023310442040085644,0.9,1.25
HistoKit (no postprocessing),gaussian,7a951edf-c71d-16ea-3e52-69a0dd7b54e1_133148_2.png,7958256,483415,22,342054,0.9789602885564233,0.9587876725894819,0.9999972355828736,0.9587902138594824,0.9610557999905963,0.9789602885564233,0.9999544925191907,0.5856246570131647,2.7644171264185544e-06,0.9,1.25
HistoKit (no postprocessing),gaussian,e04480a3-f748-c87a-3eb6-396b6ccbcb83_134430_1.png,63595494,632383,665357,72496,0.9942323170112984,0.9885307848198851,0.9896459976852781,0.9988613430391002,0.9886424273228362,0.9942323170112984,0.48729560620771495,0.8971511422527838,0.010354002314721914,0.9,1.25
HistoKit (no postprocessing),gaussian,dfdc8007-a219-a302-d10c-929e29813dc8_163630_1.png,3821105,375423,660,120004,0.9844562722517459,0.969388363447985,0.9998273049232488,0.9695507026068043,0.9720503512468289,0.9844562722517459,0.9982450682429145,0.7577766250123631,0.00017269507675118695,0.9,1.25
HistoKit (no postprocessing),gaussian,bb1fc306-b767-ee67-c337-445c06bd68ce_150126_2.png,27086797,9914599,294937,1093332,0.9750139947611188,0.9512461533890738,0.9892286953046874,0.9612020228864105,0.9638374286412762,0.9750139947611187,0.9711116156503097,0.9006777931293356,0.010771304695312576,0.9,1.25
HistoKit (no postprocessing),gaussian,e04480a3-f748-c87a-3eb6-396b6ccbcb83_134430_2.png,14569852,673651,15212,36437,0.9982306746795875,0.9964675993251308,0.9989570152040471,0.997505389630453,0.996623178377044,0.9982306746795875,0.9779172346315596,0.9486866416556821,0.0010429847959529009,0.9,1.25
HistoKit (no postprocessing),gaussian,7ba3b133-6b39-da9f-5b13-68d3bea507d2_165139_3.png,15192039,562548,7899,2321228,0.9288016261323218,0.8670678081584297,0.9994803268276489,0.8674588813155193,0.8712030614950004,0.9288016261323219,0.986152964254348,0.1950734037595153,0.0005196731723510977,0.9,1.25
HistoKit (no postprocessing),gaussian,d28668ca-fcc7-90f7-7049-f08e38cdd015_141933_2.png,11298285,784086,5207,194650,0.9912329682190986,0.9826183221602238,0.9995393458941715,0.9830635081465265,0.9837279522900894,0.9912329682190986,0.993402956823385,0.8011210377466447,0.00046065410582853513,0.9,1.25
HistoKit (no postprocessing),gaussian,e338d5a6-7427-4506-5755-323615d750be_135343_3.png,7667166,550086,7438,889800,0.9447226608393396,0.8952363760513866,0.9990308294734165,0.8960145453423561,0.9015591656801423,0.9447226608393396,0.9866588702907857,0.38203441105754204,0.0009691705265835215,0.9,1.25
HistoKit (no postprocessing),gaussian,e75d7a32-60ad-6f71-61b5-c428fc2cae22_164833_5.png,45236190,4877077,817995,61438,0.9903731193599847,0.9809298250183024,0.9822384219805431,0.9986436817398032,0.9827537471049778,0.9903731193599846,0.8563679265161178,0.9875594181651772,0.017761578019456863,0.9,1.25
HistoKit (no postprocessing),gaussian,0584763b-507d-517f-59c7-4dbcdbe7ec5e_135202_6.png,12902256,555791,74431,17637,0.9964447815116899,0.9929147526258388,0.9942642525014281,0.9986348958153136,0.9932053713197269,0.9964447815116899,0.8818971727423035,0.9692428692006668,0.005735747498571862,0.9,1.25
HistoKit (no postprocessing),gaussian,015b92ff-7984-c969-27c5-4144ab20b802_144644_7.png,22056205,4743147,150173,809855,0.9787003312312504,0.9582890910080725,0.9932373933290697,0.964582660939401,0.9654160863823328,0.9787003312312504,0.9693106112005755,0.8541590656729459,0.006762606670930307,0.9,1.25
HistoKit (no postprocessing),gaussian,110ff982-b33a-42d4-9522-02719d6987c7_164031_2.png,5734622,175600,5577,1177833,0.9064694253079235,0.8289383454716601,0.9990284308958627,0.8296071366829875,0.8331729077572674,0.9064694253079236,0.9692179470904143,0.1297441395325812,0.0009715691041373304,0.9,1.25
HistoKit (no postprocessing),gaussian,31439255-cb2a-2a33-e39f-915211d58cf0_143129_8.png,7055595,4648731,430592,917192,0.9128154300537669,0.8396140409708999,0.9424818001473915,0.8849596759577297,0.8967382285316321,0.9128154300537669,0.9152264977045169,0.8352129556948596,0.057518199852608545,0.9,1.25
HistoKit (no postprocessing),gaussian,31439255-cb2a-2a33-e39f-915211d58cf0_143129_5.png,4083188,237411,4601,1383698,0.8546995057393371,0.7462665999206431,0.9988744526686676,0.7468946672749349,0.7568183912201619,0.854699505739337,0.9809885460225113,0.14644974520528847,0.0011255473313324146,0.9,1.25
HistoKit (no postprocessing),gaussian,bc7dd6a2-14aa-d481-064a-28427e54cce1_153909_1.png,22507096,492044,13885,2476558,0.9475747366546443,0.9003724726662092,0.9993834638020431,0.9008728667151731,0.9022956554448145,0.9475747366546444,0.9725554376206939,0.1657493998858722,0.0006165361979569185,0.9,1.25
HistoKit (no postprocessing),gaussian,091684ab-dffb-81d6-97c1-29bfeceeac37_154424_1.png,0,6267842,20721,0,0.0,0.0,0.0,,0.996704970595031,,0.996704970595031,1.0,1.0,0.9,1.25
HistoKit (no postprocessing),gaussian,dfdc8007-a219-a302-d10c-929e29813dc8_163630_4.png,1844369,706434,702,121431,0.9679514210793281,0.9378932744538272,0.9996195268366367,0.9382282022586225,0.9543075479547584,0.9679514210793282,0.9990072631007331,0.8533202877280716,0.0003804731633633611,0.9,1.25
HistoKit (no postprocessing),gaussian,8a22c195-cd7e-901b-eb5d-b1439c8b19ac_152323_2.png,2678675,490591,11725,31833,0.9919350598084619,0.9839991653910595,0.9956419119833482,0.9882557070482729,0.986442456854157,0.9919350598084619,0.9766581195900589,0.9390667350657703,0.004358088016651799,0.9,1.25
HistoKit (no postprocessing),gaussian,bc7dd6a2-14aa-d481-064a-28427e54cce1_153909_2.png,11566297,455950,7598,2478663,0.9029519078819096,0.8230741335492087,0.9993435226429823,0.8235193977056539,0.8286342744546855,0.9029519078819097,0.9836090329372579,0.15536971995966758,0.0006564773570176677,0.9,1.25
HistoKit (no postprocessing),gaussian,e338d5a6-7427-4506-5755-323615d750be_135343_2.png,6370104,922199,139,55578,0.9956457231501435,0.9913292013580832,0.9999781797962809,0.9913506457369039,0.9924174131262571,0.9956457231501435,0.9998492960281372,0.9431588184217874,2.1820203719073198e-05,0.9,1.25
HistoKit (no postprocessing),gaussian,7ba3b133-6b39-da9f-5b13-68d3bea507d2_165139_2.png,10116271,5183292,68191,264732,0.9838115500913789,0.9681388822908255,0.993304408225,0.9744984179274392,0.9787031314149266,0.9838115500913789,0.987014906075103,0.9514077030497663,0.0066955917749999955,0.9,1.25
HistoKit (no postprocessing),gaussian,00a8cbc5-e358-18d7-ac64-8f4f6e3173fd_135812_3.png,6481615,2157239,3053,102416,0.9919296480850924,0.9839885144929076,0.9995291971770953,0.9844447876992074,0.9879385745471662,0.9919296480850925,0.9985867651224927,0.9546762669522559,0.0004708028229047347,0.9,1.25
HistoKit (no postprocessing),gaussian,73f410c7-98a8-a0f8-02ae-aabdcdcb9cee_162913_1.png,14962951,3072413,43367,58681,0.9966015662074834,0.9932261528859047,0.9971100838993283,0.9960935669306771,0.9943736184633177,0.9966015662074834,0.9860814948423829,0.981258627176316,0.0028899161006717303,0.9,1.25
HistoKit (no postprocessing),gaussian,d28668ca-fcc7-90f7-7049-f08e38cdd015_141933_3.png,1781858,1617252,23420,91915,0.9686508830673998,0.939207555583433,0.9870269288165036,0.9509465660995222,0.96718258501698,0.9686508830673997,0.9857253613153635,0.9462223410585391,0.012973071183496393,0.9,1.25
HistoKit (no postprocessing),gaussian,098b4b43-88d6-52e4-6dfc-ff0d08e21e37_154649_1.png,38413029,1901259,119931,1110741,0.9842336208549859,0.9689566824247817,0.9968875736512326,0.9718968863547177,0.9703773454108513,0.9842336208549859,0.9406631736749143,0.6312280876494024,0.0031124263487673927,0.9,1.25
HistoKit (no postprocessing),gaussian,191c1954-41f1-2c63-fab4-33ae150d32f8_151532_2.png,29135548,442242,389,1406810,0.9764202546336151,0.9539269012050553,0.9999866487904611,0.953939050809371,0.9545844925102281,0.976420254633615,0.9991211641299412,0.23917228936774088,1.335120953892782e-05,0.9,1.25
HistoKit (no postprocessing),gaussian,6c5eefac-6637-5ca1-aed4-decff7ee7c9b_152621_3.png,19263295,749998,135037,1460425,0.9602347855987027,0.9235111660776335,0.9930387313713365,0.9295288201153075,0.9261659452383999,0.9602347855987027,0.8474218533730304,0.3393006677907351,0.006961268628663537,0.9,1.25
HistoKit (no postprocessing),gaussian,8a22c195-cd7e-901b-eb5d-b1439c8b19ac_152323_1.png,13786522,4721436,173313,241477,0.9851796319786662,0.9707921352618688,0.9875848819130025,0.9827860694885991,0.9780798222330076,0.9851796319786661,0.9645920556907004,0.9513436967361709,0.012415118086997447,0.9,1.25
HistoKit (no postprocessing),gaussian,31439255-cb2a-2a33-e39f-915211d58cf0_143129_4.png,9516369,371397,42498,1532902,0.9235544715393501,0.8579667499386257,0.9955540756033116,0.8612666844717629,0.862568508560375,0.9235544715393501,0.8973217845105643,0.1950308223656054,0.004445924396688436,0.9,1.25
HistoKit (no postprocessing),gaussian,d89a4519-168e-fe8e-eec5-c3f8080d7609_170312_3.png,18943419,4591436,37162,2855560,0.9290644136425209,0.867525951586409,0.9980421041905936,0.8690048740356142,0.8905415354574504,0.9290644136425209,0.9919712189306568,0.6165487399214394,0.0019578958094064666,0.9,1.25
HistoKit (no postprocessing),gaussian,bb1fc306-b767-ee67-c337-445c06bd68ce_150126_3.png,30607509,1739375,139169,4589087,0.9282981309056629,0.8661906428232132,0.9954736898730978,0.8696156014632779,0.8724682900725391,0.9282981309056629,0.9259165609110034,0.27484956060414045,0.0045263101269021645,0.9,1.25
HistoKit (no postprocessing),gaussian,e338d5a6-7427-4506-5755-323615d750be_135343_5.png,4546817,150573,39797,235754,0.9705896510742397,0.9428598149290971,0.991323228856843,0.9507055932886307,0.9445899317928766,0.9705896510742397,0.7909492041813311,0.3897553109153645,0.008676771143157022,0.9,1.25
HistoKit (no postprocessing),gaussian,745e05db-827a-cff7-7148-db0494ae96fc_133425_4.png,24783058,4735636,114397,938877,0.9791922818508876,0.9592328353730708,0.995405273350228,0.9634989747077737,0.9655477200551825,0.9791922818508876,0.9764131501785658,0.8345449204187214,0.004594726649772035,0.9,1.25
HistoKit (no postprocessing),gaussian,bb1fc306-b767-ee67-c337-445c06bd68ce_150126_1.png,27442978,4533444,762298,168880,0.9833173448138702,0.9671821780355334,0.9729732125294572,0.9938837871757852,0.9717032539595717,0.9833173448138702,0.8560545434426375,0.9640858435105705,0.027026787470542744,0.9,1.25
HistoKit (no postprocessing),gaussian,1d49a2ac-7490-df96-fb85-41e83b5a5b35_151838_3.png,0,6117504,71931,0,0.0,0.0,0.0,,0.9883784222630984,,0.9883784222630984,1.0,1.0,0.75,1.25
HistoKit (no postprocessing),gaussian,e0661871-0847-f23e-2d1f-8518496574c0_141209_2.png,42854343,3074119,121418,515898,0.9926190444810635,0.9853462476563609,0.9971747329849494,0.9881047928693779,0.986313640029809,0.9926190444810635,0.9620038822895808,0.8562965022171204,0.0028252670150506467,0.9,1.25
HistoKit (no postprocessing),gaussian,d28668ca-fcc7-90f7-7049-f08e38cdd015_141933_1.png,23124773,3882194,27898,90219,0.9974525996705937,0.9949181448606434,0.9987950418334023,0.9961137613142403,0.9956454697061952,0.9974525996705936,0.9928651295161341,0.9772886152572756,0.0012049581665977114,0.9,1.25
HistoKit (no postprocessing),gaussian,538ad0bc-9add-9e27-6ee9-4f1bdd825510_142716_4.png,0,6987044,2932,0,0.0,0.0,0.0,,0.9995805421935641,,0.9995805421935641,1.0,1.0,0.75,1.25
HistoKit (no postprocessing),gaussian,1cfd19dd-0b58-a07f-0753-c0e3d9e98b9b_133722_2.png,19779371,766827,781,4466571,0.8985294493760905,0.8157544011205143,0.9999605159758125,0.8157806778552881,0.8214027197259085,0.8985294493760905,0.9989825535950642,0.14652564165767634,3.948402418747844e-05,0.9,1.25
HistoKit (no postprocessing),gaussian,dfdc8007-a219-a302-d10c-929e29813dc8_163630_5.png,11870072,379572,7,172929,0.9927681419541105,0.9856401324320303,0.9999994102819366,0.9856407053358212,0.9860788982642897,0.9927681419541106,0.9999815585161456,0.687006901344975,5.897180633759893e-07,0.9,1.25
HistoKit (no postprocessing),gaussian,110ff982-b33a-42d4-9522-02719d6987c7_164031_4.png,11925263,433177,16700,2928513,0.8900865171137844,0.8019422512097124,0.998601569942898,0.8028438694645725,0.8075483677001825,0.8900865171137843,0.9628787424118148,0.12885691423063994,0.0013984300571020024,0.75,1.25
HistoKit (no postprocessing),gaussian,4adc5212-3bb5-0299-1727-5490f70e71c6_162331_3.png,4308398,237882,4416,1162360,0.8807413079803573,0.7868970008989669,0.9989760745536441,0.7875321847539226,0.7957702497577479,0.8807413079803572,0.9817745090756012,0.16988634821695106,0.001023925446355906,0.75,1.25
HistoKit (no postprocessing),gaussian,4adc5212-3bb5-0299-1727-5490f70e71c6_162331_1.png,5747225,615584,14732,3301077,0.7761140436504183,0.634139185619297,0.9974432297915448,0.6351716598318667,0.6574088366748227,0.7761140436504181,0.9766275963167681,0.1571706103745001,0.0025567702084552174,0.75,1.25
HistoKit (no postprocessing),gaussian,a796f488-e06e-b9c5-67ad-c084c09ace36_143658_2.png,37860193,3115143,2968,3477776,0.9560518391593655,0.9158039402928869,0.9999216124612522,0.9158696935497727,0.9217037579561671,0.9560518391593655,0.9990481416472986,0.47249829703656304,7.838753874775537e-05,0.9,1.25
HistoKit (no postprocessing),gaussian,dfdc8007-a219-a302-d10c-929e29813dc8_163630_7.png,2243768,428531,33749,142512,0.9622065454392633,0.9271657488401999,0.9851816693355088,0.9402785926211509,0.9381227708034937,0.9622065454392633,0.9269944622306827,0.7504356064254356,0.014818330664491198,0.75,1.25
HistoKit (no postprocessing),gaussian,745e05db-827a-cff7-7148-db0494ae96fc_133425_2.png,28707548,4376801,129928,208509,0.9941399775490791,0.9883482347043834,0.9954944739269137,0.9927891620908065,0.989874063759975,0.9941399775490791,0.9711702212402832,0.9545267386501676,0.0045055260730862854,0.9,1.25
HistoKit (no postprocessing),gaussian,2f6f5632-66e3-03e5-2957-29197ae74c65_142917_2.png,23556537,1059099,16784,98914,0.9975502644870801,0.995112502051454,0.999288008677267,0.9958185536179378,0.9953218051238159,0.99755026448708,0.9843997906835594,0.9145829969093611,0.0007119913227330167,0.75,1.25
HistoKit (no postprocessing),gaussian,745e05db-827a-cff7-7148-db0494ae96fc_133425_3.png,49012261,5110222,376600,569557,0.9904400271922961,0.9810611096612387,0.9923747988438122,0.9885127850697205,0.9828185878569,0.9904400271922961,0.9313628180392949,0.8997219786192385,0.00762520115618783,0.9,1.25
HistoKit (no postprocessing),gaussian,015b92ff-7984-c969-27c5-4144ab20b802_144644_8.png,19306193,4873923,77157,1266043,0.9663826730009666,0.9349520830951302,0.9960194187279289,0.9384586585532073,0.9473736092912065,0.9663826730009667,0.9844161273903875,0.7938029298533575,0.003980581272071133,0.75,1.25
HistoKit (no postprocessing),gaussian,34677a0d-5045-a6c6-f661-b69bd9d6f859_140044_2.png,23270767,1124608,60093,44539,0.9977569003205966,0.9955238411117603,0.9974243126914311,0.9980897098240958,0.9957293073426469,0.9977569003205966,0.9492758088327772,0.9619047048831327,0.002575687308568994,0.75,1.25
HistoKit (no postprocessing),gaussian,91e6ffad-da04-5736-d731-feb79e91105c_134712_2.png,6781939,190501,977,923827,0.936170591638356,0.8800006695435413,0.9998559616542502,0.8801122432215045,0.882895349314267,0.936170591638356,0.9948975861456668,0.17095594833837074,0.00014403834574982206,0.75,1.25
HistoKit (no postprocessing),gaussian,59481929-3828-f3c5-2452-07bdbf0def53_144939_2.png,22529218,2394834,5613,281375,0.993671070315717,0.9874217475070132,0.9997509189219125,0.9876647222630293,0.9886165743261682,0.993671070315717,0.9976616855110736,0.8948606031890634,0.00024908107808751704,0.75,1.25
HistoKit (no postprocessing),gaussian,8a22c195-cd7e-901b-eb5d-b1439c8b19ac_152323_3.png,3876324,437991,106778,2716,0.9860732609510233,0.972529101930896,0.9731922506629256,0.9992998267612605,0.9752489314073008,0.9860732609510233,0.8039939864419599,0.9938371752661065,0.02680774933707447,0.75,1.25
HistoKit (no postprocessing),gaussian,654bcee2-3394-aaf6-25f2-380d7ca46c60_144121_7.png,5254951,321883,19,504985,0.9541526727509069,0.9123250094835811,0.9999963843751725,0.9123280189224324,0.9169652332074613,0.9541526727509068,0.9999409758249405,0.38927978830962134,3.6156248275442103e-06,0.75,1.25
HistoKit (no postprocessing),gaussian,8b8e8141-b9e0-9b57-cdad-61702acf8a5e_150400_2.png,14491368,501969,7889,1781674,0.9418450015710559,0.8900822686368488,0.99945590315421,0.890513771180582,0.8933698586060812,0.941845001571056,0.9845270643983227,0.21981062714268387,0.0005440968457900981,0.75,1.25
HistoKit (no postprocessing),gaussian,8b8e8141-b9e0-9b57-cdad-61702acf8a5e_150400_5.png,2339887,227522,15,1588162,0.7466194295392545,0.595684540781413,0.9999935894751147,0.5956868155157943,0.6178211689037358,0.7466194295392546,0.9999340766556648,0.1253092498474404,6.4105248852302365e-06,0.75,1.25
HistoKit (no postprocessing),gaussian,1cfd19dd-0b58-a07f-0753-c0e3d9e98b9b_133722_4.png,19596035,749394,3129,4780930,0.8912123666000706,0.8037719214700321,0.9998403503333101,0.8038750927361138,0.8096236978644372,0.8912123666000707,0.9958419875538688,0.13550634646360685,0.00015964966668986492,0.75,1.25
HistoKit (no postprocessing),gaussian,c282e7fa-bbd4-0343-5231-dcd676a3dd4f_140949_1.png,4471516,5047431,2257255,46125,0.7951897903082334,0.6600124931807071,0.6645368076874663,0.9897900253694351,0.8051669523267289,0.7951897903082334,0.6909853483092908,0.9909444403870302,0.33546319231253374,0.75,1.25
HistoKit (no postprocessing),gaussian,6875bf3f-1b6d-1a53-f365-0d72c060072a_140344_1.png,22786172,512754,9256,2364690,0.9504873891181153,0.9056464679537671,0.9995939536647437,0.9059797632383335,0.9075309532957591,0.9504873891181153,0.982268538916879,0.17819773382210044,0.00040604633525635053,0.75,1.25
HistoKit (no postprocessing),gaussian,3c8a2c44-1287-eab9-5fb8-1902a0075b0d_153549_11.png,12778496,2017240,57217,59833,0.9954409204440813,0.9909232226382659,0.9955423590415273,0.9953395025162542,0.9921510306658997,0.9954409204440813,0.972418324409713,0.9711935979139876,0.004457640958472661,0.75,1.25
HistoKit (no postprocessing),gaussian,bffc0a6a-719c-940b-52f7-9a2879514091_151206_1.png,29073691,859219,48930,133660,0.9968697053377635,0.9937589470103873,0.9983198627623523,0.9954237547937846,0.9939370091813186,0.9968697053377635,0.9461211761506096,0.8653813808127677,0.001680137237647669,0.75,1.25
HistoKit (no postprocessing),gaussian,b3ac8263-eb4f-ecee-6126-3ea976dfb769_143901_2.png,36911390,4775877,171412,279713,0.9939261979022107,0.9879257325155976,0.9953775877022454,0.9924790345691011,0.9892942046768183,0.9939261979022107,0.9653523374114591,0.9446725308025374,0.00462241229775463,0.75,1.25
HistoKit (no postprocessing),gaussian,cfd234aa-a9c1-9363-1732-dc841509f243_163200_1.png,7894424,1826463,8396,3200557,0.8310881875223348,0.7109930609399284,0.998937594428318,0.711531096808548,0.7518180426053223,0.8310881875223347,0.9954241715575965,0.36332916916980634,0.0010624055716820073,0.75,1.25
HistoKit (no postprocessing),gaussian,997c9bdf-d489-63a3-9c13-1b5273502c59_152111_4.png,4657636,2740551,78337,60967,0.9852659706791717,0.9709598202187227,0.9834591540112243,0.9870794385541652,0.9815185185627419,0.9852659706791717,0.9722099636452388,0.9782378696121174,0.016540845988775695,0.75,1.25
HistoKit (no postprocessing),gaussian,654bcee2-3394-aaf6-25f2-380d7ca46c60_144121_5.png,6602571,495294,1052,828407,0.9408989967010819,0.8883940188616031,0.999840693510214,0.8885197883777882,0.8953670873046188,0.9408989967010818,0.9978805107727271,0.3741736238017498,0.00015930648978598565,0.75,1.25
HistoKit (no postprocessing),gaussian,7a951edf-c71d-16ea-3e52-69a0dd7b54e1_133148_4.png,10251506,1820919,651,342230,0.9835516281312583,0.9676355979822145,0.9999365011675104,0.9676950605527644,0.9723823963742819,0.9835516281312583,0.9996426159851117,0.8417908336411407,6.349883248959219e-05,0.75,1.25
HistoKit (no postprocessing),gaussian,1cfd19dd-0b58-a07f-0753-c0e3d9e98b9b_133722_1.png,18872077,1041155,4749,4572994,0.8918351178823577,0.8047855804436879,0.9997484216891124,0.8049485966581206,0.8130844933694963,0.8918351178823576,0.9954594303110037,0.18545197143859202,0.00025157831088764605,0.75,1.25
HistoKit (no postprocessing),gaussian,997c9bdf-d489-63a3-9c13-1b5273502c59_152111_3.png,17021336,447801,207814,188553,0.988490764797473,0.9772434401941519,0.987938232588375,0.9890439153907384,0.9778138360944085,0.988490764797473,0.6830243359288607,0.7036979417116888,0.012061767411625065,0.75,1.25
HistoKit (no postprocessing),gaussian,8a46ca7f-3853-419d-26c8-1bf78b04ebee_163832_3.png,7130295,126243,13534,151666,0.9885482874768037,0.9773558888053518,0.998105497765974,0.9791723685419353,0.9777410628076604,0.9885482874768038,0.9031743419875945,0.4542602074779874,0.0018945022340260385,0.75,1.25
HistoKit (no postprocessing),gaussian,e0661871-0847-f23e-2d1f-8518496574c0_141209_1.png,30575580,2852779,333387,336181,0.9891691990427547,0.9785704967696104,0.9892139067604556,0.9891244953660194,0.9803633810348646,0.9891691990427546,0.8953642088955817,0.8945797375947018,0.010786093239544369,0.75,1.25
HistoKit (no postprocessing),gaussian,a796f488-e06e-b9c5-67ad-c084c09ace36_143658_1.png,27878535,3669228,514917,984425,0.9738135529694036,0.9489635687425609,0.9818649384372143,0.9658931377793546,0.9546301559546593,0.9738135529694036,0.8769361482453405,0.7884618814509805,0.018135061562785673,0.75,1.25
HistoKit (no postprocessing),gaussian,e338d5a6-7427-4506-5755-323615d750be_135343_4.png,13145897,1587928,150506,321090,0.9823790633398833,0.965368368465473,0.9886806980805259,0.9761572503188723,0.9689850087018308,0.9823790633398832,0.9134243807932887,0.8318035764984929,0.011319301919474011,0.75,1.25
HistoKit (no postprocessing),gaussian,110ff982-b33a-42d4-9522-02719d6987c7_164031_1.png,19533754,654282,4224,1962170,0.9520787957235946,0.9085404435355515,0.999783805673238,0.9087189738854677,0.9112414988785539,0.9520787957235946,0.9935854798589534,0.25006459128621505,0.00021619432676196073,0.75,1.25
HistoKit (no postprocessing),gaussian,6c5eefac-6637-5ca1-aed4-decff7ee7c9b_152621_4.png,8477517,813695,2040,2209624,0.8846090234217704,0.7930932220157934,0.9997594213943016,0.7932446105090221,0.8077294756546102,0.8846090234217704,0.997499187848995,0.2691396442122052,0.0002405786056983873,0.75,1.25
HistoKit (no postprocessing),gaussian,8b8e8141-b9e0-9b57-cdad-61702acf8a5e_150400_3.png,1762756,597562,3304,5108058,0.408193056886091,0.25643377084885655,0.9981291688844094,0.25655708333830607,0.3159019122874641,0.408193056886091,0.9945012698338731,0.10473217634542784,0.0018708311155906368,0.75,1.25
HistoKit (no postprocessing),gaussian,75867af4-ee91-110d-5a8d-03a78d8d262a_171204_2.png,18282872,409042,22035,2726769,0.9300817600650019,0.8693017142333307,0.9987962244222274,0.8702134415338177,0.8717951516362465,0.930081760065002,0.9488838420978155,0.13044217269471917,0.0012037755777726704,0.75,1.25
HistoKit (no postprocessing),gaussian,191c1954-41f1-2c63-fab4-33ae150d32f8_151532_1.png,37520749,1495662,35592,4105805,0.9476983381322444,0.90059568702966,0.9990523038439767,0.9013657243883315,0.9040406083645397,0.9476983381322442,0.9767563056161812,0.2670125522474737,0.0009476961560232931,0.75,1.25
HistoKit (no postprocessing),gaussian,538ad0bc-9add-9e27-6ee9-4f1bdd825510_142716_3.png,0,6843337,1736,0,0.0,0.0,0.0,,0.999746386926772,,0.999746386926772,1.0,1.0,0.75,1.25
HistoKit (no postprocessing),gaussian,22c86e01-80fd-7f77-3526-d5f72a54b219_141444_4.png,4611651,242486,14368,487692,0.9483762146848621,0.9018208107575888,0.9968940897129908,0.904361797196227,0.906265583584771,0.948376214684862,0.9440616069829553,0.33209162697314903,0.003105910287009197,0.75,1.25
HistoKit (no postprocessing),gaussian,bffc0a6a-719c-940b-52f7-9a2879514091_151206_2.png,59328227,8756227,299084,1064646,0.9886374945067573,0.9775303010908019,0.9949841105529645,0.9823713304713952,0.9803633454259941,0.9886374945067573,0.9669714270443058,0.8915935477426498,0.005015889447035436,0.75,1.25
HistoKit (no postprocessing),gaussian,654bcee2-3394-aaf6-25f2-380d7ca46c60_144121_3.png,6463134,1859843,2487,559211,0.9583556186307113,0.9200410771389266,0.9996153501728604,0.9203669144708784,0.9367790042967244,0.9583556186307113,0.9986645760955363,0.7688307082024626,0.00038464982713957405,0.75,1.25
HistoKit (no postprocessing),gaussian,778d67ae-3cb9-eeb7-6fac-a66f6e936029_142330_2.png,11001730,469951,49990,1922473,0.9177315092311567,0.8479702745288281,0.9954767221753718,0.8512501699331092,0.8532845973681924,0.9177315092311565,0.9038544757962923,0.1964329901388717,0.0045232778246282026,0.75,1.25
HistoKit (no postprocessing),gaussian,22c86e01-80fd-7f77-3526-d5f72a54b219_141444_1.png,35279439,823769,36203,1380539,0.980316362679474,0.9613926582714425,0.9989748735135553,0.9623420668719441,0.962240301492939,0.9803163626794741,0.9579021177433684,0.37370866503229133,0.0010251264864447318,0.75,1.25
HistoKit (no postprocessing),gaussian,d89a4519-168e-fe8e-eec5-c3f8080d7609_170312_2.png,22184870,522480,27200,2381930,0.948499611042336,0.902043994470196,0.9987754405600199,0.9030427243271407,0.904081702531565,0.948499611042336,0.950516664241013,0.1798919574027083,0.001224559439980155,0.75,1.25
HistoKit (no postprocessing),gaussian,cfd234aa-a9c1-9363-1732-dc841509f243_163200_2.png,13387329,1916146,1047450,2119640,0.8942249463858957,0.8086861278550458,0.927435674630003,0.8633104896256645,0.8285331282502728,0.8942249463858957,0.6465611372130344,0.47478880198305856,0.072564325369997,0.75,1.25
HistoKit (no postprocessing),gaussian,015b92ff-7984-c969-27c5-4144ab20b802_144644_9.png,1130769,9401349,3685,45785,0.9785937564906741,0.9580847607984484,0.9967517413663313,0.9610855090374093,0.9953248983044889,0.9785937564906744,0.9996081885509398,0.9951535566236278,0.0032482586336687077,0.75,1.25
HistoKit (no postprocessing),gaussian,31439255-cb2a-2a33-e39f-915211d58cf0_143129_7.png,8246054,1917789,1690150,1363167,0.8437835452541963,0.7297799142978844,0.8298998289487615,0.8581396972761892,0.7689884211131589,0.8437835452541964,0.5315469579724047,0.5845214016890199,0.17010017105123848,0.75,1.25
HistoKit (no postprocessing),gaussian,110ff982-b33a-42d4-9522-02719d6987c7_164031_3.png,5237956,210253,1507,696536,0.937529460249303,0.8824051351760672,0.9997123751040898,0.8826292124077343,0.8864278587991511,0.937529460249303,0.9928834529656214,0.23186540639553413,0.0002876248959101343,0.75,1.25
HistoKit (no postprocessing),gaussian,dfdc8007-a219-a302-d10c-929e29813dc8_163630_6.png,2528768,238884,17,42047,0.9917515099223468,0.983637981789553,0.9999932774039707,0.9836444862815877,0.9850290919082213,0.9917515099223468,0.9999288408169075,0.8503297962844969,6.722596029318427e-06,0.75,1.25
HistoKit (no postprocessing),gaussian,4adc5212-3bb5-0299-1727-5490f70e71c6_162331_2.png,4984114,923771,6108,2953266,0.7710809785140353,0.6274465323041969,0.9987760063580338,0.6279293671211408,0.666258310488055,0.7710809785140355,0.9934314034406627,0.23826726440836132,0.0012239936419662291,0.75,1.25
HistoKit (no postprocessing),gaussian,dad7b6f2-9f0b-8c2a-a00e-ff89c406e2d2_171435_2.png,6551696,1412799,12807,122786,0.9897580516935399,0.9797237714715186,0.9980490526091618,0.9816036660223221,0.9832603053201397,0.9897580516935399,0.9910164519509598,0.9200395940309394,0.0019509473908382706,0.75,1.25
HistoKit (no postprocessing),gaussian,22c86e01-80fd-7f77-3526-d5f72a54b219_141444_2.png,30436594,557677,54885,472643,0.9914084389504513,0.9829632501770921,0.9981999889214951,0.9847086810974984,0.9832646607511202,0.9914084389504513,0.910400906357234,0.5412658203276652,0.0018000110785049161,0.75,1.25
HistoKit (no postprocessing),gaussian,191c1954-41f1-2c63-fab4-33ae150d32f8_151532_3.png,48831238,587951,2487,4173996,0.9589893392370595,0.9212099120428136,0.9999490720808212,0.9212531351149209,0.922074248831137,0.9589893392370596,0.9957878727317686,0.12346861483338643,5.092791917880522e-05,0.75,1.25
HistoKit (no postprocessing),gaussian,e04480a3-f748-c87a-3eb6-396b6ccbcb83_134430_3.png,25404547,1485308,42199,223720,0.9947935598175961,0.9896410528737577,0.9983416740199317,0.9912705763522754,0.9902076442380173,0.9947935598175962,0.9723739400212241,0.8690951815885989,0.0016583259800683357,0.75,1.25
HistoKit (no postprocessing),gaussian,75867af4-ee91-110d-5a8d-03a78d8d262a_171204_5.png,7797925,144975,847,2419097,0.8656765280508869,0.7631654897904837,0.9998913931577946,0.7632287568725995,0.766478777447581,0.8656765280508869,0.9941915486003484,0.0565409239678137,0.00010860684220541387,0.75,1.25
HistoKit (no postprocessing),gaussian,098b4b43-88d6-52e4-6dfc-ff0d08e21e37_154649_2.png,44779548,723513,27255,354384,0.9957567725013589,0.991549402809098,0.9993917218329547,0.9921481691424536,0.9916826523873971,0.9957567725013589,0.963697174093728,0.6712264715459826,0.0006082781670453033,0.75,1.25
HistoKit (no postprocessing),gaussian,2f6f5632-66e3-03e5-2957-29197ae74c65_142917_4.png,4163570,458777,2832,38713,0.9950356597243175,0.9901203653170009,0.9993202768239838,0.990787626630572,0.9910922036788159,0.9950356597243175,0.9938649376420303,0.9221833604695572,0.0006797231760161406,0.75,1.25
HistoKit (no postprocessing),gaussian,00a8cbc5-e358-18d7-ac64-8f4f6e3173fd_135812_5.png,5809680,2990230,18087,86179,0.9911063351901537,0.982369470400981,0.9968964098942185,0.9853831307702575,0.9882902134908385,0.9911063351901536,0.9939876681878937,0.9719871447522095,0.003103590105781511,0.75,1.25
HistoKit (no postprocessing),gaussian,6875bf3f-1b6d-1a53-f365-0d72c060072a_140344_4.png,9820082,324699,14822,731007,0.9634146347445524,0.929411765819341,0.9984929186904112,0.9307173885084279,0.9315163246135891,0.9634146347445524,0.95634437928729,0.3075657427351933,0.001507081309588787,0.75,1.25
HistoKit (no postprocessing),gaussian,6520c4c0-cf13-4bc7-106a-ea8d45dc1109_165944_1.png,0,8579427,6315813,0,0.0,0.0,0.0,,0.5759844755774328,,0.5759844755774328,1.0,1.0,0.75,1.25
HistoKit (no postprocessing),gaussian,ec461d09-d9f6-ab63-cb21-aeb55b7abbf3_142116_1.png,35870763,1677201,114914,130966,0.9965844025550803,0.9931920582984415,0.9968066739441918,0.9963622302695517,0.993494178575749,0.9965844025550802,0.9358779989007402,0.9275697432814558,0.0031933260558082593,0.75,1.25
HistoKit (no postprocessing),gaussian,8b8e8141-b9e0-9b57-cdad-61702acf8a5e_150400_1.png,4510769,222447,9308,748080,0.9225489588529456,0.8562328343669332,0.997940743044864,0.8577483399884651,0.8620574348468766,0.9225489588529456,0.9598368967228323,0.22920227876195098,0.0020592569551359415,0.75,1.25
HistoKit (no postprocessing),gaussian,0584763b-507d-517f-59c7-4dbcdbe7ec5e_135202_1.png,7371257,1058656,13222,59498,0.9950915388849072,0.9902310283871109,0.9982094877648104,0.9919930074400246,0.991447355189857,0.9950915388849073,0.9876646409386143,0.9467890827202693,0.0017905122351895104,0.75,1.25
HistoKit (no postprocessing),gaussian,34677a0d-5045-a6c6-f661-b69bd9d6f859_140044_1.png,7132022,163335,37682,68289,0.9926255470157825,0.9853590629336061,0.9947442739616587,0.9905158263302793,0.985682164065692,0.9926255470157824,0.8125432177378032,0.7051730390633095,0.0052557260383413315,0.75,1.25
HistoKit (no postprocessing),gaussian,654bcee2-3394-aaf6-25f2-380d7ca46c60_144121_6.png,2251568,687423,652,687057,0.867515019230973,0.7660278360971082,0.9997105078544725,0.7661977965885406,0.8103760994843797,0.8675150192309731,0.999052428877666,0.500133141260695,0.000289492145527524,0.75,1.25
HistoKit (no postprocessing),gaussian,8a46ca7f-3853-419d-26c8-1bf78b04ebee_163832_4.png,24282714,721053,8369,186739,0.9959986493995883,0.9920291927933784,0.9996554702810081,0.9923684849023802,0.9922572733901811,0.9959986493995883,0.9885265319664063,0.7942931861043059,0.0003445297189919445,0.75,1.25
HistoKit (no postprocessing),gaussian,302e8390-e88c-6502-e08e-b8e893212016_162708_2.png,48414546,2289527,74680,762597,0.9914271718241107,0.9830000810325336,0.9984598640530992,0.9844928567729118,0.9837552372997603,0.9914271718241108,0.96841224139849,0.7501421960575652,0.0015401359469008641,0.75,1.25
HistoKit (no postprocessing),gaussian,cfd234aa-a9c1-9363-1732-dc841509f243_163200_4.png,14758113,5447545,958066,2704135,0.8896210178981662,0.8011868310171043,0.9390395082672448,0.8451439356490642,0.8465634894189713,0.8896210178981662,0.8504333154167495,0.6682726750804742,0.06096049173275515,0.75,1.25
HistoKit (no postprocessing),gaussian,73f410c7-98a8-a0f8-02ae-aabdcdcb9cee_162913_2.png,17021921,1356687,30980,33323,0.9981147318331149,0.9962365587621934,0.998183300307672,0.9980461727782962,0.9965134029004423,0.9981147318331149,0.9776747591461064,0.9760267911741642,0.0018166996923280091,0.75,1.25
HistoKit (no postprocessing),gaussian,cfd234aa-a9c1-9363-1732-dc841509f243_163200_3.png,10704752,866764,24853,5673455,0.7897909281649143,0.6526070135694194,0.9976836985145305,0.6535973076906404,0.6700424972483796,0.7897909281649141,0.9721259240234316,0.13252828383881335,0.0023163014854694092,0.75,1.25
HistoKit (no postprocessing),gaussian,7530b966-b7ee-7dd8-6676-04339b0c22b7_154932_1.png,16926472,453559,221798,740996,0.9723460120247918,0.9461803519495993,0.9870658672857379,0.9580587325812618,0.94751113855145,0.9723460120247918,0.6715840659088452,0.37968867067652806,0.012934132714262138,0.75,1.25
HistoKit (no postprocessing),gaussian,75867af4-ee91-110d-5a8d-03a78d8d262a_171204_3.png,17548342,322561,22297,4139025,0.89400067848581,0.8083193733445161,0.9987310080185473,0.8091504146169519,0.8111256579850651,0.89400067848581,0.9353444026236886,0.07229738483131334,0.001268991981452695,0.75,1.25
HistoKit (no postprocessing),gaussian,91e6ffad-da04-5736-d731-feb79e91105c_134712_4.png,7979626,307318,33198,1735346,0.9002389242294981,0.8185768200595599,0.9958568914030809,0.8213740605737206,0.8241215145401198,0.9002389242294981,0.9025067838221993,0.15044960894204823,0.004143108596919139,0.75,1.25
HistoKit (no postprocessing),gaussian,745e05db-827a-cff7-7148-db0494ae96fc_133425_1.png,35019266,2376744,78722,243380,0.9954221276630338,0.9908859781545525,0.9977570794086544,0.9930980789133067,0.9914602830597672,0.9954221276630338,0.967940097724831,0.9071112664896775,0.002242920591345578,0.75,1.25
HistoKit (no postprocessing),gaussian,22c86e01-80fd-7f77-3526-d5f72a54b219_141444_3.png,15827992,746939,29475,657729,0.9787527438544401,0.958389594649679,0.9981412542116594,0.9601031098366883,0.960190092361113,0.9787527438544401,0.962037006030288,0.5317548345943668,0.001858745788340597,0.75,1.25
HistoKit (no postprocessing),gaussian,91e6ffad-da04-5736-d731-feb79e91105c_134712_1.png,82723429,2998585,158566,3051200,0.9809686336422814,0.9626481245111391,0.9980868462444709,0.9644277097368733,0.9639075480103962,0.9809686336422814,0.9497756046511554,0.4956514983590326,0.0019131537555291712,0.75,1.25
HistoKit (no postprocessing),gaussian,778d67ae-3cb9-eeb7-6fac-a66f6e936029_142330_1.png,16603420,346301,65020,1878107,0.944718952367722,0.8952297158063978,0.9960992150435194,0.8983792302443407,0.897150127921423,0.944718952367722,0.8419239474765451,0.15568232086919306,0.0039007849564806304,0.75,1.25
HistoKit (no postprocessing),gaussian,e7510405-61bb-4166-6cb6-90d49adffbe4_135053_1.png,7506413,428592,1140001,24042,0.9280427504234595,0.8657460461133762,0.8681533176644097,0.9968073642296514,0.87206980334646,0.9280427504234595,0.273233400888567,0.9468842375959384,0.13184668233559022,0.75,1.25
HistoKit (no postprocessing),gaussian,e0661871-0847-f23e-2d1f-8518496574c0_141209_3.png,42642251,1700823,79230,101034,0.9978907799267829,0.995790438744665,0.9981454294620544,0.9976362602921137,0.995951246961762,0.997890779926783,0.9554900893400365,0.9439278477703835,0.001854570537945536,0.75,1.25
HistoKit (no postprocessing),gaussian,6875bf3f-1b6d-1a53-f365-0d72c060072a_140344_3.png,7588847,630678,9994,1126737,0.9303235633496124,0.8697242749993181,0.9986847994319134,0.8707215718418869,0.8785057826549423,0.9303235633496123,0.9844007542080815,0.3588668584255853,0.0013152005680866332,0.75,1.25
HistoKit (no postprocessing),gaussian,bc7dd6a2-14aa-d481-064a-28427e54cce1_153909_3.png,23856488,1324826,226243,2106423,0.9533892281769509,0.9109300743353527,0.9906055920319004,0.9188679959654755,0.9152188814558999,0.9533892281769509,0.8541373723541635,0.3861060505955703,0.00939440796809963,0.75,1.25
HistoKit (no postprocessing),gaussian,7a951edf-c71d-16ea-3e52-69a0dd7b54e1_133148_1.png,12594305,2860529,209,357377,0.9860023778099878,0.9723912129896708,0.9999834054732084,0.972406904369641,0.9773857512006385,0.9860023778099877,0.9999269419289708,0.8889411312822687,1.6594526791585608e-05,0.75,1.25
HistoKit (no postprocessing),gaussian,dad7b6f2-9f0b-8c2a-a00e-ff89c406e2d2_171435_1.png,23719484,1068793,29438,75121,0.9978007731736015,0.9956111983175987,0.9987604490005905,0.9968429398176604,0.9957996348829037,0.9978007731736015,0.9731950746245553,0.9343298534680055,0.0012395509994095732,0.75,1.25
HistoKit (no postprocessing),gaussian,c4a5bf6f-509c-e7c4-3751-4f823d57d1f3_145315_3.png,21539602,1118427,91915,2846681,0.93614218845751,0.8799504767466951,0.9957508759094427,0.8832671219308001,0.8851959584515536,0.9361421884575098,0.924058654496002,0.282067222380828,0.004249124090557311,0.75,1.25
HistoKit (no postprocessing),gaussian,0584763b-507d-517f-59c7-4dbcdbe7ec5e_135202_2.png,16993258,1480579,69999,158925,0.9933093363697792,0.9867076076655095,0.9958976765104106,0.9907344155551512,0.9877598820837201,0.9933093363697792,0.9548561891114152,0.9030651953273673,0.004102323489589356,0.75,1.25
HistoKit (no postprocessing),gaussian,778d67ae-3cb9-eeb7-6fac-a66f6e936029_142330_3.png,17911829,630779,5797,2527235,0.9339611421110633,0.8761042200286908,0.9996764638351086,0.8763527038224451,0.8798123331011537,0.9339611421110634,0.9908934675514,0.19973913985181826,0.0003235361648914873,0.75,1.25
HistoKit (no postprocessing),gaussian,00a8cbc5-e358-18d7-ac64-8f4f6e3173fd_135812_2.png,8559624,5795283,112586,123067,0.9864215301487459,0.9732068700053449,0.9870176114277676,0.9858261684079279,0.983848940684936,0.9864215301487459,0.9809430439300533,0.979205859741313,0.012982388572232453,0.75,1.25
HistoKit (no postprocessing),gaussian,dad7b6f2-9f0b-8c2a-a00e-ff89c406e2d2_171435_3.png,5795298,589320,27531,294897,0.9729348316598707,0.9472961031598996,0.9952718858822748,0.951578397736033,0.9519269735141224,0.9729348316598707,0.9553684763419367,0.6664879774987361,0.00472811411772525,0.75,1.25
HistoKit (no postprocessing),gaussian,1d49a2ac-7490-df96-fb85-41e83b5a5b35_151838_1.png,0,6030878,204822,0,0.0,0.0,0.0,,0.9671533268117453,,0.9671533268117453,1.0,1.0,0.75,1.25
HistoKit (no postprocessing),gaussian,7a951edf-c71d-16ea-3e52-69a0dd7b54e1_133148_5.png,5782286,2905492,310,403757,0.9662395197983664,0.9346841345781594,0.9999463908597453,0.9347309742269816,0.9555572053857055,0.9662395197983664,0.9998933168880743,0.8779913509077135,5.360914025465379e-05,0.75,1.25
HistoKit (no postprocessing),gaussian,3c8a2c44-1287-eab9-5fb8-1902a0075b0d_153549_25.png,37448326,2818719,73053,93636,0.9977793554379627,0.9955685515478327,0.9980530299805879,0.9975058309419204,0.9958774769602036,0.9977793554379627,0.9747376349172756,0.9678486997635933,0.001946970019412133,0.75,1.25
HistoKit (no postprocessing),gaussian,6c5eefac-6637-5ca1-aed4-decff7ee7c9b_152621_1.png,34959541,361272,373802,280191,0.9907331089087446,0.9816363913786259,0.9894207010075441,0.9920490030968453,0.9818208053714035,0.9907331089087446,0.49147704856925967,0.5632000598631566,0.010579298992455936,0.75,1.25
HistoKit (no postprocessing),gaussian,7a951edf-c71d-16ea-3e52-69a0dd7b54e1_133148_3.png,8629169,1490405,607,377067,0.9785850678713532,0.9580681044401462,0.9999296621372328,0.9581326760702251,0.9640216178564134,0.9785850678713532,0.9995928939539052,0.798086932494838,7.033786276723752e-05,0.75,1.25
HistoKit (no postprocessing),gaussian,6875bf3f-1b6d-1a53-f365-0d72c060072a_140344_5.png,10506990,466459,24066,1452995,0.9343266947937181,0.8767477708497736,0.9977147590896868,0.8785119713778905,0.881365421978698,0.9343266947937181,0.9509382804138423,0.24301650365155925,0.002285240910313268,0.75,1.25
HistoKit (no postprocessing),gaussian,2f6f5632-66e3-03e5-2957-29197ae74c65_142917_3.png,5400878,642503,5153,73302,0.992789202341756,0.9856816513980807,0.9990468053179865,0.9866095013317063,0.9871844002354849,0.992789202341756,0.9920436157466309,0.8975950154022394,0.0009531946820134771,0.75,1.25
HistoKit (no postprocessing),gaussian,e92b8137-1dab-8f48-a38e-05fbbeabd072_134925_1.png,6154757,31699,23285,197836,0.9823535678758498,0.9653191293810829,0.9962310065227786,0.9688574413629206,0.9654906995265137,0.9823535678758498,0.5765131674668995,0.13810094321127497,0.003768993477221424,0.75,1.25
HistoKit (no postprocessing),gaussian,654bcee2-3394-aaf6-25f2-380d7ca46c60_144121_2.png,5387482,1832953,1083,41890,0.9960276159863013,0.9920866667710164,0.9997990188482463,0.9922845588771593,0.9940836312651031,0.9960276159863013,0.9994094990501822,0.9776567957957013,0.00020098115175376004,0.75,1.25
HistoKit (no postprocessing),gaussian,6875bf3f-1b6d-1a53-f365-0d72c060072a_140344_2.png,15819186,768357,14010,375597,0.9878354172768753,0.975963231808809,0.9991151502198293,0.9768075311660551,0.977051095148479,0.9878354172768754,0.9820928029939913,0.6716677418847261,0.0008848497801707248,0.75,1.25
HistoKit (no postprocessing),gaussian,e75d7a32-60ad-6f71-61b5-c428fc2cae22_164833_1.png,39627028,11453256,62299,427401,0.9938590803272421,0.9877931221110555,0.9984303336763558,0.9893294946234286,0.9905041661443991,0.9938590803272422,0.994590013247299,0.9640254743487671,0.0015696663236441375,0.75,1.25
HistoKit (no postprocessing),gaussian,7530b966-b7ee-7dd8-6676-04339b0c22b7_154932_2.png,10251960,1302089,15853,2205606,0.9022476588839289,0.821904563616439,0.9984560490145272,0.8229504864754479,0.8387385060500128,0.9022476588839288,0.9879713978308605,0.3712092984139157,0.0015439509854727584,0.75,1.25
HistoKit (no postprocessing),gaussian,098b4b43-88d6-52e4-6dfc-ff0d08e21e37_154649_3.png,45028342,6965968,85323,275380,0.9960106898466331,0.992053082412287,0.9981087105204155,0.9939214707347886,0.993110440064259,0.9960106898466332,0.9878996626291554,0.9619711689039112,0.0018912894795845116,0.75,1.25
HistoKit (no postprocessing),gaussian,d89a4519-168e-fe8e-eec5-c3f8080d7609_170312_1.png,15691067,499413,20368,386842,0.9871903616507469,0.9747047463526687,0.998703619370223,0.9759395329330449,0.9754658630206975,0.9871903616507468,0.9608142660081842,0.5635093737129833,0.0012963806297769745,0.75,1.25
HistoKit (no postprocessing),gaussian,c4a5bf6f-509c-e7c4-3751-4f823d57d1f3_145315_1.png,22694481,1091030,39037,1333242,0.970653494846298,0.9429803180818689,0.9982828438607698,0.9445123451772771,0.9454531180998013,0.970653494846298,0.9654560304831483,0.4500443844585096,0.0017171561392301886,0.75,1.25
HistoKit (no postprocessing),gaussian,59481929-3828-f3c5-2452-07bdbf0def53_144939_3.png,23541043,1217295,13952,357303,0.992176420201899,0.9844743069026657,0.9994076840177636,0.9850490490011317,0.9852263822975565,0.992176420201899,0.9886683987859463,0.7730830345269079,0.0005923159822364641,0.75,1.25
HistoKit (no postprocessing),gaussian,654bcee2-3394-aaf6-25f2-380d7ca46c60_144121_1.png,8583452,962822,11493,491333,0.9715430852650266,0.9446609491807316,0.998662818668415,0.945857339870862,0.9499630812709596,0.9715430852650266,0.9882040202603881,0.6621178622636514,0.0013371813315850188,0.75,1.25
HistoKit (no postprocessing),gaussian,00a8cbc5-e358-18d7-ac64-8f4f6e3173fd_135812_1.png,0,9344334,13410,0,0.0,0.0,0.0,,0.9985669622934759,,0.9985669622934759,1.0,1.0,0.75,1.25
HistoKit (no postprocessing),gaussian,34677a0d-5045-a6c6-f661-b69bd9d6f859_140044_3.png,4367392,131812,11227,21789,0.9962344031570063,0.9924970593635862,0.9974359495539575,0.9950357481270424,0.99271526977949,0.9962344031570063,0.9215109166031642,0.8581454547821954,0.002564050446042462,0.75,1.25
HistoKit (no postprocessing),gaussian,6c5eefac-6637-5ca1-aed4-decff7ee7c9b_152621_2.png,36548335,945932,111153,4172008,0.94464757877282,0.8951015412220018,0.9969679609273321,0.8975448708769472,0.8974766708951063,0.94464757877282,0.8948495154126679,0.18482670762064424,0.0030320390726678997,0.75,1.25
HistoKit (no postprocessing),gaussian,98188e68-f597-a02c-6cf5-9f993d1f10ac_162142_1.png,29063940,1202496,74369,234705,0.9947109837381326,0.9894776205124881,0.9974477242313546,0.9919892199792857,0.9898914523420869,0.9947109837381325,0.9417565678438989,0.8366929886633812,0.0025522757686453255,0.75,1.25
HistoKit (no postprocessing),gaussian,997c9bdf-d489-63a3-9c13-1b5273502c59_152111_5.png,1628993,4413133,205756,128846,0.9068632417633193,0.8295972438308307,0.8878560500646138,0.9267020472295813,0.9475276348622679,0.9068632417633194,0.9554533568570277,0.9716321894046626,0.11214394993538626,0.75,1.25
HistoKit (no postprocessing),gaussian,997c9bdf-d489-63a3-9c13-1b5273502c59_152111_1.png,11819366,1155798,101,56175,0.9976249849757384,0.9952612246142145,0.9999914547754142,0.9952696891872126,0.9956815209984469,0.9976249849757383,0.9999126221235592,0.9536499575485593,8.545224585846384e-06,0.75,1.25
HistoKit (no postprocessing),gaussian,8a46ca7f-3853-419d-26c8-1bf78b04ebee_163832_1.png,8558012,1165528,87211,234513,0.981550140534202,0.9637687426743318,0.9899122324548482,0.9733281395276101,0.9679725689638421,0.981550140534202,0.9303837431420272,0.8324956197711353,0.010087767545151814,0.75,1.25
HistoKit (no postprocessing),gaussian,b3ac8263-eb4f-ecee-6126-3ea976dfb769_143901_1.png,31637178,1205486,39982,149034,0.9970216521113943,0.9940609926527816,0.9987378287700034,0.9953113633043157,0.9942777357978765,0.9970216521113943,0.9678980110287859,0.8899728317042199,0.0012621712299966284,0.75,1.25
HistoKit (no postprocessing),gaussian,7ba3b133-6b39-da9f-5b13-68d3bea507d2_165139_1.png,22874151,2861880,4333,710768,0.984609370949433,0.9696853041376641,0.9998106080805005,0.9698634538452305,0.9729652023966309,0.984609370949433,0.9984882491287284,0.8010528885017499,0.00018939191949956125,0.75,1.25
HistoKit (no postprocessing),gaussian,302e8390-e88c-6502-e08e-b8e893212016_162708_1.png,14946504,4970966,356153,122411,0.9842430283160846,0.9689749179711882,0.9767260678978821,0.9918765883276931,0.9765364187959287,0.9842430283160845,0.9331434120394156,0.9759666327468004,0.023273932102117954,0.75,1.25
HistoKit (no postprocessing),gaussian,7530b966-b7ee-7dd8-6676-04339b0c22b7_154932_3.png,23539442,880826,41579,1483359,0.9686251422779056,0.9391591573380231,0.9982367599774412,0.9407197059993404,0.9412246717177732,0.9686251422779056,0.9549232712311837,0.372570674460755,0.0017632400225588197,0.75,1.25
HistoKit (no postprocessing),gaussian,7a951edf-c71d-16ea-3e52-69a0dd7b54e1_133148_6.png,7807012,2661204,0,50006,0.9968075903838284,0.993635498862291,1.0,0.993635498862291,0.9952457744284158,0.9968075903838285,1.0,0.981555836692842,0.0,0.75,1.25
HistoKit (no postprocessing),gaussian,00a8cbc5-e358-18d7-ac64-8f4f6e3173fd_135812_4.png,10647447,1412036,16333,238596,0.9881702508647054,0.9766171153884254,0.9984683667517522,0.9780823941261302,0.9792983213490015,0.9881702508647054,0.9885652797001335,0.8554517300040227,0.001531633248247807,0.75,1.25
HistoKit (no postprocessing),gaussian,c4a5bf6f-509c-e7c4-3751-4f823d57d1f3_145315_4.png,16467429,1070505,22593,7950728,0.8050922530675345,0.673769381054182,0.998629898735126,0.6743927889398041,0.687458692251714,0.8050922530675345,0.9793312219032512,0.11866504279403935,0.0013701012648739948,0.75,1.25
HistoKit (no postprocessing),gaussian,ec461d09-d9f6-ab63-cb21-aeb55b7abbf3_142116_2.png,39530133,1590142,92674,249301,0.9956931316334007,0.9914232024050497,0.9976610945307333,0.9937329173662953,0.9917521359791135,0.9956931316334006,0.9449292138891002,0.8644692985865831,0.002338905469266728,0.75,1.25
HistoKit (no postprocessing),gaussian,7a951edf-c71d-16ea-3e52-69a0dd7b54e1_133148_2.png,7966945,483415,22,333365,0.9795056664984557,0.9598344981863376,0.9999972385978253,0.9598370422309528,0.9620450133638867,0.9795056664984557,0.9999544925191907,0.5918545997698279,2.7614021747548347e-06,0.75,1.25
HistoKit (no postprocessing),gaussian,e04480a3-f748-c87a-3eb6-396b6ccbcb83_134430_1.png,63555116,679480,618260,112874,0.9942809278179959,0.9886268992202842,0.9903657865841435,0.9982271467970011,0.9887458510817935,0.9942809278179959,0.5235871592152511,0.8575459958553878,0.009634213415856446,0.75,1.25
HistoKit (no postprocessing),gaussian,dfdc8007-a219-a302-d10c-929e29813dc8_163630_1.png,3830707,375455,628,110402,0.9857149179846133,0.9718322150869021,0.9998360884652477,0.9719870726742142,0.9742818943424337,0.9857149179846134,0.998330155843258,0.7727685306581977,0.00016391153475224694,0.75,1.25
HistoKit (no postprocessing),gaussian,59481929-3828-f3c5-2452-07bdbf0def53_144939_1.png,25522333,887062,15105,106381,0.9976256568991156,0.9952625621012221,0.9994085154509235,0.9958491479517857,0.9954209586933808,0.9976256568991155,0.9832569801378237,0.8929168558236356,0.0005914845490765362,0.75,1.25
HistoKit (no postprocessing),gaussian,bb1fc306-b767-ee67-c337-445c06bd68ce_150126_2.png,27008956,9902709,306827,1171173,0.9733674076750014,0.9481166046663603,0.9887674096693476,0.9584397573197766,0.9615000547673442,0.9733674076750014,0.9699470181602768,0.8942400686588498,0.01123259033065243,0.75,1.25
HistoKit (no postprocessing),gaussian,d28668ca-fcc7-90f7-7049-f08e38cdd015_141933_2.png,11234021,784086,5207,258914,0.988381176045588,0.9770292452467538,0.999536711952102,0.9774718990405845,0.9784956768429962,0.988381176045588,0.993402956823385,0.7517603068072867,0.00046328804789795173,0.75,1.25
HistoKit (no postprocessing),gaussian,e04480a3-f748-c87a-3eb6-396b6ccbcb83_134430_2.png,14566362,671896,16967,39927,0.9980508823376859,0.996109348013876,0.9988365482257172,0.9972664514579986,0.9962802592612352,0.9980508823376859,0.9753695582430759,0.9439088087909494,0.001163451774282813,0.75,1.25
HistoKit (no postprocessing),gaussian,7ba3b133-6b39-da9f-5b13-68d3bea507d2_165139_3.png,14891631,561600,8847,2621636,0.9188466806288506,0.8498763904857599,0.9994062606582151,0.8503057139481742,0.8545385643679169,0.9188466806288504,0.9844911096035215,0.17642424250039895,0.0005937393417848743,0.75,1.25
HistoKit (no postprocessing),gaussian,015b92ff-7984-c969-27c5-4144ab20b802_144644_7.png,22070500,4776419,116901,795560,0.9797471497250788,0.9602983706059458,0.9947311990259697,0.9652078232979359,0.9671296332987264,0.9797471497250788,0.9761100847686234,0.8572212852919942,0.0052688009740302615,0.75,1.25
HistoKit (no postprocessing),gaussian,0584763b-507d-517f-59c7-4dbcdbe7ec5e_135202_6.png,12901473,556452,73770,18420,0.9964398719512421,0.9929050030003087,0.9943145573458624,0.9985742915982354,0.9931963677061043,0.9964398719512421,0.8829460095014138,0.967958084582307,0.0056854426541375755,0.75,1.25
HistoKit (no postprocessing),gaussian,e338d5a6-7427-4506-5755-323615d750be_135343_3.png,7662771,550635,6889,894195,0.9444688008462141,0.8947805631926277,0.9991017854768008,0.8955009287170242,0.9011372002163588,0.9444688008462142,0.9876435812628694,0.3811071198687735,0.0008982145231992031,0.75,1.25
HistoKit (no postprocessing),gaussian,e75d7a32-60ad-6f71-61b5-c428fc2cae22_164833_5.png,45218538,4941749,753323,79090,0.9908796136680463,0.9819240866491552,0.983613389068587,0.998253992460709,0.9836758398751194,0.9908796136680462,0.8677237091998135,0.9842476526333547,0.016386610931413022,0.75,1.25
HistoKit (no postprocessing),gaussian,110ff982-b33a-42d4-9522-02719d6987c7_164031_2.png,5843901,175613,5564,1068554,0.9158341378099847,0.8447361882064793,0.999048801898977,0.8454161365245777,0.8485799658059511,0.9158341378099847,0.9692897001274996,0.1411490579640836,0.0009511981010229141,0.75,1.25
HistoKit (no postprocessing),gaussian,bc7dd6a2-14aa-d481-064a-28427e54cce1_153909_1.png,22708285,492561,13368,2275369,0.9520234300137719,0.9084396133267395,0.9994116625229688,0.9089256919744406,0.9102089273096386,0.9520234300137719,0.9735773201378058,0.17795283840270526,0.0005883374770312706,0.75,1.25
HistoKit (no postprocessing),gaussian,31439255-cb2a-2a33-e39f-915211d58cf0_143129_8.png,7014568,4683633,395690,958219,0.9119869310659886,0.8382132137066278,0.9466023989987933,0.8798137966058794,0.8962689557473849,0.9119869310659886,0.9220978858796733,0.8301587847394791,0.053397601001206704,0.75,1.25
HistoKit (no postprocessing),gaussian,31439255-cb2a-2a33-e39f-915211d58cf0_143129_5.png,3881724,238380,3632,1585162,0.8301162437841108,0.709571561596178,0.9990652079243189,0.7100429751050232,0.7216986535755237,0.8301162437841109,0.9849924797117499,0.13072361371440855,0.0009347920756810959,0.75,1.25
HistoKit (no postprocessing),gaussian,091684ab-dffb-81d6-97c1-29bfeceeac37_154424_1.png,0,6267842,20721,0,0.0,0.0,0.0,,0.996704970595031,,0.996704970595031,1.0,1.0,0.75,1.25
HistoKit (no postprocessing),gaussian,dfdc8007-a219-a302-d10c-929e29813dc8_163630_4.png,1783879,706658,478,181921,0.9513623029649159,0.9072364131623301,0.9997321163870234,0.9074570149557432,0.9317608053466301,0.9513623029649158,0.9993240338492171,0.7952675001322336,0.0002678836129765512,0.75,1.25
HistoKit (no postprocessing),gaussian,e338d5a6-7427-4506-5755-323615d750be_135343_2.png,6369879,922218,120,55803,0.9956295409365082,0.9912971174648705,0.9999811616924901,0.9913156299984967,0.9923893783631509,0.9956295409365081,0.9998698958516292,0.9429429429429429,1.8838307509938386e-05,0.75,1.25
HistoKit (no postprocessing),gaussian,bc7dd6a2-14aa-d481-064a-28427e54cce1_153909_2.png,11678531,454706,8842,2366429,0.9076931345478857,0.8309873015145652,0.999243457019811,0.8315104492999624,0.836284268513344,0.9076931345478857,0.9809253842104809,0.1611783909667563,0.0007565429801889612,0.75,1.25
HistoKit (no postprocessing),gaussian,8a22c195-cd7e-901b-eb5d-b1439c8b19ac_152323_2.png,2679262,490493,11823,31246,0.9920266114088936,0.9841793668734625,0.9956066047709381,0.9884722716184567,0.9865946594024447,0.9920266114088937,0.9764630232761847,0.9401118183612879,0.004393395229061884,0.75,1.25
HistoKit (no postprocessing),gaussian,7ba3b133-6b39-da9f-5b13-68d3bea507d2_165139_2.png,10213259,5178326,73157,167744,0.9883439243187551,0.9769564460463586,0.9928879990853957,0.9838412531043484,0.9845897191272073,0.9883439243187551,0.9860692684333169,0.9686229323596586,0.00711200091460427,0.75,1.25
HistoKit (no postprocessing),gaussian,00a8cbc5-e358-18d7-ac64-8f4f6e3173fd_135812_3.png,6483593,2157675,2617,100438,0.9921152945840861,0.9843539536346864,0.9995965286353664,0.9847452115580865,0.9882146393723105,0.9921152945840861,0.998788589690653,0.9555212693076033,0.00040347136463358415,0.75,1.25
HistoKit (no postprocessing),gaussian,73f410c7-98a8-a0f8-02ae-aabdcdcb9cee_162913_1.png,14957063,3076225,39555,64569,0.9965313101196772,0.9930866006776226,0.9973624053103173,0.9957015988675532,0.9942591589141825,0.9965313101196772,0.9873049445082772,0.9794418226728655,0.0026375946896827003,0.75,1.25
HistoKit (no postprocessing),gaussian,d28668ca-fcc7-90f7-7049-f08e38cdd015_141933_3.png,1782010,1617024,23648,91763,0.9686334653374394,0.9391748062238164,0.9869033892353923,0.9510276858509542,0.9671609599808789,0.9686334653374393,0.9855863938678785,0.946299333971993,0.013096610764607695,0.75,1.25
HistoKit (no postprocessing),gaussian,098b4b43-88d6-52e4-6dfc-ff0d08e21e37_154649_1.png,38614218,1884656,136534,909552,0.9866356769320163,0.9736238532110092,0.9964766103119753,0.9769872155414324,0.9748203873586592,0.9866356769320163,0.9324487059603501,0.6744866523895143,0.003523389688024635,0.75,1.25
HistoKit (no postprocessing),gaussian,191c1954-41f1-2c63-fab4-33ae150d32f8_151532_2.png,28611001,439890,2741,1931357,0.9673051806998771,0.9366805784456617,0.9999042068667565,0.9367646401106293,0.937579516326438,0.967305180699877,0.9938074829824391,0.18550998693936144,9.579313324346044e-05,0.75,1.25
HistoKit (no postprocessing),gaussian,6c5eefac-6637-5ca1-aed4-decff7ee7c9b_152621_3.png,19391429,751861,133174,1332291,0.9635894146446797,0.9297371411102727,0.9931791698914442,0.935711783405682,0.9321818864622233,0.9635894146446797,0.8495268548701463,0.36075151908306113,0.006820830108555856,0.75,1.25
HistoKit (no postprocessing),gaussian,31439255-cb2a-2a33-e39f-915211d58cf0_143129_4.png,9502326,375925,37970,1546945,0.9230233933525654,0.8570505502676455,0.9960200396297977,0.8599957408954854,0.8617384586422285,0.9230233933525654,0.908261757208954,0.19550203601907565,0.00397996037020235,0.75,1.25
HistoKit (no postprocessing),gaussian,8a22c195-cd7e-901b-eb5d-b1439c8b19ac_152323_1.png,13758744,4731060,163689,269255,0.9845102930788333,0.9694931286538994,0.9882427877368848,0.9808058868552814,0.9771204478334754,0.9845102930788333,0.9665582443553286,0.9461523923992788,0.011757212263115218,0.75,1.25
HistoKit (no postprocessing),gaussian,d89a4519-168e-fe8e-eec5-c3f8080d7609_170312_3.png,19068840,4587460,41138,2730139,0.9322574515893916,0.8731107072365959,0.9978473025976272,0.8747584003819628,0.8951369245844975,0.9322574515893914,0.9911122115163166,0.6269078149813894,0.002152697402372729,0.75,1.25
HistoKit (no postprocessing),gaussian,bb1fc306-b767-ee67-c337-445c06bd68ce_150126_1.png,27461767,4537500,758242,150091,0.9837309219840347,0.9679827353446058,0.9731310503834354,0.9945642556904356,0.9723974704931384,0.9837309219840347,0.8568204417813405,0.9679812082581437,0.026868949616564615,0.75,1.25
HistoKit (no postprocessing),gaussian,bb1fc306-b767-ee67-c337-445c06bd68ce_150126_3.png,30900484,1735081,143463,4296112,0.9329779799661364,0.8743755634363825,0.9953787126359931,0.8779395598369797,0.880254666604091,0.9329779799661364,0.923630748068717,0.2876845426767142,0.004621287364006903,0.75,1.25
HistoKit (no postprocessing),gaussian,e338d5a6-7427-4506-5755-323615d750be_135343_5.png,4550345,149142,41228,232226,0.9708289098183258,0.9433114854080777,0.9910209420605967,0.9514432718301516,0.9450116138518434,0.9708289098183257,0.783432263486894,0.3910710914392398,0.008979057939403337,0.75,1.25
HistoKit (no postprocessing),gaussian,745e05db-827a-cff7-7148-db0494ae96fc_133425_4.png,24711809,4722640,127393,1010126,0.9775021079925477,0.9559942525391762,0.9948712925640687,0.9607290042525961,0.9627920911077756,0.9775021079925478,0.9737335807818215,0.8237977967354677,0.005128707435931315,0.75,1.25
HistoKit (no postprocessing),gaussian,e0661871-0847-f23e-2d1f-8518496574c0_141209_2.png,42730926,3077368,118169,639315,0.9912144533332987,0.9825819338991699,0.997242205465483,0.9852591319471801,0.9837330324428382,0.9912144533332986,0.9630206128109298,0.8279877514439623,0.0027577945345170067,0.75,1.25
HistoKit (no postprocessing),gaussian,1d49a2ac-7490-df96-fb85-41e83b5a5b35_151838_3.png,0,6147037,42398,0,0.0,0.0,0.0,,0.9931499401803234,,0.9931499401803234,1.0,1.0,0.25,2.25
HistoKit (no postprocessing),gaussian,1cfd19dd-0b58-a07f-0753-c0e3d9e98b9b_133722_2.png,19866048,766227,1381,4379894,0.9006814736511521,0.819308919174294,0.9999304892444815,0.8193555853593975,0.8248439345874536,0.9006814736511521,0.998200904628404,0.14889408935390364,6.95107555184921e-05,0.75,1.25
HistoKit (no postprocessing),gaussian,538ad0bc-9add-9e27-6ee9-4f1bdd825510_142716_4.png,0,6987044,2932,0,0.0,0.0,0.0,,0.9995805421935641,,0.9995805421935641,1.0,1.0,0.25,2.25
HistoKit (no postprocessing),gaussian,d28668ca-fcc7-90f7-7049-f08e38cdd015_141933_1.png,23130467,3882485,27607,84525,0.9975819584583862,0.9951755825585599,0.9988078887734791,0.9963590338519177,0.9958661141841993,0.9975819584583863,0.9929395523174391,0.9786930206881254,0.0011921112265208238,0.75,1.25
HistoKit (no postprocessing),gaussian,dfdc8007-a219-a302-d10c-929e29813dc8_163630_5.png,11880763,378136,1443,162238,0.9931586380840927,0.9864102485760239,0.9998785579041467,0.986528440876157,0.9868239125849864,0.9931586380840927,0.9961984198282834,0.6997671982737882,0.00012144209585324476,0.75,1.25
HistoKit (no postprocessing),gaussian,110ff982-b33a-42d4-9522-02719d6987c7_164031_4.png,11651982,434969,14908,3201794,0.8787096070664289,0.7836592666842607,0.9987221958893929,0.7844457867144354,0.789808224219407,0.8787096070664289,0.9668620534057086,0.11960333956323246,0.0012778041106070255,0.25,2.25
HistoKit (no postprocessing),gaussian,4adc5212-3bb5-0299-1727-5490f70e71c6_162331_3.png,4426980,235968,6330,1043778,0.8939720526959225,0.8082725711180831,0.9985721729362486,0.8092077916807872,0.8161915444203592,0.8939720526959225,0.9738751454820097,0.1843865892137971,0.0014278270637514633,0.25,2.25
HistoKit (no postprocessing),gaussian,a796f488-e06e-b9c5-67ad-c084c09ace36_143658_2.png,39267395,3114646,3465,2070574,0.9742703246563723,0.9498314693196177,0.9999117666381637,0.9499110853752878,0.9533463364291228,0.9742703246563723,0.9988887502722,0.6006776954497591,8.823336183623175e-05,0.75,1.25
HistoKit (no postprocessing),gaussian,4adc5212-3bb5-0299-1727-5490f70e71c6_162331_1.png,6113195,581151,49165,2935107,0.8038039370015585,0.6719667133719749,0.9920217254428498,0.6756179225671292,0.6916634172358078,0.8038039370015586,0.9219994415499527,0.16527541494395462,0.007978274557150182,0.25,2.25
HistoKit (no postprocessing),gaussian,dfdc8007-a219-a302-d10c-929e29813dc8_163630_7.png,2206805,426310,35970,179475,0.9534581032197716,0.9110558365156363,0.9839618329970684,0.9247887925976834,0.9243670486140365,0.9534581032197715,0.9221900147096997,0.7037315219095884,0.016038167002931637,0.25,2.25
HistoKit (no postprocessing),gaussian,745e05db-827a-cff7-7148-db0494ae96fc_133425_2.png,28681454,4373870,132859,234603,0.9936348580478525,0.9873502336541577,0.9953891317832217,0.9918867568977333,0.9890056442332485,0.9936348580478525,0.9705198604131733,0.949093116092901,0.004610868216778238,0.75,1.25
HistoKit (no postprocessing),gaussian,34677a0d-5045-a6c6-f661-b69bd9d6f859_140044_2.png,23261969,1121837,62864,53337,0.9975085623136758,0.9950295082976982,0.9973048467270913,0.9977123611416466,0.9952571033959297,0.9975085623136758,0.9469368220335764,0.9546135295709401,0.002695153272908749,0.25,2.25
HistoKit (no postprocessing),gaussian,015b92ff-7984-c969-27c5-4144ab20b802_144644_8.png,19118168,4876568,74512,1454068,0.9615595818183044,0.9259650962950678,0.996117686534658,0.9293189131215489,0.9401104464639313,0.9615595818183045,0.9849503542661399,0.7703124930891619,0.003882313465341995,0.25,2.25
HistoKit (no postprocessing),gaussian,745e05db-827a-cff7-7148-db0494ae96fc_133425_3.png,48916678,5096829,389993,665140,0.9893300725830688,0.9788854360311257,0.9920904617551649,0.9865850017843234,0.9808396757210638,0.9893300725830687,0.9289218786394018,0.8845637663097459,0.007909538244835064,0.75,1.25
HistoKit (no postprocessing),gaussian,91e6ffad-da04-5736-d731-feb79e91105c_134712_2.png,6739857,189399,2079,965909,0.9330005560745923,0.8744152224130091,0.9996916316025545,0.874651137862219,0.8774271125471114,0.9330005560745923,0.9891423557797763,0.16393810135479023,0.00030836839744548153,0.25,2.25
HistoKit (no postprocessing),gaussian,59481929-3828-f3c5-2452-07bdbf0def53_144939_2.png,22491491,2395612,4835,319102,0.9928501648942405,0.9858018442608221,0.9997850760164126,0.9860107977026288,0.987150986234602,0.9928501648942405,0.9979857918129416,0.8824546526816452,0.00021492398358736444,0.25,2.25
HistoKit (no postprocessing),gaussian,2f6f5632-66e3-03e5-2957-29197ae74c65_142917_2.png,23358414,1060888,14995,297037,0.9933650953903624,0.9868176543864023,0.9993584590078409,0.9874431901551993,0.9873831310514831,0.9933650953903623,0.9860626108972815,0.781256696798424,0.0006415409921590813,0.25,2.25
HistoKit (no postprocessing),gaussian,8a22c195-cd7e-901b-eb5d-b1439c8b19ac_152323_3.png,3875987,452975,91794,3053,0.98791268464006,0.9761140858570265,0.976865154604047,0.9992129495957762,0.9785598790544529,0.98791268464006,0.831499222606279,0.9933052356434254,0.023134845395953053,0.25,2.25
HistoKit (no postprocessing),gaussian,654bcee2-3394-aaf6-25f2-380d7ca46c60_144121_7.png,5290853,321883,19,469083,0.9575504343211827,0.9185580442902765,0.9999964089095332,0.9185610742897143,0.9228683828803069,0.9575504343211826,0.9999409758249405,0.4069492241132994,3.5910904667510384e-06,0.25,2.25
HistoKit (no postprocessing),gaussian,8b8e8141-b9e0-9b57-cdad-61702acf8a5e_150400_2.png,14415719,502669,7189,1857323,0.9392586969942289,0.8854738609052906,0.9995015568289003,0.8858650398616312,0.8889040630641903,0.9392586969942288,0.9858999956850731,0.2129960610035966,0.0004984431710997533,0.25,2.25
HistoKit (no postprocessing),gaussian,8b8e8141-b9e0-9b57-cdad-61702acf8a5e_150400_5.png,2314771,227522,15,1613278,0.7415768637165646,0.5892905512741137,0.9999935199193359,0.5892928015918335,0.6117772559634189,0.7415768637165646,0.9999340766556648,0.12359952194697957,6.480080664044106e-06,0.25,2.25
HistoKit (no postprocessing),gaussian,1cfd19dd-0b58-a07f-0753-c0e3d9e98b9b_133722_4.png,19338297,749321,3202,5038668,0.8846741276180242,0.7931978890874701,0.9998344492327094,0.793302078417063,0.799364396122993,0.8846741276180242,0.9957449805520895,0.12946137250779158,0.00016555076729058075,0.25,2.25
HistoKit (no postprocessing),gaussian,6875bf3f-1b6d-1a53-f365-0d72c060072a_140344_1.png,22436950,514055,7955,2713912,0.9428128345951438,0.8918125999326598,0.999645576579629,0.8920946725404482,0.8939788660964773,0.9428128345951438,0.9847608283366219,0.1592503888670485,0.00035442342037090375,0.25,2.25
HistoKit (no postprocessing),gaussian,3c8a2c44-1287-eab9-5fb8-1902a0075b0d_153549_11.png,12767561,2018537,55920,70768,0.9950631697452362,0.9901748446148356,0.995639249592213,0.994487756155805,0.9915047396241051,0.9950631697452362,0.9730435482634733,0.9661284494126037,0.00436075040778709,0.25,2.25
HistoKit (no postprocessing),gaussian,c282e7fa-bbd4-0343-5231-dcd676a3dd4f_140949_1.png,4337494,5031265,2273421,180147,0.7795250345148104,0.6387062877647119,0.6561109922000207,0.9601236574575094,0.792463192736929,0.7795250345148104,0.6887722483895954,0.9654322091594371,0.3438890077999793,0.25,2.25
HistoKit (no postprocessing),gaussian,bffc0a6a-719c-940b-52f7-9a2879514091_151206_1.png,28956264,857195,50954,251087,0.9948115908923074,0.9896767430649178,0.9982434027282451,0.9914032943281984,0.9899705799339211,0.9948115908923073,0.9438924669850433,0.7734448452650138,0.0017565972717549128,0.25,2.25
HistoKit (no postprocessing),gaussian,b3ac8263-eb4f-ecee-6126-3ea976dfb769_143901_2.png,36830049,4745664,201625,361054,0.9924190521731624,0.9849521810764916,0.9945553366018506,0.9902919254640015,0.9866468801182542,0.9924190521731625,0.9592453563962,0.9292982302919409,0.005444663398149379,0.25,2.25
HistoKit (no postprocessing),gaussian,cfd234aa-a9c1-9363-1732-dc841509f243_163200_1.png,8093130,1819307,15552,3001851,0.8428735705266229,0.728419599671771,0.9980820557520939,0.7294406362660738,0.7666326110763938,0.8428735705266229,0.9915241443620464,0.3773589249719673,0.001917944247906133,0.25,2.25
HistoKit (no postprocessing),gaussian,997c9bdf-d489-63a3-9c13-1b5273502c59_152111_4.png,4645253,2715915,102973,73350,0.9813746503713123,0.9634304219201356,0.9783133743002124,0.9844551448808048,0.9766072025823977,0.9813746503713123,0.9634703471723601,0.9737027496491011,0.021686625699787666,0.25,2.25
HistoKit (no postprocessing),gaussian,7a951edf-c71d-16ea-3e52-69a0dd7b54e1_133148_4.png,10252339,1820908,662,341397,0.9835917246905355,0.9677132197601034,0.9999354335379466,0.967773691925115,0.9724486049719596,0.9835917246905356,0.9996365772383164,0.8421143178228788,6.45664620534027e-05,0.25,2.25
HistoKit (no postprocessing),gaussian,654bcee2-3394-aaf6-25f2-380d7ca46c60_144121_5.png,6856301,493082,3264,574677,0.9595577998680666,0.9222595928408034,0.9995241680777134,0.9226646882819461,0.9270950701649131,0.9595577998680667,0.9934239421693738,0.4617914716710419,0.0004758319222866173,0.25,2.25
HistoKit (no postprocessing),gaussian,1cfd19dd-0b58-a07f-0753-c0e3d9e98b9b_133722_1.png,19221276,1039332,6572,4223795,0.9008653005434196,0.8196131929860948,0.9996582040798325,0.8198429426807878,0.8272683304768389,0.9008653005434196,0.993716440514617,0.19747423917378396,0.00034179592016745714,0.25,2.25
HistoKit (no postprocessing),gaussian,997c9bdf-d489-63a3-9c13-1b5273502c59_152111_3.png,16994600,522028,133587,215289,0.9898399665723846,0.9798843092353574,0.9922007507274413,0.9874903899728813,0.9804720874373317,0.9898399665723846,0.7962416967275001,0.708010258816764,0.007799249272558736,0.25,2.25
HistoKit (no postprocessing),gaussian,8a46ca7f-3853-419d-26c8-1bf78b04ebee_163832_3.png,7082934,125825,13952,199027,0.9851880335050509,0.9708084512520914,0.9980340673360119,0.9726684886117901,0.9713033523953554,0.9851880335050508,0.900183864298132,0.3873302303818354,0.001965932663988121,0.25,2.25
HistoKit (no postprocessing),gaussian,e338d5a6-7427-4506-5755-323615d750be_135343_4.png,13092543,1596064,142370,374444,0.9806450477306858,0.9620250978793488,0.9892428457973241,0.9721954138665166,0.9660112008736884,0.9806450477306858,0.9181044549289763,0.8099759046905671,0.010757154202675907,0.25,2.25
HistoKit (no postprocessing),gaussian,a796f488-e06e-b9c5-67ad-c084c09ace36_143658_1.png,27892128,3670899,513246,970832,0.9740855391393086,0.9494802698483256,0.9819313767880683,0.9663640873978275,0.9550920421017212,0.9740855391393086,0.8773355129901091,0.7908469922104491,0.01806862321193166,0.25,2.25
HistoKit (no postprocessing),gaussian,e0661871-0847-f23e-2d1f-8518496574c0_141209_1.png,30396210,2854447,331719,515551,0.9862544733758395,0.9728817020383133,0.989204641809736,0.9833218495704596,0.975151861871251,0.9862544733758395,0.8958877221086409,0.8470174166275469,0.010795358190263978,0.25,2.25
HistoKit (no postprocessing),gaussian,110ff982-b33a-42d4-9522-02719d6987c7_164031_1.png,19520639,652061,6445,1975285,0.9516922308573764,0.9078366667412321,0.9996699455996605,0.9081088582188884,0.910549267121745,0.9516922308573764,0.9902126935821389,0.24818238633206285,0.00033005440033954893,0.25,2.25
HistoKit (no postprocessing),gaussian,191c1954-41f1-2c63-fab4-33ae150d32f8_151532_1.png,36861940,1496473,34781,4764614,0.9388793322744117,0.8847997789797183,0.9990573417079529,0.8855390720067772,0.8887942826011923,0.9388793322744116,0.9772859368857159,0.23901169237865566,0.0009426582920471443,0.25,2.25
HistoKit (no postprocessing),gaussian,75867af4-ee91-110d-5a8d-03a78d8d262a_171204_2.png,18321576,408834,22243,2688065,0.9311291052934101,0.8711333706481074,0.998787438973313,0.8720556434067579,0.8735906138964189,0.93112910529341,0.9484013296928391,0.1320139920610908,0.001212561026686973,0.25,2.25
HistoKit (no postprocessing),gaussian,8b8e8141-b9e0-9b57-cdad-61702acf8a5e_150400_3.png,1944078,599534,1332,4926736,0.44102282337653853,0.2828924181762145,0.999315311425355,0.28294726068847154,0.34043374448584524,0.4410228233765385,0.9977831995819367,0.10848800366250654,0.0006846885746449334,0.25,2.25
HistoKit (no postprocessing),gaussian,6c5eefac-6637-5ca1-aed4-decff7ee7c9b_152621_4.png,8123834,813739,1996,2563307,0.8636417926759149,0.7600084085366293,0.9997543635542462,0.7601503526527815,0.7769859468188651,0.863641792675915,0.997553126934605,0.2409617754688565,0.0002456364457538491,0.25,2.25
HistoKit (no postprocessing),gaussian,538ad0bc-9add-9e27-6ee9-4f1bdd825510_142716_3.png,0,6843337,1736,0,0.0,0.0,0.0,,0.999746386926772,,0.999746386926772,1.0,1.0,0.25,2.25
HistoKit (no postprocessing),gaussian,bffc0a6a-719c-940b-52f7-9a2879514091_151206_2.png,59127007,8763126,292185,1265866,0.986995875582313,0.9743256239451893,0.9950826493904529,0.9790394803704735,0.9775652737010373,0.986995875582313,0.9677333003802961,0.8737793389405436,0.0049173506095471645,0.25,2.25
HistoKit (no postprocessing),gaussian,22c86e01-80fd-7f77-3526-d5f72a54b219_141444_4.png,4580701,241363,15491,518642,0.9449093835461375,0.8955717819972261,0.996629601200298,0.8982923878625149,0.9002775663404464,0.9449093835461374,0.9396894733973385,0.3175808053894382,0.0033703987997020144,0.25,2.25
HistoKit (no postprocessing),gaussian,654bcee2-3394-aaf6-25f2-380d7ca46c60_144121_3.png,6397015,1858947,3383,625330,0.953160617021424,0.9105127610974977,0.9994714391198797,0.9109513987136776,0.9292362410555254,0.9531606170214241,0.9981834583559305,0.7482849134778449,0.0005285608801202675,0.25,2.25
HistoKit (no postprocessing),gaussian,22c86e01-80fd-7f77-3526-d5f72a54b219_141444_1.png,35039576,811996,47976,1620402,0.9767465444455021,0.9545499593902728,0.9986326774806062,0.9557991551440648,0.9555335761374949,0.9767465444455022,0.9442121371393487,0.33382530326040394,0.0013673225193937724,0.25,2.25
HistoKit (no postprocessing),gaussian,778d67ae-3cb9-eeb7-6fac-a66f6e936029_142330_2.png,10827664,467249,52692,2096539,0.9097134712724567,0.8343801810833793,0.9951571437552227,0.8377819506549069,0.8401362704832677,0.9097134712724566,0.8986577323196285,0.18224946836477898,0.004842856244777285,0.25,2.25
HistoKit (no postprocessing),gaussian,015b92ff-7984-c969-27c5-4144ab20b802_144644_9.png,1136348,9400819,4215,40206,0.9808291942098737,0.9623796017680003,0.9963044566586853,0.9658273228428105,0.9958020478589792,0.9808291942098739,0.9995518357509393,0.9957413522366481,0.003695543341314772,0.25,2.25
HistoKit (no postprocessing),gaussian,d89a4519-168e-fe8e-eec5-c3f8080d7609_170312_2.png,22251540,511301,38379,2315260,0.94976944501812,0.9043437562474144,0.99827819024376,0.905756549489555,0.9062910487456841,0.94976944501812,0.9301793770921263,0.18089154983741726,0.0017218097562400295,0.25,2.25
HistoKit (no postprocessing),gaussian,4adc5212-3bb5-0299-1727-5490f70e71c6_162331_2.png,5592840,922990,6889,2344540,0.8262975499421626,0.7040093934382131,0.9987697618938345,0.704620416308656,0.7348189558915557,0.8262975499421626,0.992591509217866,0.28247330552435634,0.0012302381061654948,0.25,2.25
HistoKit (no postprocessing),gaussian,cfd234aa-a9c1-9363-1732-dc841509f243_163200_2.png,13554790,1899838,1063758,1952179,0.8998876268247944,0.8179960963692179,0.9272323078872129,0.8741095697037893,0.8367165812199031,0.8998876268247944,0.6410583628807706,0.4932060268685211,0.07276769211278712,0.25,2.25
HistoKit (no postprocessing),gaussian,31439255-cb2a-2a33-e39f-915211d58cf0_143129_7.png,8206788,1968758,1639181,1402433,0.8436605347981695,0.7295959017111942,0.8335175542397096,0.8540534139031666,0.7698738609504614,0.8436605347981696,0.5456738597853235,0.5839947959044741,0.16648244576029034,0.25,2.25
HistoKit (no postprocessing),gaussian,110ff982-b33a-42d4-9522-02719d6987c7_164031_3.png,5371669,209022,2738,562823,0.9499897381699138,0.9047432893790539,0.9994905484456239,0.9051607113127796,0.9079827836541684,0.9499897381699139,0.9870702682281829,0.27080825813472914,0.0005094515543761386,0.25,2.25
HistoKit (no postprocessing),gaussian,dfdc8007-a219-a302-d10c-929e29813dc8_163630_6.png,2525161,233897,5004,45654,0.9900689671396476,0.9803332454648405,0.9980222633701754,0.9822414292743741,0.981970419786199,0.9900689671396476,0.9790540851649847,0.8366881177316482,0.001977736629824537,0.25,2.25
HistoKit (no postprocessing),gaussian,dad7b6f2-9f0b-8c2a-a00e-ff89c406e2d2_171435_2.png,6546193,1395885,29721,128289,0.988075073378939,0.9764312029334434,0.9954803241039952,0.9807791825642799,0.9804928045226176,0.988075073378939,0.9791520237709437,0.9158304760480103,0.004519675896004723,0.25,2.25
HistoKit (no postprocessing),gaussian,e04480a3-f748-c87a-3eb6-396b6ccbcb83_134430_3.png,25379544,1484083,43424,248723,0.9942773764434886,0.9886198770466659,0.9982919382190152,0.9902949739051805,0.9892418091268546,0.9942773764434886,0.9715719797028753,0.8564622929514325,0.0017080617809848166,0.25,2.25
HistoKit (no postprocessing),gaussian,191c1954-41f1-2c63-fab4-33ae150d32f8_151532_3.png,48797566,587289,3149,4207668,0.9586387923165473,0.9205631871472103,0.9999354722569126,0.9206178770949299,0.9214336374026619,0.9586387923165473,0.9946666711830878,0.12248055613428858,6.452774308737074e-05,0.25,2.25
HistoKit (no postprocessing),gaussian,22c86e01-80fd-7f77-3526-d5f72a54b219_141444_2.png,30411589,558506,54056,497648,0.9910109155077479,0.9821819985361376,0.9982256735414595,0.983899699627008,0.9824976994491971,0.9910109155077479,0.9117542387546077,0.5288111392846119,0.0017743264585404314,0.25,2.25
HistoKit (no postprocessing),gaussian,75867af4-ee91-110d-5a8d-03a78d8d262a_171204_5.png,7995555,145008,814,2221467,0.8779864221879385,0.7825096233683922,0.9998982037972485,0.7825719666650419,0.7855529814016307,0.8779864221879385,0.9944178519016335,0.061275948404272175,0.00010179620275152385,0.25,2.25
HistoKit (no postprocessing),gaussian,2f6f5632-66e3-03e5-2957-29197ae74c65_142917_4.png,4161292,458064,3545,40991,0.9946772605149681,0.9894108841350621,0.9991488262325753,0.99024554034081,0.9904508938028582,0.9946772605149681,0.9923203403746461,0.9178627606175672,0.0008511737674247516,0.25,2.25
HistoKit (no postprocessing),gaussian,6520c4c0-cf13-4bc7-106a-ea8d45dc1109_165944_1.png,0,8357463,6537777,0,0.0,0.0,0.0,,0.5610828022912018,,0.5610828022912018,1.0,1.0,0.25,2.25
HistoKit (no postprocessing),gaussian,098b4b43-88d6-52e4-6dfc-ff0d08e21e37_154649_2.png,44733074,712200,38568,400858,0.9951123608865452,0.9902722674193369,0.9991385618602061,0.9911184782216625,0.9904232565539276,0.9951123608865452,0.9486286043091874,0.6398588393417055,0.0008614381397939347,0.25,2.25
HistoKit (no postprocessing),gaussian,00a8cbc5-e358-18d7-ac64-8f4f6e3173fd_135812_5.png,5777795,2986830,21487,118064,0.9880676085906104,0.9764166232631994,0.9962948861600454,0.9799750977762528,0.9843274661237603,0.9880676085906104,0.9928574681458104,0.9619748693514175,0.0037051138399546704,0.25,2.25
HistoKit (no postprocessing),gaussian,6875bf3f-1b6d-1a53-f365-0d72c060072a_140344_4.png,9672679,318116,21405,878410,0.9555540967716107,0.9148909424777162,0.9977919522876014,0.9167469822309336,0.9173769880658659,0.9555540967716106,0.9369552987885874,0.2658663497491906,0.0022080477123986135,0.25,2.25
HistoKit (no postprocessing),gaussian,ec461d09-d9f6-ab63-cb21-aeb55b7abbf3_142116_1.png,35858112,1672748,119367,143617,0.9963463893628838,0.9927193792790784,0.9966821744236165,0.9960108304798361,0.9930416181005562,0.9963463893628838,0.9333932253231517,0.9209316409422115,0.0033178255763834925,0.25,2.25
HistoKit (no postprocessing),gaussian,8b8e8141-b9e0-9b57-cdad-61702acf8a5e_150400_1.png,4635317,219729,12026,623532,0.9358423499160928,0.8794207792823772,0.9974122848259748,0.8814318494408186,0.8842462505035876,0.9358423499160928,0.9481089944122025,0.2605705706774059,0.0025877151740252443,0.25,2.25
HistoKit (no postprocessing),gaussian,0584763b-507d-517f-59c7-4dbcdbe7ec5e_135202_1.png,7372096,1058735,13143,58659,0.99515375073721,0.9903542471968315,0.9982203690361273,0.99210591655895,0.9915553217456287,0.99515375073721,0.9877383433562402,0.9475037453217039,0.0017796309638726654,0.25,2.25
HistoKit (no postprocessing),gaussian,8a46ca7f-3853-419d-26c8-1bf78b04ebee_163832_4.png,23949860,722080,7342,519593,0.989118905693569,0.9784720589439917,0.9996935368328906,0.9787656471111145,0.979088947423248,0.989118905693569,0.9899344960804582,0.5815379733633573,0.0003064631671094145,0.25,2.25
HistoKit (no postprocessing),gaussian,34677a0d-5045-a6c6-f661-b69bd9d6f859_140044_1.png,7126304,157452,43565,74007,0.9918183349129934,0.983769462646793,0.9939238778281723,0.989721693965719,0.984114742651589,0.9918183349129933,0.7832770362705642,0.6802587067255972,0.006076122171827686,0.25,2.25
HistoKit (no postprocessing),gaussian,654bcee2-3394-aaf6-25f2-380d7ca46c60_144121_6.png,2352872,687603,472,585753,0.8892236519148166,0.8005424795438871,0.9997994343368415,0.800671062146412,0.8383585628808559,0.8892236519148167,0.9993140282672673,0.5399927435846692,0.00020056566315846728,0.25,2.25
HistoKit (no postprocessing),gaussian,302e8390-e88c-6502-e08e-b8e893212016_162708_2.png,47725680,2328406,35801,1451463,0.984657673704962,0.9697790077342253,0.9992504210662981,0.9704850076386097,0.9711442560196812,0.984657673704962,0.984857078927522,0.6160017714899644,0.0007495789337018256,0.25,2.25
HistoKit (no postprocessing),gaussian,cfd234aa-a9c1-9363-1732-dc841509f243_163200_4.png,14213013,5437406,968205,3249235,0.8708029349579484,0.771170030383952,0.9362234966917674,0.8139280234709758,0.8233004476857351,0.8708029349579484,0.8488504843644111,0.6259503529615187,0.06377650330823258,0.25,2.25
HistoKit (no postprocessing),gaussian,745e05db-827a-cff7-7148-db0494ae96fc_133425_1.png,34960432,2376994,78472,302214,0.994584955808229,0.9892282411665642,0.9977604322326977,0.9914296278277018,0.989907077003218,0.9945849558082289,0.9680419113927865,0.8872002472372432,0.0022395677673023107,0.25,2.25
HistoKit (no postprocessing),gaussian,73f410c7-98a8-a0f8-02ae-aabdcdcb9cee_162913_2.png,17019846,1358017,29650,35398,0.9980926991380084,0.9961926600188448,0.9982609456607984,0.9979245093180725,0.9964730079758016,0.9980926991380084,0.978633202346096,0.9745962258193,0.0017390543392015812,0.25,2.25
HistoKit (no postprocessing),gaussian,7530b966-b7ee-7dd8-6676-04339b0c22b7_154932_1.png,16909296,454415,220942,758172,0.9718626854310454,0.945265454000663,0.9871022223976106,0.9570865502628899,0.9466214173661909,0.9718626854310453,0.6728515437020717,0.3747483685706675,0.012897777602389412,0.25,2.25
HistoKit (no postprocessing),gaussian,cfd234aa-a9c1-9363-1732-dc841509f243_163200_3.png,10580513,859850,31767,5797694,0.7840179393576707,0.6447611068731736,0.9970065810551549,0.6460116788119725,0.6624481523378583,0.7840179393576707,0.964371473401696,0.1291542346547015,0.0029934189448450285,0.25,2.25
HistoKit (no postprocessing),gaussian,91e6ffad-da04-5736-d731-feb79e91105c_134712_4.png,7995242,306861,33655,1719730,0.9011836144642411,0.820140313092295,0.995808266066933,0.822981476426283,0.8256290495299681,0.9011836144642411,0.901164702980183,0.1514173308773206,0.00419173393306702,0.25,2.25
HistoKit (no postprocessing),gaussian,75867af4-ee91-110d-5a8d-03a78d8d262a_171204_3.png,17451366,315036,29822,4236001,0.8910906210351646,0.8035738879465478,0.9982940518687861,0.8046788713447788,0.8063825600909577,0.8910906210351646,0.913523827198441,0.0692229045819667,0.0017059481312139656,0.25,2.25
HistoKit (no postprocessing),gaussian,778d67ae-3cb9-eeb7-6fac-a66f6e936029_142330_1.png,16679997,347586,63735,1801530,0.947047514966462,0.8994209410468291,0.9961935009471007,0.9025226649291479,0.901271369991438,0.947047514966462,0.8450480281823685,0.16173440614652723,0.003806499052899318,0.25,2.25
HistoKit (no postprocessing),gaussian,22c86e01-80fd-7f77-3526-d5f72a54b219_141444_3.png,15690122,743662,32752,795599,0.9742816785395327,0.949853052397761,0.9979169202780611,0.9517401149758631,0.9520134096970044,0.9742816785395326,0.9578163196439013,0.48312924188945217,0.002083079721938877,0.25,2.25
HistoKit (no postprocessing),gaussian,e7510405-61bb-4166-6cb6-90d49adffbe4_135053_1.png,7506635,425873,1142720,23820,0.9279015019335827,0.8655002349197382,0.867883790178574,0.9968368445200191,0.8717953790330593,0.9279015019335827,0.271500000318757,0.9470305297169402,0.132116209821426,0.25,2.25
HistoKit (no postprocessing),gaussian,91e6ffad-da04-5736-d731-feb79e91105c_134712_1.png,82005269,3034467,122684,3769360,0.9768196298494087,0.9546895721871999,0.9985061846117119,0.9560550707832266,0.9562356224062984,0.9768196298494087,0.9611409147044281,0.4459941441779751,0.0014938153882880778,0.25,2.25
HistoKit (no postprocessing),gaussian,e0661871-0847-f23e-2d1f-8518496574c0_141209_3.png,42633453,1701193,78860,109832,0.9977919293245131,0.9955935883174465,0.9981536939945163,0.9974304267910152,0.9957619529784582,0.9977919293245131,0.9556979483195164,0.9393536809265471,0.0018463060054837114,0.25,2.25
HistoKit (no postprocessing),gaussian,6875bf3f-1b6d-1a53-f365-0d72c060072a_140344_3.png,7632676,628256,12416,1082908,0.9330514215916261,0.8745045829514208,0.9983759515255016,0.8757503800089587,0.8829313776792769,0.9330514215916261,0.9806203486339343,0.36715124909126184,0.0016240484744984103,0.25,2.25
HistoKit (no postprocessing),gaussian,bc7dd6a2-14aa-d481-064a-28427e54cce1_153909_3.png,23779329,1329642,221427,2183582,0.9518648421061648,0.908150857203264,0.9907741656137832,0.9158961027135979,0.912589563560052,0.951864842106165,0.8572423277107595,0.37846775497377905,0.009225834386216835,0.25,2.25
HistoKit (no postprocessing),gaussian,c4a5bf6f-509c-e7c4-3751-4f823d57d1f3_145315_3.png,21750037,1126368,83974,2636246,0.9411466313909643,0.8888356587346018,0.9961539819687734,0.8918963582928977,0.8937273957015818,0.9411466313909643,0.9306196099945304,0.299357840054813,0.0038460180312266034,0.25,2.25
HistoKit (no postprocessing),gaussian,dad7b6f2-9f0b-8c2a-a00e-ff89c406e2d2_171435_1.png,23697846,1067899,30332,96759,0.9973256827151726,0.994665631224964,0.9987216886184855,0.995933574018144,0.9948944748601566,0.9973256827151725,0.9723810382333042,0.9169206754257473,0.0012783113815144171,0.25,2.25
HistoKit (no postprocessing),gaussian,00a8cbc5-e358-18d7-ac64-8f4f6e3173fd_135812_2.png,8451061,5782328,125541,231630,0.9793055833747072,0.9594503187472809,0.9853623847766283,0.9733227866798438,0.9755204049741751,0.9793055833747072,0.9787502058694937,0.9614845996596584,0.01463761522337168,0.25,2.25
HistoKit (no postprocessing),gaussian,778d67ae-3cb9-eeb7-6fac-a66f6e936029_142330_3.png,18036383,627276,9300,2402681,0.9373263126817489,0.8820452824490018,0.9994846412851207,0.8824466228003396,0.8855559783712381,0.9373263126817489,0.9853905896546524,0.20702472015279424,0.0005153587148793426,0.25,2.25
HistoKit (no postprocessing),gaussian,0584763b-507d-517f-59c7-4dbcdbe7ec5e_135202_2.png,16990064,1477060,73518,162119,0.9931132038111672,0.9863206147604675,0.9956915259644781,0.9905482001911943,0.9874009511216018,0.9931132038111672,0.9525867128257979,0.9010974396328894,0.004308474035521967,0.25,2.25
HistoKit (no postprocessing),gaussian,7a951edf-c71d-16ea-3e52-69a0dd7b54e1_133148_1.png,12542326,2860340,398,409356,0.983927689862631,0.9683638458070055,0.9999682684558793,0.9683936032401043,0.9740865724538053,0.9839276898626309,0.9998608750609108,0.8748030397933019,3.173154412071891e-05,0.25,2.25
HistoKit (no postprocessing),gaussian,7a951edf-c71d-16ea-3e52-69a0dd7b54e1_133148_5.png,5748983,2905486,316,437060,0.9633545481981162,0.9292999323188325,0.9999450367775271,0.9293474035017215,0.9518935925546465,0.9633545481981162,0.9998912520536499,0.8692433851321717,5.496322247286147e-05,0.25,2.25
HistoKit (no postprocessing),gaussian,1d49a2ac-7490-df96-fb85-41e83b5a5b35_151838_1.png,0,6047823,187877,0,0.0,0.0,0.0,,0.9698707442628735,,0.9698707442628735,1.0,1.0,0.25,2.25
HistoKit (no postprocessing),gaussian,dad7b6f2-9f0b-8c2a-a00e-ff89c406e2d2_171435_3.png,5721778,591746,25105,368417,0.9667551400776442,0.9356496001831471,0.9956315449609815,0.939506534684029,0.9413270760331747,0.9667551400776442,0.9593013547842185,0.6162974411636357,0.004368455039018543,0.25,2.25
HistoKit (no postprocessing),gaussian,3c8a2c44-1287-eab9-5fb8-1902a0075b0d_153549_25.png,37434749,2816517,75255,107213,0.9975687778785168,0.9951493487676135,0.9979937352179434,0.9971441822886081,0.9954872335065567,0.9975687778785168,0.9739761640959246,0.9633300612573664,0.0020062647820565417,0.25,2.25
HistoKit (no postprocessing),gaussian,6c5eefac-6637-5ca1-aed4-decff7ee7c9b_152621_1.png,35003166,359848,375226,236566,0.9913366149460442,0.9828220490952144,0.9893939215778942,0.9932869523525321,0.9829938763255596,0.9913366149460441,0.4895398286431026,0.6033527046648804,0.010606078422105788,0.25,2.25
HistoKit (no postprocessing),gaussian,2f6f5632-66e3-03e5-2957-29197ae74c65_142917_3.png,5400695,642410,5246,73485,0.9927637753293369,0.9856315241778975,0.9990295861534559,0.9865760716673547,0.9871393157216234,0.9927637753293368,0.9919000209988018,0.8973522653461751,0.0009704138465440152,0.25,2.25
HistoKit (no postprocessing),gaussian,7a951edf-c71d-16ea-3e52-69a0dd7b54e1_133148_3.png,8605824,1490421,591,400412,0.977232104354989,0.955477883609844,0.9999313302925783,0.9555405832136755,0.9617992258542429,0.9772321043549889,0.9996036249205238,0.7882351323464314,6.866970742173134e-05,0.25,2.25
HistoKit (no postprocessing),gaussian,6875bf3f-1b6d-1a53-f365-0d72c060072a_140344_5.png,10317594,461537,28988,1642391,0.9250723340799146,0.8605903107797473,0.9971983018160007,0.8626761655637528,0.8657581898251557,0.9250723340799146,0.9409041333265379,0.21936919894597154,0.002801698183999315,0.25,2.25
HistoKit (no postprocessing),gaussian,e92b8137-1dab-8f48-a38e-05fbbeabd072_134925_1.png,6182297,31189,23795,170296,0.9845452768343183,0.9695609802916636,0.9961658641218983,0.9731926789580255,0.9697091427851745,0.9845452768343184,0.5672377418885494,0.15479564235551033,0.0038341358781017105,0.25,2.25
HistoKit (no postprocessing),gaussian,654bcee2-3394-aaf6-25f2-380d7ca46c60_144121_2.png,5368797,1827260,6776,60575,0.9937666503624035,0.9876105286316708,0.9987394832141615,0.9888430927186422,0.9907273555333804,0.9937666503624034,0.996305416033273,0.9679129796830761,0.0012605167858384585,0.25,2.25
HistoKit (no postprocessing),gaussian,6875bf3f-1b6d-1a53-f365-0d72c060072a_140344_2.png,15682944,767825,14542,511839,0.9834950282151452,0.9675260382526725,0.9990736096213113,0.9683948219621097,0.9689947370436145,0.9834950282151452,0.9814128152133206,0.6000207867065105,0.0009263903786886639,0.25,2.25
HistoKit (no postprocessing),gaussian,e75d7a32-60ad-6f71-61b5-c428fc2cae22_164833_1.png,39616436,11454016,61539,437993,0.9937348935321203,0.9875478014141401,0.9984490387929323,0.9890650544537783,0.9903135126045415,0.9937348935321202,0.9946560109347747,0.9631691331548774,0.001550961207067649,0.25,2.25
HistoKit (no postprocessing),gaussian,59481929-3828-f3c5-2452-07bdbf0def53_144939_3.png,23352953,1216977,14270,545393,0.988159182004135,0.9765954925216045,0.9993893155382648,0.9771786298516224,0.9777289270064978,0.988159182004135,0.9884101240449723,0.6905343372844522,0.0006106844617351407,0.25,2.25
HistoKit (no postprocessing),gaussian,7530b966-b7ee-7dd8-6676-04339b0c22b7_154932_2.png,10223243,1294414,23528,2234323,0.900554198081186,0.8190983098116239,0.9977038620263886,0.820645301016266,0.8360967159976967,0.900554198081186,0.982147924567242,0.3668207633496064,0.0022961379736113944,0.25,2.25
HistoKit (no postprocessing),gaussian,098b4b43-88d6-52e4-6dfc-ff0d08e21e37_154649_3.png,44843226,6949284,102007,460496,0.9937672076092183,0.9876116293606915,0.9977304155926836,0.9898353605471975,0.989255985859463,0.9937672076092183,0.9855335710864861,0.9378529457014918,0.002269584407316344,0.25,2.25
HistoKit (no postprocessing),gaussian,d89a4519-168e-fe8e-eec5-c3f8080d7609_170312_1.png,15727754,492508,27273,350155,0.9881434750473534,0.9765648100095982,0.9982689334648553,0.9782213595063886,0.977260209101387,0.9881434750473536,0.9475298250609391,0.5844661507625231,0.001731066535144624,0.25,2.25
HistoKit (no postprocessing),gaussian,c4a5bf6f-509c-e7c4-3751-4f823d57d1f3_145315_1.png,22575398,1093821,36246,1452325,0.9680833790046937,0.9381410855374689,0.9983970205793086,0.9395562783872613,0.9408306134998344,0.9680833790046935,0.9679257955501753,0.42959869544008866,0.0016029794206913923,0.25,2.25
HistoKit (no postprocessing),gaussian,34677a0d-5045-a6c6-f661-b69bd9d6f859_140044_3.png,4379433,132116,10923,9748,0.9976455478233077,0.9953021564944828,0.9975120468590702,0.9977790845262476,0.9954391004849721,0.9976455478233078,0.9236362111032655,0.9312863023741048,0.0024879531409298015,0.25,2.25
HistoKit (no postprocessing),gaussian,654bcee2-3394-aaf6-25f2-380d7ca46c60_144121_1.png,8532396,960010,14305,542389,0.9684082261847837,0.9387514041559716,0.9983262547736255,0.9402312010697774,0.9446026012279707,0.9684082261847837,0.9853178900047725,0.6389847171091035,0.0016737452263744807,0.25,2.25
HistoKit (no postprocessing),gaussian,00a8cbc5-e358-18d7-ac64-8f4f6e3173fd_135812_1.png,0,9257775,99969,0,0.0,0.0,0.0,,0.9893169763994398,,0.9893169763994398,1.0,1.0,0.25,2.25
HistoKit (no postprocessing),gaussian,6c5eefac-6637-5ca1-aed4-decff7ee7c9b_152621_2.png,36197789,916149,140936,4522554,0.9394816194766332,0.8858701902111288,0.9961216030556933,0.8889362498739266,0.8883729749950141,0.9394816194766331,0.8666748653135746,0.16844990432461562,0.003878396944306659,0.25,2.25
HistoKit (no postprocessing),gaussian,997c9bdf-d489-63a3-9c13-1b5273502c59_152111_5.png,1628262,4344771,274118,129577,0.8897074191462314,0.8013269965850656,0.8559078627824094,0.926286195720996,0.9366924541865358,0.8897074191462314,0.940652827985258,0.9710400263904372,0.1440921372175906,0.25,2.25
HistoKit (no postprocessing),gaussian,98188e68-f597-a02c-6cf5-9f993d1f10ac_162142_1.png,29030271,1207144,69721,268374,0.9942105669349783,0.9884877830792493,0.9976040886884092,0.990840054207285,0.9889422940124302,0.9942105669349783,0.9453967334056459,0.8181154008287259,0.0023959113115907386,0.25,2.25
HistoKit (no postprocessing),gaussian,997c9bdf-d489-63a3-9c13-1b5273502c59_152111_1.png,11820860,1155724,175,54681,0.9976850663994663,0.9953808258803091,0.9999851958817481,0.9953954939821268,0.995790488234608,0.9976850663994663,0.9998486026893353,0.9548242117307844,1.4804118251912798e-05,0.25,2.25
HistoKit (no postprocessing),gaussian,8a46ca7f-3853-419d-26c8-1bf78b04ebee_163832_1.png,8403779,1115297,137442,388746,0.9696437227129092,0.9410761540328201,0.9839083896787122,0.9557867620507192,0.9476183005245059,0.9696437227129092,0.890286803556048,0.7415326556488079,0.016091610321287787,0.25,2.25
HistoKit (no postprocessing),gaussian,b3ac8263-eb4f-ecee-6126-3ea976dfb769_143901_1.png,31618018,1186917,58551,168194,0.9964271184397041,0.9928796769503356,0.9981515990573347,0.9947085862260027,0.993135529285825,0.996427118439704,0.9529887560338764,0.8758817543359917,0.0018484009426652237,0.25,2.25
HistoKit (no postprocessing),gaussian,7ba3b133-6b39-da9f-5b13-68d3bea507d2_165139_1.png,22689160,2861794,4419,895759,0.980548677271246,0.961839624325193,0.9998052753159825,0.9620198398815786,0.965968261774203,0.980548677271246,0.9984582443803025,0.7616110804025918,0.00019472468401744827,0.25,2.25
HistoKit (no postprocessing),gaussian,302e8390-e88c-6502-e08e-b8e893212016_162708_1.png,14746004,4988590,338529,322911,0.9780642001538266,0.9570701019585078,0.9775578733527912,0.9785710517313291,0.9675701658469484,0.9780642001538266,0.9364517668931368,0.9392053206805383,0.022442126647208765,0.25,2.25
HistoKit (no postprocessing),gaussian,7530b966-b7ee-7dd8-6676-04339b0c22b7_154932_3.png,23511273,873537,48868,1511528,0.9678818133327537,0.9377625797468848,0.997925818865006,0.9395939727131267,0.9398580223259743,0.9678818133327537,0.9470211024441542,0.36625291134623167,0.0020741811349940563,0.25,2.25
HistoKit (no postprocessing),gaussian,00a8cbc5-e358-18d7-ac64-8f4f6e3173fd_135812_4.png,10648282,1407516,20853,237761,0.9880022331525168,0.9762889460026024,0.9980454835373251,0.9781590978466648,0.978999078478128,0.9880022331525168,0.9854008312977949,0.8554887717995207,0.001954516462674809,0.25,2.25
HistoKit (no postprocessing),gaussian,7a951edf-c71d-16ea-3e52-69a0dd7b54e1_133148_6.png,7764098,2661204,0,92920,0.9940516413808079,0.9881736302500516,1.0,0.9881736302500516,0.9911658073008918,0.9940516413808079,1.0,0.9662615045655171,0.0,0.25,2.25
HistoKit (no postprocessing),gaussian,c4a5bf6f-509c-e7c4-3751-4f823d57d1f3_145315_4.png,15816670,1051736,41362,8601487,0.7854104567837836,0.6466468126376483,0.997391731836586,0.6477421698943127,0.6612142758166935,0.7854104567837835,0.9621607577728621,0.10895179775708072,0.002608268163413972,0.25,2.25
HistoKit (no postprocessing),gaussian,ec461d09-d9f6-ab63-cb21-aeb55b7abbf3_142116_2.png,39528583,1585861,96955,250851,0.9956198460721074,0.9912778963009915,0.9975532193405172,0.9936939525082232,0.9916115020289541,0.9956198460721073,0.9423852637483837,0.8634238791928185,0.002446780659482781,0.25,2.25
HistoKit (no postprocessing),gaussian,59481929-3828-f3c5-2452-07bdbf0def53_144939_1.png,25521290,883711,18456,107424,0.997539890784284,0.9950918561385135,0.9992773616464314,0.9958084514111789,0.9952553403710943,0.997539890784284,0.9795425902299685,0.891615168468473,0.0007226383535685907,0.25,2.25
HistoKit (no postprocessing),gaussian,7a951edf-c71d-16ea-3e52-69a0dd7b54e1_133148_2.png,8003233,479655,3782,297077,0.9815506835118574,0.9637697896410589,0.9995276641794726,0.9642089271364563,0.96574821656407,0.9815506835118574,0.9921768503445123,0.6175295983685493,0.00047233582052737505,0.25,2.25
HistoKit (no postprocessing),gaussian,e04480a3-f748-c87a-3eb6-396b6ccbcb83_134430_1.png,63540983,728282,569458,127007,0.9945494322120766,0.9891579596997689,0.9911175466723119,0.9980051671177306,0.9892795016695726,0.9945494322120765,0.5611925347141955,0.851503994556226,0.008882453327688075,0.25,2.25
HistoKit (no postprocessing),gaussian,dfdc8007-a219-a302-d10c-929e29813dc8_163630_1.png,3821840,375328,755,119269,0.9845403688754749,0.9695514609332032,0.9998024901931802,0.9697371983368133,0.9721985957539067,0.9845403688754748,0.9979924644293946,0.7588562000982618,0.00019750980681971277,0.25,2.25
HistoKit (no postprocessing),gaussian,d28668ca-fcc7-90f7-7049-f08e38cdd015_141933_2.png,11239167,784086,5207,253768,0.9886101297211557,0.9774767958162284,0.9995369239763814,0.9779196523777434,0.9789146562008131,0.9886101297211556,0.993402956823385,0.7554877661019758,0.00046307602361856694,0.25,2.25
HistoKit (no postprocessing),gaussian,e04480a3-f748-c87a-3eb6-396b6ccbcb83_134430_2.png,14567017,669298,19565,39272,0.9979845421849739,0.9959771921694281,0.9986586987959208,0.9973112951551212,0.9961532255449308,0.9979845421849739,0.9715981261876454,0.9445756947090619,0.001341301204079201,0.25,2.25
HistoKit (no postprocessing),gaussian,bb1fc306-b767-ee67-c337-445c06bd68ce_150126_2.png,26963855,9904812,304724,1216274,0.9725692797026038,0.9466032701660774,0.9888250869251383,0.9568393033261132,0.9603800137354676,0.9725692797026037,0.970153002056117,0.890633522661366,0.01117491307486173,0.25,2.25
HistoKit (no postprocessing),gaussian,7ba3b133-6b39-da9f-5b13-68d3bea507d2_165139_3.png,14609090,561579,8868,2904177,0.9093391241697134,0.8337505674964837,0.9993933489205538,0.8341727445827212,0.8389133449024907,0.9093391241697134,0.9844542963675854,0.16203650805192288,0.0006066510794462538,0.25,2.25
HistoKit (no postprocessing),gaussian,e338d5a6-7427-4506-5755-323615d750be_135343_3.png,7610595,548540,8984,946371,0.9409419625760631,0.888470630811527,0.9988209322326076,0.8894034404250292,0.8951828352436615,0.940941962576063,0.9838858954950819,0.3669382324432692,0.001179067767392398,0.25,2.25
HistoKit (no postprocessing),gaussian,0584763b-507d-517f-59c7-4dbcdbe7ec5e_135202_6.png,12901761,556564,73658,18132,0.9964553429593742,0.9929357263460927,0.9943232661696705,0.998596582804517,0.9932258877507681,0.9964553429593742,0.8831237246557562,0.9684494062948062,0.005676733830329487,0.25,2.25
HistoKit (no postprocessing),gaussian,015b92ff-7984-c969-27c5-4144ab20b802_144644_7.png,21895033,4860658,32662,971027,0.9775931042173178,0.9561683398750376,0.9985104681545416,0.9575341357452923,0.9638432486604528,0.9775931042173177,0.9933251861721694,0.8334911779357081,0.0014895318454584488,0.25,2.25
HistoKit (no postprocessing),gaussian,110ff982-b33a-42d4-9522-02719d6987c7_164031_2.png,6014859,174608,6569,897596,0.9300933060860377,0.8693218870175909,0.9989090627671708,0.8701480154301185,0.8725384964993955,0.9300933060860378,0.9637426384143682,0.16284960697777662,0.001090937232829156,0.25,2.25
HistoKit (no postprocessing),gaussian,e75d7a32-60ad-6f71-61b5-c428fc2cae22_164833_5.png,45199822,4967813,727259,97806,0.9909556850436212,0.9820735029724245,0.9841649200392247,0.9978408140929587,0.9838199389324355,0.9909556850436211,0.8723002975203825,0.9806921918130834,0.01583507996077521,0.25,2.25
HistoKit (no postprocessing),gaussian,31439255-cb2a-2a33-e39f-915211d58cf0_143129_8.png,7294751,4609020,470303,678036,0.9270332569759727,0.8639906716616783,0.9394333896454551,0.9149562129278005,0.9120188996261908,0.9270332569759727,0.9074083298108823,0.8717554722325619,0.060566610354544866,0.25,2.25
HistoKit (no postprocessing),gaussian,bc7dd6a2-14aa-d481-064a-28427e54cce1_153909_1.png,22790570,492186,13743,2193084,0.9538204460549661,0.9117177280498445,0.9993973508432374,0.9122192454314328,0.9134223969062185,0.9538204460549661,0.9728361094145621,0.18329106570289022,0.0006026491567625825,0.25,2.25
HistoKit (no postprocessing),gaussian,091684ab-dffb-81d6-97c1-29bfeceeac37_154424_1.png,0,6267842,20721,0,0.0,0.0,0.0,,0.996704970595031,,0.996704970595031,1.0,1.0,0.25,2.25
HistoKit (no postprocessing),gaussian,dfdc8007-a219-a302-d10c-929e29813dc8_163630_4.png,1684994,706470,666,280806,0.922915217474654,0.8568640393477436,0.9996049025307595,0.8571543392003256,0.8946955707132531,0.922915217474654,0.9990581726853109,0.7155749759945547,0.00039509746924053484,0.25,2.25
HistoKit (no postprocessing),gaussian,31439255-cb2a-2a33-e39f-915211d58cf0_143129_5.png,3608442,239593,2419,1858444,0.7950082768334478,0.6597624378234529,0.999330076677003,0.6600543709892616,0.674041645165144,0.7950082768334477,0.9900046278696925,0.11419865331259649,0.0006699233229969251,0.25,2.25
HistoKit (no postprocessing),gaussian,8a22c195-cd7e-901b-eb5d-b1439c8b19ac_152323_2.png,2667304,491206,11110,43204,0.9899211753296856,0.9800434888364201,0.9958520228762245,0.9840605524868401,0.9830946232971367,0.9899211753296856,0.9778824484985547,0.9191557044216987,0.004147977123775488,0.25,2.25
HistoKit (no postprocessing),gaussian,bc7dd6a2-14aa-d481-064a-28427e54cce1_153909_2.png,11885637,455636,7912,2159323,0.9164472021117328,0.8457799231359967,0.9993347654261987,0.8462563795126508,0.8506231653868199,0.9164472021117328,0.9829316489338752,0.17424212004853615,0.0006652345738013103,0.25,2.25
HistoKit (no postprocessing),gaussian,e338d5a6-7427-4506-5755-323615d750be_135343_2.png,6366126,922125,213,59556,0.995327634312045,0.9906987275702451,0.9999665427807096,0.9907315674818642,0.9918659720577788,0.995327634312045,0.9997690651366419,0.9393326345319916,3.345721929039594e-05,0.25,2.25
HistoKit (no postprocessing),gaussian,7ba3b133-6b39-da9f-5b13-68d3bea507d2_165139_2.png,10208100,5178552,72931,172903,0.9881021394118313,0.9764840681029744,0.9929062561916212,0.9833442876377168,0.9842741583136553,0.9881021394118314,0.9861123038958709,0.9676904692275279,0.0070937438083787515,0.25,2.25
HistoKit (no postprocessing),gaussian,73f410c7-98a8-a0f8-02ae-aabdcdcb9cee_162913_1.png,14946571,3078522,37258,75061,0.9962567147360275,0.9925413493292002,0.9975134526695413,0.9950031394724621,0.9938073303953177,0.9962567147360276,0.9880421595876474,0.9761981847314626,0.0024865473304587233,0.25,2.25
HistoKit (no postprocessing),gaussian,00a8cbc5-e358-18d7-ac64-8f4f6e3173fd_135812_3.png,6441773,2157378,2914,142258,0.9888575376334033,0.977960647917965,0.9995478446044005,0.9783934796175777,0.9833981430008932,0.9888575376334034,0.9986511082761034,0.93813890546156,0.000452155395599507,0.25,2.25
HistoKit (no postprocessing),gaussian,d28668ca-fcc7-90f7-7049-f08e38cdd015_141933_3.png,1793870,1559658,81014,79903,0.9570734265631665,0.9176805452461061,0.9567898600660094,0.9573571611929513,0.9542126850754529,0.9570734265631665,0.9506214526730511,0.9512656131732824,0.04321013993399058,0.25,2.25
HistoKit (no postprocessing),gaussian,098b4b43-88d6-52e4-6dfc-ff0d08e21e37_154649_1.png,38566361,1878417,142773,957409,0.9859370936811959,0.9722642328573983,0.9963116457216532,0.9757763745715553,0.9735182799550174,0.9859370936811959,0.9293619105576418,0.6623879603332503,0.003688354278346811,0.25,2.25
HistoKit (no postprocessing),gaussian,191c1954-41f1-2c63-fab4-33ae150d32f8_151532_2.png,27403180,441837,794,3139178,0.9458124113878338,0.897195548121556,0.9999710261000831,0.897218872229839,0.898661509933084,0.9458124113878339,0.9982061807690831,0.12338317488198179,2.8973899916851475e-05,0.25,2.25
HistoKit (no postprocessing),gaussian,6c5eefac-6637-5ca1-aed4-decff7ee7c9b_152621_3.png,19356894,762250,122785,1366826,0.9629481328183221,0.9285438494366322,0.9936967647156814,0.9340453354899603,0.9310644690080478,0.9629481328183221,0.8612653736857865,0.35801915948514756,0.006303235284318597,0.25,2.25
HistoKit (no postprocessing),gaussian,8a22c195-cd7e-901b-eb5d-b1439c8b19ac_152323_1.png,13714661,4732692,162057,313338,0.9829636329943787,0.9664980180486955,0.9883216622258952,0.9776633859184051,0.9748770633102549,0.9829636329943787,0.9668916628819987,0.9379040552672101,0.0116783377741048,0.25,2.25
HistoKit (no postprocessing),gaussian,31439255-cb2a-2a33-e39f-915211d58cf0_143129_4.png,9395588,367949,45946,1653683,0.9170540640057822,0.8468142623979323,0.9951336297682135,0.8503355560742424,0.8517312756353699,0.917054064005782,0.8889911692579036,0.18200592392680764,0.004866370231786488,0.25,2.25
HistoKit (no postprocessing),gaussian,d89a4519-168e-fe8e-eec5-c3f8080d7609_170312_3.png,18943458,4589739,38859,2855521,0.9290267773736274,0.8674603227663837,0.9979528842553835,0.869006663110231,0.8904787979616898,0.9290267773736274,0.9916045852329366,0.6164645694038892,0.0020471157446164236,0.25,2.25
HistoKit (no postprocessing),gaussian,bb1fc306-b767-ee67-c337-445c06bd68ce_150126_1.png,27433652,4531100,764642,178206,0.9831061560269536,0.966773633111906,0.9728833950025487,0.9935460337366648,0.9713486246338232,0.9831061560269536,0.8556119236926573,0.9621587554514401,0.027116604997451263,0.25,2.25
HistoKit (no postprocessing),gaussian,e338d5a6-7427-4506-5755-323615d750be_135343_5.png,4455803,150322,40048,326768,0.960465691256552,0.9239384243291872,0.9910922314818708,0.9316752432948722,0.9262376127124774,0.960465691256552,0.7896307191259127,0.3150810119683917,0.00890776851812927,0.25,2.25
HistoKit (no postprocessing),gaussian,745e05db-827a-cff7-7148-db0494ae96fc_133425_4.png,24561407,4618105,231928,1160528,0.9724349488778343,0.9463487959383927,0.990645550507828,0.954881776973622,0.9544531774990737,0.9724349488778343,0.9521801191868179,0.7991691114490226,0.00935444949217199,0.25,2.25
HistoKit (no postprocessing),gaussian,bb1fc306-b767-ee67-c337-445c06bd68ce_150126_3.png,30591315,1746805,131739,4605281,0.9281394849638916,0.8659144281778351,0.9957120473765401,0.8691555001512078,0.8722319052605061,0.9281394849638916,0.9298717517396452,0.2749970639566278,0.004287952623459894,0.25,2.25
HistoKit (no postprocessing),constant,1d49a2ac-7490-df96-fb85-41e83b5a5b35_151838_3.png,0,6140923,48512,0,0.0,0.0,0.0,,0.9921621278840476,,0.9921621278840476,1.0,1.0,0.25,
HistoKit (no postprocessing),gaussian,e0661871-0847-f23e-2d1f-8518496574c0_141209_2.png,42637718,3071163,124374,732523,0.9900513898770164,0.9802987795155791,0.9970914893499597,0.9831100085424934,0.9815981384440736,0.9900513898770164,0.9610788421476578,0.8074175944071094,0.0029085106500402274,0.25,2.25
HistoKit (no postprocessing),gaussian,d28668ca-fcc7-90f7-7049-f08e38cdd015_141933_1.png,23139037,3882458,27634,75955,0.9977665958204215,0.9955431455980921,0.998807165690746,0.9967281918511969,0.9961810625176313,0.9977665958204215,0.9929326471090706,0.9808117546097388,0.0011928343092540141,0.25,2.25
HistoKit (no postprocessing),constant,538ad0bc-9add-9e27-6ee9-4f1bdd825510_142716_4.png,0,6987044,2932,0,0.0,0.0,0.0,,0.9995805421935641,,0.9995805421935641,1.0,1.0,0.25,
HistoKit (no postprocessing),gaussian,1cfd19dd-0b58-a07f-0753-c0e3d9e98b9b_133722_2.png,19720054,764975,2633,4525888,0.8970056355407398,0.8132458917688977,0.9998664989207606,0.8133342066066148,0.818957285151448,0.8970056355407398,0.9965698637846401,0.14458416330190368,0.00013350107923935516,0.25,2.25
HistoKit (no postprocessing),gaussian,dfdc8007-a219-a302-d10c-929e29813dc8_163630_5.png,11889370,363196,16383,153631,0.9929009250335111,0.9859019332994123,0.998623942559534,0.9872431298477846,0.9863141151033038,0.9929009250335111,0.9568390242874343,0.70274192331283,0.0013760574404659664,0.25,2.25
HistoKit (no postprocessing),constant,4adc5212-3bb5-0299-1727-5490f70e71c6_162331_3.png,4491181,236619,5679,979577,0.9011543179122635,0.8200917859549923,0.9987371187895554,0.8209430941745184,0.827543087272381,0.9011543179122634,0.9765619196196419,0.19455663396360456,0.0012628812104446214,0.25,
HistoKit (no postprocessing),constant,110ff982-b33a-42d4-9522-02719d6987c7_164031_4.png,12237752,432098,17779,2616024,0.902845063505312,0.822896596892524,0.9985493080634368,0.8238815503882649,0.8278971040443742,0.902845063505312,0.9604803090622548,0.14175876162437068,0.001450691936563173,0.25,
HistoKit (no postprocessing),constant,dfdc8007-a219-a302-d10c-929e29813dc8_163630_7.png,2229030,426916,35364,157250,0.9585836375544706,0.9204614716283649,0.9843825765304095,0.9341024523526158,0.9323819754542646,0.9585836375544706,0.9235009085402787,0.730812816904784,0.01561742346959054,0.25,
HistoKit (no postprocessing),constant,4adc5212-3bb5-0299-1727-5490f70e71c6_162331_1.png,6449773,581354,48962,2598529,0.8297108960376179,0.7089794250227321,0.9924659183671899,0.7128158410274105,0.7264598106878482,0.829710896037618,0.9223215022306271,0.18282244975679923,0.0075340816328100775,0.25,
HistoKit (no postprocessing),gaussian,a796f488-e06e-b9c5-67ad-c084c09ace36_143658_2.png,39021572,3114424,3687,2316397,0.9711300297693368,0.9438802354700063,0.9999055227282412,0.943964421667644,0.9478117728778606,0.9711300297693367,0.9988175533199427,0.5734720404152521,9.447727175878576e-05,0.25,2.25
HistoKit (no postprocessing),gaussian,745e05db-827a-cff7-7148-db0494ae96fc_133425_2.png,28645381,4374617,132112,270676,0.9930184916684794,0.9861337903948438,0.995409190091715,0.9906392493278042,0.9879487006259742,0.9930184916684794,0.9706856125584653,0.9417311243876328,0.0045908099082849225,0.25,2.25
HistoKit (no postprocessing),constant,2f6f5632-66e3-03e5-2957-29197ae74c65_142917_2.png,23324402,1063414,12469,331049,0.9926899121945921,0.9854859235623579,0.9994656952939407,0.9860053820153334,0.9861100092700216,0.9926899121945922,0.9884104498351587,0.7625975016906149,0.0005343047060593513,0.25,
HistoKit (no postprocessing),constant,015b92ff-7984-c969-27c5-4144ab20b802_144644_8.png,19195029,4871481,79599,1377207,0.9634398832490306,0.9294587623811638,0.99587027049238,0.9330550650886953,0.9429225418828807,0.9634398832490306,0.9839229016699387,0.7796006137608407,0.00412972950762007,0.25,
HistoKit (no postprocessing),constant,34677a0d-5045-a6c6-f661-b69bd9d6f859_140044_2.png,23255690,1122738,61963,59616,0.9973928525530623,0.9947992641912107,0.9973426570847418,0.9974430530742338,0.9950375932545652,0.9973928525530624,0.9476973514836233,0.9495785526162215,0.002657342915258238,0.25,
HistoKit (no postprocessing),gaussian,745e05db-827a-cff7-7148-db0494ae96fc_133425_3.png,48912267,5031835,454987,669551,0.9886351839661518,0.9775257832709343,0.9907836275438776,0.9864960377209242,0.9795793395297214,0.9886351839661519,0.9170764059778137,0.8825634679006122,0.009216372456122434,0.25,2.25
HistoKit (no postprocessing),constant,654bcee2-3394-aaf6-25f2-380d7ca46c60_144121_7.png,5318514,321470,432,441422,0.9601174558949179,0.9232941367634846,0.9999187809013289,0.9233633845931621,0.9273486074439996,0.9601174558949179,0.998657976651279,0.42138336750155986,8.12190986710525e-05,0.25,
HistoKit (no postprocessing),constant,8a22c195-cd7e-901b-eb5d-b1439c8b19ac_152323_3.png,3876016,450061,94708,3024,0.9875496893919359,0.9754055868666055,0.9761484303618182,0.9992204256723313,0.9779077261247039,0.9875496893919359,0.8261501664008047,0.9933257556529128,0.023851569638181854,0.25,
HistoKit (no postprocessing),constant,91e6ffad-da04-5736-d731-feb79e91105c_134712_2.png,6873370,189458,2020,832396,0.9427743589054256,0.8917437510589941,0.9997061984847405,0.8919775139810889,0.8943408611915752,0.9427743589054256,0.9894504851732314,0.18540613434013078,0.000293801515259498,0.25,
HistoKit (no postprocessing),constant,8b8e8141-b9e0-9b57-cdad-61702acf8a5e_150400_2.png,14597270,503215,6643,1675772,0.9455122760647868,0.8966555556818206,0.9995451219135584,0.897021589448365,0.8997542141107914,0.9455122760647868,0.9869708820887384,0.23093988169732083,0.000454878086441627,0.25,
HistoKit (no postprocessing),constant,8b8e8141-b9e0-9b57-cdad-61702acf8a5e_150400_5.png,2471301,227522,15,1456748,0.7723581949146517,0.6291396983348541,0.9999939303593712,0.6291421008240987,0.6494446270634274,0.7723581949146517,0.9999340766556648,0.13508641726089046,6.0696406287176545e-06,0.25,
HistoKit (no postprocessing),constant,59481929-3828-f3c5-2452-07bdbf0def53_144939_2.png,22479403,2394510,5937,331190,0.9925572346638715,0.985224440350921,0.9997359612974498,0.9854808684719419,0.9866278027403868,0.9925572346638714,0.9975267106501414,0.8784935979748322,0.0002640387025501949,0.25,
HistoKit (no postprocessing),constant,1cfd19dd-0b58-a07f-0753-c0e3d9e98b9b_133722_4.png,19921006,748430,4093,4455959,0.8993263158122836,0.8170689721504293,0.9997945806944297,0.8172061616366106,0.82251719573435,0.8993263158122836,0.9945609635851662,0.14380746712054,0.00020541930557032616,0.25,
HistoKit (no postprocessing),constant,3c8a2c44-1287-eab9-5fb8-1902a0075b0d_153549_11.png,12761247,2020718,53739,77082,0.9949004251497321,0.989852597736841,0.9958065502373549,0.9939959476034614,0.9912275948974256,0.9949004251497321,0.9740949077276608,0.9632557917818667,0.004193449762645078,0.25,
HistoKit (no postprocessing),constant,c282e7fa-bbd4-0343-5231-dcd676a3dd4f_140949_1.png,4379611,5022016,2282670,138030,0.7834779169300108,0.6440309862298945,0.657374103554023,0.9694464433982248,0.7952433560668725,0.7834779169300108,0.6875060748675577,0.9732502384668664,0.34262589644597696,0.25,
HistoKit (no postprocessing),constant,6875bf3f-1b6d-1a53-f365-0d72c060072a_140344_1.png,22818013,513738,8272,2332849,0.9512034135752174,0.9069474728343193,0.9996376107632057,0.9072457635845642,0.9088095402804953,0.9512034135752174,0.984153560276623,0.18047507418533143,0.000362389236794336,0.25,
HistoKit (no postprocessing),constant,bffc0a6a-719c-940b-52f7-9a2879514091_151206_1.png,28967006,857526,50623,240345,0.995002694719689,0.9900550872046028,0.998255439822461,0.9917710784521335,0.9903382643489234,0.9950026947196889,0.9442569446203211,0.7810808373661386,0.0017445601775389712,0.25,
HistoKit (no postprocessing),constant,b3ac8263-eb4f-ecee-6126-3ea976dfb769_143901_2.png,36832580,4753507,193782,358523,0.9925582879986536,0.9852265160104143,0.994766377533931,0.990359979374637,0.9868930689144474,0.9925582879986536,0.9608306690795706,0.9298668043810384,0.005233622466068905,0.25,
HistoKit (no postprocessing),constant,997c9bdf-d489-63a3-9c13-1b5273502c59_152111_4.png,4648790,2705295,113593,69813,0.9806553875303686,0.9620449998303049,0.9761478654698709,0.9852047311460617,0.9756674999678275,0.9806553875303687,0.9597029041238957,0.9748431412399085,0.02385213453012914,0.25,
HistoKit (no postprocessing),constant,cfd234aa-a9c1-9363-1732-dc841509f243_163200_1.png,8510953,1820930,13929,2584028,0.867585364892711,0.7661375418470399,0.9983660770905686,0.7670993758348933,0.7990727650148803,0.867585364892711,0.9924086809940165,0.4133819210081004,0.0016339229094314736,0.25,
HistoKit (no postprocessing),constant,654bcee2-3394-aaf6-25f2-380d7ca46c60_144121_5.png,6944970,490752,5594,486008,0.9658171564634724,0.9338940038501611,0.9991951732262303,0.9345970341992669,0.9379863873357517,0.9658171564634724,0.9887296361812123,0.5024284368729268,0.0008048267737697257,0.25,
HistoKit (no postprocessing),constant,7a951edf-c71d-16ea-3e52-69a0dd7b54e1_133148_4.png,10255472,1820861,709,338264,0.9837422374391227,0.9680046477186866,0.999930870954793,0.9680694327289259,0.9726971691233386,0.9837422374391227,0.9996107753201908,0.8433328315868697,6.9129045206983e-05,0.25,
HistoKit (no postprocessing),constant,997c9bdf-d489-63a3-9c13-1b5273502c59_152111_3.png,16996574,525640,129975,213315,0.9900021662118825,0.9802022668689905,0.9924109054310941,0.9876050914680508,0.9807847570379207,0.9900021662118825,0.8017510276610511,0.7113288359913662,0.007589094568905855,0.25,
HistoKit (no postprocessing),constant,1cfd19dd-0b58-a07f-0753-c0e3d9e98b9b_133722_1.png,19607670,1038738,7166,3837401,0.910715854541906,0.8360682181405552,0.9996346642918656,0.836323762892422,0.8430210720479687,0.9107158545419061,0.993148510761982,0.213024690231349,0.0003653357081343938,0.25,
HistoKit (no postprocessing),constant,8a46ca7f-3853-419d-26c8-1bf78b04ebee_163832_3.png,7131214,127790,11987,150747,0.9887187402124149,0.9776891746417715,0.9983219007836963,0.9792985708108022,0.9780733299935945,0.9887187402124149,0.914241971139744,0.4587900350761299,0.001678099216303727,0.25,
HistoKit (no postprocessing),constant,e338d5a6-7427-4506-5755-323615d750be_135343_4.png,13132495,1596947,141487,334492,0.982200383239665,0.9650233376644581,0.9893410281858149,0.9751620759714107,0.9686967562423954,0.982200383239665,0.918612383328904,0.8268172072739548,0.010658971814185073,0.25,
HistoKit (no postprocessing),constant,e0661871-0847-f23e-2d1f-8518496574c0_141209_1.png,30449382,2851881,334285,462379,0.98708714687902,0.9745035259821355,0.9891408323771174,0.9850419715654505,0.976635999015424,0.9870871468790199,0.895082365451141,0.8604880124069928,0.010859167622882615,0.25,
HistoKit (no postprocessing),constant,a796f488-e06e-b9c5-67ad-c084c09ace36_143658_1.png,27924440,3671804,512341,938520,0.9746794492491685,0.9506094933291066,0.9819831576576828,0.9674835844972242,0.9560971830966737,0.9746794492491685,0.8775518056855104,0.7964307931503296,0.018016842342317155,0.25,
HistoKit (no postprocessing),constant,110ff982-b33a-42d4-9522-02719d6987c7_164031_1.png,19875170,649814,8692,1620754,0.9606221743147729,0.9242280820080675,0.9995628615809142,0.9246017989270896,0.9264505563898507,0.9606221743147729,0.9868004239900624,0.2861900634554878,0.0004371384190857893,0.25,
HistoKit (no postprocessing),constant,8b8e8141-b9e0-9b57-cdad-61702acf8a5e_150400_3.png,2207734,598194,2672,4663080,0.4862196929487448,0.32119567858289083,0.9987911723004733,0.32132058879777564,0.37554177909118164,0.48621969294874484,0.9955530850472485,0.11369755690351804,0.0012088276995266933,0.25,
HistoKit (no postprocessing),constant,75867af4-ee91-110d-5a8d-03a78d8d262a_171204_2.png,18641251,408383,22694,2368390,0.9397310845558554,0.8863139066584856,0.998784072713459,0.8872712770294362,0.8884792943967641,0.9397310845558554,0.9473551128916644,0.1470710785505333,0.001215927286540975,0.25,
HistoKit (no postprocessing),constant,6c5eefac-6637-5ca1-aed4-decff7ee7c9b_152621_4.png,8421063,813315,2420,2266078,0.8812964976967785,0.7877838014114892,0.9997127079142916,0.7879621874549985,0.8027886243405562,0.8812964976967785,0.9970333502914549,0.26411536299523963,0.000287292085708489,0.25,
HistoKit (no postprocessing),constant,538ad0bc-9add-9e27-6ee9-4f1bdd825510_142716_3.png,0,6843337,1736,0,0.0,0.0,0.0,,0.999746386926772,,0.999746386926772,1.0,1.0,0.25,
HistoKit (no postprocessing),constant,191c1954-41f1-2c63-fab4-33ae150d32f8_151532_1.png,37653587,1494798,36456,3972967,0.9494503905657979,0.9037654024517192,0.9990327418835792,0.9045569085540927,0.9070985486565953,0.9494503905657978,0.976192062192164,0.27338373174414043,0.0009672581164208277,0.25,
HistoKit (no postprocessing),constant,22c86e01-80fd-7f77-3526-d5f72a54b219_141444_4.png,4643801,240399,16455,455542,0.9516376646212615,0.9077373657052136,0.996469078093564,0.9106665309629103,0.9118783345720853,0.9516376646212615,0.9359363685206382,0.3454301442219958,0.0035309219064360415,0.25,
HistoKit (no postprocessing),constant,654bcee2-3394-aaf6-25f2-380d7ca46c60_144121_3.png,6450976,1859257,3073,571369,0.9573742055923862,0.9182337620338036,0.999523864786276,0.9186355839822737,0.9353446243109624,0.9573742055923862,0.9983499165024459,0.7649292815924786,0.0004761352137239739,0.25,
HistoKit (no postprocessing),constant,778d67ae-3cb9-eeb7-6fac-a66f6e936029_142330_2.png,11121246,461332,58609,1802957,0.9227696016994317,0.856613035758355,0.9947576243162367,0.8604976260431688,0.8615333188933412,0.9227696016994317,0.8872775949578895,0.2037425434650789,0.005242375683763341,0.25,
HistoKit (no postprocessing),constant,22c86e01-80fd-7f77-3526-d5f72a54b219_141444_1.png,35255036,813078,46894,1404942,0.9798249373821495,0.960447842028054,0.9986716307012109,0.9616764090802237,0.9613049590950947,0.9798249373821495,0.9454703176382487,0.3665782995644764,0.0013283692987890463,0.25,
HistoKit (no postprocessing),constant,bffc0a6a-719c-940b-52f7-9a2879514091_151206_2.png,59395783,8776723,278588,997090,0.9893753037256356,0.978974002290797,0.9953315301806868,0.9834899392847232,0.9816312259511351,0.9893753037256355,0.9692348501338055,0.8979835198402097,0.0046684698193132194,0.25,
HistoKit (no postprocessing),constant,d89a4519-168e-fe8e-eec5-c3f8080d7609_170312_2.png,22410869,516653,33027,2155931,0.9534370220768482,0.9110173417073217,0.9985284640420719,0.9122420909520166,0.9128477398106741,0.9534370220768482,0.9399159510988211,0.19331590700236176,0.0014715359579281601,0.25,
HistoKit (no postprocessing),constant,cfd234aa-a9c1-9363-1732-dc841509f243_163200_2.png,13618346,1892044,1071552,1888623,0.9019707905459199,0.8214451699280051,0.9270551776465704,0.8782081140421445,0.839735546801086,0.9019707905459198,0.6384284497617084,0.5004524333933669,0.07294482235342954,0.25,
HistoKit (no postprocessing),constant,015b92ff-7984-c969-27c5-4144ab20b802_144644_9.png,1136635,9399986,5048,39919,0.9806029323145131,0.9619440386864613,0.9955784574176895,0.9660712555479817,0.9957504487984223,0.9806029323145131,0.9994632661615046,0.995771249816603,0.0044215425823105016,0.25,
HistoKit (no postprocessing),constant,110ff982-b33a-42d4-9522-02719d6987c7_164031_3.png,5518054,208788,2972,416438,0.9633879498072457,0.9293620980270365,0.9994616942575528,0.9298275235689929,0.9317616654832896,0.9633879498072457,0.9859652436720816,0.333940047278904,0.0005383057424471466,0.25,
HistoKit (no postprocessing),constant,4adc5212-3bb5-0299-1727-5490f70e71c6_162331_2.png,5827472,916847,13032,2109908,0.845916833092803,0.7329773601669951,0.9977686857161642,0.7341808002136725,0.7605866705821945,0.845916833092803,0.9859852733527695,0.30291417706421564,0.0022313142838357785,0.25,
HistoKit (no postprocessing),constant,31439255-cb2a-2a33-e39f-915211d58cf0_143129_7.png,8273027,1929322,1678617,1336194,0.8458753741207252,0.7329151073925759,0.8313226437762444,0.8609466886025412,0.7719017549912387,0.8458753741207253,0.5347435197768033,0.5908168877445402,0.1686773562237556,0.25,
HistoKit (no postprocessing),constant,dfdc8007-a219-a302-d10c-929e29813dc8_163630_6.png,2526586,233379,5522,44229,0.9902504897683151,0.9806892498923859,0.997819208343404,0.9827957282029239,0.9822932282123887,0.9902504897683151,0.9768858229978108,0.8406782225296101,0.0021807916565960064,0.25,
HistoKit (no postprocessing),constant,dad7b6f2-9f0b-8c2a-a00e-ff89c406e2d2_171435_2.png,6541677,1391638,33968,132805,0.9874134791311812,0.9751398609216734,0.9948342710106766,0.9801025757504478,0.9794109644240903,0.9874134791311813,0.9761729397884128,0.9128829349473874,0.00516572898932348,0.25,
HistoKit (no postprocessing),constant,22c86e01-80fd-7f77-3526-d5f72a54b219_141444_2.png,30447544,554607,57955,461693,0.9915387082344537,0.9832194020045473,0.9981001785940299,0.985062944128967,0.9835146464832163,0.9915387082344537,0.9053891687698551,0.5457118960936731,0.001899821405970117,0.25,
HistoKit (no postprocessing),constant,e04480a3-f748-c87a-3eb6-396b6ccbcb83_134430_3.png,25387144,1477338,50169,241123,0.9942957271806175,0.9886561627039903,0.9980277398009766,0.9905915214633904,0.9892732941436322,0.9942957271806175,0.9671562879908243,0.8596866614953729,0.0019722601990233794,0.25,
HistoKit (no postprocessing),constant,75867af4-ee91-110d-5a8d-03a78d8d262a_171204_5.png,8204627,144970,852,2012395,0.8907180409435179,0.8029681125447427,0.9998961669391878,0.8030350722549096,0.8057244710042919,0.8907180409435179,0.9941572602213657,0.06719771573192297,0.00010383306081217197,0.25,
HistoKit (no postprocessing),constant,191c1954-41f1-2c63-fab4-33ae150d32f8_151532_3.png,49542980,587268,3170,3462254,0.9662079255800194,0.93462500776292,0.9999360192467023,0.9346809033990869,0.9353413462191499,0.9662079255800194,0.9946311043665889,0.1450215605693709,6.398075329768307e-05,0.25,
HistoKit (no postprocessing),constant,098b4b43-88d6-52e4-6dfc-ff0d08e21e37_154649_2.png,44771697,715110,35658,362235,0.9955760806491462,0.9911911310242134,0.9992041931508789,0.9919742201942432,0.9913284166617631,0.9955760806491462,0.9525046352535004,0.6637706584241817,0.0007958068491210874,0.25,
HistoKit (no postprocessing),constant,6520c4c0-cf13-4bc7-106a-ea8d45dc1109_165944_1.png,0,8264300,6630940,0,0.0,0.0,0.0,,0.5548282538582796,,0.5548282538582796,1.0,1.0,0.25,
HistoKit (no postprocessing),constant,2f6f5632-66e3-03e5-2957-29197ae74c65_142917_4.png,4166118,456656,4953,36165,0.9950894229480803,0.9902268377623694,0.9988125351977946,0.9913939637097263,0.9911837581144675,0.9950894229480803,0.9892701398802883,0.9266163576633301,0.0011874648022054768,0.25,
HistoKit (no postprocessing),constant,6875bf3f-1b6d-1a53-f365-0d72c060072a_140344_4.png,9883403,315235,24286,667686,0.9661772565301798,0.9345676158055861,0.9975487724735809,0.9367187595517391,0.936461593978666,0.9661772565301798,0.9284698148273597,0.32071244789764386,0.0024512275264191277,0.25,
HistoKit (no postprocessing),constant,00a8cbc5-e358-18d7-ac64-8f4f6e3173fd_135812_5.png,5795628,2987470,20847,100231,0.9896623508175227,0.9795362487167691,0.9964158704369914,0.982999763054035,0.986402110650104,0.9896623508175227,0.9930702116831438,0.96753863149314,0.003584129563008523,0.25,
HistoKit (no postprocessing),constant,ec461d09-d9f6-ab63-cb21-aeb55b7abbf3_142116_1.png,35852567,1673166,118949,149162,0.9962748518564086,0.9925773541681582,0.9966932447328603,0.9958568100993149,0.9929059610872077,0.9962748518564084,0.9336264692835002,0.9181475563125848,0.0033067552671397003,0.25,
HistoKit (no postprocessing),constant,8b8e8141-b9e0-9b57-cdad-61702acf8a5e_150400_1.png,4735935,218275,13480,522914,0.9464048909980792,0.8982624187526992,0.9971617557109665,0.9005649335054116,0.9023069228813442,0.9464048909980792,0.9418351276132122,0.29449303753833367,0.0028382442890334913,0.25,
HistoKit (no postprocessing),constant,0584763b-507d-517f-59c7-4dbcdbe7ec5e_135202_1.png,7367901,1058976,12902,62854,0.9948853456199543,0.9898227443849172,0.9982519517185325,0.9915413709643233,0.9910902893256712,0.9948853456199545,0.9879631823770989,0.9439719030512644,0.0017480482814674772,0.25,
HistoKit (no postprocessing),constant,8a46ca7f-3853-419d-26c8-1bf78b04ebee_163832_4.png,23982652,722313,7109,486801,0.9898077174755662,0.9798211039605971,0.9997036652428509,0.9801057669740308,0.9803995218040488,0.9898077174755662,0.9902539270819909,0.5973903205156834,0.0002963347571491021,0.25,
HistoKit (no postprocessing),constant,34677a0d-5045-a6c6-f661-b69bd9d6f859_140044_1.png,7125880,158134,42883,74431,0.9918356603911985,0.9838035540674459,0.9940180753639086,0.989662807620393,0.9841496012607467,0.9918356603911984,0.7866697841476094,0.6799561412938319,0.005981924636091331,0.25,
HistoKit (no postprocessing),constant,654bcee2-3394-aaf6-25f2-380d7ca46c60_144121_6.png,2450145,686521,1554,488480,0.909090065829067,0.8333319161860553,0.9993661538386237,0.8337725977285295,0.8648815727796619,0.909090065829067,0.9977415252697743,0.5842726942360049,0.0006338461613762538,0.25,
HistoKit (no postprocessing),constant,302e8390-e88c-6502-e08e-b8e893212016_162708_2.png,47925978,2293185,71022,1251165,0.9863936335409719,0.9731525631462614,0.9985202825176573,0.9745579974013537,0.9743470630862404,0.9863936335409719,0.9699594832432186,0.646997333784756,0.0014797174823426465,0.25,
HistoKit (no postprocessing),constant,cfd234aa-a9c1-9363-1732-dc841509f243_163200_4.png,14647056,5426727,978884,2815192,0.8853344281046759,0.7942601354407094,0.9373551927116065,0.8387841015658465,0.8410382766212923,0.8853344281046759,0.8471833522204205,0.6584300331027276,0.06264480728839353,0.25,
HistoKit (no postprocessing),constant,745e05db-827a-cff7-7148-db0494ae96fc_133425_1.png,34962475,2376193,79273,300171,0.9946028408978249,0.9892636277051057,0.9977377555480395,0.9914875644896302,0.9899400054806561,0.9946028408978249,0.9677157004006571,0.8878437312712322,0.0022622444519605584,0.25,
HistoKit (no postprocessing),constant,73f410c7-98a8-a0f8-02ae-aabdcdcb9cee_162913_2.png,17018127,1358313,29354,37117,0.9980508595720723,0.9961093026596236,0.998278103374921,0.9978237192033137,0.9963958509586691,0.9980508595720724,0.9788465100056426,0.9734010305067256,0.0017218966250790954,0.25,
HistoKit (no postprocessing),constant,7530b966-b7ee-7dd8-6676-04339b0c22b7_154932_1.png,16931297,455191,220166,736171,0.9725339930740551,0.9465364172813464,0.98716342739975,0.958331833401368,0.9478631563022599,0.972533993074055,0.6740005656267722,0.3820761447821905,0.012836572600249903,0.25,
HistoKit (no postprocessing),constant,cfd234aa-a9c1-9363-1732-dc841509f243_163200_3.png,11288919,859089,32528,5089288,0.8150945856580014,0.6878984396494124,0.9971268690300807,0.6892646429490115,0.703423960776902,0.8150945856580013,0.9635179679167176,0.14442410089340335,0.0028731309699193044,0.25,
HistoKit (no postprocessing),constant,91e6ffad-da04-5736-d731-feb79e91105c_134712_4.png,8171995,308488,32028,1542977,0.912104166556216,0.8384113060428849,0.9960960616517043,0.8411753528471312,0.8433686162223056,0.9121041665562158,0.9059427457153262,0.16661832656842016,0.0039039383482957083,0.25,
HistoKit (no postprocessing),constant,778d67ae-3cb9-eeb7-6fac-a66f6e936029_142330_1.png,16849636,344663,66658,1631891,0.9520154362043923,0.9084250561443074,0.9960595388091505,0.9117015060497977,0.9100956615963882,0.9520154362043923,0.8379416562733243,0.17437570640619987,0.003940461190849485,0.25,
HistoKit (no postprocessing),constant,22c86e01-80fd-7f77-3526-d5f72a54b219_141444_3.png,15786079,744170,32244,699642,0.9773438272929544,0.9556915152683759,0.997961604400163,0.9575607278565493,0.9576016524027879,0.9773438272929544,0.9584706097520137,0.5154202901762833,0.002038395599836974,0.25,
HistoKit (no postprocessing),constant,e7510405-61bb-4166-6cb6-90d49adffbe4_135053_1.png,7507887,424250,1144343,22568,0.9278913851440599,0.8654826314111291,0.8677401086193964,0.9970031027341641,0.8717546055367551,0.9278913851440598,0.27046531509448274,0.9494917393659164,0.13225989138060362,0.25,
HistoKit (no postprocessing),constant,75867af4-ee91-110d-5a8d-03a78d8d262a_171204_3.png,17721177,314911,29947,3966190,0.8986741911601029,0.8159930367079464,0.9983129519009614,0.817119800665521,0.8186230850492857,0.8986741911601029,0.9131613591681214,0.073558414062177,0.0016870480990386861,0.25,
HistoKit (no postprocessing),constant,e0661871-0847-f23e-2d1f-8518496574c0_141209_3.png,42629831,1700898,79155,113454,0.9977460049013794,0.9955021479392581,0.9981466429570582,0.9973456883344366,0.9956739766456864,0.9977460049013794,0.955532222916958,0.9374685838249689,0.001853357042941736,0.25,
HistoKit (no postprocessing),constant,91e6ffad-da04-5736-d731-feb79e91105c_134712_1.png,82424109,3009122,148029,3350520,0.9792181990640783,0.9592825794565154,0.9982072766482079,0.9609380997730692,0.9606603061357818,0.9792181990640781,0.9531131073553339,0.47315902373121005,0.0017927233517921021,0.25,
HistoKit (no postprocessing),constant,6875bf3f-1b6d-1a53-f365-0d72c060072a_140344_3.png,7816439,628486,12186,899145,0.9449154081648751,0.8955826058661033,0.9984434048124671,0.8968347961536485,0.9025966155693046,0.9449154081648751,0.9809793466859797,0.4114121800356238,0.0015565951875329321,0.25,
HistoKit (no postprocessing),constant,bc7dd6a2-14aa-d481-064a-28427e54cce1_153909_3.png,24136605,1305009,246060,1826306,0.9588371776697917,0.9209291352949339,0.9899084041879753,0.9296571174164561,0.9246795265534103,0.9588371776697917,0.8413610226237518,0.41676068999765276,0.010091595812024649,0.25,
HistoKit (no postprocessing),constant,dad7b6f2-9f0b-8c2a-a00e-ff89c406e2d2_171435_1.png,23695640,1066195,32036,98965,0.9972433772697064,0.9945019106973576,0.9986498467022223,0.9958408639269279,0.994737401556014,0.9972433772697064,0.9708294520915909,0.9150631672903292,0.0013501532977776669,0.25,
HistoKit (no postprocessing),constant,c4a5bf6f-509c-e7c4-3751-4f823d57d1f3_145315_3.png,21699994,1127918,82424,2686289,0.9400305198103798,0.8868467794395511,0.9962160307455307,0.8898442620386223,0.8918328881248992,0.9400305198103798,0.9319002397669419,0.2957149415330631,0.0037839692544693617,0.25,
HistoKit (no postprocessing),constant,7a951edf-c71d-16ea-3e52-69a0dd7b54e1_133148_1.png,12563269,2860308,430,388413,0.9847604470417275,0.9699784096987426,0.9999657744108642,0.9700106132933158,0.975409013927027,0.9847604470417275,0.99984968913616,0.8804412567284171,3.4225589135811036e-05,0.25,
HistoKit (no postprocessing),constant,dad7b6f2-9f0b-8c2a-a00e-ff89c406e2d2_171435_3.png,5726800,592714,24137,363395,0.967272385782035,0.9366190779303446,0.995802944807081,0.9403311388223201,0.9422201666724814,0.967272385782035,0.9608706154322518,0.6199230422472751,0.0041970551929189975,0.25,
HistoKit (no postprocessing),constant,0584763b-507d-517f-59c7-4dbcdbe7ec5e_135202_2.png,16981286,1479832,70746,170897,0.9929352858997056,0.9859696919147725,0.9958511689398659,0.9900364285992052,0.9870798220647743,0.9929352858997057,0.9543744332758494,0.8964718012466008,0.004148831060134065,0.25,
HistoKit (no postprocessing),constant,778d67ae-3cb9-eeb7-6fac-a66f6e936029_142330_3.png,18446955,628252,8324,1992109,0.9485675076192956,0.9021668195468292,0.9995489637409437,0.9025342354229137,0.9050831671066691,0.9485675076192956,0.9869237922887448,0.23975780436359723,0.0004510362590562841,0.25,
HistoKit (no postprocessing),constant,00a8cbc5-e358-18d7-ac64-8f4f6e3173fd_135812_2.png,8472398,5773011,134858,210293,0.9800374749558226,0.9608563558875601,0.9843320565810986,0.9757802045471847,0.976344225307322,0.9800374749558226,0.9771731566830612,0.9648533652978355,0.01566794341890145,0.25,
HistoKit (no postprocessing),constant,1d49a2ac-7490-df96-fb85-41e83b5a5b35_151838_1.png,0,6040522,195178,0,0.0,0.0,0.0,,0.9686999053835175,,0.9686999053835175,1.0,1.0,0.25,
HistoKit (no postprocessing),constant,7a951edf-c71d-16ea-3e52-69a0dd7b54e1_133148_5.png,5755852,2905319,483,430191,0.9639373330839134,0.9303851628523019,0.9999160924442375,0.9304578063877021,0.9526307366656602,0.9639373330839134,0.9998337808288383,0.8710269194216177,8.390755576247733e-05,0.25,
HistoKit (no postprocessing),constant,3c8a2c44-1287-eab9-5fb8-1902a0075b0d_153549_25.png,37426053,2823426,68346,115909,0.9975444571465826,0.9951009441347834,0.9981771677417739,0.9969125481507866,0.9954430377367571,0.9975444571465826,0.9763653566048776,0.9605662505294565,0.0018228322582260887,0.25,
HistoKit (no postprocessing),constant,2f6f5632-66e3-03e5-2957-29197ae74c65_142917_3.png,5398967,642570,5086,75213,0.9926183783708254,0.985344934887264,0.9990588545301091,0.9862604079515106,0.9868831834109898,0.9926183783708256,0.9921470657262498,0.8952148490560518,0.0009411454698908393,0.25,
HistoKit (no postprocessing),constant,7a951edf-c71d-16ea-3e52-69a0dd7b54e1_133148_3.png,8612315,1490233,779,393921,0.9775984671380807,0.956178600790606,0.9999095563104269,0.956261306055049,0.9623996689418026,0.9775984671380807,0.9994775360627547,0.7909295100082053,9.04436895731081e-05,0.25,
HistoKit (no postprocessing),constant,6875bf3f-1b6d-1a53-f365-0d72c060072a_140344_5.png,10646222,460272,30253,1313763,0.9406260519533531,0.8879074794011595,0.9971663868458457,0.890153457550323,0.8920513296242484,0.9406260519533532,0.938325263748025,0.25944922168953827,0.002833613154154344,0.25,
HistoKit (no postprocessing),constant,6c5eefac-6637-5ca1-aed4-decff7ee7c9b_152621_1.png,35016476,359061,376013,223256,0.9915156426979692,0.9831740428285299,0.9893759096739424,0.9936646510251553,0.9833419810519618,0.9915156426979692,0.4884691881361604,0.6166074492072188,0.010624090326057599,0.25,
HistoKit (no postprocessing),constant,e92b8137-1dab-8f48-a38e-05fbbeabd072_134925_1.png,6172849,30361,24623,179744,0.9837158612325912,0.9679535709626269,0.9960269283991925,0.9717054122623627,0.9681054164468098,0.9837158612325912,0.5521788156554635,0.14450393850693702,0.0039730716008075555,0.25,
HistoKit (no postprocessing),constant,e75d7a32-60ad-6f71-61b5-c428fc2cae22_164833_1.png,39596234,11456762,58793,458195,0.9935140944883628,0.987111780749001,0.9985173884763715,0.9885606907540737,0.9899750211285697,0.9935140944883629,0.9948944710003121,0.9615445527835308,0.0014826115236285175,0.25,
HistoKit (no postprocessing),constant,6875bf3f-1b6d-1a53-f365-0d72c060072a_140344_2.png,15793432,765766,16601,401351,0.9869409653847097,0.9742186108231105,0.9989499705661589,0.9752172659553389,0.975381498072409,0.9869409653847095,0.9787810579945218,0.6561175957508973,0.0010500294338411564,0.25,
HistoKit (no postprocessing),constant,654bcee2-3394-aaf6-25f2-380d7ca46c60_144121_2.png,5371948,1824655,9381,57424,0.9938204747314721,0.9877168534772585,0.998256750330634,0.9894234544989734,0.9908025268579157,0.9938204747314722,0.9948850513294177,0.9694890597047201,0.0017432496693660618,0.25,
HistoKit (no postprocessing),constant,59481929-3828-f3c5-2452-07bdbf0def53_144939_3.png,23401793,1217419,13828,496553,0.9892128892933455,0.9786560184782864,0.9994094540563327,0.9792222859272353,0.9796900411399421,0.9892128892933454,0.9887691096912318,0.7102910665985208,0.0005905459436672638,0.25,
HistoKit (no postprocessing),constant,098b4b43-88d6-52e4-6dfc-ff0d08e21e37_154649_3.png,44887299,6956349,94942,416423,0.9943361627543365,0.9887361222788407,0.9978893448194366,0.9908081945231785,0.9902327404636496,0.9943361627543363,0.9865355152694734,0.9435188013409339,0.0021106551805633693,0.25,
HistoKit (no postprocessing),constant,7530b966-b7ee-7dd8-6676-04339b0c22b7_154932_2.png,10321884,1293860,24082,2135682,0.9052881807958522,0.8269648366946416,0.9976723294857145,0.8285634609521635,0.8432171067665889,0.9052881807958522,0.9817275722300375,0.37726903475741075,0.0023276705142854714,0.25,
HistoKit (no postprocessing),constant,d89a4519-168e-fe8e-eec5-c3f8080d7609_170312_1.png,15807503,493902,25879,270406,0.9907153552640663,0.9816015337509411,0.9983655418659134,0.9831815194376333,0.98214902194221,0.9907153552640663,0.9502117237836705,0.6462080731851557,0.0016344581340865774,0.25,
HistoKit (no postprocessing),constant,c4a5bf6f-509c-e7c4-3751-4f823d57d1f3_145315_1.png,22884741,1092092,37975,1142982,0.9748467314650668,0.950927789420444,0.9983433463992661,0.9524306984894074,0.9530579991326742,0.9748467314650667,0.9663957977712826,0.4886155894614675,0.0016566536007338747,0.25,
HistoKit (no postprocessing),constant,34677a0d-5045-a6c6-f661-b69bd9d6f859_140044_3.png,4378597,132382,10657,10584,0.997580320410187,0.995172322253683,0.9975720247677624,0.9975886161905831,0.99531333430416,0.9975803204101871,0.9254958437908543,0.9259684120700027,0.002427975232237642,0.25,
HistoKit (no postprocessing),constant,00a8cbc5-e358-18d7-ac64-8f4f6e3173fd_135812_1.png,0,9249511,108233,0,0.0,0.0,0.0,,0.98843385756225,,0.98843385756225,1.0,1.0,0.25,
HistoKit (no postprocessing),constant,6c5eefac-6637-5ca1-aed4-decff7ee7c9b_152621_2.png,36338813,928849,128236,4381530,0.9415738000320052,0.8895979710824212,0.9964835103602707,0.8923994819984694,0.8920525696316202,0.9415738000320052,0.8786890363594224,0.17491199780655958,0.0035164896397292798,0.25,
HistoKit (no postprocessing),constant,654bcee2-3394-aaf6-25f2-380d7ca46c60_144121_1.png,8601599,959283,15032,473186,0.9724036787106244,0.9462895677657757,0.9982554666667286,0.9478570566685602,0.9514167437880009,0.9724036787106245,0.9845717247502092,0.6696710365110868,0.0017445333332714375,0.25,
HistoKit (no postprocessing),constant,997c9bdf-d489-63a3-9c13-1b5273502c59_152111_5.png,1630139,4338780,280109,127700,0.8888224297842445,0.7998923426898037,0.8533651128021074,0.927353984067938,0.936047295729095,0.8888224297842445,0.9393557628252162,0.9714092529240028,0.14663488719789264,0.25,
HistoKit (no postprocessing),constant,98188e68-f597-a02c-6cf5-9f993d1f10ac_162142_1.png,29007094,1208175,68690,291551,0.9938287876015027,0.9877332757637014,0.99763755295472,0.9900489937333279,0.9882179888413962,0.9938287876015027,0.9462041797684172,0.8055971557471164,0.0023624470452800173,0.25,
HistoKit (no postprocessing),constant,997c9bdf-d489-63a3-9c13-1b5273502c59_152111_1.png,11820400,1155445,454,55141,0.9976538625390065,0.9953187080324638,0.999961593299435,0.9953567589047101,0.9957337792293101,0.9976538625390065,0.9996072321197613,0.9544509848949186,3.840670056495072e-05,0.25,
HistoKit (no postprocessing),constant,8a46ca7f-3853-419d-26c8-1bf78b04ebee_163832_1.png,8426227,1140303,112436,366298,0.9723773119303766,0.946239629797368,0.9868321305103621,0.9583398398071089,0.9523423177330133,0.9723773119303767,0.9102478648784783,0.7568712618669442,0.013167869489637898,0.25,
HistoKit (no postprocessing),constant,b3ac8263-eb4f-ecee-6126-3ea976dfb769_143901_1.png,31619658,1194642,50826,166554,0.9965743567865557,0.9931721035103831,0.9983951618800647,0.9947601809237289,0.9934190449895374,0.9965743567865557,0.9591912437734249,0.8776414270979345,0.0016048381199352685,0.25,
HistoKit (no postprocessing),constant,7ba3b133-6b39-da9f-5b13-68d3bea507d2_165139_1.png,22857606,2861011,5202,727313,0.9842292605620938,0.9689482304902124,0.9997724688935847,0.9691619462420032,0.9723068562812359,0.9842292605620938,0.9981850616126575,0.7973112238471219,0.00022753110641527498,0.25,
HistoKit (no postprocessing),constant,7530b966-b7ee-7dd8-6676-04339b0c22b7_154932_3.png,23639947,877861,44544,1382854,0.9706943674881371,0.9430574717825123,0.9981192756052896,0.9447362427571557,0.9449841330995792,0.9706943674881372,0.9517088480656545,0.38831122012283725,0.0018807243947104458,0.25,
HistoKit (no postprocessing),constant,7a951edf-c71d-16ea-3e52-69a0dd7b54e1_133148_6.png,7765806,2661204,0,91212,0.9941616189236978,0.988391015522683,1.0,0.988391015522683,0.9913281921602339,0.9941616189236977,1.0,0.9668611140176485,0.0,0.25,
HistoKit (no postprocessing),constant,00a8cbc5-e358-18d7-ac64-8f4f6e3173fd_135812_4.png,10650730,1407439,20930,235313,0.9881136223093898,0.9765064972655566,0.9980387306192289,0.9783839729459088,0.9791916171068501,0.9881136223093899,0.9853469236590825,0.856756832437276,0.0019612693807711267,0.25,
HistoKit (no postprocessing),constant,c4a5bf6f-509c-e7c4-3751-4f823d57d1f3_145315_4.png,16580534,1054528,38570,7837623,0.8080721566675709,0.6779539224525015,0.9976791769279499,0.6790247929030844,0.6912659530077999,0.8080721566675709,0.9647149660872126,0.1185908786299288,0.002320823072050094,0.25,
HistoKit (no postprocessing),constant,302e8390-e88c-6502-e08e-b8e893212016_162708_1.png,14819719,4965576,361543,249196,0.979810399125929,0.9604199045809269,0.9761849179600484,0.983462910236072,0.9700559922581027,0.979810399125929,0.9321316080981108,0.9522134428887783,0.02381508203995162,0.25,
HistoKit (no postprocessing),constant,ec461d09-d9f6-ab63-cb21-aeb55b7abbf3_142116_2.png,39518790,1588118,94698,260644,0.9955242609662358,0.9910884078931173,0.9976094505992504,0.9934477700210617,0.991429746335522,0.9955242609662357,0.9437264680155169,0.8590170070566141,0.002390549400749563,0.25,
HistoKit (no postprocessing),constant,7a951edf-c71d-16ea-3e52-69a0dd7b54e1_133148_2.png,8033955,479729,3708,266355,0.9834702260800652,0.967478032923339,0.9995386718751458,0.9679102346779819,0.9692542374000526,0.9834702260800651,0.99232992096178,0.6429959629210652,0.000461328124854202,0.25,
HistoKit (no postprocessing),constant,59481929-3828-f3c5-2452-07bdbf0def53_144939_1.png,25519725,884870,17297,108989,0.9975318248133869,0.9950758034066195,0.9993226696519273,0.9957473870909013,0.9952400374491899,0.9975318248133869,0.9808272747728525,0.8903375629742247,0.0006773303480726923,0.25,
HistoKit (no postprocessing),constant,e04480a3-f748-c87a-3eb6-396b6ccbcb83_134430_1.png,63547767,707115,590625,120223,0.9944380868241776,0.98893770119384,0.9907913968282834,0.9981117198768172,0.989058108020952,0.9944380868241774,0.5448818715613297,0.8546869598640459,0.009208603171716559,0.25,
HistoKit (no postprocessing),constant,dfdc8007-a219-a302-d10c-929e29813dc8_163630_1.png,3832688,375448,635,108421,0.985972480047417,0.9723330586664177,0.9998343473795451,0.9724897230703338,0.9747391359939517,0.985972480047417,0.9983115429306828,0.7759290221113566,0.00016565262045488993,0.25,
HistoKit (no postprocessing),constant,bb1fc306-b767-ee67-c337-445c06bd68ce_150126_2.png,26888577,9913194,296342,1291552,0.9713195588668143,0.9442383854375775,0.9890990295023502,0.954167988372232,0.9586374614105124,0.9713195588668142,0.9709739992101502,0.884731702084099,0.010900970497649818,0.25,
HistoKit (no postprocessing),constant,d28668ca-fcc7-90f7-7049-f08e38cdd015_141933_2.png,11227062,784072,5221,265873,0.9880707855035759,0.9764228281474003,0.9995351790904841,0.976866396616704,0.9779279459720175,0.9880707855035757,0.9933852194305537,0.7467743548471587,0.0004648209095159016,0.25,
HistoKit (no postprocessing),constant,e04480a3-f748-c87a-3eb6-396b6ccbcb83_134430_2.png,14564820,669786,19077,41469,0.9979258097224869,0.995860206165097,0.998691913416558,0.9971608804946965,0.9960414907939457,0.9979258097224868,0.9723065399070643,0.9416960161967227,0.0013080865834419978,0.25,
HistoKit (no postprocessing),constant,7ba3b133-6b39-da9f-5b13-68d3bea507d2_165139_3.png,14995971,561151,9296,2517296,0.9223030164889967,0.8558092215162816,0.9993804841993148,0.8562634829926364,0.8602835678555855,0.9223030164889968,0.9837040075589845,0.18228379439373166,0.0006195158006851861,0.25,
HistoKit (no postprocessing),constant,e338d5a6-7427-4506-5755-323615d750be_135343_3.png,7812975,547492,10032,743991,0.9539667739379057,0.911985155126685,0.9987176286560909,0.9130543465990165,0.9172720580087311,0.9539667739379057,0.9820061557888091,0.4239250536011701,0.001282371343909062,0.25,
HistoKit (no postprocessing),constant,0584763b-507d-517f-59c7-4dbcdbe7ec5e_135202_6.png,12906395,553770,76452,13498,0.9965273943992026,0.9930788233153244,0.9941113070191769,0.9989552545055908,0.9933616799562218,0.9965273943992025,0.8786903662518922,0.9762052504283689,0.005888692980823082,0.25,
HistoKit (no postprocessing),constant,e75d7a32-60ad-6f71-61b5-c428fc2cae22_164833_5.png,45202561,4993038,702034,95067,0.9912600704919221,0.9826715900651618,0.9847066726108792,0.9979012808352791,0.9843683311532827,0.9912600704919221,0.876729565491007,0.9813158336944697,0.015293327389120849,0.25,
HistoKit (no postprocessing),constant,110ff982-b33a-42d4-9522-02719d6987c7_164031_2.png,6155660,173048,8129,756795,0.9415027740381718,0.8894711775769213,0.9986811683527778,0.8905171896236576,0.8921675102401704,0.9415027740381717,0.9551322739641345,0.18610453592703285,0.0013188316472221874,0.25,
HistoKit (no postprocessing),constant,31439255-cb2a-2a33-e39f-915211d58cf0_143129_8.png,7354032,4580500,498823,618755,0.929381822235079,0.8680796212290226,0.9364787710966267,0.9223916304298609,0.9143756833186358,0.929381822235079,0.9017934082947668,0.8809916036047473,0.06352122890337336,0.25,
HistoKit (no postprocessing),constant,015b92ff-7984-c969-27c5-4144ab20b802_144644_7.png,22017693,4861256,32064,848367,0.980398196920252,0.9615500815700011,0.9985458343146366,0.9628984180046759,0.9682834775128263,0.9803981969202519,0.9934473935896283,0.8514145329735431,0.0014541656853633352,0.25,
HistoKit (no postprocessing),constant,091684ab-dffb-81d6-97c1-29bfeceeac37_154424_1.png,0,6267842,20721,0,0.0,0.0,0.0,,0.996704970595031,,0.996704970595031,1.0,1.0,0.25,
HistoKit (no postprocessing),constant,31439255-cb2a-2a33-e39f-915211d58cf0_143129_5.png,3543625,239489,2523,1923261,0.7863334366651673,0.6478990691681679,0.9992885237728375,0.6481980783941718,0.662669748172064,0.7863334366651673,0.9895748971125399,0.11073355681424113,0.0007114762271625437,0.25,
HistoKit (no postprocessing),constant,bc7dd6a2-14aa-d481-064a-28427e54cce1_153909_1.png,23051559,491778,14151,1932095,0.9594948644897776,0.9221433241838634,0.9993864918964125,0.9226656356992456,0.9236454358629562,0.9594948644897777,0.9720296721476729,0.2028893427997259,0.0006135081035875332,0.25,
HistoKit (no postprocessing),constant,dfdc8007-a219-a302-d10c-929e29813dc8_163630_4.png,1741663,706586,550,224137,0.9394050128734716,0.8857339741144761,0.9996843095534242,0.8859817885848,0.9159400000598593,0.9394050128734716,0.9992222146800616,0.7591796914871557,0.0003156904465757057,0.25,
HistoKit (no postprocessing),constant,8a22c195-cd7e-901b-eb5d-b1439c8b19ac_152323_2.png,2664367,491604,10712,46141,0.9894434905610103,0.9791075326507963,0.9959956322785234,0.9829769917668569,0.9823043528061295,0.9894434905610102,0.9786747784263292,0.9141953900082753,0.004004367721476637,0.25,
HistoKit (no postprocessing),constant,bc7dd6a2-14aa-d481-064a-28427e54cce1_153909_2.png,12012279,455968,7580,2032681,0.921723569229466,0.8548119414710792,0.9993693769619094,0.855273279525182,0.8593748578420332,0.9217235692294659,0.983647863867388,0.18321908794691416,0.0006306230380905466,0.25,
HistoKit (no postprocessing),constant,e338d5a6-7427-4506-5755-323615d750be_135343_2.png,6366385,922125,213,59297,0.995347975497722,0.9907390332397277,0.999966544141785,0.9907718744874084,0.9919012196482863,0.9953479754977221,0.9997690651366419,0.9395805270311853,3.3455858215015307e-05,0.25,
HistoKit (no postprocessing),constant,7ba3b133-6b39-da9f-5b13-68d3bea507d2_165139_2.png,10217191,5174600,76883,163812,0.9883582053890295,0.9769843541993095,0.9925313340471421,0.984220021899618,0.9846028968137249,0.9883582053890295,0.9853597545683762,0.969314470295661,0.007468665952857926,0.25,
HistoKit (no postprocessing),constant,00a8cbc5-e358-18d7-ac64-8f4f6e3173fd_135812_3.png,6470766,2157315,2977,113265,0.9910978701270217,0.9823528375857445,0.9995401423874875,0.9827970129545259,0.9867065752260067,0.9910978701270217,0.9986219455518051,0.9501162698517559,0.0004598576125125758,0.25,
HistoKit (no postprocessing),constant,d28668ca-fcc7-90f7-7049-f08e38cdd015_141933_3.png,1788485,1551690,88982,85288,0.9535433616617438,0.9112115368448941,0.9526052921303011,0.9544832805254425,0.9504132231404959,0.9535433616617438,0.9457649060872618,0.9478991165428002,0.04739470786969891,0.25,
HistoKit (no postprocessing),constant,098b4b43-88d6-52e4-6dfc-ff0d08e21e37_154649_1.png,38679311,1856482,164708,844459,0.9871226812332297,0.9745727966690988,0.995759759050679,0.9786341485136666,0.9757090390747759,0.9871226812332297,0.9185093929813625,0.6873463729863036,0.004240240949320924,0.25,
HistoKit (no postprocessing),constant,73f410c7-98a8-a0f8-02ae-aabdcdcb9cee_162913_1.png,14940184,3081667,34113,81448,0.9961474438748005,0.9923244582051569,0.9977218963935335,0.9945779526485538,0.9936285838354446,0.9961474438748004,0.9890515376567023,0.9742506990735399,0.002278103606466467,0.25,
HistoKit (no postprocessing),constant,191c1954-41f1-2c63-fab4-33ae150d32f8_151532_2.png,27949516,441034,1597,2592842,0.9556456651375672,0.9150588389748479,0.9999428645292229,0.9151066856069201,0.9162678740986482,0.9556456651375672,0.9963920285745915,0.1453698173557522,5.713547077713864e-05,0.25,
HistoKit (no postprocessing),constant,6c5eefac-6637-5ca1-aed4-decff7ee7c9b_152621_3.png,19506708,769781,115254,1217012,0.9669787215395194,0.9360685415702328,0.9941262754458499,0.9412744430054064,0.9383460083655907,0.9669787215395194,0.8697746416808375,0.38744901960093475,0.00587372455415009,0.25,
HistoKit (no postprocessing),constant,8a22c195-cd7e-901b-eb5d-b1439c8b19ac_152323_1.png,13712685,4735087,159662,315314,0.9829759817315528,0.966521895328624,0.9884906281539815,0.9775225247734906,0.974899205971564,0.9829759817315528,0.9673809627419098,0.937566541745893,0.011509371846018558,0.25,
HistoKit (no postprocessing),constant,d89a4519-168e-fe8e-eec5-c3f8080d7609_170312_3.png,19287543,4579896,48702,2511436,0.9377628768959664,0.8828187760522501,0.997481310357828,0.8847911179693324,0.903126268442998,0.9377628768959664,0.9894780233669029,0.64584425041727,0.0025186896421719937,0.25,
HistoKit (no postprocessing),constant,31439255-cb2a-2a33-e39f-915211d58cf0_143129_4.png,9527853,369894,44001,1521418,0.9240866344585953,0.8588857282143627,0.9954030849195986,0.8623060290583876,0.8634392104240661,0.9240866344585953,0.8936904287319247,0.19557534663767798,0.004596915080401351,0.25,
HistoKit (no postprocessing),constant,bb1fc306-b767-ee67-c337-445c06bd68ce_150126_1.png,27438987,4543198,752544,172871,0.9834165089865778,0.9673740697935391,0.9733060258415905,0.9937392478260608,0.9718783806780197,0.983416508986578,0.8578964005421714,0.9633442598062072,0.02669397415840949,0.25,
HistoKit (no postprocessing),constant,745e05db-827a-cff7-7148-db0494ae96fc_133425_4.png,24564923,4630278,219755,1157012,0.972740856727019,0.9469283998074143,0.9911334333252181,0.9550184696446826,0.9549663600328249,0.9727408567270192,0.9546899990165015,0.8000770654313158,0.008866566674781895,0.25,
HistoKit (no postprocessing),constant,e338d5a6-7427-4506-5755-323615d750be_135343_5.png,4502636,148400,41970,279935,0.9654874138230678,0.9332775905521375,0.9907648759870492,0.9414676750224932,0.9352686870807436,0.9654874138230678,0.7795345905342228,0.3464577958840627,0.009235124012950739,0.25,
HistoKit (no postprocessing),constant,bb1fc306-b767-ee67-c337-445c06bd68ce_150126_3.png,30982731,1754719,123825,4213865,0.9345779217253503,0.877190308688563,0.9960193278870216,0.8802763483150473,0.8830027344468557,0.9345779217253504,0.9340845889156708,0.2939925114566537,0.00398067211297837,0.25,
HistoKit (no postprocessing),constant,e0661871-0847-f23e-2d1f-8518496574c0_141209_2.png,42614088,3071450,124087,756153,0.9897775381212447,0.9797619588466799,0.9970965770063883,0.9825651649018967,0.9810968475604552,0.9897775381212447,0.9611686549083925,0.8024473802533857,0.002903422993611683,0.25,
HistoKit (no postprocessing),constant,d28668ca-fcc7-90f7-7049-f08e38cdd015_141933_1.png,23136636,3882418,27674,78356,0.9977138508897784,0.9954381308925577,0.9988053173178912,0.9966247673055412,0.9960910720129014,0.9977138508897784,0.9929224171707469,0.9802169979907968,0.001194682682108813,0.25,
HistoKit (no postprocessing),constant,1cfd19dd-0b58-a07f-0753-c0e3d9e98b9b_133722_2.png,20360756,763885,3723,3885186,0.9128250997676081,0.8396304031416516,0.9998171816720673,0.8397593296230768,0.8445279058750157,0.9128250997676082,0.9951498681618743,0.16430917058483296,0.0001828183279326714,0.25,
HistoKit (no postprocessing),gaussian,1d49a2ac-7490-df96-fb85-41e83b5a5b35_151838_3.png,0,6117491,71944,0,0.0,0.0,0.0,,0.988376321909835,,0.988376321909835,1.0,1.0,0.75,1.75
HistoKit (no postprocessing),gaussian,538ad0bc-9add-9e27-6ee9-4f1bdd825510_142716_4.png,0,6987044,2932,0,0.0,0.0,0.0,,0.9995805421935641,,0.9995805421935641,1.0,1.0,0.75,1.75
HistoKit (no postprocessing),constant,dfdc8007-a219-a302-d10c-929e29813dc8_163630_5.png,11903878,361259,18320,139123,0.9934303487319258,0.9869464547042567,0.9984633705965964,0.98844781296622,0.9873260627019508,0.9934303487319258,0.95173600225513,0.7219664176569102,0.0015366294034036341,0.25,
HistoKit (no postprocessing),gaussian,110ff982-b33a-42d4-9522-02719d6987c7_164031_4.png,11921890,433178,16699,2931886,0.8899468188045363,0.8017154798350422,0.9986012584904297,0.8026167891585277,0.8073280281511872,0.8899468188045363,0.9628809652416105,0.12872801230526373,0.001398741509570352,0.75,1.75
HistoKit (no postprocessing),gaussian,4adc5212-3bb5-0299-1727-5490f70e71c6_162331_3.png,4307573,237923,4375,1163185,0.8806506093508278,0.786752212229365,0.9989853773746807,0.7873813829820292,0.7956330202259526,0.8806506093508278,0.9819437221933321,0.16981060703386178,0.0010146226253192293,0.75,1.75
HistoKit (no postprocessing),gaussian,4adc5212-3bb5-0299-1727-5490f70e71c6_162331_1.png,5743402,615687,14629,3304900,0.7758034349220702,0.6337245643820967,0.9974593745674519,0.6347491496194535,0.6570244842807104,0.7758034349220703,0.9767910064158295,0.157039494341026,0.002540625432548036,0.75,1.75
HistoKit (no postprocessing),constant,a796f488-e06e-b9c5-67ad-c084c09ace36_143658_2.png,39308686,3114650,3461,2029283,0.9747955229227445,0.950830341379096,0.9999119610536662,0.9509099491559443,0.9542752307445911,0.9747955229227445,0.9988900331001687,0.6054997217109943,8.803894633381382e-05,0.25,
HistoKit (no postprocessing),gaussian,dfdc8007-a219-a302-d10c-929e29813dc8_163630_7.png,2243781,428599,33681,142499,0.9622234677647262,0.927197173838752,0.9852111692752722,0.9402840404311313,0.9381512062234953,0.9622234677647262,0.9271415592281734,0.750482404070755,0.01478883072472779,0.75,1.75
HistoKit (no postprocessing),constant,745e05db-827a-cff7-7148-db0494ae96fc_133425_2.png,28631994,4381954,124775,284063,0.9929110808615482,0.9859219598116197,0.9956610215841704,0.9901762885582913,0.9877676863921517,0.9929110808615482,0.9723136225852498,0.9391208818999159,0.004338978415829678,0.25,
HistoKit (no postprocessing),gaussian,2f6f5632-66e3-03e5-2957-29197ae74c65_142917_2.png,23556467,1059151,16732,98984,0.9975498770343848,0.9951117309290824,0.9992902108873726,0.9958155944691142,0.9953210773021787,0.9975498770343849,0.9844481230765799,0.9145315528845946,0.0007097891126274376,0.75,1.75
HistoKit (no postprocessing),gaussian,015b92ff-7984-c969-27c5-4144ab20b802_144644_8.png,19306837,4873882,77198,1265399,0.9663983408261496,0.9349814140184182,0.996017444252448,0.938489962880068,0.9473972347480242,0.9663983408261496,0.984407846368873,0.7938848213658896,0.003982555747552045,0.75,1.75
HistoKit (no postprocessing),constant,745e05db-827a-cff7-7148-db0494ae96fc_133425_3.png,48887537,5047794,439028,694281,0.988541830675768,0.9773432660455204,0.9910995626798663,0.9859972661752742,0.9794200655763425,0.9885418306757678,0.9199850113599457,0.8790888311281201,0.008900437320133684,0.25,
HistoKit (no postprocessing),gaussian,34677a0d-5045-a6c6-f661-b69bd9d6f859_140044_2.png,23270392,1124611,60090,44914,0.9977489071467718,0.9955079263683918,0.997424399547339,0.9980736259691381,0.9957141236735156,0.9977489071467718,0.9492783411172946,0.9615963745965243,0.0025756004526610293,0.75,1.75
HistoKit (no postprocessing),gaussian,91e6ffad-da04-5736-d731-feb79e91105c_134712_2.png,6782690,190505,973,923076,0.9362259893057208,0.8800985734692715,0.9998565671673254,0.8802097027083355,0.8829909522866458,0.9362259893057207,0.9949184762740367,0.17107421911832188,0.00014343283267461842,0.75,1.75
HistoKit (no postprocessing),gaussian,59481929-3828-f3c5-2452-07bdbf0def53_144939_2.png,22528065,2394864,5583,282528,0.993646139098458,0.9873725115023657,0.9997522371876937,0.9876141755718495,0.9885720303486092,0.993646139098458,0.9976741831833821,0.8944764158554295,0.0002477628123062897,0.75,1.75
HistoKit (no postprocessing),gaussian,8a22c195-cd7e-901b-eb5d-b1439c8b19ac_152323_3.png,3876329,438113,106656,2711,0.9860892072971023,0.9725601250070252,0.9732220934801411,0.9993011157399769,0.9752776396991824,0.9860892072971023,0.8042179345741038,0.9938501533491825,0.02677790651985885,0.75,1.75
HistoKit (no postprocessing),gaussian,654bcee2-3394-aaf6-25f2-380d7ca46c60_144121_7.png,5254297,321883,19,505639,0.954090572832363,0.9122114669298632,0.9999963839251389,0.9122144759941777,0.9168576999255817,0.954090572832363,0.9999409758249405,0.38897213608822484,3.6160748611236932e-06,0.75,1.75
HistoKit (no postprocessing),gaussian,8b8e8141-b9e0-9b57-cdad-61702acf8a5e_150400_2.png,14489948,502075,7783,1783094,0.9417994146588388,0.8900008445517964,0.9994631573726951,0.8904265102984433,0.8932915646282824,0.9417994146588388,0.9847349654217449,0.21971022712105756,0.0005368426273049211,0.75,1.75
HistoKit (no postprocessing),gaussian,8b8e8141-b9e0-9b57-cdad-61702acf8a5e_150400_5.png,2339204,227522,15,1588845,0.7464828374979338,0.5955106637773723,0.9999935876033839,0.5955129378477713,0.6176568118190792,0.7464828374979336,0.9999340766556648,0.12526213039545422,6.412396616135556e-06,0.75,1.75
HistoKit (no postprocessing),gaussian,1cfd19dd-0b58-a07f-0753-c0e3d9e98b9b_133722_4.png,19597179,749396,3127,4779786,0.8912412505087003,0.8038189109376618,0.9998404616744249,0.8039220222862034,0.8096693016586729,0.8912412505087003,0.995844645279945,0.1355346957289523,0.00015953832557512112,0.75,1.75
HistoKit (no postprocessing),gaussian,c282e7fa-bbd4-0343-5231-dcd676a3dd4f_140949_1.png,4471525,5047215,2257471,46116,0.7951754822352674,0.6599927794551588,0.6645159248125575,0.9897920175596069,0.8051494430834133,0.7951754822352672,0.6909557782497427,0.9909458073704615,0.3354840751874425,0.75,1.75
HistoKit (no postprocessing),gaussian,3c8a2c44-1287-eab9-5fb8-1902a0075b0d_153549_11.png,12778446,2017579,56878,59883,0.9954521080424356,0.9909453954480917,0.9955686354314078,0.995335607928415,0.9921704100092363,0.9954521080424356,0.9725817406675579,0.9711749240178641,0.004431364568592114,0.75,1.75
HistoKit (no postprocessing),gaussian,6875bf3f-1b6d-1a53-f365-0d72c060072a_140344_1.png,22788023,512865,9145,2362839,0.9505301051993168,0.9057240325887032,0.9995988536821767,0.9060533591254248,0.90760737637768,0.9505301051993168,0.9824811785214843,0.17834415503125495,0.00040114631782333667,0.75,1.75
HistoKit (no postprocessing),gaussian,b3ac8263-eb4f-ecee-6126-3ea976dfb769_143901_2.png,36911362,4776045,171244,279741,0.993928066794133,0.9879294253115308,0.9953820936964355,0.992478281700868,0.9892975270627318,0.993928066794133,0.9653862954034017,0.9446691374990951,0.0046179063035645335,0.75,1.75
HistoKit (no postprocessing),gaussian,bffc0a6a-719c-940b-52f7-9a2879514091_151206_1.png,29074311,859321,48828,133040,0.996882110882319,0.9937836037987052,0.9983233950159013,0.9954449823265382,0.9939609835466786,0.996882110882319,0.9462334925216016,0.8659358842195531,0.0016766049840987265,0.75,1.75
HistoKit (no postprocessing),gaussian,997c9bdf-d489-63a3-9c13-1b5273502c59_152111_4.png,4657699,2740611,78277,60904,0.9852789849236016,0.9709850986474542,0.9834718334721291,0.9870927899634702,0.9815348369901868,0.9852789849236016,0.9722312486342132,0.9782603341406346,0.016528166527870918,0.75,1.75
HistoKit (no postprocessing),gaussian,654bcee2-3394-aaf6-25f2-380d7ca46c60_144121_5.png,6600612,495291,1055,830366,0.9407509418217307,0.8881300715430085,0.9998401918788088,0.8882561622440546,0.8951195889054112,0.9407509418217307,0.9978744666019269,0.3736192695395566,0.00015980812119120822,0.75,1.75
HistoKit (no postprocessing),gaussian,7a951edf-c71d-16ea-3e52-69a0dd7b54e1_133148_4.png,10251151,1820919,651,342585,0.9835343179916969,0.9676020896725785,0.9999364989686691,0.9676615501839956,0.972353802636842,0.9835343179916969,0.9996426159851117,0.841652707829521,6.350103133088212e-05,0.75,1.75
HistoKit (no postprocessing),gaussian,cfd234aa-a9c1-9363-1732-dc841509f243_163200_1.png,7893517,1826488,8371,3201464,0.8310334718842353,0.7109129747485264,0.9989406329221573,0.7114493481331784,0.7517498283041398,0.8310334718842352,0.9954377965827347,0.36326679331863154,0.0010593670778426625,0.75,1.75
HistoKit (no postprocessing),gaussian,997c9bdf-d489-63a3-9c13-1b5273502c59_152111_3.png,17020554,447691,207924,189335,0.9884646388721045,0.9771923719700056,0.9879313773393099,0.9889984763992377,0.9777639074721878,0.9884646388721045,0.682856554532767,0.702782931936844,0.01206862266069005,0.75,1.75
HistoKit (no postprocessing),gaussian,1cfd19dd-0b58-a07f-0753-c0e3d9e98b9b_133722_1.png,18870686,1041137,4767,4574385,0.8917983151626383,0.8047256445865426,0.9997474497698148,0.8048892664901719,0.8130269619727267,0.8917983151626384,0.9954422203184996,0.18540342286968156,0.00025255023018520405,0.75,1.75
HistoKit (no postprocessing),gaussian,a796f488-e06e-b9c5-67ad-c084c09ace36_143658_1.png,27879009,3669452,514693,983951,0.9738258580285383,0.948986939154057,0.9818729871856794,0.9659095602114267,0.9546512773206609,0.9738258580285383,0.8769896836749205,0.7885523776900475,0.018127012814320585,0.75,1.75
HistoKit (no postprocessing),gaussian,e338d5a6-7427-4506-5755-323615d750be_135343_4.png,13146116,1587750,150684,320871,0.9823808566403551,0.9653718319380752,0.9886676493592443,0.976173512308284,0.9689877051085926,0.9823808566403551,0.9133219897908117,0.8318833335691056,0.01133235064075567,0.75,1.75
HistoKit (no postprocessing),gaussian,8a46ca7f-3853-419d-26c8-1bf78b04ebee_163832_3.png,7131586,126285,13492,150375,0.9886416748440203,0.9775384749925742,0.998111707108026,0.9793496559511923,0.9779206703335526,0.9886416748440204,0.9034748206071099,0.4564628063326827,0.0018882928919740274,0.75,1.75
HistoKit (no postprocessing),gaussian,e0661871-0847-f23e-2d1f-8518496574c0_141209_1.png,30576243,2852946,333220,335518,0.9891827117496088,0.9785969464983832,0.98921948271958,0.9891459435132149,0.9803877226905905,0.9891827117496088,0.8954166229882561,0.89477127544799,0.010780517280419915,0.75,1.75
HistoKit (no postprocessing),gaussian,110ff982-b33a-42d4-9522-02719d6987c7_164031_1.png,19535253,654346,4160,1960671,0.9521185606444514,0.9086128686753038,0.9997870969818796,0.9087887080359979,0.9113120491025948,0.9521185606444513,0.9936826695580602,0.25022628915987927,0.00021290301812034988,0.75,1.75
HistoKit (no postprocessing),gaussian,6c5eefac-6637-5ca1-aed4-decff7ee7c9b_152621_4.png,8476126,813740,1995,2211015,0.8845301462615016,0.7929664287179057,0.9997646884256547,0.7931144540902005,0.8076124614400781,0.8845301462615016,0.9975543528229143,0.2690267476208817,0.000235311574345306,0.75,1.75
HistoKit (no postprocessing),gaussian,8b8e8141-b9e0-9b57-cdad-61702acf8a5e_150400_3.png,1759810,597574,3292,5111004,0.4076504798054556,0.2560056536806386,0.998132836330513,0.25612831318094187,0.3155092295173241,0.4076504798054556,0.9945212410088106,0.10468000962761655,0.0018671636694870745,0.75,1.75
HistoKit (no postprocessing),gaussian,191c1954-41f1-2c63-fab4-33ae150d32f8_151532_1.png,37520084,1495701,35553,4106470,0.9476899673059059,0.9005805683327538,0.9990533245382045,0.9013497490087697,0.9040261034573396,0.9476899673059059,0.9767817749374043,0.26698595955032434,0.0009466754617955222,0.75,1.75
HistoKit (no postprocessing),gaussian,75867af4-ee91-110d-5a8d-03a78d8d262a_171204_2.png,18280983,409047,22030,2728658,0.9300304680523477,0.8692121039740495,0.9987963730343196,0.8701235304306247,0.871707281444586,0.9300304680523479,0.9488954409537044,0.13036502794239738,0.0012036269656804594,0.75,1.75
HistoKit (no postprocessing),gaussian,538ad0bc-9add-9e27-6ee9-4f1bdd825510_142716_3.png,0,6843337,1736,0,0.0,0.0,0.0,,0.999746386926772,,0.999746386926772,1.0,1.0,0.75,1.75
HistoKit (no postprocessing),gaussian,bffc0a6a-719c-940b-52f7-9a2879514091_151206_2.png,59331311,8756710,298601,1061562,0.9886674600993469,0.9775888949409929,0.9949924293029311,0.9824223960996192,0.9804147074601691,0.988667460099347,0.9670247659080953,0.8918789375564254,0.005007570697068948,0.75,1.75
HistoKit (no postprocessing),gaussian,22c86e01-80fd-7f77-3526-d5f72a54b219_141444_4.png,4611103,242519,14335,488240,0.9483201729684195,0.9017194668886074,0.9969008340399331,0.9042543323718369,0.9061694332751391,0.9483201729684195,0.9441900846395228,0.33187275148167866,0.003099165960066917,0.75,1.75
HistoKit (no postprocessing),gaussian,654bcee2-3394-aaf6-25f2-380d7ca46c60_144121_3.png,6462750,1859881,2449,559595,0.9583286623569124,0.9199913904948672,0.9996212026884246,0.9203122318826545,0.9367400608350896,0.9583286623569124,0.9986849806425284,0.768712316220537,0.0003787973115754055,0.75,1.75
HistoKit (no postprocessing),gaussian,778d67ae-3cb9-eeb7-6fac-a66f6e936029_142330_2.png,11001579,470280,49661,1922624,0.9177372864392954,0.8479801391474429,0.9955062961260456,0.8512384864273642,0.8532978373334889,0.9177372864392954,0.9044872398983731,0.196531076883987,0.004493703873954416,0.75,1.75
HistoKit (no postprocessing),gaussian,22c86e01-80fd-7f77-3526-d5f72a54b219_141444_1.png,35280246,824037,35935,1379732,0.9803314455832521,0.9614216711272452,0.9989824777486558,0.9623640799784441,0.9622689529170482,0.980331445583252,0.9582137557967003,0.3739216769089682,0.001017522251344221,0.75,1.75
HistoKit (no postprocessing),gaussian,015b92ff-7984-c969-27c5-4144ab20b802_144644_9.png,1130758,9401349,3685,45796,0.9785888947497552,0.9580754406522747,0.9967517098699538,0.9610761597002773,0.9953238587629758,0.9785888947497552,0.9996081885509398,0.9951523978937552,0.0032482901300461987,0.75,1.75
HistoKit (no postprocessing),gaussian,d89a4519-168e-fe8e-eec5-c3f8080d7609_170312_2.png,22186742,522801,26879,2380058,0.9485481971186194,0.9021318851888731,0.9987899766544139,0.9031189247276813,0.9041690157219483,0.9485481971186194,0.9511006403725805,0.1800986544644435,0.001210023345586026,0.75,1.75
HistoKit (no postprocessing),gaussian,cfd234aa-a9c1-9363-1732-dc841509f243_163200_2.png,13386933,1915630,1047966,2120036,0.8941949112860961,0.8086370015949926,0.9274005311710183,0.8632849527202898,0.8284837523919815,0.8941949112860961,0.6463870244122343,0.4746750598290344,0.07259946882898176,0.75,1.75
HistoKit (no postprocessing),gaussian,4adc5212-3bb5-0299-1727-5490f70e71c6_162331_2.png,4982302,923853,6026,2955078,0.7709135932824724,0.6272248957185369,0.9987919799981075,0.627701080205307,0.6660632107396435,0.7709135932824723,0.9935195869570127,0.23817206338550492,0.0012080200018924176,0.75,1.75
HistoKit (no postprocessing),gaussian,31439255-cb2a-2a33-e39f-915211d58cf0_143129_7.png,8246871,1917494,1690445,1362350,0.8438191378861637,0.7298331649802746,0.829889177319107,0.8582247197769726,0.7690279152253585,0.8438191378861636,0.5314651938405832,0.5846296348240952,0.17011082268089292,0.75,1.75
HistoKit (no postprocessing),gaussian,110ff982-b33a-42d4-9522-02719d6987c7_164031_3.png,5236338,210267,1493,698154,0.9373767657809392,0.8821346415127397,0.999714958348217,0.8823565690205666,0.8861668867465896,0.9373767657809392,0.992949565545901,0.2314642660176284,0.0002850416517829613,0.75,1.75
HistoKit (no postprocessing),gaussian,dfdc8007-a219-a302-d10c-929e29813dc8_163630_6.png,2528692,238883,18,42123,0.9917362891641869,0.983608036772517,0.9999928817460286,0.983614923672065,0.9850016870032416,0.9917362891641868,0.9999246549826079,0.8500992861362391,7.118253971392528e-06,0.75,1.75
HistoKit (no postprocessing),gaussian,dad7b6f2-9f0b-8c2a-a00e-ff89c406e2d2_171435_2.png,6551615,1412898,12708,122867,0.9897592720793154,0.9797261630071824,0.9980640806371045,0.981591530249089,0.9832625275182195,0.9897592720793152,0.9910858961031309,0.9199962233805302,0.0019359193628954577,0.75,1.75
HistoKit (no postprocessing),gaussian,e04480a3-f748-c87a-3eb6-396b6ccbcb83_134430_3.png,25404716,1485333,42174,223551,0.9947973728206063,0.989648600115596,0.9983426658424664,0.9912771706335041,0.9902147882067365,0.9947973728206063,0.9723903065583333,0.8691830457772441,0.0016573341575335926,0.75,1.75
HistoKit (no postprocessing),gaussian,191c1954-41f1-2c63-fab4-33ae150d32f8_151532_3.png,48831592,587996,2442,4173642,0.9589933816099306,0.9212173723669757,0.9999499938915553,0.9212598137006621,0.9220816934621139,0.9589933816099308,0.995864087338552,0.1234860776900722,5.000610844477849e-05,0.75,1.75
HistoKit (no postprocessing),gaussian,22c86e01-80fd-7f77-3526-d5f72a54b219_141444_2.png,30435829,557694,54868,473408,0.9913961471033503,0.9829390838197971,0.9982005003034204,0.9846839312144781,0.9832409311410176,0.9913961471033502,0.9104286586500632,0.5408718051172435,0.001799499696579583,0.75,1.75
HistoKit (no postprocessing),gaussian,75867af4-ee91-110d-5a8d-03a78d8d262a_171204_5.png,7796767,144970,852,2420255,0.8656033722792478,0.7630517855279875,0.9998907358771953,0.7631154166057389,0.7663665495688249,0.8656033722792478,0.9941572602213657,0.056513561188589696,0.0001092641228046664,0.75,1.75
HistoKit (no postprocessing),gaussian,2f6f5632-66e3-03e5-2957-29197ae74c65_142917_4.png,4163400,458786,2823,38883,0.9950163147400504,0.9900820573845225,0.9993224078499878,0.9907471724298434,0.9910576831538981,0.9950163147400503,0.9938844346622357,0.9218697568062306,0.0006775921500121333,0.75,1.75
HistoKit (no postprocessing),gaussian,098b4b43-88d6-52e4-6dfc-ff0d08e21e37_154649_2.png,44779432,723570,27198,354500,0.9957561083507572,0.99154808570999,0.9993929916175351,0.9921455990140633,0.9916813665557365,0.9957561083507571,0.9637730963493383,0.6711716307846429,0.0006070083824648272,0.75,1.75
HistoKit (no postprocessing),gaussian,00a8cbc5-e358-18d7-ac64-8f4f6e3173fd_135812_5.png,5809462,2990267,18050,86397,0.9910907024950417,0.982338754282489,0.9969026232807414,0.9853461556662058,0.988269885950143,0.9910907024950417,0.9939999674236458,0.971918610547008,0.003097376719258579,0.75,1.75
HistoKit (no postprocessing),gaussian,6875bf3f-1b6d-1a53-f365-0d72c060072a_140344_4.png,9820519,324770,14751,730570,0.9634402101915305,0.9294593709539422,0.9985001936906663,0.930758806034145,0.931562970301939,0.9634402101915306,0.9565534974272578,0.3077396857884663,0.0014998063093336533,0.75,1.75
HistoKit (no postprocessing),gaussian,6520c4c0-cf13-4bc7-106a-ea8d45dc1109_165944_1.png,0,8580099,6315141,0,0.0,0.0,0.0,,0.5760295906611776,,0.5760295906611776,1.0,1.0,0.75,1.75
HistoKit (no postprocessing),gaussian,ec461d09-d9f6-ab63-cb21-aeb55b7abbf3_142116_1.png,35870814,1677528,114587,130915,0.9965896403982212,0.9932024628425558,0.9968157364704648,0.9963636468681824,0.9935041802045858,0.9965896403982213,0.9360604648697209,0.9276089984588953,0.0031842635295352135,0.75,1.75
HistoKit (no postprocessing),gaussian,8b8e8141-b9e0-9b57-cdad-61702acf8a5e_150400_1.png,4511356,222534,9221,747493,0.922621838950466,0.8563584007046223,0.9979602161405502,0.8578599613717754,0.8621801900118821,0.922621838950466,0.9602122931544087,0.2294101092031459,0.0020397838594498003,0.75,1.75
HistoKit (no postprocessing),gaussian,0584763b-507d-517f-59c7-4dbcdbe7ec5e_135202_1.png,7371182,1058705,13173,59573,0.995089742836874,0.9902274713027853,0.9982160933487082,0.9919829142529931,0.9914442973135498,0.995089742836874,0.9877103550963823,0.9467279155988045,0.001783906651291819,0.75,1.75
HistoKit (no postprocessing),gaussian,8a46ca7f-3853-419d-26c8-1bf78b04ebee_163832_4.png,24283789,721013,8409,185664,0.9960199665921894,0.9920714889233382,0.9996538394755387,0.9924124172289426,0.9922983466523804,0.9960199665921895,0.988471694026229,0.795225863234647,0.0003461605244613929,0.75,1.75
HistoKit (no postprocessing),gaussian,34677a0d-5045-a6c6-f661-b69bd9d6f859_140044_1.png,7132030,163319,37698,68281,0.9926250026182949,0.9853579900218417,0.9947420599498336,0.9905169373933987,0.9856810831785864,0.9926250026182949,0.8124636224796907,0.7051770293609672,0.005257940050166478,0.75,1.75
HistoKit (no postprocessing),gaussian,654bcee2-3394-aaf6-25f2-380d7ca46c60_144121_6.png,2251500,687444,631,687125,0.8675036931036635,0.7660101740032171,0.9997198209162789,0.7661746565145263,0.8103631400446687,0.8675036931036635,0.9990829488064528,0.5001160363721283,0.0002801790837211512,0.75,1.75
HistoKit (no postprocessing),gaussian,302e8390-e88c-6502-e08e-b8e893212016_162708_2.png,48414420,2289316,74891,762723,0.991423728765662,0.9829933115046579,0.9984555152784085,0.9844902946069884,0.9837486988602355,0.9914237287656619,0.9683229937141714,0.750093953583162,0.0015444847215915277,0.75,1.75
HistoKit (no postprocessing),gaussian,cfd234aa-a9c1-9363-1732-dc841509f243_163200_4.png,14758855,5447274,958337,2703393,0.8896385834118961,0.801215325137611,0.9390261950098975,0.845186427314513,0.8465832230699871,0.8896385834118961,0.8503910087577906,0.6683224820741664,0.060973804990102555,0.75,1.75
HistoKit (no postprocessing),gaussian,73f410c7-98a8-a0f8-02ae-aabdcdcb9cee_162913_2.png,17021821,1356791,30876,33423,0.9981148378320462,0.9962367699629875,0.998189377316679,0.9980403094790083,0.9965136197859438,0.9981148378320462,0.9777497050805417,0.9759583776310697,0.001810622683321002,0.75,1.75
HistoKit (no postprocessing),gaussian,7530b966-b7ee-7dd8-6676-04339b0c22b7_154932_1.png,16928314,453536,221821,739154,0.9723997369951056,0.9462821021003126,0.9870659327171477,0.9581629920031551,0.9476103053918903,0.9723997369951056,0.671550009846644,0.3802631027341556,0.012934067282852292,0.75,1.75
HistoKit (no postprocessing),gaussian,cfd234aa-a9c1-9363-1732-dc841509f243_163200_3.png,10701944,866895,24722,5676263,0.7896693705224149,0.652441036597793,0.9976952764260582,0.653425860352113,0.6698874869830752,0.7896693705224148,0.9722728480950902,0.13248877682611362,0.0023047235739418006,0.75,1.75
HistoKit (no postprocessing),gaussian,745e05db-827a-cff7-7148-db0494ae96fc_133425_1.png,35018534,2378982,76484,244112,0.9954433393354276,0.9909280166206695,0.9978206593311906,0.9930773204030123,0.9915002108270955,0.9954433393354276,0.9688515336803686,0.9069373800557662,0.002179340668809459,0.75,1.75
HistoKit (no postprocessing),gaussian,91e6ffad-da04-5736-d731-feb79e91105c_134712_4.png,7980554,307386,33130,1734418,0.9002999437746437,0.8186777282387895,0.9958658215123032,0.8214695832370902,0.8242205649293202,0.9002999437746437,0.90270648075274,0.15054628162154643,0.004134178487696795,0.75,1.75
HistoKit (no postprocessing),gaussian,75867af4-ee91-110d-5a8d-03a78d8d262a_171204_3.png,17553085,322410,22448,4134282,0.8941308461677563,0.8085322237891018,0.9987227698869787,0.8093691133644761,0.8113340799669575,0.8941308461677564,0.9349065412430624,0.07234289468511622,0.0012772301130213235,0.75,1.75
HistoKit (no postprocessing),gaussian,778d67ae-3cb9-eeb7-6fac-a66f6e936029_142330_1.png,16602365,346347,64974,1879162,0.9446885142752542,0.8951750521567383,0.9961017172567259,0.8983221462165978,0.8970967214683567,0.9446885142752542,0.84203578227224,0.1556259714069905,0.003898282743274136,0.75,1.75
HistoKit (no postprocessing),gaussian,22c86e01-80fd-7f77-3526-d5f72a54b219_141444_3.png,15828746,747259,29155,656975,0.9787862348873605,0.9584538206644725,0.9981614842973229,0.9601488463865183,0.9602523094623,0.9787862348873605,0.9624491572794927,0.5321470638084536,0.0018385157026771701,0.75,1.75
HistoKit (no postprocessing),gaussian,e7510405-61bb-4166-6cb6-90d49adffbe4_135053_1.png,7506400,428436,1140157,24055,0.9280329395811785,0.86572897045791,0.8681374563308841,0.9968056379063417,0.8720512299748281,0.9280329395811786,0.27313394870434843,0.9468387216541323,0.13186254366911593,0.75,1.75
HistoKit (no postprocessing),gaussian,e0661871-0847-f23e-2d1f-8518496574c0_141209_3.png,42642146,1700897,79156,101139,0.9978904127858244,0.9957897075507676,0.9981471538484478,0.9976338037659015,0.9959505506977038,0.9978904127858244,0.9555316611359325,0.943875150107989,0.0018528461515522163,0.75,1.75
HistoKit (no postprocessing),gaussian,6875bf3f-1b6d-1a53-f365-0d72c060072a_140344_3.png,7588058,630430,10242,1127526,0.9302576872558368,0.8696091349976495,0.9986520669097035,0.8706310443453933,0.8783949477226788,0.9302576872558368,0.9840136606563109,0.3586153464591833,0.0013479330902965137,0.75,1.75
HistoKit (no postprocessing),gaussian,91e6ffad-da04-5736-d731-feb79e91105c_134712_1.png,82726830,2997817,159334,3047799,0.9809847152799762,0.9626790981349248,0.9980776767519366,0.9644673601561133,0.963937154974296,0.9809847152799762,0.949532347360009,0.4958662607747498,0.0019223232480634525,0.75,1.75
HistoKit (no postprocessing),gaussian,dad7b6f2-9f0b-8c2a-a00e-ff89c406e2d2_171435_1.png,23719298,1068859,29372,75307,0.9977982375004667,0.9956061492168163,0.9987632149505635,0.9968351229196702,0.9957948142188379,0.9977982375004666,0.9732551712708892,0.9341817533469794,0.0012367850494364526,0.75,1.75
HistoKit (no postprocessing),gaussian,c4a5bf6f-509c-e7c4-3751-4f823d57d1f3_145315_3.png,21537323,1118735,91607,2848960,0.936095764676782,0.8798684445432184,0.9957646078654838,0.8831736677541223,0.8851189561123781,0.9360957646767821,0.9243131280249715,0.2819609370175883,0.004235392134516132,0.75,1.75
HistoKit (no postprocessing),gaussian,bc7dd6a2-14aa-d481-064a-28427e54cce1_153909_3.png,23859520,1324501,226568,2103391,0.9534464415562037,0.9110345417715259,0.9905934081117698,0.918984777939577,0.9153172678034948,0.9534464415562038,0.8539278394449248,0.3863893611584029,0.009406591888230252,0.75,1.75
HistoKit (no postprocessing),gaussian,7a951edf-c71d-16ea-3e52-69a0dd7b54e1_133148_1.png,12594070,2860530,208,357612,0.9859930885353301,0.9723731439967449,0.9999834845633866,0.9723887600081595,0.9773709527067963,0.98599308853533,0.9999272914891193,0.8888762521976967,1.6515436613357272e-05,0.75,1.75
HistoKit (no postprocessing),gaussian,0584763b-507d-517f-59c7-4dbcdbe7ec5e_135202_2.png,16993289,1480639,69939,158894,0.9933119903192161,0.9867128452579769,0.9959011858717471,0.990736222905271,0.9877647476754903,0.9933119903192161,0.9548948843592518,0.9030858177298048,0.004098814128252872,0.75,1.75
HistoKit (no postprocessing),gaussian,778d67ae-3cb9-eeb7-6fac-a66f6e936029_142330_3.png,17910035,630827,5749,2529029,0.9339124483037972,0.8760185285138093,0.999679109772701,0.876264930722855,0.8797294886418633,0.9339124483037972,0.990968870959634,0.1996378948914128,0.00032089022729901186,0.75,1.75
HistoKit (no postprocessing),gaussian,1d49a2ac-7490-df96-fb85-41e83b5a5b35_151838_1.png,0,6030631,205069,0,0.0,0.0,0.0,,0.9671137161826259,,0.9671137161826259,1.0,1.0,0.75,1.75
HistoKit (no postprocessing),gaussian,dad7b6f2-9f0b-8c2a-a00e-ff89c406e2d2_171435_3.png,5795666,589074,27777,294529,0.9729464668978527,0.9473181636006179,0.9952301413442185,0.951638822730635,0.951945163340165,0.9729464668978527,0.954969676631796,0.66667270255986,0.004769858655781468,0.75,1.75
HistoKit (no postprocessing),gaussian,7a951edf-c71d-16ea-3e52-69a0dd7b54e1_133148_5.png,5780954,2905493,309,405089,0.9661245396415868,0.9344689729908676,0.9999465514715383,0.9345156507964785,0.9554108104570634,0.9661245396415867,0.999893661027145,0.8776381313013845,5.3448528461687354e-05,0.75,1.75
HistoKit (no postprocessing),gaussian,00a8cbc5-e358-18d7-ac64-8f4f6e3173fd_135812_2.png,8560976,5794726,113143,121715,0.9864688269330597,0.9732989503894685,0.9869562545775542,0.9859818805022544,0.9839034279698654,0.9864688269330596,0.9808487628957243,0.9794276660580238,0.013043745422445784,0.75,1.75
HistoKit (no postprocessing),gaussian,3c8a2c44-1287-eab9-5fb8-1902a0075b0d_153549_25.png,37448255,2818866,72906,93707,0.9977803614699058,0.9955705547072503,0.9980569364578031,0.9975039397248338,0.9958793565788409,0.9977803614699058,0.9747884688004449,0.967826729149793,0.0019430635421968953,0.75,1.75
HistoKit (no postprocessing),gaussian,6c5eefac-6637-5ca1-aed4-decff7ee7c9b_152621_1.png,34959500,361308,373766,280232,0.9907330279493015,0.9816362324195169,0.9894216968224788,0.992047839637373,0.9818206663852475,0.9907330279493015,0.49152602323031425,0.5631885774854257,0.01057830317752115,0.75,1.75
HistoKit (no postprocessing),gaussian,2f6f5632-66e3-03e5-2957-29197ae74c65_142917_3.png,5401119,642494,5162,73061,0.9928106906499642,0.9857240157668566,0.9990451846657619,0.986653526190224,0.9872222973630786,0.9928106906499642,0.992029719480712,0.8978960387391605,0.0009548153342380834,0.75,1.75
HistoKit (no postprocessing),gaussian,7a951edf-c71d-16ea-3e52-69a0dd7b54e1_133148_3.png,8628720,1490405,607,377516,0.9785590627302344,0.9580182534546233,0.9999296584774224,0.9580828217248581,0.9639788447410217,0.9785590627302342,0.9995928939539052,0.7978950929937615,7.034152257760078e-05,0.75,1.75
HistoKit (no postprocessing),gaussian,6875bf3f-1b6d-1a53-f365-0d72c060072a_140344_5.png,10509506,466491,24034,1450479,0.9344472242567583,0.8769600582242068,0.9977183359060676,0.8787223395347068,0.8815700722299729,0.9344472242567582,0.9510035166403343,0.24334809621433826,0.0022816640939323342,0.75,1.75
HistoKit (no postprocessing),gaussian,e92b8137-1dab-8f48-a38e-05fbbeabd072_134925_1.png,6153416,31700,23284,199177,0.9822447284136463,0.9651089567756718,0.996230349539398,0.9686463464604139,0.9652815721137646,0.9822447284136464,0.5765313545758766,0.13730254637750838,0.0037696504606019397,0.75,1.75
HistoKit (no postprocessing),gaussian,654bcee2-3394-aaf6-25f2-380d7ca46c60_144121_2.png,5387342,1832977,1059,42030,0.9960168326697186,0.9920652706939835,0.9998034667427312,0.9922587732061829,0.9940676608005499,0.9960168326697185,0.999422584943807,0.9775840836860876,0.00019653325726871478,0.75,1.75
HistoKit (no postprocessing),gaussian,6875bf3f-1b6d-1a53-f365-0d72c060072a_140344_2.png,15819516,768432,13935,375267,0.9878481592210173,0.9759881071408608,0.9991199012773653,0.9768279080985525,0.9770749507426159,0.9878481592210173,0.9821886659329956,0.6718830741305186,0.000880098722634756,0.75,1.75
HistoKit (no postprocessing),gaussian,e75d7a32-60ad-6f71-61b5-c428fc2cae22_164833_1.png,39626833,11453359,62196,427596,0.9938579036790705,0.9877907974561668,0.9984329170663259,0.9893246262479488,0.9905023821609097,0.9938579036790706,0.9945989576707331,0.964009963845499,0.0015670829336741899,0.75,1.75
HistoKit (no postprocessing),gaussian,59481929-3828-f3c5-2452-07bdbf0def53_144939_3.png,23541844,1217343,13904,356502,0.9921944353210073,0.9845097805518093,0.9994097406713639,0.9850825659650254,0.985260167166257,0.9921944353210073,0.9887073836525084,0.7734834116447299,0.000590259328636051,0.75,1.75
HistoKit (no postprocessing),gaussian,098b4b43-88d6-52e4-6dfc-ff0d08e21e37_154649_3.png,45029598,6966595,84696,274124,0.9960315430942435,0.9920944589873126,0.9981226349236453,0.9939491947262081,0.9931464060566655,0.9960315430942435,0.9879885825163081,0.9621413287824041,0.0018773650763547359,0.75,1.75
HistoKit (no postprocessing),gaussian,7530b966-b7ee-7dd8-6676-04339b0c22b7_154932_2.png,10245645,1302207,15735,2211921,0.9019472118116747,0.8214060576266058,0.9984665805184098,0.8224435656210852,0.8382886496817396,0.9019472118116747,0.9880609313611677,0.3705633374766087,0.0015334194815901955,0.75,1.75
HistoKit (no postprocessing),gaussian,c4a5bf6f-509c-e7c4-3751-4f823d57d1f3_145315_1.png,22694362,1091052,39015,1333361,0.9706513319832083,0.9429762354998006,0.9982838009504703,0.9445073925648302,0.9454492624352139,0.9706513319832083,0.9654754983554072,0.45002728495516237,0.0017161990495296849,0.75,1.75
HistoKit (no postprocessing),gaussian,d89a4519-168e-fe8e-eec5-c3f8080d7609_170312_1.png,15690659,499708,20073,387250,0.9871865236390571,0.9746972632967288,0.9987223383353494,0.9759141564988333,0.9754590548443789,0.9871865236390571,0.9613818127249746,0.563395335517578,0.001277661664650635,0.75,1.75
HistoKit (no postprocessing),gaussian,00a8cbc5-e358-18d7-ac64-8f4f6e3173fd_135812_1.png,0,9344240,13504,0,0.0,0.0,0.0,,0.9985569171372929,,0.9985569171372929,1.0,1.0,0.75,1.75
HistoKit (no postprocessing),gaussian,654bcee2-3394-aaf6-25f2-380d7ca46c60_144121_1.png,8584173,962875,11440,490612,0.9715879631007746,0.9447458102787462,0.9986690885222497,0.9459367907889829,0.9500401030938094,0.9715879631007747,0.9882584174522613,0.6624586253609424,0.0013309114777503362,0.75,1.75
HistoKit (no postprocessing),gaussian,34677a0d-5045-a6c6-f661-b69bd9d6f859_140044_3.png,4367518,131750,11289,21663,0.9962417831776229,0.9925117089765412,0.9974219005313548,0.9950644550771545,0.9927293908945285,0.996241783177623,0.9210774683827487,0.8587929314986344,0.0025780994686452267,0.75,1.75
HistoKit (no postprocessing),gaussian,997c9bdf-d489-63a3-9c13-1b5273502c59_152111_5.png,1628842,4414126,204763,128997,0.9070680205510653,0.8299400489757984,0.8883276387226257,0.9266161463023633,0.9476596775023178,0.9070680205510653,0.9556683436211608,0.9716060956306928,0.11167236127737436,0.75,1.75
HistoKit (no postprocessing),gaussian,98188e68-f597-a02c-6cf5-9f993d1f10ac_162142_1.png,29064197,1202551,74314,234448,0.994716341089563,0.989488222824265,0.9974496294611622,0.9919979917159991,0.989901656587249,0.9947163410895629,0.9417996420921554,0.8368488774174512,0.00255037053883776,0.75,1.75
HistoKit (no postprocessing),gaussian,6c5eefac-6637-5ca1-aed4-decff7ee7c9b_152621_2.png,36555135,946002,111083,4165208,0.9447411676557123,0.8952696141447521,0.9969704265654015,0.8977118635763948,0.8976411137612397,0.9447411676557123,0.894915735253078,0.1850837668575543,0.0030295734345985727,0.75,1.75
HistoKit (no postprocessing),gaussian,8a46ca7f-3853-419d-26c8-1bf78b04ebee_163832_1.png,8561199,1165748,86991,231326,0.9817486267048111,0.9641515370882827,0.9899411321906665,0.9736906065095067,0.9683117337682713,0.9817486267048111,0.9305593583340185,0.8344210829204466,0.010058867809333514,0.75,1.75
HistoKit (no postprocessing),gaussian,997c9bdf-d489-63a3-9c13-1b5273502c59_152111_1.png,11819286,1155799,100,56255,0.9976216428098723,0.9952545719426851,0.9999915393236163,0.9952629526520097,0.9956754587367167,0.9976216428098723,0.9999134872510488,0.9535870514020003,8.460676383697088e-06,0.75,1.75
HistoKit (no postprocessing),gaussian,b3ac8263-eb4f-ecee-6126-3ea976dfb769_143901_1.png,31636665,1205643,39825,149547,0.997016011073717,0.9940497775453475,0.9987427584306215,0.9952952242311855,0.9942669582655197,0.997016011073717,0.9680240680611626,0.8896486839483763,0.0012572415693784254,0.75,1.75
HistoKit (no postprocessing),gaussian,7ba3b133-6b39-da9f-5b13-68d3bea507d2_165139_1.png,22874756,2861958,4255,710163,0.9846242450864574,0.9697141578590247,0.9998140216812693,0.9698891058307217,0.9729910235977802,0.9846242450864573,0.9985154627377658,0.801192904719633,0.00018597831873064794,0.75,1.75
HistoKit (no postprocessing),gaussian,7530b966-b7ee-7dd8-6676-04339b0c22b7_154932_3.png,23539395,880852,41553,1483406,0.9686246630892609,0.9391582563827497,0.9982378571039637,0.9407178277124132,0.9412238623196902,0.9686246630892609,0.9549514584157718,0.37257016789199826,0.0017621428960362408,0.75,1.75
HistoKit (no postprocessing),gaussian,302e8390-e88c-6502-e08e-b8e893212016_162708_1.png,14945806,4968983,358136,123109,0.9841554253523137,0.9688051203045871,0.9765984476417906,0.9918302678062754,0.976404971672434,0.9841554253523137,0.9327711658027538,0.9758234925841874,0.02340155235820941,0.75,1.75
HistoKit (no postprocessing),gaussian,c4a5bf6f-509c-e7c4-3751-4f823d57d1f3_145315_4.png,16467038,1070583,22515,7951119,0.805082367113681,0.673755533399409,0.9986345900340658,0.6743767762653012,0.6874464231571517,0.805082367113681,0.9794025787257867,0.11866751972077996,0.0013654099659341887,0.75,1.75
HistoKit (no postprocessing),gaussian,00a8cbc5-e358-18d7-ac64-8f4f6e3173fd_135812_4.png,10647024,1412224,16145,239019,0.988159010176335,0.9765951568620904,0.9984859097703507,0.9780435370317755,0.9792792380180231,0.988159010176335,0.9886968983504962,0.8552490457188918,0.001514090229649366,0.75,1.75
HistoKit (no postprocessing),gaussian,7a951edf-c71d-16ea-3e52-69a0dd7b54e1_133148_6.png,7805918,2661204,0,51100,0.9967375209858483,0.9934962602860271,1.0,0.9934962602860271,0.9951417644541064,0.9967375209858483,1.0,0.9811599289755131,0.0,0.75,1.75
HistoKit (no postprocessing),gaussian,59481929-3828-f3c5-2452-07bdbf0def53_144939_1.png,25522074,887124,15043,106640,0.9976217917774071,0.9952548684656465,0.999410935854662,0.9958390420994202,0.9954135333839838,0.9976217917774071,0.9833257035559935,0.8926908199532283,0.0005890641453379408,0.75,1.75
HistoKit (no postprocessing),gaussian,ec461d09-d9f6-ab63-cb21-aeb55b7abbf3_142116_2.png,39530345,1590368,92448,249089,0.9956986470921023,0.9914341389754313,0.9976667974920395,0.9937382467533349,0.9917626998052446,0.9956986470921023,0.9450635125884232,0.8645855815058465,0.0023332025079605065,0.75,1.75
HistoKit (no postprocessing),gaussian,7a951edf-c71d-16ea-3e52-69a0dd7b54e1_133148_2.png,7966912,483415,22,333398,0.9795035963067869,0.9598305224417529,0.9999972385863872,0.9598330664758304,0.9620412564250769,0.9795035963067869,0.9999544925191907,0.5918306882970765,2.761413612815168e-06,0.75,1.75
HistoKit (no postprocessing),gaussian,dfdc8007-a219-a302-d10c-929e29813dc8_163630_1.png,3830541,375447,636,110568,0.9856922403524523,0.9717881293690992,0.9998339935742985,0.9719449525501578,0.9742415903670719,0.9856922403524523,0.9983088839431721,0.7725008487392364,0.00016600642570155334,0.75,1.75
HistoKit (no postprocessing),gaussian,bb1fc306-b767-ee67-c337-445c06bd68ce_150126_2.png,27008449,9902719,306817,1171680,0.9733582038653837,0.9480991398656774,0.9887675631641295,0.9584217659188147,0.9614871085746646,0.9733582038653837,0.9699479976367192,0.8941992247163932,0.011232436835870462,0.75,1.75
HistoKit (no postprocessing),gaussian,d28668ca-fcc7-90f7-7049-f08e38cdd015_141933_2.png,11233913,784086,5207,259022,0.9883763698442574,0.9770198524248527,0.9995367075002314,0.9774625019631625,0.9784868836501,0.9883763698442574,0.993402956823385,0.751682471997147,0.00046329249976866517,0.75,1.75
HistoKit (no postprocessing),gaussian,e04480a3-f748-c87a-3eb6-396b6ccbcb83_134430_1.png,63556259,677974,619766,111731,0.9942782069227096,0.9886215191583293,0.9903427175491158,0.9982450993034333,0.9887402635204746,0.9942782069227097,0.5224266802287053,0.8585155216188324,0.009657282450884111,0.75,1.75
HistoKit (no postprocessing),gaussian,7ba3b133-6b39-da9f-5b13-68d3bea507d2_165139_3.png,14890890,561680,8767,2622377,0.9188242319637685,0.8498379811384911,0.9994115971931434,0.8502634031674388,0.8545020121419749,0.9188242319637685,0.9846313505023254,0.176403877191897,0.0005884028068565605,0.75,1.75
HistoKit (no postprocessing),gaussian,e04480a3-f748-c87a-3eb6-396b6ccbcb83_134430_2.png,14566138,671976,16887,40151,0.9980459287258344,0.996099479347031,0.9988420098024929,0.9972511155982193,0.9962708445133465,0.9980459287258344,0.9754856916397019,0.9436182029329038,0.001157990197507033,0.75,1.75
HistoKit (no postprocessing),gaussian,e338d5a6-7427-4506-5755-323615d750be_135343_3.png,7662273,550641,6883,894693,0.9444367545122612,0.8947230386710462,0.9991025088027939,0.8954427305192051,0.9010832202350324,0.9444367545122612,0.9876543431314168,0.3809783759324834,0.000897491197206055,0.75,1.75
HistoKit (no postprocessing),gaussian,e75d7a32-60ad-6f71-61b5-c428fc2cae22_164833_5.png,45218803,4941730,753342,78825,0.9908823373539014,0.9819294360140514,0.983613077005652,0.9982598426566619,0.9836806640950567,0.9908823373539014,0.867720372982115,0.9842995445722634,0.01638692299434799,0.75,1.75
HistoKit (no postprocessing),gaussian,0584763b-507d-517f-59c7-4dbcdbe7ec5e_135202_6.png,12901527,556423,73799,18366,0.9964408487914314,0.9929069428458055,0.9943123587029721,0.9985784711994132,0.9931982127088959,0.9964408487914314,0.8828999939703787,0.9680474052217423,0.005687641297027913,0.75,1.75
HistoKit (no postprocessing),gaussian,015b92ff-7984-c969-27c5-4144ab20b802_144644_7.png,22070388,4775895,117425,795672,0.9797332184959993,0.9602716037189313,0.9947076802927806,0.9652029252088029,0.9671067221241973,0.9797332184959993,0.9760030000081744,0.8571906251867742,0.005292319707219454,0.75,1.75
HistoKit (no postprocessing),gaussian,110ff982-b33a-42d4-9522-02719d6987c7_164031_2.png,5843981,175635,5542,1068474,0.9158425128142361,0.8447504386023874,0.9990525723208542,0.845427709836809,0.8485943448997636,0.9158425128142361,0.9694111283441055,0.1411733216301787,0.0009474276791458039,0.75,1.75
HistoKit (no postprocessing),gaussian,bc7dd6a2-14aa-d481-064a-28427e54cce1_153909_1.png,22706422,492595,13334,2277232,0.951983181076573,0.9083663199742305,0.999413109894314,0.9088511232184051,0.9101371725069022,0.951983181076573,0.97364452324338,0.17784323714080338,0.0005868901056859942,0.75,1.75
HistoKit (no postprocessing),gaussian,31439255-cb2a-2a33-e39f-915211d58cf0_143129_5.png,3882098,238410,3602,1584788,0.8301656889335206,0.709643819710417,0.9990730112978357,0.7101113869943511,0.7217694202979279,0.8301656889335205,0.9851164405070822,0.13076473317763623,0.0009269887021643462,0.75,1.75
HistoKit (no postprocessing),gaussian,091684ab-dffb-81d6-97c1-29bfeceeac37_154424_1.png,0,6267842,20721,0,0.0,0.0,0.0,,0.996704970595031,,0.996704970595031,1.0,1.0,0.75,1.75
HistoKit (no postprocessing),gaussian,31439255-cb2a-2a33-e39f-915211d58cf0_143129_8.png,7014140,4683174,396149,958647,0.911929447660533,0.8381160998243983,0.9465406814767953,0.8797601139977776,0.8962009973866294,0.911929447660533,0.9220075195060444,0.8300819894853098,0.053459318523204694,0.75,1.75
HistoKit (no postprocessing),gaussian,dfdc8007-a219-a302-d10c-929e29813dc8_163630_4.png,1784298,706673,463,181502,0.9514832581045876,0.9074564287686846,0.9997405815120344,0.9076701597314071,0.9319231736188222,0.9514832581045876,0.9993452461761245,0.7956461282967884,0.0002594184879656156,0.75,1.75
HistoKit (no postprocessing),gaussian,bc7dd6a2-14aa-d481-064a-28427e54cce1_153909_2.png,11674260,454731,8817,2370700,0.9075126874234517,0.8306848756743472,0.9992453186776052,0.8312063544502797,0.8359916126454905,0.9075126874234516,0.980979316057884,0.16094217130059096,0.0007546813223947767,0.75,1.75
HistoKit (no postprocessing),gaussian,8a22c195-cd7e-901b-eb5d-b1439c8b19ac_152323_2.png,2679376,490487,11829,31132,0.9920467821966846,0.9842190735386545,0.9956045711865131,0.9885143301550853,0.9866282746891831,0.9920467821966847,0.9764510786039067,0.9403165912284637,0.004395428813486895,0.75,1.75
HistoKit (no postprocessing),gaussian,e338d5a6-7427-4506-5755-323615d750be_135343_2.png,6369686,922220,118,55996,0.9956145471926584,0.9912673908307137,0.9999814750971929,0.9912855942762184,0.9923633849662903,0.9956145471926584,0.999872064254102,0.9427570188997113,1.8524902807056545e-05,0.75,1.75
HistoKit (no postprocessing),gaussian,7ba3b133-6b39-da9f-5b13-68d3bea507d2_165139_2.png,10212535,5178200,73283,168468,0.9883024583219645,0.976875417412533,0.9928753357292536,0.9837715103251584,0.9845353451779838,0.9883024583219645,0.986045275210831,0.9684910303014888,0.007124664270746381,0.75,1.75
HistoKit (no postprocessing),gaussian,00a8cbc5-e358-18d7-ac64-8f4f6e3173fd_135812_3.png,6483439,2157674,2618,100592,0.99210334314505,0.9843304235583223,0.9995963649409804,0.9847218216317632,0.9881969135861061,0.99210334314505,0.9987881267902673,0.9554560888752698,0.0004036350590196787,0.75,1.75
HistoKit (no postprocessing),gaussian,73f410c7-98a8-a0f8-02ae-aabdcdcb9cee_162913_1.png,14957177,3076319,39461,64455,0.9965382415442329,0.9931003679480632,0.9973686768994491,0.9957091879231231,0.994270626922959,0.9965382415442329,0.9873351135189262,0.9794779885467723,0.002631323100550937,0.75,1.75
HistoKit (no postprocessing),gaussian,098b4b43-88d6-52e4-6dfc-ff0d08e21e37_154649_1.png,38624901,1884351,136839,898869,0.9867701187614413,0.9738857262630536,0.9964697405224843,0.9772575085828098,0.9750701890193179,0.9867701187614413,0.9322978047585828,0.6770399034212171,0.0035302594775157153,0.75,1.75
HistoKit (no postprocessing),gaussian,d28668ca-fcc7-90f7-7049-f08e38cdd015_141933_3.png,1781708,1616927,23745,92065,0.9685232709270918,0.9389676408866741,0.9868481760533229,0.9508665137132406,0.9670474285413486,0.9685232709270917,0.9855272717520626,0.9461290632138711,0.013151823946677094,0.75,1.75
HistoKit (no postprocessing),gaussian,191c1954-41f1-2c63-fab4-33ae150d32f8_151532_2.png,28611904,439832,2799,1930454,0.9673199958327883,0.9367083626383063,0.9999021831538842,0.9367942056078316,0.9376067875964068,0.9673199958327883,0.9936764483282915,0.1855607298022264,9.78168461157888e-05,0.75,1.75
HistoKit (no postprocessing),gaussian,6c5eefac-6637-5ca1-aed4-decff7ee7c9b_152621_3.png,19390147,753233,131802,1333573,0.963589249814682,0.9297368342063076,0.993248522470784,0.9356499219252142,0.9321860514407239,0.9635892498146819,0.8510770760478399,0.36095017936502005,0.006751477529215961,0.75,1.75
HistoKit (no postprocessing),gaussian,d89a4519-168e-fe8e-eec5-c3f8080d7609_170312_3.png,19069910,4586784,41814,2729069,0.9322699734590236,0.8731326742577524,0.9978121283040714,0.8748074852496532,0.8951518332535745,0.9322699734590237,0.9909661629720273,0.6269650305986192,0.002187871695928635,0.75,1.75
HistoKit (no postprocessing),gaussian,31439255-cb2a-2a33-e39f-915211d58cf0_143129_4.png,9501518,376119,37776,1547753,0.9229898246915217,0.8569926690127678,0.996039958512653,0.8599226138991433,0.8616848957783565,0.9229898246915217,0.9087304751205015,0.1955010520450425,0.0039600414873469676,0.75,1.75
HistoKit (no postprocessing),gaussian,8a22c195-cd7e-901b-eb5d-b1439c8b19ac_152323_1.png,13758871,4731014,163735,269128,0.9845132869216964,0.9694989350843244,0.9882396298509057,0.9808149401778543,0.9771247283956854,0.9845132869216964,0.9665488465292091,0.9461759286036276,0.011760370149094214,0.75,1.75
HistoKit (no postprocessing),gaussian,bb1fc306-b767-ee67-c337-445c06bd68ce_150126_3.png,30900127,1735205,143339,4296469,0.9329739757791894,0.8743685295403062,0.995382635431237,0.8779294168106484,0.8802483820694945,0.9329739757791894,0.9236967566370551,0.2876821592148382,0.004617364568763037,0.75,1.75
HistoKit (no postprocessing),gaussian,bb1fc306-b767-ee67-c337-445c06bd68ce_150126_1.png,27461147,4538011,757731,150711,0.9837286400809762,0.9679783164994037,0.9731480819329529,0.9945418015694562,0.972394158188382,0.9837286400809762,0.8569169343974838,0.9678566995441402,0.026851918067047172,0.75,1.75
HistoKit (no postprocessing),gaussian,e0661871-0847-f23e-2d1f-8518496574c0_141209_2.png,42729188,3077537,118000,641053,0.9911960608335931,0.9825457874923017,0.9972460269738121,0.9852190583861409,0.9836993381706196,0.9911960608335932,0.9630734990707353,0.8276085828230593,0.0027539730261878564,0.75,1.75
HistoKit (no postprocessing),gaussian,e338d5a6-7427-4506-5755-323615d750be_135343_5.png,4550683,149187,41183,231888,0.970870677353744,0.9433903553124807,0.9910313149381972,0.9515139451144583,0.9450886306513591,0.970870677353744,0.7836686452697379,0.3914898641999606,0.008968685061802761,0.75,1.75
HistoKit (no postprocessing),gaussian,1cfd19dd-0b58-a07f-0753-c0e3d9e98b9b_133722_2.png,19862595,766214,1394,4383347,0.9005951516904436,0.8191660725120483,0.9999298227561443,0.8192131697749668,0.8247053696896283,0.9005951516904436,0.9981839689007931,0.14879210091889386,7.01772438557029e-05,0.75,1.75
HistoKit (no postprocessing),gaussian,d28668ca-fcc7-90f7-7049-f08e38cdd015_141933_1.png,23130224,3882496,27596,84768,0.9975769422824736,0.9951655985985726,0.9988083506996772,0.9963485664780759,0.9958575612152943,0.9975769422824736,0.9929423655504781,0.9786331335650967,0.0011916493003227419,0.75,1.75
HistoKit (no postprocessing),gaussian,745e05db-827a-cff7-7148-db0494ae96fc_133425_4.png,24712773,4722848,127185,1009162,0.9775256238922858,0.9560392384731086,0.994879822260569,0.9607664819928983,0.9628304268799444,0.9775256238922858,0.9737764670879558,0.8239427356197914,0.00512017773943096,0.75,1.75
HistoKit (no postprocessing),gaussian,dfdc8007-a219-a302-d10c-929e29813dc8_163630_5.png,11880736,378110,1469,162265,0.9931564225612102,0.9864058775521048,0.9998763697478709,0.9865261989100558,0.9868196461604595,0.9931564225612102,0.9961299228882525,0.6997177885727504,0.00012363025212912924,0.75,1.75
HistoKit (no postprocessing),gaussian,a796f488-e06e-b9c5-67ad-c084c09ace36_143658_2.png,39267445,3114617,3494,2070524,0.974270610389611,0.9498320124761913,0.9999110283561083,0.9499122949170531,0.9533468088054547,0.974270610389611,0.9988794497694277,0.6006812543766891,8.897164389168285e-05,0.75,1.75
HistoKit (no postprocessing),gaussian,745e05db-827a-cff7-7148-db0494ae96fc_133425_2.png,28680390,4374538,132191,235667,0.9936278073977771,0.9873363102655968,0.9954120389284111,0.9918499607328897,0.9889937960288528,0.9936278073977771,0.9706680832151212,0.948881448872664,0.004587961071588831,0.75,1.75
HistoKit (no postprocessing),gaussian,745e05db-827a-cff7-7148-db0494ae96fc_133425_3.png,48915062,5097903,388919,666756,0.9893243012578581,0.9788741358767632,0.9921118134456526,0.9865524091916114,0.9808298334587525,0.9893243012578581,0.9291176203638464,0.8843373042533825,0.007888186554347407,0.75,1.75
