Method,Mode,Image,Tissue_TP,Tissue_TN,Tissue_FP,Tissue_FN,Tissue_DICE,Tissue_JACCARD,Tissue_PRECISION,Tissue_RECALL,Tissue_ACCURACY,Tissue_F1,Tissue_SPECIFICITY,Tissue_NPV,Tissue_FDR,Other_TP,Other_TN,Other_FP,Other_FN,Other_DICE,Other_JACCARD,Other_PRECISION,Other_RECALL,Other_ACCURACY,Other_F1,Other_SPECIFICITY,Other_NPV,Other_FDR,Overlap,Sigma
HistoKit (no postprocessing),gaussian,TCGA-DQ-7590-01Z-00-DX1.8319DF99-1663-48DE-BB6A-A156FBAC2EA1.png,8814872,212647178,79173,24665993,0.41604203997129435,0.26265977410395064,0.9910982010997246,0.26328089193633436,0.8994945542132282,0.4160420399712943,0.999627817618138,0.8960614242519224,0.008901798900275409,212647178,8814872,24665993,79173,0.9450155713213116,0.8957625777518756,0.8960614242519224,0.999627817618138,0.8994945542132282,0.9450155713213116,0.26328089193633436,0.9910982010997246,0.10393857574807763,0.25,1.75
HistoKit (no postprocessing),gaussian,TCGA-YL-A8SI-01Z-00-DX1.35E5FB1A-9AAC-4942-892B-E9D80F6BDA23.png,149910844,171244350,3230421,24265905,0.9159950726085,0.845010063572966,0.9789056137155456,0.8606822946270515,0.9211352183406515,0.9159950726085,0.9814848818457541,0.8758842343078116,0.02109438628445442,171244350,149910844,24265905,3230421,0.925682597760051,0.861647215087464,0.8758842343078116,0.9814848818457541,0.9211352183406515,0.925682597760051,0.8606822946270515,0.9789056137155456,0.12411576569218837,0.25,1.75
HistoKit (no postprocessing),gaussian,TCGA-G9-6378-01A-01-BS1.bc59e095-f3ab-4a6e-8cef-ea7fc76abec8.png,7843045,33192379,6540,11322736,0.5806358499825618,0.4090816651776277,0.9991668349345857,0.40922125740662485,0.7836466932876537,0.5806358499825617,0.9998030056340087,0.74564289006105,0.0008331650654142863,33192379,7843045,11322736,6540,0.8542184028176945,0.7455333589912594,0.74564289006105,0.9998030056340087,0.7836466932876537,0.8542184028176943,0.40922125740662485,0.9991668349345857,0.25435710993894994,0.25,1.75
HistoKit (no postprocessing),gaussian,TCGA-G9-7509-01Z-00-DX1.D75B78D5-F5B9-4684-9FE0-C7279122D66F.png,52494092,325070998,39613,45396497,0.6979469951841688,0.5360357778083619,0.9992459507662748,0.5362526933002723,0.8925863330884167,0.6979469951841688,0.9998781553149614,0.877461592143192,0.0007540492337252817,325070998,52494092,45396497,39613,0.9346786369380062,0.8773677777863306,0.877461592143192,0.9998781553149614,0.8925863330884167,0.9346786369380063,0.5362526933002723,0.9992459507662748,0.12253840785680806,0.25,1.75
HistoKit (no postprocessing),gaussian,TCGA-BA-A6DF-01Z-00-DX1.AAA638F5-C794-441B-A034-30AD8CC72573.png,192431491,816534985,116340,31818752,0.9233799434495468,0.857665559759405,0.999395786494214,0.8581105127275157,0.9693197772183585,0.9233799434495467,0.9998575401809334,0.9624935323412149,0.0006042135057859987,816534985,192431491,31818752,116340,0.9808198228769108,0.9623615577429492,0.9624935323412149,0.9998575401809334,0.9693197772183585,0.980819822876911,0.8581105127275157,0.999395786494214,0.037506467658785125,0.25,1.75
HistoKit (no postprocessing),gaussian,normal_004.png,10667421,1294874289,75615,9624659,0.6874419931280424,0.5237421809389821,0.992961486864607,0.525693817489385,0.9926247229650479,0.6874419931280423,0.9999416077797555,0.9926219495885711,0.007038513135393012,1294874289,10667421,9624659,75615,0.99626833434613,0.9925644158064119,0.9926219495885711,0.9999416077797555,0.9926247229650479,0.99626833434613,0.525693817489385,0.992961486864607,0.007378050411428925,0.25,1.75
HistoKit (no postprocessing),gaussian,tumor_031.png,31528424,1305353349,89456,14905379,0.807885820988639,0.6776916466664555,0.9971707147980826,0.6789972382834979,0.9889081333967427,0.807885820988639,0.9999314745926383,0.9887102590697662,0.002829285201917396,1305353349,31528424,14905379,89456,0.9942892081176996,0.9886432721446451,0.9887102590697662,0.9999314745926383,0.9889081333967427,0.9942892081176996,0.6789972382834979,0.9971707147980826,0.01128974093023379,0.25,1.75
HistoKit (no postprocessing),gaussian,TCGA-YL-A8SL-01Z-00-DX2.F64D1539-E590-4B51-96B4-1F95CAE6E33A.png,257085342,301654817,1548504,75410537,0.8698102332783214,0.7696143239744283,0.9940127557782983,0.7731985815078327,0.8789379615390424,0.8698102332783214,0.9948928527732056,0.8000067197900128,0.005987244221701749,301654817,257085342,75410537,1548504,0.8868696386762186,0.7967347486789562,0.8000067197900128,0.9948928527732056,0.8789379615390424,0.8868696386762186,0.7731985815078327,0.9940127557782983,0.19999328020998716,0.25,1.75
HistoKit (no postprocessing),gaussian,tumor_021.png,151671590,1108525232,189588,88360854,0.7740446972622586,0.6313808468658695,0.9987515703322148,0.6318795387510199,0.9343461563455672,0.7740446972622587,0.999829002015144,0.9261743828142388,0.00124842966778514,1108525232,151671590,88360854,189588,0.9615933348353741,0.9260276990642448,0.9261743828142388,0.999829002015144,0.9343461563455672,0.9615933348353741,0.6318795387510199,0.9987515703322148,0.07382561718576115,0.25,1.75
HistoKit (no postprocessing),gaussian,TCGA-SR-A6MX-01Z-00-DX1.2642CBB2-65ED-48E9-BC30-D2F3F5D4D8B3.png,70189194,267356816,105418,16726100,0.892936021474372,0.8065803230844629,0.9985003402536741,0.8075586098805579,0.9525039917316653,0.892936021474372,0.999605858373261,0.9411224714406973,0.0014996597463259346,267356816,70189194,16726100,105418,0.9694829734247504,0.940773367565468,0.9411224714406973,0.999605858373261,0.9525039917316653,0.9694829734247503,0.8075586098805579,0.9985003402536741,0.058877528559302734,0.25,1.75
HistoKit (no postprocessing),gaussian,TCGA-G9-6333-11A-01-TS1.924c9301-78b6-4330-be95-533b25cf1a91.png,6574485,71206454,255830,8748695,0.5935393038434793,0.4220091648955871,0.9625449192313971,0.4290548698116187,0.8962438571510086,0.5935393038434793,0.996420069641211,0.8905799675265441,0.03745508076860291,71206454,6574485,8748695,255830,0.9405317814362895,0.8877394951132562,0.8905799675265441,0.996420069641211,0.8962438571510086,0.9405317814362895,0.4290548698116187,0.9625449192313971,0.10942003247345583,0.25,1.75
HistoKit (no postprocessing),gaussian,TCGA-DQ-7590-01Z-00-DX1.8319DF99-1663-48DE-BB6A-A156FBAC2EA1.png,8825515,212644288,82063,24655350,0.41641137892231617,0.2629542631083915,0.990787282468927,0.26359877500178086,0.8995260439482814,0.4164113789223161,0.9996142320891876,0.8961003471905844,0.009212717531072981,212644288,8825515,24655350,82063,0.9450311457456738,0.895790564749555,0.8961003471905844,0.9996142320891876,0.8995260439482814,0.9450311457456737,0.26359877500178086,0.990787282468927,0.10389965280941559,0.5,1.75
HistoKit (no postprocessing),gaussian,TCGA-FA-A82F-01Z-00-DX1.6D1B9A0A-FAA1-4E4D-9280-3D87F9929972.png,190812755,532101487,918467,23158327,0.9406540368082307,0.8879573524536551,0.9952096117136311,0.8917688933311091,0.9677682959504751,0.9406540368082306,0.9982768618827355,0.9582928092109327,0.0047903882863689256,532101487,190812755,23158327,918467,0.977876282636176,0.9567102944819954,0.9582928092109327,0.9982768618827355,0.9677682959504751,0.977876282636176,0.8917688933311091,0.9952096117136311,0.04170719078906726,0.25,1.75
HistoKit (no postprocessing),gaussian,TCGA-YL-A8SJ-01Z-00-DX2.36E46E11-79CA-4356-B68F-F387219B3D16.png,132596509,214025785,851677,190445517,0.5809391111325735,0.4093827937124174,0.9936179199918087,0.4104621019185906,0.644375788073326,0.5809391111325735,0.9960364526271257,0.529149494517166,0.006382080008191344,214025785,132596509,190445517,851677,0.6911317094353643,0.5280376294678324,0.529149494517166,0.9960364526271257,0.644375788073326,0.6911317094353642,0.4104621019185906,0.9936179199918087,0.47085050548283397,0.25,1.75
HistoKit (no postprocessing),gaussian,TCGA-YL-A8SI-01Z-00-DX1.35E5FB1A-9AAC-4942-892B-E9D80F6BDA23.png,150588706,171335481,3139290,23588043,0.9184905573720807,0.8492672566411209,0.9795789310881279,0.864574099956361,0.9233408390131211,0.9184905573720807,0.9820071980492813,0.878988217963882,0.02042106891187211,171335481,150588706,23588043,3139290,0.9276463011287045,0.8650562795699752,0.878988217963882,0.9820071980492813,0.9233408390131211,0.9276463011287043,0.864574099956361,0.9795789310881279,0.12101178203611791,0.5,1.75
HistoKit (no postprocessing),gaussian,TCGA-G9-6378-01A-01-BS1.bc59e095-f3ab-4a6e-8cef-ea7fc76abec8.png,7892819,33192340,6579,11272962,0.583245283543109,0.4116769662159484,0.9991671517247264,0.41181828175955887,0.7845964743424483,0.583245283543109,0.9998018308969638,0.7464773319205164,0.0008328482752736348,33192340,7892819,11272962,6579,0.8547652850338897,0.7463669009188075,0.7464773319205164,0.9998018308969638,0.7845964743424483,0.8547652850338896,0.41181828175955887,0.9991671517247264,0.25352266807948365,0.5,1.75
HistoKit (no postprocessing),gaussian,TCGA-G9-7509-01Z-00-DX1.D75B78D5-F5B9-4684-9FE0-C7279122D66F.png,52598844,325070130,40481,45291745,0.6988490540159347,0.5371006770374305,0.9992309741813749,0.5373227859523861,0.8928319210441956,0.6988490540159348,0.9998754854543951,0.8777094834612769,0.0007690258186251438,325070130,52598844,45291745,40481,0.9348180885476467,0.8776135592398878,0.8777094834612769,0.9998754854543951,0.8928319210441956,0.9348180885476468,0.5373227859523861,0.9992309741813749,0.12229051653872311,0.5,1.75
HistoKit (no postprocessing),gaussian,TCGA-BA-A6DF-01Z-00-DX1.AAA638F5-C794-441B-A034-30AD8CC72573.png,192473177,816537311,114014,31777066,0.9234927638480761,0.8578602473209447,0.9994079876267575,0.8582964032730167,0.9693620597946875,0.923492763848076,0.9998603883977045,0.9625409319215157,0.0005920123732424136,816537311,192473177,31777066,114014,0.980845803633257,0.9624115831833355,0.9625409319215157,0.9998603883977045,0.9693620597946875,0.980845803633257,0.8582964032730167,0.9994079876267575,0.03745906807848431,0.5,1.75
HistoKit (no postprocessing),gaussian,normal_004.png,10666925,1294874167,75737,9625155,0.6874183133212449,0.5237146916628326,0.9929498852332876,0.5256693744554526,0.9926242530895364,0.687418313321245,0.9999415135676167,0.9926215714813533,0.007050114766712385,1294874167,10666925,9625155,75737,0.9962680971403594,0.9925639449159513,0.9926215714813533,0.9999415135676167,0.9926242530895364,0.9962680971403594,0.5256693744554526,0.9929498852332876,0.007378428518646635,0.5,1.75
HistoKit (no postprocessing),gaussian,TCGA-YL-A8SL-01Z-00-DX2.F64D1539-E590-4B51-96B4-1F95CAE6E33A.png,257986746,301678617,1524704,74509133,0.8715660545479497,0.7723678094412523,0.9941247139577079,0.7759096045818962,0.8803933731551022,0.8715660545479497,0.9949713479556512,0.8019363123865676,0.005875286042292161,301678617,257986746,74509133,1524704,0.8880853160344229,0.7986991527687356,0.8019363123865676,0.9949713479556512,0.8803933731551022,0.8880853160344229,0.7759096045818962,0.9941247139577079,0.19806368761343238,0.5,1.75
HistoKit (no postprocessing),gaussian,tumor_031.png,31536749,1305352924,89881,14897054,0.808008559214628,0.6778643969811161,0.997158059521359,0.6791765257736913,0.9889139771253442,0.8080085592146279,0.9999311490326074,0.9887164898706781,0.0028419404786409427,1305352924,31536749,14897054,89881,0.9942921978165029,0.9886491838462327,0.9887164898706781,0.9999311490326074,0.9889139771253442,0.9942921978165029,0.6791765257736913,0.997158059521359,0.011283510129321888,0.5,1.75
HistoKit (no postprocessing),gaussian,tumor_021.png,151833102,1108510303,204517,88199342,0.7745202520091415,0.6320139139622233,0.998654826342683,0.6325524144561058,0.9344548371962443,0.7745202520091414,0.9998155368753887,0.9262984614785151,0.001345173657317009,1108510303,151833102,88199342,204517,0.9616539772427547,0.9261401846459228,0.9262984614785151,0.9998155368753887,0.9344548371962443,0.9616539772427547,0.6325524144561058,0.998654826342683,0.07370153852148488,0.5,1.75
HistoKit (no postprocessing),gaussian,TCGA-SR-A6MX-01Z-00-DX1.2642CBB2-65ED-48E9-BC30-D2F3F5D4D8B3.png,70490463,267352015,110219,16424831,0.8950262035642658,0.8099976727514379,0.9984388394435056,0.811024846789335,0.9533405797672363,0.8950262035642659,0.9995879081754773,0.9421206090929631,0.0015611605564943409,267352015,70490463,16424831,110219,0.9700038502350015,0.94175483127419,0.9421206090929631,0.9995879081754773,0.9533405797672363,0.9700038502350016,0.811024846789335,0.9984388394435056,0.057879390907036865,0.5,1.75
HistoKit (no postprocessing),gaussian,TCGA-G9-6333-11A-01-TS1.924c9301-78b6-4330-be95-533b25cf1a91.png,6642121,71200995,261289,8681059,0.5976734172898317,0.42620130336169937,0.9621507342023724,0.43346883610321096,0.8969603020155541,0.5976734172898317,0.996343679695432,0.8913265425047784,0.03784926579762755,71200995,6642121,8681059,261289,0.9409138913409499,0.8884205766160765,0.8913265425047784,0.996343679695432,0.8969603020155541,0.9409138913409499,0.43346883610321096,0.9621507342023724,0.10867345749522164,0.5,1.75
HistoKit (no postprocessing),gaussian,TCGA-FA-A82F-01Z-00-DX1.6D1B9A0A-FAA1-4E4D-9280-3D87F9929972.png,191263426,532091444,928510,22707656,0.9418062084618447,0.8900129787124026,0.9951688399663137,0.8938751171992485,0.9683581664827368,0.9418062084618448,0.9982580201866139,0.9590704887589039,0.004831160033686325,532091444,191263426,22707656,928510,0.9782719691173933,0.9574680732526498,0.9590704887589039,0.9982580201866139,0.9683581664827368,0.9782719691173933,0.8938751171992485,0.9951688399663137,0.0409295112410961,0.5,1.75
HistoKit (no postprocessing),gaussian,TCGA-DQ-7590-01Z-00-DX1.8319DF99-1663-48DE-BB6A-A156FBAC2EA1.png,8836398,212647990,78361,24644467,0.41685424891965267,0.2633075625760856,0.9912099698937459,0.2639238263408069,0.8995852826669386,0.41685424891965267,0.9996316347286942,0.8961430661911011,0.008790030106254135,212647990,8836398,24644467,78361,0.945062678358101,0.8958472308925522,0.8961430661911011,0.9996316347286942,0.8995852826669386,0.945062678358101,0.2639238263408069,0.9912099698937459,0.10385693380889895,0.9,2.25
HistoKit (no postprocessing),gaussian,TCGA-YL-A8SJ-01Z-00-DX2.36E46E11-79CA-4356-B68F-F387219B3D16.png,132768875,214065378,812084,190273151,0.5815251503381942,0.40996507655870107,0.9939206605037174,0.41099567336170684,0.6447698228772853,0.5815251503381942,0.9962207111325617,0.5294211722276905,0.00607933949628255,214065378,132768875,190273151,812084,0.6914077837502101,0.5283600002846349,0.5294211722276905,0.9962207111325617,0.6447698228772853,0.69140778375021,0.41099567336170684,0.9939206605037174,0.4705788277723096,0.5,1.75
HistoKit (no postprocessing),gaussian,TCGA-YL-A8SI-01Z-00-DX1.35E5FB1A-9AAC-4942-892B-E9D80F6BDA23.png,150919593,171602408,2872363,23257156,0.9203292308026767,0.852416548691868,0.9813230608758237,0.8664738196485686,0.9250554852019576,0.9203292308026767,0.983537086860541,0.8806465768341758,0.0186769391241763,171602408,150919593,23257156,2872363,0.9292523967477868,0.867853819074954,0.8806465768341758,0.983537086860541,0.9250554852019576,0.9292523967477868,0.8664738196485686,0.9813230608758237,0.11935342316582419,0.9,2.25
HistoKit (no postprocessing),gaussian,TCGA-G9-6378-01A-01-BS1.bc59e095-f3ab-4a6e-8cef-ea7fc76abec8.png,7895808,33192340,6579,11269973,0.5834017285543669,0.4118328677325066,0.9991674667413782,0.41197423679212447,0.784653554780224,0.5834017285543668,0.9998018308969638,0.7465275142118675,0.0008325332586217304,33192340,7895808,11269973,6579,0.8547981829595492,0.7464170683632054,0.7465275142118675,0.9998018308969638,0.784653554780224,0.8547981829595492,0.41197423679212447,0.9991674667413782,0.25347248578813253,0.9,2.25
HistoKit (no postprocessing),gaussian,TCGA-G9-7509-01Z-00-DX1.D75B78D5-F5B9-4684-9FE0-C7279122D66F.png,52697914,325069855,40756,45192675,0.6997035549381545,0.5381107958846068,0.9992272084222071,0.5383348342096501,0.8930654783012436,0.6997035549381545,0.9998746395884323,0.8779442386460223,0.0007727915777929175,325069855,52697914,45192675,40756,0.9349508510855756,0.877847611106535,0.8779442386460223,0.9998746395884323,0.8930654783012436,0.9349508510855757,0.5383348342096501,0.9992272084222071,0.12205576135397768,0.9,2.25
HistoKit (no postprocessing),gaussian,TCGA-BA-A6DF-01Z-00-DX1.AAA638F5-C794-441B-A034-30AD8CC72573.png,192633280,816536983,114342,31616963,0.9239053538079866,0.8585725773075996,0.9994067786735132,0.8590103512173228,0.9695155565372344,0.9239053538079864,0.9998599867575063,0.9627226128592462,0.0005932213264867154,816536983,192633280,31616963,114342,0.9809399300009785,0.9625928430322271,0.9627226128592462,0.9998599867575063,0.9695155565372344,0.9809399300009785,0.8590103512173228,0.9994067786735132,0.03727738714075381,0.9,2.25
HistoKit (no postprocessing),gaussian,normal_004.png,10669524,1294872700,77204,9622556,0.6874957311505003,0.5238045677010542,0.9928160459630131,0.5257974539820462,0.9926251137676578,0.6874957311505004,0.99994038070526,0.9926235408248967,0.007183954036986886,1294872700,10669524,9622556,77204,0.996268526780538,0.9925647978188962,0.9926235408248967,0.99994038070526,0.9926251137676578,0.996268526780538,0.5257974539820462,0.9928160459630131,0.007376459175103355,0.9,2.25
HistoKit (no postprocessing),gaussian,TCGA-YL-A8SL-01Z-00-DX2.F64D1539-E590-4B51-96B4-1F95CAE6E33A.png,258620188,301654339,1548982,73875691,0.8727364248536951,0.7742079528653488,0.9940462507529235,0.7778147169156343,0.8813516314005114,0.8727364248536951,0.9948912762733229,0.803276209362005,0.005953749247076431,301654339,258620188,73875691,1548982,0.8888743673949802,0.7999764754873178,0.803276209362005,0.9948912762733229,0.8813516314005114,0.8888743673949802,0.7778147169156343,0.9940462507529235,0.19672379063799506,0.9,2.25
HistoKit (no postprocessing),gaussian,tumor_031.png,31550441,1305351241,91564,14883362,0.8082001789850193,0.6781341671093105,0.9971062516423975,0.6794713971629677,0.9889228603325312,0.8082001789850193,0.9999298598148848,0.988726729350844,0.002893748357602497,1305351241,31550441,14883362,91564,0.9942967380705742,0.9886581616162122,0.988726729350844,0.9999298598148848,0.9889228603325312,0.9942967380705741,0.6794713971629677,0.9971062516423975,0.011273270649155983,0.9,2.25
HistoKit (no postprocessing),gaussian,tumor_021.png,151750098,1108510887,203933,88282346,0.7742619078885311,0.6316699406435021,0.9986579296471576,0.6322066112029422,0.934393728638548,0.7742619078885312,0.9998160636113802,0.9262342536991935,0.001342070352842433,1108510887,151750098,88282346,203933,0.9616196183375465,0.9260764507106611,0.9262342536991935,0.9998160636113802,0.934393728638548,0.9616196183375465,0.6322066112029422,0.9986579296471576,0.0737657463008065,0.9,2.25
HistoKit (no postprocessing),gaussian,TCGA-SR-A6MX-01Z-00-DX1.2642CBB2-65ED-48E9-BC30-D2F3F5D4D8B3.png,70732652,267355188,107046,16182642,0.8967405861869652,0.8128102737756765,0.9984888981316662,0.8138113414193824,0.9540329543694994,0.8967405861869652,0.9995997715326045,0.9429259862784447,0.0015111018683337696,267355188,70732652,16182642,107046,0.970436141364949,0.9425701312510225,0.9429259862784447,0.9995997715326045,0.9540329543694994,0.970436141364949,0.8138113414193824,0.9984888981316662,0.05707401372155525,0.9,2.25
HistoKit (no postprocessing),gaussian,TCGA-G9-6333-11A-01-TS1.924c9301-78b6-4330-be95-533b25cf1a91.png,6667704,71199277,263007,8655476,0.5992393869458604,0.42779571424364404,0.9620519453198958,0.43513839816539385,0.8972352904629283,0.5992393869458603,0.9963196390420435,0.8916097580315602,0.037948054680104246,71199277,6667704,8655476,263007,0.9410609460982242,0.8886828213869185,0.8916097580315602,0.9963196390420435,0.8972352904629283,0.9410609460982243,0.43513839816539385,0.9620519453198958,0.10839024196843987,0.9,2.25
HistoKit (no postprocessing),gaussian,TCGA-FA-A82F-01Z-00-DX1.6D1B9A0A-FAA1-4E4D-9280-3D87F9929972.png,191779419,532104569,915385,22191663,0.9431792810867838,0.8924685750452587,0.9952495605434176,0.8962866253113586,0.969066498945243,0.9431792810867837,0.9982826440302458,0.9599642542762225,0.0047504394565823374,532104569,191779419,22191663,915385,0.9787485477568344,0.958381548057558,0.9599642542762225,0.9982826440302458,0.969066498945243,0.9787485477568344,0.8962866253113586,0.9952495605434176,0.040035745723777535,0.9,2.25
HistoKit (no postprocessing),gaussian,TCGA-DQ-7590-01Z-00-DX1.8319DF99-1663-48DE-BB6A-A156FBAC2EA1.png,8824327,212644618,81733,24656538,0.41637023681241325,0.2629214520282369,0.9908227656225087,0.26356329204756207,0.8995225590788534,0.4163702368124133,0.9996157833779605,0.8960960055331547,0.00917723437749128,212644618,8824327,24656538,81733,0.9450294246124826,0.8957874718594397,0.8960960055331547,0.9996157833779605,0.8995225590788534,0.9450294246124826,0.26356329204756207,0.9908227656225087,0.10390399446684533,0.5,0.75
HistoKit (no postprocessing),gaussian,TCGA-YL-A8SJ-01Z-00-DX2.36E46E11-79CA-4356-B68F-F387219B3D16.png,132906442,214079169,798293,190135584,0.581969937604002,0.4104073341157992,0.9940294335873745,0.4114215219786914,0.6450511995579532,0.581969937604002,0.9962848918980624,0.5296174061217405,0.005970566412625551,214079169,132906442,190135584,798293,0.6915905702351628,0.5285735141479863,0.5296174061217405,0.9962848918980624,0.6450511995579532,0.6915905702351627,0.4114215219786914,0.9940294335873745,0.47038259387825954,0.9,2.25
HistoKit (no postprocessing),gaussian,TCGA-YL-A8SI-01Z-00-DX1.35E5FB1A-9AAC-4942-892B-E9D80F6BDA23.png,150576465,171321337,3153434,23600284,0.9184105654362945,0.8491304889703971,0.979487178352989,0.8645038207711639,0.9232651617293968,0.9184105654362946,0.9819261318875725,0.8789242369372662,0.020512821647010904,171321337,150576465,23600284,3153434,0.927574501052517,0.8649314119842098,0.8789242369372662,0.9819261318875725,0.9232651617293968,0.927574501052517,0.8645038207711639,0.979487178352989,0.12107576306273382,0.5,0.75
HistoKit (no postprocessing),gaussian,TCGA-G9-6378-01A-01-BS1.bc59e095-f3ab-4a6e-8cef-ea7fc76abec8.png,7895110,33192344,6575,11270671,0.5833652843601983,0.41179654707016705,0.9991678989987579,0.4119378177179422,0.7846403015772075,0.5833652843601983,0.9998019513828146,0.746515817697023,0.0008321010012421401,33192344,7895110,11270671,6575,0.8547905592976863,0.7464054424607918,0.746515817697023,0.9998019513828146,0.7846403015772075,0.8547905592976864,0.4119378177179422,0.9991678989987579,0.253484182302977,0.5,0.75
HistoKit (no postprocessing),gaussian,TCGA-G9-7509-01Z-00-DX1.D75B78D5-F5B9-4684-9FE0-C7279122D66F.png,52594699,325070164,40447,45295890,0.6988133823096762,0.5370585378061353,0.9992315590803149,0.5372804427604374,0.8928222023956434,0.6988133823096763,0.9998755900341869,0.8776996716875137,0.0007684409196851092,325070164,52594699,45295890,40447,0.9348125691607496,0.8776038301768359,0.8776996716875137,0.9998755900341869,0.8928222023956434,0.9348125691607497,0.5372804427604374,0.9992315590803149,0.12230032831248622,0.5,0.75
HistoKit (no postprocessing),gaussian,TCGA-BA-A6DF-01Z-00-DX1.AAA638F5-C794-441B-A034-30AD8CC72573.png,192469543,816539605,111720,31780700,0.9234884610665682,0.8578528215141352,0.9994198812581263,0.8582801981623717,0.969360772449139,0.9234884610665681,0.999863197430066,0.962536909923428,0.0005801187418736578,816539605,192469543,31780700,111720,0.9808450670117425,0.9624101647978222,0.962536909923428,0.999863197430066,0.969360772449139,0.9808450670117423,0.8582801981623717,0.9994198812581263,0.03746309007657196,0.5,0.75
HistoKit (no postprocessing),gaussian,normal_004.png,10666723,1294874216,75688,9625357,0.6874108552320062,0.5237060339650373,0.9929542818646577,0.5256594198327623,0.992624136761133,0.6874108552320063,0.9999415514069183,0.9926214180523921,0.007045718135342243,1294874216,10666723,9625357,75688,0.9962680386420913,0.9925638287877974,0.9926214180523921,0.9999415514069183,0.992624136761133,0.9962680386420912,0.5256594198327623,0.9929542818646577,0.007378581947607889,0.5,0.75
HistoKit (no postprocessing),gaussian,TCGA-YL-A8SL-01Z-00-DX2.F64D1539-E590-4B51-96B4-1F95CAE6E33A.png,257992147,301677985,1525336,74503732,0.8715754189345476,0.7723825176793037,0.9941224152516923,0.7759258483922443,0.8804008751308795,0.8715754189345476,0.9949692635457644,0.8019474933706042,0.005877584748307689,301677985,257992147,74503732,1525336,0.8880913418054991,0.7987089004663093,0.8019474933706042,0.9949692635457644,0.8804008751308795,0.8880913418054992,0.7759258483922443,0.9941224152516923,0.1980525066293958,0.5,0.75
HistoKit (no postprocessing),gaussian,tumor_031.png,31535537,1305352957,89848,14898266,0.8079903931360393,0.6778388265357764,0.9971589911079344,0.6791504240994433,0.9889131050043289,0.8079903931360394,0.9999311743113862,0.988715582503952,0.0028410088920656617,1305352957,31535537,14898266,89848,0.9942917514987775,0.9886483013145624,0.988715582503952,0.9999311743113862,0.9889131050043289,0.9942917514987775,0.6791504240994433,0.9971589911079344,0.011284417496048024,0.5,0.75
HistoKit (no postprocessing),gaussian,tumor_021.png,151845354,1108511547,203273,88187090,0.7745610039919525,0.6320681865969164,0.9986631053235357,0.6326034575559294,0.9344648435186742,0.7745610039919525,0.9998166588952062,0.9263080216911788,0.0013368946764642604,1108511547,151845354,88187090,203273,0.9616596481938554,0.9261507043630668,0.9263080216911788,0.9998166588952062,0.9344648435186742,0.9616596481938554,0.6326034575559294,0.9986631053235357,0.0736919783088213,0.5,0.75
HistoKit (no postprocessing),gaussian,TCGA-SR-A6MX-01Z-00-DX1.2642CBB2-65ED-48E9-BC30-D2F3F5D4D8B3.png,70479503,267352979,109255,16435791,0.8949547913853035,0.8098807038919558,0.9984522322945532,0.8108987470030303,0.9533123725610502,0.8949547913853035,0.9995915124226473,0.9420844207471635,0.0015477677054468078,267352979,70479503,16435791,109255,0.9699863657753991,0.9417218700270986,0.9420844207471635,0.9995915124226473,0.9533123725610502,0.9699863657753991,0.8108987470030303,0.9984522322945532,0.05791557925283654,0.5,0.75
HistoKit (no postprocessing),gaussian,TCGA-G9-6333-11A-01-TS1.924c9301-78b6-4330-be95-533b25cf1a91.png,6656392,71200878,261406,8666788,0.5985700808660482,0.42711381617708677,0.9622125421991218,0.4344001701996583,0.8971233938439276,0.5985700808660482,0.996342042468164,0.8914856482722308,0.037787457800878256,71200878,6656392,8666788,261406,0.9410018043354934,0.8885773443126859,0.8914856482722308,0.996342042468164,0.8971233938439276,0.9410018043354934,0.4344001701996583,0.9622125421991218,0.10851435172776928,0.5,0.75
HistoKit (no postprocessing),gaussian,TCGA-FA-A82F-01Z-00-DX1.6D1B9A0A-FAA1-4E4D-9280-3D87F9929972.png,191229584,532089937,930017,22741498,0.9417145367467841,0.8898492603800039,0.9951601845801085,0.893716955639828,0.9683108446297339,0.9417145367467841,0.9982551929003394,0.9590118789862726,0.0048398154198915095,532089937,191229584,22741498,930017,0.978240120627359,0.9574070585233753,0.9590118789862726,0.9982551929003394,0.9683108446297339,0.9782401206273589,0.893716955639828,0.9951601845801085,0.04098812101372735,0.5,0.75
HistoKit (no postprocessing),gaussian,TCGA-DQ-7590-01Z-00-DX1.8319DF99-1663-48DE-BB6A-A156FBAC2EA1.png,8825863,212644230,82121,24655002,0.4164238099505839,0.2629641772636082,0.9907811913447532,0.2636091689984712,0.8995272218179016,0.41642380995058387,0.9996139594384337,0.8961016359294411,0.009218808655246798,212644230,8825863,24655002,82121,0.9450317405621804,0.895791633641923,0.8961016359294411,0.9996139594384337,0.8995272218179016,0.9450317405621804,0.2636091689984712,0.9907811913447532,0.10389836407055882,0.5,2.25
HistoKit (no postprocessing),gaussian,TCGA-YL-A8SJ-01Z-00-DX2.36E46E11-79CA-4356-B68F-F387219B3D16.png,132753868,214057269,820193,190288158,0.5814682039443784,0.4099084740724265,0.9938596386614315,0.4109492181057582,0.644726849903605,0.5814682039443784,0.9961829733450593,0.5293920858414951,0.006140361338568571,214057269,132753868,190288158,820193,0.6913738907348433,0.5283204162288004,0.5293920858414951,0.9961829733450593,0.644726849903605,0.6913738907348433,0.4109492181057582,0.9938596386614315,0.4706079141585049,0.5,0.75
HistoKit (no postprocessing),gaussian,TCGA-YL-A8SI-01Z-00-DX1.35E5FB1A-9AAC-4942-892B-E9D80F6BDA23.png,150583548,171339306,3135465,23593201,0.9184842590310759,0.849256487203978,0.9796026207896612,0.8645444863596575,0.9233370157112752,0.9184842590310758,0.9820291209896472,0.8789673340629637,0.020397379210338802,171339306,150583548,23593201,3135465,0.927644452094417,0.865053063702798,0.8789673340629637,0.9820291209896472,0.9233370157112752,0.9276444520944171,0.8645444863596575,0.9796026207896612,0.12103266593703635,0.5,2.25
HistoKit (no postprocessing),gaussian,TCGA-G9-6378-01A-01-BS1.bc59e095-f3ab-4a6e-8cef-ea7fc76abec8.png,7891872,33192340,6579,11273909,0.5831957101165849,0.41162757219246876,0.9991670518687779,0.4117688707806898,0.7845783896403493,0.5831957101165849,0.9998018308969638,0.7464614341542504,0.0008329481312221852,33192340,7891872,11273909,6579,0.8547548625659317,0.7463510078558531,0.7464614341542504,0.9998018308969638,0.7845783896403493,0.8547548625659317,0.4117688707806898,0.9991670518687779,0.2535385658457497,0.5,2.25
HistoKit (no postprocessing),gaussian,TCGA-G9-7509-01Z-00-DX1.D75B78D5-F5B9-4684-9FE0-C7279122D66F.png,52598259,325070116,40495,45292330,0.6988439323753641,0.5370946266662381,0.9992306998756088,0.5373168098927262,0.8928305049725628,0.6988439323753641,0.9998754423921279,0.8777080924668048,0.0007693001243912422,325070116,52598259,45292330,40495,0.9348172807792897,0.8776121353744867,0.8777080924668048,0.9998754423921279,0.8928305049725628,0.9348172807792898,0.5373168098927262,0.9992306998756088,0.1222919075331952,0.5,2.25
HistoKit (no postprocessing),gaussian,TCGA-BA-A6DF-01Z-00-DX1.AAA638F5-C794-441B-A034-30AD8CC72573.png,192473314,816537304,114021,31776929,0.9234931021502097,0.8578608311705112,0.9994079517222667,0.8582970141976614,0.9693621846864199,0.9234931021502097,0.9998603798261149,0.962541087059658,0.0005920482777333204,816537304,192473314,31776929,114021,0.9808458800563369,0.9624117303382497,0.962541087059658,0.9998603798261149,0.9693621846864199,0.9808458800563368,0.8582970141976614,0.9994079517222667,0.037458912940342,0.5,2.25
HistoKit (no postprocessing),gaussian,normal_004.png,10666958,1294874170,75734,9625122,0.6874197754699148,0.5237163890047307,0.9929501841810228,0.5256710007056941,0.9926242804609254,0.6874197754699148,0.9999415158843087,0.9926215966087316,0.007049815818977217,1294874170,10666958,9625122,75734,0.9962681109463776,0.9925639723230453,0.9926215966087316,0.9999415158843087,0.9926242804609254,0.9962681109463776,0.5256710007056941,0.9929501841810228,0.007378403391268379,0.5,2.25
HistoKit (no postprocessing),gaussian,TCGA-YL-A8SL-01Z-00-DX2.F64D1539-E590-4B51-96B4-1F95CAE6E33A.png,257981163,301678673,1524648,74514716,0.8715554950527252,0.7723512243904699,0.9941248020839117,0.7758928133963429,0.8803846787914787,0.8715554950527253,0.9949715326501981,0.8019244405169491,0.005875197916088284,301678673,257981163,74514716,1524648,0.888078109768886,0.7986874955616694,0.8019244405169491,0.9949715326501981,0.8803846787914787,0.8880781097688859,0.7758928133963429,0.9941248020839117,0.1980755594830509,0.5,2.25
HistoKit (no postprocessing),gaussian,tumor_031.png,31537032,1305352929,89876,14896771,0.8080129323956581,0.6778705527565866,0.9971582425951977,0.6791826204715561,0.9889141901625389,0.8080129323956581,0.9999311528627254,0.9887167018481429,0.0028417574048022654,1305352929,31537032,14896771,89876,0.9942923068975283,0.9886493995390168,0.9887167018481429,0.9999311528627254,0.9889141901625389,0.9942923068975285,0.6791826204715561,0.9971582425951977,0.011283298151857182,0.5,2.25
HistoKit (no postprocessing),gaussian,tumor_021.png,151828611,1108510065,204755,88203833,0.7745057443289941,0.6319945938097622,0.9986532232667926,0.6325337044853819,0.9344513309796786,0.7745057443289941,0.9998153222124333,0.9262949706296467,0.001346776733207367,1108510065,151828611,88203833,204755,0.9616519967372072,0.9261365107992848,0.9262949706296467,0.9998153222124333,0.9344513309796786,0.9616519967372074,0.6325337044853819,0.9986532232667926,0.07370502937035331,0.5,2.25
HistoKit (no postprocessing),gaussian,TCGA-SR-A6MX-01Z-00-DX1.2642CBB2-65ED-48E9-BC30-D2F3F5D4D8B3.png,70492378,267351745,110489,16422916,0.8950381029397619,0.8100171646832526,0.9984350635506062,0.8110468797355733,0.9533452217094307,0.8950381029397619,0.999586898687162,0.942126911747064,0.0015649364493937618,267351745,70492378,16422916,110489,0.9700067155337997,0.9417602329674518,0.942126911747064,0.999586898687162,0.9533452217094307,0.9700067155337997,0.8110468797355733,0.9984350635506062,0.057873088252936015,0.5,2.25
HistoKit (no postprocessing),gaussian,TCGA-G9-6333-11A-01-TS1.924c9301-78b6-4330-be95-533b25cf1a91.png,6635638,71201122,261162,8687542,0.5972676843093468,0.42578878209936616,0.9621328732165642,0.43304575159986375,0.8968870639442569,0.5972676843093467,0.9963454568566547,0.8912543837258312,0.037867126783435796,71201122,6635638,8687542,261162,0.9408744767161947,0.8883503003487494,0.8912543837258312,0.9963454568566547,0.8968870639442569,0.9408744767161947,0.43304575159986375,0.9621328732165642,0.10874561627416876,0.5,2.25
HistoKit (no postprocessing),gaussian,TCGA-FA-A82F-01Z-00-DX1.6D1B9A0A-FAA1-4E4D-9280-3D87F9929972.png,191268075,532092734,927220,22703007,0.9418213118118341,0.8900399548061576,0.9951756363234594,0.8938968444343334,0.9683661170466843,0.9418213118118341,0.9982604403586737,0.9590786206125544,0.004824363676540573,532092734,191268075,22703007,927220,0.9782773615892718,0.9574784044238906,0.9590786206125544,0.9982604403586737,0.9683661170466843,0.9782773615892717,0.8938968444343334,0.9951756363234594,0.04092137938744558,0.5,2.25
HistoKit (no postprocessing),constant,TCGA-DQ-7590-01Z-00-DX1.8319DF99-1663-48DE-BB6A-A156FBAC2EA1.png,8828624,212644763,81588,24652241,0.4165321867146711,0.26305061790328615,0.9908433155125826,0.2636916340124426,0.8995406007921393,0.41653218671467107,0.9996164650048456,0.8961122956276346,0.009156684487417358,212644763,8828624,24652241,81588,0.9450387880424561,0.8958042981399098,0.8961122956276346,0.9996164650048456,0.8995406007921393,0.9450387880424561,0.2636916340124426,0.9908433155125826,0.10388770437236536,0.75,
HistoKit (no postprocessing),gaussian,TCGA-YL-A8SJ-01Z-00-DX2.36E46E11-79CA-4356-B68F-F387219B3D16.png,132768666,214066526,810936,190273360,0.581525963110972,0.4099658844559217,0.9939291928718278,0.4109950263870621,0.6447715684916773,0.581525963110972,0.9962260537124177,0.5294222346394983,0.006070807128172159,214066526,132768666,190273360,810936,0.6914099764530499,0.5283625612389847,0.5294222346394983,0.9962260537124177,0.6447715684916773,0.6914099764530499,0.4109950263870621,0.9939291928718278,0.47057776536050167,0.5,2.25
HistoKit (no postprocessing),constant,TCGA-YL-A8SI-01Z-00-DX1.35E5FB1A-9AAC-4942-892B-E9D80F6BDA23.png,150750813,171542384,2932387,23425936,0.9196049316777024,0.8511746847435357,0.9809192741952276,0.8655048039735774,0.924399231071759,0.9196049316777024,0.983193060044194,0.8798474747076859,0.019080725804772415,171542384,150750813,23425936,2932387,0.9286539019347908,0.8668103646542303,0.8798474747076859,0.983193060044194,0.924399231071759,0.9286539019347909,0.8655048039735774,0.9809192741952276,0.12015252529231416,0.75,
HistoKit (no postprocessing),constant,TCGA-G9-6378-01A-01-BS1.bc59e095-f3ab-4a6e-8cef-ea7fc76abec8.png,7868980,33192214,6705,11296801,0.5819935945780454,0.4104308643125362,0.9991486454829008,0.4105744503706893,0.7841388187080228,0.5819935945780454,0.9997980355926649,0.7460766213862006,0.0008513545170991476,33192214,7868980,11296801,6705,0.8545011378472235,0.7459641961069514,0.7460766213862006,0.9997980355926649,0.7841388187080228,0.8545011378472235,0.4105744503706893,0.9991486454829008,0.2539233786137994,0.75,
HistoKit (no postprocessing),constant,TCGA-G9-7509-01Z-00-DX1.D75B78D5-F5B9-4684-9FE0-C7279122D66F.png,52629681,325069918,40693,45260908,0.6991145639789778,0.5374143983941719,0.999227402486263,0.5376378009126087,0.8929043203659942,0.6991145639789778,0.9998748333686347,0.8777824992618897,0.0007725975137370393,325069918,52629681,45260908,40693,0.9348592151836359,0.8776860566322325,0.8777824992618897,0.9998748333686347,0.8929043203659942,0.9348592151836359,0.5376378009126087,0.999227402486263,0.1222175007381103,0.75,
HistoKit (no postprocessing),constant,TCGA-BA-A6DF-01Z-00-DX1.AAA638F5-C794-441B-A034-30AD8CC72573.png,192588564,816536097,115228,31661679,0.9237879854070725,0.858369887049153,0.9994020460168215,0.8588109489807777,0.9694717464389486,0.9237879854070725,0.9998589018391661,0.9626718203043249,0.0005979539831784939,816536097,192588564,31661679,115228,0.9809130407188777,0.9625410587245932,0.9626718203043249,0.9998589018391661,0.9694717464389486,0.9809130407188777,0.8588109489807777,0.9994020460168215,0.037328179695675125,0.75,
HistoKit (no postprocessing),constant,normal_004.png,10667560,1294873229,76675,9624520,0.6874243930054196,0.523721749316539,0.9928636147664306,0.5257006674525233,0.9926240227136788,0.6874243930054196,0.9999407892152714,0.9926220493616199,0.0071363852335694445,1294873229,10667560,9624520,76675,0.996267978318854,0.99256370903681,0.9926220493616199,0.9999407892152714,0.9926240227136788,0.9962679783188539,0.5257006674525233,0.9928636147664306,0.0073779506383801355,0.75,
HistoKit (no postprocessing),constant,TCGA-YL-A8SL-01Z-00-DX2.F64D1539-E590-4B51-96B4-1F95CAE6E33A.png,258497881,301650835,1552486,73997998,0.8724985863803785,0.7738336962074339,0.9940300564928639,0.7774468717550632,0.8811537217602288,0.8724985863803785,0.9948797196716721,0.8030128367256235,0.005969943507136062,301650835,258497881,73997998,1552486,0.8887084860012097,0.799707794765161,0.8030128367256235,0.9948797196716721,0.8811537217602288,0.8887084860012097,0.7774468717550632,0.9940300564928639,0.19698716327437651,0.75,
HistoKit (no postprocessing),constant,tumor_031.png,31543048,1305352046,90759,14890755,0.8080956493992835,0.6779869953423742,0.9971309491772521,0.6793121812572621,0.988917987106705,0.8080956493992836,0.9999304764638846,0.98872119962425,0.0028690508227479546,1305352046,31543048,14890755,90759,0.9942942468185203,0.9886532354748295,0.98872119962425,0.9999304764638846,0.988917987106705,0.9942942468185202,0.6793121812572621,0.9971309491772521,0.011278800375749975,0.75,
HistoKit (no postprocessing),constant,tumor_021.png,151793244,1108512215,202605,88239200,0.7743994334612987,0.6318530315699271,0.9986670359662256,0.6323863619036433,0.934426702940841,0.7743994334612987,0.9998172613945938,0.9262677287078871,0.0013329640337743697,1108512215,151793244,88239200,202605,0.9616382128450474,0.9261109420059427,0.9262677287078871,0.9998172613945938,0.934426702940841,0.9616382128450474,0.6323863619036433,0.9986670359662256,0.0737322712921129,0.75,
HistoKit (no postprocessing),constant,TCGA-SR-A6MX-01Z-00-DX1.2642CBB2-65ED-48E9-BC30-D2F3F5D4D8B3.png,70475180,267353367,108867,16440114,0.894926665121729,0.8098346389113709,0.9984576259845231,0.8108490089212608,0.9533012685838251,0.894926665121729,0.9995929630947448,0.9420701492434916,0.0015423740154768967,267353367,70475180,16440114,108867,0.9699794840222201,0.9417088970324402,0.9420701492434916,0.9995929630947448,0.9533012685838251,0.96997948402222,0.8108490089212608,0.9984576259845231,0.05792985075650839,0.75,
HistoKit (no postprocessing),constant,TCGA-G9-6333-11A-01-TS1.924c9301-78b6-4330-be95-533b25cf1a91.png,6638917,71212052,250232,8684263,0.5977686536157465,0.426298167671927,0.9636773714721514,0.4332597411242314,0.8970507895193139,0.5977686536157465,0.996498404668958,0.8913058380727572,0.03632262852784865,71212052,6638917,8684263,250232,0.9409713418396533,0.8885230202119625,0.8913058380727572,0.996498404668958,0.8970507895193139,0.9409713418396533,0.4332597411242314,0.9636773714721514,0.10869416192724282,0.75,
HistoKit (no postprocessing),constant,TCGA-FA-A82F-01Z-00-DX1.6D1B9A0A-FAA1-4E4D-9280-3D87F9929972.png,191625431,532094226,925728,22345651,0.9427549672491351,0.8917090532893438,0.9951923010756845,0.8955669579686474,0.9688465083535487,0.942754967249135,0.9982632395034127,0.9596968906332832,0.004807698924315485,532094226,191625431,22345651,925728,0.97860024036143,0.9580971907685929,0.9596968906332832,0.9982632395034127,0.9688465083535487,0.9786002403614299,0.8955669579686474,0.9951923010756845,0.04030310936671678,0.75,
HistoKit (no postprocessing),gaussian,TCGA-DQ-7590-01Z-00-DX1.8319DF99-1663-48DE-BB6A-A156FBAC2EA1.png,8836067,212648015,78336,24644798,0.4168421343627312,0.2632978955607435,0.9912124233109049,0.26391394009682845,0.8995840398114083,0.4168421343627312,0.999631752250571,0.8961418271020286,0.008787576689095165,212648015,8836067,24644798,78336,0.9450620418467335,0.8958460870069765,0.8961418271020286,0.999631752250571,0.8995840398114083,0.9450620418467335,0.26391394009682845,0.9912124233109049,0.10385817289797142,0.9,1.75
HistoKit (no postprocessing),constant,TCGA-YL-A8SJ-01Z-00-DX2.36E46E11-79CA-4356-B68F-F387219B3D16.png,132965113,214047772,829690,190076913,0.5821120564690725,0.41054870317851405,0.9937987875358657,0.41160314231065404,0.645101902312935,0.5821120564690725,0.9961387760620516,0.5296577515426953,0.006201212464134351,214047772,132965113,190076913,829690,0.6915897563114591,0.5285725632671582,0.5296577515426953,0.9961387760620516,0.645101902312935,0.6915897563114591,0.41160314231065404,0.9937987875358657,0.4703422484573047,0.75,
HistoKit (no postprocessing),gaussian,TCGA-YL-A8SI-01Z-00-DX1.35E5FB1A-9AAC-4942-892B-E9D80F6BDA23.png,150908201,171602086,2872685,23268548,0.9202908235388391,0.8523506547894415,0.9813196225179767,0.8664084148223481,0.9250218871840857,0.9202908235388392,0.9835352413215089,0.8805948976386047,0.01868037748202335,171602086,150908201,23268548,2872685,0.9292228016211546,0.8678021936103945,0.8805948976386047,0.9835352413215089,0.9250218871840857,0.9292228016211547,0.8664084148223481,0.9813196225179767,0.1194051023613953,0.9,1.75
HistoKit (no postprocessing),gaussian,TCGA-G9-6378-01A-01-BS1.bc59e095-f3ab-4a6e-8cef-ea7fc76abec8.png,7895931,33192340,6579,11269850,0.583408165665132,0.4118392832181328,0.9991674796994879,0.4119806544799818,0.7846559036908451,0.583408165665132,0.9998018308969638,0.7465295794021842,0.0008325203005121157,33192340,7895931,11269850,6579,0.8547995367926049,0.7464191329424927,0.7465295794021842,0.9998018308969638,0.7846559036908451,0.854799536792605,0.4119806544799818,0.9991674796994879,0.2534704205978158,0.9,1.75
HistoKit (no postprocessing),gaussian,TCGA-G9-7509-01Z-00-DX1.D75B78D5-F5B9-4684-9FE0-C7279122D66F.png,52695950,325069868,40743,45194639,0.6996866610127108,0.5380908124480529,0.999227425959379,0.5383147709939716,0.8930608660211838,0.6996866610127107,0.9998746795748232,0.8779395860376107,0.0007725740406210151,325069868,52695950,45194639,40743,0.9349482303449345,0.8778429903437772,0.8779395860376107,0.9998746795748232,0.8930608660211838,0.9349482303449346,0.5383147709939716,0.999227425959379,0.12206041396238933,0.9,1.75
HistoKit (no postprocessing),gaussian,TCGA-BA-A6DF-01Z-00-DX1.AAA638F5-C794-441B-A034-30AD8CC72573.png,192633614,816537007,114318,31616629,0.9239062688943422,0.8585741577966941,0.9994069041425565,0.8590118406248505,0.9695159004698511,0.9239062688943422,0.9998600161458135,0.9627229930309465,0.0005930958574434926,816537007,192633614,31616629,114318,0.9809401414920459,0.9625932503398567,0.9627229930309465,0.9998600161458135,0.9695159004698511,0.9809401414920459,0.8590118406248505,0.9994069041425565,0.03727700696905342,0.9,1.75
HistoKit (no postprocessing),gaussian,normal_004.png,10669520,1294872719,77185,9622560,0.6874959828485554,0.5238048599200805,0.9928177985717482,0.5257972568608048,0.9926251251724033,0.6874959828485555,0.9999403953776423,0.9926235378886334,0.007182201428251729,1294872719,10669520,9622560,77185,0.9962685325840164,0.9925648093397134,0.9926235378886334,0.9999403953776423,0.9926251251724033,0.9962685325840164,0.5257972568608048,0.9928177985717482,0.007376462111366522,0.9,1.75
HistoKit (no postprocessing),gaussian,TCGA-YL-A8SL-01Z-00-DX2.F64D1539-E590-4B51-96B4-1F95CAE6E33A.png,258602779,301654376,1548945,73893100,0.8727033660169887,0.7741559228590232,0.9940459937140375,0.7777623583719665,0.8813243040104503,0.8727033660169887,0.9948913983036485,0.8032389918125824,0.005954006285962572,301654376,258602779,73893100,1548945,0.8888516295915303,0.7999396419622874,0.8032389918125824,0.9948913983036485,0.8813243040104503,0.8888516295915302,0.7777623583719665,0.9940459937140375,0.19676100818741757,0.9,1.75
HistoKit (no postprocessing),gaussian,tumor_031.png,31550191,1305351250,91555,14883612,0.8081964559736877,0.6781289248757635,0.9971065123903087,0.6794660131542531,0.9889226820618232,0.8081964559736877,0.9999298667090972,0.9887265422021555,0.0028934876096913236,1305351250,31550191,14883612,91555,0.9942966468473222,0.9886579812331362,0.9887265422021555,0.9999298667090972,0.9889226820618232,0.9942966468473223,0.6794660131542531,0.9971065123903087,0.011273457797844456,0.9,1.75
HistoKit (no postprocessing),gaussian,tumor_021.png,151751463,1108510986,203834,88280981,0.7742663717639068,0.6316758828572927,0.9986585923358763,0.632212297934191,0.9343948140902402,0.7742663717639069,0.9998161529039542,0.9262353162168242,0.0013414076641237456,1108510986,151751463,88280981,203834,0.9616202322634932,0.9260775894735156,0.9262353162168242,0.9998161529039542,0.9343948140902402,0.9616202322634934,0.632212297934191,0.9986585923358763,0.07376468378317583,0.9,1.75
HistoKit (no postprocessing),gaussian,TCGA-SR-A6MX-01Z-00-DX1.2642CBB2-65ED-48E9-BC30-D2F3F5D4D8B3.png,70725402,267355426,106808,16189892,0.896691233859396,0.8127291845926682,0.9984920984393965,0.8137279268709602,0.9540131675617987,0.896691233859396,0.9996006613778602,0.9429019244112505,0.001507901560603573,267355426,70725402,16189892,106808,0.9704238173490588,0.942546878707336,0.9429019244112505,0.9996006613778602,0.9540131675617987,0.9704238173490587,0.8137279268709602,0.9984920984393965,0.05709807558874945,0.9,1.75
HistoKit (no postprocessing),gaussian,TCGA-G9-6333-11A-01-TS1.924c9301-78b6-4330-be95-533b25cf1a91.png,6669341,71199276,263008,8653839,0.5993423926252214,0.4279007156849385,0.9620607675695496,0.4352452297760648,0.8972541415461004,0.5993423926252214,0.996319625048648,0.8916280347986425,0.037939232430450345,71199276,6669341,8653839,263008,0.941071119932744,0.8887009672197942,0.8916280347986425,0.996319625048648,0.8972541415461004,0.9410711199327438,0.4352452297760648,0.9620607675695496,0.10837196520135751,0.9,1.75
HistoKit (no postprocessing),gaussian,TCGA-FA-A82F-01Z-00-DX1.6D1B9A0A-FAA1-4E4D-9280-3D87F9929972.png,191772303,532104129,915825,22198779,0.9431597676098372,0.8924336325432801,0.9952471124738935,0.8962533684808865,0.9690563836966847,0.9431597676098371,0.9982818185452021,0.959951898718886,0.004752887526106434,532104129,191772303,22198779,915825,0.9787417290596802,0.9583684724124754,0.959951898718886,0.9982818185452021,0.9690563836966847,0.9787417290596802,0.8962533684808865,0.9952471124738935,0.040048101281113975,0.9,1.75
HistoKit (no postprocessing),gaussian,TCGA-YL-A8SJ-01Z-00-DX2.36E46E11-79CA-4356-B68F-F387219B3D16.png,132900005,214079644,797818,190142021,0.5819505580298074,0.4103880589814019,0.9940326777048568,0.41140159577874863,0.6450401161149232,0.5819505580298074,0.9962871024602851,0.5296095250114811,0.00596732229514313,214079644,132900005,190142021,797818,0.6915843833842137,0.528566286279122,0.5296095250114811,0.9962871024602851,0.6450401161149232,0.6915843833842138,0.41140159577874863,0.9940326777048568,0.470390474988519,0.9,1.75
HistoKit (no postprocessing),constant,TCGA-DQ-7590-01Z-00-DX1.8319DF99-1663-48DE-BB6A-A156FBAC2EA1.png,8829473,212643403,82948,24651392,0.4165505358560787,0.2630652542367579,0.9906929890318242,0.2637169917802303,0.8995385253046361,0.41655053585607865,0.9996100718147514,0.8961149063551942,0.009307010968175763,212643403,8829473,24651392,82948,0.9450373827544539,0.8958017727887825,0.8961149063551942,0.9996100718147514,0.8995385253046361,0.9450373827544539,0.2637169917802303,0.9906929890318242,0.10388509364480582,0.5,
HistoKit (no postprocessing),constant,TCGA-YL-A8SI-01Z-00-DX1.35E5FB1A-9AAC-4942-892B-E9D80F6BDA23.png,150504156,171567841,2906930,23672593,0.9188629119881695,0.8499041631047207,0.9810513693906059,0.8640886735117556,0.9237647866844234,0.9188629119881695,0.9833389665259971,0.8787515858523445,0.01894863060939416,171567841,150504156,23672593,2906930,0.9281081150016538,0.865859820370863,0.8787515858523445,0.9833389665259971,0.9237647866844234,0.9281081150016538,0.8640886735117556,0.9810513693906059,0.1212484141476555,0.5,
HistoKit (no postprocessing),constant,TCGA-G9-6378-01A-01-BS1.bc59e095-f3ab-4a6e-8cef-ea7fc76abec8.png,7880688,33192341,6578,11285093,0.5826100106209847,0.4110442538656824,0.9991659974444884,0.4111853307725889,0.7843648297421736,0.5826100106209847,0.9998018610184265,0.746273739622659,0.000834002555511631,33192341,7880688,11285093,6578,0.854631807958337,0.7461633856226817,0.746273739622659,0.9998018610184265,0.7843648297421736,0.8546318079583369,0.4111853307725889,0.9991659974444884,0.25372626037734103,0.5,
HistoKit (no postprocessing),constant,TCGA-G9-7509-01Z-00-DX1.D75B78D5-F5B9-4684-9FE0-C7279122D66F.png,52575983,325070067,40544,45314606,0.6986511255720295,0.5368668919617217,0.9992294436308957,0.5370892497132692,0.8927777273445087,0.6986511255720296,0.9998752916741926,0.8776552883979624,0.000770556369104331,325070067,52575983,45314606,40544,0.9347872644956713,0.8775592267521031,0.8776552883979624,0.9998752916741926,0.8927777273445087,0.9347872644956713,0.5370892497132692,0.9992294436308957,0.1223447116020376,0.5,
HistoKit (no postprocessing),constant,TCGA-BA-A6DF-01Z-00-DX1.AAA638F5-C794-441B-A034-30AD8CC72573.png,192469571,816536340,114985,31780672,0.9234812998422428,0.8578404626941568,0.999402937585504,0.8582803230228829,0.9693576626450043,0.9234812998422428,0.9998591993957764,0.9625367975056004,0.0005970624144959994,816536340,192469571,31780672,114985,0.9808430849457049,0.9624063482839156,0.9625367975056004,0.9998591993957764,0.9693576626450043,0.9808430849457048,0.8582803230228829,0.999402937585504,0.037463202494399585,0.5,
HistoKit (no postprocessing),constant,normal_004.png,10667455,1294874059,75845,9624625,0.6874383365049824,0.5237379359949529,0.9929402511332645,0.5256954930199368,0.992624573943041,0.6874383365049823,0.999941430166707,0.9926219741590786,0.007059748866735546,1294874059,10667455,9624625,75845,0.9962682585665357,0.9925642653720705,0.9926219741590786,0.999941430166707,0.992624573943041,0.9962682585665357,0.5256954930199368,0.9929402511332645,0.007378025840921431,0.5,
HistoKit (no postprocessing),constant,TCGA-YL-A8SL-01Z-00-DX2.F64D1539-E590-4B51-96B4-1F95CAE6E33A.png,258665459,301647962,1555359,73830420,0.872813134197905,0.774328694450161,0.9940229263286691,0.7779508719865968,0.881412814425439,0.872813134197905,0.9948702441817912,0.8033697183663693,0.005977073671330939,301647962,258665459,73830420,1555359,0.8889232188421028,0.8000556162425791,0.8033697183663693,0.9948702441817912,0.881412814425439,0.8889232188421029,0.7779508719865968,0.9940229263286691,0.19663028163363078,0.5,
HistoKit (no postprocessing),constant,tumor_031.png,31538963,1305352918,89887,14894840,0.8080423041732901,0.6779118982178757,0.9971580692943309,0.6792242065548669,0.9889156104105028,0.80804230417329,0.9999311444364658,0.9887181478553967,0.002841930705669033,1305352918,31538963,14894840,89887,0.9942930339122371,0.9886508371121995,0.9887181478553967,0.9999311444364658,0.9889156104105028,0.9942930339122372,0.6792242065548669,0.9971580692943309,0.011281852144603302,0.5,
HistoKit (no postprocessing),constant,tumor_021.png,151651274,1108510796,204024,88381170,0.7739526285055377,0.631258340011892,0.9986564578076162,0.6317949001927423,0.934320390213596,0.7739526285055377,0.9998159815343679,0.926157771536082,0.0013435421923836993,1108510796,151651274,88381170,204024,0.961578359962374,0.9259999241998964,0.926157771536082,0.9998159815343679,0.934320390213596,0.961578359962374,0.6317949001927423,0.9986564578076162,0.07384222846391802,0.5,
HistoKit (no postprocessing),constant,TCGA-SR-A6MX-01Z-00-DX1.2642CBB2-65ED-48E9-BC30-D2F3F5D4D8B3.png,70912050,267347497,114737,16003244,0.8979500529691008,0.8147997787108682,0.998384595378079,0.8158753970273632,0.9545174856572733,0.8979500529691008,0.9995710160710016,0.9435214323296934,0.0016154046219210225,267347497,70912050,16003244,114737,0.9707378334724232,0.9431395275582729,0.9435214323296934,0.9995710160710016,0.9545174856572733,0.9707378334724232,0.8158753970273632,0.998384595378079,0.05647856767030653,0.5,
HistoKit (no postprocessing),constant,TCGA-G9-6333-11A-01-TS1.924c9301-78b6-4330-be95-533b25cf1a91.png,6417999,71207046,255238,8905181,0.5835494935379703,0.41198015100121205,0.9617519953210114,0.4188424987502594,0.8944475425055053,0.5835494935379703,0.9964283537313193,0.8888411752677903,0.038248004678988624,71207046,6417999,8905181,255238,0.9395649114117874,0.8860183159939162,0.8888411752677903,0.9964283537313193,0.8944475425055053,0.9395649114117874,0.4188424987502594,0.9617519953210114,0.11115882473220973,0.5,
HistoKit (no postprocessing),constant,TCGA-FA-A82F-01Z-00-DX1.6D1B9A0A-FAA1-4E4D-9280-3D87F9929972.png,191427872,532109048,910906,22543210,0.9422752969863936,0.890851177344841,0.995264054344777,0.8946436603054613,0.9686018775732672,0.9422752969863936,0.9982910470927698,0.9593561376973606,0.004735945655222994,532109048,191427872,22543210,910906,0.978436411502255,0.9577831693679388,0.9593561376973606,0.9982910470927698,0.9686018775732672,0.9784364115022551,0.8946436603054613,0.995264054344777,0.04064386230263936,0.5,
HistoKit (no postprocessing),gaussian,TCGA-DQ-7590-01Z-00-DX1.8319DF99-1663-48DE-BB6A-A156FBAC2EA1.png,8827577,212644672,81679,24653288,0.41649218222330625,0.2630187091896252,0.9908321188660423,0.26366036241895185,0.8995359786692848,0.4164921822233063,0.9996160372252143,0.8961083019845598,0.009167881133957763,212644672,8827577,24653288,81679,0.9450363760459154,0.8957999637028684,0.8961083019845598,0.9996160372252143,0.8995359786692848,0.9450363760459155,0.26366036241895185,0.9908321188660423,0.10389169801544017,0.75,2.25
HistoKit (no postprocessing),constant,TCGA-YL-A8SJ-01Z-00-DX2.36E46E11-79CA-4356-B68F-F387219B3D16.png,132805980,214070460,807002,190236046,0.581646878599435,0.41008608492720255,0.9939601527641977,0.41111053457793756,0.6448482491119564,0.581646878599435,0.9962443618214366,0.5294756745764561,0.0060398472358022814,214070460,132805980,190236046,807002,0.6914599571802866,0.5284209382620735,0.5294756745764561,0.9962443618214366,0.6448482491119564,0.6914599571802866,0.41111053457793756,0.9939601527641977,0.4705243254235439,0.5,
HistoKit (no postprocessing),gaussian,TCGA-YL-A8SI-01Z-00-DX1.35E5FB1A-9AAC-4942-892B-E9D80F6BDA23.png,150738015,171532284,2942487,23438734,0.9195344287200163,0.8510538911764503,0.9808532184518762,0.8654313268873792,0.9243335551785347,0.9195344287200163,0.9831351720186525,0.8797834968477213,0.01914678154812378,171532284,150738015,23438734,2942487,0.9285924436399517,0.8667032803041914,0.8797834968477213,0.9831351720186525,0.9243335551785347,0.9285924436399517,0.8654313268873792,0.9808532184518762,0.12021650315227876,0.75,2.25
HistoKit (no postprocessing),gaussian,TCGA-G9-6378-01A-01-BS1.bc59e095-f3ab-4a6e-8cef-ea7fc76abec8.png,7868234,33192219,6700,11297547,0.581954582192076,0.4103920614134394,0.9991491992186855,0.41053552683295297,0.7841246679537933,0.5819545821920759,0.9997981861999784,0.746064139784417,0.0008508007813144847,33192219,7868234,11297547,6700,0.8544930062852782,0.7459518021049132,0.746064139784417,0.9997981861999784,0.7841246679537933,0.8544930062852782,0.41053552683295297,0.9991491992186855,0.25393586021558306,0.75,2.25
HistoKit (no postprocessing),gaussian,TCGA-G9-7509-01Z-00-DX1.D75B78D5-F5B9-4684-9FE0-C7279122D66F.png,52624633,325069996,40615,45265956,0.6990713086733396,0.5373632800429984,0.9992288083405588,0.537586233136262,0.8928925709903424,0.6990713086733396,0.9998750732869804,0.8777705600670388,0.0007711916594411556,325069996,52624633,45265956,40615,0.934852548836308,0.8776743049189718,0.8777705600670388,0.9998750732869804,0.8928925709903424,0.9348525488363079,0.537586233136262,0.9992288083405588,0.12222943993296119,0.75,2.25
HistoKit (no postprocessing),gaussian,TCGA-BA-A6DF-01Z-00-DX1.AAA638F5-C794-441B-A034-30AD8CC72573.png,192594839,816536084,115241,31655404,0.9238041529433485,0.858397805074153,0.9994019980688088,0.8588389311132207,0.9694777623776237,0.9238041529433486,0.9998588859204998,0.9626789416684172,0.0005980019311911447,816536084,192594839,31655404,115241,0.9809167299447626,0.962548163401401,0.9626789416684172,0.9998588859204998,0.9694777623776237,0.9809167299447626,0.8588389311132207,0.9994019980688088,0.037321058331582786,0.75,2.25
HistoKit (no postprocessing),gaussian,normal_004.png,10667501,1294873262,76642,9624579,0.6874226287135519,0.5237197012164042,0.9928666250998335,0.5256977599142129,0.9926240029454534,0.6874226287135519,0.9999408146988827,0.9926220046538199,0.007133374900166537,1294873262,10667501,9624579,76642,0.9962679684488137,0.9925636894432497,0.9926220046538199,0.9999408146988827,0.9926240029454534,0.9962679684488137,0.5256977599142129,0.9928666250998335,0.007377995346180109,0.75,2.25
HistoKit (no postprocessing),gaussian,TCGA-YL-A8SL-01Z-00-DX2.F64D1539-E590-4B51-96B4-1F95CAE6E33A.png,258356458,301644032,1559289,74139421,0.8722194050931742,0.7733945849327498,0.9940007905715693,0.7770215341526082,0.8809205517326434,0.8722194050931741,0.9948572825823369,0.8027070633149991,0.005999209428430668,301644032,258356458,74139421,1559289,0.8885122466317731,0.7993900463043755,0.8027070633149991,0.9948572825823369,0.8809205517326434,0.888512246631773,0.7770215341526082,0.9940007905715693,0.19729293668500086,0.75,2.25
HistoKit (no postprocessing),gaussian,tumor_031.png,31542590,1305352071,90734,14891213,0.8080889155815866,0.6779775153915019,0.9971316956763696,0.6793023177532971,0.9889176668112005,0.8080889155815866,0.9999304956144747,0.988720856844745,0.002868304323630359,1305352071,31542590,14891213,90734,0.9942940829588255,0.9886529114634991,0.988720856844745,0.9999304956144747,0.9889176668112005,0.9942940829588255,0.6793023177532971,0.9971316956763696,0.011279143155255012,0.75,2.25
HistoKit (no postprocessing),gaussian,tumor_021.png,151803850,1108512614,202206,88228594,0.7744333783544218,0.6318982295018641,0.9986697503683669,0.6324305475971407,0.9344348623642509,0.7744333783544218,0.9998176212707249,0.9262759622463005,0.0013302496316330975,1108512614,151803850,88228594,202206,0.9616428164640752,0.9261194815346551,0.9262759622463005,0.9998176212707249,0.9344348623642509,0.9616428164640753,0.6324305475971407,0.9986697503683669,0.07372403775369954,0.75,2.25
HistoKit (no postprocessing),gaussian,TCGA-SR-A6MX-01Z-00-DX1.2642CBB2-65ED-48E9-BC30-D2F3F5D4D8B3.png,70454943,267355496,106738,16460351,0.8947967536206484,0.8096219012674859,0.9984873092805144,0.8106161730293405,0.9532501705356441,0.8947967536206483,0.9996009230970531,0.9420034111062163,0.001512690719485552,267355496,70454943,16460351,106738,0.9699478546835241,0.9416492738680863,0.9420034111062163,0.9996009230970531,0.9532501705356441,0.9699478546835241,0.8106161730293405,0.9984873092805144,0.05799658889378365,0.75,2.25
HistoKit (no postprocessing),gaussian,TCGA-G9-6333-11A-01-TS1.924c9301-78b6-4330-be95-533b25cf1a91.png,6667177,71211495,250789,8656003,0.5995353836533424,0.4280974875447614,0.9637481595023739,0.43510400582646686,0.8973700019625407,0.5995353836533424,0.9964906103476905,0.8916204561710447,0.03625184049762604,71211495,6667177,8656003,250789,0.9411431650644947,0.8888294753481187,0.8916204561710447,0.9964906103476905,0.8973700019625407,0.9411431650644946,0.43510400582646686,0.9637481595023739,0.1083795438289553,0.75,2.25
HistoKit (no postprocessing),gaussian,TCGA-FA-A82F-01Z-00-DX1.6D1B9A0A-FAA1-4E4D-9280-3D87F9929972.png,191599062,532097615,922339,22372020,0.9426942441147184,0.8916004087440164,0.9952091611882671,0.8954437216894571,0.9688157449321788,0.9426942441147184,0.9982695976143512,0.959651496515224,0.004790838811732936,532097615,191599062,22372020,922339,0.9785796947063923,0.9580578040546189,0.959651496515224,0.9982695976143512,0.9688157449321788,0.9785796947063924,0.8954437216894571,0.9952091611882671,0.04034850348477604,0.75,2.25
HistoKit (no postprocessing),gaussian,TCGA-YL-A8SJ-01Z-00-DX2.36E46E11-79CA-4356-B68F-F387219B3D16.png,132947611,214050867,826595,190094415,0.5820616768276308,0.4104985860917968,0.9938209687449014,0.4115489636014108,0.6450751194944624,0.5820616768276308,0.996153179620113,0.5296384160189206,0.00617903125509861,214050867,132947611,190094415,826595,0.6915767443918022,0.5285573620214621,0.5296384160189206,0.996153179620113,0.6450751194944624,0.6915767443918022,0.4115489636014108,0.9938209687449014,0.47036158398107936,0.75,2.25
HistoKit (no postprocessing),constant,TCGA-DQ-7590-01Z-00-DX1.8319DF99-1663-48DE-BB6A-A156FBAC2EA1.png,8836910,212647916,78435,24643955,0.4168726402666654,0.2633222385449041,0.9912022473611509,0.26393911865777664,0.899587061656227,0.4168726402666653,0.9996312868639391,0.8961449673933415,0.008797752638849085,212647916,8836910,24643955,78435,0.9450635801143181,0.8958488514565929,0.8961449673933415,0.9996312868639391,0.899587061656227,0.945063580114318,0.26393911865777664,0.9912022473611509,0.10385503260665849,0.9,
HistoKit (no postprocessing),constant,TCGA-YL-A8SI-01Z-00-DX1.35E5FB1A-9AAC-4942-892B-E9D80F6BDA23.png,150934678,171601924,2872847,23242071,0.9203775300519439,0.8524994205578419,0.9813218046386222,0.866560427075143,0.9250973636942699,0.9203775300519438,0.9835343128205052,0.880714460817743,0.0186781953613778,171601924,150934678,23242071,2872847,0.9292889492650368,0.8679175848863699,0.880714460817743,0.9835343128205052,0.9250973636942699,0.9292889492650369,0.866560427075143,0.9813218046386222,0.11928553918225707,0.9,
HistoKit (no postprocessing),constant,TCGA-G9-6378-01A-01-BS1.bc59e095-f3ab-4a6e-8cef-ea7fc76abec8.png,7895722,33192342,6577,11270059,0.5833972708814219,0.41182842506904993,0.9991677105611924,0.4119697496282567,0.7846519506461413,0.5833972708814219,0.9998018911398893,0.7465260816661701,0.0008322894388076179,33192342,7895722,11270059,6577,0.8547972658718652,0.746415669818182,0.7465260816661701,0.9998018911398893,0.7846519506461413,0.8547972658718653,0.4119697496282567,0.9991677105611924,0.25347391833383,0.9,
HistoKit (no postprocessing),constant,TCGA-G9-7509-01Z-00-DX1.D75B78D5-F5B9-4684-9FE0-C7279122D66F.png,52700550,325069830,40781,45190039,0.6997261934920567,0.5381375753244338,0.9992267734009216,0.5383617622323225,0.893071650860565,0.6997261934920567,0.9998745626915265,0.8779504807743558,0.0007732265990784343,325069830,52700550,45190039,40781,0.9349543569925488,0.8778537925871855,0.8779504807743558,0.9998745626915265,0.893071650860565,0.9349543569925488,0.5383617622323225,0.9992267734009216,0.12204951922564419,0.9,
HistoKit (no postprocessing),constant,TCGA-BA-A6DF-01Z-00-DX1.AAA638F5-C794-441B-A034-30AD8CC72573.png,192631925,816536988,114337,31618318,0.923901868194315,0.8585665571633455,0.9994068004286382,0.8590043088604368,0.9695142595846297,0.923901868194315,0.9998599928800703,0.9627210750480172,0.000593199571361856,816536988,192631925,31618318,114337,0.9809391346663852,0.9625913113101938,0.9627210750480172,0.9998599928800703,0.9695142595846297,0.9809391346663852,0.8590043088604368,0.9994068004286382,0.03727892495198279,0.9,
HistoKit (no postprocessing),constant,normal_004.png,10669535,1294872684,77220,9622545,0.6874958419025714,0.523804696283132,0.9928145751903714,0.5257979960654601,0.992625109966076,0.6874958419025714,0.9999403683495698,0.9926235491046016,0.0071854248096285805,1294872684,10669535,9622545,77220,0.9962685248182924,0.9925647939235301,0.9926235491046016,0.9999403683495698,0.992625109966076,0.9962685248182925,0.5257979960654601,0.9928145751903714,0.007376450895398407,0.9,
HistoKit (no postprocessing),constant,TCGA-YL-A8SL-01Z-00-DX2.F64D1539-E590-4B51-96B4-1F95CAE6E33A.png,258648569,301655166,1548155,73847310,0.8727916214604757,0.7742948314412944,0.9940500596002892,0.7779000743645307,0.881397577659371,0.8727916214604756,0.994894003816007,0.8033373553574118,0.005949940399710797,301655166,258648569,73847310,1548155,0.8889128907793903,0.8000388839025706,0.8033373553574118,0.994894003816007,0.881397577659371,0.8889128907793902,0.7779000743645307,0.9940500596002892,0.1966626446425882,0.9,
HistoKit (no postprocessing),constant,tumor_031.png,31550888,1305351228,91577,14882915,0.8082068676745666,0.6781435852861385,0.9971058828697448,0.6794810237705492,0.988923181367748,0.8082068676745667,0.999929849856578,0.9887270639992833,0.0028941171302551806,1305351228,31550888,14882915,91577,0.9942969023621104,0.9886584864831687,0.9887270639992833,0.999929849856578,0.988923181367748,0.9942969023621103,0.6794810237705492,0.9971058828697448,0.011272936000716655,0.9,
HistoKit (no postprocessing),constant,tumor_021.png,151746942,1108510706,204114,88285502,0.7742516815121044,0.6316563276768226,0.9986567121981699,0.6321934629803627,0.9343912544908043,0.7742516815121044,0.9998159003593007,0.9262318000258905,0.001343287801830084,1108510706,151746942,88285502,204114,0.9616182204616199,0.9260738578147183,0.9262318000258905,0.9998159003593007,0.9343912544908043,0.9616182204616199,0.6321934629803627,0.9986567121981699,0.07376819997410955,0.9,
HistoKit (no postprocessing),constant,TCGA-SR-A6MX-01Z-00-DX1.2642CBB2-65ED-48E9-BC30-D2F3F5D4D8B3.png,70746209,267354859,107375,16169085,0.8968335187120998,0.81296298783941,0.9984845509014759,0.8139673208722046,0.9540702817928116,0.8968335187120998,0.9995985414523981,0.9429710070624582,0.0015154490985240774,267354859,70746209,16169085,107375,0.9704594041558697,0.9426140242291084,0.9429710070624582,0.9995985414523981,0.9540702817928116,0.9704594041558697,0.8139673208722046,0.9984845509014759,0.05702899293754181,0.9,
HistoKit (no postprocessing),constant,TCGA-G9-6333-11A-01-TS1.924c9301-78b6-4330-be95-533b25cf1a91.png,6664680,71198853,263431,8658500,0.5990376019081319,0.42759006431866425,0.9619765041293362,0.4349410500953457,0.8971955603071962,0.5990376019081319,0.9963137058423713,0.8915754194857923,0.03802349587066373,71198853,6664680,8658500,263431,0.9410391725959533,0.8886439878072087,0.8915754194857923,0.9963137058423713,0.8971955603071962,0.9410391725959532,0.4349410500953457,0.9619765041293362,0.10842458051420763,0.9,
HistoKit (no postprocessing),constant,TCGA-FA-A82F-01Z-00-DX1.6D1B9A0A-FAA1-4E4D-9280-3D87F9929972.png,191790641,532105065,914889,22180441,0.9432095937693117,0.8925228580883021,0.9952523988284093,0.8963390716508131,0.9690821858804742,0.9432095937693118,0.9982835745770223,0.9599837254268742,0.004747601171590665,532105065,191790641,22180441,914889,0.9787591152168039,0.9584018127364625,0.9599837254268742,0.9982835745770223,0.9690821858804742,0.9787591152168039,0.8963390716508131,0.9952523988284093,0.04001627457312586,0.9,
HistoKit (no postprocessing),gaussian,TCGA-DQ-7590-01Z-00-DX1.8319DF99-1663-48DE-BB6A-A156FBAC2EA1.png,8825368,212644781,81570,24655497,0.41641073022822156,0.2629537457577199,0.9908419706076319,0.2635943844342134,0.8995274492685869,0.41641073022822156,0.9996165496205969,0.8961000079401509,0.009158029392368061,212644781,8825368,24655497,81570,0.945031992762366,0.8957920868490332,0.8961000079401509,0.9996165496205969,0.8995274492685869,0.945031992762366,0.2635943844342134,0.9908419706076319,0.10389999205984916,0.75,0.75
HistoKit (no postprocessing),constant,TCGA-YL-A8SJ-01Z-00-DX2.36E46E11-79CA-4356-B68F-F387219B3D16.png,132913143,214078510,798952,190128883,0.5819899017397152,0.41042719121234866,0.9940248337295141,0.41144226540976436,0.6450624317221242,0.5819899017397153,0.9962818250338419,0.5296254192955843,0.005975166270485852,214078510,132913143,190128883,798952,0.6915966632716286,0.5285806324836714,0.5296254192955843,0.9962818250338419,0.6450624317221242,0.6915966632716286,0.41144226540976436,0.9940248337295141,0.4703745807044158,0.9,
HistoKit (no postprocessing),gaussian,TCGA-YL-A8SI-01Z-00-DX1.35E5FB1A-9AAC-4942-892B-E9D80F6BDA23.png,150610753,171536110,2938661,23565996,0.9191255993803583,0.850353749569278,0.9808617895474352,0.8647006782748023,0.9239795168539635,0.9191255993803583,0.9831571006905061,0.8792119855436107,0.0191382104525648,171536110,150610753,23565996,2938661,0.928283778965966,0.8661656516408058,0.8792119855436107,0.9831571006905061,0.9239795168539635,0.9282837789659659,0.8647006782748023,0.9808617895474352,0.12078801445638931,0.75,0.75
HistoKit (no postprocessing),gaussian,TCGA-G9-6378-01A-01-BS1.bc59e095-f3ab-4a6e-8cef-ea7fc76abec8.png,7870115,33192246,6673,11295666,0.5820537982171738,0.41049074886292597,0.9991528272691864,0.4106336704984785,0.7841611047136716,0.5820537982171738,0.999798999479471,0.7460958383481787,0.0008471727308136261,33192246,7870115,11295666,6673,0.8545140939009341,0.7459839438889024,0.7460958383481787,0.999798999479471,0.7841611047136716,0.854514093900934,0.4106336704984785,0.9991528272691864,0.2539041616518213,0.75,0.75
HistoKit (no postprocessing),gaussian,TCGA-G9-7509-01Z-00-DX1.D75B78D5-F5B9-4684-9FE0-C7279122D66F.png,52601769,325070118,40493,45288820,0.6988742809368568,0.5371304791669718,0.9992307891328834,0.5373526662506852,0.8928388075494821,0.6988742809368568,0.9998754485438803,0.8777164114235579,0.0007692108671166144,325070118,52601769,45288820,40493,0.9348220018185153,0.8776204572517283,0.8777164114235579,0.9998754485438803,0.8928388075494821,0.9348220018185153,0.5373526662506852,0.9992307891328834,0.12228358857644202,0.75,0.75
HistoKit (no postprocessing),gaussian,TCGA-BA-A6DF-01Z-00-DX1.AAA638F5-C794-441B-A034-30AD8CC72573.png,192591374,816536656,114669,31658869,0.9237964768325857,0.8583845498978914,0.9994049537927567,0.8588234796249474,0.9694749830562269,0.9237964768325858,0.9998595863418209,0.9626750341555975,0.0005950462072432258,816536656,192591374,31658869,114669,0.9809150385214112,0.9625449060676972,0.9626750341555975,0.9998595863418209,0.9694749830562269,0.980915038521411,0.8588234796249474,0.9994049537927567,0.037324965844402445,0.75,0.75
HistoKit (no postprocessing),gaussian,normal_004.png,10667376,1294873440,76464,9624704,0.6874212847565015,0.523718141070859,0.9928829915560917,0.5256915998754194,0.9926240432422206,0.6874212847565014,0.9999409521559376,0.9926219105452403,0.0071170084439083235,1294873440,10667376,9624704,76464,0.996267989272775,0.992563730782042,0.9926219105452403,0.9999409521559376,0.9926240432422206,0.996267989272775,0.5256915998754194,0.9928829915560917,0.0073780894547596995,0.75,0.75
HistoKit (no postprocessing),gaussian,TCGA-YL-A8SL-01Z-00-DX2.F64D1539-E590-4B51-96B4-1F95CAE6E33A.png,258207035,301652481,1550840,74288844,0.871947313988659,0.7729668346181242,0.9940296709002566,0.7765721361015726,0.8806987896162211,0.8719473139886591,0.9948851483721051,0.8023924504708281,0.005970329099743367,301652481,258207035,74288844,1550840,0.8883305869424464,0.799096005078675,0.8023924504708281,0.9948851483721051,0.8806987896162211,0.8883305869424463,0.7765721361015726,0.9940296709002566,0.19760754952917187,0.75,0.75
HistoKit (no postprocessing),gaussian,tumor_031.png,31540061,1305352151,90654,14893742,0.8080511302202622,0.6779243226847333,0.9971339882769011,0.6792478531211411,0.9889158552553341,0.8080511302202622,0.9999305568963628,0.9887189635817333,0.002866011723098893,1305352151,31540061,14893742,90654,0.9942931559208014,0.9886510783678246,0.9887189635817333,0.9999305568963628,0.9889158552553341,0.9942931559208014,0.6792478531211411,0.9971339882769011,0.011281036418266669,0.75,0.75
HistoKit (no postprocessing),gaussian,tumor_021.png,151830903,1108513954,200866,88201541,0.7745205910951123,0.6320143655349044,0.9986787892996233,0.6325432531945556,0.9344559137507915,0.7745205910951122,0.9998188298772808,0.9262969842301574,0.0013212107003767088,1108513954,151830903,88201541,200866,0.961654704362643,0.9261415334600811,0.9262969842301574,0.9998188298772808,0.9344559137507915,0.961654704362643,0.6325432531945556,0.9986787892996233,0.0737030157698426,0.75,0.75
HistoKit (no postprocessing),gaussian,TCGA-SR-A6MX-01Z-00-DX1.2642CBB2-65ED-48E9-BC30-D2F3F5D4D8B3.png,70413104,267357885,104349,16502190,0.8945166154027663,0.8091633287900296,0.9985202386705601,0.8101347962994867,0.9531388485784573,0.8945166154027663,0.9996098551992204,0.9418650544638939,0.0014797613294399614,267357885,70413104,16502190,104349,0.9698787102772581,0.941518945345069,0.9418650544638939,0.9996098551992204,0.9531388485784573,0.9698787102772581,0.8101347962994867,0.9985202386705601,0.058134945536106125,0.75,0.75
HistoKit (no postprocessing),gaussian,TCGA-G9-6333-11A-01-TS1.924c9301-78b6-4330-be95-533b25cf1a91.png,6676226,71210203,252081,8646954,0.6000700986859889,0.42864296142453084,0.9636157866561051,0.43569454904269217,0.8974593832902709,0.6000700986859889,0.996472530880765,0.8917197365290628,0.036384213343894835,71210203,6676226,8646954,252081,0.9411904052698687,0.8889137479999498,0.8917197365290628,0.996472530880765,0.8974593832902709,0.9411904052698689,0.43569454904269217,0.9636157866561051,0.10828026347093724,0.75,0.75
HistoKit (no postprocessing),gaussian,TCGA-FA-A82F-01Z-00-DX1.6D1B9A0A-FAA1-4E4D-9280-3D87F9929972.png,191498238,532091806,928148,22472844,0.9424184601465085,0.891107138913434,0.995176607432621,0.8949725178283671,0.9686729948925384,0.9424184601465085,0.9982586993356726,0.9594766020517175,0.004823392567378987,532091806,191498238,22472844,928148,0.9784835203496499,0.9578734556338928,0.9594766020517175,0.9982586993356726,0.9686729948925384,0.9784835203496499,0.8949725178283671,0.995176607432621,0.0405233979482825,0.75,0.75
HistoKit (no postprocessing),gaussian,TCGA-DQ-7590-01Z-00-DX1.8319DF99-1663-48DE-BB6A-A156FBAC2EA1.png,8825077,212644348,82003,24655788,0.41639560492965627,0.2629416830528309,0.990793503594893,0.26358569290249817,0.8995245086561557,0.4163956049296563,0.9996145141416918,0.896098719471446,0.009206496405106948,212644348,8825077,24655788,82003,0.9450303666237316,0.895789164659941,0.896098719471446,0.9996145141416918,0.8995245086561557,0.9450303666237315,0.26358569290249817,0.990793503594893,0.10390128052855394,0.5,1.25
HistoKit (no postprocessing),gaussian,TCGA-YL-A8SJ-01Z-00-DX2.36E46E11-79CA-4356-B68F-F387219B3D16.png,132897044,214053272,824190,190144982,0.5819077655238734,0.4103454989575078,0.9938365061752272,0.4113924297886864,0.6449855856495759,0.5819077655238734,0.9961643720456825,0.5295749545716741,0.006163493824772811,214053272,132897044,190144982,824190,0.6915253383965718,0.5284973096453884,0.5295749545716741,0.9961643720456825,0.6449855856495759,0.6915253383965718,0.4113924297886864,0.9938365061752272,0.47042504542832586,0.75,0.75
HistoKit (no postprocessing),gaussian,TCGA-YL-A8SI-01Z-00-DX1.35E5FB1A-9AAC-4942-892B-E9D80F6BDA23.png,150593412,171329992,3144779,23583337,0.9184907037172506,0.8492675068759841,0.9795445817363624,0.8646011184879792,0.9233385932176633,0.9184907037172505,0.9819757379134202,0.8790060324709759,0.020455418263637563,171329992,150593412,23583337,3144779,0.9276421844666897,0.8650491198269954,0.8790060324709759,0.9819757379134202,0.9233385932176633,0.9276421844666897,0.8646011184879792,0.9795445817363624,0.12099396752902414,0.5,1.25
HistoKit (no postprocessing),gaussian,TCGA-G9-6378-01A-01-BS1.bc59e095-f3ab-4a6e-8cef-ea7fc76abec8.png,7893721,33192341,6578,11272060,0.5832925196408199,0.4117240345854154,0.9991673732854921,0.41186534480384596,0.7846137187838372,0.5832925196408197,0.9998018610184265,0.7464924805801387,0.000832626714507894,33192341,7893721,11272060,6578,0.8547752272243834,0.7463820618835488,0.7464924805801387,0.9998018610184265,0.7846137187838372,0.8547752272243834,0.41186534480384596,0.9991673732854921,0.25350751941986127,0.5,1.25
HistoKit (no postprocessing),gaussian,TCGA-G9-7509-01Z-00-DX1.D75B78D5-F5B9-4684-9FE0-C7279122D66F.png,52599139,325070132,40479,45291450,0.6988516132180699,0.5371037003292969,0.9992310164560845,0.5373257995209325,0.8928326231698633,0.6988516132180699,0.9998754916061475,0.8777101832338539,0.0007689835439155352,325070132,52599139,45291450,40479,0.9348184881347226,0.8776142635988194,0.8777101832338539,0.9998754916061475,0.8928326231698633,0.9348184881347226,0.5373257995209325,0.9992310164560845,0.12228981676614611,0.5,1.25
HistoKit (no postprocessing),gaussian,TCGA-BA-A6DF-01Z-00-DX1.AAA638F5-C794-441B-A034-30AD8CC72573.png,192472599,816537350,113975,31777644,0.9234913575304458,0.8578578202697188,0.999408188236424,0.8582938257953192,0.9693615419743512,0.9234913575304458,0.9998604361537037,0.962540277815719,0.0005918117635760009,816537350,192472599,31777644,113975,0.9808454870011097,0.9624109734989494,0.962540277815719,0.9998604361537037,0.9693615419743512,0.9808454870011097,0.8582938257953192,0.999408188236424,0.037459722184280994,0.5,1.25
HistoKit (no postprocessing),gaussian,normal_004.png,10666871,1294874173,75731,9625209,0.6874161623437933,0.5237121946978004,0.9929504043806147,0.5256667133186937,0.9926242165943511,0.6874161623437933,0.9999415182010006,0.9926215304255315,0.007049595619385322,1294874173,10666871,9625209,75731,0.9962680787610487,0.9925639084301618,0.9926215304255315,0.9999415182010006,0.9926242165943511,0.9962680787610487,0.5256667133186937,0.9929504043806147,0.0073784695744685295,0.5,1.25
HistoKit (no postprocessing),gaussian,TCGA-YL-A8SL-01Z-00-DX2.F64D1539-E590-4B51-96B4-1F95CAE6E33A.png,257992785,301678683,1524638,74503094,0.8715776626248848,0.7723860417831758,0.9941251035002764,0.7759277672130186,0.8804029767537854,0.8715776626248847,0.9949715656313672,0.8019492209480418,0.005874896499723643,301678683,257992785,74503094,1524638,0.8880933181728399,0.7987120975956948,0.8019492209480418,0.9949715656313672,0.8804029767537854,0.8880933181728398,0.7759277672130186,0.9941251035002764,0.19805077905195817,0.5,1.25
HistoKit (no postprocessing),gaussian,tumor_031.png,31536244,1305352900,89905,14897559,0.8080005993342143,0.6778531926131082,0.9971572574327655,0.6791656500760879,0.9889135858174417,0.8080005993342143,0.999931130648041,0.98871611147836,0.0028427425672344743,1305352900,31536244,14897559,89905,0.9942919973915125,0.9886487875333939,0.98871611147836,0.999931130648041,0.9889135858174417,0.9942919973915125,0.6791656500760879,0.9971572574327655,0.011283888521639968,0.5,1.25
HistoKit (no postprocessing),gaussian,tumor_021.png,151838657,1108510699,204121,88193787,0.774538397124213,0.6320380787995367,0.9986574765162473,0.6325755571609312,0.9344592494387444,0.7745383971242131,0.9998158940456844,0.9263027856653326,0.0013425234837527106,1108510699,151838657,88193787,204121,0.9616564727423168,0.9261448138287136,0.9263027856653326,0.9998158940456844,0.9344592494387444,0.9616564727423169,0.6325755571609312,0.9986574765162473,0.07369721433466742,0.5,1.25
HistoKit (no postprocessing),gaussian,TCGA-SR-A6MX-01Z-00-DX1.2642CBB2-65ED-48E9-BC30-D2F3F5D4D8B3.png,70487760,267352332,109902,16427534,0.8950090429386647,0.8099695632975076,0.9984432628944567,0.8109937475445921,0.9533338468346673,0.8950090429386647,0.9995890933895363,0.9421117000597922,0.0015567371055432403,267352332,70487760,16427534,109902,0.9699996861633028,0.9417469811733405,0.9421117000597922,0.9995890933895363,0.9533338468346673,0.9699996861633029,0.8109937475445921,0.9984432628944567,0.05788829994020788,0.5,1.25
HistoKit (no postprocessing),gaussian,TCGA-G9-6333-11A-01-TS1.924c9301-78b6-4330-be95-533b25cf1a91.png,6649246,71200772,261512,8673934,0.5981168068382668,0.42665238427554425,0.9621587096523999,0.4339338179150803,0.8970398314630201,0.5981168068382667,0.996340559168246,0.8914057473964286,0.03784129034760007,71200772,6649246,8673934,261512,0.9409566293078777,0.8884967843129308,0.8914057473964286,0.996340559168246,0.8970398314630201,0.9409566293078777,0.4339338179150803,0.9621587096523999,0.1085942526035714,0.5,1.25
HistoKit (no postprocessing),gaussian,TCGA-FA-A82F-01Z-00-DX1.6D1B9A0A-FAA1-4E4D-9280-3D87F9929972.png,191256165,532089724,930230,22714917,0.9417833024405949,0.889972067736841,0.9951597510323247,0.8938411827071099,0.9683461435807644,0.941783302440595,0.9982547932905341,0.9590578100445271,0.004840248967675365,532089724,191256165,22714917,930230,0.978263823865832,0.9574524683731787,0.9590578100445271,0.9982547932905341,0.9683461435807644,0.978263823865832,0.8938411827071099,0.9951597510323247,0.040942189955472996,0.5,1.25
HistoKit (no postprocessing),gaussian,TCGA-DQ-7590-01Z-00-DX1.8319DF99-1663-48DE-BB6A-A156FBAC2EA1.png,8833635,212648301,78050,24647230,0.41675412307115284,0.2632276699052994,0.991241835859324,0.2638413015912223,0.8995753235762188,0.41675412307115284,0.9996330967008408,0.8961327678775375,0.008758164140675978,212648301,8833635,24647230,78050,0.9450576049988609,0.8958381135093547,0.8961327678775375,0.9996330967008408,0.8995753235762188,0.9450576049988609,0.2638413015912223,0.991241835859324,0.10386723212246252,0.9,0.75
HistoKit (no postprocessing),gaussian,TCGA-YL-A8SJ-01Z-00-DX2.36E46E11-79CA-4356-B68F-F387219B3D16.png,132768773,214063695,813767,190273253,0.5815226901305174,0.40996263111464554,0.993908133503076,0.4109953576133156,0.6447665045368276,0.5815226901305175,0.9962128787615706,0.5294190799501212,0.006091866496923924,214063695,132768773,190273253,813767,0.6914041131568628,0.5283557132559916,0.5294190799501212,0.9962128787615706,0.6447665045368276,0.6914041131568627,0.4109953576133156,0.993908133503076,0.4705809200498788,0.5,1.25
HistoKit (no postprocessing),gaussian,TCGA-YL-A8SI-01Z-00-DX1.35E5FB1A-9AAC-4942-892B-E9D80F6BDA23.png,150786244,171599483,2875288,23390505,0.9198818608983617,0.8516493035321587,0.9812881730217293,0.8657082237767568,0.924664625010096,0.9198818608983617,0.9835203222590847,0.8800425332607333,0.018711826978270656,171599483,150786244,23390505,2875288,0.9289085295412437,0.8672541563078506,0.8800425332607333,0.9835203222590847,0.924664625010096,0.9289085295412437,0.8657082237767568,0.9812881730217293,0.11995746673926663,0.9,0.75
HistoKit (no postprocessing),gaussian,TCGA-G9-6378-01A-01-BS1.bc59e095-f3ab-4a6e-8cef-ea7fc76abec8.png,7895507,33192344,6575,11270274,0.583386061914086,0.41181725396711805,0.9991679408034491,0.41195853171858743,0.7846478830204318,0.5833860619140862,0.9998019513828146,0.7465224832239973,0.0008320591965509849,33192344,7895507,11270274,6575,0.8547949289234387,0.7464121060168553,0.7465224832239973,0.9998019513828146,0.7846478830204318,0.8547949289234386,0.41195853171858743,0.9991679408034491,0.2534775167760027,0.9,0.75
HistoKit (no postprocessing),gaussian,TCGA-G9-7509-01Z-00-DX1.D75B78D5-F5B9-4684-9FE0-C7279122D66F.png,52673314,325070008,40603,45217275,0.6994918731050451,0.5378604398075743,0.9992297479999447,0.5380835332393393,0.8930076841389575,0.6994918731050451,0.9998751101974952,0.877885962937593,0.0007702520000553174,325070008,52673314,45217275,40603,0.9349180111264472,0.8777897109266031,0.877885962937593,0.9998751101974952,0.8930076841389575,0.9349180111264473,0.5380835332393393,0.9992297479999447,0.12211403706240703,0.9,0.75
HistoKit (no postprocessing),gaussian,TCGA-BA-A6DF-01Z-00-DX1.AAA638F5-C794-441B-A034-30AD8CC72573.png,192636591,816537068,114257,31613652,0.9239140863542729,0.8585876598124926,0.9994072295858331,0.8590251159727841,0.9695188190935649,0.9239140863542729,0.9998600908410943,0.9627263748594118,0.0005927704141669976,816537068,192636591,31613652,114257,0.9809419329491513,0.9625967004883192,0.9627263748594118,0.9998600908410943,0.9695188190935649,0.9809419329491513,0.8590251159727841,0.9994072295858331,0.03727362514058822,0.9,0.75
HistoKit (no postprocessing),gaussian,normal_004.png,10669394,1294872843,77061,9622686,0.6874934013477118,0.523801862827696,0.9928291701775144,0.525791047541701,0.9926251236517706,0.6874934013477119,0.9999404911342423,0.992623442713233,0.007170829822485647,1294872843,10669394,9622686,77061,0.996268532173493,0.9925648085247598,0.992623442713233,0.9999404911342423,0.9926251236517706,0.996268532173493,0.525791047541701,0.9928291701775144,0.0073765572867670595,0.9,0.75
HistoKit (no postprocessing),gaussian,TCGA-YL-A8SL-01Z-00-DX2.F64D1539-E590-4B51-96B4-1F95CAE6E33A.png,258437139,301653245,1550076,74058740,0.8723865427289306,0.7736574418331155,0.9940378760547899,0.7772641867841015,0.8810619613804768,0.8723865427289306,0.9948876681334239,0.8028842758369819,0.005962123945210152,301653245,258437139,74058740,1550076,0.8886329188165335,0.7995854239899305,0.8028842758369819,0.9948876681334239,0.8810619613804768,0.8886329188165334,0.7772641867841015,0.9940378760547899,0.19711572416301812,0.9,0.75
HistoKit (no postprocessing),gaussian,tumor_031.png,31547604,1305351387,91418,14886199,0.8081583828944322,0.678075317471356,0.9971105933678986,0.6794102994320754,0.9889208697662443,0.8081583828944323,0.9999299716543307,0.98872460596649,0.0028894066321013337,1305351387,31547604,14886199,91418,0.9942957196727604,0.9886561478581288,0.98872460596649,0.9999299716543307,0.9889208697662443,0.9942957196727604,0.6794102994320754,0.9971105933678986,0.011275394033509965,0.9,0.75
HistoKit (no postprocessing),gaussian,tumor_021.png,151767618,1108512096,202724,88264826,0.7743190784363456,0.6317460481056628,0.9986660291914063,0.6322796013358928,0.9344076148576342,0.7743190784363457,0.9998171540631161,0.9262478876577134,0.0013339708085936925,1108512096,151767618,88264826,202724,0.9616274704487751,0.9260910155860745,0.9262478876577134,0.9998171540631161,0.9344076148576342,0.9616274704487752,0.6322796013358928,0.9986660291914063,0.07375211234228662,0.9,0.75
HistoKit (no postprocessing),gaussian,TCGA-SR-A6MX-01Z-00-DX1.2642CBB2-65ED-48E9-BC30-D2F3F5D4D8B3.png,70649332,267357511,104723,16265962,0.8961707833270752,0.8118744909001799,0.9985199010855279,0.8128527069125486,0.9538043930370212,0.8961707833270751,0.9996084568709614,0.9426494505974828,0.0014800989144721105,267357511,70649332,16265962,104723,0.9702937586802628,0.9423015222639346,0.9426494505974828,0.9996084568709614,0.9538043930370212,0.9702937586802628,0.8128527069125486,0.9985199010855279,0.05735054940251719,0.9,0.75
HistoKit (no postprocessing),gaussian,TCGA-G9-6333-11A-01-TS1.924c9301-78b6-4330-be95-533b25cf1a91.png,6681771,71200106,262178,8641409,0.6001466107283072,0.4287210470237514,0.9622436743127002,0.4360564190983856,0.8974069321101976,0.6001466107283071,0.9963312395668742,0.89176797309019,0.037756325687299835,71200106,6681771,8641409,262178,0.9411542402844756,0.8888492319573831,0.89176797309019,0.9963312395668742,0.8974069321101976,0.9411542402844756,0.4360564190983856,0.9622436743127002,0.10823202690981001,0.9,0.75
HistoKit (no postprocessing),gaussian,TCGA-FA-A82F-01Z-00-DX1.6D1B9A0A-FAA1-4E4D-9280-3D87F9929972.png,191678143,532097306,922648,22292939,0.9428991808294619,0.8919671271935202,0.995209531616098,0.8958133090152809,0.9689211973354925,0.9428991808294619,0.9982690178987182,0.9597883635199966,0.004790468383901913,532097306,191678143,22292939,922648,0.9786505708504947,0.9581936827099745,0.9597883635199966,0.9982690178987182,0.9689211973354925,0.9786505708504947,0.8958133090152809,0.995209531616098,0.04021163648000336,0.9,0.75
HistoKit (no postprocessing),gaussian,TCGA-DQ-7590-01Z-00-DX1.8319DF99-1663-48DE-BB6A-A156FBAC2EA1.png,8814497,212647050,79301,24666368,0.4160267658057835,0.26264759834620605,0.9910835618258926,0.2632696915088663,0.8994925112186801,0.41602676580578346,0.9996272159061291,0.8960599522442511,0.008916438174107396,212647050,8814497,24666368,79301,0.9450144838199843,0.8957606235598152,0.8960599522442511,0.9996272159061291,0.8994925112186801,0.9450144838199843,0.2632696915088663,0.9910835618258926,0.1039400477557489,0.25,1.25
HistoKit (no postprocessing),gaussian,TCGA-YL-A8SJ-01Z-00-DX2.36E46E11-79CA-4356-B68F-F387219B3D16.png,132835971,214084120,793342,190206055,0.5817574244570667,0.41019599502176674,0.9940631139815858,0.4112033738916682,0.6449293969435069,0.5817574244570667,0.9963079329371454,0.5295308499643852,0.005936886018414239,214084120,132835971,190206055,793342,0.6915223186963824,0.5284937821846748,0.5295308499643852,0.9963079329371454,0.6449293969435069,0.6915223186963825,0.4112033738916682,0.9940631139815858,0.4704691500356149,0.9,0.75
HistoKit (no postprocessing),gaussian,TCGA-YL-A8SI-01Z-00-DX1.35E5FB1A-9AAC-4942-892B-E9D80F6BDA23.png,149917233,171241086,3233685,24259516,0.9160070969497363,0.8450305296023345,0.9788856309695774,0.8607189757572062,0.9211441814451289,0.9160070969497364,0.9814661742699751,0.8759107861979882,0.02111436903042266,171241086,149917233,24259516,3233685,0.9256891052583655,0.8616584917729874,0.8759107861979882,0.9814661742699751,0.9211441814451289,0.9256891052583653,0.8607189757572062,0.9788856309695774,0.12408921380201172,0.25,1.25
HistoKit (no postprocessing),gaussian,TCGA-G9-6378-01A-01-BS1.bc59e095-f3ab-4a6e-8cef-ea7fc76abec8.png,7844287,33192362,6557,11321494,0.5807007351954584,0.40914608327894075,0.9991648031727545,0.4092860604010867,0.783670086909693,0.5807007351954584,0.999802493569143,0.7456635974200932,0.0008351968272455803,33192362,7844287,11321494,6557,0.8542318042303856,0.7455537755231516,0.7456635974200932,0.999802493569143,0.783670086909693,0.8542318042303856,0.4092860604010867,0.9991648031727545,0.2543364025799068,0.25,1.25
HistoKit (no postprocessing),gaussian,TCGA-G9-7509-01Z-00-DX1.D75B78D5-F5B9-4684-9FE0-C7279122D66F.png,52492652,325071001,39610,45397937,0.697934544532732,0.5360210898785164,0.9992459871611848,0.536237982999571,0.8925829359349335,0.6979345445327318,0.99987816454259,0.8774581824725073,0.0007540128388151266,325071001,52492652,45397937,39610,0.9346767065458964,0.8773643759495665,0.8774581824725073,0.99987816454259,0.8925829359349335,0.9346767065458965,0.536237982999571,0.9992459871611848,0.12254181752749269,0.25,1.25
HistoKit (no postprocessing),gaussian,TCGA-BA-A6DF-01Z-00-DX1.AAA638F5-C794-441B-A034-30AD8CC72573.png,192431060,816535061,116264,31819183,0.9233789985151233,0.8576639293136564,0.9993961796114081,0.8581085907675026,0.9693194361678587,0.9233789985151233,0.9998576332439062,0.962493046713632,0.0006038203885918456,816535061,192431060,31819183,116264,0.9808196155048416,0.9623611584623281,0.962493046713632,0.9998576332439062,0.9693194361678587,0.9808196155048416,0.8581085907675026,0.9993961796114081,0.03750695328636795,0.25,1.25
HistoKit (no postprocessing),gaussian,normal_004.png,10667378,1294874310,75594,9624702,0.6874406396999109,0.5237406097524931,0.9929633996998224,0.52569169843604,0.992624706238088,0.6874406396999109,0.999941623996599,0.9926219169876995,0.007036600300177642,1294874310,10667378,9624702,75594,0.9962683259746736,0.992564399187761,0.9926219169876995,0.999941623996599,0.992624706238088,0.9962683259746736,0.52569169843604,0.9929633996998224,0.007378083012300511,0.25,1.25
HistoKit (no postprocessing),gaussian,TCGA-YL-A8SL-01Z-00-DX2.F64D1539-E590-4B51-96B4-1F95CAE6E33A.png,257086799,301654731,1548590,75409080,0.8698128923878884,0.7696184875313712,0.9940124589833296,0.7732029635170306,0.8789401182194346,0.8698128923878883,0.9948925691351513,0.8000097654558528,0.005987541016670383,301654731,257086799,75409080,1548590,0.8868713974556689,0.7967375875783846,0.8000097654558528,0.9948925691351513,0.8789401182194346,0.8868713974556689,0.7732029635170306,0.9940124589833296,0.19999023454414722,0.25,1.25
HistoKit (no postprocessing),gaussian,tumor_031.png,31527980,1305353423,89382,14905823,0.8078798055096295,0.6776831809773987,0.9971730089309792,0.6789876762840209,0.9889078597031247,0.8078798055096293,0.9999315312783849,0.9887099272016763,0.0028269910690208754,1305353423,31527980,14905823,89382,0.9942890683296344,0.9886429957346083,0.9887099272016763,0.9999315312783849,0.9889078597031247,0.9942890683296343,0.6789876762840209,0.9971730089309792,0.011290072798323732,0.25,1.25
HistoKit (no postprocessing),gaussian,tumor_021.png,151676388,1108525587,189233,88356056,0.7740604077746595,0.6314017531398717,0.9987539444493497,0.6318995277155116,0.9343499769279235,0.7740604077746595,0.9998293222056868,0.9261781175133288,0.0012460555506502687,1108525587,151676388,88356056,189233,0.9615954958202935,0.9260317072487193,0.9261781175133288,0.9998293222056868,0.9343499769279235,0.9615954958202936,0.6318995277155116,0.9987539444493497,0.07382188248667124,0.25,1.25
HistoKit (no postprocessing),gaussian,TCGA-SR-A6MX-01Z-00-DX1.2642CBB2-65ED-48E9-BC30-D2F3F5D4D8B3.png,70186631,267356882,105352,16728663,0.8929183475393445,0.8065514820471454,0.9985012231053433,0.8075291213995088,0.9524969455738176,0.8929183475393445,0.9996061051370714,0.9411139943779963,0.001498776894656678,267356882,70186631,16728663,105352,0.9694785916271453,0.9407651153583572,0.9411139943779963,0.9996061051370714,0.9524969455738176,0.9694785916271454,0.8075291213995088,0.9985012231053433,0.05888600562200375,0.25,1.25
HistoKit (no postprocessing),gaussian,TCGA-G9-6333-11A-01-TS1.924c9301-78b6-4330-be95-533b25cf1a91.png,6578848,71206233,256051,8744332,0.5938103208315125,0.42228323079617985,0.9625377053852588,0.4293396018319957,0.8962915840376218,0.5938103208315125,0.9964169771008159,0.8906282651035674,0.037462294614741196,71206233,6578848,8744332,256051,0.9405573367158556,0.8877850301027537,0.8906282651035674,0.9964169771008159,0.8962915840376218,0.9405573367158556,0.4293396018319957,0.9625377053852588,0.10937173489643257,0.25,1.25
HistoKit (no postprocessing),gaussian,TCGA-FA-A82F-01Z-00-DX1.6D1B9A0A-FAA1-4E4D-9280-3D87F9929972.png,190799385,532100169,919785,23171697,0.9406160688327311,0.8878896886762526,0.9952024359379399,0.8917064082519338,0.967748633063918,0.9406160688327312,0.9982743891798092,0.9582696361569307,0.004797564062060148,532100169,190799385,23171697,919785,0.9778630312593914,0.9566849269371719,0.9582696361569307,0.9982743891798092,0.967748633063918,0.9778630312593914,0.8917064082519338,0.9952024359379399,0.04173036384306926,0.25,1.25
HistoKit (no postprocessing),gaussian,TCGA-DQ-7590-01Z-00-DX1.8319DF99-1663-48DE-BB6A-A156FBAC2EA1.png,8813843,212647037,79314,24667022,0.41600219115381587,0.2626280092248614,0.9910814573497353,0.26325015796336204,0.8994898021185537,0.4160021911538158,0.9996271547947532,0.8960574771509849,0.008918542650264693,212647037,8813843,24667022,79314,0.945013080047634,0.8957581010485917,0.8960574771509849,0.9996271547947532,0.8994898021185537,0.945013080047634,0.26325015796336204,0.9910814573497353,0.10394252284901502,0.25,0.75
HistoKit (no postprocessing),gaussian,TCGA-YL-A8SJ-01Z-00-DX2.36E46E11-79CA-4356-B68F-F387219B3D16.png,132596657,214025750,851712,190445369,0.5809395266684636,0.4093832064144445,0.9936176664699439,0.4104625600633151,0.6443759981419376,0.5809395266684636,0.9960362897435935,0.5291496473942309,0.006382333530056107,214025750,132596657,190445369,851712,0.6911318006232745,0.5280377359251199,0.5291496473942309,0.9960362897435935,0.6443759981419376,0.6911318006232746,0.4104625600633151,0.9936176664699439,0.47085035260576913,0.25,1.25
HistoKit (no postprocessing),gaussian,TCGA-YL-A8SI-01Z-00-DX1.35E5FB1A-9AAC-4942-892B-E9D80F6BDA23.png,149917163,171236245,3238526,24259586,0.9159933180835564,0.8450070773218371,0.9788546803507899,0.8607185738665957,0.9211300957471804,0.9159933180835563,0.9814384281381289,0.875907399784909,0.02114531964921003,171236245,149917163,24259586,3238526,0.9256748729457158,0.861633829121957,0.875907399784909,0.9814384281381289,0.9211300957471804,0.9256748729457158,0.8607185738665957,0.9788546803507899,0.12409260021509103,0.25,0.75
HistoKit (no postprocessing),gaussian,TCGA-G9-6378-01A-01-BS1.bc59e095-f3ab-4a6e-8cef-ea7fc76abec8.png,7846350,33192328,6591,11319431,0.5808083742820996,0.4092529604578922,0.9991606966103528,0.40939370015758814,0.7837088343865237,0.5808083742820996,0.9998014694394116,0.7456979626439836,0.0008393033896472672,33192328,7846350,11319431,6591,0.8542539803860674,0.7455875610843619,0.7456979626439836,0.9998014694394116,0.7837088343865237,0.8542539803860674,0.40939370015758814,0.9991606966103528,0.2543020373560164,0.25,0.75
HistoKit (no postprocessing),gaussian,TCGA-G9-7509-01Z-00-DX1.D75B78D5-F5B9-4684-9FE0-C7279122D66F.png,52490074,325071013,39598,45400515,0.6979122845691645,0.5359948306848429,0.9992461784265472,0.5362116474751214,0.8925768697582891,0.6979122845691647,0.9998782014531048,0.8774520804740493,0.0007538215734528097,325071013,52490074,45400515,39598,0.9346732607807804,0.8773583036747997,0.8774520804740493,0.9998782014531048,0.8925768697582891,0.9346732607807803,0.5362116474751214,0.9992461784265472,0.12254791952595072,0.25,0.75
HistoKit (no postprocessing),gaussian,TCGA-BA-A6DF-01Z-00-DX1.AAA638F5-C794-441B-A034-30AD8CC72573.png,192429591,816535188,116137,31820652,0.9233754853162917,0.8576578674576824,0.9993968341899541,0.8581020400499633,0.9693181469008989,0.9233754853162915,0.9998577887570317,0.9624913856902311,0.0006031658100459129,816535188,192429591,31820652,116137,0.9808188278877467,0.9623596419613986,0.9624913856902311,0.9998577887570317,0.9693181469008989,0.9808188278877467,0.8581020400499633,0.9993968341899541,0.03750861430976888,0.25,0.75
HistoKit (no postprocessing),gaussian,normal_004.png,10667282,1294874362,75542,9624798,0.687437731400748,0.5237372335366397,0.9929681431995907,0.5256869675262467,0.9926246727841681,0.687437731400748,0.9999416641525926,0.9926218442333071,0.0070318568004092774,1294874362,10667282,9624798,75542,0.9962683092604734,0.9925643660074592,0.9926218442333071,0.9999416641525926,0.9926246727841681,0.9962683092604734,0.5256869675262467,0.9929681431995907,0.007378155766692866,0.25,0.75
HistoKit (no postprocessing),gaussian,TCGA-YL-A8SL-01Z-00-DX2.F64D1539-E590-4B51-96B4-1F95CAE6E33A.png,257086759,301655056,1548265,75409120,0.8698132941292024,0.7696191165680186,0.9940137071304,0.7732028432147876,0.8789405665446802,0.8698132941292024,0.9948936410231469,0.8000098529646582,0.005986292869599904,301655056,257086759,75409120,1548265,0.8868718771080724,0.7967383618014813,0.8000098529646582,0.9948936410231469,0.8789405665446802,0.8868718771080725,0.7732028432147876,0.9940137071304,0.1999901470353418,0.25,0.75
HistoKit (no postprocessing),gaussian,tumor_031.png,31527044,1305353516,89289,14906759,0.8078664718790496,0.6776644166299179,0.9971758584400031,0.6789675185553938,0.9889072361255029,0.8078664718790498,0.9999316025185799,0.9887092270499467,0.0028241415599968536,1305353516,31527044,14906759,89289,0.9942887495108548,0.9886423653183408,0.9887092270499467,0.9999316025185799,0.9889072361255029,0.9942887495108549,0.6789675185553938,0.9971758584400031,0.011290772950053353,0.25,0.75
HistoKit (no postprocessing),gaussian,tumor_021.png,151680801,1108526261,188559,88351643,0.7740755436787936,0.6314218952786572,0.9987584131519354,0.6319179127301641,0.9343537485759823,0.7740755436787937,0.9998299301167455,0.926181573989522,0.0012415868480646788,1108526261,151680801,88351643,188559,0.9615976399134403,0.9260356841189026,0.926181573989522,0.9998299301167455,0.9343537485759823,0.9615976399134403,0.6319179127301641,0.9987584131519354,0.07381842601047801,0.25,0.75
HistoKit (no postprocessing),gaussian,TCGA-SR-A6MX-01Z-00-DX1.2642CBB2-65ED-48E9-BC30-D2F3F5D4D8B3.png,70182646,267356914,105320,16732648,0.892890465503069,0.8065059848922693,0.9985015927193,0.8074832721615139,0.952485790803304,0.8928904655030692,0.9996062247801311,0.9411007997541282,0.0014984072807000845,267356914,70182646,16732648,105320,0.9694716468659637,0.9407520364845979,0.9411007997541282,0.9996062247801311,0.952485790803304,0.9694716468659635,0.8074832721615139,0.9985015927193,0.05889920024587176,0.25,0.75
HistoKit (no postprocessing),gaussian,TCGA-G9-6333-11A-01-TS1.924c9301-78b6-4330-be95-533b25cf1a91.png,6583274,71205987,256297,8739906,0.5940845520486152,0.42256065463558246,0.9625273281028883,0.4296284452704987,0.89633974878558,0.5940845520486153,0.9964135347255344,0.8906772359150457,0.037472671897111676,71205987,6583274,8739906,256297,0.9405831099861931,0.8878309557382411,0.8906772359150457,0.9964135347255344,0.89633974878558,0.9405831099861932,0.4296284452704987,0.9625273281028883,0.10932276408495431,0.25,0.75
HistoKit (no postprocessing),gaussian,TCGA-FA-A82F-01Z-00-DX1.6D1B9A0A-FAA1-4E4D-9280-3D87F9929972.png,190774073,532098158,921796,23197009,0.9405453046136855,0.8877635907505506,0.9951913622092712,0.8915881118926154,0.9677120556504242,0.9405453046136855,0.9982706163379392,0.958225804259521,0.004808637790728813,532098158,190774073,23197009,921796,0.977838399435415,0.9566377751769501,0.958225804259521,0.9982706163379392,0.9677120556504242,0.977838399435415,0.8915881118926154,0.9951913622092712,0.041774195740479046,0.25,0.75
HistoKit (no postprocessing),gaussian,TCGA-DQ-7590-01Z-00-DX1.8319DF99-1663-48DE-BB6A-A156FBAC2EA1.png,8835406,212648066,78285,24645459,0.4168179518143792,0.2632785991301925,0.9912174429201102,0.2638941974766781,0.8995815622235865,0.41681795181437914,0.9996319919951995,0.8961393531492273,0.008782557079889801,212648066,8835406,24645459,78285,0.9450607732712677,0.8958438072322067,0.8961393531492273,0.9996319919951995,0.8995815622235865,0.9450607732712678,0.2638941974766781,0.9912174429201102,0.10386064685077269,0.9,1.25
HistoKit (no postprocessing),gaussian,TCGA-YL-A8SJ-01Z-00-DX2.36E46E11-79CA-4356-B68F-F387219B3D16.png,132594984,214025847,851615,190447042,0.5809344493523798,0.4093781637411029,0.9936183086988976,0.4104573811705849,0.6443730683354606,0.5809344493523798,0.9960367411636685,0.5291475716188236,0.006381691301102398,214025847,132594984,190447042,851615,0.6911301387153004,0.5280357957336821,0.5291475716188236,0.9960367411636685,0.6443730683354606,0.6911301387153005,0.4104573811705849,0.9936183086988976,0.47085242838117636,0.25,0.75
HistoKit (no postprocessing),gaussian,TCGA-YL-A8SI-01Z-00-DX1.35E5FB1A-9AAC-4942-892B-E9D80F6BDA23.png,150882271,171601602,2873169,23294478,0.9202040913403594,0.852201868853732,0.9813133831232248,0.8662595430576099,0.9249461267227517,0.9202040913403594,0.983532467281473,0.8804774421322379,0.01868661687677522,171601602,150882271,23294478,2873169,0.9291561666840895,0.8676859666893917,0.8804774421322379,0.983532467281473,0.9249461267227517,0.9291561666840896,0.8662595430576099,0.9813133831232248,0.11952255786776214,0.9,1.25
HistoKit (no postprocessing),gaussian,TCGA-G9-6378-01A-01-BS1.bc59e095-f3ab-4a6e-8cef-ea7fc76abec8.png,7896169,33192342,6577,11269612,0.5834206641536128,0.41185173988509916,0.9991677576376616,0.41199307244510414,0.7846604869310815,0.5834206641536128,0.9998018911398893,0.7465335868954387,0.0008322423623383568,33192342,7896169,11269612,6577,0.854802185908984,0.746423172827544,0.7465335868954387,0.9998018911398893,0.7846604869310815,0.854802185908984,0.41199307244510414,0.9991677576376616,0.25346641310456125,0.9,1.25
HistoKit (no postprocessing),gaussian,TCGA-G9-7509-01Z-00-DX1.D75B78D5-F5B9-4684-9FE0-C7279122D66F.png,52691015,325069893,40718,45199574,0.6996441735906846,0.5380405573469983,0.9992278273881118,0.5382643575676105,0.8930492584891012,0.6996441735906846,0.999874756471729,0.8779278929850297,0.0007721726118881775,325069893,52691015,45199574,40718,0.9349416334587601,0.8778313591347751,0.8779278929850297,0.999874756471729,0.8930492584891012,0.9349416334587601,0.5382643575676105,0.9992278273881118,0.12207210701497026,0.9,1.25
HistoKit (no postprocessing),gaussian,TCGA-BA-A6DF-01Z-00-DX1.AAA638F5-C794-441B-A034-30AD8CC72573.png,192634820,816537028,114297,31615423,0.9239094275828145,0.8585796133381861,0.9994070167387589,0.8590172185454443,0.9695170792556631,0.9239094275828146,0.9998600418605823,0.9627243628633928,0.0005929832612410878,816537028,192634820,31615423,114297,0.9809408649491194,0.9625946436367915,0.9627243628633928,0.9998600418605823,0.9695170792556631,0.9809408649491194,0.8590172185454443,0.9994070167387589,0.03727563713660718,0.9,1.25
HistoKit (no postprocessing),gaussian,normal_004.png,10669495,1294872752,77152,9622585,0.6874956566356604,0.5238044811900615,0.9928208305343983,0.5257960248530461,0.9926251312549341,0.6874956566356603,0.9999404208612537,0.9926235190521038,0.007179169465601689,1294872752,10669495,9622585,77152,0.9962685357448543,0.9925648156144737,0.9926235190521038,0.9999404208612537,0.9926251312549341,0.9962685357448544,0.5257960248530461,0.9928208305343983,0.0073764809478962514,0.9,1.25
HistoKit (no postprocessing),gaussian,TCGA-YL-A8SL-01Z-00-DX2.F64D1539-E590-4B51-96B4-1F95CAE6E33A.png,258558583,301654846,1548475,73937296,0.8726199850069255,0.7740247063119049,0.9940467782308314,0.777629436423782,0.8812555199062702,0.8726199850069256,0.994892948418596,0.8031447207433855,0.005953221769168601,301654846,258558583,73937296,1548475,0.8887945263122656,0.7998471456072311,0.8031447207433855,0.994892948418596,0.8812555199062702,0.8887945263122655,0.777629436423782,0.9940467782308314,0.19685527925661447,0.9,1.25
HistoKit (no postprocessing),gaussian,tumor_031.png,31549565,1305351270,91535,14884238,0.8081871071937162,0.6781157613513737,0.9971070854047426,0.679452531596432,0.9889222337960596,0.8081871071937162,0.9999298820295692,0.988726073560506,0.002892914595257434,1305351270,31549565,14884238,91535,0.9942964174530241,0.9886575276334774,0.988726073560506,0.9999298820295692,0.9889222337960596,0.9942964174530241,0.679452531596432,0.9971070854047426,0.011273926439494006,0.9,1.25
HistoKit (no postprocessing),gaussian,tumor_021.png,151754698,1108511262,203558,88277746,0.7742770325928651,0.631690074495995,0.9986604347446578,0.6322257752789452,0.9343974172465865,0.7742770325928651,0.9998164018408269,0.9262378369036625,0.0013395652553422302,1108511262,151754698,88277746,203558,0.9616217058825026,0.9260803228747871,0.9262378369036625,0.9998164018408269,0.9343974172465865,0.9616217058825027,0.6322257752789452,0.9986604347446578,0.07376216309633753,0.9,1.25
HistoKit (no postprocessing),gaussian,TCGA-SR-A6MX-01Z-00-DX1.2642CBB2-65ED-48E9-BC30-D2F3F5D4D8B3.png,70707685,267355947,106287,16207609,0.8965702661673453,0.8125304572437038,0.9984990673874359,0.813524084725526,0.9539646430402325,0.8965702661673453,0.9996026093164241,0.9428431169765694,0.0015009326125640856,267355947,70707685,16207609,106287,0.9703935890187645,0.9424898472552826,0.9428431169765694,0.9996026093164241,0.9539646430402325,0.9703935890187644,0.813524084725526,0.9984990673874359,0.057156883023430555,0.9,1.25
HistoKit (no postprocessing),gaussian,TCGA-G9-6333-11A-01-TS1.924c9301-78b6-4330-be95-533b25cf1a91.png,6672776,71199680,262604,8650404,0.599569424077748,0.42813220047191725,0.9621356003564332,0.4354693999548397,0.8972983770646199,0.5995694240777482,0.9963252783804111,0.8916669392608279,0.037864399643566755,71199680,6672776,8650404,262604,0.9410953108605108,0.8887441150395553,0.8916669392608279,0.9963252783804111,0.8972983770646199,0.9410953108605107,0.4354693999548397,0.9621356003564332,0.10833306073917218,0.9,1.25
HistoKit (no postprocessing),gaussian,TCGA-DQ-7590-01Z-00-DX1.8319DF99-1663-48DE-BB6A-A156FBAC2EA1.png,8826951,212644774,81577,24653914,0.41646979941420725,0.2630008567314619,0.9908428193748732,0.26364166517203186,0.8995338503807297,0.4164697994142073,0.9996165167144714,0.8961059826845734,0.009157180625126845,212644774,8826951,24653914,81577,0.9450353005802418,0.895798031062102,0.8961059826845734,0.9996165167144714,0.8995338503807297,0.9450353005802417,0.26364166517203186,0.9908428193748732,0.10389401731542654,0.75,1.25
HistoKit (no postprocessing),gaussian,TCGA-FA-A82F-01Z-00-DX1.6D1B9A0A-FAA1-4E4D-9280-3D87F9929972.png,191754006,532102699,917255,22217076,0.9431088980322937,0.8923425471899855,0.9952392744240149,0.8961678569256382,0.9690299750799152,0.9431088980322937,0.9982791357188102,0.9599201092907068,0.004760725575985097,532102699,191754006,22217076,917255,0.9787239163777488,0.9583343153463666,0.9599201092907068,0.9982791357188102,0.9690299750799152,0.9787239163777487,0.8961678569256382,0.9952392744240149,0.04007989070929321,0.9,1.25
HistoKit (no postprocessing),gaussian,TCGA-YL-A8SJ-01Z-00-DX2.36E46E11-79CA-4356-B68F-F387219B3D16.png,132884815,214080829,796633,190157211,0.5819049055490413,0.4103426546118448,0.9940408111079108,0.41135457403303927,0.6450140806201838,0.5819049055490413,0.9962926172313037,0.5295910028655393,0.0059591888920892,214080829,132884815,190157211,796633,0.6915699196948876,0.5285493891531602,0.5295910028655393,0.9962926172313037,0.6450140806201838,0.6915699196948875,0.41135457403303927,0.9940408111079108,0.47040899713446066,0.9,1.25
HistoKit (no postprocessing),gaussian,TCGA-YL-A8SI-01Z-00-DX1.35E5FB1A-9AAC-4942-892B-E9D80F6BDA23.png,150719947,171533920,2940851,23456802,0.9194794701169479,0.8509597408727309,0.9808614100780604,0.8653275931795007,0.9242864250240469,0.9194794701169479,0.9831445487324927,0.8797029840219782,0.019138589921939623,171533920,150719947,23456802,2940851,0.9285517768231741,0.8666324295821163,0.8797029840219782,0.9831445487324927,0.9242864250240469,0.9285517768231741,0.8653275931795007,0.9808614100780604,0.12029701597802177,0.75,1.25
HistoKit (no postprocessing),gaussian,TCGA-G9-6378-01A-01-BS1.bc59e095-f3ab-4a6e-8cef-ea7fc76abec8.png,7868759,33192229,6690,11297022,0.5819823284665675,0.4104196584780334,0.9991505246240564,0.4105629194030757,0.7841348847601534,0.5819823284665675,0.9997984874146053,0.746073000869356,0.0008494753759436446,33192229,7868759,11297022,6690,0.8544989282151967,0.7459608282022848,0.746073000869356,0.9997984874146053,0.7841348847601534,0.8544989282151966,0.4105629194030757,0.9991505246240564,0.2539269991306439,0.75,1.25
HistoKit (no postprocessing),gaussian,TCGA-G9-7509-01Z-00-DX1.D75B78D5-F5B9-4684-9FE0-C7279122D66F.png,52619585,325070051,40560,45271004,0.6990279436299527,0.5373120354178628,0.9992297780418189,0.5375346653599152,0.8928807672413223,0.6990279436299526,0.999875242460173,0.8777586136109052,0.0007702219581810874,325070051,52619585,45271004,40560,0.9348458473604404,0.877662491427929,0.8777586136109052,0.999875242460173,0.8928807672413223,0.9348458473604403,0.5375346653599152,0.9992297780418189,0.12224138638909478,0.75,1.25
HistoKit (no postprocessing),gaussian,TCGA-BA-A6DF-01Z-00-DX1.AAA638F5-C794-441B-A034-30AD8CC72573.png,192594204,816536159,115166,31656039,0.92380268014111,0.8583952618115032,0.9994023850526832,0.8588360994551966,0.9694772243824692,0.92380268014111,0.9998589777589597,0.9626782242578468,0.0005976149473167807,816536159,192594204,31656039,115166,0.9809164017151899,0.9625475312978657,0.9626782242578468,0.9998589777589597,0.9694772243824692,0.9809164017151899,0.8588360994551966,0.9994023850526832,0.037321775742153195,0.75,1.25
HistoKit (no postprocessing),gaussian,normal_004.png,10667457,1294873312,76592,9624623,0.6874218753247223,0.5237188266372987,0.9928712164287412,0.5256955915805576,0.9926240075073516,0.6874218753247223,0.999940853310415,0.9926219714560146,0.007128783571258843,1294873312,10667457,9624623,76592,0.9962679708919522,0.9925636942932583,0.9926219714560146,0.999940853310415,0.9926240075073516,0.9962679708919522,0.5256955915805576,0.9928712164287412,0.0073780285439853915,0.75,1.25
HistoKit (no postprocessing),gaussian,TCGA-YL-A8SL-01Z-00-DX2.F64D1539-E590-4B51-96B4-1F95CAE6E33A.png,258343681,301646271,1557050,74152198,0.872198377367487,0.7733615202038836,0.9940090587894499,0.7769831066086686,0.8809039747100516,0.8721983773674871,0.9948646670660972,0.8026809470583554,0.005990941210550116,301646271,258343681,74152198,1557050,0.8884991923217168,0.79936891290041,0.8026809470583554,0.9948646670660972,0.8809039747100516,0.8884991923217168,0.7769831066086686,0.9940090587894499,0.19731905294164465,0.75,1.25
HistoKit (no postprocessing),gaussian,tumor_031.png,31542032,1305352092,90713,14891771,0.8080806134786439,0.677965827736929,0.9971323070444882,0.6792903006458463,0.9889172695855981,0.8080806134786438,0.9999305117009704,0.988720439142083,0.0028676929555117646,1305352092,31542032,14891771,90713,0.9942938796991294,0.9886525095439143,0.988720439142083,0.9999305117009704,0.9889172695855981,0.9942938796991294,0.6792903006458463,0.9971323070444882,0.01127956085791705,0.75,1.25
HistoKit (no postprocessing),gaussian,tumor_021.png,151808967,1108513048,201772,88223477,0.7744502319276395,0.6319206711170569,0.9986726464108565,0.6324518655486423,0.9344389780352503,0.7744502319276394,0.9998180127149379,0.9262799495486277,0.0013273535891434617,1108513048,151808967,88223477,201772,0.9616451463216631,0.9261238033559218,0.9262799495486277,0.9998180127149379,0.9344389780352503,0.961645146321663,0.6324518655486423,0.9986726464108565,0.07372005045137232,0.75,1.25
HistoKit (no postprocessing),gaussian,TCGA-SR-A6MX-01Z-00-DX1.2642CBB2-65ED-48E9-BC30-D2F3F5D4D8B3.png,70451230,267356076,106158,16464064,0.8947739900689569,0.8095846297761154,0.9984954375011728,0.8105734532750933,0.9532413296816045,0.8947739900689569,0.999603091627508,0.9419912061208905,0.0015045624988271958,267356076,70451230,16464064,106158,0.969942405595576,0.9416390023864574,0.9419912061208905,0.999603091627508,0.9532413296816045,0.9699424055955759,0.8105734532750933,0.9984954375011728,0.058008793879109496,0.75,1.25
HistoKit (no postprocessing),gaussian,TCGA-G9-6333-11A-01-TS1.924c9301-78b6-4330-be95-533b25cf1a91.png,6672578,71210522,251762,8650602,0.5998491517256755,0.42841751834453057,0.9636410112732766,0.4354564783550151,0.8974210243319088,0.5998491517256755,0.9964769947739146,0.8916794359167798,0.03635898872672341,71210522,6672578,8650602,251762,0.9411699477452953,0.888877252530885,0.8916794359167798,0.9964769947739146,0.8974210243319088,0.9411699477452953,0.4354564783550151,0.9636410112732766,0.10832056408322027,0.75,1.25
HistoKit (no postprocessing),gaussian,TCGA-FA-A82F-01Z-00-DX1.6D1B9A0A-FAA1-4E4D-9280-3D87F9929972.png,191580950,532096767,923187,22390132,0.9426451652886618,0.8915126070672457,0.9952043264400079,0.8953590747370245,0.9687903631014925,0.9426451652886618,0.9982680066795399,0.9596200883368391,0.004795673559992116,532096767,191580950,22390132,923187,0.9785626003774709,0.9580250348568571,0.9596200883368391,0.9982680066795399,0.9687903631014925,0.978562600377471,0.8953590747370245,0.9952043264400079,0.040379911663160864,0.75,1.25
HistoKit (no postprocessing),gaussian,TCGA-DQ-7590-01Z-00-DX1.8319DF99-1663-48DE-BB6A-A156FBAC2EA1.png,8815118,212647258,79093,24665747,0.41605202076805714,0.26266773039465663,0.9911073618559307,0.26328823941675344,0.8994958783011462,0.41605202076805714,0.9996281936881435,0.8960623881527268,0.008892638144069216,212647258,8815118,24665747,79093,0.9450162754210323,0.8957638429902582,0.8960623881527268,0.9996281936881435,0.8994958783011462,0.9450162754210323,0.26328823941675344,0.9911073618559307,0.10393761184727318,0.25,2.25
HistoKit (no postprocessing),gaussian,TCGA-YL-A8SJ-01Z-00-DX2.36E46E11-79CA-4356-B68F-F387219B3D16.png,132934337,214052112,825350,190107689,0.5820220599741928,0.41045917820385835,0.9938296057765147,0.4115078729725401,0.6450527574119047,0.5820220599741927,0.996158973620044,0.5296224698012457,0.006170394223485287,214052112,132934337,190107689,825350,0.6915645464140662,0.5285431119423931,0.5296224698012457,0.996158973620044,0.6450527574119047,0.6915645464140662,0.4115078729725401,0.9938296057765147,0.4703775301987542,0.75,1.25
HistoKit (no postprocessing),gaussian,TCGA-YL-A8SI-01Z-00-DX1.35E5FB1A-9AAC-4942-892B-E9D80F6BDA23.png,149906748,171246839,3227932,24270001,0.9159884728620338,0.8449988306678334,0.978920960294559,0.8606587782850397,0.921130609153805,0.9159884728620339,0.981499147518583,0.8758674649201572,0.021079039705440988,171246839,149906748,24270001,3227932,0.9256795770972224,0.8616419807007553,0.8758674649201572,0.981499147518583,0.921130609153805,0.9256795770972224,0.8606587782850397,0.978920960294559,0.12413253507984275,0.25,2.25
HistoKit (no postprocessing),gaussian,TCGA-G9-6378-01A-01-BS1.bc59e095-f3ab-4a6e-8cef-ea7fc76abec8.png,7841841,33192400,6519,11323940,0.580573041356377,0.4090193143232685,0.9991693806094522,0.4091584371124767,0.7836241017326557,0.5805730413563771,0.9998036381847253,0.7456228432076851,0.0008306193905478342,33192400,7841841,11323940,6519,0.8542054784891085,0.745513669730868,0.7456228432076851,0.9998036381847253,0.7836241017326557,0.8542054784891085,0.4091584371124767,0.9991693806094522,0.25437715679231493,0.25,2.25
HistoKit (no postprocessing),gaussian,TCGA-G9-7509-01Z-00-DX1.D75B78D5-F5B9-4684-9FE0-C7279122D66F.png,52494829,325070995,39616,45395760,0.6979533606088465,0.5360432871553776,0.9992459042824189,0.5362602221138949,0.8925880683080805,0.6979533606088465,0.9998781460873327,0.8774633367574373,0.0007540957175811032,325070995,52494829,45395760,39616,0.9346796226834098,0.8773695149225923,0.8774633367574373,0.9998781460873327,0.8925880683080805,0.9346796226834098,0.5362602221138949,0.9992459042824189,0.12253666324256275,0.25,2.25
HistoKit (no postprocessing),gaussian,TCGA-BA-A6DF-01Z-00-DX1.AAA638F5-C794-441B-A034-30AD8CC72573.png,192431619,816534958,116367,31818624,0.9233802142666974,0.8576660270438636,0.999395646755817,0.8581110835184246,0.9693198742496274,0.9233802142666975,0.9998575071190878,0.962493676369012,0.0006043532441829851,816534958,192431619,31818624,116367,0.980819881751856,0.9623616711026262,0.962493676369012,0.9998575071190878,0.9693198742496274,0.9808198817518561,0.8581110835184246,0.999395646755817,0.037506323630988096,0.25,2.25
HistoKit (no postprocessing),gaussian,normal_004.png,10667453,1294874279,75625,9624627,0.6874431249874738,0.5237434949102022,0.9929605835497052,0.5256953944593161,0.9926247396920079,0.6874431249874738,0.999941600057449,0.9926219738815174,0.0070394164502947856,1294874279,10667453,9624627,75625,0.9962683427491692,0.9925644324877595,0.9926219738815174,0.999941600057449,0.9926247396920079,0.9962683427491692,0.5256953944593161,0.9929605835497052,0.007378026118482617,0.25,2.25
HistoKit (no postprocessing),gaussian,TCGA-YL-A8SL-01Z-00-DX2.F64D1539-E590-4B51-96B4-1F95CAE6E33A.png,257083484,301654852,1548469,75412395,0.869806732429408,0.7696088424762092,0.9940128472834135,0.7731929934686499,0.8789350938305412,0.8698067324294079,0.9948929682072974,0.8000027963181856,0.005987152716586415,301654852,257083484,75412395,1548469,0.8868672736698495,0.7967309312643536,0.8000027963181856,0.9948929682072974,0.8789350938305412,0.8868672736698495,0.7731929934686499,0.9940128472834135,0.19999720368181434,0.25,2.25
HistoKit (no postprocessing),gaussian,tumor_031.png,31528747,1305353304,89501,14905056,0.8078902884947892,0.67769793392146,0.9971693244989412,0.6790041944227571,0.9889083390368124,0.8078902884947892,0.9999314401215762,0.9887105005720244,0.0028306755010587556,1305353304,31528747,14905056,89501,0.994289313193796,0.9886434799169944,0.9887105005720244,0.9999314401215762,0.9889083390368124,0.994289313193796,0.6790041944227571,0.9971693244989412,0.011289499427975597,0.25,2.25
HistoKit (no postprocessing),gaussian,tumor_021.png,151667282,1108525005,189815,88365162,0.7740307721047345,0.6313623168450847,0.998750041955563,0.6318615911772327,0.9343427939661793,0.7740307721047346,0.9998287972735856,0.9261710352074436,0.0012499580444370012,1108525005,151667282,88365162,189815,0.9615914358707102,0.9260241768874554,0.9261710352074436,0.9998287972735856,0.9343427939661793,0.9615914358707102,0.6318615911772327,0.998750041955563,0.07382896479255645,0.25,2.25
HistoKit (no postprocessing),gaussian,TCGA-SR-A6MX-01Z-00-DX1.2642CBB2-65ED-48E9-BC30-D2F3F5D4D8B3.png,70190985,267356809,105425,16724309,0.892948593700123,0.8066008395081176,0.9985002790327415,0.807579216150382,0.9525090259109207,0.892948593700123,0.9996058322013417,0.9411284033316146,0.0014997209672584987,267356809,70190985,16724309,105425,0.9694861085008599,0.9407792718742491,0.9411284033316146,0.9996058322013417,0.9525090259109207,0.96948610850086,0.807579216150382,0.9985002790327415,0.0588715966683854,0.25,2.25
HistoKit (no postprocessing),gaussian,TCGA-G9-6333-11A-01-TS1.924c9301-78b6-4330-be95-533b25cf1a91.png,6570449,71206650,255634,8752731,0.5932882732937886,0.42175540448714516,0.9625504114145697,0.42879147800913386,0.8961996101098221,0.5932882732937886,0.9964228123467198,0.8905352831583326,0.03744958858543033,71206650,6570449,8752731,255634,0.9405080838333141,0.8876972721378908,0.8905352831583326,0.9964228123467198,0.8961996101098221,0.9405080838333141,0.42879147800913386,0.9625504114145697,0.10946471684166739,0.25,2.25
HistoKit (no postprocessing),gaussian,TCGA-FA-A82F-01Z-00-DX1.6D1B9A0A-FAA1-4E4D-9280-3D87F9929972.png,190822492,532102456,917498,23148590,0.9406817075970754,0.8880066683860073,0.995214884490189,0.8918143994803933,0.9677826281171064,0.9406817075970755,0.9982786798259339,0.9583096868222739,0.004785115509810968,532102456,190822492,23148590,917498,0.9778859420126054,0.9567287861573128,0.9583096868222739,0.9982786798259339,0.9677826281171064,0.9778859420126053,0.8918143994803933,0.995214884490189,0.0416903131777261,0.25,2.25
HistoKit (no postprocessing),constant,TCGA-DQ-7590-01Z-00-DX1.8319DF99-1663-48DE-BB6A-A156FBAC2EA1.png,8827480,212649844,76507,24653385,0.41653938062588963,0.263056356141357,0.9914075570865052,0.26365746524171346,0.8995565913876383,0.4165393806258897,0.9996403501510728,0.896110200000692,0.00859244291349482,212649844,8827480,24653385,76507,0.9450482966030811,0.895821385528881,0.896110200000692,0.9996403501510728,0.8995565913876383,0.9450482966030812,0.26365746524171346,0.9914075570865052,0.10388979999930806,0.25,
HistoKit (no postprocessing),gaussian,TCGA-YL-A8SJ-01Z-00-DX2.36E46E11-79CA-4356-B68F-F387219B3D16.png,132596349,214025642,851820,190445677,0.5809384317663164,0.4093821189798092,0.9936168476017082,0.4104616066269966,0.6443752247920046,0.5809384317663165,0.9960357871315513,0.5291491187289846,0.0063831523982918045,214025642,132596349,190445677,851820,0.6911312286897033,0.5280370682217578,0.5291491187289846,0.9960357871315513,0.6443752247920046,0.6911312286897033,0.4104616066269966,0.9936168476017082,0.47085088127101543,0.25,2.25
HistoKit (no postprocessing),constant,TCGA-YL-A8SI-01Z-00-DX1.35E5FB1A-9AAC-4942-892B-E9D80F6BDA23.png,149902026,171443331,3031440,24274723,0.9165230501896738,0.8459091357228418,0.9801780468377013,0.8606316678927105,0.9216806426084131,0.9165230501896737,0.9826253389952866,0.8759709566701496,0.019821953162298695,171443331,149902026,24274723,3031440,0.9262380004258591,0.8626101508464721,0.8759709566701496,0.9826253389952866,0.9216806426084131,0.9262380004258591,0.8606316678927105,0.9801780468377013,0.1240290433298504,0.25,
HistoKit (no postprocessing),constant,TCGA-G9-6378-01A-01-BS1.bc59e095-f3ab-4a6e-8cef-ea7fc76abec8.png,7824268,33192570,6349,11341513,0.5796527373762974,0.4081063502073061,0.9991892082067096,0.40824154257006273,0.7832917595250235,0.5796527373762973,0.9998087588333825,0.7453295939651435,0.0008107917932903627,33192570,7824268,11341513,6349,0.8540148751748967,0.7452233512238947,0.7453295939651435,0.9998087588333825,0.7832917595250235,0.8540148751748968,0.40824154257006273,0.9991892082067096,0.25467040603485647,0.25,
HistoKit (no postprocessing),constant,TCGA-G9-7509-01Z-00-DX1.D75B78D5-F5B9-4684-9FE0-C7279122D66F.png,52546684,325071113,39498,45343905,0.6984025992955417,0.5365734434607415,0.9992488901361959,0.5367899461714343,0.892710935571814,0.6984025992955416,0.9998785090407277,0.8775862133106062,0.0007511098638041453,325071113,52546684,45343905,39498,0.9347494885770773,0.8774926447380655,0.8775862133106062,0.9998785090407277,0.892710935571814,0.9347494885770773,0.5367899461714343,0.9992488901361959,0.1224137866893939,0.25,
HistoKit (no postprocessing),constant,TCGA-BA-A6DF-01Z-00-DX1.AAA638F5-C794-441B-A034-30AD8CC72573.png,192490523,816533925,117400,31759720,0.923530057463238,0.8579246117052627,0.9993904715955013,0.8583737543597667,0.9693754712453272,0.923530057463238,0.9998562421973661,0.9625604645429119,0.000609528404498708,816533925,192490523,31759720,117400,0.9808539497854996,0.9624272689660706,0.9625604645429119,0.9998562421973661,0.9693754712453272,0.9808539497854994,0.8583737543597667,0.9993904715955013,0.03743953545708809,0.25,
HistoKit (no postprocessing),constant,normal_004.png,10666152,1294874291,75613,9625928,0.6873883658309178,0.5236799278150942,0.9929608402343563,0.5256312807755538,0.9926237596442177,0.6873883658309179,0.9999416093242167,0.9926209839908046,0.007039159765643728,1294874291,10666152,9625928,75613,0.996267848759951,0.9925634518423303,0.9926209839908046,0.9999416093242167,0.9926237596442177,0.996267848759951,0.5256312807755538,0.9929608402343563,0.007379016009195473,0.25,
HistoKit (no postprocessing),constant,TCGA-YL-A8SL-01Z-00-DX2.F64D1539-E590-4B51-96B4-1F95CAE6E33A.png,257960305,301616124,1587197,74535574,0.8714236600848004,0.7721441866752927,0.9938847533196448,0.7758300817917806,0.8802534736554647,0.8714236600848004,0.9947652387356272,0.8018470356605967,0.0061152466803552595,301616124,257960305,74535574,1587197,0.8879484674860406,0.798477805681091,0.8018470356605967,0.9947652387356272,0.8802534736554647,0.8879484674860406,0.7758300817917806,0.9938847533196448,0.1981529643394033,0.25,
HistoKit (no postprocessing),constant,tumor_031.png,31529409,1305352787,90018,14904394,0.8078950480332461,0.6777046322141081,0.9971530793394833,0.6790184512778331,0.9889084462951222,0.807895048033246,0.9999310440873739,0.9887109919078714,0.0028469206605167136,1305352787,31529409,14904394,90018,0.9942893658529349,0.9886435840426242,0.9887109919078714,0.9999310440873739,0.9889084462951222,0.9942893658529349,0.6790184512778331,0.9971530793394833,0.011289008092128681,0.25,
HistoKit (no postprocessing),constant,tumor_021.png,151490152,1108524649,190171,88542292,0.7734756932239587,0.630624023470896,0.9987462381656452,0.6311236492680131,0.9342112007427954,0.7734756932239587,0.9998284761810977,0.9260339677194377,0.0012537618343547437,1108524649,151490152,88542292,190171,0.9615174061566358,0.925886877504721,0.9260339677194377,0.9998284761810977,0.9342112007427954,0.9615174061566358,0.6311236492680131,0.9987462381656452,0.07396603228056232,0.25,
HistoKit (no postprocessing),constant,TCGA-SR-A6MX-01Z-00-DX1.2642CBB2-65ED-48E9-BC30-D2F3F5D4D8B3.png,70564669,267346940,115294,16350625,0.8955176741137584,0.8108030822450608,0.9983687880538364,0.8118786205797106,0.9535356570352282,0.8955176741137584,0.9995689335339957,0.9423660016257102,0.0016312119461635824,267346940,70564669,16350625,115294,0.9701249637040382,0.9419831819530066,0.9423660016257102,0.9995689335339957,0.9535356570352282,0.9701249637040382,0.8118786205797106,0.9983687880538364,0.05763399837428989,0.25,
HistoKit (no postprocessing),constant,TCGA-G9-6333-11A-01-TS1.924c9301-78b6-4330-be95-533b25cf1a91.png,6490320,71234343,227941,8832860,0.588919753477098,0.417353835778141,0.9660714283056285,0.42356221097709484,0.8955954075442865,0.588919753477098,0.9968103314470049,0.8896819213230166,0.0339285716943715,71234343,6490320,8832860,227941,0.9402043709156093,0.8871563017559319,0.8896819213230166,0.9968103314470049,0.8955954075442865,0.9402043709156094,0.42356221097709484,0.9660714283056285,0.11031807867698339,0.25,
HistoKit (no postprocessing),constant,TCGA-FA-A82F-01Z-00-DX1.6D1B9A0A-FAA1-4E4D-9280-3D87F9929972.png,191162630,532095709,924245,22808452,0.9415534246014049,0.8895615957251597,0.9951884010815418,0.8934040441969631,0.968228940032421,0.9415534246014049,0.9982660217632303,0.9588965922351409,0.00481159891845812,532095709,191162630,22808452,924245,0.9781853378624666,0.957302115646101,0.9588965922351409,0.9982660217632303,0.968228940032421,0.9781853378624666,0.8934040441969631,0.9951884010815418,0.04110340776485906,0.25,
HistoKit (no postprocessing),gaussian,TCGA-DQ-7590-01Z-00-DX1.8319DF99-1663-48DE-BB6A-A156FBAC2EA1.png,8827375,212644680,81671,24653490,0.4164847149596516,0.26301275326751233,0.9908328007286078,0.2636543291220224,0.8995351907151251,0.4164847149596516,0.9996160748322148,0.8961075426751078,0.009167199271392246,212644680,8827375,24653490,81671,0.9450359706065884,0.8957992351170208,0.8961075426751078,0.9996160748322148,0.8995351907151251,0.9450359706065883,0.2636543291220224,0.9908328007286078,0.10389245732489213,0.75,1.75
HistoKit (no postprocessing),constant,TCGA-YL-A8SJ-01Z-00-DX2.36E46E11-79CA-4356-B68F-F387219B3D16.png,132649998,214002145,875317,190392028,0.5810752810722832,0.4095180479422493,0.9934445614301678,0.4106276809940512,0.6444312777900324,0.5810752810722832,0.9959264364356649,0.5291919599444871,0.006555438569832245,214002145,132649998,190392028,875317,0.6911414407023503,0.5280489903150617,0.5291919599444871,0.9959264364356649,0.6444312777900324,0.6911414407023503,0.4106276809940512,0.9934445614301678,0.47080804005551286,0.25,
HistoKit (no postprocessing),gaussian,TCGA-YL-A8SI-01Z-00-DX1.35E5FB1A-9AAC-4942-892B-E9D80F6BDA23.png,150733446,171532741,2942030,23443303,0.9195206529405131,0.8510302908084072,0.9808555660501094,0.8654050949130989,0.924321761167139,0.9195206529405132,0.9831377913085211,0.8797631620836455,0.019144433949890613,171532741,150733446,23443303,2942030,0.9285822850329888,0.8666855812269071,0.8797631620836455,0.9831377913085211,0.924321761167139,0.9285822850329888,0.8654050949130989,0.9808555660501094,0.12023683791635448,0.75,1.75
HistoKit (no postprocessing),gaussian,TCGA-G9-6378-01A-01-BS1.bc59e095-f3ab-4a6e-8cef-ea7fc76abec8.png,7868427,33192220,6699,11297354,0.5819647247779077,0.41040214933070734,0.9991493469437822,0.41054559686349335,0.784128372739651,0.5819647247779078,0.9997982163214411,0.7460673819893173,0.0008506530562177671,33192220,7868427,11297354,6699,0.854495143830374,0.7459550601013258,0.7460673819893173,0.9997982163214411,0.784128372739651,0.854495143830374,0.41054559686349335,0.9991493469437822,0.2539326180106827,0.75,1.75
HistoKit (no postprocessing),gaussian,TCGA-G9-7509-01Z-00-DX1.D75B78D5-F5B9-4684-9FE0-C7279122D66F.png,52623234,325070004,40607,45267355,0.6990592571736348,0.5373490384003888,0.9992289396438061,0.5375719416705114,0.8928892825835955,0.6990592571736348,0.9998750978939903,0.8777672468091452,0.0007710603561939206,325070004,52623234,45267355,40607,0.9348506804901594,0.8776710113473651,0.8777672468091452,0.9998750978939903,0.8928892825835955,0.9348506804901594,0.5375719416705114,0.9992289396438061,0.12223275319085483,0.75,1.75
HistoKit (no postprocessing),gaussian,TCGA-BA-A6DF-01Z-00-DX1.AAA638F5-C794-441B-A034-30AD8CC72573.png,192594684,816536099,115226,31655559,0.9238037861138256,0.8583971716253717,0.9994020753784795,0.8588382399211045,0.9694776278788352,0.9238037861138255,0.9998589042881918,0.9626787664068255,0.000597924621520502,816536099,192594684,31655559,115226,0.9809166478013741,0.9625480052098693,0.9626787664068255,0.9998589042881918,0.9694776278788352,0.980916647801374,0.8588382399211045,0.9994020753784795,0.037321233593174526,0.75,1.75
HistoKit (no postprocessing),gaussian,normal_004.png,10667485,1294873277,76627,9624595,0.6874222842802364,0.523719301377353,0.9928680006314156,0.5256969714292473,0.992624002185137,0.6874222842802366,0.9999408262823424,0.9926219925638944,0.007131999368584393,1294873277,10667485,9624595,76627,0.9962679681086234,0.9925636887679191,0.9926219925638944,0.9999408262823424,0.992624002185137,0.9962679681086233,0.5256969714292473,0.9928680006314156,0.007378007436105653,0.75,1.75
HistoKit (no postprocessing),gaussian,TCGA-YL-A8SL-01Z-00-DX2.F64D1539-E590-4B51-96B4-1F95CAE6E33A.png,258352280,301644504,1558817,74143599,0.8722121462661506,0.7733831707607547,0.9940024992468867,0.7770089685833369,0.8809147219313789,0.8722121462661506,0.9948588392935181,0.8026983866490313,0.005997500753113285,301644504,258352280,74143599,1558817,0.8885075520482568,0.7993824462645673,0.8026983866490313,0.9948588392935181,0.8809147219313789,0.8885075520482567,0.7770089685833369,0.9940024992468867,0.19730161335096869,0.75,1.75
HistoKit (no postprocessing),gaussian,tumor_031.png,31542430,1305352074,90731,14891373,0.8080865037866721,0.6779741200631908,0.9971317757336992,0.6792988719877198,0.988917550676341,0.808086503786672,0.9999304979125455,0.9887207370475212,0.0028682242663007973,1305352074,31542430,14891373,90731,0.9942940235191512,0.9886527939292654,0.9887207370475212,0.9999304979125455,0.988917550676341,0.9942940235191512,0.6792988719877198,0.9971317757336992,0.011279262952478794,0.75,1.75
HistoKit (no postprocessing),gaussian,tumor_021.png,151805714,1108512735,202085,88226730,0.7744394444730512,0.6319063068573294,0.9986705616334857,0.6324383132140253,0.9344363341003226,0.7744394444730511,0.9998177304060931,0.926277412435797,0.0013294383665143391,1108512735,151805714,88226730,202085,0.9616436484664453,0.926121024873771,0.926277412435797,0.9998177304060931,0.9344363341003226,0.9616436484664453,0.6324383132140253,0.9986705616334857,0.07372258756420304,0.75,1.75
HistoKit (no postprocessing),gaussian,TCGA-SR-A6MX-01Z-00-DX1.2642CBB2-65ED-48E9-BC30-D2F3F5D4D8B3.png,70454022,267355706,106528,16461272,0.8947914830670791,0.8096132714849386,0.9984902612011953,0.8106055765053272,0.9532481642007503,0.8947914830670792,0.9996017082546316,0.9420003971714476,0.0015097387988047145,267355706,70454022,16461272,106528,0.9699466266106911,0.9416469589523877,0.9420003971714476,0.9996017082546316,0.9532481642007503,0.9699466266106911,0.8106055765053272,0.9984902612011953,0.05799960282855242,0.75,1.75
HistoKit (no postprocessing),gaussian,TCGA-G9-6333-11A-01-TS1.924c9301-78b6-4330-be95-533b25cf1a91.png,6669923,71211192,251092,8653257,0.5997001015321076,0.4282654752658744,0.9637203502665432,0.4352832114482764,0.8973981518379621,0.5997001015321076,0.9964863703488682,0.891650701803502,0.03627964973345672,71211192,6669923,8653257,251092,0.9411581230660679,0.888856158382554,0.891650701803502,0.9964863703488682,0.8973981518379621,0.9411581230660678,0.4352832114482764,0.9637203502665432,0.10834929819649791,0.75,1.75
HistoKit (no postprocessing),gaussian,TCGA-FA-A82F-01Z-00-DX1.6D1B9A0A-FAA1-4E4D-9280-3D87F9929972.png,191594475,532096979,922975,22376607,0.9426808380414531,0.8915764245634769,0.9952057592701337,0.8954222842131536,0.9688087528804027,0.9426808380414531,0.9982684044132427,0.959643511314171,0.004794240729866305,532096979,191594475,22376607,922975,0.9785749697418892,0.9580487463623312,0.959643511314171,0.9982684044132427,0.9688087528804027,0.9785749697418893,0.8954222842131536,0.9952057592701337,0.04035648868582894,0.75,1.75
HistoKit (no postprocessing),gaussian,TCGA-YL-A8SJ-01Z-00-DX2.36E46E11-79CA-4356-B68F-F387219B3D16.png,132945546,214051333,826129,190096480,0.5820558608858363,0.41049280068921873,0.9938243353834061,0.4115425712442752,0.6450721469306574,0.5820558608858363,0.9961553482979988,0.5296362521699456,0.006175664616593909,214051333,132945546,190096480,826129,0.6915754223444269,0.5285558175493672,0.5296362521699456,0.9961553482979988,0.6450721469306574,0.6915754223444269,0.4115425712442752,0.9938243353834061,0.47036374783005447,0.75,1.75
