Method,Mode,Image,TP,TN,FP,FN,DICE,JACCARD,PRECISION,RECALL,ACCURACY,F1,SPECIFICITY,NPV,FDR,Overlap,Sigma
HistoKit (no postprocessing),gaussian,2-12_he_1_R3.png,3936022,3904698,56823,423737,0.9424658465791027,0.891191876432952,0.9857687939301425,0.9028072423269268,0.942249269343178,0.9424658465791026,0.985656266873254,0.9021038781915404,0.014231206069857458,0.25,1.75
HistoKit (no postprocessing),gaussian,TCGA-KM-8441-01Z-00-DX1.D2CA0ADE-7EDF-49A6-989C-2761F1CFE340_R1.png,4227813,3764230,159217,819288,0.8962803251301047,0.8120543155450742,0.9637073373102076,0.8376715663110368,0.8909202648489256,0.8962803251301048,0.9594191026411214,0.8212534564061928,0.036292662689792414,0.25,1.75
HistoKit (no postprocessing),gaussian,2-12_he_1_R2.png,5000959,5179394,105469,372482,0.9543934184673492,0.9127653128085695,0.9793458362675436,0.930680917497745,0.9551569367884422,0.9543934184673492,0.9800431912804551,0.9329088041591707,0.020654163732456425,0.25,1.75
HistoKit (no postprocessing),gaussian,2-12_he_1_R4.png,5103449,4997402,107749,475816,0.9459184466875981,0.8973863964463601,0.9793235643704192,0.9147170819095347,0.9453816661575138,0.9459184466875981,0.9788940620953229,0.9130646723737297,0.02067643562958076,0.25,1.75
HistoKit (no postprocessing),gaussian,1083_he_R1.png,0,17130794,4759222,0,0.0,0.0,0.0,,0.7825848094400661,,0.7825848094400661,1.0,1.0,0.25,1.75
HistoKit (no postprocessing),gaussian,33-12_he_2_R1.png,3942434,14319247,602476,618659,0.865897803899252,0.7635095028264365,0.867439399240029,0.8643616782205493,0.9373224589299617,0.865897803899252,0.95962423374298,0.9585846235744153,0.13256060075997103,0.25,1.75
HistoKit (no postprocessing),gaussian,2-12_he_1_R1.png,4818295,4989536,110642,356343,0.9537802213572919,0.911644226985136,0.9775525635649228,0.9311366321663467,0.9545505243110923,0.9537802213572918,0.9783062473505827,0.9333424868015157,0.022447436435077177,0.25,1.75
HistoKit (no postprocessing),gaussian,11-22_he_R1.png,11468514,19227672,171478,1576405,0.9291922502779126,0.8677489031238999,0.9852682029334728,0.8791556313994744,0.9461262704132456,0.9291922502779127,0.9911605405391474,0.9242261504800237,0.014731797066527193,0.25,1.75
HistoKit (no postprocessing),gaussian,390-02_he_2_R2.png,2631202,28883695,2871482,1636661,0.5385987089566224,0.3685494957870785,0.47816701813151546,0.616515103694753,0.8748538990601571,0.5385987089566224,0.9095743664096093,0.9463747736101112,0.5218329818684846,0.25,1.75
HistoKit (no postprocessing),gaussian,390-02_he_2_R1.png,3526183,27084604,1276410,2832467,0.6318620605249792,0.46184090236357017,0.7342248239648873,0.554549000180856,0.8816556231650168,0.6318620605249792,0.9549942043680103,0.9053227169197146,0.2657751760351127,0.25,1.75
HistoKit (no postprocessing),gaussian,47-07b_he_2_R1.png,10078991,37135615,195352,759002,0.9547963806563139,0.9135027500726207,0.9809864241441034,0.9299683991307247,0.9801873654735331,0.9547963806563139,0.9947670254563724,0.9799707172129487,0.019013575855896577,0.25,1.75
HistoKit (no postprocessing),gaussian,TCGA-2Y-A9GY-01Z-00-DX1.9AF8DAB8-B99C-4484-A065-20E7345E1FF4_R1.png,19678135,16467934,65625,9349900,0.8069473350324711,0.6763719312042555,0.9966761650263172,0.6779010360157,0.7933451362566464,0.8069473350324712,0.996030800144119,0.6378511071068161,0.0033238349736828244,0.25,1.75
HistoKit (no postprocessing),gaussian,10-99_he_R1.png,6841478,12400808,943924,409911,0.9099651647748512,0.834803746970982,0.8787571919857189,0.9434713818276746,0.9342674768710089,0.9099651647748511,0.9292661703509669,0.9680024985326741,0.12124280801428108,0.25,1.75
HistoKit (no postprocessing),gaussian,223-98_he_R1.png,5900055,34761443,677510,276393,0.9252076189666735,0.8608245046147058,0.8969968369753852,0.955250493487519,0.9770781254757103,0.9252076189666735,0.9808823358861646,0.992111584745131,0.10300316302461474,0.25,1.75
HistoKit (no postprocessing),gaussian,TCGA-08-0520-01Z-00-DX1.2d50b1bc-c1d8-41a4-b42f-19d9916a5ef6_R1.png,20211601,19738523,472904,2481330,0.9318946836783991,0.8724745298410354,0.9771372822313128,0.8906562576689631,0.9311437313664034,0.9318946836783991,0.9766021468944276,0.8883282441157464,0.022862717768687237,0.25,1.75
HistoKit (no postprocessing),gaussian,TCGA-EC-A1QX-01Z-00-DX1.D94B9C3B-F06F-4300-B492-E2534AF4D703_R1.png,7739219,48969437,320813,9318631,0.6162318144499603,0.4453287919789917,0.9601970562896028,0.45370424760447536,0.8547140912852064,0.6162318144499604,0.993491349709121,0.8401279829690015,0.03980294371039718,0.25,1.75
HistoKit (no postprocessing),gaussian,2-12_he_1_R4.png,5132224,4990856,114295,447041,0.9481482357305485,0.9014086090249335,0.9782150793697688,0.9198745712920967,0.9474621729442209,0.9481482357305485,0.9776118277402569,0.9177915653790427,0.021784920630231207,0.5,1.75
HistoKit (no postprocessing),gaussian,33-00_he_R2.png,23956030,43844603,961905,4328534,0.9005603289424431,0.8191084537418859,0.9613970820615754,0.8469647967704222,0.9276185332183936,0.9005603289424432,0.9785320248567463,0.9101463124562554,0.03860291793842467,0.25,1.75
HistoKit (no postprocessing),gaussian,1083_he_R1.png,0,17076618,4813398,0,0.0,0.0,0.0,,0.7801098911942321,,0.7801098911942321,1.0,1.0,0.5,1.75
HistoKit (no postprocessing),gaussian,33-00_he_R1.png,12679149,23700500,1535679,1406272,0.896045048932255,0.8116681283648398,0.8919664029701942,0.9001611666417354,0.9251823170979818,0.896045048932255,0.9391477212140554,0.9439883390823799,0.10803359702980578,0.25,1.75
HistoKit (no postprocessing),gaussian,390-02_he_2_R1.png,3684194,27038315,1322699,2674456,0.6483093680609893,0.4796285131687155,0.7358243924925099,0.5793987717518656,0.8848734538444842,0.6483093680609893,0.9533620694944123,0.9099896808682031,0.2641756075074902,0.5,1.75
HistoKit (no postprocessing),gaussian,TCGA-CV-7099-01A-02-BS2.1e152adb-e0cb-4962-8004-a9d9310c5e30_R1.png,13891794,36627349,126145,2720414,0.9070667535483914,0.8299379275846316,0.9910011735676693,0.8362400711573079,0.9466593918318549,0.9070667535483915,0.9965678093081436,0.9308622957803218,0.008998826432330744,0.25,1.75
HistoKit (no postprocessing),gaussian,TCGA-KM-8441-01Z-00-DX1.D2CA0ADE-7EDF-49A6-989C-2761F1CFE340_R1.png,4340685,3768177,155270,706416,0.9097054444613969,0.8343666762712617,0.9654645119891102,0.8600352955092438,0.9039427691596991,0.9097054444613968,0.9604251057807076,0.8421273175012789,0.03453548801088979,0.5,1.75
HistoKit (no postprocessing),gaussian,2-12_he_1_R3.png,3931766,3897614,63907,427993,0.9411281188094165,0.8888026356420218,0.9840059484347192,0.9018310415782157,0.9408864982310414,0.9411281188094164,0.9838680648165187,0.9010559674052682,0.01599405156528074,0.5,1.75
HistoKit (no postprocessing),gaussian,2-12_he_1_R2.png,5025300,5183974,100889,348141,0.9572337310933814,0.9179753504081778,0.98031890747688,0.9352107895108553,0.9578704078997934,0.9572337310933814,0.9809098173405819,0.9370690956352137,0.019681092523120003,0.5,1.75
HistoKit (no postprocessing),gaussian,13-23_he_R1.png,6926421,41747353,6263976,4458642,0.5636859696624194,0.3924531528317208,0.5251108818028752,0.6083779246544354,0.8194735801460803,0.5636859696624195,0.8695312933328715,0.9035051187621866,0.47488911819712476,0.25,1.75
HistoKit (no postprocessing),gaussian,TCGA-CJ-5683-01Z-00-DX1.4758DFEF-5B66-43AC-B88B-FFF4079DB129_R1.png,20199684,67625653,2889829,5561500,0.8269967570780004,0.7050251242425529,0.8748423580869809,0.7841131836176474,0.9122183042773833,0.8269967570780004,0.9590185173803393,0.9240098873637017,0.12515764191301912,0.25,1.75
HistoKit (no postprocessing),gaussian,TCGA-UT-A97Y-01Z-00-DX1.19376AE8-F20F-49A8-BD6C-3998FD71628E_R1.png,35655528,35107154,2053193,7804203,0.8785563139728229,0.7834154535973122,0.9455512426422524,0.8204267992362861,0.8777302597003194,0.878556313972823,0.9447477441478144,0.8181319924233578,0.05444875735774756,0.25,1.75
HistoKit (no postprocessing),gaussian,47-07b_he_2_R1.png,10127973,37158273,172694,710020,0.9582417239314128,0.9198311603989833,0.9832346779096927,0.9344878705863715,0.9816746303013393,0.9582417239314129,0.9953739746414819,0.9812502771117779,0.016765322090307355,0.5,1.75
HistoKit (no postprocessing),gaussian,390-02_he_2_R2.png,2636863,28950171,2805006,1631000,0.5431381628246794,0.3728137761352571,0.4845509879050745,0.6178415286526301,0.8768564230003909,0.5431381628246793,0.9116677573549661,0.9466665288912579,0.5154490120949254,0.5,1.75
HistoKit (no postprocessing),gaussian,11-22_he_R1.png,11420070,19229471,169679,1624849,0.9271543663588241,0.864201090339638,0.9853595621440983,0.8754420015946439,0.9446885654200773,0.9271543663588241,0.9912532765610864,0.9220857357132719,0.014640437855901797,0.5,1.75
HistoKit (no postprocessing),gaussian,TCGA-PG-A7D5-01Z-00-DX1.3B12F210-014B-408D-83A9-9D23BD5E306A_R1.png,29561622,50763414,419232,6087822,0.900852895715939,0.8195926570745209,0.9860166758425227,0.8292309411613825,0.9250616448366036,0.9008528957159391,0.9918090987324102,0.8929166289366163,0.013983324157477302,0.25,1.75
HistoKit (no postprocessing),gaussian,2-12_he_1_R1.png,4822048,4997941,102237,352590,0.954962821283022,0.9138075091792017,0.9792382041250659,0.9318619002913827,0.9557338058413892,0.954962821283022,0.9799542290484764,0.9341018676464075,0.020761795874934128,0.5,1.75
HistoKit (no postprocessing),gaussian,TCGA-PG-A6IB-01Z-00-DX2.C943409D-2569-4C84-874A-773AC7CEE834_R1.png,53415772,23914690,70832,6080240,0.9455573590188423,0.896736647655867,0.9986757057898086,0.897804242744875,0.9263181723517443,0.9455573590188424,0.9970468852001637,0.797291075525097,0.0013242942101913968,0.25,1.75
HistoKit (no postprocessing),gaussian,33-12_he_2_R1.png,3973678,14282010,639713,587415,0.8662455566983386,0.7640504183390036,0.8613356205879796,0.871211790682628,0.937014854526163,0.8662455566983385,0.9571287444486136,0.9604951099319577,0.13866437941202037,0.5,1.75
HistoKit (no postprocessing),gaussian,TCGA-2Y-A9GY-01Z-00-DX1.9AF8DAB8-B99C-4484-A065-20E7345E1FF4_R1.png,19678288,16468153,65406,9349747,0.8069547011548432,0.6763822814908693,0.9966872460644902,0.6779063067823916,0.7933533010280545,0.8069547011548432,0.9960440459310667,0.6378579590129329,0.003312753935509738,0.5,1.75
HistoKit (no postprocessing),gaussian,223-98_he_R1.png,5901279,34767278,671675,275169,0.9257342422805399,0.8617367123808962,0.8978123078299346,0.9554486656408343,0.9772477501778728,0.9257342422805398,0.9810469852199076,0.9921475517962544,0.10218769217006539,0.5,1.75
HistoKit (no postprocessing),gaussian,10-99_he_R1.png,6900435,12380107,964625,350954,0.9129703675777294,0.839876246559463,0.8773531289017503,0.9516018241470703,0.9361249140068657,0.9129703675777293,0.927714921513598,0.9724332481008456,0.12264687109824973,0.5,1.75
HistoKit (no postprocessing),gaussian,TCGA-EC-A1QX-01Z-00-DX1.D94B9C3B-F06F-4300-B492-E2534AF4D703_R1.png,7744631,48956578,333672,9313219,0.6162145018770374,0.4453107094364714,0.9586952853835762,0.45402152088334696,0.854601849939938,0.6162145018770374,0.9932304664715639,0.8401707320174807,0.04130471461642377,0.5,1.75
HistoKit (no postprocessing),gaussian,TCGA-08-0520-01Z-00-DX1.2d50b1bc-c1d8-41a4-b42f-19d9916a5ef6_R1.png,20254765,19736967,474460,2438166,0.9329230450924638,0.874279067504839,0.9771115417966663,0.8925583477956197,0.9321135163006051,0.9329230450924638,0.9765251607419901,0.890049543333066,0.022888458203333698,0.5,1.75
HistoKit (no postprocessing),gaussian,33-00_he_R2.png,24003579,43803415,1003093,4280985,0.9008452721944749,0.8195800367369777,0.9598869853613468,0.8486458903874212,0.9277055616313851,0.9008452721944749,0.9776127833929839,0.9109693580454368,0.04011301463865324,0.5,1.75
HistoKit (no postprocessing),gaussian,2-12_he_1_R4.png,5131153,4994632,110519,448112,0.9483749882288383,0.9018185927620451,0.978915315571062,0.9196826105230707,0.9477153454152291,0.9483749882288383,0.9783514728555531,0.9176679998177389,0.021084684428937944,0.9,2.25
HistoKit (no postprocessing),gaussian,33-00_he_R1.png,12698128,23733658,1502521,1387293,0.8978361433737525,0.8146122175717616,0.8941934977760524,0.9015085882062027,0.9265082295735677,0.8978361433737526,0.9404616285214968,0.9447754585405624,0.10580650222394765,0.5,1.75
HistoKit (no postprocessing),gaussian,1083_he_R1.png,0,17393269,4496747,0,0.0,0.0,0.0,,0.794575435668937,,0.794575435668937,1.0,1.0,0.9,2.25
HistoKit (no postprocessing),gaussian,TCGA-KM-8441-01Z-00-DX1.D2CA0ADE-7EDF-49A6-989C-2761F1CFE340_R1.png,4360330,3794363,129084,686771,0.9144493559754271,0.8423829519230862,0.9712470268948241,0.8639276289497674,0.9090518215832523,0.9144493559754271,0.9670993389231459,0.8467416952940929,0.028752973105175866,0.9,2.25
HistoKit (no postprocessing),gaussian,TCGA-CV-7099-01A-02-BS2.1e152adb-e0cb-4962-8004-a9d9310c5e30_R1.png,13925987,36625057,128437,2686221,0.9082175701589924,0.8318668127781218,0.9908614540161873,0.8382983767118736,0.9472571727811244,0.9082175701589923,0.996505447890206,0.931667930002174,0.009138545983812642,0.5,1.75
HistoKit (no postprocessing),gaussian,2-12_he_1_R3.png,3957269,3892121,69400,402490,0.9437317055604603,0.8934583292223196,0.9827649106494724,0.9076806768447522,0.9432911763574835,0.9437317055604603,0.9824814761804872,0.9062802195588844,0.017235089350527696,0.9,2.25
HistoKit (no postprocessing),gaussian,390-02_he_2_R1.png,3765131,27101867,1259147,2593519,0.6615399833856456,0.49425457254899285,0.7493874741803698,0.5921274169831646,0.8890350436571045,0.6615399833856456,0.9556028920545647,0.9126625597660188,0.2506125258196302,0.9,2.25
HistoKit (no postprocessing),gaussian,13-23_he_R1.png,6957867,41855473,6155856,4427196,0.5680172886934071,0.39666490678168004,0.5305790735399856,0.6111399647063877,0.8218233188305445,0.5680172886934071,0.8717832618213922,0.9043444102154091,0.46942092646001443,0.5,1.75
HistoKit (no postprocessing),gaussian,2-12_he_1_R2.png,5042550,5168548,116315,330891,0.9575395929438435,0.9185380916747484,0.9774533739495025,0.9384210229534483,0.9580415420689821,0.9575395929438435,0.9779909148070631,0.9398318628500107,0.02254662605049754,0.9,2.25
HistoKit (no postprocessing),gaussian,47-07b_he_2_R1.png,10128085,37156782,174185,709908,0.9581796593542853,0.9197167899029601,0.9830925611539981,0.9344982046030109,0.981646001906622,0.9581796593542853,0.9953340346099259,0.9812524411296577,0.0169074388460019,0.9,2.25
HistoKit (no postprocessing),gaussian,TCGA-CJ-5683-01Z-00-DX1.4758DFEF-5B66-43AC-B88B-FFF4079DB129_R1.png,20258460,67509494,3005988,5502724,0.8264436040314584,0.704221464661177,0.8707904868406936,0.7863947557689895,0.9116222823918726,0.8264436040314584,0.9573712337384293,0.9246328333704367,0.12920951315930643,0.5,1.75
HistoKit (no postprocessing),gaussian,TCGA-UT-A97Y-01Z-00-DX1.19376AE8-F20F-49A8-BD6C-3998FD71628E_R1.png,35757992,35053614,2106733,7701739,0.8793908685967724,0.7847436219760217,0.9443615924848259,0.8227844760474933,0.8783371060494385,0.8793908685967724,0.9433069610464079,0.8198649184348916,0.055638407515174085,0.5,1.75
HistoKit (no postprocessing),gaussian,TCGA-PG-A7D5-01Z-00-DX1.3B12F210-014B-408D-83A9-9D23BD5E306A_R1.png,29710550,50754205,428441,5938894,0.9032149799581036,0.8235114114921094,0.9857844942453449,0.8334085098213594,0.926670715860922,0.9032149799581037,0.9916291744666738,0.8952448515823769,0.014215505754655158,0.5,1.75
HistoKit (no postprocessing),gaussian,11-22_he_R1.png,11638673,19243415,155735,1406246,0.9371166135056719,0.8816739685776175,0.9867958612250822,0.892199713926932,0.9518561928838211,0.9371166135056719,0.9919720709412526,0.9318998021323449,0.01320413877491774,0.9,2.25
HistoKit (no postprocessing),gaussian,390-02_he_2_R2.png,2574122,29076777,2678400,1693741,0.5407600637999409,0.3705765243844064,0.4900735303916861,0.6031407287441045,0.8786293161265679,0.5407600637999408,0.9156546978150996,0.9449557202774422,0.5099264696083139,0.9,2.25
HistoKit (no postprocessing),gaussian,TCGA-PG-A6IB-01Z-00-DX2.C943409D-2569-4C84-874A-773AC7CEE834_R1.png,53425280,23913703,71819,6070732,0.9456378274247179,0.8968814056701175,0.9986575159897922,0.8979640517754367,0.9264202428287913,0.9456378274247179,0.9970057353765326,0.7975372222287997,0.001342484010207731,0.5,1.75
HistoKit (no postprocessing),gaussian,33-12_he_2_R1.png,4012725,14205802,715921,548368,0.8639047878524897,0.7604158336513793,0.848599155022389,0.8797726772946748,0.935107481382568,0.8639047878524897,0.9520215594405552,0.9628330160219111,0.15140084497761092,0.9,2.25
HistoKit (no postprocessing),gaussian,2-12_he_1_R1.png,4861166,4987020,113158,313472,0.9579631887477754,0.9193179918438609,0.9772515823255582,0.939421462911995,0.9584780885613913,0.9579631887477755,0.9778129312349491,0.9408598296158168,0.022748417674441794,0.9,2.25
HistoKit (no postprocessing),gaussian,TCGA-2Y-A9GY-01Z-00-DX1.9AF8DAB8-B99C-4484-A065-20E7345E1FF4_R1.png,19678344,16483157,50402,9349691,0.8072043968612284,0.6767332095600599,0.9974452507016919,0.6779082359518996,0.7936838425802223,0.8072043968612285,0.9969515335445925,0.6380696777993662,0.002554749298308164,0.9,2.25
HistoKit (no postprocessing),gaussian,10-99_he_R1.png,6932604,12342313,1002419,318785,0.9130009116044,0.839927945985659,0.8736715696980336,0.9560380776703609,0.9358518043276207,0.9130009116044001,0.9248827927005203,0.9748216939794637,0.12632843030196636,0.9,2.25
HistoKit (no postprocessing),gaussian,223-98_he_R1.png,5906253,34762793,676160,270195,0.9258276267764027,0.8618985647508218,0.8972777915940553,0.9562539828717088,0.9772595006353537,0.9258276267764026,0.9809204295623519,0.9922874120814359,0.10272220840594475,0.9,2.25
HistoKit (no postprocessing),gaussian,TCGA-08-0520-01Z-00-DX1.2d50b1bc-c1d8-41a4-b42f-19d9916a5ef6_R1.png,20287274,19729910,481517,2405657,0.9335697283232358,0.8754156301802745,0.9768153572348048,0.8939909084463351,0.9327067427509346,0.9335697283232358,0.9761760018231271,0.8913216453863594,0.02318464276519514,0.9,2.25
HistoKit (no postprocessing),gaussian,TCGA-EC-A1QX-01Z-00-DX1.D94B9C3B-F06F-4300-B492-E2534AF4D703_R1.png,7751785,48950081,340169,9306065,0.6164489393237419,0.4455556118199434,0.9579620694828468,0.4544409172316558,0.8546117522581657,0.6164489393237418,0.993098655413596,0.8402560821651333,0.04203793051715321,0.9,2.25
HistoKit (no postprocessing),gaussian,33-00_he_R2.png,23987044,43987558,818950,4297520,0.9036274962489563,0.8241975178667428,0.9669858018993313,0.8480612959068417,0.9299987007989157,0.9036274962489564,0.9817225212016076,0.9109969336696525,0.03301419810066873,0.9,2.25
HistoKit (no postprocessing),gaussian,2-12_he_1_R4.png,5131309,4990046,115105,447956,0.9479883894580654,0.9011197024429393,0.9780602522027426,0.9197105711953097,0.9473007228471823,0.9479883894580654,0.9774531644607574,0.917624892377752,0.021939747797257325,0.5,0.75
HistoKit (no postprocessing),gaussian,33-00_he_R1.png,12750773,23728509,1507670,1334648,0.8997201651828417,0.8177193989312318,0.8942612457755731,0.9052461406726856,0.9277161153157553,0.8997201651828417,0.9402575960489106,0.9467486079267667,0.10573875422442688,0.9,2.25
HistoKit (no postprocessing),gaussian,TCGA-CV-7099-01A-02-BS2.1e152adb-e0cb-4962-8004-a9d9310c5e30_R1.png,13949799,36621859,131635,2662409,0.9089699423743849,0.8331300645855315,0.9906518753700795,0.8397317803870503,0.9476434508441396,0.9089699423743849,0.9964184357547068,0.9322270940621828,0.009348124629920504,0.9,2.25
HistoKit (no postprocessing),gaussian,390-02_he_2_R1.png,3647484,27051009,1310005,2711166,0.6446516784567599,0.4756354275945391,0.7357523133182948,0.5736255337217806,0.884181742081375,0.6446516784567599,0.9538096557478516,0.9089056495367022,0.2642476866817052,0.5,0.75
HistoKit (no postprocessing),gaussian,13-23_he_R1.png,6990381,41882660,6128669,4394682,0.5705475648108544,0.3991371456409177,0.5328420121883826,0.6139958118808829,0.8228284472228549,0.5705475648108544,0.8723495240050531,0.9050359893184876,0.46715798781161744,0.9,2.25
HistoKit (no postprocessing),gaussian,TCGA-KM-8441-01Z-00-DX1.D2CA0ADE-7EDF-49A6-989C-2761F1CFE340_R1.png,4337046,3763935,159512,710055,0.9088853656653072,0.8329879712588587,0.9645257550330719,0.8593142875484362,0.9030642275143057,0.9088853656653071,0.9593439136555177,0.8412926716420913,0.03547424496692804,0.5,0.75
HistoKit (no postprocessing),gaussian,1083_he_R1.png,0,17072877,4817139,0,0.0,0.0,0.0,,0.7799389913648305,,0.7799389913648305,1.0,1.0,0.5,0.75
HistoKit (no postprocessing),gaussian,2-12_he_1_R3.png,3931264,3897587,63934,428495,0.9410614560912761,0.8886837309912781,0.9839972887451386,0.9017158975989269,0.9408229262805722,0.9410614560912761,0.9838612492524967,0.9009507910390973,0.01600271125486146,0.5,0.75
HistoKit (no postprocessing),gaussian,2-12_he_1_R2.png,5027700,5183987,100876,345741,0.9574732168115896,0.9184159412032588,0.9803306024908278,0.9356574306854769,0.9580968041444492,0.9574732168115896,0.9809122771962111,0.9374759481840698,0.019669397509172137,0.5,0.75
HistoKit (no postprocessing),gaussian,TCGA-CJ-5683-01Z-00-DX1.4758DFEF-5B66-43AC-B88B-FFF4079DB129_R1.png,20457235,67590028,2925454,5303949,0.832544679577859,0.7131276589469983,0.8748880421751322,0.794110821924955,0.9145233903301139,0.8325446795778589,0.9585133091765579,0.9272374863015088,0.12511195782486778,0.9,2.25
HistoKit (no postprocessing),gaussian,TCGA-UT-A97Y-01Z-00-DX1.19376AE8-F20F-49A8-BD6C-3998FD71628E_R1.png,35800235,35069313,2091034,7659496,0.8801424690538531,0.7859414655275274,0.9448148859833647,0.8237564793026445,0.8790558103900619,0.8801424690538531,0.9437294274996948,0.8207416452913536,0.05518511401663534,0.9,2.25
HistoKit (no postprocessing),gaussian,TCGA-PG-A7D5-01Z-00-DX1.3B12F210-014B-408D-83A9-9D23BD5E306A_R1.png,29764833,50748332,434314,5884611,0.9040385693294485,0.8248817376504963,0.9856183355112647,0.8349311983659549,0.927228228642199,0.9040385693294485,0.9915144285428307,0.8960920854845915,0.014381664488735393,0.9,2.25
HistoKit (no postprocessing),gaussian,390-02_he_2_R2.png,2636865,28935365,2819812,1630998,0.5423115129353162,0.37203525838868173,0.48323640926519934,0.6178419972712339,0.876445463792062,0.5423115129353162,0.9112015026715171,0.9466407567037007,0.5167635907348007,0.5,0.75
HistoKit (no postprocessing),gaussian,11-22_he_R1.png,11428602,19227987,171163,1616317,0.9274699566040286,0.8647496285207673,0.9852442700347809,0.8760960493507088,0.9449058008106197,0.9274699566040285,0.9911767783640005,0.9224576171984442,0.014755729965219124,0.5,0.75
HistoKit (no postprocessing),gaussian,47-07b_he_2_R1.png,10125792,37152809,178158,712201,0.957886604840435,0.9191769430175748,0.9827097375278413,0.9342866340659197,0.9815159181348321,0.957886604840435,0.9952276082213461,0.9811910521085297,0.017290262472158736,0.5,0.75
HistoKit (no postprocessing),gaussian,2-12_he_1_R1.png,4822370,4997758,102420,352268,0.9549788364251917,0.9138368386324349,0.9792031741454965,0.9319241268664591,0.9557473340641818,0.9549788364251915,0.9799183479478559,0.934155834009031,0.02079682585450344,0.5,0.75
HistoKit (no postprocessing),gaussian,33-12_he_2_R1.png,3970381,14278667,643056,590712,0.8655224845305427,0.7629260807098336,0.8606123807478026,0.8704889376296427,0.9366740413706109,0.8655224845305428,0.9569047086586449,0.9602732568723953,0.13938761925219745,0.5,0.75
HistoKit (no postprocessing),gaussian,TCGA-PG-A6IB-01Z-00-DX2.C943409D-2569-4C84-874A-773AC7CEE834_R1.png,53428254,23916757,68765,6067758,0.9456911373587279,0.8969773193308522,0.9987146012752598,0.8980140383190726,0.9264924504142437,0.9456911373587279,0.9971330621864306,0.7976369469374442,0.001285398724740158,0.9,2.25
HistoKit (no postprocessing),gaussian,223-98_he_R1.png,5900009,34766802,672151,276439,0.9255926607830439,0.8614913794777589,0.8977275355438699,0.9552430458412343,0.9772057945566834,0.925592660783044,0.9810335536718593,0.9921114887746827,0.1022724644561301,0.5,0.75
HistoKit (no postprocessing),gaussian,TCGA-2Y-A9GY-01Z-00-DX1.9AF8DAB8-B99C-4484-A065-20E7345E1FF4_R1.png,19678273,16470121,63438,9349762,0.8069868971636637,0.6764275222502484,0.9967866007156118,0.6779057900405591,0.7933961660779472,0.8069868971636638,0.996163076564459,0.6378851910366906,0.003213399284388268,0.5,0.75
HistoKit (no postprocessing),gaussian,10-99_he_R1.png,6898836,12378419,966313,352553,0.91275343600499,0.8395091474477901,0.8771398990661207,0.9513813146695068,0.9359653208485229,0.91275343600499,0.9275884296514909,0.9723074561785228,0.12286010093387932,0.5,0.75
HistoKit (no postprocessing),gaussian,TCGA-EC-A1QX-01Z-00-DX1.D94B9C3B-F06F-4300-B492-E2534AF4D703_R1.png,7744708,48957810,332440,9313142,0.6162489449969322,0.4453466848453936,0.958841908059627,0.45402603493406263,0.854621579216285,0.6162489449969322,0.993255461272767,0.8401752214379473,0.04115809194037301,0.5,0.75
HistoKit (no postprocessing),gaussian,TCGA-08-0520-01Z-00-DX1.2d50b1bc-c1d8-41a4-b42f-19d9916a5ef6_R1.png,20258400,19740070,471357,2434531,0.933079039234052,0.8745531051936498,0.9772618173961228,0.89271852983645,0.9322705632840375,0.933079039234052,0.9766786877542095,0.8902108317529591,0.02273818260387712,0.5,0.75
HistoKit (no postprocessing),gaussian,33-00_he_R2.png,24020413,43800279,1006229,4264151,0.9011393589557888,0.8200670087696158,0.95979368706357,0.8492410560049644,0.9278929716614362,0.9011393589557888,0.9775427935602569,0.9112826054527225,0.04020631293642991,0.5,0.75
HistoKit (no postprocessing),gaussian,TCGA-AX-A1CF-01Z-00-DX2.97DE8134-0D44-4FCE-BA8A-46AD7D215133_R1.png,111059734,196367679,9739607,12759530,0.9080236067898433,0.8315414256534109,0.9193736743977767,0.8969503646863868,0.9318056185535841,0.9080236067898433,0.9527449650663975,0.9389867532732195,0.08062632560222328,0.25,1.75
HistoKit (no postprocessing),gaussian,33-00_he_R1.png,12700131,23727730,1508449,1385290,0.8977260586086783,0.8144309911522926,0.893835344559414,0.9016507919784578,0.9264084116617839,0.8977260586086782,0.9402267276674492,0.9448377773760384,0.1061646554405859,0.5,0.75
HistoKit (no postprocessing),gaussian,2-12_he_1_R4.png,5132324,4991122,114029,446941,0.9481812493291376,0.9014682888324405,0.978265091960072,0.9198924947999423,0.9474964284430707,0.9481812493291376,0.9776639319777221,0.9178124637393866,0.021734908039927926,0.5,2.25
HistoKit (no postprocessing),gaussian,TCGA-CV-7099-01A-02-BS2.1e152adb-e0cb-4962-8004-a9d9310c5e30_R1.png,13930053,36623871,129623,2682155,0.9083271832926859,0.8320507476153594,0.9907805130075543,0.8385431364692761,0.9473111400277279,0.9083271832926858,0.9964731788493361,0.9317622442930252,0.00921948699244563,0.5,0.75
HistoKit (no postprocessing),gaussian,TCGA-KM-8441-01Z-00-DX1.D2CA0ADE-7EDF-49A6-989C-2761F1CFE340_R1.png,4340396,3768442,155005,706705,0.9096976872522531,0.8343536252433149,0.965519205072028,0.8599780349154891,0.9039400937378631,0.9096976872522532,0.9604926484287923,0.8420822824367558,0.034480794927971944,0.5,2.25
HistoKit (no postprocessing),gaussian,1083_he_R1.png,0,17080697,4809319,0,0.0,0.0,0.0,,0.7802962318529141,,0.7802962318529141,1.0,1.0,0.5,2.25
HistoKit (no postprocessing),gaussian,13-23_he_R1.png,6959343,41834830,6176499,4425720,0.5676252976796737,0.39628268829390007,0.529798013709361,0.6112696082577672,0.8215006224620512,0.5676252976796737,0.8713533008011505,0.904330579727219,0.470201986290639,0.5,0.75
HistoKit (no postprocessing),gaussian,390-02_he_2_R1.png,3686272,27038450,1322564,2672378,0.6485641592169104,0.47990747295935254,0.7359538224050458,0.5797255706793109,0.8849371929405768,0.6485641592169105,0.9533668295498885,0.9100537352913894,0.2640461775949542,0.5,2.25
HistoKit (no postprocessing),gaussian,2-12_he_1_R3.png,3931897,3897622,63899,427862,0.9411456210868099,0.8888338565051819,0.98400844287346,0.9018610891106595,0.9409032023919397,0.9411456210868099,0.9838700842428956,0.9010834394486259,0.015991557126539994,0.5,2.25
HistoKit (no postprocessing),gaussian,TCGA-CJ-5683-01Z-00-DX1.4758DFEF-5B66-43AC-B88B-FFF4079DB129_R1.png,20258187,67520907,2994575,5502997,0.8266295066306231,0.7044914724733922,0.871216374209653,0.7863841584299852,0.9117379905947304,0.8266295066306231,0.9575330847203172,0.9246411558604153,0.12878362579034697,0.5,0.75
HistoKit (no postprocessing),gaussian,2-12_he_1_R2.png,5024946,5184096,100767,348495,0.9572096951811546,0.9179311418199674,0.9803408813564084,0.9351449099375987,0.9578486408344142,0.9572096951811546,0.9809329021395635,0.9370105254482032,0.019659118643591635,0.5,2.25
HistoKit (no postprocessing),gaussian,TCGA-PG-A7D5-01Z-00-DX1.3B12F210-014B-408D-83A9-9D23BD5E306A_R1.png,29707897,50748368,434278,5941547,0.9030906200985873,0.8233046746120037,0.9855923469358133,0.8333340907083993,0.9265729409484443,0.9030906200985873,0.9915151319062324,0.8951921695419723,0.014407653064186642,0.5,0.75
HistoKit (no postprocessing),gaussian,TCGA-UT-A97Y-01Z-00-DX1.19376AE8-F20F-49A8-BD6C-3998FD71628E_R1.png,35755205,35072688,2087659,7704526,0.8795587643912227,0.785011062104766,0.9448334830048803,0.8227203477168324,0.8785391276847934,0.8795587643912227,0.9438202501176859,0.8198918237171781,0.05516651699511961,0.5,0.75
HistoKit (no postprocessing),gaussian,47-07b_he_2_R1.png,10128339,37158194,172773,709654,0.9582561797200023,0.9198578009922289,0.9832277330835739,0.934521640676461,0.9816805884951637,0.9582561797200022,0.99537185843592,0.9812597219678287,0.01677226691642611,0.5,2.25
HistoKit (no postprocessing),gaussian,390-02_he_2_R2.png,2636282,28954618,2800559,1631581,0.5432998265583371,0.37296613020558195,0.4848922379742207,0.6177053949482446,0.8769637432043492,0.5432998265583371,0.9118077975128276,0.9466563007714689,0.5151077620257793,0.5,2.25
HistoKit (no postprocessing),gaussian,11-22_he_R1.png,11418994,19230250,168900,1625925,0.9271368235532012,0.8641706080581246,0.9854244438204216,0.8753595173722428,0.9446794112045563,0.9271368235532012,0.9912934329596915,0.9220410741662841,0.014575556179578446,0.5,2.25
HistoKit (no postprocessing),gaussian,2-12_he_1_R1.png,4821737,4998030,102148,352901,0.9549390539586828,0.9137639843647251,0.979254592664126,0.9318017994688711,0.9557121996150588,0.9549390539586828,0.9799716794198163,0.9340486730253109,0.02074540733587401,0.5,2.25
HistoKit (no postprocessing),gaussian,TCGA-PG-A6IB-01Z-00-DX2.C943409D-2569-4C84-874A-773AC7CEE834_R1.png,53424653,23914531,70991,6071359,0.9456389062923372,0.8968833466407568,0.9986729573720058,0.897953513253964,0.9264226505468862,0.9456389062923373,0.99704025620122,0.7975261364595148,0.0013270426279941598,0.5,0.75
HistoKit (no postprocessing),gaussian,TCGA-2Y-A9GY-01Z-00-DX1.9AF8DAB8-B99C-4484-A065-20E7345E1FF4_R1.png,19678291,16467940,65619,9349744,0.8069512503550965,0.676377432686867,0.9966764941695946,0.677906410130758,0.7933486918829047,0.8069512503550965,0.9960311630423916,0.6378550454022135,0.0033235058304054263,0.5,2.25
HistoKit (no postprocessing),gaussian,33-12_he_2_R1.png,3973484,14283488,638235,587609,0.8663611551179725,0.7642303005311456,0.8616058350476254,0.8711692570179999,0.937080758756845,0.8663611551179725,0.9572277946722373,0.9604865061400648,0.13839416495237458,0.5,2.25
HistoKit (no postprocessing),gaussian,223-98_he_R1.png,5901676,34767319,671634,274772,0.9257706695295707,0.861799844102334,0.8978240794972396,0.9555129420663786,0.9772582751275183,0.9257706695295707,0.9810481421389622,0.9921588012541831,0.1021759205027604,0.5,2.25
HistoKit (no postprocessing),gaussian,10-99_he_R1.png,6900655,12380704,964028,350734,0.9130222454616517,0.8399640578195848,0.8774231586956525,0.9516321631621197,0.9361645816705,0.9130222454616517,0.9277596582681465,0.9724513444592826,0.12257684130434755,0.5,2.25
HistoKit (no postprocessing),gaussian,TCGA-08-0520-01Z-00-DX1.2d50b1bc-c1d8-41a4-b42f-19d9916a5ef6_R1.png,20254510,19736940,474487,2438421,0.9329161984700449,0.8742670417566601,0.9771099875213451,0.8925471108161391,0.932106943541726,0.9329161984700449,0.9765238248640237,0.8900391745595483,0.0228900124786549,0.5,2.25
HistoKit (no postprocessing),gaussian,TCGA-EC-A1QX-01Z-00-DX1.D94B9C3B-F06F-4300-B492-E2534AF4D703_R1.png,7744585,48956552,333698,9313265,0.61621133210904,0.44530739874334363,0.9586919646167384,0.4540188241777246,0.8546007647543788,0.61621133210904,0.9932299389838761,0.8401699974448178,0.04130803538326152,0.5,2.25
HistoKit (no postprocessing),gaussian,TCGA-AX-A1CF-01Z-00-DX2.97DE8134-0D44-4FCE-BA8A-46AD7D215133_R1.png,111569970,196746946,9360340,12249294,0.9117071639928575,0.8377406648543572,0.9225972380290764,0.901071177421956,0.9345016822683716,0.9117071639928576,0.9545851086506472,0.9413898833778063,0.07740276197092358,0.5,1.75
HistoKit (no postprocessing),gaussian,33-00_he_R2.png,23999304,43804937,1001571,4285260,0.9007828198619139,0.8194766567865647,0.9599385621503247,0.8484947478773228,0.9276678962924501,0.9007828198619139,0.9776467516727704,0.9108911947272746,0.04006143784967526,0.5,2.25
HistoKit (no postprocessing),constant,2-12_he_1_R4.png,5131184,4992658,112493,448081,0.948205025953202,0.9015112729669814,0.9785469242289333,0.9196881668105028,0.9475334917696953,0.948205025953202,0.9779648045669952,0.9176433569042735,0.021453075771066754,0.75,
HistoKit (no postprocessing),gaussian,33-00_he_R1.png,12697342,23735591,1500588,1388079,0.8978668758168012,0.8146628171458132,0.8943093817197295,0.9014527858272748,0.9265373992919922,0.8978668758168011,0.9405382249032233,0.9447501499581868,0.10569061828027043,0.5,2.25
HistoKit (no postprocessing),gaussian,TCGA-CV-7099-01A-02-BS2.1e152adb-e0cb-4962-8004-a9d9310c5e30_R1.png,13924707,36625474,128020,2687501,0.9081843480183474,0.8318110721072616,0.9908900244059391,0.83822132494368,0.9472410013457707,0.9081843480183472,0.9965167937502758,0.931638320427289,0.009109975594060854,0.5,2.25
HistoKit (no postprocessing),constant,390-02_he_2_R1.png,3811152,27070453,1290561,2547498,0.665101445739546,0.49824119115030296,0.7470337904151018,0.5993649595432993,0.8894557562538624,0.665101445739546,0.9544952447750986,0.9139880405636434,0.25296620958489824,0.75,
HistoKit (no postprocessing),constant,TCGA-KM-8441-01Z-00-DX1.D2CA0ADE-7EDF-49A6-989C-2761F1CFE340_R1.png,4353975,3791827,131620,693126,0.9134823978442195,0.8407433032210077,0.9706571814887434,0.8626684902877909,0.9080606892689276,0.9134823978442195,0.9664529685248712,0.8454552366546539,0.02934281851125659,0.75,
HistoKit (no postprocessing),constant,1083_he_R1.png,0,17214863,4675153,0,0.0,0.0,0.0,,0.7864253274186734,,0.7864253274186734,1.0,1.0,0.75,
HistoKit (no postprocessing),gaussian,13-23_he_R1.png,6957567,41857822,6153507,4427496,0.5680542201409144,0.3967009282968908,0.5306633918777364,0.6111136143910666,0.8218578158754155,0.5680542201409144,0.8718321877738481,0.9043434032364215,0.4693366081222637,0.5,2.25
HistoKit (no postprocessing),constant,2-12_he_1_R3.png,3947980,3892811,68710,411779,0.9426381035687079,0.891499974370375,0.9828938753052887,0.9055500544869567,0.9422578016843562,0.9426381035687078,0.982655651705494,0.904339553825103,0.017106124694711317,0.75,
HistoKit (no postprocessing),gaussian,TCGA-CJ-5683-01Z-00-DX1.4758DFEF-5B66-43AC-B88B-FFF4079DB129_R1.png,20257106,67510971,3004511,5504078,0.8264360904224954,0.7042105535777946,0.8708382568589277,0.7863421960729755,0.9116235599600011,0.8264360904224953,0.957392179493292,0.9246172114463691,0.12916174314107226,0.5,2.25
HistoKit (no postprocessing),constant,2-12_he_1_R2.png,5036688,5173429,111434,336753,0.9574030018163651,0.9182867430889492,0.9783544368218158,0.937330101884435,0.9579495011589085,0.9574030018163651,0.9789144959859887,0.9388853217552524,0.0216455631781842,0.75,
HistoKit (no postprocessing),gaussian,TCGA-UT-A97Y-01Z-00-DX1.19376AE8-F20F-49A8-BD6C-3998FD71628E_R1.png,35758071,35053763,2106584,7701660,0.8793935683695171,0.7847479217926664,0.944365424694877,0.8227862938222053,0.878339934129064,0.8793935683695171,0.9433109706968021,0.8198670610743344,0.055634575305122946,0.5,2.25
HistoKit (no postprocessing),gaussian,TCGA-PG-A7D5-01Z-00-DX1.3B12F210-014B-408D-83A9-9D23BD5E306A_R1.png,29711208,50754893,427753,5938236,0.9032353953557621,0.8235453547014753,0.9858073076905338,0.8334269673322254,0.9266862170425704,0.9032353953557621,0.9916426165227956,0.8952565133598465,0.014192692309466142,0.5,2.25
HistoKit (no postprocessing),constant,11-22_he_R1.png,11524820,19241801,157349,1520099,0.9321615226184337,0.872942436860091,0.9865308402917301,0.8834719479668675,0.9482972373163181,0.9321615226184339,0.991888871419624,0.9267842056844509,0.013469159708269928,0.75,
HistoKit (no postprocessing),constant,390-02_he_2_R2.png,2615499,29027587,2727590,1652364,0.5442746982817103,0.3738855796758266,0.4895106557274266,0.6128357447275136,0.8784124271577302,0.5442746982817103,0.9141056590552148,0.9461418957285819,0.5104893442725734,0.75,
HistoKit (no postprocessing),constant,47-07b_he_2_R1.png,10121709,37157758,173209,716284,0.9579095847230891,0.9192192641638942,0.9831752909542358,0.9339099037986092,0.9815338965175914,0.957909584723089,0.9953601791242107,0.9810877328593552,0.016824709045764132,0.75,
HistoKit (no postprocessing),gaussian,TCGA-PG-A6IB-01Z-00-DX2.C943409D-2569-4C84-874A-773AC7CEE834_R1.png,53425338,23913568,71954,6070674,0.9456372388225766,0.8968803467286427,0.9986549973408,0.8979650266306924,0.9264193204691231,0.9456372388225766,0.9970001069812031,0.7975378533831203,0.0013450026592000208,0.5,2.25
HistoKit (no postprocessing),constant,2-12_he_1_R1.png,4843207,4991755,108423,331431,0.9565630694348599,0.9167425854064528,0.9781035739746305,0.9359508819747391,0.9571910582145705,0.9565630694348599,0.9787413302045537,0.9377382266935629,0.021896426025369425,0.75,
HistoKit (no postprocessing),constant,33-12_he_2_R1.png,4001655,14247069,674654,559438,0.8664026963425431,0.7642949516086244,0.8557293797308946,0.8773456274625402,0.936657411331093,0.8664026963425431,0.9547871247844502,0.9622167470018418,0.1442706202691054,0.75,
HistoKit (no postprocessing),constant,TCGA-2Y-A9GY-01Z-00-DX1.9AF8DAB8-B99C-4484-A065-20E7345E1FF4_R1.png,19678046,16482006,51553,9349989,0.8071780513385863,0.6766961760256026,0.9973870224123663,0.6778979700141604,0.793652039478689,0.8071780513385862,0.9968819175593108,0.6380461903929604,0.0026129775876336868,0.75,
HistoKit (no postprocessing),constant,10-99_he_R1.png,6913819,12335996,1008736,337570,0.9112751437595921,0.8370114253718921,0.8726754184729547,0.9534475394989843,0.9346330311421263,0.9112751437595922,0.9244094223848033,0.9733642449173342,0.12732458152704526,0.75,
HistoKit (no postprocessing),constant,TCGA-EC-A1QX-01Z-00-DX1.D94B9C3B-F06F-4300-B492-E2534AF4D703_R1.png,7750416,48949096,341154,9307434,0.616349482413511,0.4454517051665716,0.9578383428679478,0.4543606609273736,0.8545762727191887,0.6163494824135108,0.9930786717454263,0.8402336356113211,0.04216165713205225,0.75,
HistoKit (no postprocessing),constant,223-98_he_R1.png,5904697,34762718,676235,271751,0.9256911685628241,0.8616620672516152,0.8972432780037842,0.9560020581408603,0.9772203084141854,0.9256911685628241,0.9809183132470082,0.9922433247097309,0.10275672199621573,0.75,
HistoKit (no postprocessing),constant,TCGA-08-0520-01Z-00-DX1.2d50b1bc-c1d8-41a4-b42f-19d9916a5ef6_R1.png,20270715,19732512,478915,2422216,0.933219153447238,0.8747993146510641,0.9769193474775213,0.8932612098454801,0.9323814378017263,0.9332191534472379,0.9763047408775244,0.8906682131236277,0.023080652522478713,0.75,
HistoKit (no postprocessing),gaussian,TCGA-AX-A1CF-01Z-00-DX2.97DE8134-0D44-4FCE-BA8A-46AD7D215133_R1.png,111862043,196871051,9236235,11957221,0.9134669741214372,0.8407171732150657,0.9237294274324859,0.9034300430020323,0.935763108485813,0.9134669741214372,0.955187246510053,0.9427413688506698,0.07627057256751413,0.9,2.25
HistoKit (no postprocessing),constant,33-00_he_R2.png,23965621,43916890,889618,4318943,0.90198381051582,0.8214667681170975,0.9642080287379252,0.8473038863176395,0.9287387521146222,0.9019838105158199,0.9801453396011133,0.9104619381197376,0.03579197126207477,0.75,
HistoKit (no postprocessing),gaussian,2-12_he_1_R4.png,5130757,4994585,110566,448508,0.9483323826764313,0.9017415455749037,0.9789049444195673,0.9196116334320023,0.9476738831584244,0.9483323826764312,0.9783422664677304,0.9176005260244497,0.02109505558043265,0.9,1.75
HistoKit (no postprocessing),constant,33-00_he_R1.png,12720726,23746032,1490147,1364695,0.8991089787235035,0.816710247741848,0.8951403618905045,0.9031129420980744,0.9273976135253906,0.8991089787235035,0.9409519563163663,0.9456529076199188,0.10485963810949546,0.75,
HistoKit (no postprocessing),gaussian,1083_he_R1.png,0,17396298,4493718,0,0.0,0.0,0.0,,0.7947138092544108,,0.7947138092544108,1.0,1.0,0.9,1.75
HistoKit (no postprocessing),constant,TCGA-CV-7099-01A-02-BS2.1e152adb-e0cb-4962-8004-a9d9310c5e30_R1.png,13936713,36621353,132141,2675495,0.9084896083453695,0.8323233707085298,0.9906075505510257,0.8389440464506585,0.947388755421975,0.9084896083453696,0.9964046683561568,0.9319157862228543,0.009392449448974308,0.75,
HistoKit (no postprocessing),gaussian,390-02_he_2_R1.png,3761494,27103052,1257962,2597156,0.6611810436640334,0.49385396026474765,0.7493828016422497,0.5915554402270923,0.8889644208538424,0.6611810436640335,0.9556446747637444,0.912554282448123,0.2506171983577503,0.9,1.75
HistoKit (no postprocessing),gaussian,TCGA-KM-8441-01Z-00-DX1.D2CA0ADE-7EDF-49A6-989C-2761F1CFE340_R1.png,4359794,3794357,129090,687307,0.9143877638230345,0.8422784244244464,0.9712422954124009,0.8638214293710389,0.9089914016401228,0.9143877638230345,0.9670978096556421,0.8466402211321509,0.028757704587599055,0.9,1.75
HistoKit (no postprocessing),gaussian,2-12_he_1_R3.png,3957150,3892077,69444,402609,0.9437117660084187,0.8934225864111444,0.9827536622763556,0.9076533817580283,0.9432715880249193,0.9437117660084188,0.9824703693354143,0.9062541475674822,0.01724633772364435,0.9,1.75
HistoKit (no postprocessing),constant,13-23_he_R1.png,6980866,41864368,6146961,4404197,0.5695669502861556,0.3981779856107886,0.531760968513677,0.6131600677132836,0.8223602874733535,0.5695669502861556,0.8719685305941021,0.904812327765082,0.4682390314863229,0.75,
HistoKit (no postprocessing),gaussian,2-12_he_1_R2.png,5042300,5168652,116211,331141,0.9575243031871015,0.9185099529077617,0.977471987556099,0.9383744978310918,0.9580278438295624,0.9575243031871015,0.9780105936520965,0.9397902793796057,0.02252801244390096,0.9,1.75
HistoKit (no postprocessing),constant,TCGA-CJ-5683-01Z-00-DX1.4758DFEF-5B66-43AC-B88B-FFF4079DB129_R1.png,20334234,67674267,2841215,5426950,0.8310434434669831,0.7109275693972383,0.8774041012107252,0.7893361578411924,0.914120779795179,0.8310434434669831,0.9597079262678797,0.9257611538806529,0.12259589878927481,0.75,
HistoKit (no postprocessing),constant,TCGA-UT-A97Y-01Z-00-DX1.19376AE8-F20F-49A8-BD6C-3998FD71628E_R1.png,35766906,35091102,2069245,7692825,0.8799192559347594,0.7855855576457507,0.9453103726116328,0.8229895854624595,0.8789126698686647,0.8799192559347594,0.9443157783214458,0.8201935740961787,0.05468962738836728,0.75,
HistoKit (no postprocessing),constant,TCGA-PG-A7D5-01Z-00-DX1.3B12F210-014B-408D-83A9-9D23BD5E306A_R1.png,29747508,50744296,438350,5901936,0.9036947381208945,0.8243094050026998,0.9854782991425985,0.8344452160319807,0.9269822251197685,0.9036947381208946,0.9914355736903481,0.8958106163177808,0.014521700857401502,0.75,
HistoKit (no postprocessing),gaussian,47-07b_he_2_R1.png,10126021,37156521,174446,711972,0.9580661032071399,0.9195075677604208,0.9830642630086578,0.9343077634392272,0.9815977343085672,0.9580661032071399,0.9953270430953476,0.9811988293275891,0.016935736991342237,0.9,1.75
HistoKit (no postprocessing),gaussian,390-02_he_2_R2.png,2573198,29073456,2681721,1694665,0.5404298869805063,0.37026647925976575,0.48967415101926404,0.6029242269491781,0.8785114748783001,0.5404298869805063,0.9155501164424308,0.9449214009526289,0.510325848980736,0.9,1.75
HistoKit (no postprocessing),constant,TCGA-PG-A6IB-01Z-00-DX2.C943409D-2569-4C84-874A-773AC7CEE834_R1.png,53431425,23916330,69192,6064587,0.9457171505532258,0.8970241250244019,0.9987067065039642,0.8980673360090085,0.9265253199587827,0.9457171505532258,0.9971152597804626,0.7977184286924913,0.001293293496035756,0.75,
HistoKit (no postprocessing),gaussian,11-22_he_R1.png,11638109,19243532,155618,1406810,0.9370968932847628,0.8816390575625825,0.9868050193123853,0.8921564787025508,0.9518424153271281,0.9370968932847628,0.9919781021333409,0.9318747360213211,0.013194980687614696,0.9,1.75
HistoKit (no postprocessing),gaussian,2-12_he_1_R1.png,4860856,4987024,113154,313782,0.9579317363258633,0.9192600616665708,0.9772509504403891,0.9393615553397165,0.958448307006179,0.9579317363258634,0.9778137155213014,0.9408048511867818,0.022749049559610858,0.9,1.75
HistoKit (no postprocessing),gaussian,33-12_he_2_R1.png,4011219,14205616,716107,549874,0.8637032847032418,0.7601036534525885,0.8485175340139436,0.8794424932795714,0.9350206356206413,0.8637032847032416,0.9520090943921155,0.9627342772080086,0.15148246598605639,0.9,1.75
HistoKit (no postprocessing),gaussian,TCGA-2Y-A9GY-01Z-00-DX1.9AF8DAB8-B99C-4484-A065-20E7345E1FF4_R1.png,19678342,16483141,50418,9349693,0.8072040830411433,0.6767327684179072,0.9974444415158378,0.6779081670529886,0.793683447510638,0.8072040830411433,0.9969505658158658,0.6380694042318392,0.002555558484162208,0.9,1.75
HistoKit (no postprocessing),gaussian,223-98_he_R1.png,5906196,34762772,676181,270252,0.9258213040777657,0.8618876054722939,0.8972740394541364,0.9562447542665299,0.9772576263292525,0.9258213040777659,0.9809198369940557,0.9922857929706553,0.1027259605458636,0.9,1.75
HistoKit (no postprocessing),gaussian,TCGA-AX-A1CF-01Z-00-DX2.97DE8134-0D44-4FCE-BA8A-46AD7D215133_R1.png,111560777,196754553,9352733,12258487,0.9116946224783118,0.8377194869278711,0.9226493962502619,0.9009969321090456,0.9344968751378148,0.9116946224783119,0.9546220166132312,0.9413506114259665,0.07735060374973814,0.5,0.75
HistoKit (no postprocessing),gaussian,10-99_he_R1.png,6932157,12342517,1002215,319232,0.9129811801990035,0.8398945478847786,0.8736869156122249,0.955976434307965,0.9358400059894774,0.9129811801990035,0.9248980796317229,0.9747876853347828,0.1263130843877751,0.9,1.75
HistoKit (no postprocessing),gaussian,TCGA-EC-A1QX-01Z-00-DX1.D94B9C3B-F06F-4300-B492-E2534AF4D703_R1.png,7751408,48950442,339808,9306442,0.616437047801298,0.44554318747960214,0.9580028514873413,0.4544188159703597,0.8546115111058191,0.616437047801298,0.9931059793772602,0.8402516344677824,0.041997148512658664,0.9,1.75
HistoKit (no postprocessing),gaussian,TCGA-08-0520-01Z-00-DX1.2d50b1bc-c1d8-41a4-b42f-19d9916a5ef6_R1.png,20287435,19730351,481076,2405496,0.9335831517049066,0.8754392367275974,0.9768362787298521,0.893998003166713,0.9327207739596057,0.9335831517049067,0.9761978211632459,0.8913302933472571,0.02316372127014787,0.9,1.75
HistoKit (no postprocessing),gaussian,33-00_he_R2.png,23988711,43985014,821494,4295853,0.9036186220152874,0.8241827526077218,0.9668888668997294,0.8481202326470367,0.9299867020694401,0.9036186220152873,0.9816657437352627,0.9110236980624229,0.03311113310027063,0.9,1.75
HistoKit (no postprocessing),constant,2-12_he_1_R4.png,5128055,4995620,109531,451210,0.9481604211798794,0.9014306366408639,0.9790875032887288,0.919127340250015,0.9475178615284167,0.9481604211798794,0.9785450028804241,0.9171609908882782,0.020912496711271183,0.5,
HistoKit (no postprocessing),gaussian,33-00_he_R1.png,12750657,23727877,1508302,1334764,0.8996956010327267,0.8176788185861709,0.8942207492145815,0.9052379052070932,0.9276970926920572,0.8996956010327268,0.9402325526380202,0.9467428831622334,0.10577925078541849,0.9,1.75
HistoKit (no postprocessing),gaussian,TCGA-CV-7099-01A-02-BS2.1e152adb-e0cb-4962-8004-a9d9310c5e30_R1.png,13950052,36621858,131636,2662156,0.9089789057733173,0.8331451248590228,0.9906519729736947,0.8397470101506073,0.9476481729782174,0.9089789057733173,0.9964184085464092,0.93223309613931,0.00934802702630537,0.9,1.75
HistoKit (no postprocessing),constant,1083_he_R1.png,0,17319544,4570472,0,0.0,0.0,0.0,,0.7912074618858205,,0.7912074618858205,1.0,1.0,0.5,
HistoKit (no postprocessing),constant,390-02_he_2_R1.png,3708571,27076478,1284536,2650079,0.6533915410627623,0.4852127110343776,0.7427381387981471,0.5832324471389367,0.8866747385573778,0.6533915410627623,0.9547076842880159,0.9108514652403237,0.25726186120185285,0.5,
HistoKit (no postprocessing),gaussian,13-23_he_R1.png,6990268,41881519,6129810,4394795,0.5705144075685996,0.39910469233776347,0.5327916495618394,0.6139858865954453,0.8228073348293613,0.5705144075685996,0.8723257587808078,0.9050314378971497,0.4672083504381605,0.9,1.75
HistoKit (no postprocessing),constant,2-12_he_1_R3.png,3932929,3897948,63573,426830,0.9413131064240334,0.889132671931476,0.9840928391878698,0.9020977994425838,0.9410663984387018,0.9413131064240335,0.9839523758677539,0.9013059167430097,0.015907160812130207,0.5,
HistoKit (no postprocessing),constant,TCGA-KM-8441-01Z-00-DX1.D2CA0ADE-7EDF-49A6-989C-2761F1CFE340_R1.png,4385978,3759432,164015,661123,0.914022098772816,0.8416581016427191,0.96395269179535,0.8690093580453413,0.908016990712273,0.914022098772816,0.9581961983939123,0.8504434397943245,0.036047308204649985,0.5,
HistoKit (no postprocessing),gaussian,TCGA-CJ-5683-01Z-00-DX1.4758DFEF-5B66-43AC-B88B-FFF4079DB129_R1.png,20454553,67593788,2921694,5306631,0.8325446643720548,0.7131276366339528,0.8750144109959139,0.7940067118033084,0.9145345872280205,0.8325446643720548,0.9585666308003113,0.9272071262032116,0.12498558900408607,0.9,1.75
HistoKit (no postprocessing),constant,2-12_he_1_R2.png,5005396,5188542,96321,368045,0.9556697856013245,0.9151030702981227,0.9811198857169067,0.9315066453693267,0.9564315298193784,0.9556697856013245,0.9817741727647434,0.933764197339122,0.01888011428309332,0.5,
HistoKit (no postprocessing),gaussian,TCGA-PG-A7D5-01Z-00-DX1.3B12F210-014B-408D-83A9-9D23BD5E306A_R1.png,29764013,50748207,434439,5885431,0.9040232052365045,0.8248561553090059,0.9856138652405096,0.8349081966046932,0.927217345568902,0.9040232052365044,0.9915119863087969,0.8960788816003662,0.014386134759490321,0.9,1.75
HistoKit (no postprocessing),gaussian,TCGA-UT-A97Y-01Z-00-DX1.19376AE8-F20F-49A8-BD6C-3998FD71628E_R1.png,35800131,35068550,2091797,7659600,0.880132782541042,0.7859260176738747,0.9447957095242027,0.8237540862827706,0.87904505624517,0.8801327825410419,0.9437088948604274,0.8207364465814692,0.05520429047579738,0.9,1.75
HistoKit (no postprocessing),constant,47-07b_he_2_R1.png,10101755,37152982,177985,736238,0.9567082792456937,0.9170093658502223,0.9826858461400775,0.9320687880126883,0.9810204953563456,0.9567082792456937,0.9952322424436527,0.9805686683441887,0.017314153859922528,0.5,
HistoKit (no postprocessing),constant,11-22_he_R1.png,11416524,19234853,164297,1628395,0.9272025124930255,0.864284753917265,0.9858130092849203,0.8751701716200767,0.9447451551160244,0.9272025124930257,0.9915307113971489,0.921949113580014,0.014186990715079699,0.5,
HistoKit (no postprocessing),constant,390-02_he_2_R2.png,2581380,29109681,2645496,1686483,0.5437495438263232,0.37339012772228375,0.49386669972656705,0.6048413456570654,0.87974421370323,0.5437495438263232,0.9166908753177474,0.9452372379884716,0.506133300273433,0.5,
HistoKit (no postprocessing),constant,2-12_he_1_R1.png,4793223,5000933,99245,381415,0.9522544016125389,0.9088603217022448,0.9797147370202524,0.9262914623206493,0.9532196002342037,0.9522544016125388,0.9805408752400406,0.9291359458734366,0.020285262979747646,0.5,
HistoKit (no postprocessing),gaussian,TCGA-PG-A6IB-01Z-00-DX2.C943409D-2569-4C84-874A-773AC7CEE834_R1.png,53427814,23916782,68740,6068198,0.9456872410526548,0.8969703088833476,0.9987150574222033,0.8980066428654075,0.9264874792549931,0.9456872410526548,0.997134104481862,0.797625411122502,0.0012849425777966932,0.9,1.75
HistoKit (no postprocessing),constant,33-12_he_2_R1.png,3968041,14325375,596348,593052,0.8696616792406143,0.7693817534703742,0.869347682679982,0.8699759027057768,0.9389513302389141,0.8696616792406144,0.9600349101775981,0.9602470153187062,0.13065231732001809,0.5,
HistoKit (no postprocessing),constant,TCGA-2Y-A9GY-01Z-00-DX1.9AF8DAB8-B99C-4484-A065-20E7345E1FF4_R1.png,19677963,16463872,69687,9350072,0.8068759259864828,0.6762715995430845,0.9964711244122718,0.6778951107093539,0.7932522071111032,0.8068759259864827,0.995785118013611,0.6377898704669074,0.00352887558772816,0.5,
HistoKit (no postprocessing),constant,223-98_he_R1.png,5905503,34769076,669877,270945,0.92622061715387,0.8625799972978203,0.8981234544619474,0.956132553856197,0.977392456220715,0.92622061715387,0.9810977203530815,0.9922675560040333,0.10187654553805256,0.5,
HistoKit (no postprocessing),constant,10-99_he_R1.png,6889536,12405304,939428,361853,0.9137101764129792,0.8411292792892333,0.8800060902055495,0.9500988017606006,0.9368191223968824,0.9137101764129791,0.9296030823249204,0.9716575115352619,0.11999390979445046,0.5,
HistoKit (no postprocessing),constant,TCGA-EC-A1QX-01Z-00-DX1.D94B9C3B-F06F-4300-B492-E2534AF4D703_R1.png,7738760,48959020,331230,9319090,0.6159510725951773,0.44503562005580516,0.9589553394737788,0.45367733917228725,0.8545501679776814,0.6159510725951773,0.9932800097382343,0.8400927895568336,0.04104466052622122,0.5,
HistoKit (no postprocessing),constant,TCGA-08-0520-01Z-00-DX1.2d50b1bc-c1d8-41a4-b42f-19d9916a5ef6_R1.png,20226996,19733211,478216,2465935,0.9321595165949843,0.8729389183884596,0.9769035931629195,0.8913346627634835,0.9313787424578175,0.9321595165949843,0.9763393252737672,0.8889175736760324,0.023096406837080443,0.5,
HistoKit (no postprocessing),constant,33-00_he_R2.png,23869916,43857736,948772,4414648,0.8990001591616272,0.8165306894840876,0.9617718712608821,0.8439202386149562,0.926620039175236,0.8990001591616273,0.978825129599477,0.9085471312127448,0.03822812873911788,0.5,
HistoKit (no postprocessing),gaussian,TCGA-AX-A1CF-01Z-00-DX2.97DE8134-0D44-4FCE-BA8A-46AD7D215133_R1.png,111570456,196749251,9358035,12248808,0.9117179113655199,0.8377588135347301,0.9226151345922278,0.9010751024977826,0.9345101417269995,0.91171791136552,0.9545962921466056,0.9413927188673078,0.07738486540777227,0.5,2.25
HistoKit (no postprocessing),gaussian,2-12_he_1_R4.png,5130708,4992476,112675,448557,0.9481428205001216,0.9013988200859461,0.9785110109255799,0.919602850913158,0.9474719067471727,0.9481428205001217,0.9779291542992558,0.9175603235635587,0.021488989074420085,0.75,2.25
HistoKit (no postprocessing),constant,33-00_he_R1.png,12659893,23771300,1464879,1425528,0.8975403323188891,0.8141253223410481,0.8962900781690494,0.8987940793533967,0.9264931488037109,0.8975403323188892,0.9419532172441795,0.943424307218353,0.10370992183095061,0.5,
HistoKit (no postprocessing),gaussian,390-02_he_2_R1.png,3809927,27067977,1293037,2548723,0.6648150949770251,0.4979198704808495,0.7466105972920836,0.5991723085875147,0.889349159600162,0.6648150949770251,0.954407941831699,0.913943045646544,0.25338940270791643,0.75,2.25
HistoKit (no postprocessing),gaussian,1083_he_R1.png,0,17195157,4694859,0,0.0,0.0,0.0,,0.7855250996618732,,0.7855250996618732,1.0,1.0,0.75,2.25
HistoKit (no postprocessing),constant,TCGA-CV-7099-01A-02-BS2.1e152adb-e0cb-4962-8004-a9d9310c5e30_R1.png,13882731,36637626,115868,2729477,0.9070476972397363,0.8299060214695342,0.9917228859830902,0.8356945085204809,0.9466821405253883,0.9070476972397363,0.9968474289818541,0.930666043676112,0.008277114016909835,0.5,
HistoKit (no postprocessing),gaussian,2-12_he_1_R3.png,3947795,3892615,68906,411964,0.9425926942885181,0.8914187458297252,0.9828451258881356,0.9055076209487726,0.9422120154591601,0.942592694288518,0.9826061757592601,0.9042963318828624,0.01715487411186444,0.75,2.25
HistoKit (no postprocessing),gaussian,TCGA-KM-8441-01Z-00-DX1.D2CA0ADE-7EDF-49A6-989C-2761F1CFE340_R1.png,4344745,3790378,133069,702356,0.912290555873727,0.8387263352361023,0.9702825977139738,0.8608397176914034,0.9068702380278217,0.912290555873727,0.9660836504227023,0.843668465571298,0.029717402286026172,0.75,2.25
HistoKit (no postprocessing),constant,13-23_he_R1.png,6950970,41708691,6302638,4434093,0.5642325432244296,0.39298323733536655,0.5244586983408593,0.6105341709571568,0.819235973121061,0.5642325432244296,0.868726025059627,0.9039049529391204,0.47554130165914066,0.5,
HistoKit (no postprocessing),constant,TCGA-CJ-5683-01Z-00-DX1.4758DFEF-5B66-43AC-B88B-FFF4079DB129_R1.png,20236572,67548229,2967253,5524612,0.8265727879269869,0.704409084281195,0.8721222470864178,0.7855451053802496,0.9117972676785463,0.8265727879269867,0.9579205457320705,0.924395823066466,0.12787775291358214,0.5,
HistoKit (no postprocessing),gaussian,2-12_he_1_R2.png,5036400,5173479,111384,337041,0.957379012424884,0.918242605734914,0.9783627285060912,0.9372765049434804,0.9579271711521833,0.957379012424884,0.9789239569691778,0.9388368066897498,0.021637271493908837,0.75,2.25
HistoKit (no postprocessing),constant,TCGA-PG-A7D5-01Z-00-DX1.3B12F210-014B-408D-83A9-9D23BD5E306A_R1.png,29755922,50762081,420565,5893522,0.9040790323193454,0.8249491149281388,0.9860631557278354,0.8346812365432684,0.9272839453708877,0.9040790323193454,0.991783054748674,0.8959763608905548,0.013936844272164616,0.5,
HistoKit (no postprocessing),constant,TCGA-UT-A97Y-01Z-00-DX1.19376AE8-F20F-49A8-BD6C-3998FD71628E_R1.png,35733138,35077543,2082804,7726593,0.8793070959867659,0.7846102110916751,0.944922593756887,0.8222125903172295,0.8783256324807822,0.8793070959867659,0.9439509001355666,0.8194895698864241,0.055077406243113025,0.5,
HistoKit (no postprocessing),gaussian,47-07b_he_2_R1.png,10125861,37153720,177247,712132,0.9579312827652637,0.9192592263082784,0.9827967444386684,0.9342930005583137,0.9815362631869153,0.9579312827652636,0.9952520115538395,0.9811932925740058,0.01720325556133159,0.75,2.25
HistoKit (no postprocessing),gaussian,390-02_he_2_R2.png,2612766,29017246,2737931,1655097,0.5432759165613148,0.372943594972961,0.48830386022606026,0.6121953774055071,0.8780494927690723,0.5432759165613148,0.9137800113663357,0.9460394336357024,0.5116961397739397,0.75,2.25
HistoKit (no postprocessing),gaussian,11-22_he_R1.png,11519320,19240080,159070,1525599,0.9318590808374397,0.8724121172775894,0.9863791156143955,0.8830503278709512,0.9480746696722905,0.9318590808374396,0.9918001561924105,0.9265326696035319,0.013620884385604522,0.75,2.25
HistoKit (no postprocessing),constant,TCGA-PG-A6IB-01Z-00-DX2.C943409D-2569-4C84-874A-773AC7CEE834_R1.png,53436467,23908130,77392,6059545,0.9456955667173534,0.896985288938668,0.9985537951953717,0.89815208118487,0.9264874912336901,0.9456955667173534,0.9967733868789681,0.7977972932501437,0.001446204804628274,0.5,
HistoKit (no postprocessing),gaussian,2-12_he_1_R1.png,4846873,4989523,110655,327765,0.9567298838175371,0.9170490642619056,0.9776793998944635,0.9366593373294905,0.957330622757624,0.9567298838175371,0.9783036984199375,0.9383586143913966,0.022320600105536468,0.75,2.25
HistoKit (no postprocessing),gaussian,33-12_he_2_R1.png,3999446,14245530,676193,561647,0.8659872344461222,0.76364857676285,0.8553795534685206,0.8768613137245831,0.936465036676423,0.8659872344461224,0.9546839865610693,0.9620692722184654,0.14462044653147943,0.75,2.25
HistoKit (no postprocessing),gaussian,TCGA-2Y-A9GY-01Z-00-DX1.9AF8DAB8-B99C-4484-A065-20E7345E1FF4_R1.png,19678047,16482480,51079,9349988,0.8071859229047401,0.6767072408052047,0.9974109851597075,0.6778980044636159,0.7936624649260515,0.80718592290474,0.9969105865228413,0.6380528565834283,0.002589014840292469,0.75,2.25
HistoKit (no postprocessing),gaussian,223-98_he_R1.png,5904607,34762419,676534,271841,0.9256618942654447,0.8616113394139953,0.8972011084400107,0.9559874866589988,0.9772109609132446,0.9256618942654447,0.9809098762031712,0.9922407095226216,0.10279889155998936,0.75,2.25
HistoKit (no postprocessing),gaussian,TCGA-EC-A1QX-01Z-00-DX1.D94B9C3B-F06F-4300-B492-E2534AF4D703_R1.png,7750072,48950741,339509,9307778,0.6163708730327165,0.44547405155000824,0.9580313244901064,0.45434049425924133,0.8545958814193624,0.6163708730327165,0.9931120454856691,0.840233185467691,0.04196867550989353,0.75,2.25
HistoKit (no postprocessing),gaussian,10-99_he_R1.png,6915356,12335302,1009430,336033,0.9113437345049066,0.8371271662047068,0.8726236897753453,0.9536594988904884,0.9346739611793891,0.9113437345049065,0.9243574168443398,0.9734808526489119,0.12737631022465465,0.75,2.25
HistoKit (no postprocessing),gaussian,TCGA-08-0520-01Z-00-DX1.2d50b1bc-c1d8-41a4-b42f-19d9916a5ef6_R1.png,20271370,19732530,478897,2421561,0.9332356241361421,0.8748282612834861,0.9769209234753461,0.8932900734594399,0.9323971238539451,0.933235624136142,0.9763056314628353,0.8906946351353346,0.023079076524653876,0.75,2.25
HistoKit (no postprocessing),constant,TCGA-AX-A1CF-01Z-00-DX2.97DE8134-0D44-4FCE-BA8A-46AD7D215133_R1.png,111694898,196839637,9267649,12124366,0.9126078244432958,0.8392628206801972,0.9233841446807498,0.9020801318928854,0.9351612805941201,0.9126078244432957,0.9550348307434411,0.9419786861567732,0.07661585531925018,0.75,
HistoKit (no postprocessing),gaussian,33-00_he_R2.png,23973153,43892656,913852,4311411,0.9017282525554211,0.821042929178076,0.9632799527303506,0.8475701799751978,0.928510242673688,0.9017282525554211,0.9796044806705312,0.9105591858047994,0.036720047269649364,0.75,2.25
HistoKit (no postprocessing),constant,2-12_he_1_R4.png,5131887,4994705,110446,447378,0.948452714654527,0.9019591680491329,0.9789318992135754,0.9198141690706572,0.9477908759823653,0.948452714654527,0.9783657721387673,0.9177928745298446,0.02106810078642467,0.9,
HistoKit (no postprocessing),gaussian,33-00_he_R1.png,12722562,23737656,1498523,1362859,0.898914334393655,0.8163890989341337,0.8946266758127105,0.903243289639692,0.9272312927246094,0.898914334393655,0.9406200518707686,0.9457039427278683,0.10537332418728951,0.75,2.25
HistoKit (no postprocessing),gaussian,TCGA-CV-7099-01A-02-BS2.1e152adb-e0cb-4962-8004-a9d9310c5e30_R1.png,13939406,36620950,132544,2672802,0.9085734729954135,0.8324641654889843,0.9905809784713562,0.8391061561473345,0.9474316668784756,0.9085734729954135,0.9963937034122524,0.9319789568580776,0.009419021528643863,0.75,2.25
HistoKit (no postprocessing),constant,1083_he_R1.png,0,17390181,4499835,0,0.0,0.0,0.0,,0.7944343667907781,,0.7944343667907781,1.0,1.0,0.9,
HistoKit (no postprocessing),gaussian,TCGA-CJ-5683-01Z-00-DX1.4758DFEF-5B66-43AC-B88B-FFF4079DB129_R1.png,20343059,67665934,2849548,5418125,0.8311127119858808,0.7110289593429486,0.8771355027056682,0.7896787274994814,0.9141258900676931,0.8311127119858807,0.9595897536373643,0.9258644761369917,0.12286449729433177,0.75,2.25
HistoKit (no postprocessing),constant,390-02_he_2_R1.png,3770777,27100262,1260752,2587873,0.662110226713733,0.4948914626108453,0.7494296465348803,0.593015341306724,0.8891514330323013,0.6621102267137329,0.9555463002839039,0.9128314055429888,0.25057035346511963,0.9,
HistoKit (no postprocessing),constant,TCGA-KM-8441-01Z-00-DX1.D2CA0ADE-7EDF-49A6-989C-2761F1CFE340_R1.png,4360642,3794229,129218,686459,0.9144720210138219,0.8424214195454337,0.9712200380412752,0.8639894466149974,0.9090716642952025,0.9144720210138219,0.9670651852822276,0.8467960723888831,0.02877996195872477,0.9,
HistoKit (no postprocessing),constant,2-12_he_1_R3.png,3957536,3892200,69321,402223,0.9437742231193129,0.8935345489356706,0.9827853335740504,0.9077419187620233,0.9433327564990002,0.9437742231193129,0.982501418015959,0.9063382903826661,0.017214666425949567,0.9,
HistoKit (no postprocessing),constant,2-12_he_1_R2.png,5043017,5168377,116486,330424,0.9575702671541784,0.9185945459748371,0.9774230192326664,0.9385079318820101,0.9580693138420522,0.9575702671541784,0.9779585582445562,0.9399098094293646,0.0225769807673336,0.9,
HistoKit (no postprocessing),gaussian,13-23_he_R1.png,6983861,41852925,6158404,4401202,0.5694758923597385,0.39808898662960973,0.531404670351724,0.6134231316945721,0.8222180566119235,0.5694758923597385,0.871730191013875,0.9048473663766262,0.468595329648276,0.75,2.25
HistoKit (no postprocessing),gaussian,TCGA-PG-A7D5-01Z-00-DX1.3B12F210-014B-408D-83A9-9D23BD5E306A_R1.png,29743940,50743881,438765,5905504,0.9036296232711467,0.8242010569158476,0.9854630325545706,0.834345130319564,0.9269363549812056,0.9036296232711467,0.9914274654733559,0.8957534313920619,0.014536967445429427,0.75,2.25
HistoKit (no postprocessing),gaussian,TCGA-UT-A97Y-01Z-00-DX1.19376AE8-F20F-49A8-BD6C-3998FD71628E_R1.png,35768625,35088609,2071738,7691106,0.8799159568007388,0.7855802983207065,0.9452505780666005,0.8230291393197993,0.8789030692825676,0.8799159568007388,0.9442486906809562,0.8202160533327536,0.05474942193339953,0.75,2.25
HistoKit (no postprocessing),constant,390-02_he_2_R2.png,2575922,29082328,2672849,1691941,0.5413514904534523,0.37113224118793575,0.4907666956702817,0.6035624854874676,0.8788333799701524,0.5413514904534523,0.9158295039577327,0.9450209199120213,0.5092333043297184,0.9,
HistoKit (no postprocessing),constant,47-07b_he_2_R1.png,10131051,37157064,173903,706942,0.958338589223158,0.9200096877050056,0.9831243302978354,0.9347718715079443,0.9817134312220982,0.958338589223158,0.9953415886601598,0.9813294451728114,0.01687566970216461,0.9,
HistoKit (no postprocessing),constant,11-22_he_R1.png,11641591,19243605,155545,1403328,0.9372486293907649,0.881907711728921,0.9868150201879508,0.8924234025523654,0.9519519885129082,0.9372486293907651,0.9919818651848148,0.9320321328112026,0.013184979812049297,0.9,
HistoKit (no postprocessing),gaussian,TCGA-PG-A6IB-01Z-00-DX2.C943409D-2569-4C84-874A-773AC7CEE834_R1.png,53429347,23916438,69084,6066665,0.9456986659069597,0.8969908652543764,0.9987086724094768,0.8980324092982904,0.9265017219257136,0.9456986659069597,0.9971197624967262,0.7976638708808758,0.0012913275905231689,0.75,2.25
HistoKit (no postprocessing),constant,33-12_he_2_R1.png,4014849,14206214,715509,546244,0.8642028032004905,0.7608777391207447,0.848741046660739,0.8802383551486453,0.9352376473708934,0.8642028032004905,0.9520491701930133,0.962972678857991,0.151258953339261,0.9,
HistoKit (no postprocessing),constant,TCGA-2Y-A9GY-01Z-00-DX1.9AF8DAB8-B99C-4484-A065-20E7345E1FF4_R1.png,19678347,16483183,50376,9349688,0.807204900703201,0.6767339178196498,0.9974465655987973,0.6779083393002661,0.7936844790812192,0.8072049007032011,0.9969531061037735,0.6380701161709823,0.002553434401202754,0.9,
HistoKit (no postprocessing),constant,2-12_he_1_R1.png,4861527,4987050,113128,313111,0.9580030845498302,0.9193914783672349,0.9772591265122909,0.9394912262461644,0.9585161427708292,0.9580030845498302,0.9778188133825917,0.9409242473955036,0.022740873487709198,0.9,
HistoKit (no postprocessing),constant,223-98_he_R1.png,5906372,34762809,676144,270076,0.925838806348227,0.8619179428747545,0.8972818296225942,0.9562732496088366,0.9772627446266828,0.925838806348227,0.9809208810429586,0.9922907862141528,0.10271817037740584,0.9,
HistoKit (no postprocessing),constant,10-99_he_R1.png,6933244,12341981,1002751,318145,0.9130267595788715,0.8399716990504159,0.8736452076897729,0.9561263366232318,0.9358667585998354,0.9130267595788715,0.9248579139693476,0.9748703132970399,0.126354792310227,0.9,
HistoKit (no postprocessing),gaussian,TCGA-AX-A1CF-01Z-00-DX2.97DE8134-0D44-4FCE-BA8A-46AD7D215133_R1.png,111857497,196859270,9248016,11961767,0.9134028689959774,0.8406085778562544,0.9236367051267105,0.9033933281981066,0.9357136217136814,0.9134028689959774,0.955130086958692,0.9427176151797388,0.07636329487328954,0.9,1.75
HistoKit (no postprocessing),constant,TCGA-EC-A1QX-01Z-00-DX1.D94B9C3B-F06F-4300-B492-E2534AF4D703_R1.png,7752367,48949544,340706,9305483,0.6164677932495758,0.44557531096258796,0.9579015288753728,0.4544750364201819,0.8546124304991402,0.6164677932495758,0.9930877607640456,0.8402630042554096,0.042098471124627196,0.9,
HistoKit (no postprocessing),constant,TCGA-08-0520-01Z-00-DX1.2d50b1bc-c1d8-41a4-b42f-19d9916a5ef6_R1.png,20286330,19729241,482186,2406601,0.9335321946367777,0.8753496260666127,0.976782838022707,0.8939493095889641,0.9326691475024519,0.9335321946367777,0.9761429017357359,0.891280349760357,0.023217161977292938,0.9,
HistoKit (no postprocessing),constant,33-00_he_R2.png,23984250,43991253,815255,4300314,0.9036326887450923,0.8242061574334878,0.9671261583648545,0.8479625141119376,0.9300110278858682,0.9036326887450923,0.9818049869005636,0.9109510362337175,0.03287384163514554,0.9,
HistoKit (no postprocessing),gaussian,2-12_he_1_R4.png,5126856,4992249,112902,452409,0.9477484242338703,0.9006861534456034,0.9784528216761156,0.9189124373909466,0.9470901357640885,0.9477484242338703,0.9778846894048775,0.9169077286397052,0.021547178323884423,0.75,0.75
HistoKit (no postprocessing),constant,33-00_he_R1.png,12751042,23728698,1507481,1334379,0.8997366068744702,0.8177465618651358,0.8942750942716858,0.9052652384334128,0.9277277628580729,0.8997366068744703,0.9402650852967877,0.9467591708711584,0.10572490572831422,0.9,
HistoKit (no postprocessing),constant,TCGA-CV-7099-01A-02-BS2.1e152adb-e0cb-4962-8004-a9d9310c5e30_R1.png,13949477,36621884,131610,2662731,0.9089592368626438,0.8331120775440822,0.9906534204355104,0.839712397051614,0.9476378854718336,0.9089592368626438,0.9964191159621449,0.9322194961055364,0.009346579564489588,0.9,
HistoKit (no postprocessing),gaussian,1083_he_R1.png,0,17238388,4651628,0,0.0,0.0,0.0,,0.7875000182731707,,0.7875000182731707,1.0,1.0,0.75,0.75
HistoKit (no postprocessing),gaussian,390-02_he_2_R1.png,3772157,27078742,1282272,2586493,0.6610235502619407,0.49367824982377784,0.7463072485536942,0.5932323685058936,0.8885713582942508,0.6610235502619408,0.9547875121813345,0.9128106350750298,0.2536927514463058,0.75,0.75
HistoKit (no postprocessing),gaussian,TCGA-KM-8441-01Z-00-DX1.D2CA0ADE-7EDF-49A6-989C-2761F1CFE340_R1.png,4347832,3791963,131484,699269,0.9127948104728147,0.839579151447741,0.9706464111931375,0.8614513559368041,0.9073910534785612,0.9127948104728146,0.966487631921624,0.8443035229531675,0.029353588806862476,0.75,0.75
HistoKit (no postprocessing),constant,13-23_he_R1.png,6990517,41884808,6126521,4394546,0.5706055166452869,0.39919387075435325,0.5329341121067119,0.6140077573571617,0.822866900737001,0.5706055166452868,0.872394263445613,0.9050430565647049,0.4670658878932881,0.9,
HistoKit (no postprocessing),gaussian,2-12_he_1_R3.png,3948718,3892188,69333,411041,0.9426611489160055,0.8915412007698191,0.9827446192196166,0.9057193298987398,0.9422716216735887,0.9426611489160054,0.9824983888763937,0.9044807980239955,0.017255380780383325,0.75,0.75
HistoKit (no postprocessing),gaussian,2-12_he_1_R2.png,5034506,5174325,110538,338935,0.9572682758020761,0.9180388911044335,0.9785156356291608,0.9369240306165081,0.957828844063746,0.957268275802076,0.9790840368047383,0.9385236683922035,0.0214843643708392,0.75,0.75
HistoKit (no postprocessing),constant,TCGA-CJ-5683-01Z-00-DX1.4758DFEF-5B66-43AC-B88B-FFF4079DB129_R1.png,20460283,67586419,2929063,5300901,0.8325559459887818,0.7131441914738482,0.874769350113509,0.7942291394681238,0.9145175633730399,0.8325559459887818,0.9584621289265243,0.9272726586736898,0.12523064988649105,0.9,
HistoKit (no postprocessing),constant,TCGA-PG-A7D5-01Z-00-DX1.3B12F210-014B-408D-83A9-9D23BD5E306A_R1.png,29766164,50748557,434089,5883280,0.9040638106504879,0.8249237678583192,0.9856263124683095,0.8349685341516125,0.9272461482845801,0.9040638106504879,0.9915188245640915,0.8961135588803167,0.014373687531690545,0.9,
HistoKit (no postprocessing),constant,TCGA-UT-A97Y-01Z-00-DX1.19376AE8-F20F-49A8-BD6C-3998FD71628E_R1.png,35800329,35070959,2089388,7659402,0.8801615715941921,0.7859719306535874,0.9448560674126967,0.8237586422244537,0.8790773931029935,0.8801615715941921,0.9437737220268692,0.8207503559354437,0.0551439325873033,0.9,
HistoKit (no postprocessing),gaussian,390-02_he_2_R2.png,2595689,28986995,2768182,1672174,0.5389868532498925,0.3689130754564532,0.4839208474625881,0.6081940774575004,0.8767356669509292,0.5389868532498925,0.9128273792962955,0.9454592523365523,0.5160791525374119,0.75,0.75
HistoKit (no postprocessing),gaussian,11-22_he_R1.png,11518244,19229998,169152,1526675,0.9314327429518829,0.8716650606766075,0.9855269728175549,0.8829678436485501,0.947730754733631,0.9314327429518829,0.991280442699809,0.9264489545121224,0.014473027182445088,0.75,0.75
HistoKit (no postprocessing),gaussian,47-07b_he_2_R1.png,10118031,37151432,179535,719962,0.9574415325376537,0.918357638846028,0.9825652974693243,0.9335705420736109,0.9813262109042836,0.9574415325376536,0.9951907219547782,0.980989292340282,0.017434702530675694,0.75,0.75
HistoKit (no postprocessing),constant,TCGA-PG-A6IB-01Z-00-DX2.C943409D-2569-4C84-874A-773AC7CEE834_R1.png,53429015,23916718,68804,6066997,0.9456979115966074,0.8969895080344075,0.9987138914952776,0.8980268290923432,0.9265010990334701,0.9456979115966074,0.9971314362055577,0.7976569281024716,0.0012861085047224075,0.9,
HistoKit (no postprocessing),gaussian,2-12_he_1_R1.png,4846108,4989728,110450,328530,0.9566704661522687,0.9169398882289188,0.977716391092367,0.9365115009011258,0.9572761205650787,0.9566704661522687,0.9783438930954959,0.9382260131042909,0.02228360890763308,0.75,0.75
HistoKit (no postprocessing),gaussian,33-12_he_2_R1.png,3989880,14245644,676079,571213,0.8648222639256828,0.761838641159771,0.8551039561213462,0.8747640094161641,0.935979891202586,0.8648222639256828,0.9546916264294679,0.961448436736617,0.14489604387865387,0.75,0.75
HistoKit (no postprocessing),gaussian,TCGA-2Y-A9GY-01Z-00-DX1.9AF8DAB8-B99C-4484-A065-20E7345E1FF4_R1.png,19678032,16482214,51345,9350003,0.8071811522728073,0.6767005348807299,0.9973975356647096,0.6778974877217835,0.793656297450875,0.8071811522728073,0.9968944980327588,0.6380487590360517,0.0026024643352904656,0.75,0.75
HistoKit (no postprocessing),gaussian,223-98_he_R1.png,5896017,34763234,675719,280431,0.9249971603798627,0.860460201860229,0.8971780059332877,0.9545967196680033,0.9770241310422553,0.9249971603798627,0.9809328734965731,0.9919976691935618,0.10282199406671236,0.75,0.75
HistoKit (no postprocessing),constant,TCGA-AX-A1CF-01Z-00-DX2.97DE8134-0D44-4FCE-BA8A-46AD7D215133_R1.png,111769326,196489478,9617808,12049938,0.9116346629748218,0.8376182445010484,0.9207674843035671,0.9026812338345025,0.9343255460950324,0.9116346629748217,0.9533359145780028,0.942217455907712,0.07923251569643287,0.5,
HistoKit (no postprocessing),gaussian,TCGA-EC-A1QX-01Z-00-DX1.D94B9C3B-F06F-4300-B492-E2534AF4D703_R1.png,7745831,48955219,335031,9312019,0.6162472444888982,0.4453449086439446,0.9585401903905796,0.45409186972566884,0.8545994534884948,0.6162472444888982,0.9932028950958861,0.8401843073460938,0.04145980960942038,0.75,0.75
HistoKit (no postprocessing),gaussian,10-99_he_R1.png,6912840,12340835,1003897,338549,0.9114955927976864,0.8373834655758746,0.8731930844740705,0.9533125308820145,0.9348204450731281,0.9114955927976864,0.9247720373852394,0.973299254916485,0.12680691552592943,0.75,0.75
HistoKit (no postprocessing),gaussian,TCGA-08-0520-01Z-00-DX1.2d50b1bc-c1d8-41a4-b42f-19d9916a5ef6_R1.png,20273416,19734559,476868,2419515,0.9333294508705214,0.8749931753831788,0.9770187241774618,0.8933802336948012,0.9324921025505148,0.9333294508705214,0.9764060202181667,0.8907869044763504,0.02298127582253814,0.75,0.75
HistoKit (no postprocessing),gaussian,33-00_he_R2.png,23995339,43872375,934133,4289225,0.9018424762970432,0.8212323431123572,0.9625289697270765,0.8483545654088923,0.9285363060484323,0.9018424762970431,0.9791518455310108,0.9109409778744892,0.03747103027292355,0.75,0.75
HistoKit (no postprocessing),gaussian,2-12_he_1_R4.png,5132068,4990530,114621,447197,0.9481045273238737,0.9013296016112722,0.9781536508072043,0.9198466106198576,0.9474170605113091,0.9481045273238736,0.9775479706672731,0.9177603068340872,0.021846349192795687,0.5,1.25
HistoKit (no postprocessing),gaussian,TCGA-CV-7099-01A-02-BS2.1e152adb-e0cb-4962-8004-a9d9310c5e30_R1.png,13942125,36620437,133057,2670083,0.908654988254133,0.8326010367706931,0.9905466941741855,0.8392698309580521,0.9474730042902837,0.908654988254133,0.9963797455556198,0.9320425639569035,0.009453305825814544,0.75,0.75
HistoKit (no postprocessing),gaussian,33-00_he_R1.png,12719568,23732362,1503817,1365853,0.89862977619049,0.8159198031359839,0.8942715113174536,0.9030307294329364,0.927020517985026,0.89862977619049,0.9404102736789115,0.9455796756860996,0.10572848868254639,0.75,0.75
HistoKit (no postprocessing),gaussian,1083_he_R1.png,0,17072562,4817454,0,0.0,0.0,0.0,,0.779924601242868,,0.779924601242868,1.0,1.0,0.5,1.25
HistoKit (no postprocessing),gaussian,390-02_he_2_R1.png,3681095,27038794,1322220,2677555,0.647968023136843,0.4792549541913872,0.7357312102076323,0.578911404150252,0.884797992284718,0.647968023136843,0.9533789588764351,0.9098962325418913,0.2642687897923677,0.5,1.25
HistoKit (no postprocessing),gaussian,13-23_he_R1.png,6984318,41838409,6172920,4400745,0.5691657029224766,0.3977858960223392,0.5308346630197006,0.6134632720082445,0.8219813587330355,0.5691657029224765,0.8714278457069997,0.9048264377847397,0.4691653369802994,0.75,0.75
HistoKit (no postprocessing),gaussian,TCGA-KM-8441-01Z-00-DX1.D2CA0ADE-7EDF-49A6-989C-2761F1CFE340_R1.png,4340884,3767790,155657,706217,0.9096912897612882,0.8343428619974252,0.9653829465804937,0.8600747240841822,0.9039218116886505,0.9096912897612882,0.9603264680267122,0.8421511186728139,0.03461705341950624,0.5,1.25
HistoKit (no postprocessing),gaussian,2-12_he_1_R3.png,3931599,3897615,63906,428160,0.9411070673529884,0.8887650850595603,0.9840055262100785,0.9017927367086116,0.940866549377019,0.9411070673529884,0.9838683172448158,0.9010212042928724,0.015994473789921426,0.5,1.25
HistoKit (no postprocessing),gaussian,2-12_he_1_R2.png,5025744,5183887,100976,347697,0.9572698932902076,0.9180418663759081,0.9803039760314587,0.9352934181281604,0.9579039029098814,0.9572698932902075,0.9808933552298328,0.9371433209727991,0.01969602396854129,0.5,1.25
HistoKit (no postprocessing),gaussian,TCGA-CJ-5683-01Z-00-DX1.4758DFEF-5B66-43AC-B88B-FFF4079DB129_R1.png,20333259,67679609,2835873,5427925,0.8311108802158563,0.7110262779837799,0.8776012411686377,0.7892983102018913,0.9141661386571072,0.8311108802158563,0.9597836826812018,0.9257542321151196,0.12239875883136235,0.75,0.75
HistoKit (no postprocessing),gaussian,TCGA-PG-A7D5-01Z-00-DX1.3B12F210-014B-408D-83A9-9D23BD5E306A_R1.png,29728540,50741920,440726,5920904,0.9033461761860723,0.8237295640336413,0.9853915570899205,0.8339131460226982,0.9267364173774926,0.9033461761860724,0.9913891517058341,0.895506372926277,0.014608442910079417,0.75,0.75
HistoKit (no postprocessing),gaussian,TCGA-UT-A97Y-01Z-00-DX1.19376AE8-F20F-49A8-BD6C-3998FD71628E_R1.png,35763150,35094166,2066181,7696581,0.8799006685548912,0.7855559269191577,0.9453815083327802,0.8229031606293191,0.8789040863989241,0.8799006685548912,0.944398231803379,0.8201344557037062,0.05461849166721981,0.75,0.75
HistoKit (no postprocessing),gaussian,11-22_he_R1.png,11421137,19228524,170626,1623782,0.9271651921309858,0.8642199016385628,0.985280409891058,0.8755237958932516,0.944692264093015,0.9271651921309859,0.9912044599892263,0.9221293798393329,0.014719590108942013,0.5,1.25
HistoKit (no postprocessing),gaussian,390-02_he_2_R2.png,2637712,28944569,2810608,1630151,0.5429523095643629,0.372638667305411,0.48413309056736753,0.6180404572499164,0.8767244796663469,0.5429523095643628,0.9114913451749931,0.9466830440311473,0.5158669094326325,0.5,1.25
HistoKit (no postprocessing),gaussian,TCGA-PG-A6IB-01Z-00-DX2.C943409D-2569-4C84-874A-773AC7CEE834_R1.png,53425460,23916654,68868,6070552,0.9456642045682844,0.8969288614364707,0.9987126111762727,0.8979670771882996,0.9264577481290653,0.9456642045682844,0.9971287679292533,0.7975619335792737,0.0012873888237272557,0.75,0.75
HistoKit (no postprocessing),gaussian,47-07b_he_2_R1.png,10127711,37158305,172662,710282,0.9582302624526418,0.9198100385490237,0.9832373060664891,0.9344636963688757,0.9816698554421769,0.9582302624526418,0.9953748318386716,0.9812435040156107,0.01676269393351095,0.5,1.25
HistoKit (no postprocessing),gaussian,2-12_he_1_R1.png,4822339,4997863,102315,352299,0.9549855574034298,0.9138491474151845,0.9792239211120213,0.9319181361092312,0.9557545361396252,0.9549855574034299,0.9799389354646053,0.9341517135368985,0.02077607888797873,0.5,1.25
HistoKit (no postprocessing),gaussian,33-12_he_2_R1.png,3973361,14280230,641493,587732,0.8660383500471396,0.7637280767679765,0.8609938689284645,0.8711422897976429,0.9369072212148387,0.8660383500471396,0.9570094552753727,0.9604699016583443,0.13900613107153553,0.5,1.25
HistoKit (no postprocessing),gaussian,TCGA-2Y-A9GY-01Z-00-DX1.9AF8DAB8-B99C-4484-A065-20E7345E1FF4_R1.png,19678285,16468533,65026,9349750,0.8069609151242206,0.676391012963538,0.9967064288254387,0.6779062034340251,0.7933615755410138,0.8069609151242209,0.9960670294883274,0.6378632149938088,0.003293571174561349,0.5,1.25
HistoKit (no postprocessing),gaussian,10-99_he_R1.png,6899773,12379583,965149,351616,0.9128911147699991,0.8397421152315002,0.8772843519617868,0.9515105312926944,0.9360673303482728,0.9128911147699992,0.92767565508247,0.9723815486663904,0.12271564803821322,0.5,1.25
HistoKit (no postprocessing),gaussian,223-98_he_R1.png,5900756,34767208,671745,275692,0.9256850898062263,0.8616515334775173,0.8977946142571906,0.9553639891406841,0.9772335006455903,0.9256850898062262,0.9810450099922534,0.9921327287410574,0.10220538574280932,0.5,1.25
HistoKit (no postprocessing),gaussian,TCGA-EC-A1QX-01Z-00-DX1.D94B9C3B-F06F-4300-B492-E2534AF4D703_R1.png,7744712,48956540,333710,9313138,0.616218029467536,0.44531439387841,0.9586911899378369,0.4540262694302037,0.8546024980368692,0.616218029467536,0.9932296955280202,0.8401717956979271,0.04130881006216313,0.5,1.25
HistoKit (no postprocessing),gaussian,TCGA-08-0520-01Z-00-DX1.2d50b1bc-c1d8-41a4-b42f-19d9916a5ef6_R1.png,20255004,19737121,474306,2437927,0.9329322270584791,0.8742951954089303,0.9771190647445573,0.8925688797097211,0.9321226762092559,0.932932227058479,0.9765327801940952,0.8900598997576015,0.022880935255442655,0.5,1.25
HistoKit (no postprocessing),gaussian,33-00_he_R2.png,24009173,43801594,1004914,4275391,0.9009298565549061,0.8197200714877882,0.9598260772020182,0.8488436661070682,0.9277571821630964,0.900929856554906,0.977572141975447,0.9110719817392875,0.04017392279798179,0.5,1.25
HistoKit (no postprocessing),gaussian,TCGA-AX-A1CF-01Z-00-DX2.97DE8134-0D44-4FCE-BA8A-46AD7D215133_R1.png,111686606,196810815,9296471,12132658,0.9124635454364385,0.8390188132154324,0.9231589142008679,0.9020131633152011,0.935048788889527,0.9124635454364385,0.9548949909514601,0.9419332998260252,0.07684108579913206,0.75,2.25
HistoKit (no postprocessing),gaussian,2-12_he_1_R4.png,5127022,4994063,111088,452243,0.9479235026982055,0.9010024509902989,0.9787923506761026,0.9189421904139703,0.947275452397211,0.9479235026982054,0.9782400167987195,0.9169633509391503,0.02120764932389736,0.9,0.75
HistoKit (no postprocessing),gaussian,33-00_he_R1.png,12698861,23731405,1504774,1386560,0.8977931960684725,0.8145415115077137,0.8940571198851561,0.9015606278292996,0.9264695739746094,0.8977931960684726,0.9403723519317246,0.9447980757995323,0.10594288011484385,0.5,1.25
HistoKit (no postprocessing),gaussian,TCGA-CV-7099-01A-02-BS2.1e152adb-e0cb-4962-8004-a9d9310c5e30_R1.png,13927571,36624500,128994,2684637,0.9082574643595946,0.8319337524270958,0.9908232203244534,0.8383937282750131,0.9472764173513543,0.9082574643595946,0.9964902928684821,0.931704504222517,0.009176779675546622,0.5,1.25
HistoKit (no postprocessing),gaussian,1083_he_R1.png,0,17416045,4473971,0,0.0,0.0,0.0,,0.7956159100112125,,0.7956159100112125,1.0,1.0,0.9,0.75
HistoKit (no postprocessing),gaussian,390-02_he_2_R1.png,3723418,27109072,1251942,2635232,0.6570345358791814,0.48924157279749064,0.7483715751222022,0.5855673767230466,0.8880411400294658,0.6570345358791814,0.9558569379783106,0.9114038102891902,0.2516284248777978,0.9,0.75
HistoKit (no postprocessing),gaussian,TCGA-KM-8441-01Z-00-DX1.D2CA0ADE-7EDF-49A6-989C-2761F1CFE340_R1.png,4353252,3795068,128379,693849,0.9137106595085264,0.8411300980778594,0.9713544020023067,0.862525239736633,0.908341385609887,0.9137106595085264,0.967279027854843,0.8454306461892701,0.02864559799769325,0.9,0.75
HistoKit (no postprocessing),gaussian,2-12_he_1_R3.png,3955781,3891739,69782,403978,0.9435012752044585,0.8930453516515594,0.982665281850017,0.907339373575466,0.9430664513151823,0.9435012752044585,0.9823850485709907,0.9059579576587564,0.017334718149982997,0.9,0.75
HistoKit (no postprocessing),gaussian,13-23_he_R1.png,6958198,41852657,6158672,4426865,0.5679713514847992,0.3966201039858388,0.5304770116651305,0.6111690378876252,0.8217814812724652,0.567971351484799,0.8717246089980137,0.9043450578422136,0.4695229883348695,0.5,1.25
HistoKit (no postprocessing),gaussian,TCGA-CJ-5683-01Z-00-DX1.4758DFEF-5B66-43AC-B88B-FFF4079DB129_R1.png,20259068,67508467,3007015,5502116,0.826440845662476,0.7042174590074269,0.8707554253975627,0.7864183571686767,0.9116179303508495,0.8264408456624759,0.9573566695608774,0.9246394731569257,0.12924457460243738,0.5,1.25
HistoKit (no postprocessing),gaussian,2-12_he_1_R2.png,5039678,5170006,114857,333763,0.9573878207929045,0.9182588117481959,0.9777172916664646,0.9378865423478178,0.9579088755584378,0.9573878207929045,0.9782667970768589,0.9393573749188965,0.02228270833353542,0.9,0.75
HistoKit (no postprocessing),gaussian,TCGA-PG-A7D5-01Z-00-DX1.3B12F210-014B-408D-83A9-9D23BD5E306A_R1.png,29709581,50753018,429628,5939863,0.9031825290601405,0.8234574603249218,0.9857452131540678,0.8333813284717708,0.9266458863307333,0.9031825290601405,0.991605983012289,0.8952273566764053,0.014254786845932154,0.5,1.25
HistoKit (no postprocessing),gaussian,TCGA-UT-A97Y-01Z-00-DX1.19376AE8-F20F-49A8-BD6C-3998FD71628E_R1.png,35757457,35053557,2106790,7702274,0.8793828801635847,0.7847308992494731,0.9443593847251208,0.8227721658010262,0.8783297629654985,0.8793828801635848,0.943305427153304,0.8198544193890186,0.05564061527487923,0.5,1.25
HistoKit (no postprocessing),gaussian,11-22_he_R1.png,11619476,19242569,156581,1425443,0.9362626191653383,0.8801633147748362,0.9867034441154624,0.8907281064757857,0.9512384220363975,0.9362626191653382,0.9919284607830755,0.931031441243599,0.013296555884537584,0.9,0.75
HistoKit (no postprocessing),gaussian,390-02_he_2_R2.png,2564975,29041466,2713711,1702888,0.5373617209737257,0.36739208092616366,0.48591164543600435,0.6009975015599142,0.8773951615410581,0.5373617209737257,0.9145427216481898,0.9446113585603393,0.5140883545639957,0.9,0.75
HistoKit (no postprocessing),gaussian,TCGA-PG-A6IB-01Z-00-DX2.C943409D-2569-4C84-874A-773AC7CEE834_R1.png,53425294,23913892,71630,6070718,0.945639539802736,0.8968844863793668,0.9986610445116433,0.8979642870853259,0.9264226745042802,0.9456395398027359,0.9970136151299939,0.7975388707740404,0.0013389554883566765,0.5,1.25
HistoKit (no postprocessing),gaussian,47-07b_he_2_R1.png,10105399,37155232,175735,732594,0.9569902202870412,0.9175275619663024,0.982907041188258,0.9324050126254926,0.9811428563124468,0.9569902202870413,0.9952925141210514,0.9806641320618396,0.017092958811741974,0.9,0.75
HistoKit (no postprocessing),gaussian,2-12_he_1_R1.png,4858631,4987067,113111,316007,0.9577072808233084,0.9188467531268977,0.9772492217013674,0.9389315735709435,0.9582359431059398,0.9577072808233084,0.9778221465995892,0.9404105995880879,0.022750778298632552,0.9,0.75
HistoKit (no postprocessing),gaussian,223-98_he_R1.png,5905470,34762396,676557,270978,0.9257328951931951,0.8617343778386269,0.8972114517305991,0.9561272109795145,0.977231145748181,0.9257328951931952,0.980909227199799,0.9922651469424555,0.1027885482694009,0.9,0.75
HistoKit (no postprocessing),gaussian,TCGA-2Y-A9GY-01Z-00-DX1.9AF8DAB8-B99C-4484-A065-20E7345E1FF4_R1.png,19678328,16482979,50580,9349707,0.8072010585241163,0.6767285168155361,0.9974362493859265,0.6779076847606116,0.7936795846080363,0.8072010585241162,0.9969407675625073,0.6380667887187573,0.002563750614073521,0.9,0.75
HistoKit (no postprocessing),gaussian,33-12_he_2_R1.png,3997233,14204541,717182,563860,0.8618898285678801,0.7572991176094462,0.8478746567707764,0.8763761230038501,0.9342475954194712,0.86188982856788,0.9519370517734447,0.9618198341174512,0.15212534322922355,0.9,0.75
HistoKit (no postprocessing),constant,TCGA-AX-A1CF-01Z-00-DX2.97DE8134-0D44-4FCE-BA8A-46AD7D215133_R1.png,111868373,196886671,9220615,11950891,0.9135533171009689,0.8408634601960214,0.9238525719613744,0.9034811659032314,0.9358296384452842,0.913553317100969,0.9552630322830994,0.9427742266020133,0.0761474280386256,0.9,
HistoKit (no postprocessing),gaussian,10-99_he_R1.png,6928329,12345413,999319,323060,0.9128812321888404,0.8397253908391862,0.8739450843427963,0.9554485354461055,0.9357947547501785,0.9128812321888404,0.9251150941060488,0.9744988997490068,0.12605491565720375,0.9,0.75
HistoKit (no postprocessing),gaussian,TCGA-08-0520-01Z-00-DX1.2d50b1bc-c1d8-41a4-b42f-19d9916a5ef6_R1.png,20289072,19734299,477128,2403859,0.9337081314396277,0.875659056370983,0.977023817549672,0.8940701401683194,0.9328509472161313,0.9337081314396278,0.9763931562081193,0.8914155820913375,0.022976182450327936,0.9,0.75
HistoKit (no postprocessing),gaussian,TCGA-EC-A1QX-01Z-00-DX1.D94B9C3B-F06F-4300-B492-E2534AF4D703_R1.png,7747804,48954088,336162,9310046,0.6163281124959311,0.4454293810996566,0.958416203135936,0.454207534947253,0.8546121441307287,0.6163281124959311,0.9931799493814699,0.8402096562526785,0.041583796864064,0.9,0.75
HistoKit (no postprocessing),gaussian,33-00_he_R2.png,24002989,43957288,849220,4281575,0.9034417276337048,0.8238884794367941,0.9658291944993702,0.848625030953279,0.9298027124297753,0.9034417276337049,0.9810469496975752,0.911242207346388,0.034170805500629745,0.9,0.75
HistoKit (no postprocessing),gaussian,2-12_he_1_R4.png,5103092,4997412,107739,476173,0.9458844481087101,0.8973251997009322,0.9793240272041062,0.914653094986526,0.9453491889495879,0.94588444810871,0.9788960209012427,0.9130052789899125,0.020675972795893782,0.25,1.25
HistoKit (no postprocessing),gaussian,33-00_he_R1.png,12747744,23721482,1514697,1337677,0.8993795722583946,0.8171568958645057,0.8937981934508966,0.9050310956271737,0.9274603780110677,0.8993795722583946,0.9399791466053558,0.9466192380997304,0.10620180654910334,0.9,0.75
HistoKit (no postprocessing),gaussian,TCGA-CV-7099-01A-02-BS2.1e152adb-e0cb-4962-8004-a9d9310c5e30_R1.png,13951874,36621512,131982,2660334,0.9090334187471071,0.833236722707996,0.9906288448277233,0.8398566885268954,0.9476758311921016,0.9090334187471072,0.996408994475464,0.9322757387725618,0.009371155172276683,0.9,0.75
HistoKit (no postprocessing),gaussian,390-02_he_2_R1.png,3523316,27084330,1276684,2835334,0.6314950285204751,0.46144883773257334,0.7340241666666667,0.5540981183112768,0.8815651556996634,0.6314950285204751,0.9549845432183772,0.9052350988968325,0.26597583333333336,0.25,1.25
HistoKit (no postprocessing),gaussian,TCGA-KM-8441-01Z-00-DX1.D2CA0ADE-7EDF-49A6-989C-2761F1CFE340_R1.png,4227619,3764294,159153,819482,0.8962637084472094,0.8120270351773079,0.9637197921387298,0.8376331284038104,0.8909057729806473,0.8962637084472094,0.9594354148278287,0.8212211940548578,0.0362802078612702,0.25,1.25
HistoKit (no postprocessing),gaussian,1083_he_R1.png,0,17121066,4768950,0,0.0,0.0,0.0,,0.7821404059275242,,0.7821404059275242,1.0,1.0,0.25,1.25
HistoKit (no postprocessing),gaussian,13-23_he_R1.png,6988976,41874335,6136994,4396087,0.5702718445199759,0.39886732476672115,0.532454058633381,0.613872404570796,0.8226646325588262,0.5702718445199759,0.8721761274302572,0.9049914219498582,0.467545941366619,0.9,0.75
HistoKit (no postprocessing),gaussian,2-12_he_1_R3.png,3935841,3904605,56916,423918,0.9424324359270907,0.8911321299393775,0.9857451880993509,0.9027657262706493,0.942216341716659,0.9424324359270906,0.9856327910416226,0.9020640527958382,0.0142548119006491,0.25,1.25
HistoKit (no postprocessing),gaussian,2-12_he_1_R2.png,5000806,5179578,105285,372635,0.9543949100017062,0.9127680413293163,0.9793805084946586,0.9306524441228629,0.9551598453187299,0.9543949100017062,0.9800780076985912,0.9328853197814997,0.020619491505341366,0.25,1.25
HistoKit (no postprocessing),gaussian,TCGA-CJ-5683-01Z-00-DX1.4758DFEF-5B66-43AC-B88B-FFF4079DB129_R1.png,20426645,67615285,2900197,5334539,0.8322455256196287,0.712688791932252,0.8756712546001726,0.7929233765031918,0.9144679978843472,0.8322455256196286,0.9588714858390955,0.9268738605866959,0.12432874539982737,0.9,0.75
HistoKit (no postprocessing),gaussian,TCGA-PG-A7D5-01Z-00-DX1.3B12F210-014B-408D-83A9-9D23BD5E306A_R1.png,29754278,50746828,435818,5895166,0.903842220039812,0.8245548556637887,0.985564206221802,0.8346351208170315,0.9270893514137458,0.9038422200398119,0.9914850435829363,0.895922343411851,0.01443579377819799,0.9,0.75
HistoKit (no postprocessing),gaussian,TCGA-UT-A97Y-01Z-00-DX1.19376AE8-F20F-49A8-BD6C-3998FD71628E_R1.png,35797910,35057126,2103221,7661821,0.8799786314948335,0.7856802166813072,0.9445076982003519,0.8237029815025776,0.8788758056026689,0.8799786314948335,0.9434014703899294,0.8206458366120307,0.05549230179964814,0.9,0.75
HistoKit (no postprocessing),gaussian,390-02_he_2_R2.png,2632314,28878282,2876895,1635549,0.5384667311440481,0.36842591449563444,0.47780253027249464,0.6167756556384307,0.8747345032512526,0.538466731144048,0.9094039060150727,0.9463997490187319,0.5221974697275054,0.25,1.25
HistoKit (no postprocessing),gaussian,11-22_he_R1.png,11468955,19227095,172055,1575964,0.9291896610413163,0.8677443868770567,0.9852199250752297,0.879189437665347,0.9461220785839162,0.9291896610413163,0.9911307969679084,0.9242436412837169,0.014780074924770273,0.25,1.25
HistoKit (no postprocessing),gaussian,47-07b_he_2_R1.png,10079320,37134688,196279,758673,0.9547707467303527,0.9134558220062003,0.9808985344795957,0.929998755304603,0.9801749508397108,0.9547707467303527,0.9947421935252843,0.9799787355890653,0.01910146552040421,0.25,1.25
HistoKit (no postprocessing),gaussian,TCGA-PG-A6IB-01Z-00-DX2.C943409D-2569-4C84-874A-773AC7CEE834_R1.png,53424445,23916945,68577,6071567,0.9456571688187014,0.8969162030145126,0.9987180197073181,0.8979500172213223,0.9264490755524449,0.9456571688187014,0.9971409002480747,0.7975369034649001,0.0012819802926819128,0.9,0.75
HistoKit (no postprocessing),gaussian,2-12_he_1_R1.png,4818242,4989543,110635,356396,0.9537753940089166,0.9116354065343455,0.9775537105105281,0.9311263899039894,0.954546047345276,0.9537753940089168,0.9783076198516993,0.9333333208628082,0.022446289489471943,0.25,1.25
HistoKit (no postprocessing),gaussian,33-12_he_2_R1.png,3942763,14316719,605004,618330,0.8656984518370027,0.7631995682620748,0.8669667993105188,0.8644338100538621,0.9372095902358263,0.8656984518370026,0.9594548163104221,0.9585987297396882,0.13303320068948124,0.25,1.25
HistoKit (no postprocessing),gaussian,TCGA-AX-A1CF-01Z-00-DX2.97DE8134-0D44-4FCE-BA8A-46AD7D215133_R1.png,111632478,196702975,9404311,12186786,0.9118212650434253,0.8379333612688294,0.9223020448766202,0.9015760100140798,0.934557867501115,0.9118212650434252,0.9543717683032321,0.9416592467641342,0.07769795512337989,0.75,0.75
HistoKit (no postprocessing),gaussian,TCGA-2Y-A9GY-01Z-00-DX1.9AF8DAB8-B99C-4484-A065-20E7345E1FF4_R1.png,19678145,16467762,65797,9349890,0.8069447338581334,0.6763682762724416,0.9966674841326013,0.677901380510255,0.793341580630388,0.8069447338581333,0.9960203970603062,0.6378489414916585,0.003332515867398719,0.25,1.25
HistoKit (no postprocessing),gaussian,10-99_he_R1.png,6840513,12400342,944390,410876,0.9098670071052092,0.8346385377155728,0.8786895610645373,0.9433383038752989,0.9341979977686089,0.9098670071052092,0.9292312502042004,0.9679284202329552,0.12131043893546264,0.25,1.25
HistoKit (no postprocessing),gaussian,223-98_he_R1.png,5900096,34761239,677714,276352,0.9251962756281079,0.8608048657151669,0.8969696601148407,0.9552571316070337,0.97707420865655,0.9251962756281079,0.9808765795084297,0.9921126997572407,0.10303033988515935,0.25,1.25
HistoKit (no postprocessing),gaussian,TCGA-EC-A1QX-01Z-00-DX1.D94B9C3B-F06F-4300-B492-E2534AF4D703_R1.png,7739357,48968987,321263,9318493,0.6162283769672277,0.4453252015796203,0.9601441328334545,0.4537123377213424,0.8547093888144498,0.6162283769672277,0.9934822201145257,0.8401287377666696,0.0398558671665455,0.25,1.25
HistoKit (no postprocessing),gaussian,TCGA-08-0520-01Z-00-DX1.2d50b1bc-c1d8-41a4-b42f-19d9916a5ef6_R1.png,20211374,19738464,472963,2481557,0.9318878265915687,0.8724625088934621,0.9771342441384512,0.8906462545538961,0.9311370653769018,0.9318878265915687,0.976599227753686,0.8883188724259081,0.022865755861548764,0.25,1.25
HistoKit (no postprocessing),gaussian,33-00_he_R2.png,23959444,43842376,964132,4325120,0.9005931799157046,0.8191628098565488,0.961316465983854,0.8470854986486622,0.9276347732319482,0.9005931799157046,0.978482322255508,0.9102066671682497,0.038683534016146,0.25,1.25
HistoKit (no postprocessing),gaussian,2-12_he_1_R4.png,5102519,4997507,107644,476746,0.9458367950553078,0.8972394318249158,0.9793396099123962,0.914550393286571,0.9453044508937128,0.9458367950553078,0.9789146295574803,0.9129112227732259,0.020660390087603786,0.25,0.75
HistoKit (no postprocessing),gaussian,33-00_he_R1.png,12680815,23698231,1537948,1404606,0.8960381970382895,0.8116568839921786,0.8918367230679631,0.9002794449665367,0.9251669820149739,0.8960381970382896,0.9390578106138809,0.9440459259644637,0.10816327693203691,0.25,1.25
HistoKit (no postprocessing),gaussian,TCGA-CV-7099-01A-02-BS2.1e152adb-e0cb-4962-8004-a9d9310c5e30_R1.png,13894002,36627146,126348,2718206,0.9071395212897336,0.8300597733759113,0.9909882420909606,0.8363729854574419,0.946696962779577,0.9071395212897335,0.9965622860237451,0.9309141776136607,0.00901175790903936,0.25,1.25
HistoKit (no postprocessing),gaussian,1083_he_R1.png,0,17109176,4780840,0,0.0,0.0,0.0,,0.7815972359271003,,0.7815972359271003,1.0,1.0,0.25,0.75
HistoKit (no postprocessing),gaussian,TCGA-KM-8441-01Z-00-DX1.D2CA0ADE-7EDF-49A6-989C-2761F1CFE340_R1.png,4228736,3764507,158940,818365,0.8964146158409467,0.8122748168906084,0.9637758120699887,0.8378544435706755,0.8910540359407252,0.8964146158409468,0.9594897038242137,0.8214296624474784,0.03622418793001124,0.25,0.75
HistoKit (no postprocessing),gaussian,390-02_he_2_R1.png,3518605,27085534,1275480,2840045,0.6309851350363834,0.4609045169521609,0.7339471452842409,0.5533572377784592,0.8814641466576405,0.6309851350363835,0.9550269958612905,0.9050964059876669,0.2660528547157591,0.25,0.75
HistoKit (no postprocessing),gaussian,2-12_he_1_R3.png,3935565,3904454,57067,424194,0.9423804512983168,0.8910391760961378,0.9857069221506014,0.9027024200190882,0.9421650274957699,0.9423804512983168,0.9855946743687589,0.9020031196807872,0.014293077849398593,0.25,0.75
HistoKit (no postprocessing),gaussian,TCGA-CJ-5683-01Z-00-DX1.4758DFEF-5B66-43AC-B88B-FFF4079DB129_R1.png,20202791,67625722,2889760,5558393,0.8270725257751531,0.7051352653511173,0.8748618114993012,0.78423379142822,0.9122512925406038,0.8270725257751531,0.9590194958888603,0.9240491874500362,0.12513818850069877,0.25,1.25
HistoKit (no postprocessing),gaussian,13-23_he_R1.png,6926093,41746829,6264500,4458970,0.5636547809751243,0.39242291721330436,0.5250782129355367,0.608349114976351,0.8194592358404531,0.5636547809751243,0.8695203792421576,0.9034976107652635,0.4749217870644633,0.25,1.25
HistoKit (no postprocessing),gaussian,2-12_he_1_R2.png,5000392,5180094,104769,373049,0.95440059656813,0.9127784440538059,0.9794778264583625,0.9305753985202405,0.9551694153216121,0.95440059656813,0.9801756450451033,0.9328220072848835,0.02052217354163757,0.25,0.75
HistoKit (no postprocessing),gaussian,TCGA-PG-A7D5-01Z-00-DX1.3B12F210-014B-408D-83A9-9D23BD5E306A_R1.png,29560564,50763021,419625,6088880,0.9008297821808633,0.819554394375968,0.9860032570174925,0.8292012632791692,0.9250449344245889,0.9008297821808633,0.991801420348608,0.8928992717411508,0.013996742982507549,0.25,1.25
HistoKit (no postprocessing),gaussian,TCGA-UT-A97Y-01Z-00-DX1.19376AE8-F20F-49A8-BD6C-3998FD71628E_R1.png,35655035,35106167,2054180,7804696,0.8785388195135613,0.7833876328492183,0.9455257819607223,0.8204154554016913,0.8777119019904694,0.8785388195135613,0.9447211835777529,0.8181184097835553,0.05447421803927767,0.25,1.25
HistoKit (no postprocessing),gaussian,47-07b_he_2_R1.png,10078542,37133690,197277,759451,0.9546871024521768,0.9133027103097613,0.980801822219718,0.9299269707961613,0.9801380806228741,0.9546871024521768,0.9947154596879315,0.9799580879294224,0.019198177780282037,0.25,0.75
HistoKit (no postprocessing),gaussian,390-02_he_2_R2.png,2633513,28871100,2884077,1634350,0.5382506052606865,0.3682235868869146,0.47729407223081094,0.617056592491371,0.8745684151032228,0.5382506052606865,0.9091777381684882,0.9464243274562414,0.5227059277691891,0.25,0.75
HistoKit (no postprocessing),gaussian,11-22_he_R1.png,11470115,19226399,172751,1574804,0.929213779202954,0.8677864555553286,0.9851625020849677,0.8792783611764856,0.9461363801192754,0.929213779202954,0.9910949191072804,0.9242926478819519,0.014837497915032262,0.25,0.75
HistoKit (no postprocessing),gaussian,TCGA-PG-A6IB-01Z-00-DX2.C943409D-2569-4C84-874A-773AC7CEE834_R1.png,53415333,23914627,70895,6080679,0.9455527346598899,0.8967283293725491,0.9986745186069207,0.8977968640990592,0.9263121590458556,0.94555273465989,0.9970442586156766,0.797278980917881,0.001325481393079355,0.25,1.25
HistoKit (no postprocessing),gaussian,33-12_he_2_R1.png,3943242,14313806,607917,617851,0.8654813321668453,0.7628621341417409,0.8664258928330124,0.8645388287412689,0.9370846596303122,0.8654813321668452,0.9592595975679216,0.9586214041750356,0.13357410716698756,0.25,0.75
HistoKit (no postprocessing),gaussian,2-12_he_1_R1.png,4818064,4989574,110604,356574,0.9537598880999942,0.9116070749456695,0.977559048408211,0.9310919913624875,0.9545317405197329,0.9537598880999941,0.97831369807093,0.93330263210072,0.0224409515917891,0.25,0.75
HistoKit (no postprocessing),gaussian,TCGA-2Y-A9GY-01Z-00-DX1.9AF8DAB8-B99C-4484-A065-20E7345E1FF4_R1.png,19678153,16467426,66133,9349882,0.8069393703859203,0.6763607400630944,0.9966505246125386,0.677901656105899,0.7933343815846302,0.8069393703859205,0.9960000747570441,0.6378444259176829,0.003349475387461466,0.25,0.75
HistoKit (no postprocessing),gaussian,223-98_he_R1.png,5900009,34761087,677866,276439,0.9251779181066686,0.8607730839293327,0.896947570453984,0.9552430458412343,0.9770684655904193,0.9251779181066687,0.9808722904426663,0.9921102020730573,0.103052429546016,0.25,0.75
HistoKit (no postprocessing),gaussian,10-99_he_R1.png,6838787,12399783,944949,412602,0.9097080336877811,0.8343710325269651,0.8785995568195016,0.9431002805117751,0.9340870545477957,0.9097080336877811,0.9291893610152681,0.967796628028271,0.12140044318049842,0.25,0.75
HistoKit (no postprocessing),gaussian,TCGA-EC-A1QX-01Z-00-DX1.D94B9C3B-F06F-4300-B492-E2534AF4D703_R1.png,7739066,48968912,321338,9318784,0.6162105057142905,0.4453065356102943,0.9601337600447819,0.4536952781270793,0.854703872454524,0.6162105057142906,0.9934806985154265,0.8401243377333014,0.039866239955218125,0.25,0.75
HistoKit (no postprocessing),gaussian,TCGA-08-0520-01Z-00-DX1.2d50b1bc-c1d8-41a4-b42f-19d9916a5ef6_R1.png,20211112,19738543,472884,2481819,0.9318830723070816,0.8724541743944687,0.9771376865476091,0.8906347091083122,0.931132800075927,0.9318830723070817,0.976603136433662,0.888308795329257,0.022862313452390922,0.25,0.75
HistoKit (no postprocessing),gaussian,TCGA-AX-A1CF-01Z-00-DX2.97DE8134-0D44-4FCE-BA8A-46AD7D215133_R1.png,111569304,196744390,9362896,12249960,0.9116946814258893,0.8377195864671364,0.9225773119152715,0.9010657986143417,0.9344919164583754,0.9116946814258892,0.9545727073423305,0.9413861666595293,0.07742268808472846,0.5,1.25
HistoKit (no postprocessing),gaussian,33-00_he_R2.png,23963606,43839521,966987,4320958,0.900630848462967,0.8192251412583217,0.961212835972253,0.8472326460467978,0.9276526550328883,0.9006308484629671,0.9784186038331754,0.910280003651957,0.038787164027746956,0.25,0.75
HistoKit (no postprocessing),gaussian,2-12_he_1_R4.png,5129943,4994476,110675,449322,0.948243710213872,0.9015812117526723,0.9788813075099159,0.9194657360781393,0.9475874956572263,0.948243710213872,0.9783209154832051,0.9174616692243173,0.021118692490084186,0.9,1.25
HistoKit (no postprocessing),gaussian,TCGA-CV-7099-01A-02-BS2.1e152adb-e0cb-4962-8004-a9d9310c5e30_R1.png,13896367,36626889,126605,2715841,0.9072162788010385,0.8301883174153388,0.990971600028867,0.8365153506385183,0.9467364638059104,0.9072162788010386,0.99655529349128,0.9309696861402348,0.009028399971133081,0.25,0.75
HistoKit (no postprocessing),gaussian,33-00_he_R1.png,12682649,23695846,1540333,1402772,0.8960342270102627,0.8116503689997936,0.8917011214666517,0.9004096505173683,0.9251529693603515,0.8960342270102627,0.9389633034382899,0.9441095920102055,0.10829887853334835,0.25,0.75
HistoKit (no postprocessing),gaussian,390-02_he_2_R1.png,3752392,27106149,1254865,2606258,0.6602890556820499,0.49285934289221206,0.749390734288254,0.5901240043090907,0.888791464110943,0.6602890556820498,0.9557538739623344,0.9122838482927351,0.25060926571174597,0.9,1.25
HistoKit (no postprocessing),gaussian,TCGA-KM-8441-01Z-00-DX1.D2CA0ADE-7EDF-49A6-989C-2761F1CFE340_R1.png,4358928,3794502,128945,688173,0.9143030699402012,0.8421347105493266,0.9712681263484951,0.8636498457233172,0.9089110275091332,0.9143030699402012,0.9671347669536507,0.8464816209071593,0.028731873651504845,0.9,1.25
HistoKit (no postprocessing),gaussian,13-23_he_R1.png,6925565,41745438,6265891,4459498,0.5635920204972885,0.3923620785596065,0.5250038358161525,0.6083027384213859,0.819426927480713,0.5635920204972884,0.8694914069135641,0.9034843809760931,0.4749961641838475,0.25,0.75
HistoKit (no postprocessing),gaussian,1083_he_R1.png,0,17400829,4489187,0,0.0,0.0,0.0,,0.7949207985960357,,0.7949207985960357,1.0,1.0,0.9,1.25
HistoKit (no postprocessing),gaussian,2-12_he_1_R3.png,3956743,3891970,69551,403016,0.943648460127786,0.8933091158668054,0.9827258019409412,0.9075600279740234,0.9432098186817413,0.9436484601277859,0.9824433595076235,0.906165933951822,0.017274198059058776,0.9,1.25
HistoKit (no postprocessing),gaussian,2-12_he_1_R2.png,5041671,5168920,115943,331770,0.9574864056830014,0.9184402111420881,0.9775200315494723,0.9382574406232431,0.9579939735252437,0.9574864056830014,0.9780613045219905,0.9396857485151863,0.022479968450527705,0.9,1.25
HistoKit (no postprocessing),gaussian,TCGA-CJ-5683-01Z-00-DX1.4758DFEF-5B66-43AC-B88B-FFF4079DB129_R1.png,20206291,67628469,2887013,5554893,0.8272030606481845,0.7053250506480391,0.8749848440916034,0.784369654748788,0.9123161784601058,0.8272030606481845,0.9590584518730227,0.924096231053173,0.12501515590839665,0.25,0.75
HistoKit (no postprocessing),gaussian,TCGA-PG-A7D5-01Z-00-DX1.3B12F210-014B-408D-83A9-9D23BD5E306A_R1.png,29558688,50762432,420214,6090756,0.9007902774206743,0.819489000976943,0.9859830089841183,0.829148639737551,0.9250165463021793,0.9007902774206743,0.9917899125418408,0.8928686989373401,0.01401699101588177,0.25,0.75
HistoKit (no postprocessing),gaussian,TCGA-UT-A97Y-01Z-00-DX1.19376AE8-F20F-49A8-BD6C-3998FD71628E_R1.png,35654133,35103500,2056847,7805598,0.8784974915397747,0.7833219140507444,0.9454576094283416,0.820394700556246,0.8776676326212436,0.8784974915397747,0.9446494135267359,0.8180899071800577,0.05454239057165844,0.25,0.75
HistoKit (no postprocessing),gaussian,390-02_he_2_R2.png,2571186,29065452,2689725,1696677,0.5396677473933162,0.3695513445176691,0.4887339854257181,0.6024527966338189,0.8782334306044132,0.5396677473933162,0.915298063052837,0.9448452673740494,0.5112660145742819,0.9,1.25
HistoKit (no postprocessing),gaussian,47-07b_he_2_R1.png,10121246,37156034,174933,716747,0.9578086144089297,0.919033325021888,0.9830099107639834,0.9338671837119659,0.981488493835034,0.9578086144089297,0.9953139976256173,0.9810748780238768,0.016990089236016585,0.9,1.25
HistoKit (no postprocessing),gaussian,11-22_he_R1.png,11635859,19244059,155091,1409060,0.9370204843647709,0.8815038018910591,0.9868466069315873,0.8919839977542214,0.9517893085481972,0.9370204843647709,0.9920052682720635,0.9317749537006977,0.013153393068412638,0.9,1.25
HistoKit (no postprocessing),gaussian,TCGA-PG-A6IB-01Z-00-DX2.C943409D-2569-4C84-874A-773AC7CEE834_R1.png,53414447,23914513,71009,6081565,0.9455435116137808,0.8967117392021333,0.9986723680545979,0.8977819723446337,0.9263001803488662,0.9455435116137807,0.9970395057485094,0.7972546610926935,0.0013276319454021295,0.25,0.75
HistoKit (no postprocessing),gaussian,2-12_he_1_R1.png,4860233,4987021,113157,314405,0.9578674792777474,0.9191417216438988,0.9772475112548986,0.93924116044446,0.9583873813409408,0.9578674792777474,0.9778131273065371,0.9406942584881879,0.02275248874510143,0.9,1.25
HistoKit (no postprocessing),gaussian,33-12_he_2_R1.png,4007769,14205091,716632,553324,0.8632322631407656,0.7593743516382532,0.8483126220657391,0.8786860956354102,0.9348166096728522,0.8632322631407656,0.9519739107876484,0.9625078980364762,0.15168737793426088,0.9,1.25
HistoKit (no postprocessing),gaussian,TCGA-2Y-A9GY-01Z-00-DX1.9AF8DAB8-B99C-4484-A065-20E7345E1FF4_R1.png,19678340,16483112,50447,9349695,0.8072035539970182,0.6767320247322401,0.9974429750800189,0.6779080981540776,0.7936827671130207,0.807203553997018,0.9969488118075485,0.6380689485273513,0.0025570249199811422,0.9,1.25
HistoKit (no postprocessing),gaussian,223-98_he_R1.png,5906018,34762678,676275,270430,0.9257994969879865,0.8618498077333638,0.8972584477780008,0.9562159351135151,0.9772510902874635,0.9257994969879866,0.9809171845454915,0.9922807305592184,0.10274155222199924,0.9,1.25
HistoKit (no postprocessing),gaussian,TCGA-EC-A1QX-01Z-00-DX1.D94B9C3B-F06F-4300-B492-E2534AF4D703_R1.png,7750473,48951338,338912,9307377,0.6164075692615908,0.4455123890296367,0.9581041080378793,0.4543640024973839,0.8546109232969746,0.6164075692615908,0.9931241574144988,0.8402406060621145,0.04189589196212073,0.9,1.25
HistoKit (no postprocessing),gaussian,TCGA-AX-A1CF-01Z-00-DX2.97DE8134-0D44-4FCE-BA8A-46AD7D215133_R1.png,111809692,196747909,9359377,12009572,0.912775646340677,0.8395467258146898,0.9227577047736498,0.9030072412641703,0.9352311931246515,0.912775646340677,0.9545897809745552,0.9424711778352988,0.07724229522635022,0.9,0.75
HistoKit (no postprocessing),gaussian,10-99_he_R1.png,6931200,12343186,1001546,320189,0.9129528945837218,0.8398466727291564,0.8737453587950503,0.9558444595925002,0.9358260227739,0.9129528945837219,0.9249482117737546,0.9747153503706555,0.12625464120494972,0.9,1.25
HistoKit (no postprocessing),gaussian,TCGA-08-0520-01Z-00-DX1.2d50b1bc-c1d8-41a4-b42f-19d9916a5ef6_R1.png,20288075,19731375,480052,2404856,0.9336208520280386,0.875505540223285,0.9768851567596828,0.8940262057818799,0.9327595578985239,0.9336208520280387,0.9762484855720479,0.891361090331954,0.02311484324031724,0.9,1.25
HistoKit (no postprocessing),gaussian,33-00_he_R2.png,23992451,43978720,827788,4292113,0.9035887394215548,0.8241330346651483,0.966648669257375,0.8482524602465147,0.9299517593612527,0.9035887394215548,0.9815252730697067,0.9110826821654393,0.033351330742625,0.9,1.25
HistoKit (no postprocessing),gaussian,2-12_he_1_R4.png,5129908,4992353,112798,449357,0.9480542869686123,0.9012387951433426,0.9784847748471877,0.9194594628503934,0.9473855192459747,0.9480542869686123,0.9779050609864429,0.9174235672242732,0.021515225152812307,0.75,1.25
HistoKit (no postprocessing),gaussian,33-00_he_R1.png,12750197,23726489,1509690,1335224,0.8996336889336324,0.8175765469062708,0.8941302971054399,0.9052052473262957,0.9276500956217448,0.8996336889336323,0.9401775522356217,0.9467225564349891,0.1058697028945601,0.9,1.25
HistoKit (no postprocessing),gaussian,390-02_he_2_R1.png,3801498,27072013,1289001,2557152,0.6640664734121287,0.4970804760834405,0.7467829774644883,0.59784671274563,0.8892226318780043,0.6640664734121287,0.9545502498606009,0.9136947666260592,0.25321702253551176,0.75,1.25
HistoKit (no postprocessing),gaussian,1083_he_R1.png,0,17198590,4691426,0,0.0,0.0,0.0,,0.7856819291498005,,0.7856819291498005,1.0,1.0,0.75,1.25
HistoKit (no postprocessing),gaussian,TCGA-CV-7099-01A-02-BS2.1e152adb-e0cb-4962-8004-a9d9310c5e30_R1.png,13950546,36621827,131667,2661662,0.908995546780309,0.8331730856805847,0.9906501201196147,0.8397767473173945,0.947656848962654,0.908995546780309,0.9964175650891858,0.9322447657335121,0.009349879880385277,0.9,1.25
HistoKit (no postprocessing),gaussian,2-12_he_1_R3.png,3947817,3892450,69071,411942,0.9425769045776908,0.891390502683553,0.9828048479320309,0.9055126670992594,0.9421948306029841,0.9425769045776908,0.9825645250902368,0.9042972851914974,0.017195152067969035,0.75,1.25
HistoKit (no postprocessing),gaussian,TCGA-KM-8441-01Z-00-DX1.D2CA0ADE-7EDF-49A6-989C-2761F1CFE340_R1.png,4346111,3790738,132709,700990,0.9124810083980331,0.8390483434720578,0.9703696509348444,0.8611103681103272,0.9070626454481934,0.912481008398033,0.9661754064729305,0.843937567012072,0.029630349065155555,0.75,1.25
HistoKit (no postprocessing),gaussian,13-23_he_R1.png,6990023,41877725,6133604,4395040,0.5704118008755262,0.39900427355574486,0.5326288990078734,0.6139643671712665,0.822739334065948,0.5704118008755262,0.872246735765219,0.905018859365763,0.46737110099212664,0.9,1.25
HistoKit (no postprocessing),gaussian,2-12_he_1_R2.png,5036234,5173495,111368,337207,0.957364017997075,0.9182150189733134,0.9783650717363153,0.9372456122622357,0.9579130976185329,0.957364017997075,0.9789269844837983,0.9388087035009333,0.02163492826368472,0.75,1.25
HistoKit (no postprocessing),gaussian,TCGA-UT-A97Y-01Z-00-DX1.19376AE8-F20F-49A8-BD6C-3998FD71628E_R1.png,35800132,35066800,2093547,7659599,0.8801138636966784,0.7858958470562755,0.9447520785722601,0.8237541092925771,0.8790233618975164,0.8801138636966784,0.9436618016510987,0.8207291234629907,0.05524792142773997,0.9,1.25
HistoKit (no postprocessing),gaussian,TCGA-CJ-5683-01Z-00-DX1.4758DFEF-5B66-43AC-B88B-FFF4079DB129_R1.png,20448886,67599672,2915810,5312298,0.8325097077141417,0.7130763426599036,0.875204453762206,0.7937867296782632,0.9145368411490278,0.8325097077141418,0.9586500734689724,0.9271409344720764,0.12479554623779397,0.9,1.25
HistoKit (no postprocessing),gaussian,TCGA-PG-A7D5-01Z-00-DX1.3B12F210-014B-408D-83A9-9D23BD5E306A_R1.png,29762214,50747945,434701,5887230,0.9039896647892103,0.8248003104964798,0.9856044566141938,0.8348577329845593,0.9271936101042829,0.9039896647892103,0.9915068673862621,0.896049937163609,0.014395543385806132,0.9,1.25
HistoKit (no postprocessing),gaussian,390-02_he_2_R2.png,2609722,29008456,2746721,1658141,0.5423189994166853,0.37204230500340435,0.4872117560104719,0.6114821398906197,0.8777209807945138,0.5423189994166853,0.9135032061071491,0.9459300619498147,0.5127882439895282,0.75,1.25
HistoKit (no postprocessing),gaussian,11-22_he_R1.png,11520824,19239023,160127,1524095,0.9318842168142112,0.8724561807660496,0.9862916127291348,0.8831656218026345,0.9480884472289836,0.9318842168142112,0.9917456692690144,0.9265960440045662,0.013708387270865189,0.75,1.25
HistoKit (no postprocessing),gaussian,47-07b_he_2_R1.png,10121032,37152969,177998,716961,0.9576591746150818,0.9187581943376678,0.9827170131556079,0.9338474383587441,0.9814204209515838,0.9576591746150819,0.9952318942072944,0.9810678023434424,0.017282986844392143,0.75,1.25
HistoKit (no postprocessing),gaussian,TCGA-PG-A6IB-01Z-00-DX2.C943409D-2569-4C84-874A-773AC7CEE834_R1.png,53426802,23916846,68676,6069210,0.9456783338285034,0.8969542827119316,0.9987162279398644,0.8979896333219779,0.9264761234502471,0.9456783338285034,0.9971367727581664,0.7975989239798659,0.0012837720601356249,0.9,1.25
HistoKit (no postprocessing),gaussian,223-98_he_R1.png,5903575,34762212,676741,272873,0.9255599617583268,0.8614347276866288,0.8971567626843453,0.9558204003336546,0.9771811882817133,0.9255599617583268,0.9809040351728224,0.992211436050462,0.10284323731565476,0.75,1.25
HistoKit (no postprocessing),gaussian,33-12_he_2_R1.png,3996800,14244151,677572,564293,0.8655330294684674,0.7629424672125437,0.855045340850065,0.8762811896183657,0.9362584443645108,0.8655330294684676,0.9545915709600024,0.9618938357061687,0.144954659149935,0.75,1.25
HistoKit (no postprocessing),gaussian,2-12_he_1_R1.png,4846888,4989558,110620,327750,0.956734733194725,0.9170579752208879,0.977686369845495,0.9366622360829878,0.9573354890248156,0.9567347331947249,0.9783105609255206,0.938361667219578,0.022313630154505045,0.75,1.25
HistoKit (no postprocessing),gaussian,TCGA-2Y-A9GY-01Z-00-DX1.9AF8DAB8-B99C-4484-A065-20E7345E1FF4_R1.png,19678043,16482498,51061,9349992,0.8071861230413868,0.6767075221320498,0.9974118946303897,0.677897866665794,0.7936627722023949,0.8071861230413867,0.9969116752176588,0.6380530099885842,0.0025881053696102975,0.75,1.25
HistoKit (no postprocessing),gaussian,TCGA-08-0520-01Z-00-DX1.2d50b1bc-c1d8-41a4-b42f-19d9916a5ef6_R1.png,20271684,19732988,478439,2421247,0.9332531732230428,0.8748591041444679,0.9769428354713849,0.8933039103675061,0.9324151173640682,0.9332531732230428,0.9763282919113034,0.890709518970075,0.023057164528615084,0.75,1.25
HistoKit (no postprocessing),gaussian,TCGA-EC-A1QX-01Z-00-DX1.D94B9C3B-F06F-4300-B492-E2534AF4D703_R1.png,7748980,48952095,338155,9308870,0.6163439747528185,0.44544595152737654,0.9581860572378228,0.4542764768127284,0.8545998302890362,0.6163439747528185,0.9931395154214069,0.8402211497869971,0.04181394276217721,0.75,1.25
HistoKit (no postprocessing),gaussian,10-99_he_R1.png,6914689,12336307,1008425,336700,0.9113562401351794,0.8371482699247222,0.8727236538562995,0.9535675165130433,0.9346903720365597,0.9113562401351795,0.9244327274612933,0.9734317198751646,0.12727634614370056,0.75,1.25
HistoKit (no postprocessing),gaussian,33-00_he_R2.png,23979378,43888872,917636,4305186,0.9017926470703822,0.82114970789872,0.9631427286822428,0.847790264682885,0.9285436393654207,0.9017926470703823,0.9795200286529805,0.9106697759296385,0.03685727131775722,0.75,1.25
HistoKit (no postprocessing),gaussian,TCGA-AX-A1CF-01Z-00-DX2.97DE8134-0D44-4FCE-BA8A-46AD7D215133_R1.png,111057070,196363418,9743868,12762194,0.9079958980656879,0.8314949517655815,0.9193394673806258,0.8969288494559295,0.9317846290333409,0.907995898065688,0.952724291367361,0.9389735485866743,0.0806605326193742,0.25,1.25
HistoKit (no postprocessing),gaussian,2-12_he_1_R4.png,5103718,4997438,107713,475547,0.9459478795436365,0.8974393781723791,0.9793313966931539,0.9147652961456393,0.9454102124065555,0.9459478795436365,0.978901113796634,0.9131101218073866,0.020668603306846046,0.25,2.25
HistoKit (no postprocessing),gaussian,33-00_he_R1.png,12722979,23735903,1500276,1362442,0.8988748890976038,0.8163240309368263,0.8945195034469958,0.9032728947185888,0.9271973164876303,0.8988748890976038,0.9405505881060678,0.9457158629383731,0.10548049655300422,0.75,1.25
HistoKit (no postprocessing),gaussian,TCGA-CV-7099-01A-02-BS2.1e152adb-e0cb-4962-8004-a9d9310c5e30_R1.png,13940801,36620764,132730,2671407,0.9086175829104197,0.8325382273735501,0.9905688202910841,0.8391901305353268,0.9474543218788727,0.9086175829104197,0.9963886426689119,0.932011723149632,0.00943117970891598,0.75,1.25
HistoKit (no postprocessing),gaussian,1083_he_R1.png,0,17138980,4751036,0,0.0,0.0,0.0,,0.7829587698793824,,0.7829587698793824,1.0,1.0,0.25,2.25
HistoKit (no postprocessing),gaussian,390-02_he_2_R1.png,3528152,27084794,1276220,2830498,0.632114135401686,0.46211029133436454,0.7343627845637265,0.5548586571048886,0.8817178069465188,0.632114135401686,0.9550009037053471,0.9053829058395954,0.26563721543627344,0.25,2.25
HistoKit (no postprocessing),gaussian,TCGA-KM-8441-01Z-00-DX1.D2CA0ADE-7EDF-49A6-989C-2761F1CFE340_R1.png,4227940,3764135,159312,819161,0.8962861576199237,0.8120638912049428,0.9636875201150971,0.8376967292709221,0.8909238320780403,0.8962861576199237,0.9593948892389779,0.8212725078197001,0.036312479884902896,0.25,2.25
HistoKit (no postprocessing),gaussian,2-12_he_1_R3.png,3936117,3904797,56724,423642,0.9424890453272035,0.891233363742145,0.9857935740491545,0.9028290325222105,0.942272583064144,0.9424890453272035,0.9856812572746679,0.902125916525565,0.014206425950845526,0.25,2.25
HistoKit (no postprocessing),gaussian,13-23_he_R1.png,6983912,41847662,6163667,4401151,0.5693566962742944,0.39797250285348285,0.5311937657876025,0.6134276112481767,0.8221303071742135,0.5693566962742945,0.8716205710531363,0.9048375360466008,0.4688062342123976,0.75,1.25
HistoKit (no postprocessing),gaussian,TCGA-CJ-5683-01Z-00-DX1.4758DFEF-5B66-43AC-B88B-FFF4079DB129_R1.png,20343696,67670172,2845310,5417488,0.8311998788973035,0.7111565646597587,0.8772991822072925,0.7897034546238247,0.9141765253898593,0.8311998788973035,0.9596498539143503,0.9258768443263884,0.12270081779270746,0.75,1.25
HistoKit (no postprocessing),gaussian,2-12_he_1_R2.png,5001006,5179315,105548,372435,0.9543909133544434,0.9127607301274012,0.9793308755767588,0.930689664220748,0.9551539344345967,0.9543909133544434,0.9800282429270163,0.9329157472868915,0.020669124423241193,0.25,2.25
HistoKit (no postprocessing),gaussian,TCGA-PG-A7D5-01Z-00-DX1.3B12F210-014B-408D-83A9-9D23BD5E306A_R1.png,29742447,50743255,439391,5906997,0.9035961657255892,0.8241453901185782,0.9854418740170827,0.8343032502835107,0.9269119515607651,0.9035961657255892,0.9914152347653148,0.8957286721337091,0.014558125982917277,0.75,1.25
HistoKit (no postprocessing),gaussian,TCGA-UT-A97Y-01Z-00-DX1.19376AE8-F20F-49A8-BD6C-3998FD71628E_R1.png,35767206,35089376,2070971,7692525,0.8799047080030645,0.785562366246846,0.9452676855970096,0.8229964884044036,0.8788949819671472,0.8799047080030645,0.9442693309618448,0.8201920714088885,0.054732314402990395,0.75,1.25
HistoKit (no postprocessing),gaussian,390-02_he_2_R2.png,2630250,28888008,2867169,1637613,0.5386941206613388,0.36863885123430423,0.47845179710696967,0.6162920412393743,0.8749472004583733,0.5386941206613388,0.9097101867830873,0.9463528358685971,0.5215482028930304,0.25,2.25
HistoKit (no postprocessing),gaussian,47-07b_he_2_R1.png,10078854,37136366,194601,759139,0.954823563026089,0.913552515392119,0.9810578816960799,0.9299557584139425,0.9802001122714711,0.954823563026089,0.9947871428029175,0.9799675713518001,0.01894211830392015,0.25,2.25
HistoKit (no postprocessing),gaussian,11-22_he_R1.png,11468082,19228166,170984,1576837,0.9291921057317123,0.8677486510002381,0.9853094741450903,0.8791225150573951,0.9461281813942635,0.9291921057317123,0.9911860055724091,0.924208758825942,0.014690525854909663,0.25,2.25
HistoKit (no postprocessing),gaussian,TCGA-PG-A6IB-01Z-00-DX2.C943409D-2569-4C84-874A-773AC7CEE834_R1.png,53428022,23916496,69026,6067990,0.9456867881974345,0.8969694940847683,0.9987097231981847,0.8980101388980491,0.926486544916628,0.9456867881974343,0.997122180622127,0.7976290138840466,0.0012902768018153076,0.75,1.25
HistoKit (no postprocessing),gaussian,2-12_he_1_R1.png,4818270,4989535,110643,356368,0.9537775382140398,0.9116393243802932,0.9775522513787522,0.9311318009105178,0.9545479938521527,0.9537775382140398,0.9783060512789946,0.9333381095766234,0.022447748621247727,0.25,2.25
HistoKit (no postprocessing),gaussian,33-12_he_2_R1.png,3942144,14321261,600462,618949,0.8660532383594844,0.7637512338820375,0.8678155226317229,0.864298096969301,0.9374109471649272,0.8660532383594846,0.9597592047513548,0.9585715997298565,0.13218447736827715,0.25,2.25
HistoKit (no postprocessing),gaussian,TCGA-2Y-A9GY-01Z-00-DX1.9AF8DAB8-B99C-4484-A065-20E7345E1FF4_R1.png,19678130,16468053,65506,9349905,0.8069491816263584,0.6763745258784415,0.9966821714095621,0.6779008637684225,0.7933476383640133,0.8069491816263584,0.9960379976265243,0.6378526527930676,0.0033178285904379517,0.25,2.25
HistoKit (no postprocessing),gaussian,223-98_he_R1.png,5899943,34761647,677306,276505,0.9252129794207907,0.8608337853970247,0.8970229042567797,0.9552323600878693,0.9770803361957272,0.9252129794207907,0.9808880922638995,0.9921084593730857,0.10297709574322031,0.25,2.25
HistoKit (no postprocessing),gaussian,TCGA-AX-A1CF-01Z-00-DX2.97DE8134-0D44-4FCE-BA8A-46AD7D215133_R1.png,111050526,196358589,9748697,12768738,0.9079487602259595,0.8314158962118169,0.9192983468113863,0.8968759982291609,0.9317501577244995,0.9079487602259596,0.9527008618220318,0.9389427571079699,0.08070165318861364,0.25,0.75
HistoKit (no postprocessing),gaussian,10-99_he_R1.png,6842201,12401278,943454,409188,0.9100460170230266,0.834939851806801,0.8788214992829761,0.9435710868634961,0.9343254003994247,0.9100460170230266,0.9293013902414825,0.9680583048266941,0.12117850071702381,0.25,2.25
HistoKit (no postprocessing),gaussian,TCGA-EC-A1QX-01Z-00-DX1.D94B9C3B-F06F-4300-B492-E2534AF4D703_R1.png,7739040,48969697,320553,9318810,0.6162283318409442,0.4453251544460098,0.9602271479465526,0.4536937539021623,0.8547153121189605,0.6162283318409442,0.9934966245859983,0.840126116114108,0.03977285205344736,0.25,2.25
HistoKit (no postprocessing),gaussian,TCGA-08-0520-01Z-00-DX1.2d50b1bc-c1d8-41a4-b42f-19d9916a5ef6_R1.png,20211750,19738656,472771,2481181,0.931901209872816,0.8724859708546713,0.977143729845134,0.8906628235903066,0.9311503041252825,0.931901209872816,0.9766087273303364,0.8883348694232095,0.02285627015486605,0.25,2.25
HistoKit (no postprocessing),gaussian,33-00_he_R2.png,23953324,43846305,960203,4331240,0.9005332165020734,0.8190635952066228,0.9614585682709638,0.8468691262131529,0.9276047969306018,0.9005332165020734,0.9785700104100948,0.9100983663654925,0.0385414317290362,0.25,2.25
HistoKit (no postprocessing),constant,2-12_he_1_R4.png,5109415,4998175,106976,469850,0.9465686939265201,0.898557588396271,0.9794923348345628,0.9157863983876012,0.9460123978699444,0.94656869392652,0.9790454777929194,0.9140731799872898,0.020507665165437176,0.25,
HistoKit (no postprocessing),gaussian,33-00_he_R1.png,12677636,23702284,1533895,1407785,0.896042513695468,0.8116639678715765,0.8920668716129178,0.900053750612069,0.925189208984375,0.896042513695468,0.9392184133739105,0.9439354388074361,0.10793312838708229,0.25,2.25
HistoKit (no postprocessing),constant,390-02_he_2_R1.png,3543338,27124783,1236231,2815312,0.636248577981812,0.4665429254256913,0.7413509460790293,0.5572468998922727,0.8833069640305274,0.636248577981812,0.9564109026567245,0.9059685014359506,0.2586490539209707,0.25,
HistoKit (no postprocessing),gaussian,TCGA-CV-7099-01A-02-BS2.1e152adb-e0cb-4962-8004-a9d9310c5e30_R1.png,13890066,36627517,125977,2722142,0.9070100672741647,0.8298430206142422,0.9910119425290005,0.8361360512702466,0.946630159573278,0.9070100672741647,0.9965723803021286,0.9308217130928631,0.008988057470999483,0.25,2.25
HistoKit (no postprocessing),constant,1083_he_R1.png,0,17439692,4450324,0,0.0,0.0,0.0,,0.7966961741827873,,0.7966961741827873,1.0,1.0,0.25,
HistoKit (no postprocessing),constant,TCGA-KM-8441-01Z-00-DX1.D2CA0ADE-7EDF-49A6-989C-2761F1CFE340_R1.png,4375461,3740016,183431,671640,0.9109856732146275,0.8365231299607765,0.9597641268975006,0.86692558757988,0.9046801823032439,0.9109856732146275,0.9532474887516004,0.8477578487533933,0.040235873102499466,0.25,
HistoKit (no postprocessing),constant,2-12_he_1_R3.png,3932946,3906945,54576,426813,0.9423298436940124,0.8909486932912885,0.986313304352929,0.9021016987406872,0.942149645246885,0.9423298436940124,0.9862234732568627,0.9015143439019899,0.013686695647071038,0.25,
HistoKit (no postprocessing),gaussian,TCGA-CJ-5683-01Z-00-DX1.4758DFEF-5B66-43AC-B88B-FFF4079DB129_R1.png,20197256,67625784,2889698,5563928,0.8269406706965985,0.7049436034813867,0.8748341595864054,0.7840189332912648,0.9121944459522519,0.8269406706965986,0.9590203751284009,0.9239793702153112,0.12516584041359463,0.25,2.25
HistoKit (no postprocessing),gaussian,13-23_he_R1.png,6926622,41747840,6263489,4458441,0.5637088876766447,0.3924753713505788,0.5251375064243204,0.6083955793657004,0.8194851633412346,0.5637088876766447,0.8695414367721418,0.9035100660882013,0.47486249357567956,0.25,2.25
HistoKit (no postprocessing),gaussian,TCGA-PG-A7D5-01Z-00-DX1.3B12F210-014B-408D-83A9-9D23BD5E306A_R1.png,29562472,50763694,418952,6086972,0.9008709743104418,0.81962258593368,0.9860262808064086,0.8292547844504952,0.9250746584586412,0.9008709743104418,0.9918145693366459,0.8929305067419967,0.013973719193591338,0.25,2.25
HistoKit (no postprocessing),constant,2-12_he_1_R2.png,4996129,5174844,110019,377312,0.9534971266525815,0.911127098583741,0.97845362100746,0.9297820521338189,0.954276871817505,0.9534971266525815,0.9791822418102418,0.9320422552968612,0.021546378992539972,0.25,
HistoKit (no postprocessing),gaussian,TCGA-UT-A97Y-01Z-00-DX1.19376AE8-F20F-49A8-BD6C-3998FD71628E_R1.png,35655696,35108028,2052319,7804035,0.8785680952628646,0.7834341894069812,0.9455734013047359,0.8204306648837748,0.8777431845203623,0.8785680952628645,0.9447712638420733,0.8181388995444009,0.054426598695264124,0.25,2.25
HistoKit (no postprocessing),constant,47-07b_he_2_R1.png,10050991,37150466,180501,787002,0.9540803678874923,0.9121928096525714,0.9823582914398017,0.9273848949708677,0.9799143888512436,0.9540803678874923,0.995164845314615,0.9792552839846876,0.01764170856019826,0.25,
HistoKit (no postprocessing),constant,390-02_he_2_R2.png,2578974,29059249,2695928,1688889,0.5405087519183381,0.3703405228560133,0.48891410684027875,0.60427759747677,0.8782774302224354,0.5405087519183382,0.9151027248249947,0.9450734545291816,0.5110858931597213,0.25,
HistoKit (no postprocessing),constant,11-22_he_R1.png,11548846,19227787,171363,1496073,0.9326700027554875,0.8738347138779272,0.9853788443533729,0.8853137378622282,0.9486058299284224,0.9326700027554874,0.991166468633935,0.9278091533141026,0.01462115564662712,0.25,
HistoKit (no postprocessing),constant,2-12_he_1_R1.png,4800174,4989724,110454,374464,0.9519181744933649,0.9082479548132748,0.9775071538711546,0.9276347446913195,0.9528051889201714,0.9519181744933648,0.9783431088091435,0.9301918575560737,0.022492846128845435,0.25,
HistoKit (no postprocessing),gaussian,TCGA-PG-A6IB-01Z-00-DX2.C943409D-2569-4C84-874A-773AC7CEE834_R1.png,53416239,23914752,70770,6079773,0.9455622362938941,0.896745420962979,0.9986768749772491,0.8978120920104695,0.9263245090824517,0.9455622362938941,0.9970494700928335,0.7973039079632033,0.0013231250227508514,0.25,2.25
HistoKit (no postprocessing),constant,33-12_he_2_R1.png,3915046,14383579,538144,646047,0.8686317037084369,0.7677709429861762,0.8791553919774364,0.8583569771543794,0.9392186940532621,0.8686317037084369,0.9639355321097972,0.9570150980470172,0.1208446080225636,0.25,
HistoKit (no postprocessing),constant,TCGA-2Y-A9GY-01Z-00-DX1.9AF8DAB8-B99C-4484-A065-20E7345E1FF4_R1.png,19677954,16466417,67142,9350081,0.8069178089058913,0.6763304447331597,0.9965995607213052,0.6778948006642544,0.7933078680258641,0.8069178089058912,0.9959390473642123,0.6378253549338876,0.003400439278694821,0.25,
HistoKit (no postprocessing),constant,223-98_he_R1.png,5898706,34765400,673553,277742,0.9253810602126161,0.8611248377919944,0.8975157552372783,0.9550320831649518,0.977140794582275,0.925381060212616,0.9809939926837004,0.992074283750013,0.10248424476272161,0.25,
HistoKit (no postprocessing),constant,10-99_he_R1.png,6811443,12450547,894185,439946,0.9108023344494427,0.8362139979331107,0.8839568948825456,0.9393294167503633,0.9352241618700919,0.9108023344494428,0.9329934089347017,0.96587050627156,0.11604310511745441,0.25,
HistoKit (no postprocessing),constant,TCGA-EC-A1QX-01Z-00-DX1.D94B9C3B-F06F-4300-B492-E2534AF4D703_R1.png,7734896,48968072,322178,9322954,0.6159601358937021,0.4450450827812245,0.9600130270616851,0.45345081590001085,0.85462836162603,0.6159601358937021,0.9934636566055153,0.8400619333754736,0.039986972938314824,0.25,
HistoKit (no postprocessing),constant,TCGA-08-0520-01Z-00-DX1.2d50b1bc-c1d8-41a4-b42f-19d9916a5ef6_R1.png,20195000,19736015,475412,2497931,0.931431877842075,0.8716635453817306,0.9770003616763904,0.8899247082714877,0.9306983453755444,0.931431877842075,0.976478058674432,0.8876523762358692,0.02299963832360961,0.25,
HistoKit (no postprocessing),gaussian,TCGA-AX-A1CF-01Z-00-DX2.97DE8134-0D44-4FCE-BA8A-46AD7D215133_R1.png,111845954,196825419,9281867,11973310,0.9132254339748521,0.8403080662026832,0.9233713037733916,0.9033001036090798,0.9355760335141261,0.9132254339748521,0.9549658472529691,0.9426562122415985,0.07662869622660842,0.9,1.25
HistoKit (no postprocessing),constant,33-00_he_R2.png,23808114,43946969,859539,4476450,0.8992301115551026,0.8169101653257265,0.9651552176447431,0.841735230566043,0.9269953380899927,0.8992301115551026,0.9808166483315326,0.907556093880938,0.034844782355256905,0.25,
HistoKit (no postprocessing),gaussian,2-12_he_1_R4.png,5130420,4992432,112719,448845,0.94811097423456,0.9013412546486427,0.9785016189729092,0.9195512312105627,0.947440833453134,0.9481109742345601,0.9779205355532089,0.9175110916058858,0.021498381027090833,0.75,1.75
HistoKit (no postprocessing),constant,33-00_he_R1.png,12608872,23768498,1467681,1476549,0.8954537064766838,0.8106982131281593,0.8957357671299216,0.8951718234052074,0.9251243591308593,0.8954537064766837,0.9418421861724788,0.9415113388380699,0.10426423287007835,0.25,
HistoKit (no postprocessing),constant,TCGA-CV-7099-01A-02-BS2.1e152adb-e0cb-4962-8004-a9d9310c5e30_R1.png,13843998,36629460,124034,2768210,0.9054211477738566,0.8271867722754009,0.991120152072962,0.8333629099756035,0.9458033176439804,0.9054211477738565,0.9966252460242283,0.9297367077799271,0.008879847927037969,0.25,
HistoKit (no postprocessing),gaussian,TCGA-KM-8441-01Z-00-DX1.D2CA0ADE-7EDF-49A6-989C-2761F1CFE340_R1.png,4344575,3790440,133007,702526,0.9122770805075613,0.8387035559876358,0.9702949047052628,0.8608060349891948,0.9068581986295597,0.9122770805075614,0.9660994528535749,0.8436387010273392,0.029705095294737204,0.75,1.75
HistoKit (no postprocessing),constant,13-23_he_R1.png,6930944,41633429,6377900,4454119,0.5613485140281771,0.3901907581522294,0.520777311688378,0.6087751995750924,0.8176317005921842,0.561348514028177,0.8671584367098024,0.9033552620330333,0.47922268831162196,0.25,
HistoKit (no postprocessing),gaussian,1083_he_R1.png,0,17194735,4695281,0,0.0,0.0,0.0,,0.7855058214667362,,0.7855058214667362,1.0,1.0,0.75,1.75
HistoKit (no postprocessing),gaussian,2-12_he_1_R3.png,3947828,3892554,68967,411931,0.9425899958383841,0.8914139190367614,0.9828303411052842,0.9055151901745028,0.9422086505922166,0.9425899958383841,0.9825907776331364,0.9043019083583751,0.017169658894715813,0.75,1.75
HistoKit (no postprocessing),gaussian,390-02_he_2_R1.png,3807813,27069005,1292009,2550837,0.6646284076969425,0.49771045866767816,0.7466560597605171,0.5988398480809606,0.8893178804956177,0.6646284076969424,0.9544441887726581,0.9138808032804496,0.25334394023948287,0.75,1.75
HistoKit (no postprocessing),gaussian,2-12_he_1_R2.png,5036383,5173443,111420,337058,0.9573740519657181,0.9182334793899062,0.9783558150923802,0.9372733412351602,0.9579221985036268,0.9573740519657182,0.9789171450612816,0.9388335107824134,0.021644184907619813,0.75,1.75
HistoKit (no postprocessing),constant,TCGA-CJ-5683-01Z-00-DX1.4758DFEF-5B66-43AC-B88B-FFF4079DB129_R1.png,20191707,67612994,2902488,5569477,0.8265909471298953,0.7044354610253704,0.8743195855062279,0.7838035317010275,0.912003963660312,0.8265909471298954,0.9588389965199415,0.9238960242268944,0.12568041449377212,0.25,
HistoKit (no postprocessing),constant,TCGA-PG-A7D5-01Z-00-DX1.3B12F210-014B-408D-83A9-9D23BD5E306A_R1.png,29621501,50762006,420640,6027943,0.9018354786233275,0.8212207379389524,0.985998334805765,0.8309106027011248,0.9257350249199345,0.9018354786233275,0.9917815894082537,0.8938554602329366,0.014001665194234991,0.25,
HistoKit (no postprocessing),constant,TCGA-UT-A97Y-01Z-00-DX1.19376AE8-F20F-49A8-BD6C-3998FD71628E_R1.png,35677215,35147842,2012505,7782516,0.879296521673326,0.7845933725361559,0.9466033443602128,0.8209258129094265,0.8785039503434864,0.879296521673326,0.9458426747199105,0.8187176542995519,0.05339665563978719,0.25,
HistoKit (no postprocessing),gaussian,47-07b_he_2_R1.png,10125694,37153475,177492,712299,0.9579119499437567,0.9192236202037405,0.9827730956230432,0.9342775918013603,0.9815277099609375,0.9579119499437567,0.995245448637856,0.9811888435186878,0.017226904376956797,0.75,1.75
HistoKit (no postprocessing),gaussian,390-02_he_2_R2.png,2612090,29014127,2741050,1655773,0.5429974400797921,0.37268118465730704,0.48795473310991305,0.6120369843174441,0.8779441435259212,0.542997440079792,0.9136817911611703,0.9460130942715822,0.5120452668900869,0.75,1.75
HistoKit (no postprocessing),gaussian,11-22_he_R1.png,11519905,19239780,159370,1525014,0.9318730471051958,0.8724365999562718,0.9863544612144162,0.8830951729175168,0.9480834540205176,0.9318730471051959,0.9917846915973123,0.926557711095039,0.013645538785583866,0.75,1.75
HistoKit (no postprocessing),constant,TCGA-PG-A6IB-01Z-00-DX2.C943409D-2569-4C84-874A-773AC7CEE834_R1.png,53444716,23909864,75658,6051296,0.9457870295020759,0.8971498700640758,0.9985863701176677,0.89829072913324,0.9266070745657357,0.9457870295020759,0.9968456804900889,0.7980286477559614,0.001413629882332287,0.25,
HistoKit (no postprocessing),gaussian,33-12_he_2_R1.png,3998631,14245009,676714,562462,0.8658383242544366,0.7634170178473548,0.8552590236656332,0.8766826284840059,0.9363964634270528,0.8658383242544366,0.9546490710221601,0.9620149855434463,0.14474097633436678,0.75,1.75
HistoKit (no postprocessing),gaussian,2-12_he_1_R1.png,4846947,4989519,110659,327691,0.9567371255567868,0.917062371329369,0.9776789442323573,0.9366736378467441,0.9573374355316923,0.9567371255567868,0.9783029141335852,0.9383716272255562,0.02232105576764269,0.75,1.75
HistoKit (no postprocessing),gaussian,TCGA-2Y-A9GY-01Z-00-DX1.9AF8DAB8-B99C-4484-A065-20E7345E1FF4_R1.png,19678044,16482526,51033,9349991,0.8071866110527629,0.6767082081172615,0.9974133103135032,0.6778979011152495,0.7936634087033917,0.807186611052763,0.9969133687429307,0.6380534270044224,0.0025866896864967376,0.75,1.75
HistoKit (no postprocessing),gaussian,223-98_he_R1.png,5904376,34762293,676660,272072,0.9256332988542255,0.8615617906503151,0.8971803223686969,0.9559500865222211,0.9772023823583966,0.9256332988542254,0.9809063207933937,0.9922341392515606,0.10281967763130304,0.75,1.75
HistoKit (no postprocessing),gaussian,TCGA-EC-A1QX-01Z-00-DX1.D94B9C3B-F06F-4300-B492-E2534AF4D703_R1.png,7749751,48951084,339166,9308099,0.61636161817541,0.44546438308730646,0.9580702830799228,0.45432167594392026,0.8545962130038388,0.61636161817541,0.9931190042655494,0.8402294965241789,0.04192971692007719,0.75,1.75
HistoKit (no postprocessing),gaussian,10-99_he_R1.png,6915213,12335582,1009150,336176,0.9113502909114487,0.8371382303261324,0.8726522245384266,0.9536397785307064,0.9346806129173547,0.9113502909114488,0.9243783989067746,0.9734704529553042,0.1273477754615734,0.75,1.75
HistoKit (no postprocessing),gaussian,TCGA-08-0520-01Z-00-DX1.2d50b1bc-c1d8-41a4-b42f-19d9916a5ef6_R1.png,20271419,19732635,478792,2421512,0.9332390829374174,0.8748343401135945,0.9769259213797874,0.8932922327221635,0.9324007132329075,0.9332390829374173,0.9763108265438161,0.8906971232067747,0.023074078620212584,0.75,1.75
HistoKit (no postprocessing),gaussian,TCGA-AX-A1CF-01Z-00-DX2.97DE8134-0D44-4FCE-BA8A-46AD7D215133_R1.png,111679752,196808708,9298578,12139512,0.9124252422186796,0.8389540449431264,0.9231384827348832,0.9019578084392426,0.9350216282987834,0.9124252422186797,0.9548847681202304,0.9419018166318909,0.07686151726511682,0.75,1.25
HistoKit (no postprocessing),gaussian,33-00_he_R2.png,23975148,43891411,915097,4309416,0.9017483447848398,0.8210762446865394,0.9632347130371758,0.8476407131465771,0.9285205038448472,0.9017483447848397,0.979576694528393,0.9105945630351944,0.03676528696282419,0.75,1.75
HistoKit (no postprocessing),gaussian,33-00_he_R1.png,12722890,23736964,1499215,1362531,0.8989051180240901,0.8163738954185391,0.894585576467056,0.9032665761286084,0.9272220357259114,0.8989051180240902,0.9405926309208696,0.9457148042221567,0.10541442353294396,0.75,1.75
HistoKit (no postprocessing),gaussian,TCGA-CV-7099-01A-02-BS2.1e152adb-e0cb-4962-8004-a9d9310c5e30_R1.png,13939936,36620869,132625,2672272,0.9085899261617384,0.8324917901540135,0.99057563154283,0.8391380603951022,0.9474400805221301,0.9085899261617384,0.9963914995401526,0.9319913875045011,0.00942436845716995,0.75,1.75
HistoKit (no postprocessing),gaussian,TCGA-CJ-5683-01Z-00-DX1.4758DFEF-5B66-43AC-B88B-FFF4079DB129_R1.png,20343783,67666875,2848607,5417401,0.8311459751641422,0.7110776517032229,0.8771749267755501,0.7897068317977931,0.9141431839777252,0.8311459751641422,0.9596030982245857,0.925874602629983,0.12282507322444991,0.75,1.75
HistoKit (no postprocessing),gaussian,13-23_he_R1.png,6983910,41851023,6160306,4401153,0.5694345928390313,0.39804862468267266,0.5313295216694552,0.6134274355794078,0.8221868594307883,0.5694345928390313,0.8716905753639937,0.9048444120769583,0.46867047833054476,0.75,1.75
HistoKit (no postprocessing),gaussian,TCGA-PG-A7D5-01Z-00-DX1.3B12F210-014B-408D-83A9-9D23BD5E306A_R1.png,29743433,50743631,439015,5906011,0.903617748066545,0.8241812985142979,0.9854546258143143,0.8343309084988815,0.9269276370060884,0.9036177480665449,0.9914225810052884,0.8957449545753529,0.014545374185685668,0.75,1.75
HistoKit (no postprocessing),gaussian,TCGA-UT-A97Y-01Z-00-DX1.19376AE8-F20F-49A8-BD6C-3998FD71628E_R1.png,35768322,35089030,2071317,7691409,0.879916338835098,0.7855809073404153,0.9452606564243385,0.8230221673484357,0.8789045329378123,0.879916338835098,0.9442600199616005,0.8202120132521314,0.054739343575661494,0.75,1.75
HistoKit (no postprocessing),gaussian,TCGA-PG-A6IB-01Z-00-DX2.C943409D-2569-4C84-874A-773AC7CEE834_R1.png,53428889,23916476,69046,6067123,0.9456947105317066,0.8969837484251253,0.9987093707448708,0.8980247113033392,0.9264966908729779,0.9456947105317066,0.9971213467857819,0.797651942983896,0.0012906292551291933,0.75,1.75
HistoKit (no postprocessing),gaussian,TCGA-AX-A1CF-01Z-00-DX2.97DE8134-0D44-4FCE-BA8A-46AD7D215133_R1.png,111061685,196371019,9736267,12757579,0.908044714236303,0.8315768292666217,0.919400396788184,0.8969661215237074,0.9318216554563432,0.9080447142363031,0.9527611702188927,0.938996487701792,0.08059960321181604,0.25,2.25
HistoKit (no postprocessing),constant,TCGA-AX-A1CF-01Z-00-DX2.97DE8134-0D44-4FCE-BA8A-46AD7D215133_R1.png,111477024,195781845,10325441,12342240,0.907713046837155,0.8310206802422802,0.9152279799920305,0.9003205187845407,0.9312947654561295,0.907713046837155,0.9499025910224251,0.940697685229463,0.08477202000796946,0.25,
HistoKit (no postprocessing),gaussian,TCGA-AX-A1CF-01Z-00-DX2.97DE8134-0D44-4FCE-BA8A-46AD7D215133_R1.png,111685124,196809356,9297930,12134140,0.9124515234369636,0.8389984842979789,0.923146840052492,0.9020011942568161,0.9350398747842512,0.9124515234369635,0.9548879121138881,0.9419262133912032,0.07685315994750802,0.75,1.75
