Method,Mode,Image,TP,TN,FP,FN,DICE,JACCARD,PRECISION,RECALL,ACCURACY,F1,SPECIFICITY,NPV,FDR,Overlap,Sigma
HistoKit (no postprocessing),gaussian,2125a939-8f92-6ca7-9a29-e1755d6267ed_103351_7.png,938391,328035,17333,1428691,0.5648184095008857,0.3935518775045451,0.9818640109487676,0.39643366811965114,0.46689376762705304,0.5648184095008858,0.9498129531398393,0.1867308846114875,0.018135989051232364,0.25,1.75
HistoKit (no postprocessing),gaussian,39bcf904-a619-148a-5bca-38122a540be1_104536_1.png,1675151,912317,1379,330469,0.9098765666797931,0.8346546261358376,0.9991774677458799,0.8352285078928212,0.8863267970990465,0.909876566679793,0.998490745280706,0.7340901812540533,0.0008225322541201172,0.25,1.75
HistoKit (no postprocessing),gaussian,228e0715-eef2-126e-c558-f7684e2bcfa8_110725_2.png,2868502,184942,61367,625695,0.8930487326873665,0.8067642714348553,0.9790546949368726,0.8209331070915578,0.816318433923111,0.8930487326873665,0.7508536025886183,0.22814403981066742,0.020945305063127397,0.25,1.75
HistoKit (no postprocessing),gaussian,0502ebf6-5b9d-c3a6-85fe-a3909acf1f7b_112628_8.png,4011259,94886,530,52290,0.9934590973158027,0.9870032054002887,0.9998678893630747,0.987131938116164,0.9872997248113413,0.9934590973158027,0.9944453760375618,0.6447110942001413,0.00013211063692532184,0.25,1.75
HistoKit (no postprocessing),gaussian,9e7010fd-072a-6a7f-3911-83d91e8c9301_113642_3.png,3292034,270625,4026,477641,0.9318305880421499,0.8723621717777853,0.9987785416527611,0.8732938515919807,0.8809030231489746,0.9318305880421498,0.985341396900066,0.36166951324796265,0.0012214583472388246,0.25,1.75
HistoKit (no postprocessing),gaussian,c74350c8-f970-c60d-af8a-f9c4d9c5bab2_124242_3.png,307494,1908182,1519154,19174,0.2856004413657819,0.1665891944076948,0.16833785162768086,0.9413043212068523,0.5902167392469481,0.2856004413657819,0.55675370024999,0.9900516562586258,0.8316621483723191,0.25,1.75
HistoKit (no postprocessing),gaussian,be2180cd-04c9-2627-2456-4397fd5e59ee_103647_4.png,4398777,437239,27362,448746,0.9486601948615336,0.9023345166091098,0.9938180884061707,0.9074277729058737,0.9103733271286589,0.9486601948615336,0.9411064547859346,0.4935060977330316,0.006181911593829295,0.25,1.75
HistoKit (no postprocessing),gaussian,332605c9-e7e2-297a-c808-98d567218fe3_115336_2.png,5444251,468840,13028,183737,0.9822498637155064,0.9651188722031634,0.9976127297138373,0.9673529865379955,0.9677954766855389,0.9822498637155064,0.9729635501838678,0.7184439537403249,0.002387270286162756,0.25,1.75
HistoKit (no postprocessing),gaussian,3e1fffa8-5bae-87b0-bc39-e4a1bc285608_122517_10.png,3512544,1692463,315387,1717486,0.7755705726708252,0.6334138622938545,0.9176090164634629,0.671610679097443,0.7191341939905055,0.7755705726708252,0.8429230271185596,0.49633088354107346,0.08239098353653711,0.25,1.75
HistoKit (no postprocessing),gaussian,d9d9ce51-54c1-b32b-5fae-fd9ffdaa32e5_111717_1.png,7402661,300102,7598,645649,0.9577420781962418,0.9189108167570931,0.9989746647181967,0.9197783137080953,0.9218230949939026,0.9577420781962418,0.975307117322067,0.31731608002529205,0.0010253352818032405,0.25,1.75
HistoKit (no postprocessing),gaussian,04e13be9-17d6-1bd0-76ee-d5d53a64912e_105258_2.png,3255604,114396,7976,914376,0.8759205548889092,0.7792336731167107,0.9975560580711978,0.7807241281732766,0.7851173435915787,0.8759205548889092,0.9348216912365573,0.11119664998658595,0.002443941928802113,0.25,1.75
HistoKit (no postprocessing),gaussian,b91bdd22-8eea-af27-bee7-880d6f1d7c1e_121440_5.png,3225133,799687,311929,4775391,0.5590654752215931,0.38798811854936205,0.9118112716146903,0.4031152209530276,0.4416986569565437,0.5590654752215931,0.7193914085439577,0.1434396074817249,0.08818872838530961,0.25,1.75
HistoKit (no postprocessing),gaussian,cd7afea3-2dfd-f8a4-f2e6-1e02af01c417_132555_3.png,0,3998131,4619,106110,0.0,0.0,0.0,0.0,0.9730511626095802,,0.9988460433452002,0.9741462550566596,1.0,0.25,1.75
HistoKit (no postprocessing),gaussian,def4a0a8-b472-78ea-531c-84458df3a3e9_124843_7.png,11366210,165675,59406,390715,0.980583621096583,0.9619068727847925,0.9948006304430326,0.9667672456871164,0.9624335858286167,0.980583621096583,0.7360683487277914,0.2977677528352415,0.005199369556967432,0.25,1.75
HistoKit (no postprocessing),gaussian,19a1c0fb-3d0a-327d-ea5a-6aae35f53e51_121144_1.png,6543435,59889,3888,13936,0.9986398766731982,0.997283448191879,0.9994061695138609,0.9978747580394642,0.9973080196968864,0.9986398766731981,0.9390375840820359,0.8112292583813071,0.0005938304861391442,0.25,1.75
HistoKit (no postprocessing),gaussian,be2180cd-04c9-2627-2456-4397fd5e59ee_103647_5.png,4965177,480754,15252,108953,0.9876468972930588,0.9755952687379332,0.9969376132056094,0.9785277476138766,0.9777016216480172,0.9876468972930588,0.9692503719713068,0.8152421456757338,0.0030623867943906035,0.25,1.75
HistoKit (no postprocessing),gaussian,0504f20c-cba2-27c1-e181-78505aa24ca7_112258_3.png,3464255,2235328,2630992,117647,0.7159660350377989,0.5575911966307489,0.5683535056085504,0.9671551594655576,0.6746488195977804,0.7159660350377989,0.45934669318910387,0.9500007437393088,0.4316464943914496,0.25,1.75
HistoKit (no postprocessing),gaussian,b0f43f79-08e2-79bc-61fa-379c7ef1dd21_131900_10.png,5008420,182893,3499,416268,0.9597793612425954,0.9226690237458658,0.9993018642160817,0.9232641582336164,0.9251896248137613,0.9597793612425954,0.9812277350959269,0.3052485058273152,0.0006981357839182955,0.25,1.75
HistoKit (no postprocessing),gaussian,d9d9ce51-54c1-b32b-5fae-fd9ffdaa32e5_111717_2.png,6592312,751376,5221,1788596,0.8802400730489909,0.7860971373085246,0.9992086435945072,0.7865868471530769,0.8036863454520682,0.8802400730489908,0.9930993646551599,0.2958205838489558,0.0007913564054927804,0.25,1.75
HistoKit (no postprocessing),gaussian,cbd7b0be-5303-525e-8ff2-6d1502e77bdd_110516_1.png,11620870,482127,19151,95412,0.9950949857089968,0.9902378548793215,0.9983547280541848,0.9918564609489597,0.9906230867701898,0.9950949857089968,0.9617956503177877,0.834795572247069,0.001645271945815218,0.25,1.75
HistoKit (no postprocessing),gaussian,6f1702fd-ae84-1c96-04ae-a23a14a5d2d4_111419_5.png,2298758,936404,24239,236130,0.9464028069828743,0.8982586639897121,0.9895656343938455,0.9068479554126258,0.9255137488410201,0.9464028069828743,0.9747679418889224,0.7986156478191677,0.010434365606154463,0.25,1.75
HistoKit (no postprocessing),gaussian,c0272a60-2518-4785-1810-6431c15f4b4b_130712_1.png,8107631,225039,48499,17781,0.9959291325109133,0.9918912745685633,0.9940536749659459,0.9978116801954166,0.9921085373766959,0.9959291325109133,0.8226973948774942,0.9267729182110205,0.005946325034054141,0.25,1.75
HistoKit (no postprocessing),gaussian,2125a939-8f92-6ca7-9a29-e1755d6267ed_103351_8.png,6813553,209012,0,1352385,0.9097175598289688,0.8343870600046192,1.0,0.8343870600046192,0.8385202299715222,0.9097175598289688,1.0,0.13386217598727293,0.0,0.25,1.75
HistoKit (no postprocessing),gaussian,e398b039-2e70-a00a-855c-e3ff4eba631e_115619_4.png,5043866,185852,975,536651,0.9494016107504331,0.9036770096597827,0.999806733254824,0.9038348955840472,0.9067810069938607,0.9494016107504331,0.9947812682321078,0.25723353397840565,0.00019326674517591337,0.25,1.75
HistoKit (no postprocessing),gaussian,04e13be9-17d6-1bd0-76ee-d5d53a64912e_105258_4.png,7999467,388649,28381,730247,0.9547292141899878,0.9133797932084545,0.9964646814438938,0.9163492641339682,0.9170603222305117,0.9547292141899877,0.9319449440088243,0.34735042398936095,0.0035353185561061945,0.25,1.75
HistoKit (no postprocessing),gaussian,deaaef3a-8172-327d-10b9-23d266fb17ca_123636_1.png,3627701,3645479,440858,102484,0.9303295505019783,0.8697347402076651,0.8916427167456586,0.9725257594462473,0.9304880098847031,0.9303295505019783,0.8921141354714504,0.9726560801160524,0.10835728325434141,0.25,1.75
HistoKit (no postprocessing),gaussian,8e6bc805-8b70-bd59-8612-caf5bbe72e5e_125634_2.png,7180649,1492579,216228,55617,0.9814226513060113,0.9635229494985169,0.9707676631637919,0.99231412996703,0.9696095269429327,0.9814226513060113,0.873462597004811,0.9640762539110035,0.029232336836208038,0.25,1.75
HistoKit (no postprocessing),gaussian,0502ebf6-5b9d-c3a6-85fe-a3909acf1f7b_112628_7.png,4997521,904612,222,236955,0.9768205703963139,0.9546913690149842,0.9999555799487889,0.9547318585470638,0.9613674826649901,0.9768205703963138,0.9997546511293784,0.7924300544777486,4.44200512111167e-05,0.25,1.75
HistoKit (no postprocessing),gaussian,7ea29210-064a-9e70-4612-3ab81fa629dc_120503_2.png,8471011,44319,24541,316834,0.9802483851988125,0.9612619102249946,0.9971113118959192,0.9639463372419518,0.961455755836962,0.9802483851988125,0.6436102236421726,0.12271530348633404,0.0028886881040808177,0.25,1.75
HistoKit (no postprocessing),gaussian,9e7010fd-072a-6a7f-3911-83d91e8c9301_113642_1.png,8242432,270318,75499,54118,0.9921985525759125,0.984517888034339,0.9909233437978747,0.993477047688497,0.985002141195809,0.9921985525759125,0.7816793275055882,0.8331936036691366,0.009076656202125263,0.25,1.75
HistoKit (no postprocessing),gaussian,24aa9d72-799e-9634-ead4-94165f32d151_102546_1.png,6244897,394530,34926,92855,0.9898727766627106,0.979948618147661,0.9944383782791331,0.985348906047444,0.981117618964867,0.9898727766627106,0.9186738571588242,0.8094832627183849,0.005561621720866974,0.25,1.75
HistoKit (no postprocessing),gaussian,f4c75e72-7c5b-0601-d74f-78529d4dec70_114117_1.png,4373643,8481172,10290907,167704,0.4554479283107683,0.2948737932885993,0.29824597413490356,0.9630717494170782,0.5513910739674212,0.4554479283107683,0.45179716109227963,0.9806097347215985,0.7017540258650964,0.25,1.75
HistoKit (no postprocessing),gaussian,b91bdd22-8eea-af27-bee7-880d6f1d7c1e_121440_6.png,5477542,393665,114538,822953,0.9211700577881577,0.8538602997053951,0.9795178180569662,0.8693828024623462,0.8623097984372342,0.9211700577881577,0.7746215587078392,0.32357321690127877,0.02048218194303372,0.25,1.75
HistoKit (no postprocessing),gaussian,0502ebf6-5b9d-c3a6-85fe-a3909acf1f7b_112628_2.png,8274124,2891937,271915,412429,0.9602878081254405,0.9236092599761477,0.9681823356996148,0.952520982718922,0.9422514251622623,0.9602878081254405,0.9140557143633773,0.8751866469997573,0.03181766430038524,0.25,1.75
HistoKit (no postprocessing),gaussian,b1a83861-bd20-5668-5a83-92a470ead44d_110338_5.png,2699040,2334168,2,175498,0.968512159150851,0.9389467532196456,0.9999992589963402,0.9389474065049758,0.9663064237810989,0.9685121591508511,0.9999991431643797,0.9300711728174187,7.410036598170758e-07,0.25,1.75
HistoKit (no postprocessing),gaussian,e398b039-2e70-a00a-855c-e3ff4eba631e_115619_1.png,14220882,375755,1067,2010160,0.9339563394610402,0.8760957679621298,0.9999249751212017,0.8761533609487302,0.8788991167076031,0.9339563394610401,0.9971684243488969,0.15748884599828578,7.502487879825754e-05,0.25,1.75
HistoKit (no postprocessing),gaussian,d9d9ce51-54c1-b32b-5fae-fd9ffdaa32e5_111717_5.png,9065340,225881,6043,998580,0.9474989761071461,0.9002356811042901,0.9993338391731448,0.9007762382848831,0.902424415132941,0.9474989761071461,0.9739440506372777,0.18447382154270328,0.0006661608268551774,0.25,1.75
HistoKit (no postprocessing),gaussian,2125a939-8f92-6ca7-9a29-e1755d6267ed_103351_5.png,4153837,952396,2737,39102,0.9949890490619033,0.9900280669908734,0.9993415250155536,0.9906743217585565,0.991872879788783,0.9949890490619033,0.9971344304929262,0.9605627041103462,0.0006584749844463253,0.25,1.75
HistoKit (no postprocessing),gaussian,59c3e1ff-f1eb-ac9b-3a83-925048a454e4_130514_4.png,1778473,1074355,0,71492,0.980296755794091,0.9613549445530051,1.0,0.9613549445530051,0.975552607101822,0.9802967557940909,1.0,0.93760772598785,0.0,0.25,1.75
HistoKit (no postprocessing),gaussian,6247d1f0-d194-53f2-2d84-7b4b827443da_115125_1.png,2663686,454693,246079,13902,0.953469737816816,0.9110770823079373,0.91542994021854,0.9948080137795657,0.9230452053659172,0.9534697378168159,0.648845844297432,0.9703325899764189,0.08457005978146001,0.25,1.75
HistoKit (no postprocessing),gaussian,40f80889-968b-7602-00a3-4e00b00e88fe_110004_3.png,21088534,9011028,120933,1183762,0.9699944319185034,0.9417370759705981,0.9942981594021199,0.9468504728924221,0.9584548362344634,0.9699944319185034,0.9867571707763535,0.8838855925428577,0.0057018405978801825,0.25,1.75
HistoKit (no postprocessing),gaussian,66e65946-ef0a-6028-f7a7-e909aade97a4_112429_4.png,9078825,971135,23118,52330,0.99586203068727,0.9917581658314101,0.9974601027494898,0.9942690711087481,0.9925486459409834,0.99586203068727,0.9767483728990508,0.948869770827532,0.0025398972505101384,0.25,1.75
HistoKit (no postprocessing),gaussian,0e99786b-efbd-e936-5e70-bad7ef5912da_122209_3.png,9726753,1755940,61224,198263,0.9868367527954786,0.9740155453904573,0.9937449791718963,0.9800239112964654,0.9779012926049507,0.9868367527954787,0.9663079391843554,0.8985453404789574,0.006255020828103703,0.25,1.75
HistoKit (no postprocessing),gaussian,7e3642ed-4a56-9d3f-3ecf-de46d455c0fd_113100_1.png,557802,1941859,1716911,96628,0.3808636177885477,0.23522639721575261,0.24521862758071017,0.8523478446892716,0.5795374663822684,0.38086361778854766,0.5307409320618678,0.9525981769812611,0.7547813724192898,0.25,1.75
HistoKit (no postprocessing),gaussian,0e99786b-efbd-e936-5e70-bad7ef5912da_122209_4.png,5240649,253232,12174,28432,0.9961408125373507,0.9923112972200736,0.9976823890696488,0.9946039926127536,0.9926630959653533,0.9961408125373507,0.9541306526604523,0.8990570324926153,0.0023176109303511654,0.25,1.75
HistoKit (no postprocessing),gaussian,728c532f-2f31-cf1c-4143-7abb9ca2b76d_102101_5.png,4829021,1829461,588982,76248,0.9355601596083102,0.8789225319338341,0.8912916807170465,0.9844558983411511,0.9091676461335454,0.9355601596083103,0.756462318938259,0.959989694124339,0.10870831928295352,0.25,1.75
HistoKit (no postprocessing),gaussian,0502ebf6-5b9d-c3a6-85fe-a3909acf1f7b_112628_5.png,2742816,844067,94,11511,0.9978889394799606,0.9957867733363926,0.9999657298270814,0.9958207576660287,0.9967750344033383,0.9978889394799606,0.9998886468339571,0.9865459373663185,3.4270172918542714e-05,0.25,1.75
HistoKit (no postprocessing),gaussian,228e0715-eef2-126e-c558-f7684e2bcfa8_110725_7.png,7208594,366352,1001,2025162,0.8767791917839618,0.7805937936428646,0.999861157249471,0.7806784151541366,0.78896573302105,0.8767791917839617,0.997275100516397,0.15318831501718158,0.00013884275052898255,0.25,1.75
HistoKit (no postprocessing),gaussian,59c3e1ff-f1eb-ac9b-3a83-925048a454e4_130514_1.png,4973861,709410,118616,89234,0.9795334029437239,0.9598877668013519,0.976707602214011,0.9823756022748932,0.9647180901563557,0.9795334029437239,0.8567484595894331,0.8882681144539996,0.02329239778598902,0.25,1.75
HistoKit (no postprocessing),gaussian,f761dbde-597d-9a8f-e1a1-2533f0d71b83_120113_1.png,9252186,1003376,5795,118883,0.9933073345124953,0.9867036570008907,0.9993740535868457,0.9873138272698664,0.9879889096976563,0.9933073345124952,0.9942576629728758,0.8940681250941181,0.0006259464131542288,0.25,1.75
HistoKit (no postprocessing),gaussian,c38dfb82-e376-0eab-4312-72ca49852e8b_104329_1.png,3513673,810269,42721,77075,0.983238614819742,0.9670298549402788,0.9879875514355271,0.9785351130182346,0.9730416149646987,0.9832386148197418,0.9499161772119251,0.9131396617320904,0.01201244856447289,0.25,1.75
HistoKit (no postprocessing),gaussian,7d4546a5-f4cc-3733-763f-d1c5a5904dff_120251_4.png,3286571,261030,5617,168318,0.9742206884551636,0.9497371193692483,0.9982938398414671,0.951281213376175,0.9532625776023663,0.9742206884551636,0.978934696433862,0.6079683613292713,0.0017061601585328663,0.25,1.75
HistoKit (no postprocessing),gaussian,59c3e1ff-f1eb-ac9b-3a83-925048a454e4_130514_3.png,2348205,404668,7811,69404,0.9838246615517557,0.9681642767025918,0.9966846574895926,0.9712922974724201,0.9727163960979305,0.9838246615517556,0.9810632783729596,0.8536002970012994,0.0033153425104073997,0.25,1.75
HistoKit (no postprocessing),gaussian,c0272a60-2518-4785-1810-6431c15f4b4b_130712_3.png,33230626,2122043,166145,362785,0.9921043653829751,0.984332436125641,0.9950251178474709,0.989200709627254,0.9852590181390746,0.9921043653829751,0.9273901445160975,0.8539999549264576,0.004974882152529057,0.25,1.75
HistoKit (no postprocessing),gaussian,7e3642ed-4a56-9d3f-3ecf-de46d455c0fd_113100_3.png,3820269,1512344,41479,113820,0.9800792397275623,0.9609366510647032,0.9892590091326519,0.9710682701891086,0.9717016234954204,0.9800792397275624,0.9733051962804,0.9300070595585685,0.010740990867348154,0.25,1.75
HistoKit (no postprocessing),gaussian,7e3642ed-4a56-9d3f-3ecf-de46d455c0fd_113100_4.png,8164163,3779195,820,99726,0.9938799206664949,0.9878342964041444,0.9998995711319913,0.9879323161286411,0.9916517102760035,0.993879920666495,0.9997830696439035,0.9742902729908652,0.0001004288680086658,0.25,1.75
HistoKit (no postprocessing),gaussian,3e1fffa8-5bae-87b0-bc39-e4a1bc285608_122517_7.png,3575144,351973,22,2611373,0.7324851667483978,0.5778908045354599,0.9999938464395779,0.5778928595848035,0.6006132587964969,0.7324851667483977,0.9999374991122033,0.11877553279299818,6.153560422089492e-06,0.25,1.75
HistoKit (no postprocessing),gaussian,b0f43f79-08e2-79bc-61fa-379c7ef1dd21_131900_5.png,7423038,146873,23909,426221,0.970572441296881,0.9428273345621483,0.99678942256471,0.9456992054918815,0.9438743517645358,0.970572441296881,0.8600028106006488,0.2562808195514174,0.003210577435289925,0.25,1.75
HistoKit (no postprocessing),gaussian,66e65946-ef0a-6028-f7a7-e909aade97a4_112429_5.png,13326975,461422,17866,16777,0.998701954801439,0.9974072750770153,0.9986612054800803,0.9987427074483998,0.9974938219089289,0.998701954801439,0.9627238737460566,0.9649162796241731,0.0013387945199197203,0.25,1.75
HistoKit (no postprocessing),gaussian,cbd7b0be-5303-525e-8ff2-6d1502e77bdd_110516_5.png,4547869,503877,136918,108811,0.973694816884757,0.9487380877578804,0.9707739113859392,0.976633352517244,0.9536139387160865,0.9736948168847569,0.7863310419088788,0.8224038988849137,0.02922608861406079,0.25,1.75
HistoKit (no postprocessing),gaussian,1875292b-dccd-c5b5-17ad-67c30baa6d69_130951_13.png,11103913,342129,49611,1568174,0.9320989081874962,0.8728326202995857,0.9955519887705446,0.8762497448131472,0.8761630110380365,0.9320989081874963,0.8733573288405575,0.17909671921155962,0.004448011229455372,0.25,1.75
HistoKit (no postprocessing),gaussian,6f1702fd-ae84-1c96-04ae-a23a14a5d2d4_111419_3.png,4544142,344874,16580,74148,0.9901157117999192,0.9804249094365106,0.9963646106910266,0.9839447068070649,0.9817805895242807,0.9901157117999192,0.9541297094512718,0.8230450907112276,0.0036353893089734477,0.25,1.75
HistoKit (no postprocessing),gaussian,1875292b-dccd-c5b5-17ad-67c30baa6d69_130951_12.png,7143709,279184,6961,1037506,0.9318761522148125,0.8724420432584742,0.9990265247871878,0.8731843619804638,0.8766478571833488,0.9318761522148125,0.9756731726921666,0.2120347234352809,0.000973475212812226,0.25,1.75
HistoKit (no postprocessing),gaussian,e398b039-2e70-a00a-855c-e3ff4eba631e_115619_3.png,16586487,539085,23488,4225340,0.8864611597271559,0.7960756532838597,0.9985859099727724,0.7969740955467293,0.801218841230631,0.8864611597271558,0.9582489739109413,0.11314796643876228,0.0014140900272276147,0.25,1.75
HistoKit (no postprocessing),gaussian,04e13be9-17d6-1bd0-76ee-d5d53a64912e_105258_3.png,9053549,317457,2,1802492,0.9094660503339295,0.833963995905322,0.9999997790922037,0.8339641495458612,0.8386813442520249,0.9094660503339295,0.9999936999738549,0.14974747034008837,2.2090779628899203e-07,0.25,1.75
HistoKit (no postprocessing),gaussian,b91bdd22-8eea-af27-bee7-880d6f1d7c1e_121440_1.png,5062694,1314566,70026,692826,0.9299379881413341,0.8690505576644662,0.9863569413488364,0.8796240826198154,0.8931596591201931,0.9299379881413341,0.9494248125079445,0.6548626277279176,0.013643058651163515,0.25,1.75
HistoKit (no postprocessing),gaussian,b91bdd22-8eea-af27-bee7-880d6f1d7c1e_121440_2.png,9040383,1021691,2261,1872500,0.9060530448531878,0.8282422110051869,0.9997499625109647,0.8284138114556896,0.8429432089829507,0.9060530448531878,0.997791888682282,0.3530143656724798,0.0002500374890352866,0.25,1.75
HistoKit (no postprocessing),gaussian,b1a83861-bd20-5668-5a83-92a470ead44d_110338_3.png,847278,1707136,39491,89766,0.9291281507479111,0.8676371046608673,0.9554664179735647,0.9042030043413116,0.9518357503583711,0.9291281507479111,0.9773901353866624,0.9500440202081137,0.044533582026435294,0.25,1.75
HistoKit (no postprocessing),gaussian,3e1fffa8-5bae-87b0-bc39-e4a1bc285608_122517_3.png,10496951,486519,22211,1614743,0.927667163805028,0.865092565006896,0.9978885200170888,0.8666790128614544,0.8702932643150499,0.9276671638050281,0.9563402983901087,0.23153657183159454,0.0021114799829111863,0.25,1.75
HistoKit (no postprocessing),gaussian,0504f20c-cba2-27c1-e181-78505aa24ca7_112258_4.png,9870022,1355685,420020,207633,0.9691838993873485,0.9402102846582696,0.9591818964392954,0.9793966949652474,0.9470485162013134,0.9691838993873485,0.7634629625979541,0.8671844116168304,0.04081810356070461,0.25,1.75
HistoKit (no postprocessing),gaussian,c74350c8-f970-c60d-af8a-f9c4d9c5bab2_124242_4.png,0,2719856,917522,1278,0.0,0.0,0.0,0.0,0.7474891828191508,,0.7477518146313086,0.9995303428644088,1.0,0.25,1.75
HistoKit (no postprocessing),gaussian,c74350c8-f970-c60d-af8a-f9c4d9c5bab2_124242_5.png,0,5541036,5559828,1850,0.0,0.0,0.0,0.0,0.4990704074697412,,0.4991535793970632,0.9996662388510246,1.0,0.25,1.75
HistoKit (no postprocessing),gaussian,5fe08b37-e6eb-942a-a4ce-507361c4911e_102333_2.png,8932911,68371,14613,255515,0.9851053846090224,0.9706479566152006,0.9983668107512201,0.9721916463167902,0.970864410051977,0.9851053846090224,0.8239058131688036,0.21109587941436184,0.001633189248779886,0.25,1.75
HistoKit (no postprocessing),gaussian,cbd7b0be-5303-525e-8ff2-6d1502e77bdd_110516_4.png,3236782,341788,449,81451,0.9875066051769943,0.9753215282452492,0.9998613012169969,0.9754535019089979,0.9776258240062069,0.9875066051769943,0.9986880436656469,0.8075531791729968,0.0001386987830031283,0.25,1.75
HistoKit (no postprocessing),gaussian,7e6be544-b3c1-c3b1-a8a1-838402bd2649_124526_4.png,4602884,474504,18090,87882,0.9886195276070853,0.9774951708015704,0.9960852409037575,0.9812648936229179,0.9795553463390542,0.9886195276070852,0.9632760447752104,0.8437336633557735,0.00391475909624248,0.25,1.75
HistoKit (no postprocessing),gaussian,66e65946-ef0a-6028-f7a7-e909aade97a4_112429_3.png,4704315,170356,11992,3775,0.9983270017169268,0.9966595919308181,0.9974573326121476,0.9991981886497497,0.9967759534013109,0.9983270017169269,0.9342356373527541,0.9783209193078775,0.0025426673878524023,0.25,1.75
HistoKit (no postprocessing),gaussian,24aa9d72-799e-9634-ead4-94165f32d151_102546_6.png,8292563,118295,2872,31594,0.9979261825440721,0.9958609487249294,0.9996537854856316,0.9962045405919182,0.9959189250761723,0.9979261825440721,0.9762971766239983,0.7892173541754232,0.0003462145143684448,0.25,1.75
HistoKit (no postprocessing),gaussian,0f3058e5-e9f7-bd55-4b60-07a71af55b96_123333_3.png,30682148,1532436,101156,447089,0.9911448473742985,0.9824451456630725,0.996713932981333,0.9856376499044933,0.983266249688023,0.9911448473742985,0.9380775615943271,0.774143291951352,0.003286067018667002,0.25,1.75
HistoKit (no postprocessing),gaussian,def4a0a8-b472-78ea-531c-84458df3a3e9_124843_6.png,16517141,7852057,2130044,83257,0.9372070135986346,0.8818340218559712,0.8857712839766432,0.9949846383201174,0.9167384150000344,0.9372070135986347,0.7866136597896575,0.98950803963145,0.11422871602335688,0.25,1.75
HistoKit (no postprocessing),gaussian,84acf623-2a5d-c4c6-c1db-583a94b80fc7_105804_1.png,45317201,3736160,55095,859704,0.990007569809375,0.9802128612216646,0.9987857127618139,0.9813823815173408,0.981692361695928,0.990007569809375,0.9854678727756376,0.8129396344191212,0.0012142872381860508,0.25,1.75
HistoKit (no postprocessing),gaussian,1875292b-dccd-c5b5-17ad-67c30baa6d69_130951_4.png,3915235,146416,6663,142321,0.9813290483283693,0.9633425265715257,0.9983010776924847,0.9649244520593184,0.9646172133181812,0.9813290483283693,0.9564734548827729,0.5070912283496746,0.0016989223075153917,0.25,1.75
HistoKit (no postprocessing),gaussian,9e7010fd-072a-6a7f-3911-83d91e8c9301_113642_6.png,6740396,1648516,29757,1146131,0.9197711896555018,0.8514595989734578,0.9956046783580814,0.8546722784313044,0.8770608899297424,0.9197711896555018,0.9822692732350458,0.5898834450290144,0.00439532164191858,0.25,1.75
HistoKit (no postprocessing),gaussian,b91bdd22-8eea-af27-bee7-880d6f1d7c1e_121440_4.png,6483240,244400,31359,223192,0.9807465091035639,0.9622204072521692,0.995186349919619,0.9667197102721685,0.9635428191523262,0.9807465091035638,0.8862811367897331,0.5226778901264351,0.004813650080381003,0.25,1.75
HistoKit (no postprocessing),gaussian,969ce636-2f0f-f223-bb1c-2b4624598a38_125938_4.png,14942897,755574,85667,4565882,0.865318273035653,0.7626088025147534,0.9942997215169727,0.7659575722294051,0.7714228782084736,0.8653182730356532,0.8981659239147878,0.14198632855368906,0.005700278483027387,0.25,1.75
HistoKit (no postprocessing),gaussian,859ead5f-592a-5c4e-67de-d71b0ee92f6d_113334_2.png,12697624,598311,41767,311042,0.9862976456825461,0.9729657245855368,0.9967214288343925,0.9760896313273013,0.9741508083088085,0.986297645682546,0.9347470152075216,0.6579524123195283,0.003278571165607524,0.25,1.75
HistoKit (no postprocessing),gaussian,35ce6eab-4a33-9fbb-2efe-2acf7936ba3e_104917_2.png,7202890,4508557,881707,197146,0.930327505986096,0.8697311664947825,0.8909398947158405,0.9733587782545923,0.9156506884123125,0.9303275059860959,0.8364260080767844,0.9581048782721732,0.10906010528415949,0.25,1.75
HistoKit (no postprocessing),gaussian,d9d9ce51-54c1-b32b-5fae-fd9ffdaa32e5_111717_3.png,10795863,733386,28623,1126878,0.9492025555466607,0.903316391334077,0.9973557173984982,0.9054849887286824,0.9089062851061314,0.9492025555466607,0.9624374515261631,0.39423759208370424,0.002644282601501817,0.25,1.75
HistoKit (no postprocessing),gaussian,6b809376-ab46-9021-2fa3-0d0025b512da_132412_1.png,3741892,440521,6497,77803,0.9888611172920385,0.9779676503426906,0.9982667220504595,0.9796310962000893,0.9802424020551652,0.9888611172920385,0.9854659096501707,0.8498950463416705,0.001733277949540456,0.25,1.75
HistoKit (no postprocessing),gaussian,c38dfb82-e376-0eab-4312-72ca49852e8b_104329_5.png,2600477,527578,2574,91449,0.9822429823585636,0.9651055854518463,0.999011160365279,0.9660284123709195,0.9708191421809156,0.9822429823585637,0.995144788664383,0.8522697717547054,0.0009888396347209486,0.25,1.75
HistoKit (no postprocessing),gaussian,8e6bc805-8b70-bd59-8612-caf5bbe72e5e_125634_1.png,64573628,1029154,141569,108007,0.9980712356234502,0.9961498971880501,0.9978124303631495,0.9983301751725973,0.996210067375264,0.9980712356234502,0.8790755797912914,0.9050204852259267,0.0021875696368505223,0.25,1.75
HistoKit (no postprocessing),gaussian,cbd7b0be-5303-525e-8ff2-6d1502e77bdd_110516_2.png,9597585,747809,32216,37490,0.996381705233919,0.9927895001815917,0.9966545518438024,0.9961090079734719,0.9933072174054978,0.9963817052339189,0.9586987596551393,0.9522602219027402,0.0033454481561976204,0.25,1.75
HistoKit (no postprocessing),gaussian,7e6be544-b3c1-c3b1-a8a1-838402bd2649_124526_3.png,50301219,513532,35575,56114,0.9990894305086929,0.9981805177823831,0.9992932605123799,0.9988856836401563,0.9981988722841354,0.9990894305086929,0.9352129912749245,0.9014932080625512,0.0007067394876201293,0.25,1.75
HistoKit (no postprocessing),gaussian,7ea29210-064a-9e70-4612-3ab81fa629dc_120503_4.png,2758344,176425,4758,528080,0.9119207025476046,0.838101326514304,0.9982780223097084,0.8393147080230671,0.8463384114751181,0.9119207025476046,0.973739258098166,0.2504240566071213,0.0017219776902915637,0.25,1.75
HistoKit (no postprocessing),gaussian,e3dca99c-de77-4ab1-72a1-8daf3d4d032c_120923_2.png,9082661,1121266,186278,239491,0.9770982240902376,0.9552219451581386,0.9799029856599553,0.9743094727483526,0.9599453267525242,0.9770982240902377,0.8575359605489375,0.824001640263471,0.020097014340044746,0.25,1.75
HistoKit (no postprocessing),gaussian,b0f43f79-08e2-79bc-61fa-379c7ef1dd21_131900_4.png,12835183,195025,12713,697411,0.9730814704351587,0.9475741672004924,0.9990104994623245,0.9484643520673125,0.9483182793545308,0.9730814704351587,0.938802722660274,0.2185310767382759,0.0009895005376755852,0.25,1.75
HistoKit (no postprocessing),gaussian,24aa9d72-799e-9634-ead4-94165f32d151_102546_7.png,10987109,598067,10820,70524,0.9963118600197084,0.9926508248261975,0.9990161784095897,0.9936221431838079,0.993027569489445,0.9963118600197084,0.9822298718809894,0.8945184724293327,0.00098382159041034,0.25,1.75
HistoKit (no postprocessing),gaussian,859ead5f-592a-5c4e-67de-d71b0ee92f6d_113334_1.png,20240392,372578,9180,359490,0.9909749099706449,0.9821112673638421,0.9995466570849003,0.982548929163769,0.9824289235731811,0.9909749099706449,0.9759533526474887,0.5089390603058732,0.00045334291509963764,0.25,1.75
HistoKit (no postprocessing),gaussian,19a1c0fb-3d0a-327d-ea5a-6aae35f53e51_121144_3.png,24681115,1521262,39229,171190,0.9957553408130358,0.991546563582622,0.9984130884262775,0.9931117053327649,0.9920334446985468,0.9957553408130357,0.9748611174303472,0.8988508979870625,0.0015869115737224368,0.25,1.75
HistoKit (no postprocessing),gaussian,7ea29210-064a-9e70-4612-3ab81fa629dc_120503_1.png,8758129,155990,5143,1028258,0.9442900271104714,0.8944597013949812,0.9994131187529042,0.8949297631495668,0.8961147099980699,0.9442900271104714,0.9680822674436645,0.1317207206598618,0.0005868812470958336,0.25,1.75
HistoKit (no postprocessing),gaussian,f761dbde-597d-9a8f-e1a1-2533f0d71b83_120113_5.png,3492176,671094,526899,32038,0.9259027461363339,0.8620287807326036,0.8689004310693381,0.9909091786140115,0.8816364890399765,0.9259027461363338,0.5601819042348327,0.954435298066366,0.1310995689306619,0.25,1.75
HistoKit (no postprocessing),gaussian,5fe08b37-e6eb-942a-a4ce-507361c4911e_102333_3.png,13471184,1653790,28912,1705109,0.9395314033437056,0.8859587226873955,0.9978583855996284,0.8876465418794959,0.8971456483616016,0.9395314033437056,0.9828181103962556,0.49236074082608616,0.0021416144003716716,0.25,1.75
HistoKit (no postprocessing),gaussian,969ce636-2f0f-f223-bb1c-2b4624598a38_125938_2.png,4523774,328798,6278,1267654,0.8765746772749644,0.7802696445801149,0.9986141439436015,0.7811154692763167,0.7920621613892687,0.8765746772749645,0.9812639520586375,0.2059554562241771,0.0013858560563984696,0.25,1.75
HistoKit (no postprocessing),gaussian,969ce636-2f0f-f223-bb1c-2b4624598a38_125938_5.png,12683406,272435,8394,1704550,0.936744481744961,0.8810153962636362,0.9993386280905782,0.8815293847159388,0.8832252296287662,0.9367444817449612,0.9701099245448298,0.13780327114267432,0.0006613719094218315,0.25,1.75
HistoKit (no postprocessing),gaussian,a40a1d35-8d5f-0529-214c-05d84888ba26_111152_2.png,2750966,3931795,0,131319,0.976688594206081,0.9544392730073535,1.0,0.9544392730073535,0.98072828613694,0.976688594206081,1.0,0.9676802078405873,0.0,0.25,1.75
HistoKit (no postprocessing),gaussian,9e7010fd-072a-6a7f-3911-83d91e8c9301_113642_2.png,2600435,835761,96413,435747,0.9071764843372527,0.8301216722876721,0.9642497463705778,0.856481923679147,0.8658991280016208,0.9071764843372527,0.8965718846481451,0.657299049632405,0.0357502536294222,0.25,1.75
HistoKit (no postprocessing),gaussian,04e13be9-17d6-1bd0-76ee-d5d53a64912e_105258_1.png,14084220,254099,57069,814070,0.9700016656577563,0.9417507129049861,0.9959643707161349,0.9453581585537669,0.9427238630068212,0.9700016656577564,0.816597465034965,0.23788276948685086,0.004035629283865141,0.25,1.75
HistoKit (no postprocessing),gaussian,2125a939-8f92-6ca7-9a29-e1755d6267ed_103351_3.png,10169163,2440330,401178,754225,0.9462446465199221,0.8979737501640239,0.9620468251686488,0.930953198769466,0.9160616251659294,0.9462446465199221,0.8588151080341847,0.7639029536195182,0.03795317483135123,0.25,1.75
HistoKit (no postprocessing),gaussian,40f80889-968b-7602-00a3-4e00b00e88fe_110004_1.png,8820278,897506,95246,2831745,0.8576888629451047,0.7508364710129648,0.9893168365650746,0.7569739606590203,0.7685217016514726,0.8576888629451047,0.9040586168549648,0.2406665574400865,0.010683163434925418,0.25,1.75
HistoKit (no postprocessing),gaussian,c38dfb82-e376-0eab-4312-72ca49852e8b_104329_2.png,5768634,752510,15456,58891,0.993597186954614,0.9872758442993397,0.9973278424090911,0.9898943376476291,0.9887276019328963,0.993597186954614,0.9798741090100342,0.9274205972139546,0.0026721575909088554,0.25,1.75
HistoKit (no postprocessing),gaussian,f9a50b4c-7c73-18cd-0877-8296eed330e2_114604_2.png,8621880,1654212,42800,2158074,0.8868132976943665,0.7966438117322079,0.9950604061546416,0.7998067524221346,0.8236050334672708,0.8868132976943666,0.9747792001470821,0.43391602833575443,0.004939593845358398,0.25,1.75
HistoKit (no postprocessing),gaussian,0f3058e5-e9f7-bd55-4b60-07a71af55b96_123333_2.png,15229584,834771,40413,95460,0.9955589861768774,0.9911572431591198,0.9973534375939956,0.9937709803639063,0.9916128958185033,0.9955589861768775,0.953823424559864,0.8973803281120496,0.002646562406004402,0.25,1.75
HistoKit (no postprocessing),gaussian,0502ebf6-5b9d-c3a6-85fe-a3909acf1f7b_112628_1.png,7696277,2966663,366202,66037,0.9726859618321706,0.94682436498864,0.9545794785946109,0.9914926141869551,0.9610426294158931,0.9726859618321706,0.8901239624167195,0.978225014013915,0.04542052140538909,0.25,1.75
HistoKit (no postprocessing),gaussian,7d4546a5-f4cc-3733-763f-d1c5a5904dff_120251_3.png,2795996,448753,11974,250857,0.9551086343686223,0.9140745782615362,0.995735709427095,0.917666851666293,0.9250677105012572,0.9551086343686223,0.9740106397063771,0.6414330841468818,0.004264290572904981,0.25,1.75
HistoKit (no postprocessing),gaussian,c0272a60-2518-4785-1810-6431c15f4b4b_130712_2.png,17040585,1506423,74016,252615,0.9905070655343536,0.9811926678403723,0.9956752716583928,0.9853922350981889,0.9826937984773365,0.9905070655343537,0.9531674427168654,0.856390254218499,0.004324728341607262,0.25,1.75
HistoKit (no postprocessing),gaussian,c38dfb82-e376-0eab-4312-72ca49852e8b_104329_4.png,5028959,146136,5668,24857,0.9969742605474403,0.9939667760585862,0.998874196638599,0.9950815383860433,0.9941361451661858,0.9969742605474403,0.9626623804379332,0.8546314761422982,0.0011258033614009537,0.25,1.75
HistoKit (no postprocessing),gaussian,7ea29210-064a-9e70-4612-3ab81fa629dc_120503_3.png,3883711,233297,5352,562713,0.9318498127343969,0.8723958707715752,0.9986238330415321,0.8734459421773542,0.8787500216111894,0.9318498127343969,0.9775737589514307,0.2930830014698308,0.001376166958467888,0.25,1.75
HistoKit (no postprocessing),gaussian,228e0715-eef2-126e-c558-f7684e2bcfa8_110725_12.png,2044019,6092985,475653,301711,0.8402261519192042,0.7244741320125626,0.8112242387104354,0.8713786326644584,0.9127965100834967,0.8402261519192042,0.927587271516561,0.9528185546271473,0.18877576128956466,0.25,1.75
HistoKit (no postprocessing),gaussian,5fe08b37-e6eb-942a-a4ce-507361c4911e_102333_4.png,4548956,514432,14256,2746556,0.7671914786110209,0.6223119529922153,0.9968758847934306,0.6235279991315209,0.6471445003962066,0.7671914786110209,0.9730351360348637,0.15775341706255896,0.0031241152065694076,0.25,1.75
HistoKit (no postprocessing),gaussian,7e6be544-b3c1-c3b1-a8a1-838402bd2649_124526_2.png,49837750,1372125,76697,106623,0.998164208229178,0.9963351443701625,0.9984634308379696,0.9978651649105696,0.9964329907879828,0.998164208229178,0.9470625100944078,0.9278964367153836,0.0015365691620303837,0.25,1.75
HistoKit (no postprocessing),gaussian,be2180cd-04c9-2627-2456-4397fd5e59ee_103647_6.png,3763681,359232,11145,74669,0.9887282259072955,0.9777077252990327,0.9970475460325854,0.9805465890291402,0.9796104617857133,0.9887282259072955,0.9699090386282085,0.8279123578880897,0.002952453967414657,0.25,1.75
HistoKit (no postprocessing),gaussian,228e0715-eef2-126e-c558-f7684e2bcfa8_110725_1.png,7043662,552488,28903,2940546,0.8259079252564363,0.7034439146834586,0.9959133638220363,0.7054802944810444,0.7189511924501394,0.8259079252564362,0.9502864681427817,0.15816851482121275,0.004086636177963723,0.25,1.75
HistoKit (no postprocessing),gaussian,6f1702fd-ae84-1c96-04ae-a23a14a5d2d4_111419_1.png,2877058,787530,833,127201,0.9782334690546823,0.957394316047562,0.9997105519284781,0.9576597756718046,0.9662412969180688,0.9782334690546823,0.9989433801434111,0.8609416320207799,0.00028944807152181927,0.25,1.75
HistoKit (no postprocessing),gaussian,0f3058e5-e9f7-bd55-4b60-07a71af55b96_123333_1.png,18643237,804754,33019,255990,0.9923085752483873,0.9847345634532744,0.9982320332297865,0.9864550015722865,0.9853569944773776,0.9923085752483874,0.9605871757624082,0.7586693867700407,0.0017679667702134732,0.25,1.75
HistoKit (no postprocessing),gaussian,9e7010fd-072a-6a7f-3911-83d91e8c9301_113642_4.png,6865916,216396,46254,982314,0.9303157096013658,0.869710547263127,0.9933083243033664,0.8748362369604357,0.8731866332629752,0.9303157096013658,0.823894917190177,0.18052406336812074,0.006691675696633619,0.25,1.75
HistoKit (no postprocessing),gaussian,deaaef3a-8172-327d-10b9-23d266fb17ca_123636_5.png,2364575,163342,373,460106,0.9112693797572042,0.8370016997905173,0.9998422798302542,0.8371122261239411,0.8459109836848931,0.9112693797572042,0.9977216504290993,0.2619977929193774,0.00015772016974580414,0.25,1.75
HistoKit (no postprocessing),gaussian,9e7010fd-072a-6a7f-3911-83d91e8c9301_113642_7.png,2912571,3449775,159495,411904,0.9106706265151744,0.8359919861537269,0.9480821701096266,0.8760995345129682,0.9175915756925009,0.9106706265151743,0.9558096235526852,0.8933355154584314,0.05191782989037345,0.25,1.75
HistoKit (no postprocessing),gaussian,f761dbde-597d-9a8f-e1a1-2533f0d71b83_120113_2.png,3036439,467742,17647,70276,0.9857286414542524,0.9718588947119444,0.9942218392016465,0.9773793218882324,0.9755232587920617,0.9857286414542524,0.963643593076893,0.869379834875413,0.005778160798353419,0.25,1.75
HistoKit (no postprocessing),gaussian,7e3642ed-4a56-9d3f-3ecf-de46d455c0fd_113100_2.png,2178965,1257096,0,146831,0.9674053740031935,0.9368684957752098,1.0,0.9368684957752098,0.9590188596251297,0.9674053740031935,1.0,0.8954140777974923,0.0,0.25,1.75
HistoKit (no postprocessing),gaussian,3e1fffa8-5bae-87b0-bc39-e4a1bc285608_122517_5.png,4948043,1750113,246665,705094,0.9122628503633671,0.8386795014476757,0.9525160990762137,0.8752738523761232,0.8755856764421566,0.9122628503633671,0.8764684907385798,0.7128168826498132,0.047483900923786286,0.25,1.75
HistoKit (no postprocessing),gaussian,8e6bc805-8b70-bd59-8612-caf5bbe72e5e_125634_3.png,31219617,393682,25362,96224,0.9980565152438858,0.9961205701006436,0.9991882855802208,0.9969273058960799,0.9961686957428709,0.9980565152438859,0.9394765227517874,0.8035868105309998,0.0008117144197792548,0.25,1.75
HistoKit (no postprocessing),gaussian,1875292b-dccd-c5b5-17ad-67c30baa6d69_130951_1.png,9786442,350266,5779,2138194,0.9012760916554361,0.8202935103263382,0.9994098376660412,0.8206910466701038,0.8254190463867598,0.9012760916554361,0.9837689056158632,0.14075613029745304,0.0005901623339587618,0.25,1.75
HistoKit (no postprocessing),gaussian,54b22c23-34e4-1c55-9de2-c8e205e762bc_131621_2.png,20989602,1715821,78468,312944,0.9907621829241283,0.9816934781484171,0.9962755012680327,0.9853095493843788,0.9830534356763599,0.9907621829241283,0.9562679144775451,0.8457465502411565,0.00372449873196738,0.25,1.75
HistoKit (no postprocessing),gaussian,7d4546a5-f4cc-3733-763f-d1c5a5904dff_120251_1.png,6249611,933924,27400,522681,0.957845947787403,0.9191020710938084,0.9956348650655543,0.9228206639642828,0.9288714360785434,0.957845947787403,0.9714976428342578,0.6411649005735941,0.00436513493444571,0.25,1.75
HistoKit (no postprocessing),gaussian,be2180cd-04c9-2627-2456-4397fd5e59ee_103647_1.png,28911121,455541,8585,51413,0.9989634471644497,0.9979290409873364,0.9997031435935068,0.998224844552621,0.9979611005802221,0.9989634471644496,0.9815028677557387,0.8985844869554239,0.0002968564064932057,0.25,1.75
HistoKit (no postprocessing),gaussian,9601a588-d18f-b3b2-00f0-b816a7730c15_114312_2.png,5455047,423260,19427,58746,0.9928857753456483,0.9858720600301452,0.9964513485679172,0.9893456283179293,0.9868759737294509,0.9928857753456481,0.9561157205881357,0.8781218491056128,0.00354865143208279,0.25,1.75
HistoKit (no postprocessing),gaussian,6f1702fd-ae84-1c96-04ae-a23a14a5d2d4_111419_2.png,6263217,566914,13285,355620,0.9713923767339502,0.9443760232396208,0.9978833751666135,0.9462715277623547,0.9487563334868724,0.9713923767339502,0.9771026837343739,0.6145182724972739,0.0021166248333864945,0.25,1.75
HistoKit (no postprocessing),gaussian,f9a50b4c-7c73-18cd-0877-8296eed330e2_114604_5.png,5051152,3239684,394240,980364,0.8802287166543463,0.7860790232308852,0.927601171779736,0.8374597696499521,0.8577815391746263,0.8802287166543463,0.891511214874059,0.767688898325327,0.07239882822026403,0.25,1.75
HistoKit (no postprocessing),gaussian,1c7a4a4c-ace6-25f8-ee0c-f8914aeab226_121941_3.png,6957796,3807410,590363,179659,0.9475662372713868,0.9003571253877873,0.9217871536622374,0.9748287029480396,0.9332460528738574,0.9475662372713868,0.8657586464785699,0.9549395809302522,0.07821284633776263,0.25,1.75
HistoKit (no postprocessing),gaussian,9601a588-d18f-b3b2-00f0-b816a7730c15_114312_1.png,9484273,967878,393017,74730,0.9759343512674974,0.9529997930068469,0.9602100373685495,0.9921822390891603,0.9571656255397257,0.9759343512674974,0.7112069630647478,0.9283239721928088,0.03978996263145053,0.25,1.75
HistoKit (no postprocessing),gaussian,2125a939-8f92-6ca7-9a29-e1755d6267ed_103351_7.png,914998,329415,15953,1452084,0.5548749815420282,0.38396330729510897,0.9828637597467536,0.3865510362547643,0.4587782263267526,0.5548749815420282,0.9538086910194343,0.1849088885258987,0.01713624025324641,0.5,1.75
HistoKit (no postprocessing),gaussian,54b22c23-34e4-1c55-9de2-c8e205e762bc_131621_1.png,26112788,1334720,138189,179551,0.9939527988678902,0.9879782954014388,0.9947358530693924,0.9931709765342672,0.9885561980213539,0.9939527988678901,0.9061795399444229,0.8814274327382615,0.005264146930607574,0.25,1.75
HistoKit (no postprocessing),gaussian,f761dbde-597d-9a8f-e1a1-2533f0d71b83_120113_3.png,9965052,14739079,373691,164318,0.973714772827373,0.9487759806403104,0.9638552771840833,0.9837780631964278,0.978686078121744,0.9737147728273731,0.9752731630270295,0.9889744599838547,0.03614472281591679,0.25,1.75
HistoKit (no postprocessing),gaussian,be2180cd-04c9-2627-2456-4397fd5e59ee_103647_4.png,4419171,441401,23200,428352,0.951393202118345,0.9072926134374711,0.9947775636028598,0.9116348700150572,0.9149959601846643,0.9513932021183449,0.9500646791548016,0.5075015550391893,0.005222436397140176,0.5,1.75
HistoKit (no postprocessing),gaussian,39bcf904-a619-148a-5bca-38122a540be1_104536_1.png,1664348,912312,1384,341272,0.9066676254415267,0.8292698968213317,0.9991691340503754,0.8298421435765498,0.8826245599996712,0.9066676254415266,0.9984852730010857,0.7277629580466886,0.0008308659496245494,0.5,1.75
HistoKit (no postprocessing),gaussian,be2180cd-04c9-2627-2456-4397fd5e59ee_103647_3.png,21745674,1446714,43849,332462,0.9914216758181694,0.9829892751486813,0.9979876108348035,0.9849415729661236,0.9840334419816724,0.9914216758181694,0.9705822565030797,0.8131370926766098,0.002012389165196503,0.25,1.75
HistoKit (no postprocessing),gaussian,228e0715-eef2-126e-c558-f7684e2bcfa8_110725_2.png,2690811,181180,65129,803386,0.86104064598904,0.7559889147552092,0.9763677728832993,0.7700799353900195,0.7678081521590929,0.8610406459890398,0.7355801046652781,0.1840201672615142,0.023632227116700655,0.5,1.75
HistoKit (no postprocessing),gaussian,9e7010fd-072a-6a7f-3911-83d91e8c9301_113642_3.png,3156496,271351,3300,613179,0.9110352002338995,0.8366066565508651,0.9989556287810986,0.8373390279002831,0.8475694095876544,0.9110352002338994,0.987984751557431,0.30677421907679786,0.0010443712189014734,0.5,1.75
HistoKit (no postprocessing),gaussian,332605c9-e7e2-297a-c808-98d567218fe3_115336_3.png,9043247,259901,37080,197348,0.987204355763318,0.974732031462624,0.9959164466213607,0.9786433665797495,0.9754205890469444,0.987204355763318,0.8751435277004252,0.5684014617855917,0.004083553378639338,0.25,1.75
HistoKit (no postprocessing),gaussian,c74350c8-f970-c60d-af8a-f9c4d9c5bab2_124242_3.png,306474,1906635,1520701,20194,0.2845834167114316,0.16589755484692012,0.16773106024327172,0.938181884971898,0.5895329360330996,0.2845834167114316,0.5563023292726479,0.9895195681609525,0.8322689397567283,0.5,1.75
HistoKit (no postprocessing),gaussian,969ce636-2f0f-f223-bb1c-2b4624598a38_125938_1.png,21410206,771206,144042,2797296,0.9357249668118024,0.8792134905285677,0.9933172338000379,0.8844450782240977,0.8829213362390662,0.9357249668118024,0.8426197052602137,0.2161147730896606,0.0066827661999620674,0.25,1.75
HistoKit (no postprocessing),gaussian,10fd35f3-17d4-d309-f849-cc9e883460c1_123055_2.png,4863982,3734796,3572745,105967,0.7256059592996803,0.5693733147880516,0.5765247589497681,0.978678453239661,0.70036937517359,0.7256059592996802,0.5110879295784998,0.9724099091769005,0.42347524105023193,0.25,1.75
HistoKit (no postprocessing),gaussian,332605c9-e7e2-297a-c808-98d567218fe3_115336_2.png,5459058,467862,14006,168930,0.9835208410878536,0.9675760023849724,0.9974409215751908,0.9699839445286663,0.9700588688178575,0.9835208410878536,0.9709339487162459,0.7347171446877473,0.002559078424809211,0.5,1.75
HistoKit (no postprocessing),gaussian,0502ebf6-5b9d-c3a6-85fe-a3909acf1f7b_112628_8.png,3946291,94878,538,117258,0.985294576610492,0.9710153842671183,0.9998636880391828,0.9711439433854495,0.9716766070404536,0.985294576610492,0.9943615326569968,0.44725082022853263,0.0001363119608171522,0.5,1.75
HistoKit (no postprocessing),gaussian,3e1fffa8-5bae-87b0-bc39-e4a1bc285608_122517_10.png,3524838,1768960,238890,1705192,0.7838409705931603,0.6445217702946834,0.9365283569907283,0.6739613348298193,0.7314017364200567,0.7838409705931603,0.8810219886943745,0.509177491370556,0.06347164300927166,0.5,1.75
HistoKit (no postprocessing),gaussian,def4a0a8-b472-78ea-531c-84458df3a3e9_124843_7.png,11423573,165431,59650,333352,0.9830895224935745,0.9667414627334909,0.9948054653297249,0.9716463275899098,0.9672006507090716,0.9830895224935745,0.7349842945428534,0.33166928303490695,0.005194534670275061,0.5,1.75
HistoKit (no postprocessing),gaussian,7e6be544-b3c1-c3b1-a8a1-838402bd2649_124526_1.png,51761238,2594175,153409,264748,0.9959769631189374,0.9919861661868636,0.997044976536198,0.9949112353199803,0.992365715800522,0.9959769631189372,0.9441658562577159,0.9073958969863827,0.0029550234638020365,0.25,1.75
HistoKit (no postprocessing),gaussian,b91bdd22-8eea-af27-bee7-880d6f1d7c1e_121440_5.png,2942709,782123,329493,5057815,0.5220935912041151,0.3532656656042839,0.8993054218535408,0.3678145331480788,0.40877686251528184,0.5220935912041151,0.7035909882549369,0.13392659305629614,0.10069457814645917,0.5,1.75
HistoKit (no postprocessing),gaussian,04e13be9-17d6-1bd0-76ee-d5d53a64912e_105258_2.png,3132249,118484,3888,1037731,0.8574319299841489,0.750442754778062,0.9987602582412695,0.7511424515225492,0.7573314117761079,0.8574319299841489,0.9682280260190239,0.10247575061731598,0.0012397417587305657,0.5,1.75
HistoKit (no postprocessing),gaussian,d9d9ce51-54c1-b32b-5fae-fd9ffdaa32e5_111717_1.png,7422633,301429,6271,625677,0.9591691372878866,0.9215417909385976,0.9991558647143644,0.9222598284608818,0.9243720388079957,0.9591691372878866,0.9796197595060123,0.3251289496562421,0.0008441352856356738,0.5,1.75
HistoKit (no postprocessing),gaussian,cd7afea3-2dfd-f8a4-f2e6-1e02af01c417_132555_3.png,0,3998777,3973,106110,0.0,0.0,0.0,0.0,0.9732083838339588,,0.9990074323902317,0.9741503237482542,1.0,0.5,1.75
HistoKit (no postprocessing),gaussian,be2180cd-04c9-2627-2456-4397fd5e59ee_103647_5.png,4958871,478693,17313,115259,0.986809168350362,0.9739618021845673,0.9965208280079676,0.9772849729904437,0.9761995039259365,0.986809168350362,0.9650951803002383,0.8059455982975056,0.003479171992032449,0.5,1.75
HistoKit (no postprocessing),gaussian,0504f20c-cba2-27c1-e181-78505aa24ca7_112258_3.png,3520804,2223284,2643036,61098,0.7225317477109491,0.5655966372677126,0.5712030163015264,0.9829425819020174,0.6799167919593022,0.7225317477109491,0.45687172236926465,0.9732540354459105,0.4287969836984737,0.5,1.75
HistoKit (no postprocessing),gaussian,19a1c0fb-3d0a-327d-ea5a-6aae35f53e51_121144_1.png,6544279,59593,4184,13092,0.9986818084221118,0.9973670875272705,0.9993610714453147,0.9980034681581994,0.9973907848004606,0.998681808422112,0.934396412499804,0.8198803054275298,0.000638928554685275,0.5,1.75
HistoKit (no postprocessing),gaussian,def4a0a8-b472-78ea-531c-84458df3a3e9_124843_8.png,29541188,640184,182576,1727572,0.9686822601406034,0.9392665545272862,0.9938575747001624,0.9447508631618267,0.940478107612229,0.9686822601406034,0.7780932471194516,0.2703758326449178,0.006142425299837531,0.25,1.75
HistoKit (no postprocessing),gaussian,b0f43f79-08e2-79bc-61fa-379c7ef1dd21_131900_10.png,4983375,182160,4232,441313,0.9572097217760349,0.9179311907340687,0.9991514969002169,0.918647302849491,0.920595500331487,0.957209721776035,0.9772951628825272,0.29216982932701174,0.0008485030997831224,0.5,1.75
HistoKit (no postprocessing),gaussian,cbd7b0be-5303-525e-8ff2-6d1502e77bdd_110516_1.png,11670127,483097,18181,46155,0.997251137490552,0.9945173460430188,0.9984445139536022,0.9960606103540355,0.9947341367670796,0.997251137490552,0.9637307043197587,0.9127920159016877,0.001555486046397819,0.5,1.75
HistoKit (no postprocessing),gaussian,d9d9ce51-54c1-b32b-5fae-fd9ffdaa32e5_111717_2.png,6604334,751020,5577,1776574,0.8811171691153098,0.7874972649447295,0.9991562670057131,0.7880212979309641,0.8049630615797201,0.8811171691153099,0.99262883675193,0.2971284154021572,0.0008437329942869125,0.5,1.75
HistoKit (no postprocessing),gaussian,c0272a60-2518-4785-1810-6431c15f4b4b_130712_1.png,8103665,226814,46724,21747,0.9957930795541184,0.9916214071816719,0.9942672674887051,0.9973235818688332,0.9918476714351199,0.9957930795541183,0.829186438447309,0.91250839834085,0.00573273251129486,0.5,1.75
HistoKit (no postprocessing),gaussian,6f1702fd-ae84-1c96-04ae-a23a14a5d2d4_111419_5.png,2295609,936549,24094,239279,0.9457476438282855,0.8970789946939838,0.989613325498997,0.9056056914546126,0.9246543658173823,0.9457476438282854,0.9749188824568544,0.7965016992281184,0.01038667450100293,0.5,1.75
HistoKit (no postprocessing),gaussian,e398b039-2e70-a00a-855c-e3ff4eba631e_115619_4.png,5069841,185010,1817,510676,0.9518884171542431,0.9081937770115511,0.9996417345175878,0.9084894822468957,0.9111388188393132,0.9518884171542432,0.99027442500281,0.2659389437188617,0.00035826548241226045,0.5,1.75
HistoKit (no postprocessing),gaussian,2125a939-8f92-6ca7-9a29-e1755d6267ed_103351_8.png,6818277,209012,0,1347661,0.9100612878285582,0.8349655606006315,1.0,0.8349655606006315,0.8390842930405554,0.9100612878285582,1.0,0.13426840447544217,0.0,0.5,1.75
HistoKit (no postprocessing),gaussian,deaaef3a-8172-327d-10b9-23d266fb17ca_123636_1.png,3599352,3805422,280915,130833,0.9458970373901576,0.897347859689362,0.9276042086794543,0.964925868288034,0.9473233747694947,0.9458970373901575,0.93125505801406,0.9667620619090989,0.07239579132054573,0.5,1.75
HistoKit (no postprocessing),gaussian,04e13be9-17d6-1bd0-76ee-d5d53a64912e_105258_4.png,8057963,381154,35876,671751,0.9579383142193566,0.919272176773041,0.9955674927559097,0.9230500563936,0.922636186166356,0.9579383142193566,0.9139726158789535,0.36200226991039075,0.004432507244090227,0.5,1.75
HistoKit (no postprocessing),gaussian,8e6bc805-8b70-bd59-8612-caf5bbe72e5e_125634_2.png,7189638,1503199,205608,46628,0.9827607700420845,0.9661058491449869,0.9721972737620899,0.9935563452200348,0.9718016834518847,0.9827607700420845,0.8796774591864382,0.9699140613758827,0.02780272623791014,0.5,1.75
HistoKit (no postprocessing),gaussian,0502ebf6-5b9d-c3a6-85fe-a3909acf1f7b_112628_7.png,4958158,904316,518,276318,0.9728409818670417,0.9471181819883652,0.9998955366311492,0.9472119081260474,0.9549076362001593,0.9728409818670417,0.999427519301883,0.7659579514057702,0.00010446336885087875,0.5,1.75
HistoKit (no postprocessing),gaussian,f4c75e72-7c5b-0601-d74f-78529d4dec70_114117_1.png,4370572,8489904,10282175,170775,0.4554080020656354,0.2948403220233356,0.2982766303137562,0.9623955183340978,0.5516338954214622,0.4554080020656353,0.45226232001261024,0.9802815691471766,0.7017233696862438,0.5,1.75
HistoKit (no postprocessing),gaussian,7ea29210-064a-9e70-4612-3ab81fa629dc_120503_2.png,8251331,48464,20396,536514,0.9673549840523549,0.9367739824557479,0.9975342513117272,0.9389481721627999,0.9371199560107286,0.9673549840523549,0.7038048213767064,0.08284756007918247,0.002465748688272715,0.5,1.75
HistoKit (no postprocessing),gaussian,9e7010fd-072a-6a7f-3911-83d91e8c9301_113642_1.png,8257228,270296,75521,39322,0.9930939361905754,0.9862826055822985,0.9909368444915357,0.9952604395803075,0.9867116265717483,0.9930939361905756,0.7816157100431731,0.8729983398897997,0.009063155508464253,0.5,1.75
HistoKit (no postprocessing),gaussian,24aa9d72-799e-9634-ead4-94165f32d151_102546_1.png,6241521,404576,24880,96231,0.9903911829696133,0.9809652672038867,0.9960296189152275,0.9848162250589799,0.9821032543997466,0.9903911829696134,0.9420662419432957,0.8078481331131554,0.003970381084772583,0.5,1.75
HistoKit (no postprocessing),gaussian,e16fa7c2-3d43-e563-886f-5b0ebdd4e8c5_105048_1.png,42025723,453558,997612,46720,0.9877275697508753,0.9757527126445509,0.9768123042995156,0.9988895344156744,0.976005392750827,0.9877275697508753,0.3125464280546042,0.9066119237703837,0.0231876957004844,0.25,1.75
HistoKit (no postprocessing),gaussian,e398b039-2e70-a00a-855c-e3ff4eba631e_115619_1.png,14411683,376476,346,1819359,0.940616102087157,0.8878897479377611,0.999975992277007,0.8879086752409364,0.890431123472591,0.9406161020871571,0.9990817945873649,0.17145004064513045,2.400772299306364e-05,0.5,1.75
HistoKit (no postprocessing),gaussian,b91bdd22-8eea-af27-bee7-880d6f1d7c1e_121440_6.png,5677416,406024,102179,623079,0.9399625333917214,0.8867257648913563,0.9823207335462086,0.901106341644585,0.893480662529018,0.9399625333917213,0.7989405808308885,0.3945416542367479,0.017679266453791313,0.5,1.75
HistoKit (no postprocessing),gaussian,d9d9ce51-54c1-b32b-5fae-fd9ffdaa32e5_111717_5.png,8878991,227057,4867,1184929,0.9372065684957888,0.8818332337351064,0.9994521524319727,0.8822596960230209,0.8844391970196906,0.9372065684957889,0.9790146772218485,0.1608068351952498,0.0005478475680273143,0.5,1.75
HistoKit (no postprocessing),gaussian,59c3e1ff-f1eb-ac9b-3a83-925048a454e4_130514_4.png,1785493,1074307,48,64472,0.9822528143262589,0.9651245693949178,0.9999731173913117,0.9651496109385853,0.9779367511079499,0.9822528143262589,0.9999553220304276,0.9433849763650366,2.6882608688347116e-05,0.5,1.75
HistoKit (no postprocessing),gaussian,40f80889-968b-7602-00a3-4e00b00e88fe_110004_3.png,21409192,8991749,140212,863104,0.9771045851712736,0.9552341040993717,0.9934934627426355,0.9612476414645351,0.9680515924958836,0.9771045851712735,0.9846460141474542,0.9124183790463439,0.006506537257364519,0.5,1.75
HistoKit (no postprocessing),gaussian,2125a939-8f92-6ca7-9a29-e1755d6267ed_103351_5.png,4156919,952439,2694,36020,0.9953650094007197,0.990772786847658,0.9993523435954258,0.9914093670334818,0.9924799031559777,0.9953650094007196,0.9971794504011483,0.9635594394911675,0.0006476564045741755,0.5,1.75
HistoKit (no postprocessing),gaussian,b1a83861-bd20-5668-5a83-92a470ead44d_110338_5.png,2677610,2334170,0,196928,0.9645312048598128,0.9314922954575657,1.0,0.9314922954575657,0.9621925437171751,0.9645312048598128,1.0,0.922196611905189,0.0,0.5,1.75
HistoKit (no postprocessing),gaussian,0502ebf6-5b9d-c3a6-85fe-a3909acf1f7b_112628_2.png,8341514,2888087,275765,345039,0.9641233225102971,0.9307317593506501,0.9679985990937511,0.9602789506954025,0.947613267225888,0.9641233225102971,0.9128388432834406,0.8932800639381205,0.03200140090624894,0.5,1.75
HistoKit (no postprocessing),gaussian,6247d1f0-d194-53f2-2d84-7b4b827443da_115125_1.png,2666086,453693,247079,11502,0.9537484485542467,0.911586173742173,0.9151853739832794,0.9957043428638013,0.9234596076202655,0.9537484485542466,0.6474188466434161,0.9752748847257602,0.08481462601672064,0.5,1.75
HistoKit (no postprocessing),gaussian,66e65946-ef0a-6028-f7a7-e909aade97a4_112429_4.png,9081463,971448,22805,49692,0.9960243861631287,0.9920802581614951,0.997495130855111,0.9945579721294842,0.9928400909869508,0.9960243861631287,0.9770631821075723,0.9513367412891475,0.0025048691448889687,0.5,1.75
HistoKit (no postprocessing),gaussian,7e3642ed-4a56-9d3f-3ecf-de46d455c0fd_113100_1.png,565097,1944819,1713951,89333,0.3852744080576026,0.23860054611145756,0.2479530926948445,0.8634949498036459,0.5819150514699063,0.38527440805760255,0.5315499471133742,0.9560834195281376,0.7520469073051554,0.5,1.75
HistoKit (no postprocessing),gaussian,0e99786b-efbd-e936-5e70-bad7ef5912da_122209_3.png,9737782,1758475,58689,187234,0.9875301999286362,0.9753675614413687,0.9940091692202223,0.9811351437619849,0.9790564443740429,0.9875301999286363,0.9677029701226747,0.9037708105374442,0.005990830779777738,0.5,1.75
HistoKit (no postprocessing),gaussian,0e99786b-efbd-e936-5e70-bad7ef5912da_122209_4.png,5243159,252027,13379,25922,0.9962661578383181,0.9925600951072039,0.9974547886841111,0.9950803565175786,0.9928988901771745,0.9962661578383181,0.9495904387994243,0.906738286520189,0.0025452113158888987,0.5,1.75
HistoKit (no postprocessing),gaussian,728c532f-2f31-cf1c-4143-7abb9ca2b76d_102101_5.png,4833686,1823972,594471,71583,0.9355437393174345,0.878893547694982,0.8904838235150531,0.9854069165218055,0.9090551348824203,0.9355437393174345,0.7541926768586235,0.9622363898699853,0.10951617648494692,0.5,1.75
HistoKit (no postprocessing),gaussian,0502ebf6-5b9d-c3a6-85fe-a3909acf1f7b_112628_5.png,2743503,843950,211,10824,0.9979929214787594,0.9959938835478037,0.9999230969408619,0.9960701833878113,0.9969334342646133,0.9979929214787595,0.999750047680478,0.9873370036992234,7.690305913808801e-05,0.5,1.75
HistoKit (no postprocessing),gaussian,228e0715-eef2-126e-c558-f7684e2bcfa8_110725_7.png,7295506,367231,122,1938250,0.8827317460832176,0.7900803974234877,0.9999832776561525,0.7900908362750759,0.798109572550421,0.8827317460832176,0.9996678943686318,0.15928606655183886,1.6722343847575562e-05,0.5,1.75
HistoKit (no postprocessing),gaussian,f761dbde-597d-9a8f-e1a1-2533f0d71b83_120113_1.png,9233252,1004238,4933,137817,0.9923290853034732,0.9847749605855459,0.9994660206523251,0.9852933534050384,0.9862479094895686,0.9923290853034732,0.9951118294124583,0.8793254265337483,0.000533979347674895,0.5,1.75
HistoKit (no postprocessing),gaussian,59c3e1ff-f1eb-ac9b-3a83-925048a454e4_130514_1.png,4978081,704933,123093,85014,0.979525630421627,0.9598728391643342,0.9758696723538542,0.9832090845619132,0.964674465182433,0.979525630421627,0.8513416245383599,0.8923801217043675,0.02413032764614577,0.5,1.75
HistoKit (no postprocessing),gaussian,c38dfb82-e376-0eab-4312-72ca49852e8b_104329_1.png,3511144,812370,40620,79604,0.9831678266693846,0.9668929174900478,0.9885634293269485,0.9778308029413371,0.9729452996553802,0.9831678266693846,0.9523792775999719,0.9107552462291502,0.011436570673051476,0.5,1.75
HistoKit (no postprocessing),gaussian,59c3e1ff-f1eb-ac9b-3a83-925048a454e4_130514_3.png,2340994,406525,5954,76615,0.9826701621997596,0.9659307391637849,0.9974630882320358,0.9683095984503698,0.970824582133135,0.9826701621997597,0.985565325749917,0.8414227760069545,0.0025369117679641816,0.5,1.75
HistoKit (no postprocessing),gaussian,7d4546a5-f4cc-3733-763f-d1c5a5904dff_120251_4.png,3271524,259572,7075,183365,0.9717174813410226,0.9449907624689338,0.9978420660776143,0.9469259359707359,0.9488275808698344,0.9717174813410226,0.9734667931759967,0.5860246491035971,0.0021579339223857506,0.5,1.75
HistoKit (no postprocessing),gaussian,c0272a60-2518-4785-1810-6431c15f4b4b_130712_3.png,33264644,2113244,174944,328767,0.9924856263703792,0.9850833420816619,0.994768356595781,0.9902133486831689,0.9859618574969304,0.9924856263703792,0.9235447437011295,0.8653703853094847,0.005231643404218975,0.5,1.75
HistoKit (no postprocessing),gaussian,7e3642ed-4a56-9d3f-3ecf-de46d455c0fd_113100_4.png,8148609,3779195,820,115280,0.9929264759264398,0.9859523184663852,0.9998993794534562,0.9860501514480652,0.9903602685640802,0.9929264759264397,0.9997830696439035,0.9703990910199706,0.00010062054654381306,0.5,1.75
HistoKit (no postprocessing),gaussian,7e3642ed-4a56-9d3f-3ecf-de46d455c0fd_113100_3.png,3806687,1530243,23580,127402,0.9805544722575833,0.9618507763029197,0.9938437712044618,0.9676158826096715,0.9724882614735805,0.9805544722575833,0.9848245263456649,0.9231427718238827,0.006156228795538275,0.5,1.75
HistoKit (no postprocessing),gaussian,3e1fffa8-5bae-87b0-bc39-e4a1bc285608_122517_7.png,3305134,351973,22,2881383,0.6964281217863278,0.5342460461333873,0.9999933437332459,0.5342479459767103,0.5593179304404428,0.696428121786328,0.9999374991122033,0.10885686574568343,6.656266754125978e-06,0.5,1.75
HistoKit (no postprocessing),gaussian,b0f43f79-08e2-79bc-61fa-379c7ef1dd21_131900_5.png,7423767,150695,20087,425492,0.9708640745674213,0.9433778868027914,0.9973015322439156,0.9457920805008473,0.9444418052226915,0.9708640745674214,0.882382218266562,0.26153835473552856,0.0026984677560844155,0.5,1.75
HistoKit (no postprocessing),gaussian,cbd7b0be-5303-525e-8ff2-6d1502e77bdd_110516_5.png,4501951,503268,137527,154729,0.9685616358930216,0.939039761946032,0.9703572255327,0.9667726792478761,0.9448310751820442,0.9685616358930216,0.7853806599614541,0.7648484719535196,0.029642774467299984,0.5,1.75
HistoKit (no postprocessing),gaussian,1875292b-dccd-c5b5-17ad-67c30baa6d69_130951_13.png,11304320,337844,53896,1367767,0.9408387401523818,0.8882865865843134,0.9952548886198326,0.8920645825742831,0.8911756103322557,0.9408387401523817,0.86241895134528,0.1980779908197121,0.0047451113801674485,0.5,1.75
HistoKit (no postprocessing),gaussian,1875292b-dccd-c5b5-17ad-67c30baa6d69_130951_12.png,6906204,277008,9137,1275011,0.9149376851250046,0.8432121110301486,0.9986787347146004,0.8441538328964585,0.8483413956652368,0.9149376851250045,0.9680686365304304,0.178482351053692,0.0013212652853995196,0.5,1.75
HistoKit (no postprocessing),gaussian,66e65946-ef0a-6028-f7a7-e909aade97a4_112429_5.png,13328201,465178,14110,15551,0.9988885209481818,0.9977795099245673,0.9989424620667289,0.9988345856547693,0.9978542346690742,0.9988885209481818,0.9705604980721403,0.9676512130535083,0.0010575379332710803,0.5,1.75
HistoKit (no postprocessing),gaussian,6f1702fd-ae84-1c96-04ae-a23a14a5d2d4_111419_3.png,4529752,345185,16269,88538,0.9885635701363692,0.9773857663695726,0.9964212659818333,0.9808288349150877,0.9789533357538058,0.9885635701363692,0.954990123224532,0.7958651028421365,0.003578734018166656,0.5,1.75
HistoKit (no postprocessing),gaussian,e398b039-2e70-a00a-855c-e3ff4eba631e_115619_3.png,16840327,537655,24918,3971500,0.8939297087629314,0.808203344620285,0.9985225236870262,0.8091710064666595,0.8130278276817127,0.8939297087629314,0.9557070815698585,0.1192363092419755,0.0014774763129738108,0.5,1.75
HistoKit (no postprocessing),gaussian,04e13be9-17d6-1bd0-76ee-d5d53a64912e_105258_3.png,9356122,317108,351,1499919,0.9257751905576912,0.8618076797521681,0.9999624858640643,0.8618355439151344,0.8657296281380051,0.9257751905576911,0.9988943454115334,0.17452024653458645,3.751413593562446e-05,0.5,1.75
HistoKit (no postprocessing),gaussian,b91bdd22-8eea-af27-bee7-880d6f1d7c1e_121440_1.png,5200898,1315602,68990,554622,0.9434386464428346,0.8929331394400559,0.9869086401836243,0.9036365089514067,0.9126607537808931,0.9434386464428346,0.9501730473670222,0.7034462182070169,0.013091359816375605,0.5,1.75
HistoKit (no postprocessing),gaussian,b1a83861-bd20-5668-5a83-92a470ead44d_110338_3.png,841769,1701035,45592,95275,0.9227874293262734,0.8566437622883754,0.9486206853805835,0.8983238780676255,0.9475095866818251,0.9227874293262736,0.9738971171291867,0.9469607139079558,0.05137931461941645,0.5,1.75
HistoKit (no postprocessing),gaussian,b91bdd22-8eea-af27-bee7-880d6f1d7c1e_121440_2.png,9178020,1019802,4150,1734863,0.9134606412832054,0.8407064446906041,0.9995480371197658,0.8410261523009089,0.8543154027009672,0.9134606412832053,0.9959470756441708,0.3702090816850688,0.000451962880234193,0.5,1.75
HistoKit (no postprocessing),gaussian,c74350c8-f970-c60d-af8a-f9c4d9c5bab2_124242_5.png,0,5547448,5553416,1850,0.0,0.0,0.0,0.0,0.49964792392202484,,0.4997311920945973,0.9996666244991709,1.0,0.5,1.75
HistoKit (no postprocessing),gaussian,0504f20c-cba2-27c1-e181-78505aa24ca7_112258_4.png,9950502,1327439,448266,127153,0.971898460976314,0.9453331447195927,0.9568923934066036,0.987382679800013,0.9514551992009017,0.9718984609763143,0.7475560411216954,0.9125851097764871,0.04310760659339645,0.5,1.75
HistoKit (no postprocessing),gaussian,3e1fffa8-5bae-87b0-bc39-e4a1bc285608_122517_3.png,10407465,494034,14696,1704229,0.9237181121472557,0.8582492398809538,0.9985899277510681,0.8592906161598864,0.8637981576530234,0.9237181121472557,0.9711123778821772,0.22473835023379823,0.0014100722489318674,0.5,1.75
HistoKit (no postprocessing),gaussian,c74350c8-f970-c60d-af8a-f9c4d9c5bab2_124242_4.png,0,2723748,913630,1278,0.0,0.0,0.0,0.0,0.7485588085271045,,0.7488218161543837,0.9995310136490441,1.0,0.5,1.75
HistoKit (no postprocessing),gaussian,5fe08b37-e6eb-942a-a4ce-507361c4911e_102333_2.png,9055259,70884,12100,133167,0.9920426867428599,0.9842110114139127,0.9986655430759938,0.9855070933803025,0.9843317251637022,0.9920426867428599,0.8541887592788971,0.3473837422997192,0.0013344569240062074,0.5,1.75
HistoKit (no postprocessing),gaussian,7e6be544-b3c1-c3b1-a8a1-838402bd2649_124526_4.png,4614479,475242,17352,76287,0.9899556958216685,0.9801111611900977,0.9962537493272099,0.9837367713503509,0.981934691011236,0.9899556958216685,0.964774235983386,0.8616808907600507,0.003746250672790091,0.5,1.75
HistoKit (no postprocessing),gaussian,cbd7b0be-5303-525e-8ff2-6d1502e77bdd_110516_4.png,3244798,341314,923,73435,0.9886717670477276,0.9775973169082742,0.9997156255882745,0.9778692454688986,0.9796862151581628,0.9886717670477275,0.9973030385376216,0.8229411041376833,0.0002843744117254687,0.5,1.75
HistoKit (no postprocessing),gaussian,66e65946-ef0a-6028-f7a7-e909aade97a4_112429_3.png,4704450,168694,13654,3640,0.9981653252627731,0.9963373702598023,0.9971060409011756,0.9992268626980367,0.9964637114303463,0.998165325262773,0.9251211968324303,0.9788782248424571,0.002893959098824443,0.5,1.75
HistoKit (no postprocessing),gaussian,24aa9d72-799e-9634-ead4-94165f32d151_102546_6.png,8291041,118301,2866,33116,0.997834765830725,0.9956788878810591,0.9996544451245957,0.9960216992543509,0.9957394174575185,0.997834765830725,0.976346695057235,0.7812927214249391,0.0003455548754043179,0.5,1.75
HistoKit (no postprocessing),gaussian,0f3058e5-e9f7-bd55-4b60-07a71af55b96_123333_3.png,30527080,1533821,99771,602157,0.9886338655388923,0.9775232053480534,0.9967423683224893,0.9806562236009833,0.9785754764950243,0.9886338655388924,0.938925386510218,0.7180883885508184,0.0032576316775106916,0.5,1.75
HistoKit (no postprocessing),gaussian,84acf623-2a5d-c4c6-c1db-583a94b80fc7_105804_1.png,45372315,3740392,50863,804590,0.9906610019119743,0.9814948236306802,0.9988802412724183,0.9825759218812954,0.9828800380082037,0.9906610019119741,0.986584125836959,0.8229717961479276,0.0011197587275817646,0.5,1.75
HistoKit (no postprocessing),gaussian,def4a0a8-b472-78ea-531c-84458df3a3e9_124843_6.png,16587623,7860418,2121683,12775,0.9395503853558217,0.8859924812845325,0.8865974504880085,0.9992304401376401,0.9197043889665903,0.9395503853558217,0.7874512590084993,0.9983774054567187,0.11340254951199152,0.5,1.75
HistoKit (no postprocessing),gaussian,b91bdd22-8eea-af27-bee7-880d6f1d7c1e_121440_4.png,6392207,257372,18387,314225,0.9746427277036731,0.9505396353418583,0.997131779051988,0.9531457263713402,0.952362804168491,0.974642727703673,0.9333222125116497,0.4502682834234609,0.002868220948011994,0.5,1.75
HistoKit (no postprocessing),gaussian,9e7010fd-072a-6a7f-3911-83d91e8c9301_113642_6.png,6895159,1651972,26301,991368,0.9312756690021405,0.8713899758720902,0.9962000791740471,0.8742959987330291,0.8936026890264303,0.9312756690021405,0.9843285329621582,0.6249563052804407,0.003799920825952906,0.5,1.75
HistoKit (no postprocessing),gaussian,969ce636-2f0f-f223-bb1c-2b4624598a38_125938_4.png,14514372,767651,73590,4994407,0.8513641816970132,0.7411959196560948,0.9949554296892191,0.7439918202979284,0.7509586231364883,0.8513641816970132,0.9125220953329665,0.1332251428222347,0.005044570310780903,0.5,1.75
HistoKit (no postprocessing),gaussian,1875292b-dccd-c5b5-17ad-67c30baa6d69_130951_4.png,3880675,150221,2858,176881,0.9773659506901383,0.9557338241864007,0.9992640721734565,0.9564070095397328,0.957313089355881,0.9773659506901383,0.9813299015540995,0.459248185581256,0.0007359278265435108,0.5,1.75
HistoKit (no postprocessing),gaussian,35ce6eab-4a33-9fbb-2efe-2acf7936ba3e_104917_2.png,7241419,4901011,489253,158617,0.9571817789359229,0.917879798800627,0.9367127463175259,0.9785653745468266,0.949346770599595,0.9571817789359229,0.9092339447566946,0.9686504620497791,0.06328725368247418,0.5,1.75
HistoKit (no postprocessing),gaussian,859ead5f-592a-5c4e-67de-d71b0ee92f6d_113334_2.png,12736435,604653,35425,272231,0.9880663412375682,0.9764141479847082,0.9972263241219368,0.979073104036955,0.9774590248011099,0.9880663412375682,0.9446551826496146,0.6895473061431159,0.0027736758780631796,0.5,1.75
HistoKit (no postprocessing),gaussian,6b809376-ab46-9021-2fa3-0d0025b512da_132412_1.png,3742278,439606,7412,77417,0.988793145017726,0.9778346934120211,0.9980233032597361,0.9797321513890507,0.9801184190265434,0.988793145017726,0.9834190122097991,0.8502639147581442,0.001976696740263862,0.5,1.75
HistoKit (no postprocessing),gaussian,d9d9ce51-54c1-b32b-5fae-fd9ffdaa32e5_111717_3.png,10684221,733448,28561,1238520,0.944022455323873,0.8939796684913494,0.997333932492979,0.896121202330907,0.9001098957409488,0.944022455323873,0.9625188153945688,0.3719370699727379,0.002666067507021052,0.5,1.75
HistoKit (no postprocessing),gaussian,c38dfb82-e376-0eab-4312-72ca49852e8b_104329_5.png,2614950,527645,2507,76976,0.9850297106085585,0.9705010293445783,0.999042200120193,0.9714048603119105,0.9753317579524766,0.9850297106085585,0.9952711675142223,0.872687187510854,0.0009577998798070035,0.5,1.75
HistoKit (no postprocessing),gaussian,cbd7b0be-5303-525e-8ff2-6d1502e77bdd_110516_2.png,9596003,749660,30365,39072,0.9963950260632083,0.9928159504378486,0.9968456431335265,0.9959448162053747,0.9933330452900117,0.9963950260632083,0.9610717605204961,0.9504622609454162,0.0031543568664734196,0.5,1.75
HistoKit (no postprocessing),gaussian,8e6bc805-8b70-bd59-8612-caf5bbe72e5e_125634_1.png,64594307,1025441,145282,87328,0.9982026904644327,0.9964118299810556,0.9977559017249862,0.9986498795214438,0.9964677043151591,0.9982026904644327,0.8759040353695964,0.9215218971772219,0.0022440982750137634,0.5,1.75
HistoKit (no postprocessing),gaussian,19a1c0fb-3d0a-327d-ea5a-6aae35f53e51_121144_3.png,24686941,1521005,39486,165364,0.9958681879964175,0.9917703792386815,0.9984030850878698,0.9933461302683997,0.9922442894724208,0.9958681879964175,0.9746964256762776,0.9019407970616158,0.0015969149121302483,0.5,1.75
HistoKit (no postprocessing),gaussian,e3dca99c-de77-4ab1-72a1-8daf3d4d032c_120923_2.png,9148158,1283615,23929,173994,0.989298126838309,0.9788228884384803,0.9973911062989262,0.9813354255540995,0.9813801824624148,0.989298126838309,0.9816992774239337,0.8806305394656592,0.002608893701073703,0.5,1.75
HistoKit (no postprocessing),gaussian,b0f43f79-08e2-79bc-61fa-379c7ef1dd21_131900_4.png,12967880,196448,11290,564714,0.9782736448619563,0.957471283717433,0.9991301446856772,0.9582700848041403,0.9580793244297153,0.9782736448619563,0.9456526971473683,0.25808960510377554,0.0008698553143228727,0.5,1.75
HistoKit (no postprocessing),gaussian,7ea29210-064a-9e70-4612-3ab81fa629dc_120503_4.png,2782728,176083,5100,503696,0.9162372585134763,0.8454223636224436,0.9981706188473607,0.8467343227775844,0.8532717231220263,0.9162372585134761,0.9718516637874415,0.2590297729114904,0.001829381152639259,0.5,1.75
HistoKit (no postprocessing),gaussian,7e6be544-b3c1-c3b1-a8a1-838402bd2649_124526_3.png,50306722,508229,40878,50611,0.9990915142160911,0.9981846776267514,0.999188084436994,0.9989949626601552,0.9982028010601409,0.9990915142160911,0.9255554928274453,0.909435616634457,0.0008119155630059824,0.5,1.75
HistoKit (no postprocessing),gaussian,24aa9d72-799e-9634-ead4-94165f32d151_102546_7.png,10990743,591604,17283,66890,0.9961853394000152,0.9923996714738063,0.9984299637373676,0.9939507849464709,0.9927850807267291,0.9961853394000152,0.97161542289456,0.8984197274386707,0.0015700362626323739,0.5,1.75
HistoKit (no postprocessing),gaussian,859ead5f-592a-5c4e-67de-d71b0ee92f6d_113334_1.png,20281022,373202,8556,318860,0.9919926553199774,0.9841125271114677,0.9995783056700341,0.9845212705587343,0.9843951187800382,0.9919926553199774,0.9775878959969405,0.5392609332689846,0.00042169432996585734,0.5,1.75
HistoKit (no postprocessing),gaussian,5fe08b37-e6eb-942a-a4ce-507361c4911e_102333_3.png,13274816,1659546,23156,1901477,0.9324079831384585,0.8733748177318796,0.9982586818501348,0.8747074137274498,0.8858393990863631,0.9324079831384586,0.9862387992645162,0.46603068837241435,0.0017413181498652577,0.5,1.75
HistoKit (no postprocessing),gaussian,7ea29210-064a-9e70-4612-3ab81fa629dc_120503_1.png,8676962,156673,4460,1109425,0.939685048724513,0.8862320083236925,0.9994862592787218,0.8866358953513692,0.8880238491603938,0.939685048724513,0.9723210019052584,0.12374476541310388,0.0005137407212781501,0.5,1.75
HistoKit (no postprocessing),gaussian,f761dbde-597d-9a8f-e1a1-2533f0d71b83_120113_5.png,3493632,655847,542146,30582,0.9242422478753946,0.8591546247749831,0.8656650588808403,0.9913223203812255,0.8787160325669756,0.9242422478753946,0.547454784794235,0.9554476865050865,0.13433494111915967,0.5,1.75
HistoKit (no postprocessing),gaussian,969ce636-2f0f-f223-bb1c-2b4624598a38_125938_5.png,12777713,272327,8502,1610243,0.9404307494789813,0.8875594955370273,0.9993350651463314,0.8880839641155422,0.889646961217306,0.9404307494789813,0.9697253488777868,0.14465703798530732,0.0006649348536685798,0.5,1.75
HistoKit (no postprocessing),gaussian,969ce636-2f0f-f223-bb1c-2b4624598a38_125938_2.png,4376866,330473,4603,1414562,0.8604954911074004,0.7551488251184302,0.9989494391036431,0.7557490138874212,0.7683564721413714,0.8604954911074004,0.986262817987561,0.18937900959006554,0.0010505608963569067,0.5,1.75
HistoKit (no postprocessing),gaussian,9e7010fd-072a-6a7f-3911-83d91e8c9301_113642_2.png,2589720,922926,9248,446462,0.9191308128443786,0.8503626745648398,0.9964416645376165,0.8529528203513491,0.8851640326623922,0.9191308128443785,0.9900791054030685,0.6739696857282231,0.0035583354623835305,0.5,1.75
HistoKit (no postprocessing),gaussian,a40a1d35-8d5f-0529-214c-05d84888ba26_111152_2.png,2762649,3931795,0,119636,0.9788064838313433,0.958492654265626,1.0,0.958492654265626,0.9824428242697474,0.9788064838313433,1.0,0.9704706806064326,0.0,0.5,1.75
HistoKit (no postprocessing),gaussian,04e13be9-17d6-1bd0-76ee-d5d53a64912e_105258_1.png,14184616,264202,46966,713674,0.9738879731431707,0.9491049199826352,0.9966998749682221,0.9520969185054123,0.9499890134152051,0.9738879731431707,0.8490654566022213,0.2701794501552344,0.0033001250317779146,0.5,1.75
HistoKit (no postprocessing),gaussian,40f80889-968b-7602-00a3-4e00b00e88fe_110004_1.png,8549983,908418,84334,3102040,0.8429300701851591,0.7285039983020285,0.990232695880867,0.7337767012646645,0.7480086438865065,0.8429300701851591,0.9150502844617789,0.22651228363443776,0.00976730411913299,0.5,1.75
HistoKit (no postprocessing),gaussian,2125a939-8f92-6ca7-9a29-e1755d6267ed_103351_3.png,10206066,2438291,403217,717322,0.9479609844965355,0.9010701794580106,0.9619939443598592,0.9343315462199091,0.9185944448835647,0.9479609844965355,0.8580975313108392,0.7726837860029098,0.038006055640140805,0.5,1.75
HistoKit (no postprocessing),gaussian,f9a50b4c-7c73-18cd-0877-8296eed330e2_114604_2.png,8533273,1665314,31698,2246681,0.8822234255237484,0.789266339686109,0.9962991118125211,0.7915871440638801,0.8173931867731306,0.8822234255237484,0.9813212870622011,0.4256943068690016,0.003700888187478977,0.5,1.75
HistoKit (no postprocessing),gaussian,c38dfb82-e376-0eab-4312-72ca49852e8b_104329_2.png,5766577,752247,15719,60948,0.9933963667484623,0.9868793772774165,0.9972815296899363,0.9895413576089335,0.9883758464684433,0.9933963667484624,0.9795316459322418,0.9250511869846716,0.002718470310063684,0.5,1.75
HistoKit (no postprocessing),gaussian,0f3058e5-e9f7-bd55-4b60-07a71af55b96_123333_2.png,15229964,836738,38446,95080,0.9956354715619884,0.9913088757827812,0.9974819905936505,0.9937957763775426,0.9917577703227387,0.9956354715619884,0.9560709519369641,0.8979629069195916,0.0025180094063494496,0.5,1.75
HistoKit (no postprocessing),gaussian,0502ebf6-5b9d-c3a6-85fe-a3909acf1f7b_112628_1.png,7696525,2946473,386392,65789,0.9714626438705753,0.9445088582162616,0.9521964657066254,0.9915245634227113,0.9592452722033596,0.9714626438705753,0.8840661112886361,0.978159602318789,0.047803534293374535,0.5,1.75
HistoKit (no postprocessing),gaussian,c0272a60-2518-4785-1810-6431c15f4b4b_130712_2.png,17011132,1508248,72191,282068,0.9896947402155826,0.9795997107119557,0.9957741828097496,0.9836890801008489,0.981229957826363,0.9896947402155825,0.954322185165008,0.8424479253941762,0.004225817190250398,0.5,1.75
HistoKit (no postprocessing),gaussian,7d4546a5-f4cc-3733-763f-d1c5a5904dff_120251_3.png,2814661,450592,10135,232192,0.9587293109652842,0.9207301435268964,0.9964121302918866,0.9237928446170525,0.9309133362603277,0.9587293109652842,0.9780021574598406,0.6599334489384637,0.0035878697081134356,0.5,1.75
HistoKit (no postprocessing),gaussian,c38dfb82-e376-0eab-4312-72ca49852e8b_104329_4.png,5026711,146098,5706,27105,0.996746952008743,0.9935150000336,0.9988661511953402,0.9946367259908157,0.9936970043914077,0.9967469520087431,0.9624120576532897,0.8435073295497191,0.0011338488046598683,0.5,1.75
HistoKit (no postprocessing),gaussian,7ea29210-064a-9e70-4612-3ab81fa629dc_120503_3.png,3774214,234529,4120,672210,0.9177690091307246,0.8480343077160905,0.9989095723141469,0.8488200855339032,0.8556415236219371,0.9177690091307247,0.9827361522570804,0.25865105614735884,0.001090427685853077,0.5,1.75
HistoKit (no postprocessing),gaussian,228e0715-eef2-126e-c558-f7684e2bcfa8_110725_12.png,2013341,6105165,463473,332389,0.8349705051939391,0.7166947351259414,0.8128753309695439,0.8583004011544381,0.9107214330842074,0.8349705051939391,0.929441537195382,0.9483671903956068,0.18712466903045605,0.5,1.75
HistoKit (no postprocessing),gaussian,5fe08b37-e6eb-942a-a4ce-507361c4911e_102333_4.png,4952806,517471,11217,2342706,0.807992472797704,0.6778417538135053,0.9977403408485416,0.6788839494746908,0.6991484113391785,0.8079924727977039,0.9787833277850074,0.1809227191184322,0.0022596591514584038,0.5,1.75
HistoKit (no postprocessing),gaussian,7e6be544-b3c1-c3b1-a8a1-838402bd2649_124526_2.png,49841568,1369847,78975,102805,0.9981797411214965,0.9963660968873974,0.9984179859582056,0.9979416099587435,0.9964629558446405,0.9981797411214965,0.9454901982438146,0.9301905677648216,0.001582014041794377,0.5,1.75
HistoKit (no postprocessing),gaussian,be2180cd-04c9-2627-2456-4397fd5e59ee_103647_6.png,3752057,359919,10458,86293,0.9872710540181939,0.9748620871708851,0.997220476197437,0.9775182044368023,0.9770118137859738,0.987271054018194,0.9717639054260929,0.8066098625765331,0.0027795238025629136,0.5,1.75
HistoKit (no postprocessing),gaussian,228e0715-eef2-126e-c558-f7684e2bcfa8_110725_1.png,7452408,562863,18528,2531800,0.8538924686040974,0.7450369578883218,0.9975199894631677,0.7464195457466432,0.7586196485405134,0.8538924686040974,0.9681316016243802,0.18188183979968092,0.002480010536832333,0.5,1.75
HistoKit (no postprocessing),gaussian,6f1702fd-ae84-1c96-04ae-a23a14a5d2d4_111419_1.png,2930309,787296,1067,73950,0.9873615881030421,0.975038648053489,0.9996360071174766,0.9753849451728362,0.9802202803232171,0.987361588103042,0.9986465625606479,0.9141360308204625,0.0003639928825234293,0.5,1.75
HistoKit (no postprocessing),gaussian,0f3058e5-e9f7-bd55-4b60-07a71af55b96_123333_1.png,18632804,802591,35182,266423,0.9919715896944498,0.9840710634274352,0.998115383202023,0.9859029684124118,0.984718802249582,0.9919715896944498,0.9580053307996319,0.7507768841193848,0.0018846167979770286,0.5,1.75
HistoKit (no postprocessing),gaussian,9e7010fd-072a-6a7f-3911-83d91e8c9301_113642_4.png,6739630,218456,44194,1108600,0.9212144788421366,0.8539366359435326,0.9934853852340508,0.8587452202598548,0.8578706626161403,0.9212144788421366,0.831738054445079,0.16461701691563882,0.006514614765949117,0.5,1.75
HistoKit (no postprocessing),gaussian,deaaef3a-8172-327d-10b9-23d266fb17ca_123636_5.png,2283193,163711,4,541488,0.8939888540799135,0.8083000405354933,0.9999982480705782,0.8083011851603774,0.8188017919981154,0.8939888540799134,0.9999755672968268,0.23214865591131015,1.7519294217713146e-06,0.5,1.75
HistoKit (no postprocessing),gaussian,f761dbde-597d-9a8f-e1a1-2533f0d71b83_120113_2.png,3064261,463108,22281,42454,0.9895475030343485,0.9793112551118633,0.99278124192057,0.9863347619591756,0.9819785284613141,0.9895475030343485,0.9540966111716582,0.9160261253812588,0.00721875807942999,0.5,1.75
HistoKit (no postprocessing),gaussian,9e7010fd-072a-6a7f-3911-83d91e8c9301_113642_7.png,2949284,3466260,143010,375191,0.9192426905191694,0.8505542201336127,0.9537527802983804,0.8871427819430135,0.9252639086092724,0.9192426905191693,0.9603770291499389,0.9023309161043575,0.046247219701619574,0.5,1.75
HistoKit (no postprocessing),gaussian,8e6bc805-8b70-bd59-8612-caf5bbe72e5e_125634_3.png,31230287,393342,25702,85554,0.9982219474802,0.9964502066793585,0.9991776935933783,0.9972680280245387,0.996494205036508,0.9982219474802,0.9386651521081318,0.82135160870001,0.0008223064066217837,0.5,1.75
HistoKit (no postprocessing),gaussian,3e1fffa8-5bae-87b0-bc39-e4a1bc285608_122517_5.png,5058294,1786672,210106,594843,0.9262970953630427,0.8627126660109431,0.9601195808974262,0.8947764754330206,0.8947767393493915,0.9262970953630427,0.8947774865308011,0.7502249618415169,0.03988041910257384,0.5,1.75
HistoKit (no postprocessing),gaussian,7e3642ed-4a56-9d3f-3ecf-de46d455c0fd_113100_2.png,2186796,1256715,381,139000,0.9691154810808751,0.9400815157230081,0.9998258028499751,0.9402355150666697,0.9610981854881475,0.9691154810808751,0.9996969205215831,0.9004094675488907,0.0001741971500248951,0.5,1.75
HistoKit (no postprocessing),gaussian,54b22c23-34e4-1c55-9de2-c8e205e762bc_131621_2.png,20974658,1717576,76713,327888,0.9904471409338598,0.9810750690657707,0.9963559143012586,0.9846080369923857,0.9824824050567967,0.9904471409338598,0.9572460177819738,0.8396999409424952,0.0036440856987414263,0.5,1.75
HistoKit (no postprocessing),gaussian,1875292b-dccd-c5b5-17ad-67c30baa6d69_130951_1.png,9696422,349588,6457,2228214,0.8966746295170758,0.8127019041759208,0.9993345274119155,0.813141969281075,0.8180336253339696,0.8966746295170758,0.9818646519400638,0.1356147601716501,0.0006654725880844232,0.5,1.75
HistoKit (no postprocessing),gaussian,be2180cd-04c9-2627-2456-4397fd5e59ee_103647_1.png,28912509,455466,8660,50025,0.9989861567771502,0.997974367228358,0.9997005653540492,0.9982727685360681,0.9980057199831717,0.9989861567771502,0.9813412737058471,0.9010368137118169,0.0002994346459508604,0.5,1.75
HistoKit (no postprocessing),gaussian,7d4546a5-f4cc-3733-763f-d1c5a5904dff_120251_1.png,6389361,931858,29466,382931,0.9687367690337719,0.9393690572349089,0.9954094416316253,0.9434562183674301,0.9466747508539343,0.9687367690337719,0.9693485234946803,0.7087509858996387,0.004590558368374783,0.5,1.75
HistoKit (no postprocessing),gaussian,f761dbde-597d-9a8f-e1a1-2533f0d71b83_120113_3.png,10031583,14826264,286506,97787,0.9812058310032558,0.9631050715273493,0.9722326488945773,0.9903461913228562,0.9847757361301379,0.9812058310032556,0.9810421253019798,0.9934476905767744,0.02776735110542272,0.5,1.75
HistoKit (no postprocessing),gaussian,f9a50b4c-7c73-18cd-0877-8296eed330e2_114604_5.png,4875752,3216886,417038,1155764,0.8611127251418321,0.7561000497165721,0.9212063958706089,0.8083791869241498,0.8372756956744856,0.861112725141832,0.8852375558762373,0.7356833956525219,0.07879360412939111,0.5,1.75
HistoKit (no postprocessing),gaussian,9601a588-d18f-b3b2-00f0-b816a7730c15_114312_2.png,5462339,423485,19202,51454,0.9935740014809918,0.9872300625610542,0.9964969704687058,0.9906681299062188,0.9881379606747609,0.9935740014809918,0.9566239803743954,0.8916618765778342,0.003503029531294211,0.5,1.75
HistoKit (no postprocessing),gaussian,1c7a4a4c-ace6-25f8-ee0c-f8914aeab226_121941_3.png,7005395,3811601,586172,132060,0.9512369524602516,0.9070084560013061,0.9227864286780318,0.9814976066399017,0.9377357777410208,0.9512369524602516,0.8667116288175857,0.9665133488907895,0.07721357132196818,0.5,1.75
HistoKit (no postprocessing),gaussian,6f1702fd-ae84-1c96-04ae-a23a14a5d2d4_111419_2.png,6375065,565687,14512,243772,0.9801448508634488,0.9610628055300573,0.9977288011397312,0.9631699647536267,0.9641224186127143,0.9801448508634489,0.9749878920853018,0.6988457722997706,0.002271198860268841,0.5,1.75
HistoKit (no postprocessing),gaussian,2125a939-8f92-6ca7-9a29-e1755d6267ed_103351_7.png,612485,345288,80,1754597,0.4111124572810135,0.25874232519785295,0.9998694016145225,0.25875106988266566,0.3531025456690446,0.41111245728101353,0.9997683630214728,0.16443186174480984,0.00013059838547745952,0.9,2.25
HistoKit (no postprocessing),gaussian,9601a588-d18f-b3b2-00f0-b816a7730c15_114312_1.png,9487040,1022005,338890,71963,0.9788055496503393,0.9584908626512734,0.9655106437762125,0.992471704423568,0.962375747465773,0.9788055496503393,0.7509800535676889,0.9342183683617802,0.034489356223787467,0.5,1.75
HistoKit (no postprocessing),gaussian,54b22c23-34e4-1c55-9de2-c8e205e762bc_131621_1.png,26127671,1339297,133612,164668,0.9943242732156501,0.9887126105698145,0.9949122059268772,0.9937370349591187,0.9892570741669586,0.9943242732156501,0.9092869960058633,0.8905107499177175,0.005087794073122779,0.5,1.75
HistoKit (no postprocessing),gaussian,228e0715-eef2-126e-c558-f7684e2bcfa8_110725_2.png,2625663,191270,55039,868534,0.8504310758767066,0.7397825898306002,0.9794684377450384,0.7514353083126109,0.7530887532328514,0.8504310758767067,0.7765449090370226,0.1804767674022744,0.020531562254961572,0.9,2.25
HistoKit (no postprocessing),gaussian,be2180cd-04c9-2627-2456-4397fd5e59ee_103647_4.png,4693077,432589,32012,154446,0.9805217217620437,0.961787752316563,0.9932251011568247,0.9681391919130657,0.9648995392426833,0.9805217217620437,0.931097866771703,0.7369049545597792,0.006774898843175229,0.9,2.25
HistoKit (no postprocessing),gaussian,39bcf904-a619-148a-5bca-38122a540be1_104536_1.png,1690986,912592,1104,314634,0.9146125575018051,0.8426599771567989,0.9993475524351542,0.8431238220600114,0.8918452130567571,0.9146125575018053,0.9987917206598256,0.7436217941927566,0.0006524475648458416,0.9,2.25
HistoKit (no postprocessing),gaussian,be2180cd-04c9-2627-2456-4397fd5e59ee_103647_3.png,21837754,1445623,44940,240382,0.9935096311875822,0.9871029688638234,0.9979463223312449,0.9891122149079977,0.9878940284315226,0.9935096311875823,0.9698503183025474,0.8574250966041026,0.0020536776687550447,0.5,1.75
HistoKit (no postprocessing),gaussian,9e7010fd-072a-6a7f-3911-83d91e8c9301_113642_3.png,3192635,272448,2203,577040,0.9168293605023065,0.8464311411980981,0.9993104501699304,0.8469257959903705,0.8567763825171364,0.9168293605023066,0.9919789114184911,0.3207202456067655,0.0006895498300696311,0.9,2.25
HistoKit (no postprocessing),gaussian,10fd35f3-17d4-d309-f849-cc9e883460c1_123055_2.png,4871282,3703453,3604088,98667,0.7246063853152164,0.568143337846571,0.5747574442177745,0.9801472811894045,0.6984110758795161,0.7246063853152164,0.5067987986656524,0.9740494776598319,0.4252425557822254,0.5,1.75
HistoKit (no postprocessing),gaussian,c74350c8-f970-c60d-af8a-f9c4d9c5bab2_124242_3.png,303211,1908382,1518954,23457,0.28220992510818665,0.1642866199037506,0.1664015059009475,0.9281931502320399,0.5891291005550341,0.2822099251081866,0.5568120546103446,0.98785768379249,0.8335984940990525,0.9,2.25
HistoKit (no postprocessing),gaussian,332605c9-e7e2-297a-c808-98d567218fe3_115336_3.png,9074332,267980,29001,166263,0.9893553877882644,0.978935004287134,0.9968142437500639,0.9820073274502346,0.9795268734949006,0.9893553877882644,0.9023472882103569,0.6171199075172196,0.0031857562499361496,0.5,1.75
HistoKit (no postprocessing),gaussian,969ce636-2f0f-f223-bb1c-2b4624598a38_125938_1.png,21695029,769485,145763,2512473,0.9422728668297679,0.8908468330632463,0.9933261119834849,0.896210976250255,0.8941900866744286,0.942272866829768,0.8407393405940248,0.23445912470543498,0.006673888016515152,0.5,1.75
HistoKit (no postprocessing),gaussian,332605c9-e7e2-297a-c808-98d567218fe3_115336_2.png,5448270,470367,11501,179718,0.9827540443474646,0.9660928499018262,0.997893501394106,0.9680670960918893,0.9687031903861564,0.9827540443474647,0.976132467812762,0.7235469207872817,0.00210649860589391,0.9,2.25
HistoKit (no postprocessing),gaussian,0502ebf6-5b9d-c3a6-85fe-a3909acf1f7b_112628_8.png,4011857,95168,248,51692,0.9935683227637043,0.987218849760458,0.9999381870614055,0.9872791001166714,0.9875113159163398,0.9935683227637043,0.9974008552024818,0.6480185210404467,6.181293859457815e-05,0.9,2.25
HistoKit (no postprocessing),gaussian,7e6be544-b3c1-c3b1-a8a1-838402bd2649_124526_1.png,51757846,2599767,147817,268140,0.9959977831199426,0.9920274740179473,0.9971521989806778,0.99484603713229,0.9924058811576459,0.9959977831199427,0.9462010988563043,0.9065032443520659,0.002847801019322304,0.5,1.75
HistoKit (no postprocessing),gaussian,3e1fffa8-5bae-87b0-bc39-e4a1bc285608_122517_10.png,3187700,1793278,214572,2042330,0.7385515474319596,0.5854789753227141,0.9369327320096689,0.6094993718965284,0.6881818985669838,0.7385515474319596,0.8931334512040242,0.46753422143243,0.06306726799033116,0.9,2.25
HistoKit (no postprocessing),gaussian,04e13be9-17d6-1bd0-76ee-d5d53a64912e_105258_2.png,3195438,118211,4161,974542,0.8671968914370821,0.7655318782954386,0.9986995245341682,0.7662957616103674,0.7719891099332021,0.8671968914370821,0.9659971235249893,0.1081772367589016,0.001300475465831812,0.9,2.25
HistoKit (no postprocessing),gaussian,def4a0a8-b472-78ea-531c-84458df3a3e9_124843_7.png,11473623,163947,61134,283302,0.9852120598246189,0.9708551125019769,0.9947000183879037,0.9759033931066159,0.9712538952158762,0.985212059824619,0.7283911125328215,0.3665676166967394,0.005299981612096379,0.9,2.25
HistoKit (no postprocessing),gaussian,b91bdd22-8eea-af27-bee7-880d6f1d7c1e_121440_5.png,2958703,714183,397433,5041821,0.5210516120056425,0.35231223498762854,0.8815801862618201,0.3698136522057805,0.40307611603860344,0.5210516120056424,0.6424727603776844,0.12407618201794161,0.11841981373817986,0.9,2.25
HistoKit (no postprocessing),gaussian,d9d9ce51-54c1-b32b-5fae-fd9ffdaa32e5_111717_1.png,7488198,300700,7000,560112,0.9635145425344137,0.9295977436001842,0.9990660687015873,0.9304062592022425,0.932131244457582,0.9635145425344137,0.9772505687357816,0.34932133845717767,0.0009339312984126637,0.9,2.25
HistoKit (no postprocessing),gaussian,cd7afea3-2dfd-f8a4-f2e6-1e02af01c417_132555_3.png,0,4002472,278,106110,0.0,0.0,0.0,0.0,0.974107660032223,,0.9999305477484229,0.97417357131974,1.0,0.9,2.25
HistoKit (no postprocessing),gaussian,be2180cd-04c9-2627-2456-4397fd5e59ee_103647_5.png,4983055,479370,16636,91075,0.9893078306632608,0.9788418874487651,0.9966725943663318,0.9820511102395879,0.9806627701729366,0.9893078306632607,0.9664600831441555,0.840343942010185,0.0033274056336681608,0.9,2.25
HistoKit (no postprocessing),gaussian,0504f20c-cba2-27c1-e181-78505aa24ca7_112258_3.png,3533850,2191267,2675053,48052,0.7218711842386811,0.5647875044650313,0.5691585131866289,0.9865847809348218,0.677671230703928,0.721871184238681,0.4502924180900557,0.9785416905764655,0.43084148681337103,0.9,2.25
HistoKit (no postprocessing),gaussian,19a1c0fb-3d0a-327d-ea5a-6aae35f53e51_121144_1.png,6550930,58872,4905,6441,0.9991347653655407,0.9982710266986637,0.9992518115541346,0.9990177465938712,0.9982863998811082,0.9991347653655407,0.9230913965849757,0.9013825731477654,0.0007481884458654008,0.9,2.25
HistoKit (no postprocessing),gaussian,b0f43f79-08e2-79bc-61fa-379c7ef1dd21_131900_10.png,4977761,183114,3278,446927,0.9567348826276146,0.9170582498121764,0.999341904369751,0.9176124046212427,0.9197650006772314,0.9567348826276146,0.9824134083007855,0.2906382283057769,0.0006580956302490304,0.9,2.25
HistoKit (no postprocessing),gaussian,cbd7b0be-5303-525e-8ff2-6d1502e77bdd_110516_1.png,11677352,480888,20390,38930,0.9974664756472446,0.9949457563438767,0.998256928559375,0.9966772735582841,0.9951446933757641,0.9974664756472446,0.9593239679379506,0.9251084033257794,0.0017430714406250368,0.9,2.25
HistoKit (no postprocessing),gaussian,def4a0a8-b472-78ea-531c-84458df3a3e9_124843_8.png,29536100,642215,180545,1732660,0.968628477584104,0.9391654282980181,0.993924448739082,0.9445881448448867,0.9403828488024251,0.9686284775841038,0.7805617677086878,0.2704205484499184,0.006075551260917913,0.5,1.75
HistoKit (no postprocessing),gaussian,c0272a60-2518-4785-1810-6431c15f4b4b_130712_1.png,8107998,226431,47107,17414,0.9960369194663782,0.9921051269504543,0.9942236182121506,0.9978568471358744,0.9923179683174682,0.9960369194663781,0.8277862673559067,0.9285857819516496,0.005776381787849451,0.9,2.25
HistoKit (no postprocessing),gaussian,d9d9ce51-54c1-b32b-5fae-fd9ffdaa32e5_111717_2.png,6612504,750153,6444,1768404,0.8816756640863752,0.7883899471489929,0.9990264313906076,0.7889961326386115,0.8057622950685116,0.8816756640863752,0.9914829162685023,0.2978503166694262,0.0009735686093923083,0.9,2.25
HistoKit (no postprocessing),gaussian,6f1702fd-ae84-1c96-04ae-a23a14a5d2d4_111419_5.png,2308127,935387,25256,226761,0.9482327503953663,0.9015613965464443,0.9891762303916674,0.9105439766964063,0.9279030853967537,0.9482327503953663,0.9737092759745296,0.8048776919979211,0.010823769608332623,0.9,2.25
HistoKit (no postprocessing),gaussian,e398b039-2e70-a00a-855c-e3ff4eba631e_115619_4.png,4946273,186008,819,634244,0.9396764260526773,0.8862166692705833,0.9998344481970418,0.8863467309570063,0.8898864017821722,0.9396764260526773,0.9956162653149705,0.2267693343021413,0.0001655518029581823,0.9,2.25
HistoKit (no postprocessing),gaussian,2125a939-8f92-6ca7-9a29-e1755d6267ed_103351_8.png,6532249,209012,0,1633689,0.8888509854990959,0.7999385986031243,1.0,0.7999385986031243,0.8049314921283112,0.8888509854990958,1.0,0.11342697485918768,0.0,0.9,2.25
HistoKit (no postprocessing),gaussian,deaaef3a-8172-327d-10b9-23d266fb17ca_123636_1.png,3651512,3641017,445320,78673,0.9330532947609542,0.8745078738978878,0.8913013762829425,0.9789090889593948,0.9329634075103991,0.9330532947609542,0.8910222039934543,0.9788495815511508,0.10869862371705748,0.9,2.25
HistoKit (no postprocessing),gaussian,04e13be9-17d6-1bd0-76ee-d5d53a64912e_105258_4.png,7938757,390121,26909,790957,0.9510124357756458,0.9066002955705641,0.9966218769403588,0.9093948553182842,0.910583919261324,0.9510124357756456,0.9354746660911685,0.3303092598456664,0.0033781230596412154,0.9,2.25
HistoKit (no postprocessing),gaussian,8e6bc805-8b70-bd59-8612-caf5bbe72e5e_125634_2.png,7194197,1488798,220009,42069,0.9821112930696021,0.9648513500373846,0.9703260200755145,0.9941863662833843,0.9707014129454282,0.9821112930696022,0.8712499422111449,0.9725194938554427,0.02967397992448551,0.9,2.25
HistoKit (no postprocessing),gaussian,f4c75e72-7c5b-0601-d74f-78529d4dec70_114117_1.png,4392717,8473703,10298376,148630,0.4568028809657017,0.29601071394661477,0.2990054586135967,0.9672718248572505,0.5518888558035185,0.4568028809657017,0.45139928294569825,0.9827622060061935,0.7009945413864033,0.9,2.25
HistoKit (no postprocessing),gaussian,7ea29210-064a-9e70-4612-3ab81fa629dc_120503_2.png,8255782,53742,15118,532063,0.9679237247523191,0.9378412700360095,0.998172145715702,0.9394546672136342,0.9382184457989737,0.9679237247523191,0.780453093232646,0.09174042556823517,0.0018278542842979602,0.9,2.25
HistoKit (no postprocessing),gaussian,0502ebf6-5b9d-c3a6-85fe-a3909acf1f7b_112628_7.png,5012440,904731,103,222036,0.978321597725153,0.9575631583743411,0.9999794515478471,0.9575820005670099,0.9638169435978962,0.978321597725153,0.9998861669654323,0.8029441756813964,2.0548452152929163e-05,0.9,2.25
HistoKit (no postprocessing),gaussian,9e7010fd-072a-6a7f-3911-83d91e8c9301_113642_1.png,8268403,270942,74875,28147,0.9938087100419548,0.9876936124972749,0.9910257095592404,0.9966073849973784,0.988079423148774,0.9938087100419549,0.7834837500759072,0.9058908886652468,0.008974290440759616,0.9,2.25
HistoKit (no postprocessing),gaussian,24aa9d72-799e-9634-ead4-94165f32d151_102546_1.png,6275738,410145,19311,62014,0.9935623936449248,0.9872071426695,0.9969323511222867,0.9902151425300327,0.9879824884945165,0.9935623936449248,0.9550338102157148,0.8686586510052757,0.0030676488777132633,0.9,2.25
HistoKit (no postprocessing),gaussian,e16fa7c2-3d43-e563-886f-5b0ebdd4e8c5_105048_1.png,42035238,451547,999623,37205,0.9878174028400665,0.9759280643747156,0.9767717850883729,0.9991156919506671,0.9761778049078784,0.9878174028400665,0.3111606496826698,0.9238775493501817,0.02322821491162711,0.5,1.75
HistoKit (no postprocessing),gaussian,b91bdd22-8eea-af27-bee7-880d6f1d7c1e_121440_6.png,5668510,411062,97141,631985,0.9395725859773286,0.8860319655572777,0.9831517724537958,0.8996928019147702,0.8929125656623337,0.9395725859773286,0.8088539422238751,0.3940972937940476,0.016848227546204235,0.9,2.25
HistoKit (no postprocessing),gaussian,e398b039-2e70-a00a-855c-e3ff4eba631e_115619_1.png,14528981,375924,898,1702061,0.944638881261065,0.8950859231860148,0.99993819631946,0.8951354447853687,0.8974606848900015,0.9446388812610649,0.9976169119637388,0.1809079468812335,6.180368053994118e-05,0.9,2.25
HistoKit (no postprocessing),gaussian,b1a83861-bd20-5668-5a83-92a470ead44d_110338_5.png,2708329,2334170,0,166209,0.9702287373136419,0.942178882310827,1.0,0.942178882310827,0.9680901674657132,0.9702287373136419,1.0,0.9335264773860282,0.0,0.9,2.25
HistoKit (no postprocessing),gaussian,d9d9ce51-54c1-b32b-5fae-fd9ffdaa32e5_111717_5.png,9206772,224896,7028,857148,0.9551722921590312,0.9141911963004873,0.999237231109857,0.9148296091383874,0.9160655503327362,0.9551722921590313,0.9696969696969697,0.20784367363988895,0.0007627688901430463,0.9,2.25
HistoKit (no postprocessing),gaussian,0502ebf6-5b9d-c3a6-85fe-a3909acf1f7b_112628_2.png,8393224,2877170,286682,293329,0.9666016543729496,0.9353621074227968,0.9669717621365945,0.9662318298178806,0.9510555968340323,0.9666016543729496,0.9093883026133965,0.9074817560264173,0.03302823786340543,0.9,2.25
HistoKit (no postprocessing),gaussian,40f80889-968b-7602-00a3-4e00b00e88fe_110004_3.png,21336233,9006595,125366,936063,0.975729831518551,0.9526098304367662,0.994158589954085,0.9579718678307796,0.96620111088761,0.975729831518551,0.9862717328731474,0.9058538471302141,0.005841410045915032,0.9,2.25
HistoKit (no postprocessing),gaussian,59c3e1ff-f1eb-ac9b-3a83-925048a454e4_130514_4.png,1779405,1074355,0,70560,0.9805586093454236,0.9618587378680137,1.0,0.9618587378680137,0.9758713136729222,0.9805586093454236,1.0,0.9383709707707559,0.0,0.9,2.25
HistoKit (no postprocessing),gaussian,2125a939-8f92-6ca7-9a29-e1755d6267ed_103351_5.png,4153729,952551,2582,39210,0.9949945204659101,0.990038901008957,0.9993787760348058,0.9906485641694287,0.9918820094202256,0.9949945204659101,0.997296711557448,0.960464265079994,0.0006212239651941349,0.9,2.25
HistoKit (no postprocessing),gaussian,6247d1f0-d194-53f2-2d84-7b4b827443da_115125_1.png,2645761,451797,248975,31827,0.9496077399663049,0.9040505876688798,0.9139904295244886,0.9881135559316818,0.9168821558389277,0.9496077399663049,0.6447132590914021,0.9341906108877971,0.08600957047551142,0.9,2.25
HistoKit (no postprocessing),gaussian,0e99786b-efbd-e936-5e70-bad7ef5912da_122209_3.png,9752011,1757757,59407,173005,0.9882242151748386,0.976722540701651,0.9939451157824486,0.9825687938437581,0.9802070825008644,0.9882242151748387,0.9673078489338331,0.9103954811623597,0.006054884217551428,0.9,2.25
HistoKit (no postprocessing),gaussian,7e3642ed-4a56-9d3f-3ecf-de46d455c0fd_113100_1.png,571566,1942898,1715872,82864,0.3885735185943081,0.2411363615269278,0.2498716905113931,0.8733798878413276,0.5829694890104795,0.38857351859430816,0.5310249072775823,0.9590948986109918,0.7501283094886069,0.9,2.25
HistoKit (no postprocessing),gaussian,66e65946-ef0a-6028-f7a7-e909aade97a4_112429_4.png,9085651,974881,19372,45504,0.9964424563085532,0.9929101351211793,0.9978723831889277,0.9950166216650577,0.9935927520155238,0.9964424563085532,0.9805160255991181,0.9554050676950366,0.002127616811072306,0.9,2.25
HistoKit (no postprocessing),gaussian,0e99786b-efbd-e936-5e70-bad7ef5912da_122209_4.png,5242727,253004,12402,26354,0.9963174433045331,0.9926619095432098,0.9976400198739175,0.9949983687857522,0.9929973636219581,0.9963174433045331,0.9532715914485731,0.905662268487031,0.0023599801260825374,0.9,2.25
HistoKit (no postprocessing),gaussian,728c532f-2f31-cf1c-4143-7abb9ca2b76d_102101_5.png,4845449,1824095,594348,59820,0.9367652173509574,0.88105208053579,0.8907407758046854,0.987804950146465,0.910678082371344,0.9367652173509575,0.754243536027105,0.9682469750492989,0.10925922419531464,0.9,2.25
HistoKit (no postprocessing),gaussian,59c3e1ff-f1eb-ac9b-3a83-925048a454e4_130514_1.png,4979591,709004,119022,83504,0.9800696890719552,0.9609182887997318,0.9766560042897942,0.9835073211148517,0.9656218230791729,0.9800696890719552,0.8562581368217906,0.8946332402953661,0.023343995710205893,0.9,2.25
HistoKit (no postprocessing),gaussian,0502ebf6-5b9d-c3a6-85fe-a3909acf1f7b_112628_5.png,2740031,843906,255,14296,0.9973517698152718,0.9947175288301455,0.9999069440197118,0.994809621370302,0.9959563572255903,0.9973517698152718,0.9996979249219047,0.9833419171710157,9.30559802881889e-05,0.9,2.25
HistoKit (no postprocessing),gaussian,228e0715-eef2-126e-c558-f7684e2bcfa8_110725_7.png,7405819,366712,641,1827937,0.890110921637075,0.8019818727741508,0.9999134539307577,0.8020375457181238,0.8095451265056984,0.8901109216370748,0.9982550843466639,0.16709369015273057,8.654606924225609e-05,0.9,2.25
HistoKit (no postprocessing),gaussian,f761dbde-597d-9a8f-e1a1-2533f0d71b83_120113_1.png,9235660,1000557,8614,135409,0.9922632099768455,0.9846452166880266,0.9990681799349521,0.9855503144838652,0.986125272633388,0.9922632099768455,0.9914642810782316,0.8807983689652683,0.000931820065047834,0.9,2.25
HistoKit (no postprocessing),gaussian,c38dfb82-e376-0eab-4312-72ca49852e8b_104329_1.png,3513854,811484,41506,76894,0.9834315406372252,0.9674031606820448,0.988325795418748,0.9785855203428366,0.9733557648988307,0.9834315406372252,0.9513405784358551,0.9134445022276554,0.011674204581251969,0.9,2.25
HistoKit (no postprocessing),gaussian,7d4546a5-f4cc-3733-763f-d1c5a5904dff_120251_4.png,3329667,263057,3590,125222,0.9810239791542492,0.9627547254154211,0.9989229753361352,0.9637551307726528,0.9653874099296634,0.9810239791542492,0.9865365070673963,0.677494791116697,0.0010770246638648025,0.9,2.25
HistoKit (no postprocessing),gaussian,59c3e1ff-f1eb-ac9b-3a83-925048a454e4_130514_3.png,2339372,412468,11,78237,0.983550949843935,0.9676342849579338,0.9999952979054734,0.9676386876455209,0.9723513897801058,0.983550949843935,0.9999733319756885,0.8405620484812667,4.702094526633732e-06,0.9,2.25
HistoKit (no postprocessing),gaussian,c0272a60-2518-4785-1810-6431c15f4b4b_130712_3.png,33299513,2107021,181167,293898,0.9929173099043563,0.9859342432050521,0.994588909185835,0.9912513200877399,0.986760205418939,0.9929173099043564,0.9208251245090001,0.8775893730692289,0.005411090814165065,0.9,2.25
HistoKit (no postprocessing),gaussian,7e3642ed-4a56-9d3f-3ecf-de46d455c0fd_113100_4.png,8159534,3779195,820,104355,0.9935963563130429,0.9872742040887345,0.9998995141632336,0.9873721682370129,0.9912673664619047,0.9935963563130429,0.9997830696439035,0.9731289670533404,0.00010048583676639518,0.9,2.25
HistoKit (no postprocessing),gaussian,7e3642ed-4a56-9d3f-3ecf-de46d455c0fd_113100_3.png,3808081,1524513,29310,126008,0.9800143601990869,0.9608119192642477,0.9923619980346021,0.967970221314261,0.9716981613407795,0.9800143601990868,0.9811368476332246,0.9236556214674033,0.007638001965397844,0.9,2.25
HistoKit (no postprocessing),gaussian,3e1fffa8-5bae-87b0-bc39-e4a1bc285608_122517_7.png,3231090,351973,22,2955427,0.6861790796813083,0.5222774801872259,0.9999931911985719,0.522279337468886,0.5479936413667208,0.6861790796813083,0.9999374991122033,0.10641984640503115,6.80880142811515e-06,0.9,2.25
HistoKit (no postprocessing),gaussian,b0f43f79-08e2-79bc-61fa-379c7ef1dd21_131900_5.png,7284144,151195,19587,565115,0.9614134240173061,0.9256940598405408,0.997318219961825,0.9280040319729543,0.9270948864226505,0.9614134240173062,0.8853099272757082,0.21107481397718864,0.0026817800381750095,0.9,2.25
HistoKit (no postprocessing),gaussian,66e65946-ef0a-6028-f7a7-e909aade97a4_112429_5.png,13328632,464611,14677,15120,0.9988834664109323,0.9977694233356332,0.99890004795662,0.9988668854157361,0.997844396022872,0.9988834664109321,0.9693774932817012,0.9684823369763471,0.0010999520433799441,0.9,2.25
HistoKit (no postprocessing),gaussian,cbd7b0be-5303-525e-8ff2-6d1502e77bdd_110516_5.png,4616899,465118,175677,39781,0.9771984164679208,0.9554134762808294,0.9633439302788313,0.9914572184474776,0.9593281704963214,0.9771984164679208,0.7258452391170344,0.9212099845711716,0.03665606972116874,0.9,2.25
HistoKit (no postprocessing),gaussian,1875292b-dccd-c5b5-17ad-67c30baa6d69_130951_13.png,11298619,341006,50734,1373468,0.9407112146482476,0.8880592598135272,0.9955297892311571,0.8916146961427901,0.8909812568705939,0.9407112146482476,0.8704906315413284,0.1988983210010767,0.004470210768842946,0.9,2.25
HistoKit (no postprocessing),gaussian,1875292b-dccd-c5b5-17ad-67c30baa6d69_130951_12.png,7048463,283577,2568,1132752,0.9254660146638913,0.8612719814296151,0.9996357979421733,0.8615423259259168,0.8659180665520304,0.9254660146638912,0.9910255290150098,0.20021972295984902,0.0003642020578267207,0.9,2.25
HistoKit (no postprocessing),gaussian,6f1702fd-ae84-1c96-04ae-a23a14a5d2d4_111419_3.png,4559672,345775,15679,58618,0.9919186533387588,0.9839668759113408,0.9965731590865925,0.9873074233103595,0.9850801567309484,0.9919186533387587,0.9566224194503311,0.8550469469056091,0.0034268409134075176,0.9,2.25
HistoKit (no postprocessing),gaussian,e398b039-2e70-a00a-855c-e3ff4eba631e_115619_3.png,17603514,540285,22288,3208313,0.9159521259753041,0.8449369699648869,0.9987354901637951,0.8458418379126446,0.8488565293060858,0.9159521259753041,0.960382030420941,0.14412988535980653,0.0012645098362049,0.9,2.25
HistoKit (no postprocessing),gaussian,04e13be9-17d6-1bd0-76ee-d5d53a64912e_105258_3.png,9289209,317457,2,1566832,0.9222231620631998,0.8556717212708166,0.9999997846964613,0.8556718789105531,0.8597723184320043,0.9222231620631999,0.9999936999738549,0.16847574867761791,2.153035386966665e-07,0.9,2.25
HistoKit (no postprocessing),gaussian,b91bdd22-8eea-af27-bee7-880d6f1d7c1e_121440_1.png,5321356,1312185,72407,434164,0.9545647016045785,0.913078698480609,0.9865757913352886,0.9245656343822973,0.9290527935696247,0.9545647016045786,0.947705172354022,0.7513876092350383,0.013424208664711446,0.9,2.25
HistoKit (no postprocessing),gaussian,b91bdd22-8eea-af27-bee7-880d6f1d7c1e_121440_2.png,8844086,1022074,1878,2068797,0.8952026401135653,0.8102867300529989,0.999787699791679,0.810426172442241,0.8265306507126889,0.8952026401135654,0.9981659296529525,0.33067507508401356,0.0002123002083209925,0.9,2.25
HistoKit (no postprocessing),gaussian,b1a83861-bd20-5668-5a83-92a470ead44d_110338_3.png,843314,1700349,46278,93730,0.9233519978802563,0.8576173420303828,0.9479783990863228,0.8999726800449072,0.947829670626541,0.9233519978802563,0.9735043601181019,0.9477559237915387,0.05202160091367728,0.9,2.25
HistoKit (no postprocessing),gaussian,3e1fffa8-5bae-87b0-bc39-e4a1bc285608_122517_3.png,10382640,507238,1492,1729054,0.9230725735520892,0.857135356461958,0.9998563192378526,0.857240944165201,0.8628773486532624,0.9230725735520892,0.9970672065732313,0.22682100548586678,0.00014368076214747657,0.9,2.25
HistoKit (no postprocessing),gaussian,c74350c8-f970-c60d-af8a-f9c4d9c5bab2_124242_5.png,0,5521904,5578960,1850,0.0,0.0,0.0,0.0,0.49734722519196656,,0.4974301099445953,0.9996650828404017,1.0,0.9,2.25
HistoKit (no postprocessing),gaussian,c74350c8-f970-c60d-af8a-f9c4d9c5bab2_124242_4.png,0,2720716,916662,1278,0.0,0.0,0.0,0.0,0.7477255338234777,,0.7479882486780313,0.9995304912501644,1.0,0.9,2.25
HistoKit (no postprocessing),gaussian,0504f20c-cba2-27c1-e181-78505aa24ca7_112258_4.png,9969436,1324361,451344,108219,0.9727021599453812,0.9468550619104438,0.95668807901136,0.9892614899001801,0.9527928789811496,0.9727021599453811,0.74582264509026,0.9244586689748565,0.04331192098864001,0.9,2.25
HistoKit (no postprocessing),gaussian,cbd7b0be-5303-525e-8ff2-6d1502e77bdd_110516_4.png,3242413,341143,1094,75820,0.9882784139572736,0.9768284354027187,0.9996627107633805,0.9771504894321767,0.9789879441711037,0.9882784139572736,0.9968033847889036,0.8181613236666083,0.0003372892366194986,0.9,2.25
HistoKit (no postprocessing),gaussian,5fe08b37-e6eb-942a-a4ce-507361c4911e_102333_2.png,9035247,70863,12121,153179,0.9909354097770572,0.9820336769107315,0.9986602733524269,0.9833291360239501,0.9821709966445233,0.9909354097770571,0.8539356984478935,0.3162933735638853,0.0013397266475730842,0.9,2.25
HistoKit (no postprocessing),gaussian,7e6be544-b3c1-c3b1-a8a1-838402bd2649_124526_4.png,4616718,475205,17389,74048,0.9901942900455588,0.9805790166211605,0.9962476049862465,0.9842140921120346,0.9823595119767873,0.9901942900455588,0.9646991234160384,0.8651841683158763,0.003752395013753459,0.9,2.25
HistoKit (no postprocessing),gaussian,66e65946-ef0a-6028-f7a7-e909aade97a4_112429_3.png,4702227,170245,12103,5863,0.9980932711553931,0.9961937997026816,0.9974327210865594,0.9987546967029093,0.9963263004254425,0.9980932711553933,0.9336269111808191,0.9667079292252482,0.00256727891344051,0.9,2.25
HistoKit (no postprocessing),gaussian,24aa9d72-799e-9634-ead4-94165f32d151_102546_6.png,8291270,117628,3539,32887,0.9978081668859543,0.9956259210230537,0.9995733476201802,0.9960492095475855,0.9956868439860922,0.9978081668859543,0.9707923774625105,0.7815035046340896,0.00042665237981971617,0.9,2.25
HistoKit (no postprocessing),gaussian,0f3058e5-e9f7-bd55-4b60-07a71af55b96_123333_3.png,30739971,1529290,104302,389266,0.9920358230476215,0.9841975000015208,0.9966184322126834,0.9874951641121175,0.9849351226659945,0.9920358230476215,0.9361517441319497,0.7971046974912382,0.0033815677873166275,0.9,2.25
HistoKit (no postprocessing),gaussian,def4a0a8-b472-78ea-531c-84458df3a3e9_124843_6.png,16589319,7838379,2143722,11079,0.9390152484166627,0.8850412289293923,0.8855646555196244,0.9993326063628113,0.9189391110294032,0.9390152484166627,0.7852434071745017,0.9985885649684347,0.11443534448037561,0.9,2.25
HistoKit (no postprocessing),gaussian,84acf623-2a5d-c4c6-c1db-583a94b80fc7_105804_1.png,45197423,3750007,41248,979482,0.9888341785430527,0.9779149547581445,0.9990882137099032,0.9787884874484334,0.979572391699034,0.9888341785430528,0.9891202253607315,0.7928989791497559,0.0009117862900968068,0.9,2.25
HistoKit (no postprocessing),gaussian,b91bdd22-8eea-af27-bee7-880d6f1d7c1e_121440_4.png,6381799,256507,19252,324633,0.973764223077764,0.9488698844608221,0.9969923689094181,0.951593783400771,0.950748267986367,0.973764223077764,0.9301854155258759,0.4413858966858244,0.0030076310905818434,0.9,2.25
HistoKit (no postprocessing),gaussian,9e7010fd-072a-6a7f-3911-83d91e8c9301_113642_6.png,6921812,1655978,22295,964715,0.9334478890113531,0.8752013890311351,0.9967893639887749,0.8776755598503625,0.8968080879892941,0.9334478890113532,0.9867155105277866,0.6318855356197769,0.0032106360112250576,0.9,2.25
HistoKit (no postprocessing),gaussian,1875292b-dccd-c5b5-17ad-67c30baa6d69_130951_4.png,3881737,151337,1742,175819,0.9776400683286247,0.9562582003095117,0.9995514331350832,0.9566687434504909,0.9578303510040647,0.9776400683286246,0.9886202549010642,0.4625835992615144,0.0004485668649167409,0.9,2.25
HistoKit (no postprocessing),gaussian,969ce636-2f0f-f223-bb1c-2b4624598a38_125938_4.png,15580160,767031,74210,3928619,0.8861640918451302,0.7955966272564418,0.9952594706781557,0.7986230199234918,0.8033009795567768,0.8861640918451301,0.9117850889340867,0.16334927006910652,0.004740529321844315,0.9,2.25
HistoKit (no postprocessing),gaussian,35ce6eab-4a33-9fbb-2efe-2acf7936ba3e_104917_2.png,7217691,4931537,458727,182345,0.9574785954309946,0.918425838773863,0.9402420503938165,0.9753589036593876,0.9498782671243051,0.9574785954309946,0.9148971182116498,0.9643431350195409,0.05975794960618351,0.9,2.25
HistoKit (no postprocessing),gaussian,859ead5f-592a-5c4e-67de-d71b0ee92f6d_113334_2.png,12676307,607013,33065,332359,0.9857911400550851,0.9719804065886652,0.9973983765680948,0.9744509544637397,0.9732265474390903,0.9857911400550851,0.9483422332903177,0.6461902207006383,0.002601623431905211,0.9,2.25
HistoKit (no postprocessing),gaussian,d9d9ce51-54c1-b32b-5fae-fd9ffdaa32e5_111717_3.png,10965830,739538,22471,956911,0.9572528390459063,0.9180104965906005,0.9979550068750392,0.9197406871456824,0.9227905950058141,0.9572528390459064,0.9705108469847469,0.435932939923334,0.0020449931249608105,0.9,2.25
HistoKit (no postprocessing),gaussian,6b809376-ab46-9021-2fa3-0d0025b512da_132412_1.png,3770757,439136,7882,48938,0.9925220449640672,0.9851550994271311,0.9979140637674041,0.9871879822865438,0.9866829571147626,0.992522044964067,0.9823676004098268,0.8997324176251962,0.002085936232595916,0.9,2.25
HistoKit (no postprocessing),gaussian,c38dfb82-e376-0eab-4312-72ca49852e8b_104329_5.png,2637173,526278,3874,54753,0.9890066947648151,0.9782524668002077,0.9985331574939788,0.9796602878385215,0.9818045993920693,0.9890066947648151,0.9926926617272027,0.9057657853023333,0.0014668425060212862,0.9,2.25
HistoKit (no postprocessing),gaussian,cbd7b0be-5303-525e-8ff2-6d1502e77bdd_110516_2.png,9591592,749888,30137,43483,0.9961769356950406,0.9923829917026135,0.9968678186633608,0.9954870097015333,0.9929314168850996,0.9961769356950406,0.9613640588442678,0.9451920980222368,0.003132181336639184,0.9,2.25
HistoKit (no postprocessing),gaussian,7e6be544-b3c1-c3b1-a8a1-838402bd2649_124526_3.png,50322654,506305,42802,34679,0.9992307500539922,0.9984626826892428,0.9991501714984969,0.9993113416073881,0.9984779725315697,0.9992307500539922,0.92205162199717,0.9358964405601644,0.0008498285015030937,0.9,2.25
HistoKit (no postprocessing),gaussian,e3dca99c-de77-4ab1-72a1-8daf3d4d032c_120923_2.png,9158423,1304668,2876,163729,0.9909862611695186,0.9821335657115453,0.9996860707198837,0.9824365661491038,0.9843264567490924,0.9909862611695186,0.9978004564282349,0.8884981377651957,0.00031392928011628044,0.9,2.25
HistoKit (no postprocessing),gaussian,8e6bc805-8b70-bd59-8612-caf5bbe72e5e_125634_1.png,64584223,1031788,138935,97412,0.9981735838795399,0.9963538271878819,0.9978533958432622,0.9984939774636186,0.9964109561574089,0.99817358387954,0.8813254715248612,0.9137336167198016,0.0021466041567378405,0.9,2.25
HistoKit (no postprocessing),gaussian,b0f43f79-08e2-79bc-61fa-379c7ef1dd21_131900_4.png,13151221,195360,12378,381373,0.9852506685129224,0.9709300986373394,0.9990596796514388,0.9718181894764596,0.9713434144094917,0.9852506685129225,0.9404153308494353,0.3387356020897018,0.0009403203485612103,0.9,2.25
HistoKit (no postprocessing),gaussian,24aa9d72-799e-9634-ead4-94165f32d151_102546_7.png,10999971,597840,11047,57662,0.996886579066387,0.9937924847407279,0.998996732182256,0.9947853215964031,0.9941105831044733,0.9968865790663869,0.9818570605054797,0.9120338305603949,0.0010032678177440088,0.9,2.25
HistoKit (no postprocessing),gaussian,859ead5f-592a-5c4e-67de-d71b0ee92f6d_113334_1.png,20395068,373663,8095,204814,0.9948074832003331,0.989668612304837,0.9996032477905509,0.9900575158634404,0.989852604467525,0.994807483200333,0.9787954672855579,0.6459427081802733,0.00039675220944909376,0.9,2.25
HistoKit (no postprocessing),gaussian,7ea29210-064a-9e70-4612-3ab81fa629dc_120503_4.png,2690319,178381,2802,596105,0.8998407069434213,0.8179185619960441,0.9989595714414614,0.8186159180921269,0.8272852142702446,0.8998407069434212,0.9845349729279237,0.23032178761139646,0.0010404285585385877,0.9,2.25
HistoKit (no postprocessing),gaussian,19a1c0fb-3d0a-327d-ea5a-6aae35f53e51_121144_3.png,24663485,1527343,33148,188820,0.995520226891644,0.9910804115159165,0.9986577927444603,0.9924023143929708,0.9915961945111755,0.995520226891644,0.978757967844736,0.8899754860115269,0.001342207255539652,0.9,2.25
HistoKit (no postprocessing),gaussian,7ea29210-064a-9e70-4612-3ab81fa629dc_120503_1.png,8606607,155922,5211,1179780,0.9355920319400725,0.8789787938597969,0.9993949012856519,0.8794468275166311,0.8808757358618028,0.9355920319400725,0.9676602558135206,0.11673412183256444,0.0006050987143481202,0.9,2.25
HistoKit (no postprocessing),gaussian,f761dbde-597d-9a8f-e1a1-2533f0d71b83_120113_5.png,3492905,658445,539548,31309,0.9244565097284292,0.8595249918671418,0.8661985644965979,0.9911160332488322,0.8791122456088859,0.9244565097284292,0.5496234118229405,0.9546084546084546,0.133801435503402,0.9,2.25
HistoKit (no postprocessing),gaussian,5fe08b37-e6eb-942a-a4ce-507361c4911e_102333_3.png,13438485,1661613,21089,1737808,0.9385771347520226,0.8842631579570744,0.9984331599202174,0.8854919313958949,0.8956701155673871,0.9385771347520226,0.9874671807604674,0.4887929444455394,0.0015668400797826142,0.9,2.25
HistoKit (no postprocessing),gaussian,969ce636-2f0f-f223-bb1c-2b4624598a38_125938_2.png,4216351,329923,5153,1575077,0.8421810914125852,0.7273858503831828,0.9987793449917376,0.7280330516066158,0.7420666011154159,0.8421810914125852,0.9846213993243323,0.17318792650918635,0.0012206550082624582,0.9,2.25
HistoKit (no postprocessing),gaussian,969ce636-2f0f-f223-bb1c-2b4624598a38_125938_5.png,12960934,271515,9314,1427022,0.9474988928366789,0.9002355307638185,0.9992818949953771,0.9008182955243955,0.9020821424541978,0.9474988928366789,0.9668339096033529,0.15985227286776796,0.0007181050046228877,0.9,2.25
HistoKit (no postprocessing),gaussian,a40a1d35-8d5f-0529-214c-05d84888ba26_111152_2.png,2755267,3931795,0,127018,0.9774692987310805,0.955931491854553,1.0,0.955931491854553,0.9813594791960176,0.9774692987310805,1.0,0.9687056289609794,0.0,0.9,2.25
HistoKit (no postprocessing),gaussian,9e7010fd-072a-6a7f-3911-83d91e8c9301_113642_2.png,2613203,922233,9941,422979,0.9235032581618376,0.8578783588187345,0.9962102728634036,0.8606872051807171,0.8909069650001159,0.9235032581618375,0.989335681964955,0.6855670333003274,0.0037897271365963897,0.9,2.25
HistoKit (no postprocessing),gaussian,04e13be9-17d6-1bd0-76ee-d5d53a64912e_105258_1.png,14291138,265194,45974,607152,0.9776597564829107,0.9562958737880969,0.9967933569884925,0.9592468665867022,0.9570579043645079,0.9776597564829107,0.8522534450843274,0.30400093540865664,0.003206643011507478,0.9,2.25
HistoKit (no postprocessing),gaussian,40f80889-968b-7602-00a3-4e00b00e88fe_110004_1.png,8446199,913006,79746,3205824,0.8371704227105524,0.7199424911963405,0.9906466673195757,0.7248697500854573,0.7401638226065707,0.8371704227105525,0.9196717810691895,0.22166634699659854,0.009353332680424282,0.9,2.25
HistoKit (no postprocessing),gaussian,2125a939-8f92-6ca7-9a29-e1755d6267ed_103351_3.png,10164989,2466548,374960,758399,0.9471955828676594,0.8996880782925079,0.96442487530063,0.9305710828911323,0.9176630902260359,0.9471955828676595,0.8680418988790459,0.7648336546306033,0.035575124699369985,0.9,2.25
HistoKit (no postprocessing),gaussian,f9a50b4c-7c73-18cd-0877-8296eed330e2_114604_2.png,8961488,1662167,34845,1818466,0.9062862002356661,0.8286319514583673,0.9961267552012582,0.8313104118997168,0.8514614049601482,0.906286200235666,0.9794668511477821,0.4775473311894704,0.0038732447987418874,0.9,2.25
HistoKit (no postprocessing),gaussian,c38dfb82-e376-0eab-4312-72ca49852e8b_104329_2.png,5762207,751001,16965,65318,0.9929107307617318,0.985921269434972,0.9970644583687767,0.98879146807607,0.9875243556544918,0.9929107307617318,0.9779091782709131,0.9199847118589669,0.002935541631223296,0.9,2.25
HistoKit (no postprocessing),gaussian,0f3058e5-e9f7-bd55-4b60-07a71af55b96_123333_2.png,15233595,843104,32080,91449,0.9959618798106706,0.9919562412858033,0.9978985534540726,0.9940327088131036,0.9923748604031992,0.9959618798106707,0.9633448509113512,0.902146801733021,0.002101446545927383,0.9,2.25
HistoKit (no postprocessing),gaussian,0502ebf6-5b9d-c3a6-85fe-a3909acf1f7b_112628_1.png,7717392,2941935,390930,44922,0.9725372064484372,0.9465425050446178,0.9517865718702341,0.9942128081909596,0.9607169924883592,0.9725372064484372,0.882704519985058,0.9849601102429745,0.04821342812976594,0.9,2.25
HistoKit (no postprocessing),gaussian,c0272a60-2518-4785-1810-6431c15f4b4b_130712_2.png,16993572,1511830,68609,299628,0.9892815335099908,0.9787904013919286,0.9959788845283026,0.9826736520713344,0.9804893481325991,0.9892815335099907,0.9565886440413075,0.8345929080331975,0.004021115471697317,0.9,2.25
HistoKit (no postprocessing),gaussian,7d4546a5-f4cc-3733-763f-d1c5a5904dff_120251_3.png,2836818,445357,15370,210035,0.9617895518949605,0.9263917095521783,0.9946111546644191,0.931064938150938,0.9357377451120146,0.9617895518949605,0.9666396803313024,0.6795276719886725,0.005388845335580965,0.9,2.25
HistoKit (no postprocessing),gaussian,c38dfb82-e376-0eab-4312-72ca49852e8b_104329_4.png,5032387,144940,6864,21429,0.997196788647098,0.9944092493498897,0.9986378928138329,0.995759837714709,0.9945649125368352,0.997196788647098,0.9547838001633685,0.8711959559773756,0.0013621071861671507,0.9,2.25
HistoKit (no postprocessing),gaussian,7ea29210-064a-9e70-4612-3ab81fa629dc_120503_3.png,3688263,234094,4555,758161,0.9062915195297055,0.8286408450814978,0.9987665246432399,0.8294897202785879,0.8372029635397357,0.9062915195297055,0.9809133916337383,0.23592120976966607,0.0012334753567600678,0.9,2.25
HistoKit (no postprocessing),gaussian,228e0715-eef2-126e-c558-f7684e2bcfa8_110725_12.png,2209456,6120387,448251,136274,0.8831753052951401,0.7907913475431652,0.8313391957804227,0.9419055048961305,0.93442889052819,0.88317530529514,0.931758912578224,0.9782193729211156,0.16866080421957724,0.9,2.25
HistoKit (no postprocessing),gaussian,5fe08b37-e6eb-942a-a4ce-507361c4911e_102333_4.png,4529363,514527,14161,2766149,0.7651573996396328,0.619639619993945,0.9968832562565973,0.6208423754220402,0.6446524884333222,0.7651573996396329,0.9732148261356415,0.1568356643569801,0.003116743743402698,0.9,2.25
HistoKit (no postprocessing),gaussian,7e6be544-b3c1-c3b1-a8a1-838402bd2649_124526_2.png,49824238,1386468,62354,120135,0.9981720200741323,0.9963507109753453,0.9987500849927772,0.9975946239228992,0.9964491602438805,0.9981720200741322,0.9569622769394722,0.9202610110294484,0.0012499150072227824,0.9,2.25
HistoKit (no postprocessing),gaussian,be2180cd-04c9-2627-2456-4397fd5e59ee_103647_6.png,3761232,360731,9646,77118,0.9885975292105849,0.9774521595136794,0.9974419750519641,0.9799085544569932,0.9793847403264693,0.9885975292105849,0.9739562661828354,0.8238707865040231,0.0025580249480359747,0.9,2.25
HistoKit (no postprocessing),gaussian,0f3058e5-e9f7-bd55-4b60-07a71af55b96_123333_1.png,18716436,804464,33309,182791,0.9942601354427419,0.988585786922576,0.9982234958395434,0.9903281229438643,0.989051020925166,0.9942601354427418,0.9602410199421562,0.8148492537389023,0.0017765041604565822,0.9,2.25
HistoKit (no postprocessing),gaussian,6f1702fd-ae84-1c96-04ae-a23a14a5d2d4_111419_1.png,2960744,787708,655,43515,0.9925959550480433,0.9853007440479162,0.9997788207532994,0.9855155630722917,0.9883537035855405,0.9925959550480434,0.9991691644585046,0.947649427409973,0.00022117924670063033,0.9,2.25
HistoKit (no postprocessing),gaussian,228e0715-eef2-126e-c558-f7684e2bcfa8_110725_1.png,7689768,562928,18463,2294440,0.8692716702315605,0.7687714611427288,0.9976047682016794,0.770193088926032,0.7810911619871245,0.8692716702315605,0.9682434024606504,0.19700927566907728,0.0023952317983205224,0.9,2.25
HistoKit (no postprocessing),gaussian,9e7010fd-072a-6a7f-3911-83d91e8c9301_113642_4.png,6669792,228891,33759,1178438,0.9166976880699346,0.8462067125442575,0.9949640123570329,0.8498466533218318,0.85054679640187,0.9166976880699347,0.8714677327241577,0.1626421398265793,0.0050359876429671374,0.9,2.25
HistoKit (no postprocessing),gaussian,deaaef3a-8172-327d-10b9-23d266fb17ca_123636_5.png,2215447,163472,243,609234,0.8790809247970041,0.784250124959114,0.9998903276180332,0.7843175919687922,0.7960521296374377,0.8790809247970041,0.9985157132822282,0.21155782406245066,0.00010967238196679138,0.9,2.25
HistoKit (no postprocessing),gaussian,f761dbde-597d-9a8f-e1a1-2533f0d71b83_120113_2.png,3074724,464636,20753,31991,0.9914959098331687,0.9831352391135577,0.9932957020840407,0.9897026280170533,0.9853166834813246,0.9914959098331687,0.9572446017524089,0.9355834459262182,0.006704297915959318,0.9,2.25
HistoKit (no postprocessing),gaussian,9e7010fd-072a-6a7f-3911-83d91e8c9301_113642_7.png,2652502,3481108,128162,671973,0.8689407399241852,0.7682539461866393,0.9539095698005944,0.7978709420284406,0.8846027651723564,0.8689407399241852,0.964490880427344,0.8381989178636294,0.04609043019940561,0.9,2.25
HistoKit (no postprocessing),gaussian,3e1fffa8-5bae-87b0-bc39-e4a1bc285608_122517_5.png,5001060,1795427,201351,652077,0.9213832410855721,0.854226706075749,0.9612965988269669,0.8846521851495904,0.8884395447531116,0.9213832410855721,0.8991620500626509,0.7335746948728173,0.038703401173033045,0.9,2.25
HistoKit (no postprocessing),gaussian,7e3642ed-4a56-9d3f-3ecf-de46d455c0fd_113100_2.png,2178230,1257096,0,147566,0.9672368676379755,0.9365524749376127,1.0,0.9365524749376127,0.9588137180802547,0.9672368676379755,1.0,0.8949455456188037,0.0,0.9,2.25
HistoKit (no postprocessing),gaussian,8e6bc805-8b70-bd59-8612-caf5bbe72e5e_125634_3.png,31274520,393478,25566,41321,0.998931789351294,0.9978658584153545,0.9991831971324296,0.9986805080534161,0.9978923194459347,0.9989317893512939,0.938989700365594,0.9049652828088381,0.0008168028675703958,0.9,2.25
HistoKit (no postprocessing),gaussian,1875292b-dccd-c5b5-17ad-67c30baa6d69_130951_1.png,9851607,350064,5981,2073029,0.9045547415176706,0.8257416192305896,0.9993932592841169,0.8261557837069409,0.8307088996123261,0.9045547415176706,0.9832015616003595,0.14446989859654583,0.0006067407158830334,0.9,2.25
HistoKit (no postprocessing),gaussian,54b22c23-34e4-1c55-9de2-c8e205e762bc_131621_2.png,20972763,1723975,70314,329783,0.990551632691766,0.9812801375202008,0.9966585685163819,0.9845190804892523,0.9826774101300026,0.9905516326917659,0.9608123329073521,0.8394246060149249,0.003341431483618104,0.9,2.25
HistoKit (no postprocessing),gaussian,7d4546a5-f4cc-3733-763f-d1c5a5904dff_120251_1.png,6513463,928873,32451,258829,0.9781291864685079,0.9571945626748872,0.9950425563183384,0.9617811813194115,0.962335859447896,0.9781291864685078,0.9662434309348357,0.782075806894322,0.004957443681661568,0.9,2.25
HistoKit (no postprocessing),gaussian,be2180cd-04c9-2627-2456-4397fd5e59ee_103647_1.png,28914961,456098,8028,47573,0.999039466223705,0.9980807759269564,0.9997224353264457,0.998357429636509,0.998110522906779,0.9990394662237049,0.9827029728996005,0.9055474704717961,0.0002775646735543135,0.9,2.25
HistoKit (no postprocessing),gaussian,f761dbde-597d-9a8f-e1a1-2533f0d71b83_120113_3.png,10042603,14768434,344336,86767,0.9789873022481773,0.9588394976906932,0.9668491362084634,0.991434116830563,0.9829212974811169,0.9789873022481773,0.9772155600859406,0.9941591500512178,0.03315086379153666,0.9,2.25
HistoKit (no postprocessing),gaussian,f9a50b4c-7c73-18cd-0877-8296eed330e2_114604_5.png,4905027,3237039,396885,1126489,0.8655857698129815,0.7630244286254078,0.9251430427362808,0.8132328588699756,0.8423895859888427,0.8655857698129815,0.8907833515505552,0.7418398598565198,0.0748569572637192,0.9,2.25
HistoKit (no postprocessing),gaussian,9601a588-d18f-b3b2-00f0-b816a7730c15_114312_2.png,5466588,420595,22092,47205,0.9937016887021672,0.9874822182903005,0.9959749885218304,0.9914387428037288,0.988366115558182,0.9937016887021672,0.950095665786436,0.899091492090637,0.004025011478169614,0.9,2.25
HistoKit (no postprocessing),gaussian,1c7a4a4c-ace6-25f8-ee0c-f8914aeab226_121941_3.png,7015228,3867788,529985,122227,0.9555794628060785,0.9149374497876736,0.9297587755309227,0.9828752685656161,0.9434591149823827,0.9555794628060785,0.8794878680641316,0.969366781829141,0.07024122446907728,0.9,2.25
HistoKit (no postprocessing),gaussian,6f1702fd-ae84-1c96-04ae-a23a14a5d2d4_111419_2.png,6469883,565413,14786,148954,0.987504107679273,0.9753166557701576,0.997719852778916,0.9774954421751132,0.9772552880691248,0.987504107679273,0.9745156403234063,0.7914881286509595,0.002280147221084068,0.9,2.25
HistoKit (no postprocessing),gaussian,2125a939-8f92-6ca7-9a29-e1755d6267ed_103351_7.png,916209,329377,15991,1450873,0.5553990231814073,0.38446535208950794,0.9828459558034757,0.3870626366133493,0.4592106766945013,0.5553990231814073,0.9536986634546339,0.1850172728549361,0.017154044196524353,0.5,0.75
HistoKit (no postprocessing),gaussian,9601a588-d18f-b3b2-00f0-b816a7730c15_114312_1.png,9501825,1030601,330294,57178,0.9800180721878806,0.9608190551866326,0.9664066311646553,0.9940184138450422,0.9645168846815236,0.9800180721878805,0.7572964850337461,0.9474360141168381,0.033593368835344646,0.9,2.25
HistoKit (no postprocessing),gaussian,228e0715-eef2-126e-c558-f7684e2bcfa8_110725_2.png,2698411,181805,64504,795786,0.8625100525609898,0.758257296693372,0.9766536429821402,0.7722549701691118,0.7700070525217712,0.8625100525609897,0.7381175677705646,0.1859724567840743,0.02334635701785976,0.5,0.75
HistoKit (no postprocessing),gaussian,54b22c23-34e4-1c55-9de2-c8e205e762bc_131621_1.png,26123813,1341625,131284,168526,0.9942944885074887,0.9886537133836643,0.9949996756820209,0.9935903002011346,0.9892019693107009,0.9942944885074888,0.9108675417150686,0.8884045370297408,0.005000324317979096,0.9,2.25
HistoKit (no postprocessing),gaussian,be2180cd-04c9-2627-2456-4397fd5e59ee_103647_4.png,4410867,442019,22582,436656,0.9505183293301607,0.9057026491215282,0.9949064486813765,0.9099218301800734,0.913549081309096,0.9505183293301607,0.9513948527876608,0.503051754061513,0.005093551318623491,0.5,0.75
HistoKit (no postprocessing),gaussian,39bcf904-a619-148a-5bca-38122a540be1_104536_1.png,1659940,912335,1361,345680,0.9053590191880326,0.8270830665561857,0.9991807625469437,0.8276443194623109,0.8811224958175135,0.9053590191880327,0.9985104454873394,0.7252179028072002,0.0008192374530563697,0.5,0.75
HistoKit (no postprocessing),gaussian,be2180cd-04c9-2627-2456-4397fd5e59ee_103647_3.png,21835500,1450216,40347,242636,0.9935618348853618,0.9872060394015267,0.9981556371280161,0.9890101229560322,0.9879932702267529,0.9935618348853619,0.9729317043291695,0.8566702818675229,0.0018443628719838825,0.9,2.25
HistoKit (no postprocessing),gaussian,9e7010fd-072a-6a7f-3911-83d91e8c9301_113642_3.png,3170090,271339,3312,599585,0.9131657332908738,0.8402069765944065,0.9989563251047299,0.840945174318741,0.850927694750621,0.9131657332908738,0.9879410597449126,0.311553017255237,0.0010436748952701233,0.5,0.75
HistoKit (no postprocessing),gaussian,c74350c8-f970-c60d-af8a-f9c4d9c5bab2_124242_3.png,306497,1906879,1520457,20171,0.28463397940771407,0.16593192122893685,0.16776393932195338,0.9382522928477843,0.5896040600915715,0.28463397940771407,0.5563735215922804,0.9895327054305805,0.8322360606780467,0.5,0.75
HistoKit (no postprocessing),gaussian,332605c9-e7e2-297a-c808-98d567218fe3_115336_3.png,9185497,264635,32346,55098,0.9952626544022848,0.9905699820585507,0.9964909361116261,0.9940373969425129,0.9908316326915769,0.9952626544022848,0.8910839413969244,0.8276749663000066,0.0035090638883738855,0.9,2.25
HistoKit (no postprocessing),gaussian,10fd35f3-17d4-d309-f849-cc9e883460c1_123055_2.png,4872391,3647429,3660112,97558,0.7217046207607329,0.5645836107068073,0.5710388850727623,0.9803704223121806,0.6939382561093513,0.721704620760733,0.4991321978214012,0.9739497093047319,0.42896111492723765,0.9,2.25
HistoKit (no postprocessing),gaussian,969ce636-2f0f-f223-bb1c-2b4624598a38_125938_1.png,21915029,772331,142917,2292473,0.9473605010806336,0.8999857045581022,0.9935208382503067,0.9052990680327115,0.9030603735657919,0.9473605010806337,0.8438488803034806,0.2520001279037746,0.0064791617496932855,0.9,2.25
HistoKit (no postprocessing),gaussian,332605c9-e7e2-297a-c808-98d567218fe3_115336_2.png,5459015,468166,13702,168973,0.9835438379814615,0.9676205179653614,0.9974963075927369,0.9699763041427949,0.9701015866822393,0.9835438379814615,0.9715648268820507,0.7347941344039527,0.0025036924072631564,0.5,0.75
HistoKit (no postprocessing),gaussian,0502ebf6-5b9d-c3a6-85fe-a3909acf1f7b_112628_8.png,3946158,94830,586,117391,0.9852718246386243,0.9709711906715697,0.9998515231796133,0.9711112133753033,0.9716330865972664,0.9852718246386243,0.9938584723736061,0.44684550539296297,0.00014847682038662756,0.5,0.75
HistoKit (no postprocessing),gaussian,3e1fffa8-5bae-87b0-bc39-e4a1bc285608_122517_10.png,3525233,1770882,236968,1704797,0.7840619307933704,0.6448206127018887,0.9370134663193168,0.6740368602092148,0.7317218577815603,0.7840619307933705,0.8819792315162985,0.5095067755106268,0.0629865336806832,0.5,0.75
HistoKit (no postprocessing),gaussian,def4a0a8-b472-78ea-531c-84458df3a3e9_124843_7.png,11424891,165170,59911,332034,0.9831361499083093,0.9668316459668223,0.9947834538201007,0.9717584317327873,0.9672888663217161,0.9831361499083093,0.7338247119925716,0.3321976492546319,0.005216546179899314,0.5,0.75
HistoKit (no postprocessing),gaussian,04e13be9-17d6-1bd0-76ee-d5d53a64912e_105258_2.png,3131842,118484,3888,1038138,0.8573682776896427,0.750345243309084,0.9987600973298084,0.751044849135967,0.7572365919663625,0.8573682776896427,0.9682280260190239,0.10243969075462857,0.00123990267019163,0.5,0.75
HistoKit (no postprocessing),gaussian,b91bdd22-8eea-af27-bee7-880d6f1d7c1e_121440_5.png,2936940,781231,330385,5063584,0.521295590666861,0.352535359586811,0.8988821130435448,0.3670934553786727,0.40804585969925833,0.521295590666861,0.7027885528815706,0.1336622288301683,0.10111788695645521,0.5,0.75
HistoKit (no postprocessing),gaussian,d9d9ce51-54c1-b32b-5fae-fd9ffdaa32e5_111717_1.png,7410911,301775,5925,637399,0.9584016859588652,0.92012599582704,0.9992011418346044,0.9208033736275069,0.9230106234913553,0.9584016859588652,0.9807442313942152,0.32131958508221053,0.0007988581653955945,0.5,0.75
HistoKit (no postprocessing),gaussian,7e6be544-b3c1-c3b1-a8a1-838402bd2649_124526_1.png,51766802,2598763,148821,259184,0.9960746711165497,0.9921800381551963,0.9971334062580738,0.9950181818754958,0.9925510606666682,0.9960746711165496,0.9458356869162143,0.9093111243840422,0.002866593741926202,0.9,2.25
HistoKit (no postprocessing),gaussian,cd7afea3-2dfd-f8a4-f2e6-1e02af01c417_132555_3.png,0,3998692,4058,106110,0.0,0.0,0.0,0.0,0.9731876968307511,,0.9989861969895697,0.9741497884672634,1.0,0.5,0.75
HistoKit (no postprocessing),gaussian,be2180cd-04c9-2627-2456-4397fd5e59ee_103647_5.png,4958406,478604,17402,115724,0.9867535501214038,0.9738534492172494,0.9965026785599445,0.9771933316647385,0.976100044954019,0.9867535501214038,0.9649157469869316,0.8052859700367474,0.0034973214400555648,0.5,0.75
HistoKit (no postprocessing),gaussian,0504f20c-cba2-27c1-e181-78505aa24ca7_112258_3.png,3520372,2225111,2641209,61530,0.7226105900733855,0.5656932682062075,0.5713423226928284,0.9828219755872718,0.6800819154610284,0.7226105900733854,0.4572471600716763,0.9730915347008997,0.42865767730717164,0.5,0.75
HistoKit (no postprocessing),gaussian,19a1c0fb-3d0a-327d-ea5a-6aae35f53e51_121144_1.png,6544091,59655,4122,13280,0.998672169054046,0.9973478597020525,0.9993705152840935,0.9979747981317513,0.997371754867887,0.9986721690540459,0.9353685497906769,0.8179200658120244,0.0006294847159064619,0.5,0.75
HistoKit (no postprocessing),gaussian,cbd7b0be-5303-525e-8ff2-6d1502e77bdd_110516_1.png,11670286,482933,18345,45996,0.9972509617959272,0.9945169965777353,0.9984305262096135,0.9960741812120945,0.9947337275200613,0.9972509617959273,0.9634035405503533,0.9130393682327874,0.001569473790386573,0.5,0.75
HistoKit (no postprocessing),gaussian,def4a0a8-b472-78ea-531c-84458df3a3e9_124843_8.png,30152655,634368,188392,1116105,0.9788264715713199,0.9585309884378599,0.9937908536907115,0.9643060677813895,0.9593507256745707,0.9788264715713199,0.7710243570421508,0.3623980489844745,0.006209146309288535,0.9,2.25
HistoKit (no postprocessing),gaussian,b0f43f79-08e2-79bc-61fa-379c7ef1dd21_131900_10.png,4982063,182039,4353,442625,0.9570671851899664,0.9176690689939531,0.999127028310514,0.9184054456219417,0.9203401127768629,0.9570671851899664,0.9766459933902742,0.29141906689036023,0.0008729716894859956,0.5,0.75
HistoKit (no postprocessing),gaussian,d9d9ce51-54c1-b32b-5fae-fd9ffdaa32e5_111717_2.png,6590365,751039,5558,1790543,0.8800746967098714,0.7858333891772769,0.999157358265098,0.7863545334228702,0.8034363866285162,0.8800746967098715,0.9926539491962035,0.2955005976592532,0.0008426417349019993,0.5,0.75
HistoKit (no postprocessing),gaussian,c0272a60-2518-4785-1810-6431c15f4b4b_130712_1.png,8104549,226445,47093,20863,0.9958250430329715,0.9916848016611798,0.9942228817212532,0.997432376352116,0.9919089886235779,0.9958250430329715,0.8278374485446264,0.9156396072913129,0.005777118278746785,0.5,0.75
HistoKit (no postprocessing),gaussian,6f1702fd-ae84-1c96-04ae-a23a14a5d2d4_111419_5.png,2296539,936049,24594,238349,0.9458521699144217,0.8972671032654264,0.9894043124629222,0.9059725715692369,0.9247773800318178,0.9458521699144217,0.9743983977398472,0.797045805595718,0.010595687537077798,0.5,0.75
HistoKit (no postprocessing),gaussian,e398b039-2e70-a00a-855c-e3ff4eba631e_115619_4.png,5070061,184930,1897,510456,0.9519029145808838,0.9082201714168816,0.9996259827072701,0.9085289051175724,0.9111630934447469,0.9519029145808837,0.9898462213705728,0.2659386297682151,0.0003740172927299477,0.5,0.75
HistoKit (no postprocessing),gaussian,2125a939-8f92-6ca7-9a29-e1755d6267ed_103351_8.png,6818599,209012,0,1347339,0.9100847093240185,0.8350049926903682,1.0,0.8350049926903682,0.8391227410312897,0.9100847093240185,1.0,0.13429618382999722,0.0,0.5,0.75
HistoKit (no postprocessing),gaussian,deaaef3a-8172-327d-10b9-23d266fb17ca_123636_1.png,3598700,3799779,286558,131485,0.9451058855013424,0.8959248824233963,0.9262447950689504,0.964751078029642,0.9465180293741897,0.9451058855013426,0.9298741146410587,0.9665540141796634,0.07375520493104962,0.5,0.75
HistoKit (no postprocessing),gaussian,04e13be9-17d6-1bd0-76ee-d5d53a64912e_105258_4.png,8058708,381073,35957,671006,0.9579798457940112,0.9193486727941307,0.9955579384693499,0.9231353971046474,0.9227087803047729,0.9579798457940112,0.9137783852480637,0.3622094918727586,0.004442061530650126,0.5,0.75
HistoKit (no postprocessing),gaussian,8e6bc805-8b70-bd59-8612-caf5bbe72e5e_125634_2.png,7189393,1503872,204935,46873,0.9827889421304425,0.9661603012739476,0.9722848377837716,0.9935224879792977,0.9718495310211555,0.9827889421304425,0.880071301206046,0.9697738828756501,0.02771516221622844,0.5,0.75
HistoKit (no postprocessing),gaussian,f4c75e72-7c5b-0601-d74f-78529d4dec70_114117_1.png,4372791,8488953,10283126,168556,0.4555639803672023,0.29497109273294236,0.2983635210270364,0.9628841398818456,0.5516882846819683,0.4555639803672023,0.4522116596675307,0.9805306584145624,0.7016364789729637,0.5,0.75
HistoKit (no postprocessing),gaussian,0502ebf6-5b9d-c3a6-85fe-a3909acf1f7b_112628_7.png,4958493,904201,633,275983,0.9728637629760314,0.9471613676047624,0.9998723565402452,0.9472759068911578,0.9549434708460722,0.9728637629760315,0.9993004241662007,0.7661525660405496,0.00012764345975480357,0.5,0.75
HistoKit (no postprocessing),gaussian,7ea29210-064a-9e70-4612-3ab81fa629dc_120503_2.png,8244535,48430,20430,543310,0.9669415187291713,0.9359988192920862,0.9975281202037758,0.938174831258403,0.936348788855449,0.9669415187291712,0.7033110659308742,0.08184337715888734,0.0024718797962241822,0.5,0.75
HistoKit (no postprocessing),gaussian,9e7010fd-072a-6a7f-3911-83d91e8c9301_113642_1.png,8256265,270385,75432,40285,0.9930409381097117,0.9861780639279922,0.990946382231615,0.9951443672369841,0.9866104968696654,0.9930409381097118,0.7818730715956705,0.8703286445424405,0.009053617768385,0.5,0.75
HistoKit (no postprocessing),gaussian,24aa9d72-799e-9634-ead4-94165f32d151_102546_1.png,6242244,404161,25295,95508,0.9904164846333179,0.9810149131383125,0.9959641256320863,0.9849303033630852,0.9821487680000378,0.9904164846333178,0.9410999031332663,0.8088574636409303,0.004035874367913785,0.5,0.75
HistoKit (no postprocessing),gaussian,e398b039-2e70-a00a-855c-e3ff4eba631e_115619_1.png,14414883,376658,164,1816159,0.9407323068206191,0.8880968549102266,0.9999886229992868,0.8881058283257477,0.8906347619416922,0.9407323068206191,0.9995647812495024,0.17176900762808753,1.1377000713213075e-05,0.5,0.75
HistoKit (no postprocessing),gaussian,e16fa7c2-3d43-e563-886f-5b0ebdd4e8c5_105048_1.png,41992718,446869,1004301,79725,0.9872571663848068,0.9748350060998111,0.9766425435214474,0.998105054180001,0.975093382068258,0.9872571663848069,0.30793704390250626,0.8486025287033274,0.023357456478552616,0.9,2.25
HistoKit (no postprocessing),gaussian,b1a83861-bd20-5668-5a83-92a470ead44d_110338_5.png,2680562,2334170,0,193976,0.9650814566794477,0.9325192430922813,1.0,0.9325192430922813,0.9627592869479341,0.9650814566794478,1.0,0.9232734185446568,0.0,0.5,0.75
HistoKit (no postprocessing),gaussian,b91bdd22-8eea-af27-bee7-880d6f1d7c1e_121440_6.png,5686001,406220,101983,614494,0.9407305914995592,0.8880937974328065,0.9823802208160907,0.9024689329965344,0.8947703364138048,0.9407305914995593,0.7993262534853198,0.39797631853780785,0.017619779183909286,0.5,0.75
HistoKit (no postprocessing),gaussian,0502ebf6-5b9d-c3a6-85fe-a3909acf1f7b_112628_2.png,8342782,2888041,275811,343771,0.964196661501729,0.9308684628296731,0.9679981407638114,0.9604249234420144,0.9477163860644425,0.964196661501729,0.9128243040445634,0.8936290229753463,0.03200185923618855,0.5,0.75
HistoKit (no postprocessing),gaussian,d9d9ce51-54c1-b32b-5fae-fd9ffdaa32e5_111717_5.png,8879439,226919,5005,1184481,0.9372248707065158,0.8818656410689324,0.9994366557997326,0.8823042114802184,0.884469306256,0.9372248707065158,0.9784196547144755,0.16077582542156724,0.0005633442002673436,0.5,0.75
HistoKit (no postprocessing),gaussian,40f80889-968b-7602-00a3-4e00b00e88fe_110004_3.png,21408306,8990442,141519,863990,0.9770547619089455,0.9551388730566394,0.9934329397106473,0.9612078611024207,0.9679817611988082,0.9770547619089455,0.9845028904525545,0.9123247286094216,0.006567060289352698,0.5,0.75
HistoKit (no postprocessing),gaussian,59c3e1ff-f1eb-ac9b-3a83-925048a454e4_130514_4.png,1785417,1074301,54,64548,0.9822299168517888,0.9650803586341545,0.9999697558795411,0.9651085290802799,0.9779087104010505,0.9822299168517888,0.999949737284231,0.943321722194953,3.024412045897133e-05,0.5,0.75
HistoKit (no postprocessing),gaussian,6247d1f0-d194-53f2-2d84-7b4b827443da_115125_1.png,2665635,453741,247031,11953,0.9536722302779087,0.9114469269330466,0.9151873232289593,0.9955359076900554,0.9233403189713352,0.9536722302779087,0.6474873425308089,0.9743329310663226,0.0848126767710407,0.5,0.75
HistoKit (no postprocessing),gaussian,2125a939-8f92-6ca7-9a29-e1755d6267ed_103351_5.png,4156914,952507,2626,36025,0.9953725115621362,0.9907876531527935,0.999368680190598,0.9914081745525036,0.9924921407470603,0.9953725115621362,0.997250644674616,0.9635570725075162,0.0006313198094020011,0.5,0.75
HistoKit (no postprocessing),gaussian,0e99786b-efbd-e936-5e70-bad7ef5912da_122209_3.png,9736435,1758597,58567,188581,0.9874671513991519,0.975244558992498,0.9940207260805052,0.980999426096643,0.978952119623443,0.9874671513991519,0.967770107706294,0.9031516379088096,0.005979273919494861,0.5,0.75
HistoKit (no postprocessing),gaussian,7e3642ed-4a56-9d3f-3ecf-de46d455c0fd_113100_1.png,565144,1944888,1713882,89286,0.3853093416093509,0.23862734301899413,0.24797610909221746,0.8635667680271382,0.581941945655198,0.3853093416093509,0.531568805910183,0.9561069996961912,0.7520238909077825,0.5,0.75
HistoKit (no postprocessing),gaussian,66e65946-ef0a-6028-f7a7-e909aade97a4_112429_4.png,9082197,972728,21525,48958,0.996134714810525,0.9922991954269132,0.9976355824573729,0.9946383562648975,0.9930389965520402,0.9961347148105248,0.9783505807877874,0.9520811677951935,0.0023644175426270706,0.5,0.75
HistoKit (no postprocessing),gaussian,0e99786b-efbd-e936-5e70-bad7ef5912da_122209_4.png,5243323,252094,13312,25758,0.9962881384981316,0.9926037309227087,0.9974675814470664,0.9951114814898462,0.9929406284629452,0.9962881384981316,0.9498428822257221,0.907295970516678,0.002532418552933578,0.5,0.75
HistoKit (no postprocessing),gaussian,728c532f-2f31-cf1c-4143-7abb9ca2b76d_102101_5.png,4832965,1824245,594198,72304,0.9354941798794321,0.8788060733885665,0.8905140678472344,0.9852599317183217,0.90899396371676,0.9354941798794321,0.754305559403302,0.9618760179673712,0.10948593215276564,0.5,0.75
HistoKit (no postprocessing),gaussian,228e0715-eef2-126e-c558-f7684e2bcfa8_110725_7.png,7290556,367065,288,1943200,0.8823881969911526,0.7895301343593338,0.9999604984004595,0.7895547597315762,0.7975767174396208,0.8823881969911526,0.9992160129357865,0.1588843704077238,3.9501599540464726e-05,0.5,0.75
HistoKit (no postprocessing),gaussian,0502ebf6-5b9d-c3a6-85fe-a3909acf1f7b_112628_5.png,2743710,843955,206,10617,0.9980315529888366,0.9960708403203011,0.9999249248154827,0.9961453378629335,0.9969923478972279,0.9980315529888366,0.999755970721225,0.9875762369934892,7.50751845173103e-05,0.5,0.75
HistoKit (no postprocessing),gaussian,59c3e1ff-f1eb-ac9b-3a83-925048a454e4_130514_1.png,4978112,704704,123322,84983,0.9795066746329318,0.9598364342859435,0.9758260128426635,0.9832152072990927,0.9646408552803448,0.9795066746329318,0.8510650631743447,0.892383944524856,0.024173987157336544,0.5,0.75
HistoKit (no postprocessing),gaussian,f761dbde-597d-9a8f-e1a1-2533f0d71b83_120113_1.png,9236758,1004625,4546,134311,0.9925395327076241,0.9851895582316467,0.9995080780807557,0.9856674836136624,0.986622948987692,0.9925395327076241,0.9954953124891619,0.8820732683838249,0.0004919219192442971,0.5,0.75
HistoKit (no postprocessing),gaussian,c38dfb82-e376-0eab-4312-72ca49852e8b_104329_1.png,3510842,813206,39784,79906,0.9832399199369757,0.9670323798275294,0.9887952152662657,0.9777466979024984,0.9730654687562588,0.9832399199369757,0.9533593594297706,0.9105308180832863,0.011204784733734277,0.5,0.75
HistoKit (no postprocessing),gaussian,7d4546a5-f4cc-3733-763f-d1c5a5904dff_120251_4.png,3269828,259301,7346,185061,0.9714193108412681,0.9444269380905687,0.9977584345536734,0.9464350374208839,0.9482990356669934,0.9714193108412682,0.9724504682220314,0.5835354958344773,0.0022415654463266215,0.5,0.75
HistoKit (no postprocessing),gaussian,59c3e1ff-f1eb-ac9b-3a83-925048a454e4_130514_3.png,2340709,406566,5913,76900,0.9826177613973798,0.9658294828765739,0.9974802077198629,0.9681917133829333,0.970738365732797,0.9826177613973798,0.9856647247496236,0.8409402108938374,0.0025197922801371503,0.5,0.75
HistoKit (no postprocessing),gaussian,c0272a60-2518-4785-1810-6431c15f4b4b_130712_3.png,33265352,2113094,175094,328059,0.9924940467023999,0.9850999326147248,0.9947640052408392,0.990234424244683,0.985977408643355,0.9924940467023998,0.9234791896470045,0.8656130934849229,0.005235994759160808,0.5,0.75
HistoKit (no postprocessing),gaussian,7e3642ed-4a56-9d3f-3ecf-de46d455c0fd_113100_4.png,8148472,3779195,820,115417,0.9929180699341584,0.9859357419601827,0.9998993777618964,0.9860335732970276,0.9903488935149267,0.9929180699341584,0.9997830696439035,0.9703649554820866,0.00010062223810362913,0.5,0.75
HistoKit (no postprocessing),gaussian,7e3642ed-4a56-9d3f-3ecf-de46d455c0fd_113100_3.png,3808389,1530818,23005,125700,0.980850515029136,0.9624206551575474,0.9939956579772271,0.9680485113580298,0.9729031733745002,0.980850515029136,0.9851945813648015,0.924117938953878,0.006004342022772912,0.5,0.75
HistoKit (no postprocessing),gaussian,3e1fffa8-5bae-87b0-bc39-e4a1bc285608_122517_7.png,3305126,351973,22,2881391,0.696427023077616,0.5342447530032544,0.9999933437171346,0.5342466528419788,0.5593167069204736,0.6964270230776161,0.9999374991122033,0.1088565964116629,6.656282865396648e-06,0.5,0.75
HistoKit (no postprocessing),gaussian,b0f43f79-08e2-79bc-61fa-379c7ef1dd21_131900_5.png,7425253,150336,20446,424006,0.9709412735883289,0.9435236771899328,0.9972539851530393,0.9459813977344868,0.9445823281950803,0.9709412735883288,0.8802801231979951,0.26175345003499656,0.002746014846960641,0.5,0.75
HistoKit (no postprocessing),gaussian,66e65946-ef0a-6028-f7a7-e909aade97a4_112429_5.png,13329309,464244,15044,14443,0.9988951257498425,0.9977926902993354,0.9988726317416813,0.9989176207711294,0.9978668223487742,0.9988951257498424,0.9686117741316286,0.9698278833559298,0.001127368258318706,0.5,0.75
HistoKit (no postprocessing),gaussian,cbd7b0be-5303-525e-8ff2-6d1502e77bdd_110516_5.png,4500088,504383,136412,156592,0.9684710723347659,0.9388695230552637,0.9705786692548258,0.9663726088114278,0.9446898758370733,0.9684710723347659,0.787120686022831,0.7630893755437044,0.02942133074517416,0.5,0.75
HistoKit (no postprocessing),gaussian,1875292b-dccd-c5b5-17ad-67c30baa6d69_130951_13.png,11309025,337932,53808,1363062,0.9410495229441163,0.8886624477099646,0.9952645612234202,0.8924358710605443,0.8915425012900124,0.9410495229441163,0.8626435901363149,0.19866736743339483,0.004735438776579749,0.5,0.75
HistoKit (no postprocessing),gaussian,6f1702fd-ae84-1c96-04ae-a23a14a5d2d4_111419_3.png,4529077,345339,16115,89213,0.9885056793913056,0.9772725948638499,0.9964544952116434,0.9806826769215445,0.978848711901656,0.9885056793913055,0.9554161802055033,0.7947012095215302,0.0035455047883565754,0.5,0.75
HistoKit (no postprocessing),gaussian,1875292b-dccd-c5b5-17ad-67c30baa6d69_130951_12.png,6904671,276664,9481,1276544,0.9148066423293981,0.8429895334901942,0.9986287544734336,0.8439664524156865,0.8481197209047449,0.9148066423293981,0.9668664488283912,0.17812424350119238,0.0013712455265663815,0.5,0.75
HistoKit (no postprocessing),gaussian,e398b039-2e70-a00a-855c-e3ff4eba631e_115619_3.png,16859886,537246,25327,3951941,0.8944938912975661,0.8091261407387976,0.9985000485335898,0.8101108086281901,0.8139237592634179,0.8944938912975661,0.9549800648093669,0.11967556709043307,0.0014999514664102845,0.5,0.75
HistoKit (no postprocessing),gaussian,b91bdd22-8eea-af27-bee7-880d6f1d7c1e_121440_1.png,5200997,1315449,69143,554523,0.9434350415303936,0.8929266809084062,0.9868802346806727,0.9036537098298677,0.9126531908743168,0.9434350415303936,0.9500625455007684,0.7034591961804776,0.01311976531932738,0.5,0.75
HistoKit (no postprocessing),gaussian,04e13be9-17d6-1bd0-76ee-d5d53a64912e_105258_3.png,9355707,317111,348,1500334,0.9257532717042309,0.861769691561347,0.9999628048360126,0.8617973163513292,0.8656927551796662,0.9257532717042309,0.9989037954507511,0.17448175873272645,3.719516398738571e-05,0.5,0.75
HistoKit (no postprocessing),gaussian,b91bdd22-8eea-af27-bee7-880d6f1d7c1e_121440_2.png,9185598,1019532,4420,1727285,0.9138579551279689,0.8413797803358577,0.999519043379458,0.8417205609186866,0.8549276252876077,0.9138579551279687,0.9956833914089723,0.37116851978125953,0.0004809566205419837,0.5,0.75
HistoKit (no postprocessing),gaussian,b1a83861-bd20-5668-5a83-92a470ead44d_110338_3.png,842138,1701066,45561,94906,0.9230209404831256,0.8570463207494364,0.9486751702998426,0.8987176696078306,0.9476586362486311,0.9230209404831256,0.9739148656238568,0.9471561917446375,0.05132482970015737,0.5,0.75
HistoKit (no postprocessing),gaussian,3e1fffa8-5bae-87b0-bc39-e4a1bc285608_122517_3.png,10409165,494046,14684,1702529,0.9237997948396451,0.8583902794387573,0.9985913072992519,0.8594309763770452,0.8639338107816346,0.9237997948396451,0.9711359660330627,0.2249165177606046,0.0014086927007480633,0.5,0.75
HistoKit (no postprocessing),gaussian,c74350c8-f970-c60d-af8a-f9c4d9c5bab2_124242_5.png,0,5550364,5550500,1850,0.0,0.0,0.0,0.0,0.49991056240843457,,0.49999387435068116,0.9996667995866153,1.0,0.5,0.75
HistoKit (no postprocessing),gaussian,c74350c8-f970-c60d-af8a-f9c4d9c5bab2_124242_4.png,0,2721357,916021,1278,0.0,0.0,0.0,0.0,0.7479016977697259,,0.7481644745198327,0.9995306017883411,1.0,0.5,0.75
HistoKit (no postprocessing),gaussian,0504f20c-cba2-27c1-e181-78505aa24ca7_112258_4.png,9954478,1327720,447985,123177,0.9721113911550705,0.9457361262593058,0.9569347182489377,0.9877772160289273,0.9518143378755053,0.9721113911550704,0.747714288127814,0.9151028639524377,0.04306528175106222,0.5,0.75
HistoKit (no postprocessing),gaussian,5fe08b37-e6eb-942a-a4ce-507361c4911e_102333_2.png,9054799,70938,12046,133627,0.992020222542848,0.9841667905733532,0.9986714231907571,0.9854570303988953,0.9842879346291449,0.992020222542848,0.8548394871300492,0.3467748637352431,0.0013285768092429063,0.5,0.75
HistoKit (no postprocessing),gaussian,cbd7b0be-5303-525e-8ff2-6d1502e77bdd_110516_4.png,3244251,341356,881,73982,0.9885938082066136,0.9774448843878216,0.9997285164363113,0.9777043986965351,0.9795482547323158,0.9885938082066135,0.997425760510991,0.8218751956238052,0.0002714835636886265,0.5,0.75
HistoKit (no postprocessing),gaussian,7e6be544-b3c1-c3b1-a8a1-838402bd2649_124526_4.png,4614916,475123,17471,75850,0.9899904034611466,0.9801792050824969,0.9962285102691117,0.9838299331068743,0.9819960411779232,0.9899904034611466,0.9645326577262411,0.8623344519604409,0.003771489730888201,0.5,0.75
HistoKit (no postprocessing),gaussian,66e65946-ef0a-6028-f7a7-e909aade97a4_112429_3.png,4704719,168455,13893,3371,0.9981686065816019,0.9963439089043734,0.9970557019733769,0.9992839983942533,0.9964698458502081,0.9981686065816019,0.9238105161559217,0.9803813159824474,0.0029442980266230832,0.5,0.75
HistoKit (no postprocessing),gaussian,24aa9d72-799e-9634-ead4-94165f32d151_102546_6.png,8291198,118297,2870,32959,0.9978439935673034,0.9956972638613998,0.9996539695599312,0.9960405600230751,0.9957575339915911,0.9978439935673034,0.9763136827684106,0.7820979002485852,0.00034603044006873345,0.5,0.75
HistoKit (no postprocessing),gaussian,0f3058e5-e9f7-bd55-4b60-07a71af55b96_123333_3.png,30517531,1533701,99891,611706,0.9884755384092927,0.977213676923672,0.9967374457588232,0.980349470178148,0.9782803554601466,0.9884755384092927,0.9388519287557725,0.7148764779829655,0.0032625542411768046,0.5,0.75
HistoKit (no postprocessing),gaussian,def4a0a8-b472-78ea-531c-84458df3a3e9_124843_6.png,16587459,7874232,2107869,12939,0.9399131781564715,0.886637923223995,0.8872515635992051,0.9992205608564325,0.9202178847067765,0.9399131781564714,0.7888351360099441,0.9983594878315685,0.11274843640079489,0.5,0.75
HistoKit (no postprocessing),gaussian,84acf623-2a5d-c4c6-c1db-583a94b80fc7_105804_1.png,45370447,3739838,51417,806458,0.9906344265390729,0.9814426532721651,0.9988680121097628,0.9825354687586793,0.982831567141956,0.9906344265390727,0.9864380000817671,0.822612078052111,0.0011319878902371775,0.5,0.75
HistoKit (no postprocessing),gaussian,b91bdd22-8eea-af27-bee7-880d6f1d7c1e_121440_4.png,6390772,257023,18736,315660,0.9745046104206028,0.9502769298848742,0.9970768427155408,0.9529317526816048,0.9521072969788423,0.9745046104206028,0.9320566146526496,0.4488050108000412,0.002923157284459275,0.5,0.75
HistoKit (no postprocessing),gaussian,9e7010fd-072a-6a7f-3911-83d91e8c9301_113642_6.png,6889876,1651849,26424,996651,0.9308865124209045,0.8707087911955982,0.9961794601159579,0.8736261221194069,0.8930374916359987,0.9308865124209045,0.9842552433364536,0.6236922786482915,0.0038205398840420457,0.5,0.75
HistoKit (no postprocessing),gaussian,1875292b-dccd-c5b5-17ad-67c30baa6d69_130951_4.png,3881483,150137,2942,176073,0.9774596539578727,0.9559130431784476,0.9992426163460486,0.9566061441912324,0.9574850349175362,0.9774596539578727,0.980781165280672,0.46024646699978544,0.000757383653951357,0.5,0.75
HistoKit (no postprocessing),gaussian,969ce636-2f0f-f223-bb1c-2b4624598a38_125938_4.png,14512064,765545,75696,4996715,0.8512338451712064,0.7409983673292238,0.9948109922291016,0.743873514585408,0.7507417191727576,0.8512338451712064,0.9100186510167716,0.13285499092370007,0.005189007770898342,0.5,0.75
HistoKit (no postprocessing),gaussian,35ce6eab-4a33-9fbb-2efe-2acf7936ba3e_104917_2.png,7231772,4922547,467717,168264,0.9578807280361469,0.9191661202378875,0.9392535011089697,0.9772617322402215,0.9502763031359702,0.9578807280361469,0.9132292963758362,0.9669475060064103,0.0607464988910303,0.5,0.75
HistoKit (no postprocessing),gaussian,859ead5f-592a-5c4e-67de-d71b0ee92f6d_113334_2.png,12737372,604940,35138,271294,0.9881141186111914,0.9765074666868653,0.9972489354089369,0.9791451329444542,0.9775487033825236,0.9881141186111915,0.9451035655029544,0.6903863579820002,0.0027510645910631504,0.5,0.75
HistoKit (no postprocessing),gaussian,d9d9ce51-54c1-b32b-5fae-fd9ffdaa32e5_111717_3.png,10680491,732650,29359,1242250,0.9438151380900225,0.8936079015403151,0.9972586917650574,0.8958083548070028,0.8997529316699187,0.9438151380900225,0.9614715836689592,0.3709808091548939,0.0027413082349425997,0.5,0.75
HistoKit (no postprocessing),gaussian,6b809376-ab46-9021-2fa3-0d0025b512da_132412_1.png,3742083,439670,7348,77612,0.9887754543919601,0.9778000926563929,0.9980402359718048,0.9796811001925546,0.9800877162349565,0.9887754543919602,0.983562183178306,0.8499619163241714,0.0019597640281952115,0.5,0.75
HistoKit (no postprocessing),gaussian,c38dfb82-e376-0eab-4312-72ca49852e8b_104329_5.png,2613687,527628,2524,78239,0.9847850573562815,0.9700261648945053,0.9990352460103562,0.9709356795097637,0.9749344987923942,0.9847850573562815,0.99523910123889,0.8708643976318234,0.0009647539896438016,0.5,0.75
HistoKit (no postprocessing),gaussian,cbd7b0be-5303-525e-8ff2-6d1502e77bdd_110516_2.png,9596802,749410,30615,38273,0.9964237233687105,0.9928729350930974,0.996820019326056,0.9960277423891355,0.9933857572178856,0.9964237233687105,0.9607512579725008,0.9514106563173256,0.003179980673944008,0.5,0.75
HistoKit (no postprocessing),gaussian,8e6bc805-8b70-bd59-8612-caf5bbe72e5e_125634_1.png,64596104,1024592,146131,85531,0.9982100519788196,0.9964265003362911,0.9977428798990334,0.9986776617505108,0.9964821001550165,0.9982100519788196,0.8751788424759742,0.9229535826210249,0.0022571201009665485,0.5,0.75
HistoKit (no postprocessing),gaussian,e3dca99c-de77-4ab1-72a1-8daf3d4d032c_120923_2.png,9146982,1283586,23958,175170,0.9892323036082878,0.9786940235028263,0.9973876178450628,0.9812092744250469,0.9812668208008959,0.9892323036082878,0.9816770984379876,0.8799182316987899,0.0026123821549372257,0.5,0.75
HistoKit (no postprocessing),gaussian,b0f43f79-08e2-79bc-61fa-379c7ef1dd21_131900_4.png,12956848,196507,11231,575746,0.9778504870423479,0.9566609137374412,0.9991339503715237,0.9574548678546034,0.95728072655013,0.9778504870423478,0.9459367087388922,0.25445935464154884,0.0008660496284761992,0.5,0.75
HistoKit (no postprocessing),gaussian,7ea29210-064a-9e70-4612-3ab81fa629dc_120503_4.png,2781939,175765,5418,504485,0.9160485042183774,0.845101010315805,0.9980562231533313,0.8464942441997746,0.8529524827928886,0.9160485042183774,0.9700965322353643,0.258382947445792,0.001943776846668726,0.5,0.75
HistoKit (no postprocessing),gaussian,24aa9d72-799e-9634-ead4-94165f32d151_102546_7.png,10990382,591114,17773,67251,0.9961467952107579,0.992323170816492,0.9983854696813408,0.993918137814847,0.9927121369525789,0.9961467952107579,0.9708106758725347,0.8978514957508373,0.0016145303186592122,0.5,0.75
HistoKit (no postprocessing),gaussian,7e6be544-b3c1-c3b1-a8a1-838402bd2649_124526_3.png,50305708,509166,39941,51625,0.999090731990439,0.9981831160153622,0.9992066643137325,0.998974826565974,0.9982012884813788,0.9990907319904391,0.9272618997754536,0.9079425311747157,0.0007933356862675462,0.5,0.75
HistoKit (no postprocessing),gaussian,19a1c0fb-3d0a-327d-ea5a-6aae35f53e51_121144_3.png,24688624,1520930,39561,163681,0.9959007666120282,0.9918350034505248,0.9984001656409478,0.9934138503450686,0.9923051690551806,0.9959007666120283,0.9746483638803428,0.9028375096684041,0.0015998343590522314,0.5,0.75
HistoKit (no postprocessing),gaussian,859ead5f-592a-5c4e-67de-d71b0ee92f6d_113334_1.png,20275846,372882,8876,324036,0.9918572771305306,0.9838460910647794,0.9995624293002389,0.9842700069835352,0.9841331754810396,0.9918572771305306,0.9767496686382473,0.5350442950246658,0.0004375706997611306,0.5,0.75
HistoKit (no postprocessing),gaussian,7ea29210-064a-9e70-4612-3ab81fa629dc_120503_1.png,8677475,156654,4479,1108912,0.9397135346374642,0.8862826842896226,0.9994841023115303,0.8866883151054623,0.8880735097793219,0.9397135346374641,0.9722030868909535,0.12378177036993725,0.0005158976884696694,0.5,0.75
HistoKit (no postprocessing),gaussian,5fe08b37-e6eb-942a-a4ce-507361c4911e_102333_3.png,13273263,1659724,22978,1903030,0.9323555816984888,0.8732828699481705,0.9982718423951551,0.8746050830726582,0.8857578402508571,0.9323555816984889,0.9863445815123534,0.4658542240076076,0.0017281576048448581,0.5,0.75
HistoKit (no postprocessing),gaussian,f761dbde-597d-9a8f-e1a1-2533f0d71b83_120113_5.png,3493512,656225,541768,30702,0.9242713864181915,0.8592049841834026,0.8657421541999564,0.991288270235576,0.8787706680372123,0.9242713864181915,0.5477703125143469,0.9553052944490462,0.1342578458000436,0.5,0.75
HistoKit (no postprocessing),gaussian,969ce636-2f0f-f223-bb1c-2b4624598a38_125938_5.png,12776594,272123,8706,1611362,0.9403800560374509,0.8874691925114307,0.9993190617349612,0.8880061907334162,0.8895567696983765,0.940380056037451,0.9689989281733724,0.1444784535050717,0.0006809382650387554,0.5,0.75
HistoKit (no postprocessing),gaussian,969ce636-2f0f-f223-bb1c-2b4624598a38_125938_2.png,4373295,330639,4437,1418133,0.8601093895660998,0.754554324505488,0.9989864614827952,0.7551324129385706,0.7678006902468357,0.8601093895660998,0.9867582279840992,0.1890692440180881,0.0010135385172047992,0.5,0.75
HistoKit (no postprocessing),gaussian,a40a1d35-8d5f-0529-214c-05d84888ba26_111152_2.png,2763452,3931795,0,118833,0.9789517294199145,0.9587712526693232,1.0,0.9587712526693232,0.9825606684981685,0.9789517294199145,1.0,0.9706630675539694,0.0,0.5,0.75
HistoKit (no postprocessing),gaussian,9e7010fd-072a-6a7f-3911-83d91e8c9301_113642_2.png,2589229,922801,9373,446953,0.9190162391317928,0.8501665542076896,0.9963930605764176,0.852791104090598,0.8850088046536148,0.9190162391317928,0.9899450102663236,0.6736983429141291,0.0036069394235823723,0.5,0.75
HistoKit (no postprocessing),gaussian,04e13be9-17d6-1bd0-76ee-d5d53a64912e_105258_1.png,14184391,264075,47093,713899,0.9738758014394482,0.9490818000448701,0.9966909283669925,0.9520818161010425,0.949965869921203,0.9738758014394482,0.8486573169477581,0.27002251593600646,0.0033090716330074926,0.5,0.75
HistoKit (no postprocessing),gaussian,40f80889-968b-7602-00a3-4e00b00e88fe_110004_1.png,8548857,907865,84887,3103166,0.8428428661336789,0.7283737372102197,0.990167996642013,0.7336800656847313,0.7478758617689916,0.8428428661336789,0.9144932470546521,0.2263420551972797,0.009832003357986986,0.5,0.75
HistoKit (no postprocessing),gaussian,2125a939-8f92-6ca7-9a29-e1755d6267ed_103351_3.png,10195980,2437305,404203,727408,0.9474245700213966,0.9001013542950129,0.9618682998208616,0.9334082063184059,0.9177900799250499,0.9474245700213966,0.8577505324637481,0.7701504054238094,0.03813170017913842,0.5,0.75
HistoKit (no postprocessing),gaussian,f9a50b4c-7c73-18cd-0877-8296eed330e2_114604_2.png,8524897,1663739,33273,2255057,0.8816674254441641,0.7883767722623413,0.9961121361225589,0.7908101463141679,0.8165956371124198,0.881667425444164,0.9803931851984546,0.4245536128953893,0.0038878638774410886,0.5,0.75
HistoKit (no postprocessing),gaussian,c38dfb82-e376-0eab-4312-72ca49852e8b_104329_2.png,5767904,751733,16233,59621,0.9934674295548733,0.9870196541335217,0.9971935312043958,0.9897690700597594,0.9884991124997365,0.9934674295548734,0.9788623454684192,0.9265166622707227,0.0028064687956042534,0.5,0.75
HistoKit (no postprocessing),gaussian,0f3058e5-e9f7-bd55-4b60-07a71af55b96_123333_2.png,15227730,838023,37161,97314,0.9956039461999511,0.991246373811572,0.9975655902161371,0.9936500019184284,0.9916991909002763,0.9956039461999511,0.9575392146108704,0.8959583551169258,0.0024344097838628525,0.5,0.75
HistoKit (no postprocessing),gaussian,0502ebf6-5b9d-c3a6-85fe-a3909acf1f7b_112628_1.png,7696137,2948852,384013,66177,0.9715833345116012,0.9447370575720813,0.9524745208937953,0.9914745783280604,0.9594247195110597,0.9715833345116013,0.8847799115775766,0.9780509573871429,0.047525479106204714,0.5,0.75
HistoKit (no postprocessing),gaussian,c0272a60-2518-4785-1810-6431c15f4b4b_130712_2.png,17011366,1507955,72484,281834,0.9896931819338775,0.9795966574077934,0.9957571624663059,0.9837026114310827,0.9812268317731414,0.9896931819338773,0.9541367936377171,0.8425322761509876,0.004242837533694103,0.5,0.75
HistoKit (no postprocessing),gaussian,7d4546a5-f4cc-3733-763f-d1c5a5904dff_120251_3.png,2811343,451009,9718,235510,0.9582086581364349,0.9197702261782893,0.9965551967858901,0.9227038521385836,0.930086270306023,0.958208658136435,0.978907248761197,0.656950499549175,0.0034448032141098685,0.5,0.75
HistoKit (no postprocessing),gaussian,7ea29210-064a-9e70-4612-3ab81fa629dc_120503_3.png,3772512,234624,4025,673912,0.9175556104425158,0.8476699766697697,0.9989342087738052,0.848437306023897,0.8552985193613846,0.9175556104425159,0.9831342264162012,0.2582440321572288,0.0010657912261947916,0.5,0.75
HistoKit (no postprocessing),gaussian,c38dfb82-e376-0eab-4312-72ca49852e8b_104329_4.png,5027008,146179,5625,26808,0.996784497695869,0.9935896080219139,0.9988822948146626,0.9946954934647403,0.9937696182203081,0.9967844976958691,0.9629456404310822,0.8450288171943556,0.001117705185337377,0.5,0.75
HistoKit (no postprocessing),gaussian,228e0715-eef2-126e-c558-f7684e2bcfa8_110725_12.png,2014609,6100220,468418,331121,0.8344213635103195,0.7158859448756781,0.8113520312102929,0.8588409578254957,0.9103089529173577,0.8344213635103196,0.9286887175088656,0.9485144699993361,0.18864796878970708,0.5,0.75
HistoKit (no postprocessing),gaussian,7e6be544-b3c1-c3b1-a8a1-838402bd2649_124526_2.png,49841265,1369785,79037,103108,0.9981760817826724,0.9963588048075891,0.9984167363410582,0.997935543209242,0.996455853737056,0.9981760817826725,0.9454474048571875,0.9299962726416651,0.0015832636589418068,0.5,0.75
HistoKit (no postprocessing),gaussian,5fe08b37-e6eb-942a-a4ce-507361c4911e_102333_4.png,4955197,516737,11951,2340315,0.8081765293990048,0.678100867565118,0.99759399156216,0.6792116852114012,0.6993601901791876,0.8081765293990049,0.977394985322156,0.1808637014657066,0.0024060084378399837,0.5,0.75
HistoKit (no postprocessing),gaussian,be2180cd-04c9-2627-2456-4397fd5e59ee_103647_6.png,3752823,359736,10641,85527,0.9873493353033894,0.9750147506190583,0.9971725516704824,0.9777177693540193,0.9771503354814888,0.9873493353033894,0.9712698142703245,0.8079180169922046,0.0028274483295177,0.5,0.75
HistoKit (no postprocessing),gaussian,0f3058e5-e9f7-bd55-4b60-07a71af55b96_123333_1.png,18633901,800908,36865,265326,0.9919565862043147,0.9840415329625564,0.9980255228949899,0.9859610131144517,0.9846891118204387,0.9919565862043147,0.9559964334014106,0.7511559376272,0.0019744771050100463,0.5,0.75
HistoKit (no postprocessing),gaussian,6f1702fd-ae84-1c96-04ae-a23a14a5d2d4_111419_1.png,2928415,787203,1160,75844,0.9870228927873614,0.9743782813644287,0.9996040381283975,0.9747545068517728,0.9796963683699562,0.9870228927873613,0.9985285965982675,0.9121206608678323,0.0003959618716025362,0.5,0.75
HistoKit (no postprocessing),gaussian,228e0715-eef2-126e-c558-f7684e2bcfa8_110725_1.png,7449974,561651,19740,2534234,0.8536733463115053,0.7447033911011932,0.9973573285402895,0.7461757607613944,0.758274566354449,0.8536733463115052,0.9660469460311563,0.18141856044394414,0.002642671459710506,0.5,0.75
HistoKit (no postprocessing),gaussian,9e7010fd-072a-6a7f-3911-83d91e8c9301_113642_4.png,6740429,218615,44035,1107801,0.921283394568355,0.8540550779782483,0.9935094356753901,0.8588470266544176,0.8579887755705916,0.9212833945683548,0.8323434228060156,0.16481631705287028,0.006490564324609874,0.5,0.75
HistoKit (no postprocessing),gaussian,deaaef3a-8172-327d-10b9-23d266fb17ca_123636_5.png,2281880,163711,4,542801,0.893704476492515,0.8078352099437637,0.999998247062515,0.8078363539104062,0.818362425863239,0.8937044764925149,0.9999755672968268,0.23171722490205404,1.7529374849904727e-06,0.5,0.75
HistoKit (no postprocessing),gaussian,f761dbde-597d-9a8f-e1a1-2533f0d71b83_120113_2.png,3059277,463018,22371,47438,0.9887193107450225,0.9776902903915073,0.9927405725767512,0.9847304950727698,0.9805659858400536,0.9887193107450225,0.9539111928782894,0.9070674063974172,0.007259427423248859,0.5,0.75
HistoKit (no postprocessing),gaussian,9e7010fd-072a-6a7f-3911-83d91e8c9301_113642_7.png,2942846,3463245,146025,381629,0.9177256302716242,0.8479602362771935,0.9527254456401708,0.8852062355710301,0.923900576095602,0.9177256302716241,0.9595416801735531,0.9007434313842274,0.047274554359829205,0.5,0.75
HistoKit (no postprocessing),gaussian,3e1fffa8-5bae-87b0-bc39-e4a1bc285608_122517_5.png,5059878,1779637,217141,593259,0.9258565019566052,0.8619486164028347,0.9588515788933107,0.8950566738432131,0.8940641824124843,0.9258565019566052,0.8912543106945289,0.749985250091028,0.04114842110668921,0.5,0.75
HistoKit (no postprocessing),gaussian,7e3642ed-4a56-9d3f-3ecf-de46d455c0fd_113100_2.png,2186438,1256715,381,139358,0.9690336977561791,0.9399276151384869,0.9998257743324893,0.9400815892709421,0.9609982662050657,0.9690336977561791,0.9996969205215831,0.90017857232394,0.00017422566751066276,0.5,0.75
HistoKit (no postprocessing),gaussian,8e6bc805-8b70-bd59-8612-caf5bbe72e5e_125634_3.png,31227947,393682,25362,87894,0.9981899066872413,0.9963863544101993,0.9991885019279079,0.99719330545841,0.9964311829080206,0.9981899066872414,0.9394765227517874,0.8174867518314867,0.0008114980720921423,0.5,0.75
HistoKit (no postprocessing),gaussian,1875292b-dccd-c5b5-17ad-67c30baa6d69_130951_1.png,9704675,349499,6546,2219961,0.8970918045908697,0.8133875587515135,0.9993259344010398,0.813834065878405,0.8186984093145975,0.8970918045908697,0.9816146835371933,0.13602040895752415,0.0006740655989602132,0.5,0.75
HistoKit (no postprocessing),gaussian,54b22c23-34e4-1c55-9de2-c8e205e762bc_131621_2.png,20974566,1717652,76637,327980,0.9904467252710025,0.9810742533987384,0.9963594954644635,0.9846037182597799,0.9824817123211903,0.9904467252710026,0.9572883743923081,0.8396681319025123,0.00364050453553652,0.5,0.75
HistoKit (no postprocessing),gaussian,7d4546a5-f4cc-3733-763f-d1c5a5904dff_120251_1.png,6388772,931476,29848,383520,0.9686626671453801,0.9392297130020847,0.9953497792360352,0.9433692463349188,0.9465491950983861,0.9686626671453801,0.9689511548655813,0.7083489227343658,0.00465022076396484,0.5,0.75
HistoKit (no postprocessing),gaussian,be2180cd-04c9-2627-2456-4397fd5e59ee_103647_1.png,28912968,455360,8766,49566,0.9989922650485966,0.9979865591119487,0.9996969061398601,0.9982886165968765,0.9980177159079556,0.9989922650485966,0.981112887448667,0.9018351203938795,0.0003030938601399211,0.5,0.75
HistoKit (no postprocessing),gaussian,f761dbde-597d-9a8f-e1a1-2533f0d71b83_120113_3.png,10032996,14826381,286389,96374,0.9812818433200456,0.963251549887051,0.9722474740500524,0.9904856866715304,0.984836349057568,0.9812818433200456,0.9810498670991487,0.9935418091364496,0.0277525259499476,0.5,0.75
HistoKit (no postprocessing),gaussian,1c7a4a4c-ace6-25f8-ee0c-f8914aeab226_121941_3.png,7006321,3811480,586293,131134,0.951295068611016,0.9071141368154424,0.9227811396707379,0.9816273447608427,0.9378055639645788,0.951295068611016,0.8666841148917873,0.9667393257366813,0.07721886032926209,0.5,0.75
HistoKit (no postprocessing),gaussian,6f1702fd-ae84-1c96-04ae-a23a14a5d2d4_111419_2.png,6374737,565717,14482,244100,0.9801213955413476,0.9610177047116233,0.9977333692897363,0.9631204092199279,0.9640810241815709,0.9801213955413477,0.9750395984825896,0.6985738753323282,0.0022666307102636486,0.5,0.75
HistoKit (no postprocessing),gaussian,f9a50b4c-7c73-18cd-0877-8296eed330e2_114604_5.png,4868312,3217833,416091,1163204,0.8604359928698677,0.7550571863328519,0.9212605473125346,0.8071456661973541,0.8366039207733947,0.8604359928698677,0.8854981557126677,0.7344911718389961,0.07873945268746536,0.5,0.75
HistoKit (no postprocessing),gaussian,9601a588-d18f-b3b2-00f0-b816a7730c15_114312_2.png,5462327,423359,19328,51466,0.9935615174570422,0.9872054126414369,0.9964740575610833,0.9906659535459529,0.9881147926292039,0.9935615174570422,0.9563393548940899,0.8916105933765072,0.003525942438916714,0.5,0.75
HistoKit (no postprocessing),gaussian,9601a588-d18f-b3b2-00f0-b816a7730c15_114312_1.png,9487421,1020467,340428,71582,0.9787479679527136,0.9583804362089093,0.9653608841568485,0.9925115621367626,0.9622697940951463,0.9787479679527136,0.7498499149456791,0.9344516592204196,0.034639115843151436,0.5,0.75
HistoKit (no postprocessing),gaussian,2125a939-8f92-6ca7-9a29-e1755d6267ed_103351_7.png,914662,329488,15880,1452420,0.5547400188741954,0.3838340686926606,0.9829346767797692,0.3864090893344633,0.45868126601412007,0.5547400188741954,0.9540200597623405,0.1849074138507712,0.01706532322023079,0.5,2.25
HistoKit (no postprocessing),gaussian,54b22c23-34e4-1c55-9de2-c8e205e762bc_131621_1.png,26128520,1337126,135783,163819,0.9942994455391575,0.9886635153265904,0.9948301312241181,0.9937693257340094,0.9892094606898523,0.9942994455391575,0.9078130420820295,0.890856093994117,0.00516986877588185,0.5,0.75
HistoKit (no postprocessing),gaussian,228e0715-eef2-126e-c558-f7684e2bcfa8_110725_2.png,2691316,181220,65089,802881,0.8611381751709676,0.756139293105415,0.9763862712482382,0.7702244607273144,0.7679538543715744,0.8611381751709676,0.7357425023040165,0.18414776532083596,0.023613728751761806,0.5,2.25
HistoKit (no postprocessing),gaussian,be2180cd-04c9-2627-2456-4397fd5e59ee_103647_4.png,4419836,441384,23217,427687,0.9514665183299722,0.9074259763403507,0.9947745390388095,0.9117720534796844,0.9151179452889278,0.9514665183299722,0.9500280886179754,0.5078802537422143,0.0052254609611904245,0.5,2.25
HistoKit (no postprocessing),gaussian,39bcf904-a619-148a-5bca-38122a540be1_104536_1.png,1664842,912308,1388,340778,0.9068137314977464,0.8295143816068496,0.9991669817492183,0.8300884514514215,0.88279240753656,0.9068137314977464,0.9984808951773895,0.7280489926469532,0.0008330182507817048,0.5,2.25
HistoKit (no postprocessing),gaussian,be2180cd-04c9-2627-2456-4397fd5e59ee_103647_3.png,21835538,1445971,44592,242598,0.9934667577651949,0.9870183279385797,0.9979619865147054,0.9890118441158258,0.9878147707686368,0.9934667577651949,0.9700837871327813,0.8563292349912855,0.0020380134852946486,0.5,0.75
HistoKit (no postprocessing),gaussian,9e7010fd-072a-6a7f-3911-83d91e8c9301_113642_3.png,3154155,271352,3299,615520,0.9106673197510831,0.8359864128403748,0.9989551708433441,0.8367180194579108,0.8469908212147093,0.9106673197510831,0.9879883925418076,0.30596523511848384,0.001044829156655964,0.5,2.25
HistoKit (no postprocessing),gaussian,10fd35f3-17d4-d309-f849-cc9e883460c1_123055_2.png,4871973,3707617,3599924,97976,0.7248964167570436,0.5685000232792248,0.5750746261433537,0.9802863168213597,0.6988065150124333,0.7248964167570437,0.5073686209902893,0.974254735070198,0.42492537385664625,0.5,0.75
HistoKit (no postprocessing),gaussian,332605c9-e7e2-297a-c808-98d567218fe3_115336_3.png,9074844,267276,29705,165751,0.9893456273769233,0.9789158926895569,0.9967373452545535,0.9820627351377266,0.9795067425937156,0.9893456273769233,0.8999767661904297,0.6172271013123893,0.0032626547454464795,0.5,0.75
HistoKit (no postprocessing),gaussian,c74350c8-f970-c60d-af8a-f9c4d9c5bab2_124242_3.png,306469,1906515,1520821,20199,0.2845635801626587,0.16588407292276164,0.16771776784199552,0.9381665789119228,0.5894996382529161,0.28456358016265865,0.5562673166564353,0.9895163475222581,0.8322822321580045,0.5,2.25
HistoKit (no postprocessing),gaussian,969ce636-2f0f-f223-bb1c-2b4624598a38_125938_1.png,21692085,770070,145178,2515417,0.9422172097088561,0.8907473427975894,0.9933518225246452,0.8960893610584024,0.8940961877183031,0.9422172097088561,0.8413785116165237,0.23438534378617235,0.006648177475354855,0.5,0.75
HistoKit (no postprocessing),gaussian,332605c9-e7e2-297a-c808-98d567218fe3_115336_2.png,5458978,467853,14015,169010,0.9835127183804747,0.9675602795673806,0.9974392439383716,0.9699697298572776,0.9700443021897733,0.9835127183804746,0.9709152714021267,0.7346211037538686,0.0025607560616284363,0.5,2.25
HistoKit (no postprocessing),gaussian,0502ebf6-5b9d-c3a6-85fe-a3909acf1f7b_112628_8.png,3946349,94896,520,117200,0.9853041376866974,0.9710339563624535,0.9998682499976563,0.971158216622957,0.9716948808177034,0.9853041376866974,0.9945501802632682,0.4474200362100181,0.00013175000234362985,0.5,2.25
HistoKit (no postprocessing),gaussian,3e1fffa8-5bae-87b0-bc39-e4a1bc285608_122517_10.png,3524379,1768581,239269,1705651,0.7837458712664608,0.6443931845744766,0.9364263076674546,0.6738735724269268,0.7312859566613428,0.7837458712664609,0.8808332295739224,0.5090566778499536,0.06357369233254545,0.5,2.25
HistoKit (no postprocessing),gaussian,def4a0a8-b472-78ea-531c-84458df3a3e9_124843_7.png,11423059,165454,59627,333866,0.9830680040212377,0.9666998461141626,0.9948072254174677,0.9716026086753127,0.967159672595724,0.9830680040212377,0.7350864799783189,0.3313586477609549,0.005192774582532345,0.5,2.25
HistoKit (no postprocessing),gaussian,04e13be9-17d6-1bd0-76ee-d5d53a64912e_105258_2.png,3132175,118484,3888,1037805,0.8574203573671823,0.750425025420066,0.9987602289877467,0.7511247056340797,0.7573141718106996,0.8574203573671823,0.9682280260190239,0.10246919239048369,0.0012397710122532615,0.5,2.25
HistoKit (no postprocessing),gaussian,b91bdd22-8eea-af27-bee7-880d6f1d7c1e_121440_5.png,2942223,782128,329488,5058301,0.5220301031694247,0.35320753439490843,0.8992918384294946,0.3677537871269432,0.4087240757933921,0.5220301031694248,0.7035954862110657,0.13391619006069588,0.10070816157050547,0.5,2.25
HistoKit (no postprocessing),gaussian,7e6be544-b3c1-c3b1-a8a1-838402bd2649_124526_1.png,51759557,2597438,150146,266429,0.9959919927023334,0.9920159853934746,0.9971075542466502,0.9948789245435925,0.9923945983436903,0.9959919927023334,0.9453534450630081,0.9069687942910757,0.0028924457533498122,0.5,0.75
HistoKit (no postprocessing),gaussian,d9d9ce51-54c1-b32b-5fae-fd9ffdaa32e5_111717_1.png,7422411,301457,6243,625899,0.959155942987268,0.9215174324385227,0.9991596054951543,0.9222322450303231,0.9243488219856127,0.9591559429872679,0.9797107572310693,0.3250714935795962,0.0008403945048456961,0.5,2.25
HistoKit (no postprocessing),gaussian,cd7afea3-2dfd-f8a4-f2e6-1e02af01c417_132555_3.png,0,3998811,3939,106110,0.0,0.0,0.0,0.0,0.9732166586352419,,0.9990159265504965,0.9741505378544435,1.0,0.5,2.25
HistoKit (no postprocessing),gaussian,be2180cd-04c9-2627-2456-4397fd5e59ee_103647_5.png,4958796,478757,17249,115334,0.986807891404876,0.9739593143625725,0.9965335924413867,0.9772701921314589,0.9761975291088045,0.9868078914048761,0.9652242109974476,0.8058647580926155,0.0034664075586133165,0.5,2.25
HistoKit (no postprocessing),gaussian,0504f20c-cba2-27c1-e181-78505aa24ca7_112258_3.png,3520891,2222622,2643698,61011,0.7224940750471118,0.5655504690310974,0.5711477277722813,0.982966870673737,0.6798487303008847,0.7224940750471118,0.4567356852816913,0.9732833603297903,0.42885227222771866,0.5,2.25
HistoKit (no postprocessing),gaussian,19a1c0fb-3d0a-327d-ea5a-6aae35f53e51_121144_1.png,6544253,59579,4198,13118,0.9986787551364577,0.9973609970420184,0.9993589323643103,0.9979995031545417,0.9973847435520246,0.9986787551364578,0.9341768976276714,0.8195523886817888,0.0006410676356897227,0.5,2.25
HistoKit (no postprocessing),gaussian,cbd7b0be-5303-525e-8ff2-6d1502e77bdd_110516_1.png,11669942,483181,18097,46340,0.9972467904537798,0.9945086996082195,0.9984516649884553,0.9960448203619544,0.9947258699773114,0.9972467904537798,0.9638982760065273,0.9124869457490826,0.0015483350115447082,0.5,2.25
HistoKit (no postprocessing),gaussian,b0f43f79-08e2-79bc-61fa-379c7ef1dd21_131900_10.png,4983674,182203,4189,441014,0.9572436187827555,0.9179935371532639,0.9991601613757234,0.918702421226806,0.9206564511644817,0.9572436187827555,0.9775258594789475,0.2923588413024677,0.0008398386242765689,0.5,2.25
HistoKit (no postprocessing),gaussian,def4a0a8-b472-78ea-531c-84458df3a3e9_124843_8.png,29526877,642304,180456,1741883,0.968473890250725,0.9388748196457425,0.9939255402024814,0.9442931859146317,0.9400982253255689,0.968473890250725,0.7806699402012738,0.26940168703209944,0.00607445979751868,0.5,0.75
HistoKit (no postprocessing),gaussian,d9d9ce51-54c1-b32b-5fae-fd9ffdaa32e5_111717_2.png,6604145,751016,5581,1776763,0.8811028272720153,0.7874743530934101,0.9991556382216147,0.7879987466751812,0.8049419398402518,0.8811028272720154,0.9926235499215567,0.29710508711402384,0.0008443617783853673,0.5,2.25
HistoKit (no postprocessing),gaussian,c0272a60-2518-4785-1810-6431c15f4b4b_130712_1.png,8103471,226907,46631,21941,0.9957867997287213,0.991608952620538,0.9942784765147724,0.9972997061564386,0.991835646122432,0.9957867997287213,0.8295264277723753,0.9118297113097151,0.005721523485227547,0.5,2.25
HistoKit (no postprocessing),gaussian,6f1702fd-ae84-1c96-04ae-a23a14a5d2d4_111419_5.png,2295407,936652,23991,239481,0.9457238407460953,0.8970361631011079,0.9896563677299023,0.9055260035157372,0.9246260439401053,0.9457238407460953,0.9750261023085579,0.7963827220220843,0.010343632270097672,0.5,2.25
HistoKit (no postprocessing),gaussian,e398b039-2e70-a00a-855c-e3ff4eba631e_115619_4.png,5069598,185044,1783,510919,0.9518675451079235,0.9081557780843021,0.9996484192372846,0.9084459378942847,0.9111025803212016,0.9518675451079235,0.990456411546511,0.26588195062093817,0.0003515807627153235,0.5,2.25
HistoKit (no postprocessing),gaussian,2125a939-8f92-6ca7-9a29-e1755d6267ed_103351_8.png,6818068,209012,0,1347870,0.9100460851390476,0.8349399664802746,1.0,0.8349399664802746,0.8390593376676876,0.9100460851390476,1.0,0.13425037992603164,0.0,0.5,2.25
HistoKit (no postprocessing),gaussian,deaaef3a-8172-327d-10b9-23d266fb17ca_123636_1.png,3599589,3806206,280131,130596,0.946027315715505,0.8975823850290102,0.9277960780674894,0.964989404010793,0.9474539955238404,0.946027315715505,0.9314469168842413,0.9668268813112775,0.07220392193251059,0.5,2.25
HistoKit (no postprocessing),gaussian,04e13be9-17d6-1bd0-76ee-d5d53a64912e_105258_4.png,8058228,381173,35857,671486,0.9579558100997284,0.9193044012763116,0.9955699748643608,0.9230804124854491,0.9226672354665223,0.9579558100997284,0.9140181761503968,0.3621049171669078,0.004430025135639173,0.5,2.25
HistoKit (no postprocessing),gaussian,8e6bc805-8b70-bd59-8612-caf5bbe72e5e_125634_2.png,7189647,1503140,205667,46619,0.9827574328951487,0.9660993991749187,0.9721895513834842,0.9935575889554088,0.9717960937825773,0.9827574328951488,0.8796429321743181,0.9699185486259476,0.02781044861651581,0.5,2.25
HistoKit (no postprocessing),gaussian,f4c75e72-7c5b-0601-d74f-78529d4dec70_114117_1.png,4370401,8490103,10281976,170946,0.45539896270260005,0.2948327443178564,0.2982724918967073,0.9623578643076602,0.5516350964461423,0.4553989627026001,0.45227292086294757,0.9802626679516534,0.7017275081032928,0.5,2.25
HistoKit (no postprocessing),gaussian,0502ebf6-5b9d-c3a6-85fe-a3909acf1f7b_112628_7.png,4958049,904319,515,276427,0.9728302841939206,0.9470979033201776,0.9998961392854867,0.9471910846472502,0.9548903704162194,0.9728302841939205,0.9994308348271617,0.7658878370115164,0.00010386071451331474,0.5,2.25
HistoKit (no postprocessing),gaussian,7ea29210-064a-9e70-4612-3ab81fa629dc_120503_2.png,8252094,48388,20472,535751,0.9673968581413426,0.9368525224512242,0.9975253143945905,0.939034996634556,0.9371975243614866,0.9673968581413425,0.7027011327330817,0.08283644817415033,0.0024746856054094946,0.5,2.25
HistoKit (no postprocessing),gaussian,9e7010fd-072a-6a7f-3911-83d91e8c9301_113642_1.png,8257231,270255,75562,39319,0.9930916693461672,0.9862781338806743,0.9909319720290664,0.9952608011763926,0.9867072296281794,0.9930916693461672,0.7814971502268541,0.8729899797786635,0.009068027970933635,0.5,2.25
HistoKit (no postprocessing),gaussian,24aa9d72-799e-9634-ead4-94165f32d151_102546_1.png,6241376,404662,24794,96376,0.9903863257801817,0.9809557369015486,0.9960431970406165,0.9847933462842976,0.9820945358854051,0.9903863257801818,0.9422664952870609,0.8076473241550541,0.003956802959383483,0.5,2.25
HistoKit (no postprocessing),gaussian,e16fa7c2-3d43-e563-886f-5b0ebdd4e8c5_105048_1.png,42034757,453515,997655,37686,0.9878345248341003,0.9759614895698635,0.9768161961267707,0.9991042592891504,0.9762119702700233,0.9878345248341003,0.3125167967915544,0.9232778434897323,0.02318380387322932,0.5,0.75
HistoKit (no postprocessing),gaussian,e398b039-2e70-a00a-855c-e3ff4eba631e_115619_1.png,14411913,376466,356,1819129,0.9406237465657676,0.8879033709850501,0.9999752988235232,0.8879228456189073,0.8904443702091973,0.9406237465657677,0.999055256858676,0.17146422723680824,2.47011764767921e-05,0.5,2.25
HistoKit (no postprocessing),gaussian,b1a83861-bd20-5668-5a83-92a470ead44d_110338_5.png,2677558,2334170,0,196980,0.9645215068327349,0.9314742055940816,1.0,0.9314742055940816,0.9621825604353326,0.964521506832735,1.0,0.922177666278174,0.0,0.5,2.25
HistoKit (no postprocessing),gaussian,b91bdd22-8eea-af27-bee7-880d6f1d7c1e_121440_6.png,5678548,405964,102239,621947,0.9400571892949772,0.8868942548605018,0.9823139998066007,0.901286010067463,0.8936381081963101,0.9400571892949772,0.7988225177734094,0.394940807132135,0.017686000193399273,0.5,2.25
HistoKit (no postprocessing),gaussian,d9d9ce51-54c1-b32b-5fae-fd9ffdaa32e5_111717_5.png,8878863,227100,4824,1185057,0.937201515737581,0.881824287120618,0.999456982219207,0.8822469773209644,0.8844309412613478,0.937201515737581,0.9792000827857401,0.160817812750282,0.0005430177807930423,0.5,2.25
HistoKit (no postprocessing),gaussian,40f80889-968b-7602-00a3-4e00b00e88fe_110004_3.png,21408236,8991757,140204,864060,0.9770824479077668,0.955191790295594,0.9934935429200443,0.9612047181844207,0.9680214055056294,0.9770824479077668,0.9846468901914933,0.912329946872999,0.006506457079955672,0.5,2.25
HistoKit (no postprocessing),gaussian,0502ebf6-5b9d-c3a6-85fe-a3909acf1f7b_112628_2.png,8341017,2888114,275738,345536,0.9640950736125139,0.930679108723428,0.9679997864625373,0.9602217358254764,0.9475736061341363,0.9640950736125139,0.9128473771845207,0.8931436611878218,0.03200021353746277,0.5,2.25
HistoKit (no postprocessing),gaussian,59c3e1ff-f1eb-ac9b-3a83-925048a454e4_130514_4.png,1785498,1074312,43,64467,0.9822555649749993,0.9651298805194356,0.99997591766305,0.9651523136924212,0.9779401707063522,0.9822555649749993,0.9999599759855914,0.9433893670325849,2.4082336949977625e-05,0.5,2.25
HistoKit (no postprocessing),gaussian,2125a939-8f92-6ca7-9a29-e1755d6267ed_103351_5.png,4156926,952434,2699,36013,0.9953652555071713,0.9907732745294041,0.9993511434324007,0.9914110365068511,0.9924802916509327,0.9953652555071711,0.9971742155280993,0.9635660789096431,0.0006488565675992427,0.5,2.25
HistoKit (no postprocessing),gaussian,6247d1f0-d194-53f2-2d84-7b4b827443da_115125_1.png,2666094,453685,247087,11494,0.9537485809197268,0.9115864155846376,0.915183093669772,0.9957073306274155,0.9234596076202655,0.9537485809197269,0.647407430662184,0.9752912319773679,0.08481690633022802,0.5,2.25
HistoKit (no postprocessing),gaussian,0e99786b-efbd-e936-5e70-bad7ef5912da_122209_3.png,9737875,1758619,58545,187141,0.9875421850619803,0.9753909451747728,0.9940238372793326,0.9811445140239572,0.9790766280196692,0.9875421850619803,0.967782214483668,0.9038211290189951,0.005976162720667346,0.5,2.25
HistoKit (no postprocessing),gaussian,7e3642ed-4a56-9d3f-3ecf-de46d455c0fd_113100_1.png,565099,1944763,1714007,89331,0.38526815420025523,0.23859574901084554,0.2479476601790351,0.8634980058982626,0.5819025317629603,0.3852681542002553,0.5315346414232105,0.9560831505328662,0.7520523398209649,0.5,2.25
HistoKit (no postprocessing),gaussian,66e65946-ef0a-6028-f7a7-e909aade97a4_112429_4.png,9081297,971422,22831,49858,0.9960138266019781,0.9920593061863979,0.9974922364887664,0.9945397926111209,0.9928211287880943,0.996013826601978,0.9770370318218804,0.9511808710637631,0.0025077635112335855,0.5,2.25
HistoKit (no postprocessing),gaussian,0e99786b-efbd-e936-5e70-bad7ef5912da_122209_4.png,5242997,252023,13383,26084,0.9962503305080889,0.9925286760118005,0.9974539511983532,0.9950496111181437,0.99286889643069,0.9962503305080889,0.9495753675500931,0.9062087613760171,0.0025460488016467607,0.5,2.25
HistoKit (no postprocessing),gaussian,728c532f-2f31-cf1c-4143-7abb9ca2b76d_102101_5.png,4833923,1824149,594294,71346,0.9355841774982808,0.8789649286679687,0.8905176414281153,0.9854552319149062,0.9091116635935438,0.9355841774982809,0.754265864442536,0.9623602278032914,0.10948235857188465,0.5,2.25
HistoKit (no postprocessing),gaussian,0502ebf6-5b9d-c3a6-85fe-a3909acf1f7b_112628_5.png,2743457,843948,213,10870,0.9979841749640824,0.9959764606794601,0.999922366756935,0.9960534823933397,0.996920095328927,0.9979841749640824,0.9997476784641792,0.9872838428764954,7.763324306494586e-05,0.5,2.25
HistoKit (no postprocessing),gaussian,59c3e1ff-f1eb-ac9b-3a83-925048a454e4_130514_1.png,4978103,704981,123045,84992,0.9795324649361492,0.9598859652843926,0.9758789590107952,0.9832134297302342,0.9646863474710501,0.9795324649361492,0.8513995937325639,0.8924115127985387,0.024121040989204784,0.5,2.25
HistoKit (no postprocessing),gaussian,228e0715-eef2-126e-c558-f7684e2bcfa8_110725_7.png,7296234,367233,120,1937522,0.8827810583232658,0.7901594086816847,0.9999835534295622,0.7901696774313725,0.7981856054337056,0.8827810583232658,0.9996733387232444,0.1593371095843159,1.6446570437783037e-05,0.5,2.25
HistoKit (no postprocessing),gaussian,f761dbde-597d-9a8f-e1a1-2533f0d71b83_120113_1.png,9232872,1004148,5023,138197,0.9923037091156713,0.9847249792344188,0.9994562614102022,0.9852528030686787,0.986202631153037,0.9923037091156713,0.9950226473015971,0.8790234123666668,0.0005437385897977841,0.5,2.25
HistoKit (no postprocessing),gaussian,c38dfb82-e376-0eab-4312-72ca49852e8b_104329_1.png,3511190,812380,40610,79558,0.9831757518465399,0.9669082475481624,0.9885663607185089,0.9778436136426171,0.9729579016584686,0.9831757518465399,0.9523910010668355,0.9108032172639803,0.011433639281491074,0.5,2.25
HistoKit (no postprocessing),gaussian,7d4546a5-f4cc-3733-763f-d1c5a5904dff_120251_4.png,3271913,259667,6980,182976,0.9717905925674457,0.9451290617871445,0.9978712327605689,0.9470385300367103,0.9489576346970713,0.9717905925674458,0.9738230694513721,0.5866285019756328,0.0021287672394311127,0.5,2.25
HistoKit (no postprocessing),gaussian,59c3e1ff-f1eb-ac9b-3a83-925048a454e4_130514_3.png,2341053,406517,5962,76556,0.9826811097790717,0.9659518949517055,0.9974597520680524,0.9683340027274882,0.9708426027741893,0.9826811097790717,0.9855459308231449,0.8415229168262354,0.0025402479319476014,0.5,2.25
HistoKit (no postprocessing),gaussian,c0272a60-2518-4785-1810-6431c15f4b4b_130712_3.png,33264075,2113409,174779,329336,0.9924795171399922,0.9850713052728026,0.9947731761381535,0.9901964108378277,0.9859505982439635,0.9924795171399923,0.9236168531606669,0.8651779043657852,0.005226823861846462,0.5,2.25
HistoKit (no postprocessing),gaussian,7e3642ed-4a56-9d3f-3ecf-de46d455c0fd_113100_4.png,8148670,3779195,820,115219,0.9929302186953705,0.9859596992465192,0.9998993802066142,0.986057532960571,0.990365333366988,0.9929302186953703,0.9997830696439035,0.970414290827837,0.00010061979338584378,0.5,2.25
HistoKit (no postprocessing),gaussian,7e3642ed-4a56-9d3f-3ecf-de46d455c0fd_113100_3.png,3806284,1530038,23785,127805,0.980475667805833,0.9616991344342948,0.9937899291109377,0.9675134446627923,0.9723774725250697,0.980475667805833,0.9846925936866683,0.9229088641083625,0.006210070889062312,0.5,2.25
HistoKit (no postprocessing),gaussian,3e1fffa8-5bae-87b0-bc39-e4a1bc285608_122517_7.png,3304464,351973,22,2882053,0.696336098513508,0.534137746484747,0.9999933423836567,0.5341396459429434,0.5592154606430332,0.696336098513508,0.9999374991122033,0.10883431363878955,6.657616343358695e-06,0.5,2.25
HistoKit (no postprocessing),gaussian,b0f43f79-08e2-79bc-61fa-379c7ef1dd21_131900_5.png,7423476,150771,20011,425783,0.970849316401384,0.9433500184896438,0.9973116094647576,0.9457550069375975,0.9444149973796893,0.970849316401384,0.8828272300359523,0.2615036926289645,0.002688390535242421,0.5,2.25
HistoKit (no postprocessing),gaussian,66e65946-ef0a-6028-f7a7-e909aade97a4_112429_5.png,13328221,465294,13994,15531,0.998893613261232,0.9977896720000515,0.9989511486660948,0.9988360844835845,0.9978640733152765,0.998893613261232,0.9708025237435529,0.9676992668850414,0.0010488513339052025,0.5,2.25
HistoKit (no postprocessing),gaussian,cbd7b0be-5303-525e-8ff2-6d1502e77bdd_110516_5.png,4502265,503228,137567,154415,0.9685923064478377,0.9390974223897934,0.9703508661520504,0.9668401092623929,0.9448827979367529,0.9685923064478378,0.7853182375018531,0.7651993558815345,0.029649133847949666,0.5,2.25
HistoKit (no postprocessing),gaussian,1875292b-dccd-c5b5-17ad-67c30baa6d69_130951_13.png,11304651,337907,53833,1367436,0.9408557957278668,0.8883169939776456,0.9952605470941368,0.8920907029757609,0.8912057699478109,0.9408557957278668,0.8625797722979527,0.19814606211184496,0.004739452905863141,0.5,2.25
HistoKit (no postprocessing),gaussian,6f1702fd-ae84-1c96-04ae-a23a14a5d2d4_111419_3.png,4529857,345165,16289,88433,0.9885730011099428,0.977404204351679,0.9964169650512764,0.9808515706029721,0.9789704049043485,0.9885730011099428,0.9549347911490812,0.7960484135074424,0.0035830349487236002,0.5,2.25
HistoKit (no postprocessing),gaussian,1875292b-dccd-c5b5-17ad-67c30baa6d69_130951_12.png,6906763,277081,9064,1274452,0.9149822859338935,0.8432878782273473,0.9986893830629366,0.8442221601559181,0.8484160352223125,0.9149822859338935,0.9683237519439445,0.17858530885259932,0.0013106169370633476,0.5,2.25
HistoKit (no postprocessing),gaussian,e398b039-2e70-a00a-855c-e3ff4eba631e_115619_3.png,16844101,537763,24810,3967726,0.8940430519168706,0.8083886569603339,0.9985292470865488,0.8093523456638382,0.8132094468148814,0.8940430519168706,0.9558990566557585,0.11935729950733427,0.0014707529134512596,0.5,2.25
HistoKit (no postprocessing),gaussian,04e13be9-17d6-1bd0-76ee-d5d53a64912e_105258_3.png,9355642,317108,351,1500399,0.9257496796215562,0.8617634661681339,0.9999624839394387,0.8617913289015765,0.8656866693515908,0.9257496796215561,0.9988943454115334,0.1744741560830302,3.7516060561396316e-05,0.5,2.25
HistoKit (no postprocessing),gaussian,b91bdd22-8eea-af27-bee7-880d6f1d7c1e_121440_1.png,5201057,1315676,68916,554463,0.9434602153391236,0.892971783018991,0.9869228931533426,0.9036641346046925,0.9126933863222314,0.9434602153391236,0.9502264927140992,0.7035177599098249,0.013077106846657468,0.5,2.25
HistoKit (no postprocessing),gaussian,b91bdd22-8eea-af27-bee7-880d6f1d7c1e_121440_2.png,9176520,1019894,4058,1736363,0.9133837122435005,0.8405761284227881,0.9995579799006119,0.8408887000804462,0.8541974484861355,0.9133837122435005,0.996036923605794,0.37002862940574843,0.00044202009938807774,0.5,2.25
HistoKit (no postprocessing),gaussian,b1a83861-bd20-5668-5a83-92a470ead44d_110338_3.png,841555,1700970,45657,95489,0.9226281837636823,0.8563693330931789,0.9485387934338129,0.8980955003180213,0.9474056246089778,0.9226281837636822,0.9738599025435883,0.9468459898055007,0.051461206566187113,0.5,2.25
HistoKit (no postprocessing),gaussian,3e1fffa8-5bae-87b0-bc39-e4a1bc285608_122517_3.png,10406873,494030,14700,1704821,0.9236896718083534,0.8582001376501539,0.9985894643735643,0.8592417377783818,0.8637509326152591,0.9236896718083535,0.9711045151652153,0.22467643328265535,0.0014105356264356638,0.5,2.25
HistoKit (no postprocessing),gaussian,c74350c8-f970-c60d-af8a-f9c4d9c5bab2_124242_5.png,0,5546738,5554126,1850,0.0,0.0,0.0,0.0,0.4995839755937152,,0.4996672331090625,0.9996665818402808,1.0,0.5,2.25
HistoKit (no postprocessing),gaussian,0504f20c-cba2-27c1-e181-78505aa24ca7_112258_4.png,9950054,1327398,448307,127601,0.9718740208056098,0.9452869010927457,0.95688676321201,0.9873382250136564,0.9514139450754892,0.9718740208056098,0.7475329517008737,0.9123016579392839,0.04311323678798995,0.5,2.25
HistoKit (no postprocessing),gaussian,c74350c8-f970-c60d-af8a-f9c4d9c5bab2_124242_4.png,0,2724209,913169,1278,0.0,0.0,0.0,0.0,0.7486855036584937,,0.7489485558003595,0.9995310929753105,1.0,0.5,2.25
HistoKit (no postprocessing),gaussian,5fe08b37-e6eb-942a-a4ce-507361c4911e_102333_2.png,9055426,70859,12125,133000,0.9920505487052268,0.9842264881744582,0.9986628142483014,0.9855252684192047,0.9843470410649513,0.9920505487052267,0.8538874963848453,0.34758828405908004,0.0013371857516985568,0.5,2.25
HistoKit (no postprocessing),gaussian,cbd7b0be-5303-525e-8ff2-6d1502e77bdd_110516_4.png,3244880,341310,927,73353,0.9886837983924535,0.9776208438279564,0.9997144007638162,0.9778939574164924,0.9797075238972045,0.9886837983924535,0.997291350730634,0.823102133539766,0.00028559923618379034,0.5,2.25
HistoKit (no postprocessing),gaussian,7e6be544-b3c1-c3b1-a8a1-838402bd2649_124526_4.png,4614317,475268,17326,76449,0.9899409047597032,0.9800821649194621,0.996259210824323,0.98370223541315,0.9819084532040993,0.9899409047597032,0.9648270177874679,0.8614343948074829,0.003740789175676968,0.5,2.25
HistoKit (no postprocessing),gaussian,66e65946-ef0a-6028-f7a7-e909aade97a4_112429_3.png,4704407,168728,13620,3683,0.9981643554816899,0.9963354377968998,0.997113200072827,0.9992177294826564,0.9964618711043878,0.9981643554816898,0.9253076534977077,0.9786382539397138,0.0028867999271729476,0.5,2.25
HistoKit (no postprocessing),gaussian,24aa9d72-799e-9634-ead4-94165f32d151_102546_6.png,8291048,118295,2872,33109,0.99783482769998,0.9956790110854664,0.9996537222447287,0.996022540180345,0.995739535866238,0.99783482769998,0.9762971766239983,0.7813201764814668,0.0003462777552713313,0.5,2.25
HistoKit (no postprocessing),gaussian,0f3058e5-e9f7-bd55-4b60-07a71af55b96_123333_3.png,30526679,1533791,99801,602558,0.9886268181454358,0.977509425682597,0.9967413493160168,0.9806433418204243,0.9785623213428852,0.9886268181454358,0.9389070220716066,0.7179496421230801,0.003258650683983272,0.5,2.25
HistoKit (no postprocessing),gaussian,def4a0a8-b472-78ea-531c-84458df3a3e9_124843_6.png,16587561,7857625,2124476,12837,0.9394742107135914,0.8858570156466741,0.8864647392477901,0.9992267052874274,0.9195969874766101,0.9394742107135914,0.7871714581930197,0.9983689648714396,0.11353526075220993,0.5,2.25
HistoKit (no postprocessing),gaussian,84acf623-2a5d-c4c6-c1db-583a94b80fc7_105804_1.png,45373021,3740505,50750,803884,0.990670003352377,0.9815124950638314,0.9988827435749444,0.9825912109094362,0.9828964284456342,0.990670003352377,0.9866139312707797,0.823104052051882,0.0011172564250555067,0.5,2.25
HistoKit (no postprocessing),gaussian,9e7010fd-072a-6a7f-3911-83d91e8c9301_113642_6.png,6895825,1652087,26186,990702,0.9313309659603128,0.8714868086331452,0.9962169953211574,0.8743804465514414,0.8936843425894948,0.9313309659603128,0.9843970557829388,0.6251301182198049,0.003783004678842608,0.5,2.25
HistoKit (no postprocessing),gaussian,969ce636-2f0f-f223-bb1c-2b4624598a38_125938_4.png,14513885,767875,73366,4994894,0.8513533687059754,0.7411795285960756,0.9949705396856474,0.7439668571774789,0.750945699316266,0.8513533687059754,0.9127883686125616,0.13324757594829847,0.005029460314352581,0.5,2.25
HistoKit (no postprocessing),gaussian,b91bdd22-8eea-af27-bee7-880d6f1d7c1e_121440_4.png,6392430,257465,18294,314002,0.9746670695995382,0.9505859420889416,0.9971463441570718,0.9531789780318357,0.9524080621684511,0.9746670695995383,0.9336594635170565,0.45053345162537817,0.0028536558429281935,0.5,2.25
HistoKit (no postprocessing),gaussian,35ce6eab-4a33-9fbb-2efe-2acf7936ba3e_104917_2.png,7241954,4901153,489111,158082,0.9572276333361333,0.9179641347790832,0.9367343309104244,0.978637671492409,0.9493997013361688,0.9572276333361333,0.9092602885498744,0.9687537740389605,0.06326566908957562,0.5,2.25
HistoKit (no postprocessing),gaussian,859ead5f-592a-5c4e-67de-d71b0ee92f6d_113334_2.png,12736324,604648,35430,272342,0.9880617926317725,0.9764052641133583,0.9972259096127282,0.9790645712634947,0.9774505258505838,0.9880617926317724,0.944647371101647,0.6894582606415125,0.0027740903872717874,0.5,2.25
HistoKit (no postprocessing),gaussian,1875292b-dccd-c5b5-17ad-67c30baa6d69_130951_4.png,3880529,150251,2828,177027,0.9773508411438332,0.9557049284008606,0.9992717640948283,0.956371027288348,0.9572855400669971,0.9773508411438332,0.9815258787946093,0.4590928812813571,0.0007282359051717368,0.5,2.25
HistoKit (no postprocessing),gaussian,d9d9ce51-54c1-b32b-5fae-fd9ffdaa32e5_111717_3.png,10684534,733554,28455,1238207,0.9440414777875509,0.8940137874067164,0.9973438785384733,0.896147454683449,0.9001429275310905,0.9440414777875509,0.9626579213631336,0.3720298758318072,0.0026561214615267504,0.5,2.25
HistoKit (no postprocessing),gaussian,6b809376-ab46-9021-2fa3-0d0025b512da_132412_1.png,3742198,439578,7440,77497,0.9887787999286066,0.9778066360345271,0.9980158084593767,0.979711207308437,0.9800931068014184,0.9887787999286067,0.9833563749110774,0.8501242566358845,0.0019841915406233882,0.5,2.25
HistoKit (no postprocessing),gaussian,c38dfb82-e376-0eab-4312-72ca49852e8b_104329_5.png,2615207,527641,2511,76719,0.9850780956312702,0.9705949703036293,0.9990407675693104,0.9715003309897821,0.9754102787083366,0.9850780956312702,0.9952636225082618,0.8730574492024621,0.0009592324306896312,0.5,2.25
HistoKit (no postprocessing),gaussian,cbd7b0be-5303-525e-8ff2-6d1502e77bdd_110516_2.png,9595793,749731,30294,39282,0.9963877568757274,0.9928015164242565,0.9968529268434827,0.995923020837928,0.9933196992827721,0.9963877568757274,0.9611627832441267,0.9502137480624527,0.0031470731565172846,0.5,2.25
HistoKit (no postprocessing),gaussian,e3dca99c-de77-4ab1-72a1-8daf3d4d032c_120923_2.png,9148289,1283619,23925,173863,0.9893054998478996,0.9788373239381615,0.9973915785218269,0.9813494781033393,0.9813928827315476,0.9893054998478996,0.9817023365944091,0.8807100190602697,0.0026084214781730997,0.5,2.25
HistoKit (no postprocessing),gaussian,8e6bc805-8b70-bd59-8612-caf5bbe72e5e_125634_1.png,64593862,1025680,145043,87773,0.9982010892552295,0.9964086390482634,0.9977595697672057,0.9986429996706174,0.9964645761052322,0.9982010892552295,0.8761081827212757,0.9211704490445488,0.0022404302327943297,0.5,2.25
HistoKit (no postprocessing),gaussian,24aa9d72-799e-9634-ead4-94165f32d151_102546_7.png,10990831,591918,16969,66802,0.9962035188704432,0.9924357552533265,0.9984584567306819,0.9939587432500246,0.9928195383027673,0.9962035188704431,0.9721311179250008,0.8985881709982997,0.00154154326931812,0.5,2.25
HistoKit (no postprocessing),gaussian,7e6be544-b3c1-c3b1-a8a1-838402bd2649_124526_3.png,50306772,508371,40736,50561,0.999093419947905,0.9981884821817281,0.9991909033511649,0.9989959555642075,0.9982065726851063,0.999093419947905,0.92581409452074,0.9095399798186542,0.000809096648835132,0.5,2.25
HistoKit (no postprocessing),gaussian,b0f43f79-08e2-79bc-61fa-379c7ef1dd21_131900_4.png,12968992,196444,11294,563602,0.9783163503927148,0.9575531043966105,0.9991299113132022,0.9583522567809246,0.958159962947038,0.9783163503927148,0.9456334421242142,0.2584633035368912,0.0008700886867978101,0.5,2.25
HistoKit (no postprocessing),gaussian,19a1c0fb-3d0a-327d-ea5a-6aae35f53e51_121144_3.png,24686466,1520970,39521,165839,0.9958578645670165,0.9917499021566357,0.9984016411559223,0.9933270173531188,0.9922249806495306,0.9958578645670165,0.9746739968381747,0.9016847787745975,0.0015983588440776904,0.5,2.25
HistoKit (no postprocessing),gaussian,7ea29210-064a-9e70-4612-3ab81fa629dc_120503_4.png,2782644,176166,5017,503780,0.9162347909191261,0.8454181618324619,0.9982002833199589,0.8467087630810876,0.8532714347387117,0.9162347909191261,0.9723097641610968,0.2590882217117242,0.001799716680041081,0.5,2.25
HistoKit (no postprocessing),gaussian,859ead5f-592a-5c4e-67de-d71b0ee92f6d_113334_1.png,20281709,373321,8437,318173,0.9920124779567282,0.9841515457908042,0.9995841823908019,0.9845546202643297,0.9844335333177007,0.9920124779567282,0.9778996117959545,0.5398759786780507,0.0004158176091980807,0.5,2.25
HistoKit (no postprocessing),gaussian,7ea29210-064a-9e70-4612-3ab81fa629dc_120503_1.png,8674742,156701,4432,1111645,0.9395589985053798,0.8860077997560776,0.9994893523277676,0.8864090496319019,0.8878034927298463,0.9395589985053797,0.9724947714000236,0.12354751779088671,0.0005106476722324037,0.5,2.25
HistoKit (no postprocessing),gaussian,5fe08b37-e6eb-942a-a4ce-507361c4911e_102333_3.png,13274197,1659537,23165,1902096,0.9323844796180891,0.8733335754472298,0.998257925143348,0.8746666264284697,0.8858021489418557,0.932384479618089,0.9862334507238952,0.46594834448130956,0.0017420748566520186,0.5,2.25
HistoKit (no postprocessing),gaussian,f761dbde-597d-9a8f-e1a1-2533f0d71b83_120113_5.png,3493649,655566,542427,30565,0.924210314683696,0.8590994385784239,0.8656053553005444,0.9913271441518591,0.8786601265044078,0.924210314683696,0.5472202258276968,0.9554531131810107,0.1343946446994556,0.5,2.25
HistoKit (no postprocessing),gaussian,969ce636-2f0f-f223-bb1c-2b4624598a38_125938_5.png,12777919,272354,8475,1610037,0.9404397161293646,0.8875754692256713,0.9993371860745102,0.8880982816461213,0.8896628452867773,0.9404397161293646,0.9698214927945475,0.1446851371473833,0.0006628139254898606,0.5,2.25
HistoKit (no postprocessing),gaussian,969ce636-2f0f-f223-bb1c-2b4624598a38_125938_2.png,4378126,330449,4627,1413302,0.8606345808080277,0.7553630874793286,0.9989442708726683,0.7559665768097263,0.7685582185207094,0.8606345808080276,0.9861911924458928,0.1895046941908564,0.001055729127331611,0.5,2.25
HistoKit (no postprocessing),gaussian,a40a1d35-8d5f-0529-214c-05d84888ba26_111152_2.png,2762669,3931795,0,119616,0.9788101019069421,0.958499593204697,1.0,0.958499593204697,0.9824457593688363,0.978810101906942,1.0,0.9704754713851544,0.0,0.5,2.25
HistoKit (no postprocessing),gaussian,9e7010fd-072a-6a7f-3911-83d91e8c9301_113642_2.png,2589904,922946,9228,446278,0.9191693666049487,0.8504286779120053,0.9964495839380224,0.8530134227790034,0.8852154393406236,0.9191693666049489,0.9901005606249477,0.6740650178495264,0.0035504160619776143,0.5,2.25
HistoKit (no postprocessing),gaussian,04e13be9-17d6-1bd0-76ee-d5d53a64912e_105258_1.png,14184134,264160,47008,714156,0.9738695900421265,0.9490700018159558,0.9966968216605526,0.9520645657991622,0.9499545611684519,0.9738695900421265,0.8489304812834224,0.2700150053765859,0.0033031783394473894,0.5,2.25
HistoKit (no postprocessing),gaussian,2125a939-8f92-6ca7-9a29-e1755d6267ed_103351_3.png,10205900,2438478,403030,717488,0.9479611066490844,0.9010704001918347,0.962010306411674,0.9343163494695967,0.9185959705035185,0.9479611066490844,0.8581633414370116,0.7726566129039413,0.03798969358832606,0.5,2.25
HistoKit (no postprocessing),gaussian,40f80889-968b-7602-00a3-4e00b00e88fe_110004_1.png,8549678,908569,84183,3102345,0.8429189479738719,0.728487383401416,0.9902496692962743,0.7337505255525156,0.7479964649430298,0.8429189479738719,0.915202386900253,0.22652417877820366,0.009750330703725715,0.5,2.25
HistoKit (no postprocessing),gaussian,f9a50b4c-7c73-18cd-0877-8296eed330e2_114604_2.png,8534446,1665320,31692,2245508,0.8822914726136938,0.7893752718133761,0.996300316431979,0.7916959571441585,0.8174876808993469,0.8822914726136939,0.9813248226883488,0.42582286922360174,0.003699683568020968,0.5,2.25
HistoKit (no postprocessing),gaussian,c38dfb82-e376-0eab-4312-72ca49852e8b_104329_2.png,5766157,752349,15617,61368,0.993368677988223,0.9868247254644847,0.9972989259005973,0.9894692858460495,0.9883276317108157,0.9933686779882229,0.9796644643122222,0.9245831167346878,0.002701074099402709,0.5,2.25
HistoKit (no postprocessing),gaussian,0f3058e5-e9f7-bd55-4b60-07a71af55b96_123333_2.png,15230277,836604,38580,94767,0.9956413861704004,0.9913206024828517,0.9974732882756057,0.9938162004624587,0.9917688195499471,0.9956413861704004,0.9559178412768058,0.8982499991947355,0.0025267117243943015,0.5,2.25
HistoKit (no postprocessing),gaussian,7d4546a5-f4cc-3733-763f-d1c5a5904dff_120251_3.png,2814839,450561,10166,232014,0.9587558145990588,0.9207790334309338,0.9964014222983676,0.923851265551702,0.9309552454968953,0.9587558145990587,0.9779348724949916,0.6600900999890122,0.0035985777016323867,0.5,2.25
HistoKit (no postprocessing),gaussian,0502ebf6-5b9d-c3a6-85fe-a3909acf1f7b_112628_1.png,7696635,2945943,386922,65679,0.971437291140386,0.9444609286072952,0.9521346852629357,0.9915387344547,0.9592074179244877,0.971437291140386,0.8839070889459969,0.9781914861825289,0.04786531473706439,0.5,2.25
HistoKit (no postprocessing),gaussian,c0272a60-2518-4785-1810-6431c15f4b4b_130712_2.png,17010801,1508343,72096,282399,0.9896877472739269,0.9795860087844169,0.9957796385472558,0.9836699396294497,0.9812174536134765,0.989687747273927,0.9543822950458701,0.8423005659106672,0.004220361452744227,0.5,2.25
HistoKit (no postprocessing),gaussian,7ea29210-064a-9e70-4612-3ab81fa629dc_120503_3.png,3774628,234510,4139,671796,0.9178213612303957,0.8481237092925097,0.9989046691685409,0.8489131940633642,0.8557258339411147,0.9178213612303957,0.9826565374252564,0.25875366598036426,0.0010953308314590447,0.5,2.25
HistoKit (no postprocessing),gaussian,c38dfb82-e376-0eab-4312-72ca49852e8b_104329_4.png,5026637,146070,5734,27179,0.9967368243321287,0.9934948760265241,0.9988605768533362,0.9946220835899051,0.9936774101836092,0.9967368243321287,0.9622276092856579,0.8431217496204885,0.0011394231466638689,0.5,2.25
HistoKit (no postprocessing),gaussian,228e0715-eef2-126e-c558-f7684e2bcfa8_110725_12.png,2013906,6105704,462934,331824,0.8352003185023753,0.7170334365377987,0.8130949112578931,0.8585412643398856,0.9108452780948688,0.8352003185023753,0.9295235937800196,0.9484547484686668,0.18690508874210687,0.5,2.25
HistoKit (no postprocessing),gaussian,7e6be544-b3c1-c3b1-a8a1-838402bd2649_124526_2.png,49841462,1369947,78875,102911,0.9981796772853995,0.9963659696787381,0.9984199826215115,0.9979394875975317,0.9964628390976665,0.9981796772853994,0.9455592198351488,0.9301283626799053,0.0015800173784884506,0.5,2.25
HistoKit (no postprocessing),gaussian,5fe08b37-e6eb-942a-a4ce-507361c4911e_102333_4.png,4951423,517527,11161,2344089,0.8078616777026383,0.6776576699135161,0.9977509700591466,0.6786943808741593,0.6989788093351397,0.8078616777026383,0.978889250370729,0.18085130919033163,0.002249029940853394,0.5,2.25
HistoKit (no postprocessing),gaussian,be2180cd-04c9-2627-2456-4397fd5e59ee_103647_6.png,3751714,359981,10396,86636,0.9872334042939507,0.9747886714270051,0.9972366570887082,0.977428843122696,0.9769450477543448,0.9872334042939507,0.9719313024296865,0.8060172362449257,0.002763342911291802,0.5,2.25
HistoKit (no postprocessing),gaussian,228e0715-eef2-126e-c558-f7684e2bcfa8_110725_1.png,7450566,563050,18341,2533642,0.8537806574929461,0.7448667334696386,0.9975443528751932,0.7462350543979052,0.7584630081077277,0.8537806574929462,0.9684532440302653,0.1818230550535862,0.0024556471248068827,0.5,2.25
HistoKit (no postprocessing),gaussian,0f3058e5-e9f7-bd55-4b60-07a71af55b96_123333_1.png,18632402,802830,34943,266825,0.9919671137414401,0.9840622535870334,0.9981281215941528,0.9858816977011811,0.9847105436489841,0.9919671137414401,0.95829061094115,0.7505504111138638,0.001871878405847216,0.5,2.25
HistoKit (no postprocessing),gaussian,6f1702fd-ae84-1c96-04ae-a23a14a5d2d4_111419_1.png,2930697,787330,1033,73562,0.9874334335862145,0.9751787846239234,0.9996476483168641,0.9755140951562432,0.9803315489917002,0.9874334335862145,0.9986896899017331,0.914551418761006,0.0003523516831358959,0.5,2.25
HistoKit (no postprocessing),gaussian,9e7010fd-072a-6a7f-3911-83d91e8c9301_113642_4.png,6739370,218431,44219,1108860,0.9211937353790394,0.8539009881470251,0.9934814741871891,0.8587120917710108,0.857835524628647,0.9211937353790393,0.8316428707405292,0.16456903572765882,0.006518525812810888,0.5,2.25
HistoKit (no postprocessing),gaussian,deaaef3a-8172-327d-10b9-23d266fb17ca_123636_5.png,2293228,163711,4,531453,0.8961574766902055,0.8118526490564435,0.9999982557368814,0.8118537987121378,0.8221597806984081,0.8961574766902056,0.9999755672968268,0.23549982450184417,1.744263118602915e-06,0.5,2.25
HistoKit (no postprocessing),gaussian,9e7010fd-072a-6a7f-3911-83d91e8c9301_113642_7.png,2950019,3466262,143008,374456,0.9193667567224755,0.8507666800385179,0.9537643867964942,0.8873638694831515,0.925370200375122,0.9193667567224755,0.9603775832786131,0.9025036464536058,0.04623561320350582,0.5,2.25
HistoKit (no postprocessing),gaussian,f761dbde-597d-9a8f-e1a1-2533f0d71b83_120113_2.png,3064383,463120,22269,42332,0.9895693247307966,0.9793540011709871,0.9927853868852077,0.9863740317344848,0.9820158325037359,0.9895693247307967,0.954121333610774,0.9162492185212443,0.007214613114792338,0.5,2.25
HistoKit (no postprocessing),gaussian,3e1fffa8-5bae-87b0-bc39-e4a1bc285608_122517_5.png,5058059,1786472,210306,595078,0.9262570294818423,0.862643160341117,0.960081353512902,0.8947349055931246,0.8947198759724782,0.9262570294818423,0.8946773251708502,0.7501299573806974,0.03991864648709799,0.5,2.25
HistoKit (no postprocessing),gaussian,7e3642ed-4a56-9d3f-3ecf-de46d455c0fd_113100_2.png,2186838,1256715,381,138958,0.9691250749221972,0.9400995710988459,0.9998258061949901,0.9402535734002466,0.9611099078621405,0.9691250749221972,0.9996969205215831,0.9004365635790046,0.00017419380500992355,0.5,2.25
HistoKit (no postprocessing),gaussian,8e6bc805-8b70-bd59-8612-caf5bbe72e5e_125634_3.png,31230314,393282,25762,85527,0.9982214225592609,0.9964491605614428,0.999175776255471,0.9972688902079941,0.9964931651713879,0.9982214225592609,0.938521969053369,0.8213755380537959,0.0008242237445289037,0.5,2.25
HistoKit (no postprocessing),gaussian,54b22c23-34e4-1c55-9de2-c8e205e762bc_131621_2.png,20974589,1717621,76668,327957,0.9904465485661347,0.98107390664596,0.9963580322068178,0.9846047979429313,0.9824813659533871,0.9904465485661346,0.9572710973538823,0.8396751431624705,0.003641967793182136,0.5,2.25
HistoKit (no postprocessing),gaussian,1875292b-dccd-c5b5-17ad-67c30baa6d69_130951_1.png,9696689,349592,6453,2227947,0.8966884161655442,0.8127245551516714,0.9993349576869018,0.8131643599016356,0.8180556925141204,0.8966884161655442,0.9818758864750242,0.13563014953410987,0.0006650423130981697,0.5,2.25
HistoKit (no postprocessing),gaussian,be2180cd-04c9-2627-2456-4397fd5e59ee_103647_1.png,28912398,455483,8643,50136,0.9989845305857491,0.9979711214356255,0.9997011518361321,0.9982689359984869,0.9980025256009346,0.9989845305857491,0.9813779016904892,0.9008423338521693,0.0002988481638679604,0.5,2.25
HistoKit (no postprocessing),gaussian,7d4546a5-f4cc-3733-763f-d1c5a5904dff_120251_1.png,6389274,932024,29300,383018,0.9687421583996078,0.9393791924008379,0.9954351231285953,0.9434433719042239,0.9466849659977946,0.9687421583996078,0.969521202008896,0.7087408615086058,0.00456487687140477,0.5,2.25
HistoKit (no postprocessing),gaussian,f761dbde-597d-9a8f-e1a1-2533f0d71b83_120113_3.png,10031263,14826250,286520,98107,0.9811892149484087,0.9630730547269605,0.9722304685027782,0.9903146000195471,0.9847625042884637,0.9811892149484087,0.9810411989330877,0.9934263834616125,0.027769531497221837,0.5,2.25
HistoKit (no postprocessing),gaussian,9601a588-d18f-b3b2-00f0-b816a7730c15_114312_2.png,5462143,423575,19112,51650,0.9935641936260761,0.9872106967316446,0.9965132072855578,0.9906325826885413,0.9881201649296228,0.9935641936260761,0.9568272842888994,0.8913146404334789,0.003486792714442222,0.5,2.25
HistoKit (no postprocessing),gaussian,f9a50b4c-7c73-18cd-0877-8296eed330e2_114604_5.png,4876391,3216639,417285,1155125,0.861158203763786,0.7561701779912265,0.9211729240701546,0.808485130438185,0.8373162525451505,0.861158203763786,0.8851695852747609,0.7357759933976308,0.07882707592984535,0.5,2.25
HistoKit (no postprocessing),gaussian,6f1702fd-ae84-1c96-04ae-a23a14a5d2d4_111419_2.png,6375017,565727,14472,243820,0.9801441015546505,0.9610613646974685,0.997735030140908,0.9631627127243049,0.9641213073528178,0.9801441015546504,0.9750568339483522,0.6988192161789247,0.0022649698590920184,0.5,2.25
HistoKit (no postprocessing),gaussian,1c7a4a4c-ace6-25f8-ee0c-f8914aeab226_121941_3.png,7005156,3811596,586177,132299,0.9512196115525595,0.9069769248457202,0.9227833899527264,0.9814641213149505,0.937714625146551,0.9512196115525595,0.866710491878503,0.9664547357371329,0.07721661004727365,0.5,2.25
HistoKit (no postprocessing),constant,2125a939-8f92-6ca7-9a29-e1755d6267ed_103351_7.png,711122,337278,8090,1655960,0.46082583188769444,0.29939810674763767,0.9887515781160492,0.3004213626735365,0.3865140371251083,0.4608258318876945,0.9765757105464317,0.16921110273835838,0.011248421883950768,0.75,
HistoKit (no postprocessing),gaussian,9601a588-d18f-b3b2-00f0-b816a7730c15_114312_1.png,9486901,1022157,338738,72102,0.9788059021157058,0.9584915386248236,0.9655250920576259,0.9924571631581244,0.9623769379530834,0.9788059021157058,0.7510917447709045,0.9341088352940209,0.034474907942374025,0.5,2.25
HistoKit (no postprocessing),constant,228e0715-eef2-126e-c558-f7684e2bcfa8_110725_2.png,2752593,185025,61284,741604,0.8727205800058782,0.7741830149000937,0.9782207964314005,0.7877612510113197,0.7853531046334373,0.8727205800058782,0.7511905776890004,0.19967538248856878,0.02177920356859948,0.75,
HistoKit (no postprocessing),constant,be2180cd-04c9-2627-2456-4397fd5e59ee_103647_4.png,4400675,437798,26803,446848,0.9489325122444731,0.9028273857760026,0.9939462149783692,0.907819313080103,0.9108358539823243,0.9489325122444732,0.9423096377321616,0.49488495963357093,0.006053785021630825,0.75,
HistoKit (no postprocessing),gaussian,54b22c23-34e4-1c55-9de2-c8e205e762bc_131621_1.png,26127325,1339684,133225,165014,0.9943249742178779,0.9887139967949218,0.9949268008476593,0.9937238752322493,0.9892585508330414,0.9943249742178779,0.9095497413621615,0.890334140139749,0.005073199152340679,0.5,2.25
HistoKit (no postprocessing),constant,39bcf904-a619-148a-5bca-38122a540be1_104536_1.png,1647467,912183,1513,358153,0.9015853992228972,0.8208060950619616,0.9990824630984002,0.8214252949212713,0.876797852647675,0.9015853992228972,0.9983440881868806,0.7180643546274371,0.0009175369015997769,0.75,
HistoKit (no postprocessing),gaussian,be2180cd-04c9-2627-2456-4397fd5e59ee_103647_3.png,21838139,1445591,44972,239997,0.9935177225523197,0.9871189436854894,0.9979448991507651,0.9891296529743272,0.987909005923492,0.9935177225523197,0.969828849904365,0.8576182317387167,0.0020551008492348277,0.5,2.25
HistoKit (no postprocessing),constant,9e7010fd-072a-6a7f-3911-83d91e8c9301_113642_3.png,3200303,270992,3659,569372,0.9178289606987,0.848136687608359,0.9988579764678857,0.8489599236008409,0.858312361565314,0.9178289606986999,0.9866776381662546,0.32246978690186634,0.001142023532114301,0.75,
HistoKit (no postprocessing),constant,c74350c8-f970-c60d-af8a-f9c4d9c5bab2_124242_3.png,304694,1907231,1520105,21974,0.28324301511480304,0.16498725073411838,0.16697400645221747,0.9327329276207036,0.5892175394592014,0.28324301511480304,0.5564762252665043,0.9886098159604604,0.8330259935477825,0.75,
HistoKit (no postprocessing),gaussian,332605c9-e7e2-297a-c808-98d567218fe3_115336_3.png,9074321,268126,28855,166274,0.9893626561299745,0.9789492364703407,0.9968302271646731,0.9820061370506986,0.9795410280347963,0.9893626561299745,0.9028389021519895,0.6172329650092081,0.0031697728353269235,0.5,2.25
HistoKit (no postprocessing),gaussian,10fd35f3-17d4-d309-f849-cc9e883460c1_123055_2.png,4871166,3703062,3604479,98783,0.724574310365165,0.5681039015080656,0.5747251094164515,0.9801239409096552,0.6983697807939571,0.724574310365165,0.506745292294631,0.9740170890712273,0.4252748905835485,0.5,2.25
HistoKit (no postprocessing),gaussian,969ce636-2f0f-f223-bb1c-2b4624598a38_125938_1.png,21694985,769377,145871,2512517,0.9422696461836924,0.8908410756900081,0.9933211866787639,0.8962091586318985,0.8941840363813675,0.9422696461836924,0.8406213397898712,0.23443078905046902,0.0066788133212361276,0.5,2.25
HistoKit (no postprocessing),constant,332605c9-e7e2-297a-c808-98d567218fe3_115336_2.png,5436464,467993,13875,191524,0.9814593846164678,0.9635937632657865,0.9974542867883998,0.96596936596169,0.9663823500913933,0.9814593846164679,0.9712058073995368,0.7095996009200672,0.0025457132116002324,0.75,
HistoKit (no postprocessing),constant,0502ebf6-5b9d-c3a6-85fe-a3909acf1f7b_112628_8.png,4019966,94832,584,43583,0.9945365587432811,0.9891324914809628,0.9998547462411859,0.9892746463743884,0.9893802905290139,0.9945365587432811,0.9938794332187474,0.685128056930246,0.0001452537588140926,0.75,
HistoKit (no postprocessing),constant,3e1fffa8-5bae-87b0-bc39-e4a1bc285608_122517_10.png,3454950,1756182,251668,1775080,0.7732093733578854,0.6302700367659801,0.9321030653819735,0.6605985051710984,0.7199804362603415,0.7732093733578854,0.8746579674776502,0.49732418608418183,0.06789693461802646,0.75,
HistoKit (no postprocessing),constant,def4a0a8-b472-78ea-531c-84458df3a3e9_124843_7.png,11428997,165106,59975,327928,0.9833130552028171,0.9671738780898543,0.994779776641461,0.9721076727120399,0.96762620549514,0.9833130552028171,0.7335403699112764,0.3348775135183375,0.005220223358538954,0.75,
HistoKit (no postprocessing),constant,b91bdd22-8eea-af27-bee7-880d6f1d7c1e_121440_5.png,2793461,762106,349510,5207063,0.5013617361518985,0.33454486532629685,0.8887963013339926,0.3491597550360451,0.3902010943642218,0.5013617361518985,0.6855838706891588,0.1276737180669537,0.11120369866600742,0.75,
HistoKit (no postprocessing),constant,04e13be9-17d6-1bd0-76ee-d5d53a64912e_105258_2.png,3237253,117689,4683,932727,0.8735266292818213,0.7754525335338446,0.9985554927672847,0.7763233876421469,0.7816092436035069,0.8735266292818212,0.9617314418330991,0.11204037257619838,0.0014445072327152664,0.75,
HistoKit (no postprocessing),gaussian,7e6be544-b3c1-c3b1-a8a1-838402bd2649_124526_1.png,51757578,2599973,147611,268408,0.9959971683183607,0.9920262541990348,0.9971561417491419,0.9948408858603852,0.9924047492248542,0.9959971683183606,0.9462760738161236,0.9064252621949455,0.0028438582508581176,0.5,2.25
HistoKit (no postprocessing),constant,d9d9ce51-54c1-b32b-5fae-fd9ffdaa32e5_111717_1.png,7474876,300415,7285,573434,0.9626077663710263,0.9279110978146244,0.9990263508096123,0.9287510048693453,0.930502835683538,0.9626077663710263,0.9763243418914527,0.34378365140888184,0.0009736491903876434,0.75,
HistoKit (no postprocessing),constant,cd7afea3-2dfd-f8a4-f2e6-1e02af01c417_132555_3.png,0,4000268,2482,106110,0.0,0.0,0.0,0.0,0.9735712582078727,,0.9993799263006683,0.9741597096029639,1.0,0.75,
HistoKit (no postprocessing),constant,be2180cd-04c9-2627-2456-4397fd5e59ee_103647_5.png,4979798,479879,16127,94332,0.9890309437237433,0.9782999168804247,0.9967719691548612,0.9814092268034126,0.9801694249476135,0.9890309437237433,0.9674862804078983,0.8357189256214179,0.003228030845138788,0.75,
HistoKit (no postprocessing),constant,19a1c0fb-3d0a-327d-ea5a-6aae35f53e51_121144_1.png,6536885,59594,4183,20486,0.998116645807947,0.9962403723264337,0.9993605019853027,0.9968758821180013,0.9962742110582636,0.998116645807947,0.9344120921335277,0.7441808191808191,0.0006394980146972941,0.75,
HistoKit (no postprocessing),constant,0504f20c-cba2-27c1-e181-78505aa24ca7_112258_3.png,3523601,2213851,2652469,58301,0.7221994488198983,0.5651894954599269,0.5705247835597719,0.9837234519537386,0.6791313012371124,0.7221994488198983,0.45493329661838927,0.9743410652104261,0.4294752164402282,0.75,
HistoKit (no postprocessing),constant,b0f43f79-08e2-79bc-61fa-379c7ef1dd21_131900_10.png,5074983,182035,4357,349705,0.9662927402706847,0.9347837418919902,0.9991422113896687,0.9355345413413638,0.9368994917199541,0.9662927402706847,0.97662453324177,0.3423383608530485,0.0008577886103312636,0.75,
HistoKit (no postprocessing),gaussian,def4a0a8-b472-78ea-531c-84458df3a3e9_124843_8.png,29535746,642175,180585,1733014,0.9686218554630016,0.9391529775898353,0.9939230384800869,0.9445768236412317,0.940370571415751,0.9686218554630016,0.7805131508580874,0.27036795808670383,0.006076961519913074,0.5,2.25
HistoKit (no postprocessing),constant,cbd7b0be-5303-525e-8ff2-6d1502e77bdd_110516_1.png,11667190,482461,18817,49092,0.997098189839464,0.9942131719553452,0.9983897836104325,0.9958099335608344,0.9944416888478551,0.997098189839464,0.9624619472627963,0.9076442048111854,0.0016102163895674545,0.75,
HistoKit (no postprocessing),constant,d9d9ce51-54c1-b32b-5fae-fd9ffdaa32e5_111717_2.png,6655878,751538,5059,1725030,0.8849815963400767,0.7936923672606868,0.9992404972453576,0.7941714668625405,0.8106606781610516,0.8849815963400767,0.9933134812852813,0.3034594648723556,0.0007595027546424775,0.75,
HistoKit (no postprocessing),constant,c0272a60-2518-4785-1810-6431c15f4b4b_130712_1.png,8109205,224254,49284,16207,0.995978175008556,0.9919885705841538,0.9939591755287039,0.9980053934495875,0.9922024776906637,0.9959781750085559,0.8198275925099986,0.9326002969296476,0.006040824471296094,0.75,
HistoKit (no postprocessing),constant,6f1702fd-ae84-1c96-04ae-a23a14a5d2d4_111419_5.png,2297375,936145,24498,237513,0.9460523175836736,0.897627399696646,0.9894490353262215,0.9063023691776521,0.9250440061896176,0.9460523175836735,0.9744983308055125,0.7976301443861841,0.010550964673778454,0.75,
HistoKit (no postprocessing),constant,e398b039-2e70-a00a-855c-e3ff4eba631e_115619_4.png,4976851,186310,517,603666,0.942774239348127,0.8917435371294996,0.9998961298421174,0.891826151591331,0.8952406861806752,0.942774239348127,0.9972327340266663,0.23584260787669498,0.00010387015788263998,0.75,
HistoKit (no postprocessing),constant,2125a939-8f92-6ca7-9a29-e1755d6267ed_103351_8.png,6674753,209012,0,1491185,0.8995205142402062,0.8173896250498106,1.0,0.8173896250498106,0.8219469966984877,0.8995205142402063,1.0,0.12293398941416789,0.0,0.75,
HistoKit (no postprocessing),constant,deaaef3a-8172-327d-10b9-23d266fb17ca_123636_1.png,3652464,3744379,341958,77721,0.9456698573791521,0.8969390318561995,0.9143911184146292,0.9791643041833046,0.9463087291253066,0.9456698573791521,0.9163167403961053,0.9796653672065095,0.0856088815853708,0.75,
HistoKit (no postprocessing),constant,04e13be9-17d6-1bd0-76ee-d5d53a64912e_105258_4.png,8067516,382019,35011,662198,0.9585789557076803,0.9204528379384408,0.9956790023655583,0.9241443648669361,0.9237751707055538,0.9585789557076803,0.9160468071841354,0.36584254039150865,0.0043209976344417,0.75,
HistoKit (no postprocessing),constant,8e6bc805-8b70-bd59-8612-caf5bbe72e5e_125634_2.png,7187395,1488244,220563,48871,0.9816013467152647,0.9638674830816155,0.970226208085953,0.9932463787262658,0.9698790607969325,0.9816013467152647,0.8709257394193727,0.9682060223210365,0.02977379191404703,0.75,
HistoKit (no postprocessing),constant,7ea29210-064a-9e70-4612-3ab81fa629dc_120503_2.png,8493992,49294,19566,293853,0.9818847639119209,0.9644141734727719,0.9977017834376649,0.9665614266068644,0.9646122344596552,0.9818847639119209,0.7158582631426081,0.14365272026274453,0.0022982165623350427,0.75,
HistoKit (no postprocessing),constant,0502ebf6-5b9d-c3a6-85fe-a3909acf1f7b_112628_7.png,5127529,904420,414,106947,0.989639388254808,0.9794912596062191,0.9999192658732751,0.9795687285604137,0.9825125299097129,0.989639388254808,0.9995424575115436,0.894255003376618,8.073412672488754e-05,0.75,
HistoKit (no postprocessing),constant,f4c75e72-7c5b-0601-d74f-78529d4dec70_114117_1.png,4377146,8458207,10313872,164201,0.45518541271445295,0.2946537509813891,0.29794708576355977,0.9638431064615851,0.5505562760273844,0.45518541271445295,0.450573801655107,0.9809564799067731,0.7020529142364402,0.75,
HistoKit (no postprocessing),constant,9e7010fd-072a-6a7f-3911-83d91e8c9301_113642_1.png,8241615,273218,72599,54935,0.9923222074553585,0.9847614136156496,0.9912680861955201,0.993378573021316,0.9852431631288049,0.9923222074553585,0.7900652657330323,0.832593332987966,0.008731913804479895,0.75,
HistoKit (no postprocessing),constant,24aa9d72-799e-9634-ead4-94165f32d151_102546_1.png,6282004,406143,23313,55748,0.9937466923576862,0.9875711064106404,0.9963026442603916,0.991203821165612,0.9883170430109434,0.9937466923576861,0.9457150441488767,0.879304857639573,0.0036973557396083336,0.75,
HistoKit (no postprocessing),gaussian,e16fa7c2-3d43-e563-886f-5b0ebdd4e8c5_105048_1.png,42035294,451953,999217,37149,0.9878227812030496,0.9759385637795246,0.9767810304618078,0.9991170229881825,0.976188419835458,0.9878227812030496,0.31144042393379134,0.9240465179042409,0.023218969538192268,0.5,2.25
HistoKit (no postprocessing),constant,e398b039-2e70-a00a-855c-e3ff4eba631e_115619_1.png,14679288,374257,2565,1551754,0.9497193970347972,0.9042530104369287,0.999825294531964,0.9043959100099673,0.9064106618406799,0.9497193970347974,0.9931930725913031,0.19431716641286056,0.00017470546803594888,0.75,
HistoKit (no postprocessing),constant,b91bdd22-8eea-af27-bee7-880d6f1d7c1e_121440_6.png,5770942,406822,101381,529553,0.9481686163384682,0.9014454513020871,0.9827357929732408,0.915950572137586,0.9073341187992183,0.9481686163384682,0.8005108194953592,0.43446482445601387,0.017264207026759258,0.75,
HistoKit (no postprocessing),constant,b1a83861-bd20-5668-5a83-92a470ead44d_110338_5.png,2710570,2334170,0,163968,0.9706419284998608,0.9429584858505958,1.0,0.9429584858505958,0.968520408515893,0.9706419284998608,1.0,0.9343639142433284,0.0,0.75,
HistoKit (no postprocessing),constant,d9d9ce51-54c1-b32b-5fae-fd9ffdaa32e5_111717_5.png,8908334,227241,4683,1155586,0.9388589950000888,0.8847636558914876,0.9994745886830464,0.8851753591046033,0.88730705321487,0.9388589950000887,0.9798080405650127,0.16433075142443704,0.0005254113169536196,0.75,
HistoKit (no postprocessing),constant,0502ebf6-5b9d-c3a6-85fe-a3909acf1f7b_112628_2.png,8343044,2877759,286093,343509,0.9636397972012666,0.929830955105105,0.9668456996336945,0.9604550850032229,0.9468708453424166,0.9636397972012666,0.9095744680851063,0.8933621791170433,0.03315430036630546,0.75,
HistoKit (no postprocessing),constant,40f80889-968b-7602-00a3-4e00b00e88fe_110004_3.png,21454177,8999941,132020,818119,0.9783362597524726,0.9575912516141979,0.9938840547040315,0.9632674152678287,0.9697448979608083,0.9783362597524726,0.9855430832435662,0.9166720309307541,0.00611594529596853,0.75,
HistoKit (no postprocessing),constant,59c3e1ff-f1eb-ac9b-3a83-925048a454e4_130514_4.png,1782380,1074285,70,67585,0.9813746501982841,0.9634304215866186,0.99996072821117,0.9634668764003643,0.9768647070088089,0.9813746501982841,0.9999348446277069,0.94081200136618,3.9271788829981204e-05,0.75,
HistoKit (no postprocessing),constant,2125a939-8f92-6ca7-9a29-e1755d6267ed_103351_5.png,4155110,952381,2752,37829,0.99514046616606,0.9903279340637812,0.9993381213710315,0.9909779274155909,0.9921172431154809,0.9951404661660601,0.9971187258737788,0.9617969925571344,0.0006618786289684458,0.75,
HistoKit (no postprocessing),constant,6247d1f0-d194-53f2-2d84-7b4b827443da_115125_1.png,2665979,453364,247408,11609,0.9536723022370874,0.9114470583891396,0.9150789098736282,0.9956643815254624,0.923330550918197,0.9536723022370873,0.6469493644152449,0.97503295890299,0.08492109012637182,0.75,
HistoKit (no postprocessing),constant,0e99786b-efbd-e936-5e70-bad7ef5912da_122209_3.png,9735854,1758987,58177,189162,0.9874568481935257,0.975224459749501,0.9940599534553239,0.980940887148192,0.9789358534786555,0.9874568481935257,0.9679847278506508,0.90290167743843,0.005940046544676038,0.75,
HistoKit (no postprocessing),constant,7e3642ed-4a56-9d3f-3ecf-de46d455c0fd_113100_1.png,568584,1943607,1715163,85846,0.3870318227935213,0.2399500673744394,0.24896978518198382,0.8688232507678437,0.5824425020866179,0.3870318227935213,0.5312186882476898,0.9576999319521073,0.7510302148180161,0.75,
HistoKit (no postprocessing),constant,66e65946-ef0a-6028-f7a7-e909aade97a4_112429_4.png,9086866,974248,20005,44289,0.9964747281312133,0.9929742240328002,0.9978033069755792,0.995149682597656,0.9936502311808078,0.9964747281312133,0.979879366720543,0.9565170435634641,0.0021966930244207918,0.75,
HistoKit (no postprocessing),constant,0e99786b-efbd-e936-5e70-bad7ef5912da_122209_4.png,5242986,252595,12811,26095,0.9963034250848324,0.9926340788490184,0.9975625009870054,0.9950475234675649,0.9929702608389901,0.9963034250848324,0.9517305562044566,0.9063654957120815,0.0024374990129946037,0.75,
HistoKit (no postprocessing),constant,728c532f-2f31-cf1c-4143-7abb9ca2b76d_102101_5.png,4846973,1822222,596221,58296,0.9367522500684401,0.8810291393786047,0.89046486309325,0.9881156364717205,0.9106304289409524,0.93675225006844,0.7534690708029919,0.9690000308425657,0.10953513690674997,0.75,
HistoKit (no postprocessing),constant,59c3e1ff-f1eb-ac9b-3a83-925048a454e4_130514_1.png,4976537,708663,119363,86558,0.9797301800030417,0.9602657657814111,0.9765766596675759,0.9829041327488424,0.9650455320812457,0.9797301800030416,0.8558463140046327,0.8911522708781584,0.023423340332424106,0.75,
HistoKit (no postprocessing),constant,0502ebf6-5b9d-c3a6-85fe-a3909acf1f7b_112628_5.png,2743855,843935,226,10472,0.9980543459124895,0.9961162482624223,0.9999176409151188,0.9961979823020287,0.9970270847089111,0.9980543459124895,0.9997322785582371,0.9877435461085876,8.235908488124075e-05,0.75,
HistoKit (no postprocessing),constant,228e0715-eef2-126e-c558-f7684e2bcfa8_110725_7.png,7322487,366254,1099,1911269,0.8845003020412334,0.7929184594668784,0.9998499369024956,0.7930128324811702,0.800818009669508,0.8845003020412335,0.99700832714038,0.16081242648263047,0.00015006309750441928,0.75,
HistoKit (no postprocessing),constant,f761dbde-597d-9a8f-e1a1-2533f0d71b83_120113_1.png,9236859,1001270,7901,134210,0.9923661202517492,0.9848479097384895,0.9991453536922538,0.9856782614662212,0.9863094687598746,0.9923661202517493,0.9921708015787215,0.8818032902384895,0.000854646307746226,0.75,
HistoKit (no postprocessing),constant,c38dfb82-e376-0eab-4312-72ca49852e8b_104329_1.png,3499008,810370,42620,91740,0.9811619578104127,0.9630205363178186,0.9879659862639442,0.9744510057514479,0.9697641940186392,0.9811619578104127,0.9500345842272477,0.8983050847457628,0.012034013736055848,0.75,
HistoKit (no postprocessing),constant,7d4546a5-f4cc-3733-763f-d1c5a5904dff_120251_4.png,3280963,261195,5452,173926,0.9733912014648798,0.9481617563124559,0.9983410494414126,0.9496580063787867,0.9518000094584602,0.9733912014648797,0.9795534920700402,0.6002813010633824,0.001658950558587397,0.75,
HistoKit (no postprocessing),constant,59c3e1ff-f1eb-ac9b-3a83-925048a454e4_130514_3.png,2347885,409527,2952,69724,0.9847589759850484,0.9699755552535135,0.9987442770383484,0.9711599352914387,0.9743202331517606,0.9847589759850482,0.9928432720211211,0.8545146489000545,0.0012557229616515309,0.75,
HistoKit (no postprocessing),constant,c0272a60-2518-4785-1810-6431c15f4b4b_130712_3.png,33266242,2115571,172617,327169,0.9925440985364213,0.9851985551868878,0.9948378322358428,0.9902609175352869,0.9860712450412257,0.9925440985364213,0.9245617055941208,0.8660647469644743,0.005162167764157264,0.75,
HistoKit (no postprocessing),constant,7e3642ed-4a56-9d3f-3ecf-de46d455c0fd_113100_4.png,8181751,3779195,820,82138,0.9949558750028882,0.989962381010632,0.9998997869984874,0.9900606118983447,0.9931120341045562,0.9949558750028882,0.9997830696439035,0.9787280713681001,0.00010021300151260526,0.75,
HistoKit (no postprocessing),constant,7e3642ed-4a56-9d3f-3ecf-de46d455c0fd_113100_3.png,3810368,1520250,33573,123721,0.9797771415126967,0.9603559980663675,0.9912659949775504,0.9685515503080891,0.9713380972581193,0.9797771415126968,0.9783932919000426,0.9247425897415466,0.008734005022449616,0.75,
HistoKit (no postprocessing),constant,3e1fffa8-5bae-87b0-bc39-e4a1bc285608_122517_7.png,3430066,351973,22,2756451,0.7133631879441861,0.5544402128556856,0.9999935861703839,0.554442184511899,0.5784250300374152,0.7133631879441861,0.9999374991122033,0.1132319786489874,6.413829616033175e-06,0.75,
HistoKit (no postprocessing),constant,b0f43f79-08e2-79bc-61fa-379c7ef1dd21_131900_5.png,7350147,151714,19068,499112,0.9659505939951667,0.9341435606323937,0.9974124788054087,0.936412851200349,0.9353893577352036,0.9659505939951667,0.8883488892272019,0.23310992492617075,0.002587521194591283,0.75,
HistoKit (no postprocessing),constant,66e65946-ef0a-6028-f7a7-e909aade97a4_112429_5.png,13327520,464474,14814,16232,0.9988366222007978,0.9976759481519198,0.9988896995083469,0.998783550533613,0.9977540396323819,0.9988366222007979,0.9690916526180501,0.9662329989640237,0.0011103004916531095,0.75,
HistoKit (no postprocessing),constant,cbd7b0be-5303-525e-8ff2-6d1502e77bdd_110516_5.png,4553960,507765,133030,102720,0.9747690147447416,0.9507799010796061,0.9716171786157001,0.9779413659517081,0.9554976663410398,0.9747690147447416,0.7923985049820925,0.8317403376004324,0.028382821384299945,0.75,
HistoKit (no postprocessing),constant,1875292b-dccd-c5b5-17ad-67c30baa6d69_130951_13.png,11348281,336756,54984,1323806,0.9427302246712738,0.8916647828868087,0.9951782230790919,0.8955337033276366,0.8944574204787005,0.9427302246712738,0.859641599019758,0.20279640266367652,0.0048217769209081785,0.75,
HistoKit (no postprocessing),constant,1875292b-dccd-c5b5-17ad-67c30baa6d69_130951_12.png,6991679,284981,1164,1189536,0.9215305490462736,0.8544799745892974,0.9998335440964427,0.8546015475696458,0.8593776572627123,0.9215305490462735,0.9959321323105419,0.19327074560686652,0.00016645590355739433,0.75,
HistoKit (no postprocessing),constant,6f1702fd-ae84-1c96-04ae-a23a14a5d2d4_111419_3.png,4559894,345653,15801,58396,0.9919298323849778,0.983988877214539,0.9965467540996504,0.9873554930504581,0.9851002380845281,0.9919298323849778,0.9562848937900812,0.8554729748124609,0.003453245900349564,0.75,
HistoKit (no postprocessing),constant,e398b039-2e70-a00a-855c-e3ff4eba631e_115619_3.png,17375928,535663,26910,3435899,0.909385336754882,0.8338282689589105,0.9984537004826454,0.83490642123827,0.8379926921925294,0.9093853367548819,0.9521662077632592,0.13487464126205256,0.0015462995173545831,0.75,
HistoKit (no postprocessing),constant,04e13be9-17d6-1bd0-76ee-d5d53a64912e_105258_3.png,9265479,317457,2,1590562,0.9209521029274028,0.8534858419407514,0.9999997841450433,0.853485999177785,0.8576485434286482,0.9209521029274028,0.9999936999738549,0.16638041864362985,2.1585495669355968e-07,0.75,
HistoKit (no postprocessing),constant,b91bdd22-8eea-af27-bee7-880d6f1d7c1e_121440_1.png,5241524,1314606,69986,513996,0.9472322746030326,0.8997542874387221,0.9868237092653501,0.9106951239853219,0.9182110868849116,0.9472322746030326,0.949453701884743,0.7189131369209921,0.013176290734649845,0.75,
HistoKit (no postprocessing),constant,b91bdd22-8eea-af27-bee7-880d6f1d7c1e_121440_2.png,8783838,1020958,2994,2129045,0.8917731043317124,0.8046845892455549,0.9996592628606078,0.8049053581899486,0.8213899245486764,0.8917731043317124,0.9970760348141319,0.32411334211427734,0.0003407371393922178,0.75,
HistoKit (no postprocessing),constant,b1a83861-bd20-5668-5a83-92a470ead44d_110338_3.png,837668,1690905,55722,99376,0.9152670896628887,0.8437718455305682,0.9376285832615096,0.8939473493240445,0.9422067757187822,0.9152670896628887,0.9680973670966955,0.9444913954848428,0.06237141673849047,0.75,
HistoKit (no postprocessing),constant,3e1fffa8-5bae-87b0-bc39-e4a1bc285608_122517_3.png,10462314,507512,1218,1649380,0.9268845414880896,0.8637323543669764,0.999883595711276,0.8638192147192623,0.8692121595914686,0.9268845414880897,0.9976058026851179,0.23529782668765983,0.00011640428872392229,0.75,
HistoKit (no postprocessing),constant,c74350c8-f970-c60d-af8a-f9c4d9c5bab2_124242_5.png,0,5529283,5571581,1850,0.0,0.0,0.0,0.0,0.4980118374660466,,0.49809483297876633,0.9996655296482656,1.0,0.75,
HistoKit (no postprocessing),constant,c74350c8-f970-c60d-af8a-f9c4d9c5bab2_124242_4.png,0,2717123,920255,1278,0.0,0.0,0.0,0.0,0.7467380813135399,,0.7470004492246888,0.9995298706850093,1.0,0.75,
HistoKit (no postprocessing),constant,0504f20c-cba2-27c1-e181-78505aa24ca7_112258_4.png,9940933,1328556,447149,136722,0.9714708050826608,0.944524287578182,0.9569555765924835,0.9864331533476786,0.9507421524361025,0.9714708050826608,0.7481850870499323,0.9066921089376896,0.04304442340751642,0.75,
HistoKit (no postprocessing),constant,5fe08b37-e6eb-942a-a4ce-507361c4911e_102333_2.png,9010687,70153,12831,177739,0.9895359880307122,0.9792886993592288,0.9985780490491625,0.9806562081470754,0.979445413372939,0.9895359880307122,0.8453798322568206,0.2829982411695416,0.001421950950837578,0.75,
HistoKit (no postprocessing),constant,cbd7b0be-5303-525e-8ff2-6d1502e77bdd_110516_4.png,3250312,341314,923,67921,0.9895206126279936,0.9792585826035294,0.999716107879006,0.979530973261974,0.9811925790950342,0.9895206126279935,0.9973030385376216,0.8340293474409569,0.00028389212099402225,0.75,
HistoKit (no postprocessing),constant,7e6be544-b3c1-c3b1-a8a1-838402bd2649_124526_4.png,4621433,474725,17869,69333,0.9906536586871607,0.9814804078039602,0.9961483430050468,0.9852192584324181,0.9831765495740215,0.9906536586871607,0.9637246901099079,0.8725632193626415,0.00385165699495312,0.75,
HistoKit (no postprocessing),constant,66e65946-ef0a-6028-f7a7-e909aade97a4_112429_3.png,4702312,171659,10689,5778,0.9982521132637399,0.9965103260822344,0.997732018304261,0.9987727507333123,0.9966328169378693,0.9982521132637399,0.9413813148485314,0.9674363295141374,0.0022679816957390845,0.75,
HistoKit (no postprocessing),constant,0f3058e5-e9f7-bd55-4b60-07a71af55b96_123333_3.png,30753306,1531001,102591,375931,0.992280052181544,0.984678386420417,0.9966751574261478,0.9879235395329478,0.985394362617465,0.9922800521815441,0.9371991292807507,0.8028608256613241,0.0033248425738522528,0.75,
HistoKit (no postprocessing),constant,24aa9d72-799e-9634-ead4-94165f32d151_102546_6.png,8299134,117717,3450,25023,0.9982875176801034,0.996580890524733,0.9995844667154226,0.996993929835778,0.9966285485317082,0.9982875176801034,0.9715269008888558,0.8246952501050862,0.00041553328457742797,0.75,
HistoKit (no postprocessing),constant,def4a0a8-b472-78ea-531c-84458df3a3e9_124843_6.png,16587720,7836208,2145893,12678,0.9389095395934529,0.8848534358076485,0.8854522616646345,0.9992362833710372,0.9187972883963994,0.9389095395934528,0.7850259178904321,0.9983847389298303,0.11454773833536543,0.75,
HistoKit (no postprocessing),constant,84acf623-2a5d-c4c6-c1db-583a94b80fc7_105804_1.png,45294638,3743993,47262,882267,0.989843300510753,0.9798908436792382,0.998957652855306,0.9808937606364048,0.9813975739751073,0.989843300510753,0.9875339432457062,0.8092915227419125,0.0010423471446939806,0.75,
HistoKit (no postprocessing),constant,b91bdd22-8eea-af27-bee7-880d6f1d7c1e_121440_4.png,6470554,248645,27114,235878,0.9800825501170091,0.9609430157601953,0.9958271182830517,0.9648280933885559,0.9623338863116176,0.9800825501170091,0.9016750133268543,0.513174813166764,0.004172881716948296,0.75,
HistoKit (no postprocessing),constant,9e7010fd-072a-6a7f-3911-83d91e8c9301_113642_6.png,6853770,1654706,23567,1032757,0.928452063768672,0.8664587298204042,0.9965732375772773,0.8690479345344282,0.8895613081298093,0.928452063768672,0.9859575885448911,0.615713034932946,0.0034267624227226324,0.75,
HistoKit (no postprocessing),constant,1875292b-dccd-c5b5-17ad-67c30baa6d69_130951_4.png,3888605,151218,1861,168951,0.97850886673439,0.9579220365880126,0.9995216511338231,0.9583613879882372,0.959433197130599,0.9785088667343901,0.9878428785137086,0.4723068129644032,0.0004783488661769567,0.75,
HistoKit (no postprocessing),constant,969ce636-2f0f-f223-bb1c-2b4624598a38_125938_4.png,14800983,760318,80923,4707796,0.8607553469784042,0.7555491655768934,0.9945623228637515,0.7586832061606726,0.7646823442925363,0.8607553469784043,0.9038052115862161,0.13904574776604878,0.005437677136248542,0.75,
HistoKit (no postprocessing),constant,35ce6eab-4a33-9fbb-2efe-2acf7936ba3e_104917_2.png,7227358,4907638,482626,172678,0.9566311626324783,0.9168676774419606,0.9374024641296272,0.976665248655547,0.9487655488925201,0.9566311626324783,0.9104633836116376,0.9660103820313539,0.06259753587037276,0.75,
HistoKit (no postprocessing),constant,859ead5f-592a-5c4e-67de-d71b0ee92f6d_113334_2.png,12782552,604252,35826,226114,0.989857917925102,0.9799194939902605,0.9972051066055315,0.9826182023583356,0.980808490510189,0.9898579179251021,0.9440286965026138,0.7276935712685731,0.002794893394468473,0.75,
HistoKit (no postprocessing),constant,d9d9ce51-54c1-b32b-5fae-fd9ffdaa32e5_111717_3.png,10905985,736983,25026,1016756,0.9544152750060472,0.912805296588057,0.9977105502867026,0.9147212876636337,0.9178713021541615,0.9544152750060471,0.967157868214155,0.4202352801642662,0.002289449713297334,0.75,
HistoKit (no postprocessing),constant,6b809376-ab46-9021-2fa3-0d0025b512da_132412_1.png,3757478,440237,6781,62217,0.9909021072648911,0.9819682653177493,0.9981985830411776,0.9837115267056663,0.9838287693594577,0.9909021072648911,0.9848305884774214,0.8761737392875766,0.0018014169588224402,0.75,
HistoKit (no postprocessing),constant,c38dfb82-e376-0eab-4312-72ca49852e8b_104329_5.png,2625026,527721,2431,66900,0.9869663455329312,0.974268072122588,0.999074770776458,0.9751479052544535,0.9784825196658802,0.9869663455329312,0.9954145226274729,0.8874913600427835,0.0009252292235420028,0.75,
HistoKit (no postprocessing),constant,cbd7b0be-5303-525e-8ff2-6d1502e77bdd_110516_2.png,9597586,748598,31427,37489,0.9964225661759851,0.9928706371756816,0.9967362179280472,0.996109111760936,0.9933830688135495,0.9964225661759851,0.9597102656966123,0.95230934998289,0.0032637820719527534,0.75,
HistoKit (no postprocessing),constant,8e6bc805-8b70-bd59-8612-caf5bbe72e5e_125634_1.png,64585347,1028833,141890,96288,0.9981594924960013,0.996325747481335,0.9978078780035057,0.998511354884582,0.9963831515342245,0.9981594924960013,0.8788013902520067,0.9144198712849552,0.002192121996494304,0.75,
HistoKit (no postprocessing),constant,e3dca99c-de77-4ab1-72a1-8daf3d4d032c_120923_2.png,9144418,1301264,6280,177734,0.9900386783847647,0.9802738552416955,0.999313713554966,0.9809342306368743,0.9826886864873652,0.9900386783847646,0.9951971023537257,0.8798280998351586,0.0006862864450340291,0.75,
HistoKit (no postprocessing),constant,7e6be544-b3c1-c3b1-a8a1-838402bd2649_124526_3.png,50307601,507962,41145,49732,0.999097601645279,0.9981968304677772,0.9991827999052846,0.999012417913395,0.9982148231147179,0.999097601645279,0.9250692487985037,0.9108256499083727,0.0008172000947153678,0.75,
HistoKit (no postprocessing),constant,b0f43f79-08e2-79bc-61fa-379c7ef1dd21_131900_4.png,12994295,194947,12791,538299,0.979235243228253,0.9593152944711427,0.9990166129446673,0.9602220387310814,0.9598925266143497,0.979235243228253,0.9384272497087678,0.2658684807008835,0.0009833870553327625,0.75,
HistoKit (no postprocessing),constant,7ea29210-064a-9e70-4612-3ab81fa629dc_120503_4.png,2693371,176155,5028,593053,0.9000670529437546,0.8182926562501899,0.9981366728938159,0.8195445870648461,0.8275234188880113,0.9000670529437546,0.9722490520633834,0.22900827864504789,0.0018633271061840742,0.75,
HistoKit (no postprocessing),constant,24aa9d72-799e-9634-ead4-94165f32d151_102546_7.png,10985490,598372,10515,72143,0.9962519562532042,0.9925319032596962,0.999043743614158,0.9934757284854724,0.9929149395020966,0.9962519562532041,0.9827307858436787,0.8924065829996346,0.0009562563858419489,0.75,
HistoKit (no postprocessing),constant,859ead5f-592a-5c4e-67de-d71b0ee92f6d_113334_1.png,20312747,371735,10023,287135,0.9927385449017332,0.9855817870096927,0.999506809357189,0.9860613279241114,0.9858372367460313,0.9927385449017332,0.9737451474494313,0.5642008286915476,0.0004931906428109948,0.75,
HistoKit (no postprocessing),constant,19a1c0fb-3d0a-327d-ea5a-6aae35f53e51_121144_3.png,24686220,1522039,38452,166085,0.9958743551467448,0.9917826123166925,0.9984447923110972,0.993317118874889,0.9922561397892143,0.9958743551467448,0.9753590376362311,0.9016156396094126,0.0015552076889028092,0.75,
HistoKit (no postprocessing),constant,7ea29210-064a-9e70-4612-3ab81fa629dc_120503_1.png,8784079,156219,4914,1002308,0.9457765063218088,0.8971309328556032,0.9994408915788191,0.8975814056811773,0.898746421218555,0.9457765063218087,0.9695034536687085,0.13484277880446463,0.0005591084211809021,0.75,
HistoKit (no postprocessing),constant,f761dbde-597d-9a8f-e1a1-2533f0d71b83_120113_5.png,3490803,655608,542385,33411,0.9238103252943274,0.8584084636818137,0.8655195344228932,0.9905195881975385,0.8780663363550136,0.9238103252943273,0.5472552844632648,0.9515093197720237,0.13448046557710674,0.75,
HistoKit (no postprocessing),constant,5fe08b37-e6eb-942a-a4ce-507361c4911e_102333_3.png,13370102,1660943,21759,1806191,0.9360144166122879,0.8797247173519344,0.9983752071500742,0.8809860220806227,0.8915742011905218,0.9360144166122879,0.9870690116253502,0.4790535929675634,0.001624792849925787,0.75,
HistoKit (no postprocessing),constant,969ce636-2f0f-f223-bb1c-2b4624598a38_125938_5.png,12930749,271087,9742,1457207,0.9463215381393608,0.898112253778347,0.9992471692148311,0.8987203602791112,0.8999951938759754,0.9463215381393607,0.965309850478405,0.1568523642389547,0.0007528307851688163,0.75,
HistoKit (no postprocessing),constant,969ce636-2f0f-f223-bb1c-2b4624598a38_125938_2.png,4319814,330204,4872,1471614,0.8540461287802806,0.745270948708659,0.9988734442223088,0.7458979029006317,0.7590002389617309,0.8540461287802805,0.9854600150413637,0.18326157247846342,0.0011265557776911433,0.75,
HistoKit (no postprocessing),constant,a40a1d35-8d5f-0529-214c-05d84888ba26_111152_2.png,2755978,3931795,0,126307,0.9775982425793192,0.9561781711385238,1.0,0.9561781711385238,0.9814638219686297,0.9775982425793192,1.0,0.9688753510877746,0.0,0.75,
HistoKit (no postprocessing),constant,9e7010fd-072a-6a7f-3911-83d91e8c9301_113642_2.png,2596262,923023,9151,439920,0.9203999932643162,0.8525379654704428,0.9964876969601365,0.8551075001432721,0.8868370176466023,0.9203999932643162,0.9901831632291825,0.6772278811366286,0.0035123030398635457,0.75,
HistoKit (no postprocessing),constant,04e13be9-17d6-1bd0-76ee-d5d53a64912e_105258_1.png,14153505,262771,48397,744785,0.9727430664374997,0.9469325878035715,0.9965922170143126,0.9500086922727373,0.9478494236941251,0.9727430664374999,0.8444666546688605,0.2608003922362628,0.00340778298568741,0.75,
HistoKit (no postprocessing),constant,2125a939-8f92-6ca7-9a29-e1755d6267ed_103351_3.png,10160073,2452525,388983,763315,0.9463359643643733,0.8981382417532098,0.9631262740476494,0.9301210393698366,0.9162871989733885,0.9463359643643733,0.8631068432677297,0.7626389994527091,0.03687372595235062,0.75,
HistoKit (no postprocessing),constant,40f80889-968b-7602-00a3-4e00b00e88fe_110004_1.png,8404083,909608,83144,3247940,0.8345974154946187,0.7161451558380039,0.9902036318811787,0.7212552704367302,0.7365643912208798,0.8345974154946189,0.9162489725530646,0.21878472599715024,0.009796368118821378,0.75,
HistoKit (no postprocessing),constant,f9a50b4c-7c73-18cd-0877-8296eed330e2_114604_2.png,8596838,1662289,34723,2183116,0.8857462181596851,0.7949232325662615,0.9959772050501642,0.7974837369435899,0.8222453279106475,0.885746218159685,0.9795387422127834,0.4322793047806408,0.004022794949835841,0.75,
HistoKit (no postprocessing),constant,c38dfb82-e376-0eab-4312-72ca49852e8b_104329_2.png,5766737,751220,16746,60788,0.9933223713221109,0.9867333325234233,0.9971045129725461,0.9895688135186035,0.9882443930254775,0.9933223713221109,0.9781943471455767,0.925138668584546,0.0028954870274538716,0.75,
HistoKit (no postprocessing),constant,0f3058e5-e9f7-bd55-4b60-07a71af55b96_123333_2.png,15231718,839523,35661,93326,0.995783694544234,0.9916027942727889,0.9976642356228924,0.9939102295562741,0.9920379515646323,0.995783694544234,0.9592531399111501,0.8999559414224596,0.002335764377107557,0.75,
HistoKit (no postprocessing),constant,0502ebf6-5b9d-c3a6-85fe-a3909acf1f7b_112628_1.png,7697384,2952126,380739,64930,0.9718651070043081,0.9452700356979133,0.9528678877506569,0.9916352262997864,0.9598321937843455,0.971865107004308,0.8857622495960682,0.978479020608169,0.04713211224934307,0.75,
HistoKit (no postprocessing),constant,c0272a60-2518-4785-1810-6431c15f4b4b_130712_2.png,17033537,1507832,72607,259663,0.9903408041734749,0.9808664233110502,0.9957555016489982,0.9849846760576412,0.982395021966882,0.9903408041734749,0.9540589671603903,0.853089824865134,0.004244498351001839,0.75,
HistoKit (no postprocessing),constant,7d4546a5-f4cc-3733-763f-d1c5a5904dff_120251_3.png,2840994,447648,13079,205859,0.9628976875832709,0.9284500439879056,0.9954174262536383,0.932435532662718,0.9375814664241443,0.962897687583271,0.9716122562819197,0.6849934277674149,0.004582573746361778,0.75,
HistoKit (no postprocessing),constant,c38dfb82-e376-0eab-4312-72ca49852e8b_104329_4.png,5027699,146201,5603,26117,0.9968553951683722,0.9937305054196934,0.9988868142622874,0.9948322218299993,0.993906585574821,0.9968553951683721,0.9630905641485072,0.8484371917037106,0.0011131857377125393,0.75,
HistoKit (no postprocessing),constant,7ea29210-064a-9e70-4612-3ab81fa629dc_120503_3.png,3747358,234128,4521,699066,0.9141789465454009,0.8419241307183082,0.9987950037834376,0.8427801757097388,0.849823684710996,0.9141789465454008,0.9810558602801605,0.25088888269748844,0.001204996216562421,0.75,
HistoKit (no postprocessing),constant,228e0715-eef2-126e-c558-f7684e2bcfa8_110725_12.png,2096353,6101970,466668,249377,0.854128881257167,0.7453969886196762,0.8179226779647923,0.8936889582347499,0.9196751805624358,0.854128881257167,0.9289551349914549,0.9607363603342725,0.18207732203520768,0.75,
HistoKit (no postprocessing),constant,5fe08b37-e6eb-942a-a4ce-507361c4911e_102333_4.png,4683507,515950,12738,2612005,0.7811210650782867,0.6408520507645469,0.9972876202157256,0.6419709816117086,0.664535287952762,0.7811210650782866,0.975906394697818,0.1649480251474206,0.0027123797842744574,0.75,
HistoKit (no postprocessing),constant,7e6be544-b3c1-c3b1-a8a1-838402bd2649_124526_2.png,49837247,1382710,66112,107126,0.998264978116879,0.9965359664078443,0.9986751993989021,0.9978550937059516,0.9966291646199463,0.9982649781168791,0.954368445537133,0.9280954413774402,0.0013248006010978138,0.75,
HistoKit (no postprocessing),constant,be2180cd-04c9-2627-2456-4397fd5e59ee_103647_6.png,3760799,361127,9250,77551,0.9885914237673392,0.9774402224763489,0.9975464509877723,0.979795745567757,0.9793759490696355,0.9885914237673391,0.9750254470444979,0.8232165734319934,0.0024535490122276926,0.75,
HistoKit (no postprocessing),constant,6f1702fd-ae84-1c96-04ae-a23a14a5d2d4_111419_1.png,2938854,787393,970,65405,0.9888334331805259,0.977913496775121,0.9996700482749987,0.9782292405548256,0.9824989149986474,0.9888334331805259,0.9987696023278616,0.9233054017481279,0.00032995172500122457,0.75,
HistoKit (no postprocessing),constant,228e0715-eef2-126e-c558-f7684e2bcfa8_110725_1.png,7601983,562148,19243,2382225,0.8635950695677255,0.759936046070501,0.9974750781567165,0.7614007039917438,0.7727087692803787,0.8635950695677255,0.9669017924254073,0.19092282125939886,0.0025249218432834824,0.75,
HistoKit (no postprocessing),constant,9e7010fd-072a-6a7f-3911-83d91e8c9301_113642_4.png,6835143,216834,45816,1013087,0.9281085333347274,0.8658605485704036,0.9933416257821039,0.8709152254712209,0.8694465951906575,0.9281085333347273,0.8255625356938892,0.1762991281553856,0.006658374217896081,0.75,
HistoKit (no postprocessing),constant,0f3058e5-e9f7-bd55-4b60-07a71af55b96_123333_1.png,18677097,809693,28080,222130,0.993346258060625,0.9867804754263245,0.9984988113183852,0.9882466092396266,0.9873227947509753,0.9933462580606249,0.966482567473528,0.7847208290569215,0.001501188681614721,0.75,
HistoKit (no postprocessing),constant,deaaef3a-8172-327d-10b9-23d266fb17ca_123636_5.png,2348673,163286,429,476008,0.9079132232642922,0.8313563011705739,0.9998173770232199,0.8314825638718142,0.8405709952763958,0.9079132232642922,0.9973795925846746,0.2554161309194205,0.00018262297678006318,0.75,
HistoKit (no postprocessing),constant,9e7010fd-072a-6a7f-3911-83d91e8c9301_113642_7.png,2814288,3472387,136883,510187,0.896891889695499,0.8130589208050713,0.953617394586759,0.8465360696049752,0.9066781371394534,0.896891889695499,0.9620746023434101,0.871895161270073,0.046382605413241046,0.75,
HistoKit (no postprocessing),constant,f761dbde-597d-9a8f-e1a1-2533f0d71b83_120113_2.png,3076249,463094,22295,30466,0.9914973734375955,0.98313811716805,0.9928046850391667,0.9901935002084195,0.9853119508789278,0.9914973734375954,0.954067768326023,0.9382729556690169,0.007195314960833217,0.75,
HistoKit (no postprocessing),constant,3e1fffa8-5bae-87b0-bc39-e4a1bc285608_122517_5.png,5075421,1810949,185829,577716,0.930042337696107,0.8692328401980761,0.9646796863863151,0.8978061207432263,0.9001890870682877,0.930042337696107,0.9069355732084388,0.7581427282603462,0.03532031361368496,0.75,
HistoKit (no postprocessing),constant,7e3642ed-4a56-9d3f-3ecf-de46d455c0fd_113100_2.png,2176243,1257096,0,149553,0.9667810518744951,0.9356981437752924,1.0,0.9356981437752924,0.9582591381487358,0.966781051874495,1.0,0.8936813661403804,0.0,0.75,
HistoKit (no postprocessing),constant,8e6bc805-8b70-bd59-8612-caf5bbe72e5e_125634_3.png,31235744,394079,24965,80097,0.9983210643603714,0.9966477569211206,0.999201393672805,0.9974422848806774,0.9966893845684331,0.9983210643603714,0.9404239172974675,0.8310817080577676,0.0007986063271949463,0.75,
HistoKit (no postprocessing),constant,1875292b-dccd-c5b5-17ad-67c30baa6d69_130951_1.png,9978229,350017,6028,1946407,0.9108839045404987,0.8363515224299335,0.9993962495156125,0.8367743048928286,0.8410157384594551,0.9108839045404986,0.983069555814574,0.15241828164136936,0.0006037504843875714,0.75,
HistoKit (no postprocessing),constant,54b22c23-34e4-1c55-9de2-c8e205e762bc_131621_2.png,20954650,1719261,75028,347896,0.9900094074906152,0.9802164642255478,0.9964322801328674,0.9836688065360826,0.981689092899525,0.9900094074906152,0.9581851084189894,0.8317031555900205,0.003567719867132535,0.75,
HistoKit (no postprocessing),constant,7d4546a5-f4cc-3733-763f-d1c5a5904dff_120251_1.png,6412555,933070,28254,359737,0.9706358863070826,0.9429470810137892,0.9956132839834251,0.9468810559261178,0.9498305837786619,0.9706358863070826,0.9706092846948583,0.7217395945411805,0.0043867160165749364,0.75,
HistoKit (no postprocessing),constant,be2180cd-04c9-2627-2456-4397fd5e59ee_103647_1.png,28915495,455587,8539,47039,0.999039880892576,0.99808160367412,0.9997047783860301,0.9983758672497371,0.9981113045109434,0.9990398808925759,0.9816019787730056,0.9064135162128502,0.0002952216139698909,0.75,
HistoKit (no postprocessing),constant,f761dbde-597d-9a8f-e1a1-2533f0d71b83_120113_3.png,10029825,14767185,345585,99545,0.9782914032727978,0.9575053067053748,0.966691918680804,0.9901726366003019,0.9823655997470896,0.9782914032727978,0.9771329147469325,0.9933041765068714,0.03330808131919606,0.75,
HistoKit (no postprocessing),constant,f9a50b4c-7c73-18cd-0877-8296eed330e2_114604_5.png,4924263,3251845,382079,1107253,0.868640796171552,0.7677851501381051,0.9279957831590953,0.8164221068136104,0.8459116191295999,0.868640796171552,0.894857735054448,0.745990340203409,0.07200421684090472,0.75,
HistoKit (no postprocessing),constant,1c7a4a4c-ace6-25f8-ee0c-f8914aeab226_121941_3.png,7016166,3844488,553285,121289,0.9541321607685532,0.9122875041933546,0.9269055311937417,0.9830066879581028,0.9415205317138075,0.9541321607685532,0.8741897319393247,0.9694160816404956,0.07309446880625821,0.75,
HistoKit (no postprocessing),constant,6f1702fd-ae84-1c96-04ae-a23a14a5d2d4_111419_2.png,6386733,565759,14440,232104,0.9810642234529774,0.9628322471683303,0.9977441634525422,0.964932812214593,0.9657531925107751,0.9810642234529775,0.9751119874387926,0.7090929144477185,0.0022558365474577863,0.75,
HistoKit (no postprocessing),constant,9601a588-d18f-b3b2-00f0-b816a7730c15_114312_2.png,5462706,420786,21901,51087,0.9933637620017457,0.9868150226511798,0.9960068241899557,0.9907346902576865,0.9877464542817235,0.9933637620017457,0.950527121871661,0.8917357000718413,0.003993175810044366,0.75,
HistoKit (no postprocessing),gaussian,2125a939-8f92-6ca7-9a29-e1755d6267ed_103351_7.png,612429,345288,80,1754653,0.4110825948930575,0.2587186681773364,0.9998693896742742,0.2587274120626155,0.35308190012719126,0.41108259489305754,0.9997683630214728,0.16442747677196645,0.00013061032572582606,0.9,1.75
HistoKit (no postprocessing),constant,54b22c23-34e4-1c55-9de2-c8e205e762bc_131621_1.png,26124572,1338359,134550,167767,0.9942472198822407,0.9885602501300853,0.9948760663056442,0.9936191679256836,0.9891116765821792,0.9942472198822409,0.9086501610079102,0.8886102490761065,0.005123933694355813,0.75,
HistoKit (no postprocessing),constant,9601a588-d18f-b3b2-00f0-b816a7730c15_114312_1.png,9492914,967917,392978,66089,0.9763913870452887,0.9538717969819275,0.960248604779417,0.9930862036553394,0.9579605047592935,0.9763913870452887,0.7112356206760991,0.9360845101479102,0.039751395220583026,0.75,
HistoKit (no postprocessing),gaussian,228e0715-eef2-126e-c558-f7684e2bcfa8_110725_2.png,2624142,191207,55102,870055,0.8501391687391198,0.7393409233767005,0.9794337507147539,0.7510000151680057,0.7526652811143733,0.8501391687391199,0.7762891327560097,0.18016945862567396,0.020566249285246137,0.9,1.75
HistoKit (no postprocessing),gaussian,be2180cd-04c9-2627-2456-4397fd5e59ee_103647_4.png,4692496,432659,31942,155027,0.9804670119320378,0.9616824795341292,0.9932389841924055,0.9680193368860757,0.9648033441990436,0.9804670119320379,0.9312485336880463,0.7362077708163883,0.006761015807594469,0.9,1.75
HistoKit (no postprocessing),gaussian,39bcf904-a619-148a-5bca-38122a540be1_104536_1.png,1690670,912593,1103,314950,0.9145200415536028,0.8425029264128632,0.9993480212770862,0.8429662647959234,0.8917373110687572,0.9145200415536027,0.9987928151157497,0.7434305763627017,0.0006519787229137715,0.9,1.75
HistoKit (no postprocessing),constant,be2180cd-04c9-2627-2456-4397fd5e59ee_103647_3.png,21841810,1448078,42485,236326,0.9936579712800686,0.987395878262188,0.9980586534772996,0.9892959260691211,0.9881702846644187,0.9936579712800687,0.9714973469756059,0.8596975547433988,0.0019413465227004114,0.75,
HistoKit (no postprocessing),gaussian,9e7010fd-072a-6a7f-3911-83d91e8c9301_113642_3.png,3190218,272444,2207,579457,0.9164527944154781,0.8457894494048329,0.9993086760064841,0.8462846266587969,0.8561777660851276,0.9164527944154781,0.9919643474809849,0.31980711373739434,0.0006913239935159009,0.9,1.75
HistoKit (no postprocessing),constant,10fd35f3-17d4-d309-f849-cc9e883460c1_123055_2.png,4871067,3668971,3638570,98882,0.7227324340673371,0.5658426263565196,0.5724177188756701,0.980104021188145,0.6955850096395925,0.722732434067337,0.5020801114903084,0.9737564071634429,0.42758228112433,0.75,
HistoKit (no postprocessing),gaussian,c74350c8-f970-c60d-af8a-f9c4d9c5bab2_124242_3.png,303289,1908434,1518902,23379,0.2822791071913048,0.1643335121398809,0.1664419372063631,0.928431924767654,0.5891637302464249,0.2822791071913048,0.5568272267440367,0.987897896949653,0.8335580627936369,0.9,1.75
HistoKit (no postprocessing),constant,332605c9-e7e2-297a-c808-98d567218fe3_115336_3.png,9122351,264516,32465,118244,0.9918072501886476,0.9837476517999452,0.9964537790819608,0.9872038542972612,0.9841983959026905,0.9918072501886476,0.890683242362306,0.6910753474762253,0.0035462209180392047,0.75,
HistoKit (no postprocessing),gaussian,332605c9-e7e2-297a-c808-98d567218fe3_115336_2.png,5447815,470391,11477,180173,0.9827144259006717,0.9660162799130768,0.9978977127437038,0.9679862501483656,0.9686326486254341,0.9827144259006717,0.9761822739837466,0.7230510756820236,0.0021022872562962377,0.9,1.75
HistoKit (no postprocessing),constant,969ce636-2f0f-f223-bb1c-2b4624598a38_125938_1.png,21739562,771852,143396,2467940,0.9433432428315969,0.8927622299596508,0.9934471381793997,0.8980506125745646,0.8960569205202455,0.9433432428315968,0.8433255248850585,0.23824122042402723,0.006552861820600305,0.75,
HistoKit (no postprocessing),gaussian,0502ebf6-5b9d-c3a6-85fe-a3909acf1f7b_112628_8.png,4011908,95163,253,51641,0.9935740634569592,0.9872301849351912,0.9999369417129572,0.9872916507220658,0.9875223763604647,0.9935740634569592,0.9973484530896286,0.6482316558131931,6.305828704281807e-05,0.9,1.75
HistoKit (no postprocessing),gaussian,3e1fffa8-5bae-87b0-bc39-e4a1bc285608_122517_10.png,3190370,1793556,214294,2039660,0.7389653877717033,0.5859992902700133,0.9370586936038329,0.6100098852205437,0.6885892001525309,0.7389653877717033,0.893271907762034,0.46789849567569375,0.06294130639616714,0.9,1.75
HistoKit (no postprocessing),gaussian,def4a0a8-b472-78ea-531c-84458df3a3e9_124843_7.png,11472927,163911,61170,283998,0.9851802123582212,0.9707932623658889,0.9946965939336213,0.9758441939537762,0.9711928036090117,0.9851802123582212,0.7282311701120929,0.36594710086200544,0.005303406066378668,0.9,1.75
HistoKit (no postprocessing),gaussian,04e13be9-17d6-1bd0-76ee-d5d53a64912e_105258_2.png,3195139,118209,4163,974841,0.8671506939210631,0.7654598800280681,0.9986987786710977,0.7662240586285786,0.7719189852090416,0.8671506939210633,0.9659807799169745,0.10814601344860711,0.001301221328902367,0.9,1.75
HistoKit (no postprocessing),constant,7e6be544-b3c1-c3b1-a8a1-838402bd2649_124526_1.png,51767025,2597225,150359,258961,0.9960620864996007,0.9921550656720014,0.9971038795020951,0.9950224681950285,0.9925270527372965,0.9960620864996006,0.9452759224103795,0.9093332857173868,0.002896120497904902,0.75,
HistoKit (no postprocessing),gaussian,b91bdd22-8eea-af27-bee7-880d6f1d7c1e_121440_5.png,2957346,714402,397214,5043178,0.520884918156484,0.3521598316117983,0.8815898359248306,0.3696440383154903,0.4029512277028228,0.5208849181564839,0.642669770856123,0.12408025594086404,0.11841016407516933,0.9,1.75
HistoKit (no postprocessing),gaussian,d9d9ce51-54c1-b32b-5fae-fd9ffdaa32e5_111717_1.png,7487464,300640,7060,560846,0.9634618757428665,0.9294997001999908,0.9990579788656357,0.9303150599318366,0.9320362230298911,0.9634618757428665,0.9770555736106598,0.3489783931485828,0.0009420211343642371,0.9,1.75
HistoKit (no postprocessing),gaussian,cd7afea3-2dfd-f8a4-f2e6-1e02af01c417_132555_3.png,0,4002461,289,106110,0.0,0.0,0.0,0.0,0.9741049828906314,,0.999927799637749,0.9741735021738702,1.0,0.9,1.75
HistoKit (no postprocessing),gaussian,be2180cd-04c9-2627-2456-4397fd5e59ee_103647_5.png,4982978,479409,16597,91152,0.9893039353445431,0.9788342608040069,0.9966803178270153,0.9820359352243636,0.9806559480773899,0.9893039353445431,0.9665387112252675,0.8402414465762644,0.003319682172984704,0.9,1.75
HistoKit (no postprocessing),gaussian,19a1c0fb-3d0a-327d-ea5a-6aae35f53e51_121144_1.png,6550846,58874,4903,6525,0.9991285064118989,0.998258530503298,0.9992521068149498,0.999004936582054,0.9982740153218143,0.9991285064118989,0.9231227558524233,0.9002278322298506,0.0007478931850502513,0.9,1.75
HistoKit (no postprocessing),gaussian,0504f20c-cba2-27c1-e181-78505aa24ca7_112258_3.png,3533875,2191507,2674813,48027,0.7218921433744033,0.5648131647358079,0.5691822491321838,0.9865917604669251,0.6777025982508509,0.7218921433744033,0.45034173667165334,0.9785549136561446,0.4308177508678162,0.9,1.75
HistoKit (no postprocessing),gaussian,b0f43f79-08e2-79bc-61fa-379c7ef1dd21_131900_10.png,4977190,183110,3282,447498,0.956677263972875,0.9169523781450524,0.9993410263123655,0.9175071451113871,0.919662524861524,0.956677263972875,0.9823919481522813,0.2903705630122041,0.000658973687634425,0.9,1.75
HistoKit (no postprocessing),gaussian,cbd7b0be-5303-525e-8ff2-6d1502e77bdd_110516_1.png,11677287,480879,20399,38995,0.9974633090811433,0.9949394552003246,0.9982561508318825,0.9966717257232286,0.9951386365198943,0.9974633090811433,0.959306013828654,0.924991440233595,0.0017438491681175234,0.9,1.75
HistoKit (no postprocessing),constant,def4a0a8-b472-78ea-531c-84458df3a3e9_124843_8.png,30033957,640018,182742,1234803,0.9769450367118508,0.9549291795348915,0.9939522844636338,0.9605100106304183,0.9558280505254971,0.9769450367118507,0.7778914871894599,0.34137552331662596,0.006047715536366166,0.75,
HistoKit (no postprocessing),gaussian,c0272a60-2518-4785-1810-6431c15f4b4b_130712_1.png,8107946,226453,47085,17466,0.9960350587511654,0.9921014348491043,0.9942262635175758,0.9978504474603872,0.9923143964424125,0.9960350587511654,0.8278666949381804,0.9283942620296082,0.005773736482424162,0.9,1.75
HistoKit (no postprocessing),gaussian,d9d9ce51-54c1-b32b-5fae-fd9ffdaa32e5_111717_2.png,6611025,750126,6471,1769883,0.8815637983881485,0.7882110728512447,0.9990221376786628,0.7888196601132001,0.8055974798372203,0.8815637983881485,0.991447230163482,0.2976679845191029,0.0009778623213372551,0.9,1.75
HistoKit (no postprocessing),gaussian,6f1702fd-ae84-1c96-04ae-a23a14a5d2d4_111419_5.png,2308268,935381,25262,226620,0.9482620432345784,0.9016143585336797,0.9891743410198284,0.9105996004557203,0.9279417061384951,0.9482620432345784,0.9737030301579255,0.8049743502802493,0.010825658980171671,0.9,1.75
HistoKit (no postprocessing),gaussian,e398b039-2e70-a00a-855c-e3ff4eba631e_115619_4.png,4945753,186004,823,634764,0.9396236928846359,0.88612286655176,0.9998336222874166,0.886253549626316,0.8897955454018349,0.9396236928846359,0.9955948551333587,0.22662189559047136,0.00016637771258341122,0.9,1.75
HistoKit (no postprocessing),gaussian,2125a939-8f92-6ca7-9a29-e1755d6267ed_103351_8.png,6532804,209012,0,1633134,0.8888929406339672,0.8000065638509624,1.0,0.8000065638509624,0.8049977611806638,0.8888929406339672,1.0,0.11346114803061212,0.0,0.9,1.75
HistoKit (no postprocessing),gaussian,deaaef3a-8172-327d-10b9-23d266fb17ca_123636_1.png,3651563,3640270,446067,78622,0.9329712058856782,0.8743636638785207,0.8911402444827864,0.9789227612035328,0.9328743653507277,0.9329712058856782,0.8908393996872994,0.9788587568555366,0.10885975551721361,0.9,1.75
HistoKit (no postprocessing),gaussian,04e13be9-17d6-1bd0-76ee-d5d53a64912e_105258_4.png,7937671,390108,26922,792043,0.9509434563531148,0.9064749294135328,0.9966197896113461,0.9092704526173481,0.9104637672159623,0.9509434563531148,0.9354434932738652,0.32999845197440936,0.0033802103886538836,0.9,1.75
HistoKit (no postprocessing),gaussian,8e6bc805-8b70-bd59-8612-caf5bbe72e5e_125634_2.png,7194136,1489219,219588,42130,0.9821352779080396,0.9648976495516141,0.9703808774105969,0.9941779365214048,0.9707416585644411,0.9821352779080396,0.871496312924748,0.9724883093272664,0.02961912258940311,0.9,1.75
HistoKit (no postprocessing),gaussian,7ea29210-064a-9e70-4612-3ab81fa629dc_120503_2.png,8254868,53782,15078,532977,0.9678706932216486,0.9377417023868094,0.9981767716500205,0.9393506599171925,0.9381197635012118,0.9678706932216488,0.7810339819924484,0.09165943769077253,0.0018232283499795524,0.9,1.75
HistoKit (no postprocessing),gaussian,f4c75e72-7c5b-0601-d74f-78529d4dec70_114117_1.png,4392891,8473575,10298504,148456,0.4568138022129138,0.29601988591394884,0.29901115585007415,0.967310139480643,0.5518908289154927,0.45681380221291373,0.4513924643082953,0.982781783085679,0.7009888441499259,0.9,1.75
HistoKit (no postprocessing),gaussian,0502ebf6-5b9d-c3a6-85fe-a3909acf1f7b_112628_7.png,5011572,904730,104,222904,0.9782349510333245,0.9573971550726132,0.9999792484589985,0.9574161769009926,0.9636753967465399,0.9782349510333244,0.9998850617903394,0.8023259319956653,2.0751541001453405e-05,0.9,1.75
HistoKit (no postprocessing),gaussian,9e7010fd-072a-6a7f-3911-83d91e8c9301_113642_1.png,8268361,270936,74881,28189,0.9938058119957268,0.9876878875308176,0.9910249516914408,0.9966023226521867,0.9880738691147922,0.9938058119957268,0.7834663998588849,0.9057618052653573,0.008975048308559191,0.9,1.75
HistoKit (no postprocessing),gaussian,24aa9d72-799e-9634-ead4-94165f32d151_102546_1.png,6275854,410122,19334,61898,0.9935698261845619,0.9872218182985097,0.9969287652727766,0.9902334455497785,0.9879962312374616,0.993569826184562,0.9549802540888939,0.8688657260285582,0.0030712347272233965,0.9,1.75
HistoKit (no postprocessing),constant,e16fa7c2-3d43-e563-886f-5b0ebdd4e8c5_105048_1.png,42023613,446943,1004227,48830,0.9876256933246627,0.975553890307677,0.9766609943701566,0.9988393828235741,0.9758049268566008,0.9876256933246627,0.30798803723891754,0.9015073430783846,0.023339005629843375,0.75,
HistoKit (no postprocessing),gaussian,b91bdd22-8eea-af27-bee7-880d6f1d7c1e_121440_6.png,5665523,410909,97294,634972,0.9392980965757994,0.8855438964929916,0.9831169374283445,0.8992187121805509,0.892451390853288,0.9392980965757994,0.8085528814273036,0.3928831291514044,0.016883062571655495,0.9,1.75
HistoKit (no postprocessing),gaussian,e398b039-2e70-a00a-855c-e3ff4eba631e_115619_1.png,14523632,375924,898,1707410,0.9444553331669462,0.8947563877145923,0.9999381735588002,0.894805891082039,0.8971386085531529,0.9444553331669462,0.9976169119637388,0.18044346225809207,6.182644119981851e-05,0.9,1.75
HistoKit (no postprocessing),gaussian,b1a83861-bd20-5668-5a83-92a470ead44d_110338_5.png,2708813,2334170,0,165725,0.9703180043669115,0.9423472571940256,1.0,0.9423472571940256,0.9681830887813254,0.9703180043669116,1.0,0.9337072157030595,0.0,0.9,1.75
HistoKit (no postprocessing),gaussian,d9d9ce51-54c1-b32b-5fae-fd9ffdaa32e5_111717_5.png,9206892,224875,7049,857028,0.955177755457413,0.9142012054649359,0.9992349636273989,0.9148415329215653,0.9160751658630414,0.955177755457413,0.9696064227936738,0.20785135081425968,0.00076503637260104,0.9,1.75
HistoKit (no postprocessing),gaussian,0502ebf6-5b9d-c3a6-85fe-a3909acf1f7b_112628_2.png,8391922,2877246,286606,294631,0.9665284026029017,0.9352249302614609,0.9669752750696893,0.9660819429755393,0.9509521404542713,0.9665284026029017,0.9094123239645849,0.9071114674371042,0.033024724930310764,0.9,1.75
HistoKit (no postprocessing),gaussian,40f80889-968b-7602-00a3-4e00b00e88fe_110004_3.png,21333447,9006680,125281,938849,0.97566647421748,0.9524890571868555,0.9941617695140178,0.957846779694379,0.9661151034396388,0.97566647421748,0.9862810408410636,0.905600898655064,0.005838230485982207,0.9,1.75
HistoKit (no postprocessing),gaussian,59c3e1ff-f1eb-ac9b-3a83-925048a454e4_130514_4.png,1779423,1074355,0,70542,0.9805636652791049,0.9618684677818229,1.0,0.9618684677818229,0.9758774689500465,0.9805636652791049,1.0,0.938385723781266,0.0,0.9,1.75
HistoKit (no postprocessing),gaussian,2125a939-8f92-6ca7-9a29-e1755d6267ed_103351_5.png,4153814,952549,2584,39125,0.9950045135320326,0.9900586887498889,0.9993783078521354,0.9906688363460571,0.9918981319608584,0.9950045135320326,0.9972946176082284,0.9605465102442939,0.0006216921478645693,0.9,1.75
HistoKit (no postprocessing),gaussian,6247d1f0-d194-53f2-2d84-7b4b827443da_115125_1.png,2645668,451781,248991,31920,0.9495874823926506,0.904013867385777,0.9139826141870251,0.9880788231796677,0.9168498916634107,0.9495874823926506,0.6446904271289378,0.9340088194979956,0.08601738581297486,0.9,1.75
HistoKit (no postprocessing),gaussian,0e99786b-efbd-e936-5e70-bad7ef5912da_122209_3.png,9751604,1757717,59447,173412,0.9882013473099782,0.976677864397915,0.9939408122534477,0.9825277863531907,0.9801690146122781,0.9882013473099782,0.967285836611335,0.9102017524463669,0.006059187746552332,0.9,1.75
HistoKit (no postprocessing),gaussian,7e3642ed-4a56-9d3f-3ecf-de46d455c0fd_113100_1.png,571615,1942818,1715952,82815,0.38858979122004544,0.24114889498823397,0.2498790199369024,0.8734547621594364,0.5829623017713067,0.38858979122004544,0.53100304200592,0.9591164835880932,0.7501209800630976,0.9,1.75
HistoKit (no postprocessing),gaussian,66e65946-ef0a-6028-f7a7-e909aade97a4_112429_4.png,9085653,974895,19358,45502,0.9964433313449768,0.9929118728097539,0.9978739179996597,0.9950168406953994,0.9935943321987618,0.9964433313449768,0.980530106522183,0.9554075521586206,0.002126082000340252,0.9,1.75
HistoKit (no postprocessing),gaussian,0e99786b-efbd-e936-5e70-bad7ef5912da_122209_4.png,5242703,252992,12414,26378,0.9963140184173654,0.9926551099641294,0.9976377309962842,0.9949938139117619,0.9929908589540458,0.9963140184173654,0.9532263777005795,0.9055804130722698,0.002362269003715807,0.9,1.75
HistoKit (no postprocessing),gaussian,728c532f-2f31-cf1c-4143-7abb9ca2b76d_102101_5.png,4845663,1824109,594334,59606,0.9367884789042641,0.8810932352753462,0.8907473662209741,0.9878485767039483,0.910709214125296,0.9367884789042641,0.7542493248755501,0.9683572090257815,0.10925263377902598,0.9,1.75
HistoKit (no postprocessing),gaussian,0502ebf6-5b9d-c3a6-85fe-a3909acf1f7b_112628_5.png,2740026,843904,257,14301,0.9973504943935967,0.9947149914469844,0.9999062140662114,0.994807806044816,0.995954411964136,0.9973504943935966,0.999695555705606,0.9833361492883402,9.378593378859045e-05,0.9,1.75
HistoKit (no postprocessing),gaussian,59c3e1ff-f1eb-ac9b-3a83-925048a454e4_130514_1.png,4979683,708988,119038,83412,0.9800773798698973,0.9609330752414112,0.9766533607153637,0.9835254918187394,0.9656347238496714,0.9800773798698973,0.8562388137570559,0.8947349823321554,0.023346639284636286,0.9,1.75
HistoKit (no postprocessing),gaussian,228e0715-eef2-126e-c558-f7684e2bcfa8_110725_7.png,7401911,366720,633,1831845,0.8898506278439317,0.8015593668406215,0.9999144888568038,0.8016143159944881,0.8091389234306162,0.8898506278439317,0.9982768617651142,0.1667997079913489,8.551114319617688e-05,0.9,1.75
HistoKit (no postprocessing),gaussian,f761dbde-597d-9a8f-e1a1-2533f0d71b83_120113_1.png,9235447,1000611,8560,135622,0.9922545575424995,0.9846281766581599,0.9990739946432321,0.9855275849532215,0.9861099550684762,0.9922545575424994,0.9915177903447483,0.880638918250042,0.0009260053567679038,0.9,1.75
HistoKit (no postprocessing),gaussian,c38dfb82-e376-0eab-4312-72ca49852e8b_104329_1.png,3513787,811517,41473,76961,0.9834265508798758,0.96739350386444,0.9883347490760169,0.9785668612779287,0.9733481136826698,0.9834265508798758,0.951379265876505,0.9133788343661857,0.011665250923983055,0.9,1.75
HistoKit (no postprocessing),gaussian,7d4546a5-f4cc-3733-763f-d1c5a5904dff_120251_4.png,3329352,263061,3586,125537,0.9809772700453326,0.9626647583111053,0.998924072394986,0.9636639556292547,0.9653038422844761,0.9809772700453326,0.9865515081737278,0.6769489292276337,0.0010759276050139547,0.9,1.75
HistoKit (no postprocessing),gaussian,59c3e1ff-f1eb-ac9b-3a83-925048a454e4_130514_3.png,2339212,412471,8,78397,0.983517381011594,0.9675693048154443,0.9999965800566001,0.9675725065550302,0.9722959144733309,0.983517381011594,0.999980605073228,0.8402890390084503,3.4199433999367313e-06,0.9,1.75
HistoKit (no postprocessing),gaussian,c0272a60-2518-4785-1810-6431c15f4b4b_130712_3.png,33299188,2107026,181162,294223,0.9929125041907222,0.9859247665396096,0.9945890051925981,0.9912416455715081,0.9867512871987673,0.9929125041907222,0.9208273096441376,0.8774708495453825,0.005410994807401954,0.9,1.75
HistoKit (no postprocessing),gaussian,7e3642ed-4a56-9d3f-3ecf-de46d455c0fd_113100_4.png,8159586,3779195,820,104303,0.9935995426287704,0.9872804959013076,0.9998995148035527,0.987378460673903,0.9912716839988097,0.9935995426287703,0.9997830696439035,0.973141997240632,0.00010048519644733363,0.9,1.75
HistoKit (no postprocessing),gaussian,7e3642ed-4a56-9d3f-3ecf-de46d455c0fd_113100_3.png,3808236,1524487,29336,125853,0.9800314244278024,0.9608447239445681,0.9923555831656058,0.9680096205245993,0.971721667548605,0.9800314244278026,0.9811201147106202,0.9237411684864937,0.0076444168343942475,0.9,1.75
HistoKit (no postprocessing),gaussian,3e1fffa8-5bae-87b0-bc39-e4a1bc285608_122517_7.png,3237681,351973,22,2948836,0.68709792428445,0.5233428577755672,0.9999932050592658,0.5233447188458384,0.5490016688812378,0.6870979242844502,0.9999374991122033,0.106632343767846,6.794940734218056e-06,0.9,1.75
HistoKit (no postprocessing),gaussian,b0f43f79-08e2-79bc-61fa-379c7ef1dd21_131900_5.png,7283000,151195,19587,566259,0.961335008288759,0.9255486763878719,0.9973177998427133,0.9278582857311753,0.9269522437603499,0.961335008288759,0.8853099272757082,0.2107382494208688,0.0026822001572867258,0.9,1.75
HistoKit (no postprocessing),gaussian,66e65946-ef0a-6028-f7a7-e909aade97a4_112429_5.png,13328629,464604,14684,15123,0.9988830918649165,0.997768675913857,0.9988995236790144,0.9988666605914138,0.9978436725930041,0.9988830918649166,0.9693628882842884,0.9684758206229793,0.0011004763209856504,0.9,1.75
HistoKit (no postprocessing),gaussian,cbd7b0be-5303-525e-8ff2-6d1502e77bdd_110516_5.png,4616776,465401,175394,39904,0.9772143700026987,0.9554439770582983,0.9633998793865827,0.9914308047793707,0.9593583735647644,0.9772143700026986,0.7262868780187112,0.9210298730469716,0.0366001206134173,0.9,1.75
HistoKit (no postprocessing),gaussian,1875292b-dccd-c5b5-17ad-67c30baa6d69_130951_13.png,11299522,340995,50745,1372565,0.9407506025429482,0.8881294667728066,0.9955291800624602,0.8916859551232563,0.891049537015455,0.9407506025429481,0.8704625516924491,0.19899799248348468,0.004470819937539795,0.9,1.75
HistoKit (no postprocessing),gaussian,6f1702fd-ae84-1c96-04ae-a23a14a5d2d4_111419_3.png,4559621,345790,15664,58669,0.9919146795452258,0.9839590552689992,0.9965763881375695,0.9872963802619584,0.9850729274436597,0.9919146795452259,0.9566639185069192,0.8549445061180491,0.003423611862430428,0.9,1.75
HistoKit (no postprocessing),gaussian,1875292b-dccd-c5b5-17ad-67c30baa6d69_130951_12.png,7048022,283568,2577,1133193,0.9254343573260545,0.8612171472588747,0.9996344991397185,0.8614884219519962,0.8658649212977835,0.9254343573260546,0.9909940764297821,0.20015231926909338,0.0003655008602815165,0.9,1.75
HistoKit (no postprocessing),gaussian,e398b039-2e70-a00a-855c-e3ff4eba631e_115619_3.png,17602669,540266,22307,3209158,0.9159278413451816,0.8448956409707262,0.9987343528864947,0.8458012359991268,0.8488161071187963,0.9159278413451816,0.9603482570261993,0.14409306602827526,0.0012656471135052893,0.9,1.75
HistoKit (no postprocessing),gaussian,b91bdd22-8eea-af27-bee7-880d6f1d7c1e_121440_1.png,5321881,1311863,72729,433639,0.9545863590828089,0.9131183310802267,0.9865182098427875,0.9246568511620149,0.9290812244961983,0.9545863590828089,0.9474726128707952,0.7515677438352978,0.013481790157212476,0.9,1.75
HistoKit (no postprocessing),gaussian,04e13be9-17d6-1bd0-76ee-d5d53a64912e_105258_3.png,9292550,317457,2,1563491,0.9224018768953246,0.8559794761314045,0.9999997847738705,0.8559796338278384,0.860071329484942,0.9224018768953247,0.9999936999738549,0.16877500069114085,2.1522612948520492e-07,0.9,1.75
HistoKit (no postprocessing),gaussian,b91bdd22-8eea-af27-bee7-880d6f1d7c1e_121440_2.png,8843488,1022074,1878,2069395,0.8951692024936015,0.8102319418629506,0.9997876854389066,0.8103713748236832,0.8264805536811056,0.8951692024936017,0.9981659296529525,0.3306111107696697,0.00021231456109334538,0.9,1.75
HistoKit (no postprocessing),gaussian,b1a83861-bd20-5668-5a83-92a470ead44d_110338_3.png,843255,1700286,46341,93789,0.923285376428853,0.8575024024161443,0.9479078143336975,0.8999097160859042,0.9477842105086652,0.923285376428853,0.9734682905966757,0.9477229212825551,0.05209218566630246,0.9,1.75
HistoKit (no postprocessing),gaussian,3e1fffa8-5bae-87b0-bc39-e4a1bc285608_122517_3.png,10385347,507231,1499,1726347,0.9232018610985424,0.8573583364848558,0.9998556828511754,0.8574644471698178,0.863091287582731,0.9232018610985424,0.9970534468185481,0.22709347960984572,0.00014431714882458062,0.9,1.75
HistoKit (no postprocessing),gaussian,c74350c8-f970-c60d-af8a-f9c4d9c5bab2_124242_4.png,0,2720518,916860,1278,0.0,0.0,0.0,0.0,0.7476711181271326,,0.747933813862623,0.9995304570952416,1.0,0.9,1.75
HistoKit (no postprocessing),gaussian,c74350c8-f970-c60d-af8a-f9c4d9c5bab2_124242_5.png,0,5521738,5579126,1850,0.0,0.0,0.0,0.0,0.49733227389267165,,0.4974151561536111,0.9996650727751599,1.0,0.9,1.75
HistoKit (no postprocessing),gaussian,0504f20c-cba2-27c1-e181-78505aa24ca7_112258_4.png,9969927,1324361,451344,107728,0.9727267662705841,0.94690169502343,0.9566901196600683,0.9893102115521915,0.9528343018350914,0.9727267662705841,0.74582264509026,0.9247756249786152,0.04330988033993167,0.9,1.75
HistoKit (no postprocessing),gaussian,5fe08b37-e6eb-942a-a4ce-507361c4911e_102333_2.png,9035245,70872,12112,153181,0.9909357881698856,0.9820344201610819,0.9986612664892078,0.9833289183588135,0.9821717516537398,0.9909357881698855,0.8540441530897522,0.3163180140413206,0.0013387335107921572,0.9,1.75
HistoKit (no postprocessing),gaussian,cbd7b0be-5303-525e-8ff2-6d1502e77bdd_110516_4.png,3242123,341145,1092,76110,0.988233999568388,0.9767416568127556,0.9996632970678786,0.9770630935199548,0.9789092657500267,0.9882339995683879,0.9968092286923974,0.8175935578962505,0.0003367029321213672,0.9,1.75
HistoKit (no postprocessing),gaussian,7e6be544-b3c1-c3b1-a8a1-838402bd2649_124526_4.png,4616767,475211,17383,73999,0.9902002334391001,0.9805906737446075,0.9962489345403148,0.9842245381671139,0.9823701228546734,0.9902002334391001,0.964711303832365,0.8652628320678794,0.0037510654596851632,0.9,1.75
HistoKit (no postprocessing),gaussian,66e65946-ef0a-6028-f7a7-e909aade97a4_112429_3.png,4702236,170218,12130,5854,0.998091368110395,0.9961900080928431,0.9974270135157092,0.9987566083061283,0.9963226197735254,0.998091368110395,0.9334788426525106,0.9667522377209323,0.0025729864842907826,0.9,1.75
HistoKit (no postprocessing),gaussian,24aa9d72-799e-9634-ead4-94165f32d151_102546_6.png,8291302,117629,3538,32855,0.9978101566538582,0.9956298831789588,0.9995734697715688,0.9960530537807012,0.9956907514738333,0.9978101566538582,0.9708006305347165,0.7816711411179926,0.00042653022843116927,0.9,1.75
HistoKit (no postprocessing),gaussian,0f3058e5-e9f7-bd55-4b60-07a71af55b96_123333_3.png,30739869,1529449,104143,389368,0.9920367092582156,0.9841992445262088,0.9966235585694883,0.9874918874497309,0.9849368624424955,0.9920367092582156,0.9362490756565899,0.7970791378229398,0.0033764414305116988,0.9,1.75
HistoKit (no postprocessing),gaussian,def4a0a8-b472-78ea-531c-84458df3a3e9_124843_6.png,16589222,7840311,2141790,11176,0.9390636829948196,0.885127286099147,0.8856554039899179,0.9993267631294142,0.9190081414091279,0.9390636829948197,0.7854369536032545,0.9985765753671884,0.11434459601008211,0.9,1.75
HistoKit (no postprocessing),gaussian,84acf623-2a5d-c4c6-c1db-583a94b80fc7_105804_1.png,45195007,3749880,41375,981898,0.988806080236454,0.9778599939244819,0.9990853600979849,0.978736166921538,0.9795214992907484,0.9888060802364541,0.9890867272182958,0.7924885740624349,0.0009146399020151523,0.9,1.75
HistoKit (no postprocessing),gaussian,b91bdd22-8eea-af27-bee7-880d6f1d7c1e_121440_4.png,6380024,256283,19476,326408,0.9736085918956393,0.948574378359026,0.9969566372372841,0.9513291121120739,0.9504619681701632,0.9736085918956393,0.9293731120289819,0.43982659763064813,0.003043362762715837,0.9,1.75
HistoKit (no postprocessing),gaussian,969ce636-2f0f-f223-bb1c-2b4624598a38_125938_4.png,15574491,766919,74322,3934288,0.8859816679140028,0.7953025927813986,0.9952506301915679,0.7983324327985878,0.8030169012118907,0.8859816679140028,0.9116519522942891,0.16313236154034486,0.004749369808432115,0.9,1.75
HistoKit (no postprocessing),gaussian,9e7010fd-072a-6a7f-3911-83d91e8c9301_113642_6.png,6918179,1656003,22270,968348,0.9331881295282328,0.8747447936772179,0.9967912738786785,0.877214900804879,0.8964308715289394,0.9331881295282329,0.9867304067931737,0.6310142964870171,0.0032087261213215455,0.9,1.75
HistoKit (no postprocessing),gaussian,859ead5f-592a-5c4e-67de-d71b0ee92f6d_113334_2.png,12675846,607113,32965,332820,0.9857767929567897,0.9719525111544715,0.9974061302823687,0.9744155165487376,0.9732000981189185,0.9857767929567897,0.9484984642496695,0.6459109319494049,0.0025938697176313345,0.9,1.75
HistoKit (no postprocessing),gaussian,1875292b-dccd-c5b5-17ad-67c30baa6d69_130951_4.png,3881933,151336,1743,175623,0.9776651784005302,0.9563062489360847,0.9995511984006905,0.9567170483907061,0.9578766623086542,0.9776651784005302,0.9886137223263805,0.46285925758275503,0.00044880159930952017,0.9,1.75
HistoKit (no postprocessing),gaussian,35ce6eab-4a33-9fbb-2efe-2acf7936ba3e_104917_2.png,7217531,4931473,458791,182505,0.9574634669725938,0.9183980001086676,0.9402329657354134,0.9753372821429518,0.9498607538525289,0.9574634669725939,0.9148852449527518,0.9643125175743814,0.059767034264586606,0.9,1.75
HistoKit (no postprocessing),gaussian,d9d9ce51-54c1-b32b-5fae-fd9ffdaa32e5_111717_3.png,10962537,739559,22450,960204,0.9571038210336704,0.9177364346873985,0.9979563016324007,0.9194644922673402,0.9225326474703877,0.9571038210336703,0.9705384057143682,0.4350953632947652,0.0020436983675993425,0.9,1.75
HistoKit (no postprocessing),gaussian,6b809376-ab46-9021-2fa3-0d0025b512da_132412_1.png,3770695,439125,7893,49000,0.9925123873380342,0.9851360700263456,0.9979111244729513,0.9871717506240681,0.9866658479255577,0.992512387338034,0.9823429928996148,0.8996158770806658,0.0020888755270487285,0.9,1.75
HistoKit (no postprocessing),gaussian,c38dfb82-e376-0eab-4312-72ca49852e8b_104329_5.png,2637147,526296,3856,54779,0.9890051039494432,0.97824935399079,0.9985399486482976,0.9796506293263634,0.9818021165223189,0.9890051039494432,0.9927266142540253,0.9057281762251,0.0014600513517023647,0.9,1.75
HistoKit (no postprocessing),gaussian,cbd7b0be-5303-525e-8ff2-6d1502e77bdd_110516_2.png,9591660,749843,30182,43415,0.9961781525048895,0.9923854068236364,0.9968631785888814,0.9954940672490873,0.9929336252172327,0.9961781525048895,0.9613063683856287,0.9452700130348513,0.003136821411118578,0.9,1.75
HistoKit (no postprocessing),gaussian,e3dca99c-de77-4ab1-72a1-8daf3d4d032c_120923_2.png,9157373,1304675,2869,164779,0.990929313594332,0.9820217026857098,0.9996867986675462,0.9823239312124497,0.9842283354105329,0.990929313594332,0.9978058099765668,0.8878637915851738,0.0003132013324538806,0.9,1.75
HistoKit (no postprocessing),gaussian,8e6bc805-8b70-bd59-8612-caf5bbe72e5e_125634_1.png,64584236,1031667,139056,97399,0.9981727511812591,0.996352167859488,0.9978515307904919,0.9984941784480247,0.9964093161250202,0.9981727511812591,0.8812221165894921,0.9137348923800734,0.0021484692095080703,0.9,1.75
HistoKit (no postprocessing),gaussian,7e6be544-b3c1-c3b1-a8a1-838402bd2649_124526_3.png,50322292,506317,42790,35041,0.9992272723008081,0.9984557378957191,0.9991504034481667,0.9993041529820493,0.99847109717356,0.9992272723008081,0.9220734756613921,0.9352720380967863,0.0008495965518332721,0.9,1.75
HistoKit (no postprocessing),gaussian,b0f43f79-08e2-79bc-61fa-379c7ef1dd21_131900_4.png,13145089,195354,12384,387505,0.9850173099977606,0.9704769546321892,0.9990587858322035,0.9713650612735445,0.9708967003126271,0.9850173099977606,0.9403864483147041,0.33516510854254633,0.0009412141677965062,0.9,1.75
HistoKit (no postprocessing),gaussian,19a1c0fb-3d0a-327d-ea5a-6aae35f53e51_121144_3.png,24663643,1527292,33199,188662,0.9955224052595698,0.991084729487496,0.9986557390616987,0.992408671952159,0.9916002455779388,0.9955224052595698,0.9787252858235004,0.8900541622910637,0.0013442609383013423,0.9,1.75
HistoKit (no postprocessing),gaussian,24aa9d72-799e-9634-ead4-94165f32d151_102546_7.png,10999964,597868,11019,57669,0.9968875257061883,0.9937943662877828,0.9989992719087841,0.9947846885495295,0.9941123831271022,0.9968875257061883,0.9819030460495954,0.9120278489238594,0.0010007280912158341,0.9,1.75
HistoKit (no postprocessing),gaussian,7ea29210-064a-9e70-4612-3ab81fa629dc_120503_4.png,2691923,178298,2885,594501,0.9001232521995468,0.8183855636548588,0.9989294228011791,0.8191039865823765,0.82772384529158,0.9001232521995468,0.9840768725542683,0.23071717225306967,0.0010705771988208435,0.9,1.75
HistoKit (no postprocessing),gaussian,859ead5f-592a-5c4e-67de-d71b0ee92f6d_113334_1.png,20394940,373677,8081,204942,0.994804684926821,0.9896630734439886,0.999603931202149,0.9900513022356148,0.9898471711458208,0.994804684926821,0.9788321397325007,0.6458083816812099,0.00039606879785106334,0.9,1.75
HistoKit (no postprocessing),gaussian,7ea29210-064a-9e70-4612-3ab81fa629dc_120503_1.png,8598840,155922,5211,1187547,0.9351424908966279,0.878185562765138,0.9993943550543808,0.8786531740467651,0.8800949382358618,0.9351424908966278,0.9676602558135206,0.11605924662199128,0.0006056449456192205,0.9,1.75
HistoKit (no postprocessing),gaussian,5fe08b37-e6eb-942a-a4ce-507361c4911e_102333_3.png,13437111,1661499,21203,1739182,0.9385224668877069,0.8841661152600402,0.9984245426284452,0.8854013954527631,0.8955818540784904,0.9385224668877069,0.9873994325792683,0.4885783171076617,0.001575457371554862,0.9,1.75
HistoKit (no postprocessing),gaussian,f761dbde-597d-9a8f-e1a1-2533f0d71b83_120113_5.png,3492917,658527,539466,31297,0.9244682493985057,0.8595452889991337,0.8662165771455738,0.9911194382633972,0.8791321515554061,0.9244682493985057,0.5496918596352399,0.9546304564642576,0.13378342285442626,0.9,1.75
HistoKit (no postprocessing),gaussian,969ce636-2f0f-f223-bb1c-2b4624598a38_125938_5.png,12961353,271507,9322,1426603,0.9475147349295365,0.9002641332618568,0.9992813018597722,0.9008474171035831,0.9021101611346816,0.9475147349295365,0.9668054225169053,0.1598877575657643,0.0007186981402278602,0.9,1.75
HistoKit (no postprocessing),gaussian,969ce636-2f0f-f223-bb1c-2b4624598a38_125938_2.png,4214538,329920,5156,1576890,0.8419711596762082,0.7270727035095153,0.998778110450663,0.7277200027350768,0.741770184104997,0.8419711596762082,0.9846124461316239,0.1730219581395105,0.0012218895493369898,0.9,1.75
HistoKit (no postprocessing),gaussian,a40a1d35-8d5f-0529-214c-05d84888ba26_111152_2.png,2755484,3931795,0,126801,0.9775086563497014,0.9560067793434723,1.0,0.9560067793434723,0.9813913250211327,0.9775086563497015,1.0,0.9687574225175406,0.0,0.9,1.75
HistoKit (no postprocessing),gaussian,9e7010fd-072a-6a7f-3911-83d91e8c9301_113642_2.png,2612883,922226,9948,423299,0.9234412431991232,0.8577713360887421,0.9962071517379504,0.8605818096543619,0.8908245631188331,0.9234412431991232,0.9893281726372973,0.68540235224169,0.0037928482620496707,0.9,1.75
HistoKit (no postprocessing),gaussian,04e13be9-17d6-1bd0-76ee-d5d53a64912e_105258_1.png,14288081,265205,45963,610209,0.9775532121383124,0.9560920174464391,0.996793438055583,0.9590416752526633,0.9568576342431138,0.9775532121383123,0.8522887957630605,0.30294809084615965,0.0032065619444170816,0.9,1.75
HistoKit (no postprocessing),gaussian,2125a939-8f92-6ca7-9a29-e1755d6267ed_103351_3.png,10164973,2466422,375086,758415,0.9471892375907747,0.8996766288969643,0.9644132921836586,0.9305696181441142,0.9176527741292052,0.9471892375907746,0.8679975562271864,0.7648206715564229,0.03558670781634145,0.9,1.75
HistoKit (no postprocessing),gaussian,40f80889-968b-7602-00a3-4e00b00e88fe_110004_1.png,8445996,912928,79824,3206027,0.8371554878289023,0.7199204012803782,0.9906373815069988,0.724852328218027,0.7401415999889283,0.8371554878289023,0.9195932115976598,0.2216406831344358,0.00936261849300126,0.9,1.75
HistoKit (no postprocessing),gaussian,c38dfb82-e376-0eab-4312-72ca49852e8b_104329_2.png,5762266,750978,16988,65259,0.992913882481953,0.9859274844627773,0.9970605202678408,0.9888015924427609,0.9875298139289402,0.9929138824819529,0.9778792290283684,0.9200489563692898,0.0029394797321592027,0.9,1.75
HistoKit (no postprocessing),gaussian,f9a50b4c-7c73-18cd-0877-8296eed330e2_114604_2.png,8957578,1662243,34769,1822376,0.906073400359422,0.8282762304684087,0.9961334899554032,0.830947701632122,0.8511541187176433,0.906073400359422,0.9795116357456518,0.4770228825590402,0.003866510044596811,0.9,1.75
HistoKit (no postprocessing),gaussian,0502ebf6-5b9d-c3a6-85fe-a3909acf1f7b_112628_1.png,7717470,2942188,390677,44844,0.972557759979373,0.9465814447728447,0.9518167344523971,0.9942228567409152,0.9607468252652797,0.972557759979373,0.8827804306505064,0.9849871042559972,0.048183265547602924,0.9,1.75
HistoKit (no postprocessing),gaussian,c0272a60-2518-4785-1810-6431c15f4b4b_130712_2.png,16992618,1511784,68655,300582,0.989252141926322,0.9787328600544124,0.9959759743601782,0.9826184858788426,0.98043636417969,0.989252141926322,0.9565595382042584,0.8341493936655179,0.004024025639821835,0.9,1.75
HistoKit (no postprocessing),gaussian,7d4546a5-f4cc-3733-763f-d1c5a5904dff_120251_3.png,2836497,445400,15327,210356,0.961740064763675,0.9262998909273785,0.9946255449144127,0.9309595835440699,0.9356584881884377,0.961740064763675,0.9667330110889963,0.6792160498722085,0.005374455085587329,0.9,1.75
HistoKit (no postprocessing),gaussian,0f3058e5-e9f7-bd55-4b60-07a71af55b96_123333_2.png,15232991,843190,31994,92053,0.9959448551029487,0.9919224657775803,0.9979040922739197,0.9939932962019554,0.9923428855445738,0.9959448551029487,0.9634431159619006,0.9015731740307065,0.002095907726080307,0.9,1.75
HistoKit (no postprocessing),gaussian,c38dfb82-e376-0eab-4312-72ca49852e8b_104329_4.png,5032397,144947,6857,21419,0.9971984738043034,0.9944126008536809,0.9986392827192279,0.9957618164175348,0.9945681782381349,0.9971984738043033,0.9548299122552766,0.8712537417501172,0.0013607172807721143,0.9,1.75
HistoKit (no postprocessing),gaussian,7ea29210-064a-9e70-4612-3ab81fa629dc_120503_3.png,3687471,234079,4570,758953,0.9061834141942,0.8284601147518958,0.9987622022615675,0.8293115996135322,0.8370307143559983,0.9061834141942001,0.9808505378191402,0.23572150746400922,0.0012377977384324822,0.9,1.75
HistoKit (no postprocessing),gaussian,228e0715-eef2-126e-c558-f7684e2bcfa8_110725_12.png,2209351,6120282,448356,136379,0.883133334146108,0.790724050727143,0.8312996880393512,0.9418607427112242,0.934405333053336,0.8831333341461078,0.9317429275292686,0.9782025908068217,0.16870031196064877,0.9,1.75
HistoKit (no postprocessing),gaussian,7e6be544-b3c1-c3b1-a8a1-838402bd2649_124526_2.png,49824146,1386513,62309,120227,0.9981715467691002,0.9963497678170289,0.998750983608677,0.9975927818735456,0.9964482457259176,0.9981715467691002,0.9569933366555726,0.9202072023043126,0.0012490163913230555,0.9,1.75
HistoKit (no postprocessing),gaussian,5fe08b37-e6eb-942a-a4ce-507361c4911e_102333_4.png,4531360,514522,14166,2764152,0.7653653336810506,0.6199123955938962,0.9968835289909243,0.6211161053535379,0.6449070831522712,0.7653653336810506,0.9732053687619163,0.15692990519948002,0.003116471009075737,0.9,1.75
HistoKit (no postprocessing),gaussian,be2180cd-04c9-2627-2456-4397fd5e59ee_103647_6.png,3760714,360764,9613,77636,0.9885329604608002,0.9773259254311957,0.9974503537756805,0.9797736006356899,0.9792695035814868,0.9885329604608003,0.9740453645879739,0.8229105839416059,0.002549646224319535,0.9,1.75
HistoKit (no postprocessing),gaussian,6f1702fd-ae84-1c96-04ae-a23a14a5d2d4_111419_1.png,2961116,787656,707,43143,0.9926501177824911,0.9854074888035339,0.9997612956614895,0.985639387283187,0.9884380779313098,0.992650117782491,0.9991032049956683,0.9480704719192007,0.00023870433851043765,0.9,1.75
HistoKit (no postprocessing),gaussian,0f3058e5-e9f7-bd55-4b60-07a71af55b96_123333_1.png,18715876,804415,33358,183351,0.9942438815759295,0.9885536496997108,0.9982208339818043,0.990298492102349,0.989020165172012,0.9942438815759296,0.9601825315449412,0.8143781016961507,0.00177916601819573,0.9,1.75
HistoKit (no postprocessing),gaussian,228e0715-eef2-126e-c558-f7684e2bcfa8_110725_1.png,7688942,562955,18436,2295266,0.869220204451992,0.7686909581106756,0.9976080062506342,0.7701103582777923,0.7810155392041662,0.8692202044519921,0.9682898428080242,0.19695992717148184,0.0023919937493658673,0.9,1.75
HistoKit (no postprocessing),gaussian,9e7010fd-072a-6a7f-3911-83d91e8c9301_113642_4.png,6667065,228875,33775,1181165,0.9164936315517074,0.8458590168364521,0.9949595871562371,0.8494991864407644,0.8502086086836447,0.9164936315517075,0.8714068151532458,0.16231809026694277,0.005040412843762871,0.9,1.75
HistoKit (no postprocessing),gaussian,deaaef3a-8172-327d-10b9-23d266fb17ca_123636_5.png,2215031,163474,241,609650,0.8789887524744774,0.7841034194926444,0.9998912097476066,0.7841703187014746,0.7959135937807439,0.8789887524744774,0.9985279296338149,0.21144602935622228,0.00010879025239338555,0.9,1.75
HistoKit (no postprocessing),gaussian,9e7010fd-072a-6a7f-3911-83d91e8c9301_113642_7.png,2653071,3480888,128382,671404,0.8690148327985525,0.7683697876859655,0.9538435486776157,0.7980420968724385,0.8846530987222634,0.8690148327985525,0.9644299262731799,0.8383052058959245,0.04615645132238438,0.9,1.75
HistoKit (no postprocessing),gaussian,f761dbde-597d-9a8f-e1a1-2533f0d71b83_120113_2.png,3074705,464603,20786,32010,0.9914875449154704,0.9831187903696913,0.9932850717382153,0.9896965122323741,0.9853022072857579,0.9914875449154704,0.9571766150448403,0.9355433707937569,0.006714928261784641,0.9,1.75
HistoKit (no postprocessing),gaussian,3e1fffa8-5bae-87b0-bc39-e4a1bc285608_122517_5.png,5000368,1794829,201949,652769,0.9212637260495968,0.8540212731290369,0.9611809507186894,0.884529775238067,0.888270915428472,0.9212637260495967,0.8988625675963978,0.7333022007698977,0.038819049281310615,0.9,1.75
HistoKit (no postprocessing),gaussian,7e3642ed-4a56-9d3f-3ecf-de46d455c0fd_113100_2.png,2178492,1257096,0,147304,0.9672969401601319,0.9366651245423072,1.0,0.9366651245423072,0.9588868433656387,0.9672969401601318,1.0,0.8951125035602393,0.0,0.9,1.75
HistoKit (no postprocessing),gaussian,8e6bc805-8b70-bd59-8612-caf5bbe72e5e_125634_3.png,31274416,393504,25540,41425,0.9989305414414832,0.9978633679224281,0.9991840244120471,0.9986771870504771,0.9978898615829237,0.9989305414414833,0.9390517463559912,0.9047545691365717,0.0008159755879529032,0.9,1.75
HistoKit (no postprocessing),gaussian,54b22c23-34e4-1c55-9de2-c8e205e762bc_131621_2.png,20972404,1723970,70319,330142,0.9905429577032561,0.9812631109586852,0.9966582746919208,0.9845022280435399,0.9826616503949567,0.990542957703256,0.9608095462882512,0.8392775077503076,0.0033417253080791874,0.9,1.75
HistoKit (no postprocessing),gaussian,7d4546a5-f4cc-3733-763f-d1c5a5904dff_120251_1.png,6513496,928856,32468,258796,0.978130469935403,0.9571970209088931,0.9950399971646652,0.9617860541158001,0.9623379283377917,0.9781304699354031,0.9662257469906088,0.782094418230256,0.004960002835334872,0.9,1.75
HistoKit (no postprocessing),gaussian,1875292b-dccd-c5b5-17ad-67c30baa6d69_130951_1.png,9849893,350078,5967,2074743,0.904469117691351,0.8255989240443253,0.9993945733807096,0.8260120476633417,0.8305704708069528,0.904469117691351,0.9832408824727211,0.14437271864603615,0.0006054266192904526,0.9,1.75
HistoKit (no postprocessing),gaussian,be2180cd-04c9-2627-2456-4397fd5e59ee_103647_1.png,28914991,456079,8047,47543,0.9990396570668767,0.9980811568811824,0.9997217788809045,0.9983584654574769,0.9981108967174664,0.9990396570668767,0.9826620357402946,0.9055978491805362,0.0002782211190954422,0.9,1.75
HistoKit (no postprocessing),gaussian,f761dbde-597d-9a8f-e1a1-2533f0d71b83_120113_3.png,10042860,14767060,345710,86510,0.9789345324140728,0.958738262619474,0.9667220801322992,0.9914594885960332,0.9828770460824637,0.9789345324140728,0.9771246435961111,0.9941758109329946,0.033277919867700755,0.9,1.75
HistoKit (no postprocessing),gaussian,9601a588-d18f-b3b2-00f0-b816a7730c15_114312_2.png,5466655,420531,22156,47138,0.993702036354303,0.9874829049183799,0.9959634245012262,0.9914508941485471,0.9883666192113463,0.993702036354303,0.9499510941138999,0.8992064900602776,0.004036575498773778,0.9,1.75
HistoKit (no postprocessing),gaussian,f9a50b4c-7c73-18cd-0877-8296eed330e2_114604_5.png,4904655,3235051,398873,1126861,0.8653967289407963,0.7627306839446261,0.924791007042859,0.8131711828336359,0.8421454170736149,0.8653967289407963,0.8902362845232866,0.7416589330550456,0.07520899295714098,0.9,1.75
HistoKit (no postprocessing),gaussian,6f1702fd-ae84-1c96-04ae-a23a14a5d2d4_111419_2.png,6470143,565422,14777,148694,0.9875248754994465,0.9753571733296511,0.9977213288675882,0.9775347240006061,0.9772926541831434,0.9875248754994465,0.9745311522425927,0.7917789266729774,0.0022786711324118106,0.9,1.75
HistoKit (no postprocessing),gaussian,1c7a4a4c-ace6-25f8-ee0c-f8914aeab226_121941_3.png,7015412,3867185,530588,122043,0.9555533081280938,0.9148894965768971,0.9296861913596608,0.9829010480626498,0.9434227914697482,0.9555533081280938,0.8793507532107728,0.9694068626812005,0.07031380864033926,0.9,1.75
HistoKit (no postprocessing),constant,2125a939-8f92-6ca7-9a29-e1755d6267ed_103351_7.png,1021938,330723,14645,1345144,0.6004927041879856,0.42907436494610846,0.9858718501075168,0.4317290233291453,0.49868605872919314,0.6004927041879856,0.9575959556183549,0.1973444193363793,0.014128149892483285,0.5,
HistoKit (no postprocessing),gaussian,9601a588-d18f-b3b2-00f0-b816a7730c15_114312_1.png,9501817,1030112,330783,57186,0.9799929381805104,0.9607707386186112,0.9663585419929622,0.9940175769376786,0.964471371435887,0.9799929381805104,0.7569371626760331,0.9474054031185563,0.033641458007037814,0.9,1.75
HistoKit (no postprocessing),constant,228e0715-eef2-126e-c558-f7684e2bcfa8_110725_2.png,2718092,181934,64375,776105,0.8660944731150177,0.7638153731328184,0.9768640562493643,0.7778874516806007,0.7753031274378386,0.8660944731150179,0.7386413001554958,0.18990249875005089,0.023135943750635678,0.5,
HistoKit (no postprocessing),gaussian,54b22c23-34e4-1c55-9de2-c8e205e762bc_131621_1.png,26123864,1341548,131361,168475,0.9942940076156528,0.9886527624821656,0.9949967673101259,0.9935922399296616,0.989201032888307,0.9942940076156527,0.9108152642152366,0.8884288517459668,0.005003232689874111,0.9,1.75
HistoKit (no postprocessing),constant,be2180cd-04c9-2627-2456-4397fd5e59ee_103647_4.png,4464876,438098,26503,382647,0.9561886397351638,0.9160550230958965,0.9940991397074261,0.9210633967079682,0.9229780780719727,0.9561886397351638,0.9429553530879184,0.5337808941875979,0.00590086029257384,0.5,
HistoKit (no postprocessing),constant,39bcf904-a619-148a-5bca-38122a540be1_104536_1.png,1662164,912271,1425,343456,0.9060067169790547,0.8281647895288845,0.9991434182361149,0.8287532034981702,0.8818623951637986,0.9060067169790547,0.9984404003081988,0.7264883211080115,0.0008565817638851904,0.5,
HistoKit (no postprocessing),gaussian,be2180cd-04c9-2627-2456-4397fd5e59ee_103647_3.png,21832070,1450235,40328,246066,0.9934837196744868,0.9870518133628086,0.998156214970119,0.9888547656378238,0.9878485443765903,0.9934837196744868,0.9729444511905904,0.8549396598834759,0.00184378502988104,0.9,1.75
HistoKit (no postprocessing),constant,9e7010fd-072a-6a7f-3911-83d91e8c9301_113642_3.png,3209486,271324,3327,560189,0.9192958154743696,0.8506451891623699,0.9989644588714003,0.8513959426210482,0.8606650403553027,0.9192958154743697,0.9878864449792646,0.32630157315640285,0.001035541128599766,0.5,
HistoKit (no postprocessing),constant,c74350c8-f970-c60d-af8a-f9c4d9c5bab2_124242_3.png,306068,1894762,1532574,20600,0.28270132221252386,0.1646197751556817,0.1664641621370555,0.9369390329019065,0.5862620284901134,0.28270132221252386,0.5528381226702022,0.9892448529311952,0.8335358378629445,0.5,
HistoKit (no postprocessing),gaussian,332605c9-e7e2-297a-c808-98d567218fe3_115336_3.png,9185669,264633,32348,54926,0.9952719088520848,0.9905883169992525,0.9964907853825828,0.9940560104625298,0.9908494569270011,0.9952719088520849,0.8910772069593678,0.8281193770164508,0.0035092146174171735,0.9,1.75
HistoKit (no postprocessing),gaussian,10fd35f3-17d4-d309-f849-cc9e883460c1_123055_2.png,4872517,3647769,3659772,97432,0.7217347227918809,0.5646204552847074,0.5710679748423899,0.9803957746850118,0.6939762117501216,0.7217347227918809,0.4991787251005502,0.9739848408670189,0.4289320251576101,0.9,1.75
HistoKit (no postprocessing),constant,332605c9-e7e2-297a-c808-98d567218fe3_115336_2.png,5452542,466215,15653,175446,0.9827779516613956,0.9661390581009671,0.9971374466345841,0.9688261595440502,0.9687228307835732,0.9827779516613956,0.9675160002324288,0.7265752476775119,0.0028625533654158273,0.5,
HistoKit (no postprocessing),gaussian,969ce636-2f0f-f223-bb1c-2b4624598a38_125938_1.png,21889710,772289,142959,2317792,0.9467832634096444,0.8989443772748286,0.9935114987657646,0.9042531525970751,0.9020508901294644,0.9467832634096445,0.8438029911018653,0.24992516377402405,0.006488501234235398,0.9,1.75
HistoKit (no postprocessing),constant,0502ebf6-5b9d-c3a6-85fe-a3909acf1f7b_112628_8.png,4009850,95041,375,53699,0.9933025125548474,0.986694140933738,0.9999064890373982,0.9867851968808546,0.9869982074867184,0.9933025125548474,0.9960698415360107,0.6389740486755412,9.351096260184902e-05,0.5,
HistoKit (no postprocessing),constant,def4a0a8-b472-78ea-531c-84458df3a3e9_124843_7.png,11411877,163616,61465,345048,0.9825007177059136,0.965603352064029,0.9946427989333884,0.9706515096421896,0.9660730431949375,0.9825007177059136,0.7269205308311231,0.32165830489281727,0.005357201066611629,0.5,
HistoKit (no postprocessing),constant,3e1fffa8-5bae-87b0-bc39-e4a1bc285608_122517_10.png,3652363,1737069,270781,1577667,0.7980538772670551,0.6639680948863722,0.9309785722879405,0.6983445601650469,0.7446147214377691,0.7980538772670551,0.8651388300918893,0.5240444487886818,0.0690214277120595,0.5,
HistoKit (no postprocessing),constant,04e13be9-17d6-1bd0-76ee-d5d53a64912e_105258_2.png,3158103,116678,5694,1011877,0.8612487126347038,0.7563097598136252,0.9982002637969503,0.7573424812589029,0.7629339345887756,0.8612487126347037,0.9534697479815644,0.10338707462197234,0.00179973620304969,0.5,
HistoKit (no postprocessing),constant,b91bdd22-8eea-af27-bee7-880d6f1d7c1e_121440_5.png,3083532,781002,330614,4916992,0.540275277340475,0.37012134476706543,0.9031634850999342,0.3854162552352821,0.4241082775286596,0.5402752773404751,0.7025825464908746,0.13706613239676982,0.09683651490006578,0.5,
HistoKit (no postprocessing),constant,d9d9ce51-54c1-b32b-5fae-fd9ffdaa32e5_111717_1.png,7528710,301455,6245,519600,0.9662557878596045,0.934714580755858,0.9991711961119873,0.9354398625301461,0.9370698455363266,0.9662557878596045,0.9797042573935651,0.36715567166633173,0.0008288038880126026,0.5,
HistoKit (no postprocessing),constant,cd7afea3-2dfd-f8a4-f2e6-1e02af01c417_132555_3.png,0,3999172,3578,106110,0.0,0.0,0.0,0.0,0.9733045175547476,,0.9991061145462494,0.9741528109396627,1.0,0.5,
HistoKit (no postprocessing),gaussian,7e6be544-b3c1-c3b1-a8a1-838402bd2649_124526_1.png,51766808,2598684,148900,259178,0.9960739720097308,0.992178650855126,0.9971318892540192,0.9950182972024788,0.992549727907091,0.9960739720097308,0.9458069343830798,0.9093105265404697,0.0028681107459807734,0.9,1.75
HistoKit (no postprocessing),constant,0504f20c-cba2-27c1-e181-78505aa24ca7_112258_3.png,3533581,2197050,2669270,48321,0.7222626876733629,0.5652669611394471,0.5696704628242723,0.9865096811693899,0.6783239124161273,0.7222626876733628,0.45148079041246775,0.97847972562218,0.43032953717572775,0.5,
HistoKit (no postprocessing),constant,be2180cd-04c9-2627-2456-4397fd5e59ee_103647_5.png,4954630,480318,15688,119500,0.9865410224633548,0.9734395218060842,0.9968436627193673,0.9764491646843892,0.9757298565061966,0.986541022463355,0.9683713503465684,0.8007729011133378,0.0031563372806327483,0.5,
HistoKit (no postprocessing),constant,19a1c0fb-3d0a-327d-ea5a-6aae35f53e51_121144_1.png,6543320,59463,4314,14051,0.9985986270131144,0.9972011762222661,0.9993411360500603,0.997857220523286,0.9972263118117886,0.9985986270131145,0.9323580601157156,0.8088663383845254,0.0006588639499397798,0.5,
HistoKit (no postprocessing),constant,cbd7b0be-5303-525e-8ff2-6d1502e77bdd_110516_1.png,11667184,483724,17554,49098,0.9971517480861946,0.9943196751684615,0.9984976984507483,0.9958094214529831,0.9945445735482371,0.9971517480861946,0.9649815072674245,0.9078529039716828,0.001502301549251682,0.5,
HistoKit (no postprocessing),gaussian,def4a0a8-b472-78ea-531c-84458df3a3e9_124843_8.png,30145953,634399,188361,1122807,0.978715867328309,0.9583188811207485,0.9937904974544669,0.964091732451175,0.9591428514448677,0.9787158673283091,0.7710620351013662,0.3610271078063699,0.006209502545533089,0.9,1.75
HistoKit (no postprocessing),constant,b0f43f79-08e2-79bc-61fa-379c7ef1dd21_131900_10.png,5045467,181713,4679,379221,0.9633502545243199,0.9292919413994302,0.9990734921327027,0.9300934910911005,0.9315817988693799,0.9633502545243199,0.9748969912871797,0.32394720234466085,0.0009265078672973019,0.5,
HistoKit (no postprocessing),constant,d9d9ce51-54c1-b32b-5fae-fd9ffdaa32e5_111717_2.png,6744498,749329,7268,1636410,0.8913821840079288,0.8040482221641511,0.9989235408928567,0.8047455001295802,0.8201174171724119,0.8913821840079288,0.9903938292115883,0.31408674628699956,0.0010764591071432273,0.5,
HistoKit (no postprocessing),constant,c0272a60-2518-4785-1810-6431c15f4b4b_130712_1.png,8100663,227728,45810,24749,0.9956637476235851,0.991364939050732,0.9943767075641201,0.9969541236801285,0.9915990689312355,0.9956637476235851,0.8325278389108643,0.9019752294268388,0.00562329243587992,0.5,
HistoKit (no postprocessing),constant,e398b039-2e70-a00a-855c-e3ff4eba631e_115619_4.png,5206051,185036,1791,374466,0.9651237968628964,0.9325983087998727,0.9996560955574305,0.9328976150417605,0.9347607841668539,0.9651237968628964,0.9904135911832872,0.33071552916700925,0.00034390444256949426,0.5,
HistoKit (no postprocessing),constant,6f1702fd-ae84-1c96-04ae-a23a14a5d2d4_111419_5.png,2293261,937785,22858,241627,0.945478330581671,0.8965945015650498,0.9901309043274547,0.9046794177888727,0.9243362453372607,0.945478330581671,0.9762055206772964,0.7951292678046349,0.009869095672545323,0.5,
HistoKit (no postprocessing),constant,2125a939-8f92-6ca7-9a29-e1755d6267ed_103351_8.png,6973908,208920,92,1192030,0.921259783230288,0.8540144966403503,0.9999868081445369,0.8540241182335697,0.8576562248132825,0.921259783230288,0.9995598338851358,0.14912737785074415,1.3191855463148839e-05,0.5,
HistoKit (no postprocessing),constant,04e13be9-17d6-1bd0-76ee-d5d53a64912e_105258_4.png,8121720,381093,35937,607994,0.961869079562473,0.9265392838478284,0.9955946909756074,0.9303535029899033,0.9295999756853368,0.961869079562473,0.9138263434285303,0.38529775439369846,0.0044053090243926655,0.5,
HistoKit (no postprocessing),constant,deaaef3a-8172-327d-10b9-23d266fb17ca_123636_1.png,3608750,3830731,255606,121435,0.9503536816774049,0.905403720365669,0.933855472942969,0.9674453143744881,0.9517635848782873,0.950353681677405,0.9374486245260731,0.9692738108672561,0.06614452705703097,0.5,
HistoKit (no postprocessing),constant,f4c75e72-7c5b-0601-d74f-78529d4dec70_114117_1.png,4365941,8465459,10306620,175406,0.45445632403361147,0.2940430161246991,0.2975582108672099,0.9613757768344943,0.5503867170788197,0.45445632403361147,0.4509601200804663,0.9797004119379252,0.7024417891327901,0.5,
HistoKit (no postprocessing),constant,8e6bc805-8b70-bd59-8612-caf5bbe72e5e_125634_2.png,7189694,1495671,213136,46572,0.9822592870488724,0.9651370673780257,0.9712088485079354,0.9935640840179175,0.970966363270596,0.9822592870488723,0.875272046521345,0.9698024241316057,0.028791151492064522,0.5,
HistoKit (no postprocessing),constant,0502ebf6-5b9d-c3a6-85fe-a3909acf1f7b_112628_7.png,5011925,904191,643,222551,0.9782186940936333,0.9573660121193043,0.9998717224384787,0.9574836144057208,0.963645100182268,0.9782186940936334,0.9992893724152717,0.8024827334030328,0.00012827756152135992,0.5,
HistoKit (no postprocessing),constant,7ea29210-064a-9e70-4612-3ab81fa629dc_120503_2.png,8358844,47314,21546,429001,0.9737569412347862,0.9488560559975144,0.9974289979344637,0.9511824571325507,0.9491292755037003,0.9737569412347863,0.6871042695323846,0.09933342430954306,0.0025710020655363296,0.5,
HistoKit (no postprocessing),constant,9e7010fd-072a-6a7f-3911-83d91e8c9301_113642_1.png,8258215,269267,76550,38335,0.9930922479671631,0.9862792752982766,0.9908155778837195,0.9953794046923119,0.9867067667920143,0.9930922479671632,0.778640147823849,0.8753746724663689,0.009184422116280422,0.5,
HistoKit (no postprocessing),constant,24aa9d72-799e-9634-ead4-94165f32d151_102546_1.png,6237226,405485,23971,100526,0.9901184614684924,0.9804303016651307,0.9961714988364047,0.9841385399744262,0.9816029003394015,0.9901184614684925,0.9441828732163481,0.8013363345856118,0.0038285011635953957,0.5,
HistoKit (no postprocessing),gaussian,e16fa7c2-3d43-e563-886f-5b0ebdd4e8c5_105048_1.png,41992575,446857,1004313,79868,0.987255324718611,0.9748314148818449,0.9766421932675686,0.9981016552806311,0.9750898207830311,0.987255324718611,0.30792877471281793,0.8483686933409275,0.023357806732431426,0.9,1.75
HistoKit (no postprocessing),constant,b91bdd22-8eea-af27-bee7-880d6f1d7c1e_121440_6.png,5788800,397464,110739,511695,0.9489809618563358,0.9029151018353097,0.9812292112993913,0.9187849526108662,0.9085825219447242,0.9489809618563358,0.7820969179638845,0.43717765539361103,0.01877078870060864,0.5,
HistoKit (no postprocessing),constant,b1a83861-bd20-5668-5a83-92a470ead44d_110338_5.png,2695823,2332881,1289,178715,0.9676928737447614,0.9374079177919952,0.999522081396694,0.937828270142889,0.965441717984575,0.9676928737447613,0.9994477694426712,0.9288440497595951,0.00047791860330605477,0.5,
HistoKit (no postprocessing),constant,d9d9ce51-54c1-b32b-5fae-fd9ffdaa32e5_111717_5.png,8986336,227443,4481,1077584,0.9432128084475792,0.8925286150203989,0.9995016025796098,0.8929260168999753,0.8949027393965954,0.9432128084475793,0.9806790155395733,0.1742822179157979,0.0004983974203901603,0.5,
HistoKit (no postprocessing),constant,e398b039-2e70-a00a-855c-e3ff4eba631e_115619_1.png,14769483,376210,612,1461559,0.952834923441679,0.9099185455776718,0.9999585649245993,0.9099528545363877,0.9119591176806361,0.952834923441679,0.9983758910042407,0.20471016759995408,4.143507540066601e-05,0.5,
HistoKit (no postprocessing),constant,40f80889-968b-7602-00a3-4e00b00e88fe_110004_3.png,21451834,8988645,143316,820462,0.9780297672219167,0.9570041629914008,0.9933635098621681,0.9631622173124854,0.9693105937835116,0.9780297672219167,0.9843061090602555,0.9163571158924049,0.0066364901378318745,0.5,
HistoKit (no postprocessing),constant,0502ebf6-5b9d-c3a6-85fe-a3909acf1f7b_112628_2.png,8343117,2885739,278113,343436,0.9640884681764268,0.9306667978483526,0.9677409139995106,0.9604634887969946,0.9475504001761965,0.9640884681764268,0.9120967099598843,0.8936459002686444,0.03225908600048949,0.5,
HistoKit (no postprocessing),constant,59c3e1ff-f1eb-ac9b-3a83-925048a454e4_130514_4.png,1787564,1073530,825,62401,0.9826223616503507,0.9658383717223455,0.9995386909671218,0.9662690915774083,0.9783792471412157,0.9826223616503508,0.9992320973979737,0.9450662056057982,0.00046130903287819374,0.5,
HistoKit (no postprocessing),constant,2125a939-8f92-6ca7-9a29-e1755d6267ed_103351_5.png,4156351,952307,2826,36588,0.9952809563468706,0.9906062422466463,0.9993205386546425,0.9912739011943651,0.992343929921726,0.9952809563468706,0.9970412497526523,0.9630011275211221,0.000679461345357507,0.5,
HistoKit (no postprocessing),constant,6247d1f0-d194-53f2-2d84-7b4b827443da_115125_1.png,2665452,453657,247115,12136,0.953623647287061,0.9113581789330404,0.915155599854012,0.9954675625973824,0.9232612865413988,0.953623647287061,0.6473674747278716,0.9739455079831599,0.08484440014598806,0.5,
HistoKit (no postprocessing),constant,0e99786b-efbd-e936-5e70-bad7ef5912da_122209_3.png,9744916,1760013,57151,180100,0.9879733359463231,0.9762325154447927,0.9941694950667038,0.9818539335352205,0.9797949784452291,0.9879733359463233,0.968549343922728,0.9071703555411463,0.005830504933296212,0.5,
HistoKit (no postprocessing),constant,0e99786b-efbd-e936-5e70-bad7ef5912da_122209_4.png,5232813,251845,13561,36268,0.9952613557853655,0.9905674092622593,0.9974151671230453,0.9931168262549009,0.9909966361832633,0.9952613557853653,0.948904696954854,0.874118835318087,0.0025848328769546357,0.5,
HistoKit (no postprocessing),constant,66e65946-ef0a-6028-f7a7-e909aade97a4_112429_4.png,9078143,969899,24354,53012,0.995756966295068,0.9915497871281651,0.9973244704172932,0.9941943817622195,0.9923592214753223,0.995756966295068,0.975505228548468,0.9481753544541021,0.002675529582706811,0.5,
HistoKit (no postprocessing),constant,7e3642ed-4a56-9d3f-3ecf-de46d455c0fd_113100_1.png,569790,1942723,1716047,84640,0.3875770465743417,0.24036934338531865,0.24926974233070862,0.8706660758217074,0.5825171566354447,0.3875770465743418,0.530977076995821,0.9582511863933593,0.7507302576692914,0.5,
HistoKit (no postprocessing),constant,728c532f-2f31-cf1c-4143-7abb9ca2b76d_102101_5.png,4867558,1829381,589062,37711,0.9395117048638525,0.885923691164584,0.8920463583683672,0.9923121443492702,0.9144186718429125,0.9395117048638525,0.7564292398042873,0.9798022807660255,0.10795364163163276,0.5,
HistoKit (no postprocessing),constant,0502ebf6-5b9d-c3a6-85fe-a3909acf1f7b_112628_5.png,2742442,843900,261,11885,0.997790443202966,0.9955906291612393,0.9999048384021164,0.9956849713196726,0.9966246934823737,0.9977904432029658,0.9996908172730083,0.9861121660230081,9.516159788354773e-05,0.5,
HistoKit (no postprocessing),constant,59c3e1ff-f1eb-ac9b-3a83-925048a454e4_130514_1.png,4980140,706386,121640,82955,0.9798723545542862,0.960538966793867,0.9761573411632802,0.9836157528152247,0.9652706165770487,0.9798723545542861,0.8530964003545782,0.8949060038690503,0.023842658836719734,0.5,
HistoKit (no postprocessing),constant,228e0715-eef2-126e-c558-f7684e2bcfa8_110725_7.png,7461449,367181,172,1772307,0.8938341434278483,0.8080471279394857,0.9999769487085983,0.808062179680728,0.8153880973541703,0.8938341434278485,0.999531785503317,0.17162096725945647,2.3051291401694082e-05,0.5,
HistoKit (no postprocessing),constant,f761dbde-597d-9a8f-e1a1-2533f0d71b83_120113_1.png,9222914,1003278,5893,148155,0.9917177942476606,0.9835716514581162,0.9993614559281606,0.9841901708332315,0.9851594953488552,0.9917177942476606,0.9941605535632713,0.8713298993515037,0.0006385440718394045,0.5,
HistoKit (no postprocessing),constant,c38dfb82-e376-0eab-4312-72ca49852e8b_104329_1.png,3510505,813019,39971,80243,0.9831661911179372,0.9668897537925684,0.988742072893888,0.9776528455909466,0.9729475500130745,0.9831661911179372,0.9531401305994208,0.9101685731621854,0.011257927106111969,0.5,
HistoKit (no postprocessing),constant,7d4546a5-f4cc-3733-763f-d1c5a5904dff_120251_4.png,3296541,261632,5015,158348,0.9758211603883403,0.9527839500749153,0.9984810192527402,0.9541669790259543,0.9561033401262274,0.9758211603883403,0.9811923629367666,0.6229629982380114,0.001518980747259777,0.5,
HistoKit (no postprocessing),constant,59c3e1ff-f1eb-ac9b-3a83-925048a454e4_130514_3.png,2358014,404082,8397,59595,0.9857876848340935,0.9719736884410014,0.996451588502589,0.9753496119513122,0.9759753053615294,0.9857876848340935,0.9796425999869084,0.8714730297168072,0.0035484114974110585,0.5,
HistoKit (no postprocessing),constant,7e3642ed-4a56-9d3f-3ecf-de46d455c0fd_113100_4.png,8180480,3779182,833,83409,0.9948774116608601,0.9898070376716845,0.9998981826022302,0.9899068102197404,0.9930054241548255,0.9948774116608601,0.9997796305041118,0.9784059456463291,0.00010181739776977119,0.5,
HistoKit (no postprocessing),constant,c0272a60-2518-4785-1810-6431c15f4b4b_130712_3.png,33254831,2116694,171494,338580,0.9923891971165031,0.9848933678326653,0.9948694928323709,0.9899212378284539,0.9857845242627008,0.9923891971165031,0.9250524869460027,0.8621009304867807,0.005130507167629107,0.5,
HistoKit (no postprocessing),constant,7e3642ed-4a56-9d3f-3ecf-de46d455c0fd_113100_3.png,3798165,1528338,25485,135924,0.9791938089177787,0.9592357662718262,0.993334902514613,0.9654496886064347,0.9705882674503526,0.9791938089177786,0.9835985179779164,0.9183277632968847,0.006665097485387,0.5,
HistoKit (no postprocessing),constant,b0f43f79-08e2-79bc-61fa-379c7ef1dd21_131900_5.png,7496664,154611,16171,352595,0.9759950694221764,0.9531155957144111,0.9978475502257137,0.9550791991957457,0.9540194370577407,0.9759950694221764,0.9053120352261947,0.3048288072301984,0.0021524497742862712,0.5,
HistoKit (no postprocessing),constant,3e1fffa8-5bae-87b0-bc39-e4a1bc285608_122517_7.png,3689895,351973,22,2496622,0.7472119997966877,0.5964393015222244,0.9999940378062704,0.5964414225322584,0.6181632762928324,0.7472119997966878,0.9999374991122033,0.12356021126204322,5.962193729560854e-06,0.5,
HistoKit (no postprocessing),constant,66e65946-ef0a-6028-f7a7-e909aade97a4_112429_5.png,13333176,466691,12597,10576,0.9991317567472632,0.9982650198793098,0.99905610562985,0.9992074193225413,0.9983235959673126,0.9991317567472632,0.9737172639415133,0.9778404959907138,0.0009438943701500093,0.5,
HistoKit (no postprocessing),constant,cbd7b0be-5303-525e-8ff2-6d1502e77bdd_110516_5.png,4528880,502495,138300,127800,0.9714603179369917,0.944504460915374,0.9703675452843045,0.9725555546011322,0.9497685217957612,0.9714603179369917,0.7841743459296655,0.7972378013469883,0.02963245471569556,0.5,
HistoKit (no postprocessing),constant,1875292b-dccd-c5b5-17ad-67c30baa6d69_130951_13.png,11380327,338376,53364,1291760,0.9441991044636684,0.8942965557762943,0.9953327407571186,0.8980625685413933,0.8970344601164728,0.9441991044636683,0.8637769949456272,0.2075753188691005,0.004667259242881411,0.5,
HistoKit (no postprocessing),constant,6f1702fd-ae84-1c96-04ae-a23a14a5d2d4_111419_3.png,4547902,344974,16480,70388,0.9905400083984269,0.9812573223698263,0.9963894345390022,0.98475886096369,0.9825557297724542,0.9905400083984269,0.9544063698285259,0.8305381811528257,0.003610565460997787,0.5,
HistoKit (no postprocessing),constant,1875292b-dccd-c5b5-17ad-67c30baa6d69_130951_12.png,7001905,280679,5466,1179310,0.9219956354067456,0.8552800579380093,0.9992199642348036,0.8558514841621935,0.8600772850097315,0.9219956354067456,0.9808977965716682,0.19224733884981327,0.0007800357651963911,0.5,
HistoKit (no postprocessing),constant,e398b039-2e70-a00a-855c-e3ff4eba631e_115619_3.png,17457706,537719,24854,3354121,0.9117631782433284,0.837835257928074,0.9985783546574415,0.8388358215739541,0.8419148607680216,0.9117631782433285,0.9558208445837252,0.13816575193224798,0.001421645342558527,0.5,
HistoKit (no postprocessing),constant,04e13be9-17d6-1bd0-76ee-d5d53a64912e_105258_3.png,9520339,315544,1915,1335702,0.9343607009320456,0.8768076606683616,0.9997988921530554,0.8769623290847925,0.8802866604018437,0.9343607009320456,0.9939677249660586,0.1910944825907224,0.00020110784694464146,0.5,
HistoKit (no postprocessing),constant,b91bdd22-8eea-af27-bee7-880d6f1d7c1e_121440_1.png,5271533,1303604,80988,483987,0.9491381963750404,0.9031998242784898,0.9848691859406064,0.9159090751139776,0.920873089945928,0.9491381963750404,0.941507678796353,0.7292518255014709,0.015130814059393694,0.5,
HistoKit (no postprocessing),constant,b91bdd22-8eea-af27-bee7-880d6f1d7c1e_121440_2.png,9639055,1019267,4685,1273828,0.9378053000242307,0.8828939741891234,0.9995141926265121,0.8832730086082661,0.8928934679921436,0.9378053000242307,0.9954245902151664,0.44449401354937323,0.0004858073734878792,0.5,
HistoKit (no postprocessing),constant,b1a83861-bd20-5668-5a83-92a470ead44d_110338_3.png,837730,1704190,42437,99314,0.9219952993901094,0.8552794796427904,0.9517852862013686,0.894013514840285,0.9471801871391836,0.9219952993901093,0.9757034558609251,0.9449327531294636,0.048214713798631396,0.5,
HistoKit (no postprocessing),constant,3e1fffa8-5bae-87b0-bc39-e4a1bc285608_122517_3.png,10626662,492960,15770,1485032,0.9340426435188062,0.8762476639798724,0.9985181958409507,0.8773885799954986,0.8810814913983872,0.9340426435188062,0.9690012383779215,0.24922244377125893,0.0014818041590493602,0.5,
HistoKit (no postprocessing),constant,c74350c8-f970-c60d-af8a-f9c4d9c5bab2_124242_4.png,0,2726636,910742,1278,0.0,0.0,0.0,0.0,0.749352508178844,,0.7496157946740757,0.9995315101575782,1.0,0.5,
HistoKit (no postprocessing),constant,c74350c8-f970-c60d-af8a-f9c4d9c5bab2_124242_5.png,0,5503179,5597685,1850,0.0,0.0,0.0,0.0,0.495660700617885,,0.4957433043049622,0.9996639436413505,1.0,0.5,
HistoKit (no postprocessing),constant,0504f20c-cba2-27c1-e181-78505aa24ca7_112258_4.png,9943396,1327544,448161,134259,0.9715465353527043,0.9446674728116091,0.9568725841565418,0.9866775554432058,0.9508645649841058,0.9715465353527044,0.7476151725652628,0.9081552028556515,0.0431274158434583,0.5,
HistoKit (no postprocessing),constant,5fe08b37-e6eb-942a-a4ce-507361c4911e_102333_2.png,9072314,69971,13013,116112,0.9929338543647821,0.9859668688777918,0.9985676905190094,0.9873632328322609,0.9860727764169636,0.9929338543647821,0.843186638388123,0.3760203780033641,0.0014323094809906127,0.5,
HistoKit (no postprocessing),constant,cbd7b0be-5303-525e-8ff2-6d1502e77bdd_110516_4.png,3246035,341266,971,72198,0.988855089662387,0.9779558592963855,0.9997009552800333,0.9782420342393074,0.9800110368340678,0.988855089662387,0.997162784853771,0.8253826209778844,0.00029904471996664006,0.5,
HistoKit (no postprocessing),constant,7e6be544-b3c1-c3b1-a8a1-838402bd2649_124526_4.png,4610555,475495,17099,80211,0.9895572425368249,0.9793303333889141,0.9963050392272197,0.9829002342048185,0.981226463143598,0.9895572425368249,0.9652878435384922,0.8556592874649545,0.0036949607727803334,0.5,
HistoKit (no postprocessing),constant,66e65946-ef0a-6028-f7a7-e909aade97a4_112429_3.png,4701973,169799,12549,6117,0.9980190206282504,0.9960458742979499,0.9973382243205143,0.998700747012058,0.9961831639620009,0.9980190206282504,0.9311810384539452,0.9652277223220174,0.0026617756794856404,0.5,
HistoKit (no postprocessing),constant,24aa9d72-799e-9634-ead4-94165f32d151_102546_6.png,8293815,117728,3439,30342,0.9979676214010953,0.9959434871720482,0.9995855255244687,0.9963549462125715,0.9960000350489809,0.9979676214010952,0.9716176846831233,0.7950834064969271,0.0004144744755313023,0.5,
HistoKit (no postprocessing),constant,0f3058e5-e9f7-bd55-4b60-07a71af55b96_123333_3.png,30582737,1528417,105175,546500,0.9894580224008713,0.9791359926993343,0.9965727547706732,0.9824441569191047,0.9801093183986035,0.9894580224008712,0.9356173389683593,0.736615970662923,0.0034272452293267787,0.5,
HistoKit (no postprocessing),constant,def4a0a8-b472-78ea-531c-84458df3a3e9_124843_6.png,16585331,7803423,2178678,15067,0.9379674314912165,0.8831814195757023,0.8838905907580837,0.999092371158812,0.9174740869923479,0.9379674314912166,0.78174153918098,0.9980729015449274,0.11610940924191626,0.5,
HistoKit (no postprocessing),constant,b91bdd22-8eea-af27-bee7-880d6f1d7c1e_121440_4.png,6433570,255913,19846,272862,0.9777574938555521,0.9564829167037104,0.9969247294766059,0.959313387506203,0.958077915657134,0.9777574938555522,0.928031360717148,0.483973334594109,0.0030752705233941216,0.5,
HistoKit (no postprocessing),constant,84acf623-2a5d-c4c6-c1db-583a94b80fc7_105804_1.png,45409225,3739997,51258,767680,0.9910632764871037,0.982284868209018,0.998872471284566,0.9833752392023675,0.9836108033595794,0.9910632764871038,0.986479938701037,0.829694984800375,0.0011275287154340176,0.5,
HistoKit (no postprocessing),constant,9e7010fd-072a-6a7f-3911-83d91e8c9301_113642_6.png,7041920,1651457,26816,844607,0.9417313490240861,0.8898792836352475,0.9962063939012576,0.8929050772285443,0.9088927107728337,0.941731349024086,0.9840216698951839,0.6616244615522678,0.003793606098742406,0.5,
HistoKit (no postprocessing),constant,969ce636-2f0f-f223-bb1c-2b4624598a38_125938_4.png,15244259,768901,72340,4264520,0.8754684012331467,0.7785182756920072,0.9952770193957549,0.781405079221001,0.7868866959344512,0.8754684012331467,0.9140079953307079,0.15275912744036313,0.004722980604245107,0.5,
HistoKit (no postprocessing),constant,859ead5f-592a-5c4e-67de-d71b0ee92f6d_113334_2.png,12744899,601064,39014,263767,0.9882609257492242,0.9767942653406583,0.9969481957519579,0.9797237472312688,0.9778162005236526,0.9882609257492242,0.9390480535184774,0.6950074638860078,0.003051804248042051,0.5,
HistoKit (no postprocessing),constant,35ce6eab-4a33-9fbb-2efe-2acf7936ba3e_104917_2.png,7253674,4669888,720376,146362,0.943623445322213,0.893264282649698,0.9096599594936073,0.9802214475713361,0.9322347403892012,0.943623445322213,0.8663560820026626,0.9696107967817286,0.0903400405063926,0.5,
HistoKit (no postprocessing),constant,d9d9ce51-54c1-b32b-5fae-fd9ffdaa32e5_111717_3.png,10901885,734740,27269,1020856,0.954134000703224,0.9122908683758424,0.9975049303907695,0.9143774070073316,0.9173712528823982,0.954134000703224,0.9642143334265081,0.41851314311493076,0.002495069609230504,0.5,
HistoKit (no postprocessing),constant,1875292b-dccd-c5b5-17ad-67c30baa6d69_130951_4.png,3890356,150225,2854,167200,0.9786116205658675,0.9581190076864159,0.9992669288325058,0.9587929285510786,0.9596132174838237,0.9786116205658675,0.9813560318528342,0.4732614003307868,0.0007330711674941757,0.5,
HistoKit (no postprocessing),constant,6b809376-ab46-9021-2fa3-0d0025b512da_132412_1.png,3748852,439209,7809,70843,0.9896187560352233,0.9794508379351139,0.9979212923391277,0.9814532312134869,0.9815661376802236,0.9896187560352233,0.9825309047957801,0.8611063185714398,0.002078707660872248,0.5,
HistoKit (no postprocessing),constant,c38dfb82-e376-0eab-4312-72ca49852e8b_104329_5.png,2623387,527510,2642,68539,0.9866149675956265,0.9735835206237141,0.998993918193592,0.9745390475072495,0.9779083560360736,0.9866149675956265,0.9950165235630536,0.8850111316351508,0.0010060818064080786,0.5,
HistoKit (no postprocessing),constant,cbd7b0be-5303-525e-8ff2-6d1502e77bdd_110516_2.png,9592346,749843,30182,42729,0.9962139109420834,0.9924563826911172,0.9968634022161328,0.9955652654494127,0.992999491123465,0.9962139109420836,0.9613063683856287,0.9460881787395972,0.0031365977838671917,0.5,
HistoKit (no postprocessing),constant,e3dca99c-de77-4ab1-72a1-8daf3d4d032c_120923_2.png,9194534,1267703,39841,127618,0.9909757359229989,0.9821128898515519,0.9956855769881556,0.9863102425276911,0.9842461157873188,0.9909757359229989,0.9695298972730554,0.9085386086785765,0.0043144230118443315,0.5,
HistoKit (no postprocessing),constant,8e6bc805-8b70-bd59-8612-caf5bbe72e5e_125634_1.png,64587698,1027088,143635,93937,0.9981642334329277,0.9963351945930962,0.9977810591356121,0.9985477021414193,0.9963923539381839,0.9981642334329277,0.8773108583328422,0.9162043665395508,0.0022189408643878846,0.5,
HistoKit (no postprocessing),constant,b0f43f79-08e2-79bc-61fa-379c7ef1dd21_131900_4.png,13147495,195756,11982,385099,0.9851236346554001,0.9706833938544847,0.9990894774921526,0.9715428542377019,0.9711010621868525,0.9851236346554001,0.9423215781416977,0.3370135403844333,0.0009105225078473863,0.5,
HistoKit (no postprocessing),constant,859ead5f-592a-5c4e-67de-d71b0ee92f6d_113334_1.png,20297116,374007,7751,302766,0.9924087787459593,0.9849319424506444,0.9996182688613523,0.9853025371698731,0.9852005372315987,0.9924087787459593,0.979696561696153,0.5526328621265919,0.0003817311386476947,0.5,
HistoKit (no postprocessing),constant,24aa9d72-799e-9634-ead4-94165f32d151_102546_7.png,10990761,597401,11486,66872,0.9964479407866226,0.9929210265062649,0.9989560314361239,0.9939524127812888,0.9932835155641957,0.9964479407866226,0.9811360728673794,0.8993305463265856,0.0010439685638760881,0.5,
HistoKit (no postprocessing),constant,7e6be544-b3c1-c3b1-a8a1-838402bd2649_124526_3.png,50305507,510712,38395,51826,0.9991040725568063,0.9982097490485702,0.9992373455676916,0.9989708350916837,0.9982277095000162,0.9991040725568062,0.930077380182733,0.9078711127070527,0.0007626544323084055,0.5,
HistoKit (no postprocessing),constant,19a1c0fb-3d0a-327d-ea5a-6aae35f53e51_121144_3.png,24672887,1519703,40788,179418,0.9955573157234054,0.9911539317352006,0.9983495777135534,0.9927806294023834,0.9916629046012395,0.9955573157234054,0.9738620728988504,0.8944054013810671,0.0016504222864466738,0.5,
HistoKit (no postprocessing),constant,7ea29210-064a-9e70-4612-3ab81fa629dc_120503_4.png,2832719,177476,3707,453705,0.9252942665588737,0.8609745326249928,0.99869307360742,0.8619456892963294,0.868090011353651,0.9252942665588737,0.9795400230705972,0.28118083402383787,0.001306926392579958,0.5,
HistoKit (no postprocessing),constant,7ea29210-064a-9e70-4612-3ab81fa629dc_120503_1.png,8740070,156521,4612,1046317,0.9432882690145938,0.8926637618898746,0.9994725937432601,0.8930844447496302,0.8943526627742392,0.9432882690145938,0.9713776817908187,0.13012641768883257,0.0005274062567398105,0.5,
HistoKit (no postprocessing),constant,f761dbde-597d-9a8f-e1a1-2533f0d71b83_120113_5.png,3494651,643134,554859,29563,0.9228355826011088,0.8567267612028517,0.8629812001945915,0.9916114628680324,0.8762396481136893,0.9228355826011088,0.5368428696995725,0.9560530223860074,0.13701879980540854,0.5,
HistoKit (no postprocessing),constant,5fe08b37-e6eb-942a-a4ce-507361c4911e_102333_3.png,13549843,1657493,25209,1626450,0.9425536787931138,0.8913489601224932,0.9981429905388207,0.8928295598931834,0.9020309929506474,0.9425536787931138,0.9850187377206422,0.5047264827678191,0.0018570094611792278,0.5,
HistoKit (no postprocessing),constant,969ce636-2f0f-f223-bb1c-2b4624598a38_125938_5.png,13005741,272268,8561,1382215,0.9492459344043838,0.9033949669909743,0.9993421852359043,0.9039324974304898,0.9051880574976046,0.9492459344043838,0.9695152566152356,0.16456379424871698,0.0006578147640956849,0.5,
HistoKit (no postprocessing),constant,969ce636-2f0f-f223-bb1c-2b4624598a38_125938_2.png,4598889,329487,5589,1192539,0.8847500160159201,0.7933199091877771,0.9987861816257999,0.7940855001564381,0.8044352864210976,0.8847500160159201,0.9833202019840275,0.21647921914605928,0.0012138183742000722,0.5,
HistoKit (no postprocessing),constant,a40a1d35-8d5f-0529-214c-05d84888ba26_111152_2.png,2766284,3931565,230,116001,0.979423767777894,0.9596772263110512,0.9999168628823133,0.9597538064417641,0.9829425248896403,0.979423767777894,0.9999415025452751,0.9713405538044345,8.3137117686735e-05,0.5,
HistoKit (no postprocessing),constant,9e7010fd-072a-6a7f-3911-83d91e8c9301_113642_2.png,2599205,923103,9071,436977,0.9209759378136927,0.8535267841456851,0.9965222238750807,0.8560768096247194,0.8875987940598071,0.9209759378136926,0.9902689841166993,0.6787122816304924,0.0034777761249192955,0.5,
HistoKit (no postprocessing),constant,04e13be9-17d6-1bd0-76ee-d5d53a64912e_105258_1.png,14287946,260432,50736,610344,0.9773889033378697,0.9557777209030207,0.9964615994691841,0.9590326138100412,0.9565349402983327,0.9773889033378697,0.8369498148909914,0.29908036050603143,0.0035384005308158727,0.5,
HistoKit (no postprocessing),constant,2125a939-8f92-6ca7-9a29-e1755d6267ed_103351_3.png,10205079,2437543,403965,718309,0.9478798307594795,0.9009235432143767,0.9619225822797982,0.9342411896382331,0.9184683996159506,0.9478798307594795,0.8578342908061494,0.7723882488785913,0.03807741772020175,0.5,
HistoKit (no postprocessing),constant,40f80889-968b-7602-00a3-4e00b00e88fe_110004_1.png,8713392,908315,84437,2938631,0.8521716440784022,0.7424207980941442,0.9904025186213553,0.747800789613958,0.7609235435189634,0.8521716440784022,0.9149465324673232,0.23611327011088795,0.009597481378644664,0.5,
HistoKit (no postprocessing),constant,f9a50b4c-7c73-18cd-0877-8296eed330e2_114604_2.png,8729445,1662670,34342,2050509,0.8933238523781092,0.8072134330334587,0.9960813744104005,0.8097849953719654,0.8329040088752345,0.8933238523781091,0.9797632544731564,0.4477753429069808,0.003918625589599565,0.5,
HistoKit (no postprocessing),constant,c38dfb82-e376-0eab-4312-72ca49852e8b_104329_2.png,5756010,752934,15032,71515,0.9925381299258779,0.9851867940697883,0.9973952710792956,0.9877280663746616,0.9868778533698249,0.992538129925878,0.9804262167856389,0.9132572178509526,0.0026047289207044412,0.5,
HistoKit (no postprocessing),constant,0f3058e5-e9f7-bd55-4b60-07a71af55b96_123333_2.png,15237862,829468,45716,87182,0.9956581514842452,0.9913538432712501,0.9970088156058745,0.9943111419451716,0.9917965352092576,0.9956581514842452,0.9477641273149418,0.9048906343751705,0.0029911843941255118,0.5,
HistoKit (no postprocessing),constant,0502ebf6-5b9d-c3a6-85fe-a3909acf1f7b_112628_1.png,7701567,2937873,394992,60747,0.9712628381600634,0.9441311874287909,0.9512148308929756,0.992174111998046,0.9589245923837731,0.9712628381600634,0.881485748747699,0.9797416811733397,0.04878516910702436,0.5,
HistoKit (no postprocessing),constant,7d4546a5-f4cc-3733-763f-d1c5a5904dff_120251_3.png,2827137,448428,12299,219716,0.9605838245454819,0.9241570866697699,0.9956685059990787,0.9278875613624944,0.9338532549507067,0.9605838245454819,0.9733052328168308,0.6711547211379583,0.00433149400092131,0.5,
HistoKit (no postprocessing),constant,c0272a60-2518-4785-1810-6431c15f4b4b_130712_2.png,17007436,1509944,70495,285764,0.9896349352018704,0.9794825352553129,0.9958721580500589,0.9834753544745912,0.9811239899205447,0.9896349352018705,0.9553953047222955,0.8408627683342726,0.004127841949941126,0.5,
HistoKit (no postprocessing),constant,c38dfb82-e376-0eab-4312-72ca49852e8b_104329_4.png,5024654,145840,5964,29162,0.996516809966727,0.9930578009320563,0.9988144597741272,0.9942297068195597,0.9932522927144125,0.996516809966727,0.9607124976943954,0.8333619044353778,0.001185540225872845,0.5,
HistoKit (no postprocessing),constant,7ea29210-064a-9e70-4612-3ab81fa629dc_120503_3.png,3912882,231460,7189,533542,0.9353694707281842,0.8785859929904103,0.9981661046445333,0.8800064951070793,0.8845842956982741,0.9353694707281843,0.969876261790328,0.302561300493332,0.001833895355466776,0.5,
HistoKit (no postprocessing),constant,228e0715-eef2-126e-c558-f7684e2bcfa8_110725_12.png,2047899,6120066,448572,297831,0.8458546020704221,0.7328839187747065,0.8203175602680745,0.8730327019733729,0.9162696671261497,0.8458546020704222,0.931710043999989,0.95359367718117,0.17968243973192558,0.5,
HistoKit (no postprocessing),constant,5fe08b37-e6eb-942a-a4ce-507361c4911e_102333_4.png,5039660,515495,13193,2255852,0.8162473331489635,0.6895421281882358,0.9973889998383092,0.6907890769009769,0.7099965491679661,0.8162473331489634,0.9750457736888297,0.1860088253113017,0.002611000161690831,0.5,
HistoKit (no postprocessing),constant,7e6be544-b3c1-c3b1-a8a1-838402bd2649_124526_2.png,49836287,1354285,94537,108086,0.9979712380442163,0.9959506911721299,0.9981066404992636,0.9978358723213925,0.9960573963148234,0.9979712380442163,0.9347490582003862,0.9260885233637702,0.0018933595007364589,0.5,
HistoKit (no postprocessing),constant,be2180cd-04c9-2627-2456-4397fd5e59ee_103647_6.png,3749128,359996,10381,89222,0.9868906490631111,0.9741205607770458,0.9972387351646186,0.976755116130629,0.9763341742051694,0.9868906490631111,0.9719718017047495,0.8013837379624147,0.0027612648353814288,0.5,
HistoKit (no postprocessing),constant,228e0715-eef2-126e-c558-f7684e2bcfa8_110725_1.png,7597955,563716,17675,2386253,0.8634119245870331,0.7596524574422636,0.9976791151881066,0.760997266883863,0.7724759381839118,0.8634119245870332,0.969598772598819,0.19109217757881525,0.002320884811893435,0.5,
HistoKit (no postprocessing),constant,6f1702fd-ae84-1c96-04ae-a23a14a5d2d4_111419_1.png,2936936,787446,917,67323,0.9885158677588036,0.9772925113204685,0.9996878672962874,0.9775908135749947,0.9820071707647111,0.9885158677588035,0.9988368302419063,0.9212383696647867,0.0003121327037125411,0.5,
HistoKit (no postprocessing),constant,0f3058e5-e9f7-bd55-4b60-07a71af55b96_123333_1.png,18627426,805278,32495,271801,0.9918982187774866,0.9839266602372463,0.9982585671182638,0.9856184065094302,0.9845824593403253,0.9918982187774866,0.9612126435203808,0.7476498938332286,0.0017414328817362088,0.5,
HistoKit (no postprocessing),constant,9e7010fd-072a-6a7f-3911-83d91e8c9301_113642_4.png,6900688,213408,49242,947542,0.9326413554117539,0.8737844211413475,0.9929147487816424,0.8792667900915239,0.87710532026118,0.9326413554117539,0.8125185608223872,0.18382187002024206,0.007085251218357595,0.5,
HistoKit (no postprocessing),constant,deaaef3a-8172-327d-10b9-23d266fb17ca_123636_5.png,2365874,162852,863,458807,0.9114557910767347,0.8373162831652949,0.999635362949073,0.8375721010620314,0.8461816974724903,0.9114557910767347,0.9947286442903827,0.26196355236552515,0.0003646370509270781,0.5,
HistoKit (no postprocessing),constant,9e7010fd-072a-6a7f-3911-83d91e8c9301_113642_7.png,2999453,3462264,147006,325022,0.9270541161445937,0.864026909552436,0.9532789081313311,0.9022335857541416,0.931923080528632,0.9270541161445937,0.9592698800588485,0.9141807616324724,0.04672109186866887,0.5,
HistoKit (no postprocessing),constant,f761dbde-597d-9a8f-e1a1-2533f0d71b83_120113_2.png,3066571,463377,22012,40144,0.9899672299863541,0.9801337732566632,0.9928731071821609,0.9870783126228186,0.9826964920837481,0.9899672299863542,0.954650805848505,0.9202734344744311,0.0071268928178391195,0.5,
HistoKit (no postprocessing),constant,3e1fffa8-5bae-87b0-bc39-e4a1bc285608_122517_5.png,5124204,1717287,279491,528933,0.9268846628039569,0.8637325650622287,0.9482777988024861,0.906435488826823,0.8943224859361183,0.9268846628039569,0.8600290067298417,0.7645230654165664,0.051722201197513924,0.5,
HistoKit (no postprocessing),constant,7e3642ed-4a56-9d3f-3ecf-de46d455c0fd_113100_2.png,2194993,1253524,3572,130803,0.9702996732577264,0.9423126788038644,0.9983753038914019,0.943759899836443,0.9624953808264385,0.9702996732577264,0.9971585304543169,0.9055114868091138,0.0016246961085981083,0.5,
HistoKit (no postprocessing),constant,8e6bc805-8b70-bd59-8612-caf5bbe72e5e_125634_3.png,31227742,391472,27572,88099,0.9981513686298423,0.9963095595237188,0.9991178460085219,0.9971867592506936,0.9963550836878722,0.9981513686298423,0.9342026135680263,0.8162962314235014,0.0008821539914780571,0.5,
HistoKit (no postprocessing),constant,54b22c23-34e4-1c55-9de2-c8e205e762bc_131621_2.png,20987751,1717540,76749,314795,0.9907582888832986,0.981685832016444,0.9963564765363526,0.9852226583620568,0.983047720607607,0.9907582888832986,0.9572259541244471,0.8451067368322643,0.003643523463647369,0.5,
HistoKit (no postprocessing),constant,1875292b-dccd-c5b5-17ad-67c30baa6d69_130951_1.png,9878467,349203,6842,2046169,0.9058681257563923,0.8279332200084516,0.9993078617977446,0.828408263363343,0.8328259646187374,0.9058681257563923,0.9807833279501187,0.1457823669976939,0.0006921382022554884,0.5,
HistoKit (no postprocessing),constant,7d4546a5-f4cc-3733-763f-d1c5a5904dff_120251_1.png,6379642,934823,26501,392650,0.9681941748014844,0.9383492040425411,0.9958631894417592,0.9420211060007454,0.9458014207066914,0.9681941748014844,0.9724328114142579,0.7042124397257044,0.004136810558240739,0.5,
HistoKit (no postprocessing),constant,be2180cd-04c9-2627-2456-4397fd5e59ee_103647_1.png,28907287,455453,8673,55247,0.9988956174291612,0.9977936714890754,0.9997000618343641,0.9980924666329265,0.9978278200787993,0.9988956174291612,0.9813132640705325,0.89182102995888,0.0002999381656358634,0.5,
HistoKit (no postprocessing),constant,f761dbde-597d-9a8f-e1a1-2533f0d71b83_120113_3.png,10022631,14821491,291279,106739,0.9805306193526675,0.9618048741493932,0.9717586250025451,0.9894624246127844,0.9842320025164268,0.9805306193526675,0.9807262996790131,0.9928498556091379,0.028241374997454893,0.5,
HistoKit (no postprocessing),constant,f9a50b4c-7c73-18cd-0877-8296eed330e2_114604_5.png,4980184,3167176,466748,1051332,0.8677451864572632,0.7663868380847562,0.9143099271296209,0.8256935735559684,0.8429373106656293,0.8677451864572633,0.8715581283483089,0.7507810818422058,0.08569007287037914,0.5,
HistoKit (no postprocessing),constant,6f1702fd-ae84-1c96-04ae-a23a14a5d2d4_111419_2.png,6370832,566066,14133,248005,0.9798414340667445,0.9604795438544121,0.9977865187984586,0.9625304264178133,0.9635870691575927,0.9798414340667445,0.9756411162377047,0.6953521253060236,0.0022134812015414335,0.5,
HistoKit (no postprocessing),constant,1c7a4a4c-ace6-25f8-ee0c-f8914aeab226_121941_3.png,7004337,3800720,597053,133118,0.9504594152391181,0.9055956758981955,0.9214547602477968,0.9813493745319585,0.9367007743583395,0.9504594152391181,0.8642374219860826,0.9661607824216453,0.07854523975220322,0.5,
HistoKit (no postprocessing),constant,9601a588-d18f-b3b2-00f0-b816a7730c15_114312_2.png,5457527,424536,18151,56266,0.9932283364686071,0.9865477669332878,0.9966851593537823,0.9897954094395637,0.9875065474911358,0.9932283364686071,0.9589981183093247,0.8829746964446903,0.003314840646217692,0.5,
HistoKit (no postprocessing),constant,9601a588-d18f-b3b2-00f0-b816a7730c15_114312_1.png,9481132,1015270,345625,77871,0.9781542740650869,0.9572426142607274,0.9648281727125235,0.991853648335501,0.9612179527684233,0.9781542740650869,0.7460311045304744,0.9287639929341228,0.03517182728747643,0.5,
HistoKit (no postprocessing),gaussian,2125a939-8f92-6ca7-9a29-e1755d6267ed_103351_7.png,714343,336694,8674,1652739,0.46234311586780874,0.30068028871651803,0.9880030483377292,0.30178210978749365,0.38748622094416485,0.46234311586780874,0.9748847606031827,0.16924118580520178,0.011996951662270735,0.75,2.25
HistoKit (no postprocessing),constant,54b22c23-34e4-1c55-9de2-c8e205e762bc_131621_1.png,26119756,1342607,130302,172583,0.9942354171622585,0.9885369142320027,0.9950361252535137,0.993435996698506,0.9890912193544966,0.9942354171622585,0.9115342495700685,0.8860981131079271,0.004963874746486275,0.5,
HistoKit (no postprocessing),gaussian,be2180cd-04c9-2627-2456-4397fd5e59ee_103647_4.png,4390067,438440,26161,457456,0.9477946892139049,0.9007697257351933,0.994076166357353,0.9056309789556439,0.9089597682584217,0.9477946892139049,0.9436914685934813,0.48938716100976004,0.0059238336426470735,0.75,2.25
HistoKit (no postprocessing),gaussian,228e0715-eef2-126e-c558-f7684e2bcfa8_110725_2.png,2741625,184641,61668,752572,0.870704042404196,0.7710149288569729,0.9780015859919031,0.7846223323985454,0.7823182211176777,0.870704042404196,0.7496315603571124,0.1970107115458279,0.021998414008096906,0.75,2.25
HistoKit (no postprocessing),gaussian,39bcf904-a619-148a-5bca-38122a540be1_104536_1.png,1660209,912183,1513,345411,0.9054017869072478,0.8271544536410891,0.9990894987248168,0.8277784425763605,0.8811625736987705,0.9054017869072478,0.9983440881868806,0.7253398155525551,0.0009105012751832135,0.75,2.25
HistoKit (no postprocessing),constant,be2180cd-04c9-2627-2456-4397fd5e59ee_103647_3.png,21817119,1445055,45508,261017,0.993024131146744,0.986144913559448,0.9979184569173686,0.9881775798464145,0.9869944030427814,0.9930241311467441,0.9694692542348092,0.8470070430790728,0.0020815430826313782,0.5,
HistoKit (no postprocessing),gaussian,9e7010fd-072a-6a7f-3911-83d91e8c9301_113642_3.png,3199653,270971,3680,570022,0.9177253202635075,0.8479597069451457,0.9988511965505927,0.848787494943198,0.858146450113072,0.9177253202635075,0.9866011774943474,0.3222036330861256,0.0011488034494072268,0.75,2.25
HistoKit (no postprocessing),constant,332605c9-e7e2-297a-c808-98d567218fe3_115336_3.png,9096262,266171,30810,144333,0.9904646028262598,0.9811093356400675,0.9966243281525554,0.9843805512523814,0.9816365290300176,0.9904646028262598,0.8962559894404019,0.6484005027965623,0.003375671847444613,0.5,
HistoKit (no postprocessing),constant,10fd35f3-17d4-d309-f849-cc9e883460c1_123055_2.png,4868329,3674781,3632760,101620,0.7227845396917446,0.5659065068921895,0.5726712189461844,0.979553110102337,0.6958352236491335,0.7227845396917446,0.5028751805840022,0.9730907814080125,0.42732878105381555,0.5,
HistoKit (no postprocessing),gaussian,c74350c8-f970-c60d-af8a-f9c4d9c5bab2_124242_3.png,305063,1907507,1519829,21605,0.2835737790254513,0.16521174959937654,0.16716770088312075,0.9338625148468782,0.5893893560049484,0.2835737790254513,0.5565567542837936,0.9888005465727236,0.8328322991168793,0.75,2.25
HistoKit (no postprocessing),constant,969ce636-2f0f-f223-bb1c-2b4624598a38_125938_1.png,21917923,765742,149506,2289579,0.9472914395053339,0.899861058468265,0.9932250376788343,0.9054186177491589,0.9029132957180245,0.9472914395053339,0.8366497386500708,0.2506257116682666,0.006774962321165733,0.5,
HistoKit (no postprocessing),gaussian,332605c9-e7e2-297a-c808-98d567218fe3_115336_2.png,5420660,468001,13867,207328,0.9800049988632784,0.9607939232752348,0.9974483519908909,0.9631612576288364,0.963797019111416,0.9800049988632783,0.9712224094565317,0.6929970429227829,0.0025516480091091645,0.75,2.25
HistoKit (no postprocessing),gaussian,0502ebf6-5b9d-c3a6-85fe-a3909acf1f7b_112628_8.png,4019683,94761,655,43866,0.9944926246495034,0.9890455794049708,0.9998370783750024,0.9892050028189644,0.9892951731981394,0.9944926246495035,0.9931353232162321,0.6835681360773875,0.0001629216249976992,0.75,2.25
HistoKit (no postprocessing),gaussian,3e1fffa8-5bae-87b0-bc39-e4a1bc285608_122517_10.png,3464943,1757186,250664,1765087,0.7746665776847418,0.632208804213481,0.9325375369354186,0.6625092016680593,0.7214998038099554,0.7746665776847417,0.8751580048310382,0.4988784231091684,0.06746246306458137,0.75,2.25
HistoKit (no postprocessing),constant,7e6be544-b3c1-c3b1-a8a1-838402bd2649_124526_1.png,51751347,2603506,144078,274639,0.9959708303036802,0.9919739987284661,0.9972236859029481,0.9947211187885993,0.992355491891436,0.9959708303036802,0.9475619307726352,0.9045777749209994,0.002776314097051908,0.5,
HistoKit (no postprocessing),gaussian,def4a0a8-b472-78ea-531c-84458df3a3e9_124843_7.png,11416932,165320,59761,339993,0.9827941562954164,0.9661703797494492,0.9947928379717049,0.9710814690065642,0.9666371390566821,0.9827941562954164,0.7344911387456071,0.32716356001131974,0.005207162028295085,0.75,2.25
HistoKit (no postprocessing),gaussian,b91bdd22-8eea-af27-bee7-880d6f1d7c1e_121440_5.png,2839631,762170,349446,5160893,0.5075482137388098,0.34007679069505636,0.890424094495053,0.35493062704392864,0.39527498480049694,0.5075482137388099,0.6856414445276067,0.12867835442574221,0.10957590550494704,0.75,2.25
HistoKit (no postprocessing),gaussian,04e13be9-17d6-1bd0-76ee-d5d53a64912e_105258_2.png,3228745,117689,4683,941235,0.8722320855476289,0.7734145247173245,0.9985516918886086,0.774283090086763,0.7796271135265701,0.8722320855476289,0.9617314418330991,0.11114017625438653,0.0014483081113913778,0.75,2.25
HistoKit (no postprocessing),gaussian,d9d9ce51-54c1-b32b-5fae-fd9ffdaa32e5_111717_1.png,7437357,300410,7290,610953,0.9600952226227698,0.9232530165350812,0.9990207729124027,0.9240892808552355,0.9260121756675734,0.9600952226227697,0.9763080922976926,0.32962716283193416,0.0009792270875973032,0.75,2.25
HistoKit (no postprocessing),gaussian,cd7afea3-2dfd-f8a4-f2e6-1e02af01c417_132555_3.png,0,3999785,2965,106110,0.0,0.0,0.0,0.0,0.9734537073543513,,0.9992592592592593,0.9741566698612605,1.0,0.75,2.25
HistoKit (no postprocessing),gaussian,be2180cd-04c9-2627-2456-4397fd5e59ee_103647_5.png,4979619,479964,16042,94511,0.9890213212965393,0.9782810875546052,0.9967888133322097,0.9813739498199692,0.980152549237577,0.9890213212965393,0.9676576493026294,0.8354828321510944,0.0032111866677903083,0.75,2.25
HistoKit (no postprocessing),gaussian,0504f20c-cba2-27c1-e181-78505aa24ca7_112258_3.png,3523884,2214679,2651641,58018,0.7222977942853173,0.5653099689855352,0.570620959351634,0.9838024602571483,0.6792628081979853,0.7222977942853172,0.45510344572490097,0.9744717399635763,0.4293790406483659,0.75,2.25
HistoKit (no postprocessing),gaussian,b0f43f79-08e2-79bc-61fa-379c7ef1dd21_131900_10.png,5062845,181990,4402,361843,0.9650927116875962,0.9325402599699029,0.9991312837128327,0.9332969933017345,0.9347282519586247,0.9650927116875962,0.9763831065710975,0.33464317170896213,0.0008687162871673711,0.75,2.25
HistoKit (no postprocessing),gaussian,19a1c0fb-3d0a-327d-ea5a-6aae35f53e51_121144_1.png,6536269,59605,4172,21102,0.9980703647296205,0.9961481621015057,0.9993621225235424,0.9967819420313415,0.996182837175668,0.9980703647296206,0.9345845681044891,0.7385356908322698,0.0006378774764576273,0.75,2.25
HistoKit (no postprocessing),gaussian,cbd7b0be-5303-525e-8ff2-6d1502e77bdd_110516_1.png,11666569,482535,18743,49713,0.9970747291829779,0.9941665228663765,0.9983960205769431,0.995756930398227,0.9943969172240611,0.9970747291829779,0.9626095699392353,0.906598052035893,0.001603979423056911,0.75,2.25
HistoKit (no postprocessing),constant,def4a0a8-b472-78ea-531c-84458df3a3e9_124843_8.png,29523263,640511,182249,1745497,0.9683842719762198,0.9387063861766725,0.9938648086590799,0.9441776072987864,0.9399297384480386,0.9683842719762199,0.77849068987311,0.26844461544135645,0.0061351913409201635,0.5,
HistoKit (no postprocessing),gaussian,d9d9ce51-54c1-b32b-5fae-fd9ffdaa32e5_111717_2.png,6640060,751648,4949,1740848,0.883814279022039,0.7918165072454729,0.9992552305045787,0.7922840818679789,0.8089416093342767,0.883814279022039,0.993458869120549,0.3015643756298907,0.0007447694954213004,0.75,2.25
HistoKit (no postprocessing),gaussian,c0272a60-2518-4785-1810-6431c15f4b4b_130712_1.png,8109203,224280,49258,16209,0.9959796419439036,0.9919914810016796,0.9939623416720383,0.9980051473082227,0.9922053351907084,0.9959796419439036,0.8199226432890494,0.9325998278507541,0.00603765832796161,0.75,2.25
HistoKit (no postprocessing),gaussian,6f1702fd-ae84-1c96-04ae-a23a14a5d2d4_111419_5.png,2298715,936066,24577,236173,0.9463276370986666,0.8981232405991095,0.9894214760779101,0.9068309921385087,0.9254047525254389,0.9463276370986665,0.9744160942202255,0.7985282864671794,0.010578523922089862,0.75,2.25
HistoKit (no postprocessing),gaussian,e398b039-2e70-a00a-855c-e3ff4eba631e_115619_4.png,4969437,186303,524,611080,0.9420306833491335,0.8904139926583589,0.9998945665770818,0.890497600849527,0.8939539587026542,0.9420306833491334,0.9971952662088456,0.23364305484315567,0.00010543342291820801,0.75,2.25
HistoKit (no postprocessing),gaussian,2125a939-8f92-6ca7-9a29-e1755d6267ed_103351_8.png,6676123,209012,0,1489815,0.8996220942630542,0.8175573951210504,1.0,0.8175573951210504,0.8221105797646553,0.8996220942630542,1.0,0.1230331281525429,0.0,0.75,2.25
HistoKit (no postprocessing),gaussian,deaaef3a-8172-327d-10b9-23d266fb17ca_123636_1.png,3649823,3804314,282023,80362,0.9527037935503002,0.9096794084454246,0.928272114421572,0.9784562964035296,0.9536385875968877,0.9527037935503002,0.930983910529161,0.9793130752732017,0.07172788557842805,0.75,2.25
HistoKit (no postprocessing),gaussian,04e13be9-17d6-1bd0-76ee-d5d53a64912e_105258_4.png,8043589,382066,34964,686125,0.9570991465092743,0.9177278389462796,0.9956719972004887,0.9214034961511912,0.9211644056070663,0.9570991465092742,0.9161595089082321,0.3576757340213501,0.004328002799511249,0.75,2.25
HistoKit (no postprocessing),gaussian,8e6bc805-8b70-bd59-8612-caf5bbe72e5e_125634_2.png,7187299,1489616,219191,48967,0.9816866442355524,0.9640319835524502,0.9704055497273337,0.9932331122156095,0.9700217091576558,0.9816866442355524,0.8717286387520651,0.9681739626656476,0.02959445027266627,0.75,2.25
HistoKit (no postprocessing),gaussian,7ea29210-064a-9e70-4612-3ab81fa629dc_120503_2.png,8500019,49421,19439,287826,0.9822465117759827,0.9651124001451525,0.9977182820785078,0.9672472602782594,0.9653070752610593,0.9822465117759827,0.7177025849549811,0.14654244515147652,0.002281717921492189,0.75,2.25
HistoKit (no postprocessing),gaussian,f4c75e72-7c5b-0601-d74f-78529d4dec70_114117_1.png,4379229,8458055,10314024,162118,0.45534911045719695,0.29479095473280337,0.2980435305918982,0.9643017809473708,0.5506391038365618,0.4553491104571969,0.45056570452319106,0.9811931848699557,0.7019564694081017,0.75,2.25
HistoKit (no postprocessing),gaussian,0502ebf6-5b9d-c3a6-85fe-a3909acf1f7b_112628_7.png,5106392,904412,422,128084,0.9875735038858788,0.975452052742957,0.9999173653083899,0.9755306930435825,0.9790683317832134,0.9875735038858788,0.9995336161108004,0.8759472191659823,8.263469161007235e-05,0.75,2.25
HistoKit (no postprocessing),gaussian,9e7010fd-072a-6a7f-3911-83d91e8c9301_113642_1.png,8239255,272593,73224,57295,0.9921416838997632,0.9844059110795584,0.9911910754902358,0.9930941174343553,0.9848977716405702,0.9921416838997632,0.7882579514598762,0.8263198418857309,0.008808924509764175,0.75,2.25
HistoKit (no postprocessing),gaussian,24aa9d72-799e-9634-ead4-94165f32d151_102546_1.png,6282411,406114,23342,55341,0.9937768047705126,0.9876305868141549,0.9962983009324977,0.9912680395193754,0.9883729006113009,0.9937768047705127,0.9456475168585373,0.8800728131670477,0.0037016990675023268,0.75,2.25
HistoKit (no postprocessing),constant,e16fa7c2-3d43-e563-886f-5b0ebdd4e8c5_105048_1.png,42045473,435868,1015302,26970,0.9877571643068866,0.9758104769697277,0.9764216505624899,0.9993589628251442,0.9760527233802947,0.9877571643068866,0.30035626425573847,0.9417290715109823,0.023578349437510124,0.5,
HistoKit (no postprocessing),gaussian,e398b039-2e70-a00a-855c-e3ff4eba631e_115619_1.png,14569102,374887,1935,1661940,0.9459817306487657,0.8975003167934015,0.9998672023137406,0.897607313196528,0.8998140278605364,0.9459817306487656,0.9948649494987023,0.18405441404694656,0.00013279768625939253,0.75,2.25
HistoKit (no postprocessing),gaussian,b91bdd22-8eea-af27-bee7-880d6f1d7c1e_121440_6.png,5761960,407016,101187,538535,0.9474070348338105,0.9000697004318553,0.9827418620068711,0.914524969863479,0.9060434168177235,0.9474070348338105,0.8008925567145412,0.43045377774440513,0.017258137993128947,0.75,2.25
HistoKit (no postprocessing),gaussian,b1a83861-bd20-5668-5a83-92a470ead44d_110338_5.png,2713405,2334170,0,161133,0.9711641654182943,0.943944731292472,1.0,0.943944731292472,0.969064689362506,0.9711641654182943,1.0,0.9354254773869145,0.0,0.75,2.25
HistoKit (no postprocessing),gaussian,d9d9ce51-54c1-b32b-5fae-fd9ffdaa32e5_111717_5.png,8890694,227195,4729,1173226,0.9378694187873493,0.8830076408463539,0.9994683782884749,0.8834225629774481,0.8855892727201383,0.9378694187873493,0.9796096997292216,0.16223335696908286,0.0005316217115251293,0.75,2.25
HistoKit (no postprocessing),gaussian,0502ebf6-5b9d-c3a6-85fe-a3909acf1f7b_112628_2.png,8304817,2879673,284179,381736,0.9614533234226015,0.9257680421174103,0.9669135950232134,0.9560543750783539,0.9438065618854377,0.9614533234226015,0.9101794268505606,0.8829536559198801,0.033086404976786575,0.75,2.25
HistoKit (no postprocessing),gaussian,40f80889-968b-7602-00a3-4e00b00e88fe_110004_3.png,21431103,8997809,134152,841193,0.9777509240878899,0.9564703428227446,0.993779252784166,0.9622314196973675,0.9689422679224667,0.9777509240878898,0.9853096175071269,0.9145042352872781,0.006220747215833988,0.75,2.25
HistoKit (no postprocessing),gaussian,59c3e1ff-f1eb-ac9b-3a83-925048a454e4_130514_4.png,1783343,1074285,70,66622,0.9816446293229055,0.9639509522792812,0.9999607494169886,0.9639874267891555,0.9771940143349565,0.9816446293229055,0.9999348446277069,0.9416061081227479,3.925058301133837e-05,0.75,2.25
HistoKit (no postprocessing),gaussian,2125a939-8f92-6ca7-9a29-e1755d6267ed_103351_5.png,4155294,952389,2744,37645,0.995163559904428,0.9903736769436585,0.9993400733711428,0.9910218107155864,0.9921545386311613,0.995163559904428,0.9971271016706574,0.9619760533476628,0.0006599266288571678,0.75,2.25
HistoKit (no postprocessing),gaussian,6247d1f0-d194-53f2-2d84-7b4b827443da_115125_1.png,2666044,453525,247247,11544,0.9537119297341259,0.9115194532341141,0.915131375478797,0.9956886571048272,0.9233974472821133,0.9537119297341259,0.6471791110375414,0.9751778768311798,0.084868624521203,0.75,2.25
HistoKit (no postprocessing),gaussian,0e99786b-efbd-e936-5e70-bad7ef5912da_122209_3.png,9735394,1759107,58057,189622,0.9874392365288843,0.9751901042895309,0.9940718547527322,0.9808945396158555,0.9789068980376727,0.9874392365288842,0.9680507648181452,0.9026945255086777,0.005928145247267791,0.75,2.25
HistoKit (no postprocessing),gaussian,7e3642ed-4a56-9d3f-3ecf-de46d455c0fd_113100_1.png,564436,1943384,1715386,89994,0.3847222392623401,0.23817714117889321,0.2475789776570276,0.86248491053283,0.581429101363257,0.38472223926234006,0.531157738802931,0.9557416279707954,0.7524210223429724,0.75,2.25
HistoKit (no postprocessing),gaussian,66e65946-ef0a-6028-f7a7-e909aade97a4_112429_4.png,9087100,974229,20024,44055,0.9964865654264857,0.9929977328604325,0.9978012817218697,0.995175309147638,0.993671464893069,0.9964865654264857,0.9798602568963836,0.9567360382761587,0.0021987182781303956,0.75,2.25
HistoKit (no postprocessing),gaussian,0e99786b-efbd-e936-5e70-bad7ef5912da_122209_4.png,5242873,252579,12827,26208,0.9962911342288262,0.9926096781693282,0.9975594116863595,0.9950260776025269,0.9929469524456377,0.9962911342288263,0.9516702712071318,0.9059927471510508,0.0024405883136404283,0.75,2.25
HistoKit (no postprocessing),gaussian,728c532f-2f31-cf1c-4143-7abb9ca2b76d_102101_5.png,4845766,1822275,596168,59503,0.9366330205370476,0.8808182298552178,0.8904492410235038,0.9878695745330175,0.910472858572265,0.9366330205370477,0.7534909857292481,0.9683793731247788,0.10955075897649623,0.75,2.25
HistoKit (no postprocessing),gaussian,59c3e1ff-f1eb-ac9b-3a83-925048a454e4_130514_1.png,4977630,707911,120115,85465,0.9797674208037919,0.9603373199233679,0.9764376209480858,0.9831200086113335,0.9651034158015087,0.9797674208037918,0.8549381299621026,0.8922768019198968,0.02356237905191413,0.75,2.25
HistoKit (no postprocessing),gaussian,0502ebf6-5b9d-c3a6-85fe-a3909acf1f7b_112628_5.png,2743957,843928,233,10370,0.9980716618681,0.9961507463986989,0.9999150933426622,0.9962350149419441,0.9970534846857902,0.9980716618681,0.9997239863011914,0.9878613785821809,8.490665733786654e-05,0.75,2.25
HistoKit (no postprocessing),gaussian,228e0715-eef2-126e-c558-f7684e2bcfa8_110725_7.png,7311962,366527,826,1921794,0.8838053432789349,0.791802162783329,0.999887047183646,0.7918729929619106,0.7997502163552148,0.8838053432789348,0.9977514815449989,0.16017289532368928,0.00011295281635403625,0.75,2.25
HistoKit (no postprocessing),gaussian,f761dbde-597d-9a8f-e1a1-2533f0d71b83_120113_1.png,9234935,1001369,7802,136134,0.9922672450760474,0.984653163477779,0.9991558777448715,0.9854729487105474,0.9861336539424908,0.9922672450760474,0.992268901900669,0.8803220738758492,0.0008441222551285404,0.75,2.25
HistoKit (no postprocessing),gaussian,c38dfb82-e376-0eab-4312-72ca49852e8b_104329_1.png,3497924,810779,42211,92824,0.9810633549870331,0.9628305741958553,0.9880764434124687,0.9741491187908481,0.9696122948742703,0.9810633549870331,0.9505140740219697,0.8972734707609425,0.011923556587531267,0.75,2.25
HistoKit (no postprocessing),gaussian,59c3e1ff-f1eb-ac9b-3a83-925048a454e4_130514_3.png,2347366,408919,3560,70243,0.9845229195130161,0.9695176173162633,0.9984857030804032,0.9709452603791597,0.9739220123190515,0.9845229195130162,0.9913692575864468,0.8534044853306397,0.0015142969195967887,0.75,2.25
HistoKit (no postprocessing),gaussian,7d4546a5-f4cc-3733-763f-d1c5a5904dff_120251_4.png,3281722,260886,5761,173167,0.9734621584213983,0.94829641830292,0.998247595500874,0.9498776950576415,0.9519209272730399,0.9734621584213983,0.9783946566059247,0.601046415990674,0.001752404499125927,0.75,2.25
HistoKit (no postprocessing),gaussian,c0272a60-2518-4785-1810-6431c15f4b4b_130712_3.png,33265575,2115459,172729,327836,0.9925324154394677,0.9851755338335978,0.9948343971033937,0.9902410624512051,0.9860495347489949,0.9925324154394677,0.9245127585670408,0.8658221786562817,0.005165602896606239,0.75,2.25
HistoKit (no postprocessing),gaussian,7e3642ed-4a56-9d3f-3ecf-de46d455c0fd_113100_4.png,8181188,3779210,805,82701,0.9949223763128059,0.9898960566477113,0.9999016132133088,0.9899924841681683,0.9930665339079422,0.9949223763128059,0.9997870378821248,0.9785854723218634,9.838678669121325e-05,0.75,2.25
HistoKit (no postprocessing),gaussian,7e3642ed-4a56-9d3f-3ecf-de46d455c0fd_113100_3.png,3809776,1520010,33813,124313,0.9796692534712802,0.9601487133502793,0.9912027534681778,0.9684010707434427,0.9711864913285781,0.9796692534712802,0.9782388341529248,0.9243986734966305,0.008797246531822211,0.75,2.25
HistoKit (no postprocessing),gaussian,3e1fffa8-5bae-87b0-bc39-e4a1bc285608_122517_7.png,3346727,351973,22,2839790,0.7021155184382771,0.5409691913362221,0.9999934264565403,0.5409711150878597,0.5656791636996308,0.7021155184382771,0.9999374991122033,0.11027541831896666,6.5735434596379946e-06,0.75,2.25
HistoKit (no postprocessing),gaussian,b0f43f79-08e2-79bc-61fa-379c7ef1dd21_131900_5.png,7351306,151292,19490,497953,0.9660025538672495,0.9342407541529155,0.997355780841038,0.936560508450543,0.9354812525272627,0.9660025538672495,0.8858779028234826,0.233027593589477,0.002644219158961936,0.75,2.25
HistoKit (no postprocessing),gaussian,66e65946-ef0a-6028-f7a7-e909aade97a4_112429_5.png,13327585,464468,14820,16167,0.9988388361801214,0.99768036583551,0.9988892557226378,0.9987884217272623,0.997758307868602,0.9988388361801214,0.9690791340488392,0.9663632486190145,0.0011107442773622897,0.75,2.25
HistoKit (no postprocessing),gaussian,cbd7b0be-5303-525e-8ff2-6d1502e77bdd_110516_5.png,4548505,508001,132794,108175,0.9741947374265888,0.9496877945260794,0.9716330873118765,0.9767699305084309,0.9545124800022652,0.9741947374265887,0.7927667974937382,0.8244413933681286,0.02836691268812353,0.75,2.25
HistoKit (no postprocessing),gaussian,1875292b-dccd-c5b5-17ad-67c30baa6d69_130951_13.png,11342316,335974,55766,1329771,0.9424375873721534,0.891141341748683,0.9951074224593225,0.895062983705841,0.893940956199129,0.9424375873721534,0.857645377035789,0.20169593785363307,0.004892577540677458,0.75,2.25
HistoKit (no postprocessing),gaussian,6f1702fd-ae84-1c96-04ae-a23a14a5d2d4_111419_3.png,4559797,345660,15794,58493,0.991919951976755,0.9839694317150919,0.996548205466791,0.98733448960546,0.9850821648663064,0.9919199519767549,0.9563042600164889,0.855270157588834,0.0034517945332089343,0.75,2.25
HistoKit (no postprocessing),gaussian,1875292b-dccd-c5b5-17ad-67c30baa6d69_130951_12.png,6978309,284986,1159,1202906,0.9205797654366891,0.8528464966279957,0.9998339414981199,0.8529673159793503,0.8577992432115795,0.9205797654366891,0.9959496059690017,0.19153675132334874,0.00016605850188008598,0.75,2.25
HistoKit (no postprocessing),gaussian,e398b039-2e70-a00a-855c-e3ff4eba631e_115619_3.png,17268067,536035,26538,3543760,0.9063072081899455,0.8286670763277253,0.9984655330376149,0.8297237431389373,0.832963825885171,0.9063072081899455,0.952827455281359,0.13138772904030718,0.0015344669623850906,0.75,2.25
HistoKit (no postprocessing),gaussian,b91bdd22-8eea-af27-bee7-880d6f1d7c1e_121440_1.png,5240138,1313128,71464,515382,0.9469739287232941,0.8992882081021675,0.9865456786860161,0.9104543116868675,0.9178099727287191,0.9469739287232941,0.9483862394120434,0.7181410000492204,0.013454321313983992,0.75,2.25
HistoKit (no postprocessing),gaussian,04e13be9-17d6-1bd0-76ee-d5d53a64912e_105258_3.png,9269708,317445,14,1586333,0.9211782927186413,0.8538744507097652,0.9999984897065953,0.8538755518701523,0.858025954266792,0.9211782927186414,0.9999558998169843,0.16674475700423053,1.510293404699731e-06,0.75,2.25
HistoKit (no postprocessing),gaussian,b1a83861-bd20-5668-5a83-92a470ead44d_110338_3.png,838398,1690280,56347,98646,0.9153870887967992,0.8439758363021207,0.9370245153647129,0.8947263949184884,0.9422459012300688,0.9153870887967992,0.9677395345428647,0.9448574172436423,0.06297548463528715,0.75,2.25
HistoKit (no postprocessing),gaussian,b91bdd22-8eea-af27-bee7-880d6f1d7c1e_121440_2.png,8721095,1019867,4085,2191788,0.8881828111051482,0.798856880408553,0.9995318148164278,0.7991559150776197,0.8160422758629067,0.8881828111051482,0.9960105551822742,0.31755185410637193,0.00046818518357214406,0.75,2.25
HistoKit (no postprocessing),gaussian,3e1fffa8-5bae-87b0-bc39-e4a1bc285608_122517_3.png,10415276,507528,1202,1696418,0.9246445739139421,0.8598501960224871,0.9998846059099823,0.859935530075314,0.8654862942798118,0.924644573913942,0.9976372535529652,0.23028150417478468,0.0001153940900177584,0.75,2.25
HistoKit (no postprocessing),gaussian,c74350c8-f970-c60d-af8a-f9c4d9c5bab2_124242_5.png,0,5529062,5571802,1850,0.0,0.0,0.0,0.0,0.4979919324230094,,0.49807492461848013,0.9996655162837521,1.0,0.75,2.25
HistoKit (no postprocessing),gaussian,c74350c8-f970-c60d-af8a-f9c4d9c5bab2_124242_4.png,0,2716011,921367,1278,0.0,0.0,0.0,0.0,0.7464324739684103,,0.7466947345038102,0.9995296782933284,1.0,0.75,2.25
HistoKit (no postprocessing),gaussian,0504f20c-cba2-27c1-e181-78505aa24ca7_112258_4.png,9942297,1327769,447936,135358,0.9715019937572454,0.9445832542799735,0.9568887434959351,0.9865685022954249,0.950790830616804,0.9715019937572454,0.7477418828014788,0.9074871832725389,0.04311125650406492,0.75,2.25
HistoKit (no postprocessing),gaussian,5fe08b37-e6eb-942a-a4ce-507361c4911e_102333_2.png,9004540,70094,12890,183886,0.989191609556837,0.9786143634236668,0.998570546153394,0.9799872143498789,0.9787760437732772,0.9891916095568372,0.8446688518268581,0.2759823608158123,0.001429453846605962,0.75,2.25
HistoKit (no postprocessing),gaussian,7e6be544-b3c1-c3b1-a8a1-838402bd2649_124526_4.png,4621071,474739,17855,69695,0.9906159817494511,0.9814064457513144,0.9961510487556818,0.9851420855357099,0.9831094116557599,0.9906159817494512,0.9637531110813368,0.8719863197375624,0.003848951244318189,0.75,2.25
HistoKit (no postprocessing),gaussian,cbd7b0be-5303-525e-8ff2-6d1502e77bdd_110516_4.png,3250392,341328,909,67841,0.9895350263808665,0.9792868156891148,0.9997204196104882,0.9795550824791387,0.9812182588574692,0.9895350263808665,0.9973439458620781,0.834198094186021,0.00027958038951176776,0.75,2.25
HistoKit (no postprocessing),gaussian,66e65946-ef0a-6028-f7a7-e909aade97a4_112429_3.png,4702463,171491,10857,5627,0.9982503680446982,0.9965068478200751,0.997696528137279,0.9988048231873222,0.9966293407666144,0.9982503680446981,0.9404599995612785,0.9682302194017548,0.0023034718627209694,0.75,2.25
HistoKit (no postprocessing),gaussian,24aa9d72-799e-9634-ead4-94165f32d151_102546_6.png,8298738,117742,3425,25419,0.9982651603000544,0.9965363295131768,0.9995874569073144,0.9969463574509707,0.9965846188968002,0.9982651603000544,0.971733227694009,0.8224446602077381,0.00041254309268560493,0.75,2.25
HistoKit (no postprocessing),gaussian,0f3058e5-e9f7-bd55-4b60-07a71af55b96_123333_3.png,30756761,1529962,103630,372476,0.9923195861088245,0.9847562505228866,0.996641973849262,0.988034528440257,0.985468104723191,0.9923195861088245,0.936563107556844,0.8042112279086099,0.0033580261507380124,0.75,2.25
HistoKit (no postprocessing),gaussian,def4a0a8-b472-78ea-531c-84458df3a3e9_124843_6.png,16587728,7843126,2138975,12670,0.9390936437156279,0.885180523382506,0.8857794134931279,0.9992367652871937,0.9190578357587825,0.9390936437156279,0.785718958363575,0.9983871780784531,0.11422058650687203,0.75,2.25
HistoKit (no postprocessing),gaussian,84acf623-2a5d-c4c6-c1db-583a94b80fc7_105804_1.png,45279879,3743472,47783,897026,0.9896747339397824,0.9795605110411995,0.9989458313556963,0.980574141987212,0.9810917792450232,0.9896747339397824,0.9873965217322496,0.8066961778671169,0.0010541686443037808,0.75,2.25
HistoKit (no postprocessing),gaussian,b91bdd22-8eea-af27-bee7-880d6f1d7c1e_121440_4.png,6459570,247565,28194,246862,0.9791532579931358,0.959157939876691,0.9956542808893788,0.9631902627209222,0.9606060619080744,0.9791532579931358,0.897758550038258,0.5007109239584407,0.004345719110621163,0.75,2.25
HistoKit (no postprocessing),gaussian,969ce636-2f0f-f223-bb1c-2b4624598a38_125938_4.png,14723726,758912,82329,4785053,0.8581551640319752,0.7515514691665218,0.9944395046486049,0.7547230915886638,0.7608168444060497,0.8581551640319752,0.9021338712687565,0.1368897530918756,0.005560495351395088,0.75,2.25
HistoKit (no postprocessing),gaussian,9e7010fd-072a-6a7f-3911-83d91e8c9301_113642_6.png,6830590,1653856,24417,1055937,0.9267135971059728,0.8634355141434449,0.9964380780355148,0.8661087446983952,0.8870489712278354,0.9267135971059728,0.9854511155217298,0.6103255857550742,0.0035619219644852295,0.75,2.25
HistoKit (no postprocessing),gaussian,1875292b-dccd-c5b5-17ad-67c30baa6d69_130951_4.png,3902003,151101,1978,155553,0.9802134939522356,0.9611948070886954,0.9994933376981087,0.9616633756872364,0.9625873532139452,0.9802134939522356,0.9870785672757204,0.4927410045197519,0.0005066623018913258,0.75,2.25
HistoKit (no postprocessing),gaussian,35ce6eab-4a33-9fbb-2efe-2acf7936ba3e_104917_2.png,7227982,4922010,468254,172054,0.957585024965104,0.9186217081475136,0.9391580507666345,0.976749572569647,0.9499379998905421,0.957585024965104,0.913129672312896,0.9662246096633258,0.06084194923336551,0.75,2.25
HistoKit (no postprocessing),gaussian,859ead5f-592a-5c4e-67de-d71b0ee92f6d_113334_2.png,12780917,604430,35648,227749,0.9898007882291546,0.9798075237992584,0.9972185995233512,0.9824925169114189,0.9807017407609081,0.9898007882291546,0.94430678761026,0.7263221013748244,0.0027814004766487745,0.75,2.25
HistoKit (no postprocessing),gaussian,d9d9ce51-54c1-b32b-5fae-fd9ffdaa32e5_111717_3.png,10871241,736821,25188,1051500,0.9528165134840575,0.909884968348908,0.9976884170034054,0.9118071926581313,0.915119493880447,0.9528165134840575,0.9669452722999334,0.41201831214865786,0.0023115829965945725,0.75,2.25
HistoKit (no postprocessing),gaussian,6b809376-ab46-9021-2fa3-0d0025b512da_132412_1.png,3754340,440213,6805,65355,0.990481265928314,0.9811420358029531,0.9981907105416037,0.9828899951435913,0.9830876836571852,0.990481265928314,0.9847768993642314,0.8707295556680803,0.0018092894583963128,0.75,2.25
HistoKit (no postprocessing),gaussian,c38dfb82-e376-0eab-4312-72ca49852e8b_104329_5.png,2622557,527721,2431,69369,0.986495926020244,0.9733517124865042,0.9990739005283071,0.9742307180806604,0.9777162439891275,0.9864959260202439,0.9954145226274729,0.8838215344420439,0.0009260994716928229,0.75,2.25
HistoKit (no postprocessing),gaussian,cbd7b0be-5303-525e-8ff2-6d1502e77bdd_110516_2.png,9597293,748617,31408,37782,0.9964082846478282,0.9928422777963816,0.9967380854385238,0.9960787020339749,0.9933567608568329,0.9964082846478282,0.9597346238902599,0.951955686617099,0.0032619145614761536,0.75,2.25
HistoKit (no postprocessing),gaussian,8e6bc805-8b70-bd59-8612-caf5bbe72e5e_125634_1.png,64585130,1028706,142017,96505,0.9981568329728967,0.9963204479747608,0.9978059128730021,0.998507999991033,0.9963779277273564,0.9981568329728966,0.8786929102785201,0.9142338636931207,0.0021940871269978887,0.75,2.25
HistoKit (no postprocessing),gaussian,7e6be544-b3c1-c3b1-a8a1-838402bd2649_124526_3.png,50307071,507789,41318,50262,0.9990906177108785,0.998182887871344,0.9991793580525486,0.9990018931304404,0.9982010134670584,0.9990906177108785,0.9247541918059686,0.9099329631162744,0.0008206419474513872,0.75,2.25
HistoKit (no postprocessing),gaussian,e3dca99c-de77-4ab1-72a1-8daf3d4d032c_120923_2.png,9144486,1300167,7377,177666,0.9899836067037945,0.9801658797566308,0.9991939346120019,0.9809415250899148,0.9825918822137528,0.9899836067037945,0.9943581248508654,0.8797793796728047,0.0008060653879980503,0.75,2.25
HistoKit (no postprocessing),gaussian,b0f43f79-08e2-79bc-61fa-379c7ef1dd21_131900_4.png,12932925,194910,12828,599669,0.9768680046379028,0.9547819920265311,0.9990090958787797,0.9556870619188014,0.955423420627682,0.9768680046379028,0.9382491407445918,0.2452997121746233,0.0009909041212202952,0.75,2.25
HistoKit (no postprocessing),gaussian,24aa9d72-799e-9634-ead4-94165f32d151_102546_7.png,10986238,598403,10484,71395,0.9962873999262277,0.9926022646851311,0.9990466249851546,0.9935433740656794,0.9929817117700909,0.9962873999262277,0.9827816984103783,0.8934081618637261,0.000953375014845333,0.75,2.25
HistoKit (no postprocessing),gaussian,19a1c0fb-3d0a-327d-ea5a-6aae35f53e51_121144_3.png,24686383,1521864,38627,165922,0.9958741412276966,0.9917821879871754,0.9984377357178015,0.9933236776226592,0.9922556854639698,0.9958741412276966,0.9752468934457168,0.9016925131503638,0.0015622642821984704,0.75,2.25
HistoKit (no postprocessing),gaussian,7ea29210-064a-9e70-4612-3ab81fa629dc_120503_4.png,2664825,176158,5025,621599,0.8947959747990103,0.8096206260525379,0.99811787179055,0.8108585502053296,0.819292093942595,0.8947959747990103,0.9722656099082143,0.22081661458313748,0.0018821282094499691,0.75,2.25
HistoKit (no postprocessing),gaussian,859ead5f-592a-5c4e-67de-d71b0ee92f6d_113334_1.png,20309237,371757,10001,290645,0.9926526767926583,0.9854125324243713,0.9995078063458875,0.9858909385985803,0.9856709961661719,0.9926526767926582,0.9738027755803415,0.5612256605505418,0.0004921936541124229,0.75,2.25
HistoKit (no postprocessing),gaussian,7ea29210-064a-9e70-4612-3ab81fa629dc_120503_1.png,8786154,156221,4912,1000233,0.9458943591460035,0.8973430389573437,0.9994412509245182,0.8977934349009496,0.8989552169787043,0.9458943591460035,0.9695158657754774,0.13508622046358956,0.0005587490754818585,0.75,2.25
HistoKit (no postprocessing),gaussian,f761dbde-597d-9a8f-e1a1-2533f0d71b83_120113_5.png,3490919,656405,541588,33295,0.9239242787976425,0.8586052641028756,0.8656944674863553,0.990552503338333,0.8782596781547273,0.9239242787976425,0.5479205638096383,0.9517253878497898,0.13430553251364474,0.75,2.25
HistoKit (no postprocessing),gaussian,5fe08b37-e6eb-942a-a4ce-507361c4911e_102333_3.png,13330861,1660023,22679,1845432,0.9345207874157553,0.8770896479051347,0.998301648851166,0.8784003445373649,0.8891920307230651,0.9345207874157553,0.986522271917428,0.4735542176407913,0.0016983511488339422,0.75,2.25
HistoKit (no postprocessing),gaussian,969ce636-2f0f-f223-bb1c-2b4624598a38_125938_5.png,12868842,271130,9699,1519114,0.943930714678897,0.893815138645842,0.9992468867397324,0.8944176643298047,0.8957778030014074,0.9439307146788969,0.965462968568061,0.15144862934884853,0.0007531132602676033,0.75,2.25
HistoKit (no postprocessing),gaussian,969ce636-2f0f-f223-bb1c-2b4624598a38_125938_2.png,4279678,330175,4901,1511750,0.849478965228984,0.7383428373372181,0.9988561303222557,0.7389676604802823,0.7524442977593747,0.8494789652289841,0.9853734675118481,0.17925539856400233,0.001143869677744301,0.75,2.25
HistoKit (no postprocessing),gaussian,a40a1d35-8d5f-0529-214c-05d84888ba26_111152_2.png,2755405,3931795,0,126880,0.9774943283507962,0.9559793705341422,1.0,0.9559793705341422,0.9813797313797313,0.9774943283507962,1.0,0.9687385661576746,0.0,0.75,2.25
HistoKit (no postprocessing),gaussian,9e7010fd-072a-6a7f-3911-83d91e8c9301_113642_2.png,2596905,923008,9166,439277,0.9205205792792347,0.8527449079711087,0.9964828279812791,0.8553192792790419,0.8869952695776286,0.9205205792792347,0.9901670718127732,0.6775439794169356,0.0035171720187209023,0.75,2.25
HistoKit (no postprocessing),gaussian,04e13be9-17d6-1bd0-76ee-d5d53a64912e_105258_1.png,14141880,265398,45770,756410,0.9724203515512994,0.9463211469975361,0.9967739548128125,0.9492284013802926,0.9472578181286934,0.9724203515512992,0.8529090394899218,0.2597337268841113,0.003226045187187448,0.75,2.25
HistoKit (no postprocessing),gaussian,40f80889-968b-7602-00a3-4e00b00e88fe_110004_1.png,8342919,914857,77895,3309104,0.8312645591652043,0.7112512636490724,0.9907497066198113,0.716006053197801,0.7321424066462234,0.8312645591652044,0.921536295066643,0.2165874637573595,0.009250293380188662,0.75,2.25
HistoKit (no postprocessing),gaussian,2125a939-8f92-6ca7-9a29-e1755d6267ed_103351_3.png,10160028,2449677,391831,763360,0.9462082554859556,0.89790820663745,0.9628661641517385,0.9301169197688482,0.916077026662606,0.9462082554859554,0.8621045585653815,0.7624179242255847,0.03713383584826143,0.75,2.25
HistoKit (no postprocessing),gaussian,c38dfb82-e376-0eab-4312-72ca49852e8b_104329_2.png,5767278,750974,16992,60247,0.9933482291066971,0.9867843655857276,0.9970623777935678,0.9896616488131754,0.9882891205522075,0.9933482291066971,0.9778740204644476,0.9257329383731437,0.0029376222064322723,0.75,2.25
HistoKit (no postprocessing),gaussian,f9a50b4c-7c73-18cd-0877-8296eed330e2_114604_2.png,8580130,1662326,34686,2199824,0.8847880124384048,0.7933810094464541,0.995973680691497,0.7959338230942359,0.820909185774811,0.8847880124384049,0.9795605452406937,0.4304146654065741,0.004026319308502933,0.75,2.25
HistoKit (no postprocessing),gaussian,0f3058e5-e9f7-bd55-4b60-07a71af55b96_123333_2.png,15231109,839670,35514,93935,0.9957684881964752,0.9915726368794675,0.9976737488048274,0.9938704906817886,0.9920094334474798,0.9957684881964752,0.9594211045905775,0.8993846433984394,0.0023262511951726325,0.75,2.25
HistoKit (no postprocessing),gaussian,0502ebf6-5b9d-c3a6-85fe-a3909acf1f7b_112628_1.png,7698318,2951924,380941,63996,0.9719133320914533,0.9453612836635964,0.952849512560496,0.9917555512441264,0.9598981683846651,0.9719133320914534,0.8857016410805718,0.97878060426006,0.04715048743950404,0.75,2.25
HistoKit (no postprocessing),gaussian,7d4546a5-f4cc-3733-763f-d1c5a5904dff_120251_3.png,2840081,447792,12935,206772,0.9627606985850025,0.928195352096289,0.9954662013812751,0.932135879217015,0.9373622269484944,0.9627606985850025,0.9719248057960571,0.6841072836269639,0.004533798618724886,0.75,2.25
HistoKit (no postprocessing),gaussian,c0272a60-2518-4785-1810-6431c15f4b4b_130712_2.png,17033052,1507957,72482,260148,0.9903301673834857,0.9808455550435623,0.9957626578626543,0.9849566303518146,0.9823759477438346,0.9903301673834857,0.9541380591088932,0.8528662042129851,0.004237342137345727,0.75,2.25
HistoKit (no postprocessing),gaussian,c38dfb82-e376-0eab-4312-72ca49852e8b_104329_4.png,5027979,146040,5764,25837,0.9968673293509361,0.9937542246589638,0.99885492763536,0.9948876255091202,0.9939294454839193,0.9968673293509361,0.9620299860346236,0.8496773855722406,0.0011450723646399905,0.75,2.25
HistoKit (no postprocessing),gaussian,7ea29210-064a-9e70-4612-3ab81fa629dc_120503_3.png,3724651,234107,4542,721773,0.9111608334881637,0.8368185692723782,0.9987820421201048,0.8376733752786509,0.844972532978675,0.9111608334881637,0.9809678649397232,0.24491254132317863,0.0012179578798951944,0.75,2.25
HistoKit (no postprocessing),gaussian,228e0715-eef2-126e-c558-f7684e2bcfa8_110725_12.png,2082046,6100210,468428,263684,0.8504735505301658,0.7398468742693196,0.8163368848300355,0.8875897908113892,0.9178728093791955,0.8504735505301659,0.9286871951232508,0.9585656203575986,0.18366311516996447,0.75,2.25
HistoKit (no postprocessing),gaussian,5fe08b37-e6eb-942a-a4ce-507361c4911e_102333_4.png,4676819,515859,12829,2618693,0.7804349712477764,0.6399289524120454,0.9972644002279062,0.6410542536288063,0.6636688734950538,0.7804349712477764,0.9757342704960204,0.16457184312144127,0.002735599772093769,0.75,2.25
HistoKit (no postprocessing),gaussian,7e6be544-b3c1-c3b1-a8a1-838402bd2649_124526_2.png,49836336,1382741,66081,108037,0.9982561482447257,0.9965183679396312,0.998675795603247,0.997836853412896,0.9966120417304275,0.9982561482447257,0.9543898422304465,0.9275297864604924,0.001324204396752967,0.75,2.25
HistoKit (no postprocessing),gaussian,be2180cd-04c9-2627-2456-4397fd5e59ee_103647_6.png,3761248,361235,9142,77102,0.9886651403517533,0.9775843588498689,0.9975753171422584,0.9799127229147941,0.9795082931252134,0.9886651403517535,0.9753170418249514,0.8241033725193173,0.0024246828577415068,0.75,2.25
HistoKit (no postprocessing),gaussian,6f1702fd-ae84-1c96-04ae-a23a14a5d2d4_111419_1.png,2937576,787381,982,66683,0.9886139855896623,0.9774843348669874,0.999665822488445,0.9778038444754596,0.9821587809172652,0.9886139855896623,0.998754380913361,0.9219227130519493,0.0003341775115549872,0.75,2.25
HistoKit (no postprocessing),gaussian,0f3058e5-e9f7-bd55-4b60-07a71af55b96_123333_1.png,18676202,809585,28188,223025,0.9933194458394787,0.9867275589402991,0.9984929741092866,0.988199252805419,0.9872719764908547,0.9933194458394786,0.9663536542715031,0.7840181675559988,0.0015070258907133565,0.75,2.25
HistoKit (no postprocessing),gaussian,228e0715-eef2-126e-c558-f7684e2bcfa8_110725_1.png,7594106,561315,20076,2390102,0.863045539961326,0.7590854078112936,0.99736334119673,0.7606117580883731,0.7718843957640262,0.8630455399613259,0.9654690217082824,0.19018491795635792,0.002636658803270003,0.75,2.25
HistoKit (no postprocessing),gaussian,9e7010fd-072a-6a7f-3911-83d91e8c9301_113642_4.png,6832844,217336,45314,1015386,0.9279728335284932,0.8656243634038145,0.993411898941548,0.8706222931794813,0.8692250409326732,0.9279728335284932,0.8274738244812488,0.17630576885948332,0.006588101058451987,0.75,2.25
HistoKit (no postprocessing),gaussian,deaaef3a-8172-327d-10b9-23d266fb17ca_123636_5.png,2341054,163297,418,483627,0.906304555827131,0.8286626415569861,0.9998214798212407,0.8287852681417831,0.8380251479388943,0.9063045558271311,0.9974467825184009,0.2524206862011612,0.00017852017875934456,0.75,2.25
HistoKit (no postprocessing),gaussian,9e7010fd-072a-6a7f-3911-83d91e8c9301_113642_7.png,2808817,3471821,137449,515658,0.8958485129588353,0.8113456563460087,0.9533480683685723,0.8448903962279758,0.9058074676816064,0.8958485129588353,0.961917783928606,0.8706806982557149,0.04665193163142771,0.75,2.25
HistoKit (no postprocessing),gaussian,f761dbde-597d-9a8f-e1a1-2533f0d71b83_120113_2.png,3075455,462913,22476,31260,0.9913393930934981,0.9828275103692935,0.9927448351819327,0.9899379247855049,0.9850405222120517,0.9913393930934981,0.9536948715360257,0.936742800598171,0.007255164818067285,0.75,2.25
HistoKit (no postprocessing),gaussian,7e3642ed-4a56-9d3f-3ecf-de46d455c0fd_113100_2.png,2177270,1257096,0,148526,0.9670166948474661,0.9361397130272818,1.0,0.9361397130272818,0.9585457781032752,0.9670166948474661,1.0,0.8943343231679641,0.0,0.75,2.25
HistoKit (no postprocessing),gaussian,3e1fffa8-5bae-87b0-bc39-e4a1bc285608_122517_5.png,5072813,1822071,174707,580324,0.9307352758645648,0.870444198574979,0.9667067490929049,0.8973447839668488,0.9013020406109088,0.930735275864565,0.9125055464353072,0.7584393906913726,0.03329325090709516,0.75,2.25
HistoKit (no postprocessing),gaussian,8e6bc805-8b70-bd59-8612-caf5bbe72e5e_125634_3.png,31234985,394254,24790,80856,0.9983117065919095,0.9966291042449018,0.9992069680603907,0.9974180479457665,0.9966709821069148,0.9983117065919095,0.9408415345405255,0.8298162530782345,0.0007930319396092903,0.75,2.25
HistoKit (no postprocessing),gaussian,1875292b-dccd-c5b5-17ad-67c30baa6d69_130951_1.png,9937913,350080,5965,1986723,0.9088786736949753,0.8329767293366026,0.9994001334288293,0.8333934050481708,0.8377379886343437,0.9088786736949753,0.9832464997402014,0.14981151599000858,0.0005998665711707243,0.75,2.25
HistoKit (no postprocessing),gaussian,54b22c23-34e4-1c55-9de2-c8e205e762bc_131621_2.png,20946270,1719471,74818,356276,0.9898143434469734,0.9798340899280192,0.9964408121977321,0.9832754263269752,0.9813353647804991,0.9898143434469733,0.9583021464212287,0.8283625123871069,0.003559187802267894,0.75,2.25
HistoKit (no postprocessing),gaussian,7d4546a5-f4cc-3733-763f-d1c5a5904dff_120251_1.png,6411351,933015,28309,360941,0.9705380401018714,0.9427624117339041,0.9956039604575397,0.946703272688183,0.9496677880049902,0.9705380401018714,0.9705520719341242,0.7210562028384273,0.004396039542460316,0.75,2.25
HistoKit (no postprocessing),gaussian,be2180cd-04c9-2627-2456-4397fd5e59ee_103647_1.png,28915363,455546,8580,47171,0.999036890775025,0.9980756349238072,0.9997033599464638,0.9983713096374786,0.9981054254883157,0.999036890775025,0.9815136406923982,0.9061678837198662,0.00029664005353626926,0.75,2.25
HistoKit (no postprocessing),gaussian,f761dbde-597d-9a8f-e1a1-2533f0d71b83_120113_3.png,10031588,14768607,344163,97782,0.9784470913387929,0.9578036370344181,0.966830063674427,0.9903466849369704,0.9824917776385045,0.9784470913387929,0.9772270073586775,0.9934226125792888,0.03316993632557296,0.75,2.25
HistoKit (no postprocessing),gaussian,f9a50b4c-7c73-18cd-0877-8296eed330e2_114604_5.png,4928693,3244787,389137,1102823,0.8685422049869658,0.7676311116641874,0.9268240993036634,0.817156582192603,0.845639722557897,0.8685422049869658,0.8929154819968717,0.7463381030037193,0.07317590069633666,0.75,2.25
HistoKit (no postprocessing),gaussian,9601a588-d18f-b3b2-00f0-b816a7730c15_114312_2.png,5462830,420461,22226,50963,0.9933457582697971,0.9867794890154821,0.9959478991645664,0.9907571793137682,0.9877127095197163,0.993345758269797,0.9497929688470635,0.891895618381754,0.0040521008354335855,0.75,2.25
HistoKit (no postprocessing),gaussian,6f1702fd-ae84-1c96-04ae-a23a14a5d2d4_111419_2.png,6381905,565773,14426,236932,0.9806873026917516,0.9621064323847855,0.9977446445470067,0.9642033789319785,0.9650844918680779,0.9806873026917516,0.9751361170908602,0.7048330333061337,0.0022553554529932862,0.75,2.25
HistoKit (no postprocessing),gaussian,1c7a4a4c-ace6-25f8-ee0c-f8914aeab226_121941_3.png,7016135,3846458,551315,121320,0.954257779972057,0.9125172166679456,0.9271465288835737,0.9830023446732764,0.9416886254870732,0.954257779972057,0.87463768593786,0.9694236925553799,0.07285347111642627,0.75,2.25
HistoKit (no postprocessing),constant,2125a939-8f92-6ca7-9a29-e1755d6267ed_103351_7.png,610403,345288,80,1756679,0.4100014609252863,0.2578627909707912,0.9998689562199111,0.25787150593008606,0.35233497391656987,0.4100014609252862,0.9997683630214728,0.16426899185382074,0.00013104378008888044,0.9,
HistoKit (no postprocessing),gaussian,9601a588-d18f-b3b2-00f0-b816a7730c15_114312_1.png,9492950,966342,394553,66053,0.9763142026644787,0.9537244779654628,0.9600957896043116,0.9930899697384759,0.95781956937693,0.9763142026644787,0.7100782940638329,0.9360196436441478,0.03990421039568837,0.75,2.25
HistoKit (no postprocessing),constant,228e0715-eef2-126e-c558-f7684e2bcfa8_110725_2.png,2629280,191418,54891,864917,0.8511244393341413,0.7408325744529298,0.9795501106300605,0.7524704531541868,0.7540953015447642,0.8511244393341414,0.7771457803003544,0.1812095594674038,0.020449889369939547,0.9,
HistoKit (no postprocessing),constant,be2180cd-04c9-2627-2456-4397fd5e59ee_103647_4.png,4693909,432482,32119,153614,0.9805993617206405,0.9619371667019835,0.9932038066638623,0.9683108259620429,0.9650360194905089,0.9805993617206405,0.9308675616281498,0.7379030056509513,0.006796193336137662,0.9,
HistoKit (no postprocessing),gaussian,54b22c23-34e4-1c55-9de2-c8e205e762bc_131621_1.png,26125076,1338401,134508,167263,0.9942576601811507,0.9885808927565214,0.9948777558700093,0.9936383370075975,0.9891313414524516,0.9942576601811508,0.9086786760078185,0.8889108061293888,0.005122244129990787,0.75,2.25
HistoKit (no postprocessing),constant,39bcf904-a619-148a-5bca-38122a540be1_104536_1.png,1688139,912592,1104,317481,0.913776234734549,0.8412412469278286,0.9993464528193989,0.8417043108864092,0.890869984612834,0.913776234734549,0.9987917206598256,0.7419006839431481,0.0006535471806010148,0.9,
HistoKit (no postprocessing),gaussian,be2180cd-04c9-2627-2456-4397fd5e59ee_103647_3.png,21840007,1448080,42483,238129,0.993616742400347,0.9873144598711274,0.9980585847405848,0.9892142615662844,0.9880938697549662,0.993616742400347,0.9714986887504923,0.8587784788243925,0.0019414152594151763,0.75,2.25
HistoKit (no postprocessing),constant,9e7010fd-072a-6a7f-3911-83d91e8c9301_113642_3.png,3196121,272459,2192,573554,0.9173727050046584,0.847357820410953,0.9993146386860823,0.8478505441450523,0.8576410506967045,0.9173727050046585,0.992018962246633,0.32205060678736613,0.000685361313917681,0.9,
HistoKit (no postprocessing),gaussian,10fd35f3-17d4-d309-f849-cc9e883460c1_123055_2.png,4871440,3680543,3626998,98509,0.7233887769931173,0.5666476715513077,0.5732159250911756,0.9801790722600976,0.6965579283713528,0.7233887769931173,0.5036636811206396,0.9739328805213583,0.4267840749088244,0.75,2.25
HistoKit (no postprocessing),constant,c74350c8-f970-c60d-af8a-f9c4d9c5bab2_124242_3.png,303093,1908307,1519029,23575,0.2821057432322377,0.16421601162054228,0.16634067312726591,0.9278319272166236,0.5890776887824307,0.2821057432322377,0.5567901717252116,0.987796873722101,0.8336593268727341,0.9,
HistoKit (no postprocessing),gaussian,332605c9-e7e2-297a-c808-98d567218fe3_115336_3.png,9121843,264657,32324,118752,0.9917870098020295,0.983707827060713,0.9964689304881591,0.9871488794823277,0.984159916523863,0.9917870098020294,0.8911580202100471,0.6902733112681236,0.0035310695118408917,0.75,2.25
HistoKit (no postprocessing),gaussian,969ce636-2f0f-f223-bb1c-2b4624598a38_125938_1.png,21684878,771813,143435,2522624,0.9420872857361166,0.8905151370561223,0.99342894707438,0.8957916434335108,0.8938786956045816,0.9420872857361164,0.8432829134835585,0.2342776626173152,0.006571052925620042,0.75,2.25
HistoKit (no postprocessing),constant,332605c9-e7e2-297a-c808-98d567218fe3_115336_2.png,5449074,470336,11532,178914,0.9828250542855118,0.9662301046897608,0.9978881464804455,0.9682099535393466,0.9688297072795169,0.9828250542855118,0.9760681348419069,0.7244297266076242,0.0021118535195544233,0.9,
HistoKit (no postprocessing),constant,0502ebf6-5b9d-c3a6-85fe-a3909acf1f7b_112628_8.png,4011287,95189,227,52262,0.993499864954614,0.9870836876835731,0.9999434128860076,0.9871388286446158,0.9873793119201532,0.9934998649546138,0.9976209440764652,0.6455636109622858,5.6587113992372953e-05,0.9,
HistoKit (no postprocessing),constant,3e1fffa8-5bae-87b0-bc39-e4a1bc285608_122517_10.png,3186111,1792565,215285,2043919,0.7382583132845024,0.5851105032491233,0.9367068697675895,0.609195549547517,0.6878638496355286,0.7382583132845025,0.8927783449958911,0.46724162019182147,0.06329313023241045,0.9,
HistoKit (no postprocessing),constant,def4a0a8-b472-78ea-531c-84458df3a3e9_124843_7.png,11474278,163964,61117,282647,0.9852413155924357,0.9709119327888663,0.9947017852444585,0.9759591049530383,0.9713099793139813,0.9852413155924357,0.7284666408981656,0.3671293362680274,0.005298214755541531,0.9,
HistoKit (no postprocessing),constant,b91bdd22-8eea-af27-bee7-880d6f1d7c1e_121440_5.png,2952993,714283,397333,5047531,0.5203122233136726,0.3516364948819681,0.8814046752465282,0.3690999489533436,0.40246045385606455,0.5203122233136726,0.6425627195002591,0.12396842383318865,0.11859532475347175,0.9,
HistoKit (no postprocessing),constant,04e13be9-17d6-1bd0-76ee-d5d53a64912e_105258_2.png,3201554,118213,4159,968426,0.8681364584995607,0.7669974574397259,0.9987026287131755,0.7677624353114404,0.7734144357219538,0.8681364584995606,0.9660134671330043,0.10878773907433839,0.001297371286824491,0.9,
HistoKit (no postprocessing),gaussian,7e6be544-b3c1-c3b1-a8a1-838402bd2649_124526_1.png,51766721,2597251,150333,259265,0.9960593994557019,0.9921497336751564,0.997104361892337,0.9950166249612261,0.9925219772967144,0.9960593994557019,0.9452853852693858,0.9092373366716657,0.002895638107663043,0.75,2.25
HistoKit (no postprocessing),constant,d9d9ce51-54c1-b32b-5fae-fd9ffdaa32e5_111717_1.png,7495644,300951,6749,552666,0.9640263851737121,0.9305510983842576,0.9991004203592108,0.9313314223731441,0.9330523778693419,0.9640263851737121,0.9780662983425414,0.35255975455034283,0.0008995796407892788,0.9,
HistoKit (no postprocessing),constant,cd7afea3-2dfd-f8a4-f2e6-1e02af01c417_132555_3.png,0,4002580,170,106110,0.0,0.0,0.0,0.0,0.9741339446951223,,0.9999575291986759,0.9741742501867992,1.0,0.9,
HistoKit (no postprocessing),constant,be2180cd-04c9-2627-2456-4397fd5e59ee_103647_5.png,4983219,479288,16718,90911,0.9893162314683831,0.9788583355857413,0.9966563578701092,0.9820834310512344,0.9806774915370109,0.9893162314683831,0.9662947625633561,0.8405626807483002,0.0033436421298908368,0.9,
HistoKit (no postprocessing),constant,19a1c0fb-3d0a-327d-ea5a-6aae35f53e51_121144_1.png,6551028,58869,4908,6343,0.9991420165790369,0.9982855041670736,0.9992513654800779,0.9990326916076581,0.9983007478461439,0.9991420165790369,0.9230443576838046,0.9027326258970741,0.0007486345199220981,0.9,
HistoKit (no postprocessing),constant,0504f20c-cba2-27c1-e181-78505aa24ca7_112258_3.png,3533852,2191051,2675269,48050,0.7218555201024449,0.5647683274118608,0.56913885234319,0.98658533929739,0.6776458999301865,0.7218555201024449,0.4502480313666179,0.9785404946002882,0.43086114765681005,0.9,
HistoKit (no postprocessing),gaussian,def4a0a8-b472-78ea-531c-84458df3a3e9_124843_8.png,30037781,640319,182441,1230979,0.9770134428311076,0.9550599037537549,0.9939629497096348,0.9606323052145336,0.9559565891550167,0.9770134428311076,0.778257328990228,0.3421790650126276,0.006037050290365173,0.75,2.25
HistoKit (no postprocessing),constant,b0f43f79-08e2-79bc-61fa-379c7ef1dd21_131900_10.png,4980129,183118,3274,444559,0.9569726090980565,0.9174951851173608,0.9993430192179922,0.9180489274221854,0.9201877356943762,0.9569726090980564,0.9824348684492896,0.29173922256192275,0.0006569807820077967,0.9,
HistoKit (no postprocessing),constant,cbd7b0be-5303-525e-8ff2-6d1502e77bdd_110516_1.png,11677449,480896,20382,38833,0.9974709697523028,0.9949546992228797,0.9982576257085608,0.9966855526352131,0.9951532875631468,0.9974709697523028,0.9593399271462143,0.9252822143848044,0.0017423742914391565,0.9,
HistoKit (no postprocessing),constant,d9d9ce51-54c1-b32b-5fae-fd9ffdaa32e5_111717_2.png,6617098,750392,6205,1763810,0.8820321175168757,0.7889601582809246,0.9990631562530055,0.7895442832685909,0.8062912140677351,0.8820321175168757,0.991798804383311,0.298461301041046,0.0009368437469945131,0.9,
HistoKit (no postprocessing),constant,c0272a60-2518-4785-1810-6431c15f4b4b_130712_1.png,8108021,226411,47127,17391,0.9960371142024599,0.9921055133539283,0.9942211962308961,0.9978596777615707,0.9923183255049738,0.9960371142024598,0.8277131513720214,0.9286675252869131,0.005778803769103884,0.9,
HistoKit (no postprocessing),constant,6f1702fd-ae84-1c96-04ae-a23a14a5d2d4_111419_5.png,2309927,935394,25249,224961,0.9486228517736112,0.9022669489953077,0.9891875387551088,0.9112540672408406,0.9284200311769514,0.9486228517736112,0.9737165627605676,0.8061274351383844,0.010812461244891177,0.9,
HistoKit (no postprocessing),constant,e398b039-2e70-a00a-855c-e3ff4eba631e_115619_4.png,4946107,186022,805,634410,0.9396609561555818,0.8861891501690818,0.9998372722215394,0.8863169846091321,0.8898600464962728,0.9396609561555818,0.995691200950612,0.22673664605963686,0.0001627277784605831,0.9,
HistoKit (no postprocessing),constant,2125a939-8f92-6ca7-9a29-e1755d6267ed_103351_8.png,6521315,209012,0,1644623,0.8880237849787159,0.7985996219907621,1.0,0.7985996219907621,0.803625932095117,0.8880237849787158,1.0,0.11275790541287795,0.0,0.9,
HistoKit (no postprocessing),constant,deaaef3a-8172-327d-10b9-23d266fb17ca_123636_1.png,3651481,3642328,444009,78704,0.9332053784497822,0.8747751062839916,0.8915858664042642,0.9789007783796246,0.9331271632063468,0.9332053784497822,0.8913430292215253,0.9788488784831735,0.1084141335957358,0.9,
HistoKit (no postprocessing),constant,04e13be9-17d6-1bd0-76ee-d5d53a64912e_105258_4.png,7945818,390104,26926,783896,0.9514549295678516,0.90740489502823,0.9966227436877442,0.9102037019769491,0.9113540293682648,0.9514549295678517,0.9354339016377718,0.3322862010221465,0.0033772563122558556,0.9,
HistoKit (no postprocessing),constant,8e6bc805-8b70-bd59-8612-caf5bbe72e5e_125634_2.png,7194223,1488432,220375,42043,0.9820885648791771,0.9648074783270376,0.970278226816882,0.994189959296687,0.9706634031941382,0.982088564879177,0.871035757695281,0.9725294434734314,0.02972177318311795,0.9,
HistoKit (no postprocessing),constant,f4c75e72-7c5b-0601-d74f-78529d4dec70_114117_1.png,4392389,8473809,10298270,148958,0.45677907962383124,0.29599072536710347,0.29899196489415486,0.9671995995901657,0.5518793333935561,0.45677907962383124,0.45140492962979756,0.9827250347829183,0.7010080351058452,0.9,
HistoKit (no postprocessing),constant,7ea29210-064a-9e70-4612-3ab81fa629dc_120503_2.png,8254985,53766,15094,532860,0.9678768647345363,0.9377532889867805,0.9981748662860416,0.9393639737614853,0.9381311672907701,0.9678768647345363,0.7808016264885275,0.09165294412453591,0.0018251337139584762,0.9,
HistoKit (no postprocessing),constant,0502ebf6-5b9d-c3a6-85fe-a3909acf1f7b_112628_7.png,5014514,904738,96,219962,0.9785290122455798,0.9579606508421319,0.9999808559389464,0.9579782197874248,0.9641559067712822,0.9785290122455798,0.9998939031910825,0.804426069174002,1.914406105360138e-05,0.9,
HistoKit (no postprocessing),constant,9e7010fd-072a-6a7f-3911-83d91e8c9301_113642_1.png,8268460,270916,74901,28090,0.9938106039148887,0.9876973537801272,0.9910226825855911,0.9966142553229957,0.9880830101290538,0.9938106039148887,0.7834085658021439,0.9060553968816679,0.008977317414408893,0.9,
HistoKit (no postprocessing),constant,24aa9d72-799e-9634-ead4-94165f32d151_102546_1.png,6275504,410131,19325,62248,0.9935426497562138,0.9871681592027279,0.9969300198623346,0.9901782209212352,0.9879458411799963,0.9935426497562138,0.9550012108341716,0.8682244553631724,0.003069980137665376,0.9,
HistoKit (no postprocessing),gaussian,e16fa7c2-3d43-e563-886f-5b0ebdd4e8c5_105048_1.png,42023831,447321,1003849,48612,0.9876326735743965,0.9755675117069037,0.9766696926257702,0.9988445643624736,0.9758186205726992,0.9876326735743967,0.30824851671409964,0.9019786947027119,0.023330307374229798,0.75,2.25
HistoKit (no postprocessing),constant,e398b039-2e70-a00a-855c-e3ff4eba631e_115619_1.png,14539970,375818,1004,1691072,0.9450125074678241,0.8957570721522106,0.9999309537311599,0.8958124808006781,0.8981159768649358,0.9450125074678241,0.9973356120396367,0.18182777022483054,6.904626884003781e-05,0.9,
HistoKit (no postprocessing),constant,b1a83861-bd20-5668-5a83-92a470ead44d_110338_5.png,2707326,2334170,0,167212,0.9700436986641021,0.941829956674777,1.0,0.941829956674777,0.9678976053178638,0.9700436986641022,1.0,0.9331521534895509,0.0,0.9,
HistoKit (no postprocessing),constant,b91bdd22-8eea-af27-bee7-880d6f1d7c1e_121440_6.png,5670733,411506,96697,629762,0.9398024929720726,0.8864409572199803,0.9832339534246622,0.9000456313353157,0.8933042705081059,0.9398024929720726,0.8097276088492197,0.3951970097995905,0.016766046575337715,0.9,
HistoKit (no postprocessing),constant,d9d9ce51-54c1-b32b-5fae-fd9ffdaa32e5_111717_5.png,9212078,224934,6990,851842,0.9554616743006841,0.9147215097741912,0.9992417888662932,0.9153568390845714,0.9165845947160816,0.9554616743006842,0.9698608164743623,0.20889581491415113,0.0007582111337067911,0.9,
HistoKit (no postprocessing),constant,0502ebf6-5b9d-c3a6-85fe-a3909acf1f7b_112628_2.png,8399074,2877012,286840,287479,0.966940849563853,0.9359975652465016,0.9669764172198804,0.9669052845242526,0.951535917970736,0.966940849563853,0.9093383634885576,0.909154742421451,0.03302358278011963,0.9,
HistoKit (no postprocessing),constant,40f80889-968b-7602-00a3-4e00b00e88fe_110004_3.png,21341251,9006515,125446,931045,0.9758455573039827,0.9528304683570334,0.994156250493497,0.9581971701525519,0.9663583507165924,0.9758455573039828,0.9862629724327557,0.9063105027793543,0.005843749506503027,0.9,
HistoKit (no postprocessing),constant,59c3e1ff-f1eb-ac9b-3a83-925048a454e4_130514_4.png,1779369,1074355,0,70596,0.9805484973276088,0.9618392780403954,1.0,0.9618392780403954,0.9758590031186738,0.9805484973276088,1.0,0.9383414661413458,0.0,0.9,
HistoKit (no postprocessing),constant,2125a939-8f92-6ca7-9a29-e1755d6267ed_103351_5.png,4153539,952549,2584,39400,0.9949714111597207,0.9899931426904346,0.9993782667163604,0.9906032498922593,0.9918447139045452,0.9949714111597208,0.9972946176082284,0.9602802160191704,0.0006217332836395843,0.9,
HistoKit (no postprocessing),constant,6247d1f0-d194-53f2-2d84-7b4b827443da_115125_1.png,2646239,451811,248961,31349,0.949700221863814,0.9042182447654217,0.9140090494611771,0.9882920748076254,0.9170277886311702,0.949700221863814,0.6447332370585582,0.9351167315175097,0.08599095053882289,0.9,
HistoKit (no postprocessing),constant,0e99786b-efbd-e936-5e70-bad7ef5912da_122209_3.png,9752625,1757826,59338,172391,0.9882591454345673,0.9767907868651292,0.9939524843295883,0.9826306577238767,0.9802652488720153,0.9882591454345672,0.9673458201901425,0.9106882801260169,0.006047515670411721,0.9,
HistoKit (no postprocessing),constant,7e3642ed-4a56-9d3f-3ecf-de46d455c0fd_113100_1.png,571409,1943034,1715736,83021,0.3885054775077977,0.24108395783248937,0.24983505636940379,0.8731399844139175,0.582964620235556,0.38850547750779774,0.5310620782394083,0.9590233236511349,0.7501649436305963,0.9,
HistoKit (no postprocessing),constant,66e65946-ef0a-6028-f7a7-e909aade97a4_112429_4.png,9085640,974790,19463,45515,0.9964368786622781,0.9928990588395232,0.9978624074873178,0.9950154169981782,0.9935826783473811,0.9964368786622783,0.9804244995991965,0.95539079000887,0.002137592512682174,0.9,
HistoKit (no postprocessing),constant,0e99786b-efbd-e936-5e70-bad7ef5912da_122209_4.png,5242726,253026,12380,26355,0.9963194306600596,0.9926658551487931,0.9976441959496155,0.994998178999336,0.9930011580115736,0.9963194306600596,0.9533544833198948,0.9056664554855198,0.002355804050384521,0.9,
HistoKit (no postprocessing),constant,728c532f-2f31-cf1c-4143-7abb9ca2b76d_102101_5.png,4845714,1824033,594410,59555,0.9367868383540383,0.8810903327266919,0.890735946460044,0.9878589736872738,0.9107058005557838,0.9367868383540384,0.7542178996982769,0.96838215151084,0.10926405353995608,0.9,
HistoKit (no postprocessing),constant,0502ebf6-5b9d-c3a6-85fe-a3909acf1f7b_112628_5.png,2739959,843920,241,14368,0.9973411724066512,0.9946964460488904,0.9999120502153127,0.994783480683303,0.9959402393449693,0.9973411724066511,0.9997145094359963,0.9832596983763026,8.79497846872491e-05,0.9,
HistoKit (no postprocessing),constant,59c3e1ff-f1eb-ac9b-3a83-925048a454e4_130514_1.png,4979409,709048,118978,83686,0.9800556651086918,0.9608913266949346,0.9766635996835862,0.9834713747223783,0.9655983979958993,0.9800556651086918,0.856311275249811,0.894433694025991,0.023336400316413798,0.9,
HistoKit (no postprocessing),constant,228e0715-eef2-126e-c558-f7684e2bcfa8_110725_7.png,7406409,366699,654,1827347,0.8901495773735656,0.8020446352284553,0.9999117058947655,0.8021014417101773,0.8096052237298837,0.8901495773735656,0.9982196960416819,0.1671336881724449,8.829410523442288e-05,0.9,
HistoKit (no postprocessing),constant,f761dbde-597d-9a8f-e1a1-2533f0d71b83_120113_1.png,9238568,1000379,8792,132501,0.9924111212605532,0.984936557162201,0.9990492421620873,0.9858606312684284,0.986388272332817,0.9924111212605532,0.9912878986811947,0.883040569168844,0.0009507578379126583,0.9,
HistoKit (no postprocessing),constant,7d4546a5-f4cc-3733-763f-d1c5a5904dff_120251_4.png,3330414,263053,3594,124475,0.9811355217202441,0.962969602568525,0.9989220181835197,0.9639713461127116,0.9655870586768474,0.9811355217202441,0.9865215059610646,0.6787974030263619,0.0010779818164803445,0.9,
HistoKit (no postprocessing),constant,c38dfb82-e376-0eab-4312-72ca49852e8b_104329_1.png,3513972,811422,41568,76776,0.9834397941980508,0.9674191342383207,0.9883089488516512,0.9786183825765551,0.9733683669019191,0.9834397941980507,0.9512678929413007,0.9135598143657158,0.011691051148348773,0.9,
HistoKit (no postprocessing),constant,59c3e1ff-f1eb-ac9b-3a83-925048a454e4_130514_3.png,2340561,412452,27,77048,0.9838016374689825,0.9681196838564614,0.9999884644371414,0.9681304958742295,0.972765864524354,0.9838016374689824,0.9999345421221444,0.8425985699693564,1.1535562858563745e-05,0.9,
HistoKit (no postprocessing),constant,c0272a60-2518-4785-1810-6431c15f4b4b_130712_3.png,33300110,2107019,181169,293301,0.9929262438633708,0.9859518608373516,0.9945889462585943,0.9912690914298641,0.9867767877345711,0.9929262438633708,0.9208242504549451,0.8778075423276896,0.005411053741405757,0.9,
HistoKit (no postprocessing),constant,7e3642ed-4a56-9d3f-3ecf-de46d455c0fd_113100_4.png,8160946,3779195,820,102943,0.993682869876422,0.9874450509993757,0.9998995315474617,0.9875430321002617,0.991384604194786,0.9936828698764221,0.9997830696439035,0.9734829107053896,0.00010046845253833546,0.9,
HistoKit (no postprocessing),constant,7e3642ed-4a56-9d3f-3ecf-de46d455c0fd_113100_3.png,3807552,1524542,29281,126537,0.9799485826778341,0.96068547725799,0.9923684455382864,0.9678357556222038,0.9716070520081226,0.9799485826778342,0.9811555112776681,0.9233610263348998,0.007631554461713606,0.9,
HistoKit (no postprocessing),constant,3e1fffa8-5bae-87b0-bc39-e4a1bc285608_122517_7.png,3234204,351973,22,2952313,0.6866133594770604,0.5227808310915036,0.9999931977542695,0.5227826901631403,0.548469896514681,0.6866133594770605,0.9999374991122033,0.10652013778468329,6.802245730508628e-06,0.9,
HistoKit (no postprocessing),constant,b0f43f79-08e2-79bc-61fa-379c7ef1dd21_131900_5.png,7289120,151202,19580,560139,0.9617548114492195,0.9263272510722357,0.9973210009988096,0.9286379771644686,0.9277162049420944,0.9617548114492195,0.8853509152018363,0.2125590961297043,0.002678999001190362,0.9,
HistoKit (no postprocessing),constant,66e65946-ef0a-6028-f7a7-e909aade97a4_112429_5.png,13328659,464629,14659,15093,0.998885152997313,0.9977727889941401,0.9989013976883411,0.9988689088346366,0.9978476514572772,0.998885152997313,0.9694150489893342,0.9685380282747091,0.0010986023116589141,0.9,
HistoKit (no postprocessing),constant,cbd7b0be-5303-525e-8ff2-6d1502e77bdd_110516_5.png,4617248,464825,175970,39432,0.9772058915344907,0.955427767374008,0.9632877119296472,0.991532164546415,0.9593387415702764,0.9772058915344906,0.7253879946004572,0.9218017796480763,0.03671228807035273,0.9,
HistoKit (no postprocessing),constant,1875292b-dccd-c5b5-17ad-67c30baa6d69_130951_13.png,11296577,341012,50728,1375510,0.9406213945798462,0.8878991795447784,0.9955295111923051,0.8914535545723448,0.890825406674476,0.9406213945798462,0.8705059478225353,0.1986645088149176,0.004470488807694867,0.9,
HistoKit (no postprocessing),constant,1875292b-dccd-c5b5-17ad-67c30baa6d69_130951_12.png,7047317,283598,2547,1133898,0.9253864417616112,0.8611341581047933,0.9996387164348135,0.861402248932463,0.8657852034164132,0.9253864417616113,0.9910989183805413,0.2000697003730522,0.00036128356518650573,0.9,
HistoKit (no postprocessing),constant,6f1702fd-ae84-1c96-04ae-a23a14a5d2d4_111419_3.png,4559767,345754,15700,58523,0.9919268042433578,0.9839829175289545,0.9965686562704965,0.9873279936946359,0.9850950169325974,0.9919268042433577,0.9565643207711078,0.8552403426363607,0.0034313437295034584,0.9,
HistoKit (no postprocessing),constant,e398b039-2e70-a00a-855c-e3ff4eba631e_115619_3.png,17618768,540287,22286,3193059,0.9163822081367583,0.8456692156752725,0.9987366967982753,0.8465747865384428,0.8495702803353544,0.9163822081367584,0.9603855855151242,0.14471924113114618,0.001263303201724795,0.9,
HistoKit (no postprocessing),constant,04e13be9-17d6-1bd0-76ee-d5d53a64912e_105258_3.png,9303788,317457,2,1552253,0.9230025787418555,0.8570146599456174,0.999999785033841,0.8570148178327625,0.8610771020718665,0.9230025787418555,0.9999936999738549,0.16978943258580206,2.149661589524269e-07,0.9,
HistoKit (no postprocessing),constant,b91bdd22-8eea-af27-bee7-880d6f1d7c1e_121440_1.png,5320539,1312937,71655,434981,0.9545524759605423,0.9130563266076616,0.9867113460680383,0.9244236836984321,0.9290436900709681,0.9545524759605423,0.9482482926378312,0.7511433602720494,0.013288653931961646,0.9,
HistoKit (no postprocessing),constant,b91bdd22-8eea-af27-bee7-880d6f1d7c1e_121440_2.png,8850414,1022075,1877,2062469,0.8955563963160659,0.8108665696726268,0.9997879644941632,0.8110060375429664,0.8270608582593292,0.8955563963160658,0.998166906261231,0.33135367820980993,0.0002120355058368506,0.9,
HistoKit (no postprocessing),constant,b1a83861-bd20-5668-5a83-92a470ead44d_110338_3.png,843249,1700373,46254,93795,0.9233258164175354,0.8575721703898513,0.9480001753788352,0.8999033129714293,0.9478143930459434,0.9233258164175354,0.973518100888169,0.9477222868761453,0.051999824621164856,0.9,
HistoKit (no postprocessing),constant,3e1fffa8-5bae-87b0-bc39-e4a1bc285608_122517_3.png,10378533,507226,1504,1733161,0.9228754336427019,0.8567954556674464,0.9998551064895048,0.8569018503935123,0.8625509729308619,0.9228754336427019,0.9970436184223458,0.22640106374479052,0.0001448935104951938,0.9,
HistoKit (no postprocessing),constant,c74350c8-f970-c60d-af8a-f9c4d9c5bab2_124242_5.png,0,5522188,5578676,1850,0.0,0.0,0.0,0.0,0.4973728045232904,,0.49745569353880925,0.999665100059051,1.0,0.9,
HistoKit (no postprocessing),constant,0504f20c-cba2-27c1-e181-78505aa24ca7_112258_4.png,9968538,1324456,451249,109117,0.9726616618795653,0.9467783161476256,0.9566930686778914,0.9891723818685993,0.9527251344766379,0.9726616618795653,0.7458761449677733,0.9238845876701082,0.0433069313221086,0.9,
HistoKit (no postprocessing),constant,c74350c8-f970-c60d-af8a-f9c4d9c5bab2_124242_4.png,0,2721323,916055,1278,0.0,0.0,0.0,0.0,0.7478923536602525,,0.7481551271272878,0.9995305959264689,1.0,0.9,
HistoKit (no postprocessing),constant,5fe08b37-e6eb-942a-a4ce-507361c4911e_102333_2.png,9034588,70862,12122,153838,0.9908988888264941,0.9819619440059439,0.9986600653718313,0.9832574153614558,0.9820998100612528,0.990898888826494,0.8539236479321315,0.31536270582999554,0.0013399346281686934,0.9,
HistoKit (no postprocessing),constant,cbd7b0be-5303-525e-8ff2-6d1502e77bdd_110516_4.png,3243265,341139,1098,74968,0.9884091600336209,0.9770839364920221,0.9996615668468664,0.9774072525949805,0.9792196084109418,0.9884091600336208,0.996791696981916,0.8198348021061891,0.00033843315313360434,0.9,
HistoKit (no postprocessing),constant,7e6be544-b3c1-c3b1-a8a1-838402bd2649_124526_4.png,4616655,475204,17390,74111,0.9901873614382104,0.9805654273137934,0.9962473389878604,0.9842006614697898,0.9823471647734289,0.9901873614382104,0.9646970933466505,0.8650846963946005,0.0037526610121395025,0.9,
HistoKit (no postprocessing),constant,66e65946-ef0a-6028-f7a7-e909aade97a4_112429_3.png,4702199,170315,12033,5891,0.998097708823791,0.9962026413294738,0.9974475163717017,0.9987487494928942,0.9963348886132489,0.998097708823791,0.9340107925505078,0.9665675402653712,0.0025524836282983104,0.9,
HistoKit (no postprocessing),constant,24aa9d72-799e-9634-ead4-94165f32d151_102546_6.png,8292661,117624,3543,31496,0.9978918027111445,0.9957924757135824,0.9995729372132122,0.9962163135558352,0.9958510768799397,0.9978918027111444,0.9707593651736859,0.7887875536480686,0.00042706278678778875,0.9,
HistoKit (no postprocessing),constant,0f3058e5-e9f7-bd55-4b60-07a71af55b96_123333_3.png,30740060,1528971,104621,389177,0.992032164240447,0.98419029759308,0.9966081348028855,0.9874980231606705,0.984928102515201,0.992032164240447,0.9359564689347156,0.7971079395333416,0.0033918651971145365,0.9,
HistoKit (no postprocessing),constant,def4a0a8-b472-78ea-531c-84458df3a3e9_124843_6.png,16589491,7835254,2146847,10907,0.9389373710124217,0.8849028750624425,0.8854180043079923,0.9993429675601754,0.9188280229033395,0.9389373710124217,0.7849303468277871,0.9986098934243128,0.1145819956920077,0.9,
HistoKit (no postprocessing),constant,84acf623-2a5d-c4c6-c1db-583a94b80fc7_105804_1.png,45200260,3750204,41051,976645,0.9888676891266397,0.9779805061045971,0.9990926213433559,0.9788499250870105,0.9796331103646803,0.9888676891266397,0.989172187046242,0.7933834992401915,0.0009073786566441454,0.9,
HistoKit (no postprocessing),constant,9e7010fd-072a-6a7f-3911-83d91e8c9301_113642_6.png,6923023,1656000,22273,963504,0.9335363562523635,0.8753569441634634,0.9967930812452054,0.8778291128655237,0.8969369981599197,0.9335363562523635,0.9867286192413273,0.6321807487218954,0.0032069187547946122,0.9,
HistoKit (no postprocessing),constant,969ce636-2f0f-f223-bb1c-2b4624598a38_125938_4.png,15844429,767329,73912,3664350,0.8944802174153587,0.8091037641353785,0.9953568025713232,0.812169177784012,0.8163018021603909,0.8944802174153585,0.9121393274935482,0.17314634024711628,0.004643197428676769,0.9,
HistoKit (no postprocessing),constant,1875292b-dccd-c5b5-17ad-67c30baa6d69_130951_4.png,3880894,151287,1792,176662,0.9775253701335551,0.9560387530214212,0.9995384638366327,0.95646098291681,0.9576182689784319,0.9775253701335551,0.9882936261668811,0.46131258213929605,0.0004615361633673184,0.9,
HistoKit (no postprocessing),constant,b91bdd22-8eea-af27-bee7-880d6f1d7c1e_121440_4.png,6383789,257096,18663,322643,0.9739637638108629,0.9492488953687643,0.9970850230505438,0.9518905134652823,0.9511176362835104,0.9739637638108629,0.9323213385601196,0.4434685263541007,0.0029149769494562394,0.9,
HistoKit (no postprocessing),constant,35ce6eab-4a33-9fbb-2efe-2acf7936ba3e_104917_2.png,7218048,4931833,458431,181988,0.9575220798705801,0.9185058612576728,0.9402810845962062,0.9754071466679352,0.949929321438903,0.9575220798705801,0.9149520320340525,0.9644125205008154,0.05971891540379385,0.9,
HistoKit (no postprocessing),constant,859ead5f-592a-5c4e-67de-d71b0ee92f6d_113334_2.png,12677119,606867,33211,331547,0.9858175645736715,0.9720317865288869,0.9973870859371865,0.9745133743921167,0.9732753431378008,0.9858175645736714,0.9481141360896641,0.6466943161547035,0.0026129140628134754,0.9,
HistoKit (no postprocessing),constant,d9d9ce51-54c1-b32b-5fae-fd9ffdaa32e5_111717_3.png,10966439,739604,22405,956302,0.9572833132234195,0.9180665518864315,0.9979611140170886,0.9197917660041428,0.922843808510219,0.9572833132234195,0.9705974601349853,0.4361114354215387,0.002038885982911396,0.9,
HistoKit (no postprocessing),constant,6b809376-ab46-9021-2fa3-0d0025b512da_132412_1.png,3770985,439181,7837,48710,0.9925581531238267,0.9852262502312195,0.9979260732577507,0.987247672916293,0.9867469407949399,0.9925581531238267,0.9824682674970583,0.9001621263765882,0.0020739267422493044,0.9,
HistoKit (no postprocessing),constant,c38dfb82-e376-0eab-4312-72ca49852e8b_104329_5.png,2637238,526217,3935,54688,0.9890077045260176,0.9782544426437416,0.9985101316725561,0.979684434118917,0.9818058408269446,0.9890077045260177,0.9925776003863043,0.9058572399962128,0.0014898683274439046,0.9,
HistoKit (no postprocessing),constant,cbd7b0be-5303-525e-8ff2-6d1502e77bdd_110516_2.png,9591508,749943,30082,43567,0.9961754021270038,0.9923799478891031,0.9968734897246713,0.9954782915545546,0.9929286324663229,0.9961754021270038,0.9614345694048267,0.9450958400020164,0.0031265102753287137,0.9,
HistoKit (no postprocessing),constant,e3dca99c-de77-4ab1-72a1-8daf3d4d032c_120923_2.png,9160010,1304660,2884,162142,0.9910724593273936,0.9823029101442611,0.9996852522794654,0.9826068058105039,0.9844750028599124,0.9910724593273936,0.9977943380872842,0.889458836298287,0.0003147477205345822,0.9,
HistoKit (no postprocessing),constant,8e6bc805-8b70-bd59-8612-caf5bbe72e5e_125634_1.png,64584216,1031917,138806,97419,0.9981745247390903,0.9963557020539247,0.9978553844411036,0.998493869241246,0.9964128087865889,0.9981745247390904,0.8814356598443868,0.9137378069945525,0.0021446155588964928,0.9,
HistoKit (no postprocessing),constant,24aa9d72-799e-9634-ead4-94165f32d151_102546_7.png,10999934,597817,11070,57699,0.9968838583008094,0.9937870769502082,0.998994642087134,0.9947819754914998,0.9941054401826765,0.9968838583008095,0.9818192866656703,0.9119792651895606,0.0010053579128660747,0.9,
HistoKit (no postprocessing),constant,b0f43f79-08e2-79bc-61fa-379c7ef1dd21_131900_4.png,13160482,195379,12359,372112,0.9856032676494504,0.9716151838991246,0.9990617817371363,0.9725025372075745,0.9720187983812909,0.9856032676494504,0.9405067922094177,0.34428563624797576,0.0009382182628637209,0.9,
HistoKit (no postprocessing),constant,7e6be544-b3c1-c3b1-a8a1-838402bd2649_124526_3.png,50323373,506256,42851,33960,0.9992374077893218,0.9984759777861129,0.9991492115827464,0.9993256195676605,0.9984911339311883,0.9992374077893218,0.9219623862015964,0.9371362566084678,0.0008507884172535944,0.9,
HistoKit (no postprocessing),constant,19a1c0fb-3d0a-327d-ea5a-6aae35f53e51_121144_3.png,24663133,1527416,33075,189172,0.9955145576215375,0.9910691739487201,0.9986607255656414,0.9923881507168048,0.9915856314492415,0.9955145576215374,0.9788047479927792,0.8897976683980081,0.0013392744343585057,0.9,
HistoKit (no postprocessing),constant,7ea29210-064a-9e70-4612-3ab81fa629dc_120503_4.png,2689903,178473,2710,596521,0.8997780077293384,0.8178149628443232,0.998993542703686,0.8184893367380471,0.8271917780763506,0.8997780077293382,0.9850427468360718,0.23028952482212767,0.0010064572963140266,0.9,
HistoKit (no postprocessing),constant,859ead5f-592a-5c4e-67de-d71b0ee92f6d_113334_1.png,20395637,373645,8113,204245,0.9948209953693858,0.989695358524689,0.9996023770140293,0.990085137380884,0.9898788655224282,0.9948209953693858,0.9787483169966313,0.6465676858917787,0.0003976229859707162,0.9,
HistoKit (no postprocessing),constant,7ea29210-064a-9e70-4612-3ab81fa629dc_120503_1.png,8609978,155922,5211,1176409,0.9357870217203135,0.8793230686145408,0.9993951380521078,0.8797912855888491,0.8812146142958245,0.9357870217203136,0.9676602558135206,0.11702947690926654,0.0006048619478922633,0.9,
HistoKit (no postprocessing),constant,5fe08b37-e6eb-942a-a4ce-507361c4911e_102333_3.png,13443516,1661860,20842,1732777,0.9387716780599715,0.8846085791828525,0.9984520613608164,0.8858234352750043,0.8959831828646962,0.9387716780599716,0.9876139684863987,0.4895545532556206,0.0015479386391835392,0.9,
HistoKit (no postprocessing),constant,f761dbde-597d-9a8f-e1a1-2533f0d71b83_120113_5.png,3492891,658275,539718,31323,0.9244337203610565,0.8594855917864768,0.8661615842250018,0.9911120607318398,0.8790732807773992,0.9244337203610566,0.549481507821832,0.9545778845066256,0.13383841577499828,0.9,
HistoKit (no postprocessing),constant,969ce636-2f0f-f223-bb1c-2b4624598a38_125938_2.png,4220425,329935,5141,1571003,0.8426529954994483,0.728090185763337,0.9987833582530719,0.7287365050554026,0.7427335393888587,0.8426529954994482,0.9846572120951664,0.17356431403864828,0.0012166417469281039,0.9,
HistoKit (no postprocessing),constant,969ce636-2f0f-f223-bb1c-2b4624598a38_125938_5.png,12963905,271568,9261,1424051,0.9476150137410301,0.9004452040974308,0.999286141871614,0.9010247876765817,0.9022882944974652,0.94761501374103,0.9670226365510685,0.16015862053916594,0.0007138581283859314,0.9,
HistoKit (no postprocessing),constant,a40a1d35-8d5f-0529-214c-05d84888ba26_111152_2.png,2755181,3931795,0,127104,0.9774536999424919,0.955901654416548,1.0,0.955901654416548,0.9813468582699352,0.9774536999424919,1.0,0.9686851040146601,0.0,0.9,
HistoKit (no postprocessing),constant,9e7010fd-072a-6a7f-3911-83d91e8c9301_113642_2.png,2613733,922250,9924,422449,0.9236068375796556,0.8580571391803175,0.9962174933689883,0.8608617665212428,0.8910448054559621,0.9236068375796554,0.9893539189035523,0.685841217997485,0.0037825066310115995,0.9,
HistoKit (no postprocessing),constant,04e13be9-17d6-1bd0-76ee-d5d53a64912e_105258_1.png,14296568,265127,46041,601722,0.9778473637216147,0.9566549349047475,0.9967899145824863,0.9596113379454958,0.9574105139052292,0.9778473637216147,0.8520381273138626,0.30585142279681926,0.0032100854175136475,0.9,
HistoKit (no postprocessing),constant,40f80889-968b-7602-00a3-4e00b00e88fe_110004_1.png,8466089,913161,79591,3185934,0.8383219616606898,0.7216474220853158,0.990686405294839,0.7265767498055917,0.7417490623597494,0.8383219616606898,0.9198279127113317,0.22277136782631288,0.009313594705160971,0.9,
HistoKit (no postprocessing),constant,2125a939-8f92-6ca7-9a29-e1755d6267ed_103351_3.png,10165045,2466800,374708,758343,0.9472094508441239,0.8997131021014514,0.9644481232150317,0.9305762095056955,0.9176854659853587,0.9472094508441239,0.8681305841827649,0.7648653098482765,0.0355518767849683,0.9,
HistoKit (no postprocessing),constant,f9a50b4c-7c73-18cd-0877-8296eed330e2_114604_2.png,8967086,1662053,34959,1812868,0.9065904815787322,0.8291408354371413,0.9961165490730162,0.8318297091063653,0.8519009348907419,0.9065904815787322,0.9793996742509776,0.4782995066650436,0.003883450926983813,0.9,
HistoKit (no postprocessing),constant,c38dfb82-e376-0eab-4312-72ca49852e8b_104329_2.png,5762032,751055,16911,65493,0.9929001656662475,0.9859004359017705,0.9970736863125316,0.9887614381748684,0.9875060097875958,0.9929001656662475,0.9779794938838439,0.9197928352038092,0.0029263136874684522,0.9,
HistoKit (no postprocessing),constant,0f3058e5-e9f7-bd55-4b60-07a71af55b96_123333_2.png,15234550,842973,32211,90494,0.9959889584808742,0.9920099653225788,0.9978901222073234,0.9940950251105315,0.9924257238848737,0.9959889584808742,0.9631951681017934,0.9030560266190449,0.0021098777926765212,0.9,
HistoKit (no postprocessing),constant,7d4546a5-f4cc-3733-763f-d1c5a5904dff_120251_3.png,2837763,445122,15605,209090,0.9619175281739447,0.926629197853489,0.9945310243894233,0.9313750942365778,0.9359401638736679,0.9619175281739446,0.9661296168880921,0.6803941230059981,0.005468975610576694,0.9,
HistoKit (no postprocessing),constant,0502ebf6-5b9d-c3a6-85fe-a3909acf1f7b_112628_1.png,7717310,2941396,391469,45004,0.9724988694855483,0.9464698778468841,0.9517228179483003,0.9942022443307498,0.96066102223317,0.9724988694855483,0.8825427972630154,0.9849303509241897,0.04827718205169977,0.9,
HistoKit (no postprocessing),constant,c0272a60-2518-4785-1810-6431c15f4b4b_130712_2.png,16995190,1511871,68568,298010,0.989330312654572,0.9788859060897485,0.9959816589053829,0.9827672148590197,0.9805772485104753,0.989330312654572,0.9566145862004165,0.8353427656293425,0.004018341094617024,0.9,
HistoKit (no postprocessing),constant,c38dfb82-e376-0eab-4312-72ca49852e8b_104329_4.png,5032349,144935,6869,21467,0.997192519117641,0.9944007580001522,0.9986368916764466,0.9957523186439712,0.9945566522335476,0.9971925191176408,0.9547508629548629,0.8709931371017176,0.0013631083235533768,0.9,
HistoKit (no postprocessing),constant,7ea29210-064a-9e70-4612-3ab81fa629dc_120503_3.png,3695388,234429,4220,751036,0.9072854120877502,0.8303041087986368,0.9988593386110096,0.8310921315646012,0.8387952546310378,0.9072854120877502,0.9823171268264271,0.23788668293648177,0.0011406613889904012,0.9,
HistoKit (no postprocessing),constant,228e0715-eef2-126e-c558-f7684e2bcfa8_110725_12.png,2209504,6120520,448118,136226,0.8832094963536445,0.7908461734496651,0.8313838461602139,0.9419259676092304,0.9344491948279452,0.8832094963536445,0.9317791603069008,0.9782273405377172,0.1686161538397861,0.9,
HistoKit (no postprocessing),constant,7e6be544-b3c1-c3b1-a8a1-838402bd2649_124526_2.png,49824430,1386467,62355,119943,0.9981739368384368,0.9963545305343713,0.9987500697830096,0.997598468199811,0.9964528766892192,0.9981739368384367,0.9569615867235589,0.920378250277149,0.0012499302169903313,0.9,
HistoKit (no postprocessing),constant,5fe08b37-e6eb-942a-a4ce-507361c4911e_102333_4.png,4514183,514560,14128,2781329,0.7635741840858071,0.6175657077503133,0.9968800729455198,0.618761644145058,0.6427165716622786,0.7635741840858071,0.9732772448022274,0.15612176259576702,0.0031199270544801363,0.9,
HistoKit (no postprocessing),constant,be2180cd-04c9-2627-2456-4397fd5e59ee_103647_6.png,3762013,360697,9680,76337,0.9886969101225841,0.9776464840450828,0.99743351327905,0.9801120273033986,0.979562228673896,0.9886969101225841,0.9738644678260259,0.8253293794075518,0.0025664867209499818,0.9,
HistoKit (no postprocessing),constant,0f3058e5-e9f7-bd55-4b60-07a71af55b96_123333_1.png,18717253,804477,33296,181974,0.9942823032997593,0.9886296189895029,0.9982242653268446,0.9903713522251466,0.9890930739220752,0.9942823032997594,0.9602565372720295,0.8155265694900203,0.0017757346731554367,0.9,
HistoKit (no postprocessing),constant,6f1702fd-ae84-1c96-04ae-a23a14a5d2d4_111419_1.png,2956974,787973,390,47285,0.99200301662819,0.9841329220151838,0.9998681258039254,0.9842606779242402,0.9874295408295369,0.99200301662819,0.9995053040287278,0.9433887493445139,0.0001318741960746124,0.9,
HistoKit (no postprocessing),constant,228e0715-eef2-126e-c558-f7684e2bcfa8_110725_1.png,7689059,562892,18499,2295149,0.8692245873023643,0.768697813501885,0.9975998883174152,0.7701220767836567,0.7810206501306741,0.8692245873023644,0.9681814819974853,0.19695028867675446,0.0024001116825848085,0.9,
HistoKit (no postprocessing),constant,9e7010fd-072a-6a7f-3911-83d91e8c9301_113642_4.png,6669247,228940,33710,1178983,0.9166602009856653,0.8461428277809778,0.9949708762863912,0.8497772109125242,0.8504856439745132,0.9166602009856653,0.8716542927850752,0.16260832446092577,0.005029123713608785,0.9,
HistoKit (no postprocessing),constant,deaaef3a-8172-327d-10b9-23d266fb17ca_123636_5.png,2217054,163467,248,607627,0.879437316627208,0.7848176007255404,0.9998881523581361,0.784886505768262,0.796588203169861,0.8794373166272079,0.9984851724032617,0.21199360908008621,0.00011184764186385075,0.9,
HistoKit (no postprocessing),constant,9e7010fd-072a-6a7f-3911-83d91e8c9301_113642_7.png,2651556,3481539,127731,672919,0.8688267989479275,0.7680758332498119,0.9540418100037887,0.7975863858203175,0.8845284907362472,0.8688267989479275,0.9646102951566383,0.8380248398226676,0.045958189996211256,0.9,
HistoKit (no postprocessing),constant,f761dbde-597d-9a8f-e1a1-2533f0d71b83_120113_2.png,3074337,464693,20696,32378,0.9914420901977958,0.9830294131471687,0.9933131569194901,0.9895780591396378,0.9852248153171512,0.9914420901977958,0.9573620333382091,0.9348624240802622,0.0066868430805099655,0.9,
HistoKit (no postprocessing),constant,7e3642ed-4a56-9d3f-3ecf-de46d455c0fd_113100_2.png,2178884,1257096,0,146912,0.9673868066100145,0.9368336689890256,1.0,0.9368336689890256,0.958996252189572,0.9673868066100145,1.0,0.8953624195873527,0.0,0.9,
HistoKit (no postprocessing),constant,3e1fffa8-5bae-87b0-bc39-e4a1bc285608_122517_5.png,5000668,1794982,201796,652469,0.9213065218590846,0.854094829095397,0.961211456725121,0.8845828431187852,0.8883301317727059,0.9213065218590845,0.8989391910367602,0.7334087587453232,0.03878854327487898,0.9,
HistoKit (no postprocessing),constant,8e6bc805-8b70-bd59-8612-caf5bbe72e5e_125634_3.png,31274656,393423,25621,41185,0.9989330862063343,0.9978684465963968,0.999181444943762,0.9986848509034134,0.9978948718421384,0.9989330862063344,0.9388584492320615,0.9052364429554909,0.0008185550562380007,0.9,
HistoKit (no postprocessing),constant,1875292b-dccd-c5b5-17ad-67c30baa6d69_130951_1.png,9853821,350013,6032,2070815,0.9046639560836153,0.825923661608889,0.9993882261733517,0.8263414497515899,0.8308850299099863,0.9046639560836153,0.9830583212796136,0.14458400183738787,0.0006117738266483284,0.9,
HistoKit (no postprocessing),constant,54b22c23-34e4-1c55-9de2-c8e205e762bc_131621_2.png,20973339,1724055,70234,329207,0.9905672347447,0.9813107606965495,0.9966624489101732,0.9845461195107852,0.9827058122898656,0.9905672347446999,0.9608569188129671,0.8396663455516149,0.0033375510898268086,0.9,
HistoKit (no postprocessing),constant,7d4546a5-f4cc-3733-763f-d1c5a5904dff_120251_1.png,6512833,928891,32433,259459,0.978082167916971,0.9571045119383957,0.9950448155964937,0.9616881552065386,0.9622567244093837,0.9780821679169709,0.9662621551110759,0.7816644927841124,0.00495518440350629,0.9,
HistoKit (no postprocessing),constant,be2180cd-04c9-2627-2456-4397fd5e59ee_103647_1.png,28914901,456119,8007,47633,0.9990387911350836,0.998079428340672,0.9997231606171828,0.9983553579945733,0.9981091975779786,0.9990387911350836,0.9827482192335701,0.905443551588877,0.00027683938281724646,0.9,
HistoKit (no postprocessing),constant,f761dbde-597d-9a8f-e1a1-2533f0d71b83_120113_3.png,10042333,14770113,342657,87037,0.9790539894980882,0.9589674472764442,0.9670045902788544,0.991407461668396,0.9829771168371619,0.9790539894980882,0.9773266581837744,0.994141743201085,0.03299540972114561,0.9,
HistoKit (no postprocessing),constant,6f1702fd-ae84-1c96-04ae-a23a14a5d2d4_111419_2.png,6468840,565409,14790,149997,0.9874232081637756,0.9751588384453934,0.9977188704475733,0.977337861621309,0.9771098519301751,0.9874232081637756,0.9745087461371013,0.7903330416574644,0.00228112955242665,0.9,
HistoKit (no postprocessing),constant,f9a50b4c-7c73-18cd-0877-8296eed330e2_114604_5.png,4905682,3241033,392891,1125834,0.8659564810126381,0.7636007494543854,0.9258496580116948,0.8133414551167567,0.8428705780595607,0.8659564810126382,0.891882438928277,0.7421872477453515,0.07415034198830515,0.9,
HistoKit (no postprocessing),constant,1c7a4a4c-ace6-25f8-ee0c-f8914aeab226_121941_3.png,7014801,3869057,528716,122654,0.9556316843326178,0.9150332023639963,0.9299112071995066,0.9828154433197828,0.9435321087714954,0.9556316843326179,0.8797764232032895,0.9692728256128763,0.07008879280049346,0.9,
HistoKit (no postprocessing),constant,9601a588-d18f-b3b2-00f0-b816a7730c15_114312_2.png,5466511,420698,21989,47282,0.9937039488041266,0.9874866820983919,0.9959936230299717,0.9914247778253554,0.9883704805522725,0.9937039488041267,0.9503283358219239,0.8989657677678533,0.004006376970028241,0.9,
HistoKit (no postprocessing),constant,9601a588-d18f-b3b2-00f0-b816a7730c15_114312_1.png,9501992,1033723,327172,57011,0.9801846662451381,0.9611393688661186,0.9667141579894282,0.9940358842862588,0.964818077971058,0.980184666245138,0.7595905635629494,0.9477315275768428,0.0332858420105718,0.9,
HistoKit (no postprocessing),gaussian,2125a939-8f92-6ca7-9a29-e1755d6267ed_103351_7.png,713734,336538,8830,1653348,0.46201668411203095,0.30040422372545783,0.9877796292093157,0.301524830994448,0.3872041880956331,0.4620166841120309,0.9744330684950545,0.16912426138984846,0.012220370790684285,0.75,0.75
HistoKit (no postprocessing),constant,54b22c23-34e4-1c55-9de2-c8e205e762bc_131621_1.png,26123583,1341688,131221,168756,0.9942912785952988,0.9886473662140908,0.995002019439947,0.9935815524058168,0.9891959545976322,0.9942912785952988,0.9109103142149312,0.8882739115121117,0.004997980560052934,0.9,
HistoKit (no postprocessing),gaussian,228e0715-eef2-126e-c558-f7684e2bcfa8_110725_2.png,2720672,184114,62195,773525,0.866861322427173,0.7650090316253102,0.9776507465142962,0.7786258187503452,0.776575682541346,0.866861322427173,0.7474919714667349,0.19225825180469885,0.022349253485703772,0.75,0.75
HistoKit (no postprocessing),gaussian,be2180cd-04c9-2627-2456-4397fd5e59ee_103647_4.png,4365825,440993,23608,481698,0.9452951816594125,0.8962651589538446,0.9946216288071831,0.9006300743699411,0.9048768439893345,0.9452951816594125,0.9491865062709723,0.4779422363499807,0.005378371192816931,0.75,0.75
HistoKit (no postprocessing),gaussian,39bcf904-a619-148a-5bca-38122a540be1_104536_1.png,1665193,912184,1512,340427,0.906887598456019,0.8296380108532971,0.9990928208651201,0.830263459678304,0.8828701654771186,0.906887598456019,0.9983451826428046,0.7282260813612527,0.0009071791348798978,0.75,0.75
HistoKit (no postprocessing),constant,be2180cd-04c9-2627-2456-4397fd5e59ee_103647_3.png,21839588,1450189,40374,238548,0.9936548210070417,0.9873896568982269,0.9981547499945383,0.9891952835148764,0.9881655750281337,0.9936548210070417,0.9729135903682031,0.8587417697367915,0.0018452500054616182,0.9,
HistoKit (no postprocessing),gaussian,9e7010fd-072a-6a7f-3911-83d91e8c9301_113642_3.png,3204167,270913,3738,565508,0.9184178468752777,0.8491429377065273,0.9988347535229378,0.8499849456518135,0.8592482406215523,0.9184178468752777,0.9863900004005083,0.3238955023845647,0.0011652464770621324,0.75,0.75
HistoKit (no postprocessing),constant,332605c9-e7e2-297a-c808-98d567218fe3_115336_3.png,9185165,264681,32300,55430,0.9952470628007494,0.9905390926997448,0.9964957827341899,0.9940014685201548,0.9908016460366869,0.9952470628007494,0.8912388334607264,0.8268413144190608,0.003504217265810068,0.9,
HistoKit (no postprocessing),gaussian,c74350c8-f970-c60d-af8a-f9c4d9c5bab2_124242_3.png,305776,1908344,1518992,20892,0.28425293617844083,0.16567298418993748,0.16756979517396184,0.936045158999351,0.5898022484792238,0.28425293617844083,0.5568009672818772,0.9891708427584806,0.8324302048260381,0.75,0.75
HistoKit (no postprocessing),constant,10fd35f3-17d4-d309-f849-cc9e883460c1_123055_2.png,4872191,3646915,3660626,97758,0.7216582143243836,0.5645268131034143,0.5709944324365565,0.9803301804505439,0.6938801009001025,0.7216582143243836,0.499061859522923,0.9738941157211858,0.4290055675634436,0.9,
HistoKit (no postprocessing),constant,969ce636-2f0f-f223-bb1c-2b4624598a38_125938_1.png,21920136,772386,142862,2287366,0.9474778098356404,0.9001974672740005,0.9935248147146639,0.9055100356905889,0.9032658447025107,0.9474778098356404,0.8439089733055959,0.25243418420839336,0.0064751852853361085,0.9,
HistoKit (no postprocessing),gaussian,332605c9-e7e2-297a-c808-98d567218fe3_115336_2.png,5418487,468731,13137,209501,0.9798692757033429,0.9605330497019655,0.9975813863404389,0.9627751516172387,0.9635608433324779,0.979869275703343,0.9727373471573127,0.6911071727668409,0.0024186136595611184,0.75,0.75
HistoKit (no postprocessing),gaussian,0502ebf6-5b9d-c3a6-85fe-a3909acf1f7b_112628_8.png,4020006,94682,734,43543,0.9945230805083787,0.9891058275223452,0.9998174465396917,0.9892844899864626,0.989353841640889,0.9945230805083787,0.9923073698331517,0.6849846265147405,0.00018255346030830147,0.75,0.75
HistoKit (no postprocessing),constant,7e6be544-b3c1-c3b1-a8a1-838402bd2649_124526_1.png,51766913,2598920,148664,259073,0.9960772477512196,0.9921851512180724,0.9971364278586368,0.9950203154246803,0.9925559535374452,0.9960772477512195,0.9458928280263679,0.9093514224842398,0.0028635721413632752,0.9,
HistoKit (no postprocessing),gaussian,3e1fffa8-5bae-87b0-bc39-e4a1bc285608_122517_10.png,3475672,1741564,266286,1754358,0.7747830246763594,0.6323639324958754,0.9288377902691586,0.6645606239352355,0.7208237771281093,0.7747830246763594,0.8673775431431631,0.4981701536819185,0.07116220973084145,0.75,0.75
HistoKit (no postprocessing),gaussian,def4a0a8-b472-78ea-531c-84458df3a3e9_124843_7.png,11411911,165723,59358,345014,0.9825913284519666,0.96577840933566,0.9948255070995197,0.9706544015548283,0.9662517277991682,0.9825913284519665,0.7362816052887627,0.32447815607641506,0.0051744929004803215,0.75,0.75
HistoKit (no postprocessing),gaussian,b91bdd22-8eea-af27-bee7-880d6f1d7c1e_121440_5.png,2830502,765383,346233,5170022,0.5064751563867314,0.33911398163382495,0.8910097946476493,0.3537895767827207,0.394625741044365,0.5064751563867314,0.6885318311359319,0.1289521102603782,0.10899020535235077,0.75,0.75
HistoKit (no postprocessing),gaussian,04e13be9-17d6-1bd0-76ee-d5d53a64912e_105258_2.png,3232892,117806,4566,937088,0.8728772350170194,0.7744296026442157,0.9985896342130153,0.7752775792689653,0.7806205082900937,0.8728772350170194,0.962687542901971,0.1116756754707108,0.001410365786984727,0.75,0.75
HistoKit (no postprocessing),gaussian,d9d9ce51-54c1-b32b-5fae-fd9ffdaa32e5_111717_1.png,7435773,300931,6769,612537,0.9600211789512934,0.9231160861364612,0.999090498918246,0.9238924693507085,0.925884961841836,0.9600211789512932,0.9780012999675008,0.3294379222917497,0.0009095010817540566,0.75,0.75
HistoKit (no postprocessing),gaussian,cd7afea3-2dfd-f8a4-f2e6-1e02af01c417_132555_3.png,0,3999369,3381,106110,0.0,0.0,0.0,0.0,0.9733524627268878,,0.9991553307101367,0.9741540512081538,1.0,0.75,0.75
HistoKit (no postprocessing),gaussian,be2180cd-04c9-2627-2456-4397fd5e59ee_103647_5.png,4977437,480201,15805,96693,0.9888254849428431,0.9778979495808886,0.9968347218099984,0.9809439253625745,0.9798033656628851,0.9888254849428431,0.9681354661032326,0.8323903524737647,0.003165278190001606,0.75,0.75
HistoKit (no postprocessing),gaussian,19a1c0fb-3d0a-327d-ea5a-6aae35f53e51_121144_1.png,6538241,59632,4145,19130,0.9982232494847042,0.9964528014562488,0.9993664390942387,0.9970826723087652,0.9964847485662607,0.9982232494847042,0.9350079182150305,0.7571163759173205,0.0006335609057612926,0.75,0.75
HistoKit (no postprocessing),gaussian,b0f43f79-08e2-79bc-61fa-379c7ef1dd21_131900_10.png,5057861,181922,4470,366827,0.9645946097742362,0.9316105738679921,0.9991170075603512,0.9323782307848857,0.9338278905308782,0.9645946097742362,0.9760182840465256,0.3315213330684885,0.0008829924396488495,0.75,0.75
HistoKit (no postprocessing),gaussian,0504f20c-cba2-27c1-e181-78505aa24ca7_112258_3.png,3521718,2216530,2649790,60184,0.7221511245810439,0.5651303048995361,0.5706414056337609,0.9831977535957154,0.6792255222459826,0.7221511245810439,0.4554838152854724,0.9735654104995182,0.4293585943662392,0.75,0.75
HistoKit (no postprocessing),constant,def4a0a8-b472-78ea-531c-84458df3a3e9_124843_8.png,30168394,634375,188385,1100366,0.9790873877792777,0.9590315332176521,0.9937943020898231,0.9648094136128199,0.9598413848892169,0.9790873877792776,0.7710328649910059,0.365688595588621,0.006205697910176834,0.9,
HistoKit (no postprocessing),gaussian,cbd7b0be-5303-525e-8ff2-6d1502e77bdd_110516_1.png,11665487,482579,18699,50795,0.9970302303355643,0.9940780475059994,0.9983996317758036,0.9956645802823797,0.9943119575430773,0.9970302303355641,0.9626973455846856,0.9047666365439635,0.0016003682241963624,0.75,0.75
HistoKit (no postprocessing),gaussian,d9d9ce51-54c1-b32b-5fae-fd9ffdaa32e5_111717_2.png,6626444,751566,5031,1754464,0.8827970882437518,0.7901850943585447,0.999241345251245,0.7906594369011091,0.8074425130273527,0.8827970882437519,0.9933504890978949,0.29990303388227596,0.0007586547487549904,0.75,0.75
HistoKit (no postprocessing),gaussian,c0272a60-2518-4785-1810-6431c15f4b4b_130712_1.png,8109059,224529,49009,16353,0.9959859931660799,0.9920040820016488,0.9939925727512936,0.9979874251299503,0.9922178367534037,0.9959859931660799,0.8208329372884207,0.9321119884424739,0.006007427248706434,0.75,0.75
HistoKit (no postprocessing),gaussian,6f1702fd-ae84-1c96-04ae-a23a14a5d2d4_111419_5.png,2302515,935620,25023,232373,0.9470642843716285,0.899451191857842,0.9892491551158349,0.9083300721767589,0.9263642633980359,0.9470642843716285,0.9739518218526549,0.8010493213572342,0.010750844884165157,0.75,0.75
HistoKit (no postprocessing),gaussian,e398b039-2e70-a00a-855c-e3ff4eba631e_115619_4.png,4955416,186228,599,625101,0.9406161344169031,0.8878898055514345,0.9998791367661317,0.8879851096233556,0.8915098527155655,0.940616134416903,0.9967938253036231,0.22953450449817522,0.00012086323386833979,0.75,0.75
HistoKit (no postprocessing),gaussian,2125a939-8f92-6ca7-9a29-e1755d6267ed_103351_8.png,6676068,209012,0,1489870,0.8996180165942528,0.8175506598262196,1.0,0.8175506598262196,0.822104012561269,0.8996180165942528,1.0,0.12302914504950903,0.0,0.75,0.75
HistoKit (no postprocessing),gaussian,deaaef3a-8172-327d-10b9-23d266fb17ca_123636_1.png,3642898,3827368,258969,87287,0.9546313363693014,0.9132006435449722,0.9336294650740273,0.9765998201161604,0.9557020372999654,0.9546313363693014,0.9366256380714562,0.9777025050738827,0.06637053492597261,0.75,0.75
HistoKit (no postprocessing),gaussian,04e13be9-17d6-1bd0-76ee-d5d53a64912e_105258_4.png,8036811,382459,34571,692903,0.9567008009477477,0.9169956248570191,0.9957168425431977,0.9206270675075954,0.9204663429959339,0.9567008009477478,0.9171018871544013,0.35565604884680696,0.0042831574568023174,0.75,0.75
HistoKit (no postprocessing),gaussian,8e6bc805-8b70-bd59-8612-caf5bbe72e5e_125634_2.png,7187115,1494710,214097,49151,0.9820154810821919,0.9646664196093533,0.9710727107938537,0.9932076847368518,0.9705706146836365,0.9820154810821918,0.8747096658663032,0.9681635846750453,0.028927289206146237,0.75,0.75
HistoKit (no postprocessing),gaussian,7ea29210-064a-9e70-4612-3ab81fa629dc_120503_2.png,8481219,53503,15357,306626,0.9813714905463133,0.9634243312830945,0.9981925660407204,0.9651079417081208,0.9636452834321567,0.9813714905463135,0.776982282892826,0.14856620821983232,0.001807433959279597,0.75,0.75
HistoKit (no postprocessing),gaussian,0502ebf6-5b9d-c3a6-85fe-a3909acf1f7b_112628_7.png,5081155,904243,591,153321,0.9850805847334422,0.9705998032116876,0.9998837013892469,0.9707093890582362,0.9749300817192812,0.9850805847334422,0.999346841520102,0.8550243767753063,0.00011629861075307582,0.75,0.75
HistoKit (no postprocessing),gaussian,9e7010fd-072a-6a7f-3911-83d91e8c9301_113642_1.png,8239827,272310,73507,56723,0.9921594876881741,0.9844409661726318,0.9911579397627955,0.9931630617545847,0.9849312115535015,0.9921594876881741,0.7874395995569912,0.8276069573568609,0.008842060237204472,0.75,0.75
HistoKit (no postprocessing),gaussian,f4c75e72-7c5b-0601-d74f-78529d4dec70_114117_1.png,4382133,8457657,10314422,159214,0.4555728582046005,0.2949785366210258,0.2981741639452239,0.9649412387998538,0.5507465955454166,0.4555728582046005,0.45054450282251635,0.9815229913503405,0.7018258360547761,0.75,0.75
HistoKit (no postprocessing),gaussian,24aa9d72-799e-9634-ead4-94165f32d151_102546_1.png,6282437,405808,23648,55315,0.99375482300191,0.9875871663470305,0.9962499712579199,0.9912721419203528,0.988331524611036,0.9937548230019099,0.9449349875190939,0.8800428519071918,0.0037500287420800704,0.75,0.75
HistoKit (no postprocessing),constant,e16fa7c2-3d43-e563-886f-5b0ebdd4e8c5_105048_1.png,41992949,447353,1003817,79494,0.9872655334082159,0.9748513218185608,0.9766536627429142,0.9981105447097521,0.9751098099323694,0.9872655334082159,0.30827056788660184,0.849113689553134,0.0233463372570858,0.9,
HistoKit (no postprocessing),gaussian,b91bdd22-8eea-af27-bee7-880d6f1d7c1e_121440_6.png,5750873,406910,101293,549622,0.9464384796054132,0.8983229372793976,0.9826913658976865,0.9127652668560169,0.9043994901815295,0.9464384796054132,0.8006839786463283,0.42540134569465526,0.01730863410231357,0.75,0.75
HistoKit (no postprocessing),gaussian,e398b039-2e70-a00a-855c-e3ff4eba631e_115619_1.png,14531316,374976,1846,1699726,0.9446898739847129,0.8951774939862827,0.9998729801539403,0.8952793049269419,0.8975441995430599,0.9446898739847128,0.9951011352840333,0.18073728178793871,0.00012701984605965308,0.75,0.75
HistoKit (no postprocessing),gaussian,b1a83861-bd20-5668-5a83-92a470ead44d_110338_5.png,2718907,2334170,0,155631,0.9721761812264177,0.9458587780018911,1.0,0.9458587780018911,0.9701209973759327,0.9721761812264177,1.0,0.937492594789704,0.0,0.75,0.75
HistoKit (no postprocessing),gaussian,d9d9ce51-54c1-b32b-5fae-fd9ffdaa32e5_111717_5.png,8879231,226779,5145,1184689,0.9372062796570203,0.8818327223034115,0.9994208934876236,0.8822835435893767,0.8844355062100786,0.9372062796570203,0.9778160086925027,0.16066889224552028,0.0005791065123763334,0.75,0.75
HistoKit (no postprocessing),gaussian,0502ebf6-5b9d-c3a6-85fe-a3909acf1f7b_112628_2.png,8279505,2885525,278327,407048,0.9602551787146947,0.9235488930136265,0.9674769263991161,0.9531404459283216,0.9421644239163134,0.9602551787146946,0.9120290708920645,0.8763738875341565,0.03252307360088396,0.75,0.75
HistoKit (no postprocessing),gaussian,40f80889-968b-7602-00a3-4e00b00e88fe_110004_3.png,21409180,8995500,136461,863116,0.9771879493094346,0.9553934651529311,0.9936664218994459,0.9612471026785923,0.9681706527876142,0.9771879493094345,0.9850567692963209,0.9124505914420442,0.006333578100554075,0.75,0.75
HistoKit (no postprocessing),gaussian,59c3e1ff-f1eb-ac9b-3a83-925048a454e4_130514_4.png,1784927,1074271,84,65038,0.9820846134885072,0.9647998512471831,0.9999529414664672,0.9648436592043633,0.9777308912841276,0.9820846134885072,0.9999218135532483,0.9429145209947433,4.7058533532846574e-05,0.75,0.75
HistoKit (no postprocessing),gaussian,2125a939-8f92-6ca7-9a29-e1755d6267ed_103351_5.png,4155575,952500,2633,37364,0.9952105980172544,0.9904668541023727,0.9993667945422644,0.9910888281465579,0.9922306836423422,0.9952105980172545,0.9972433158523473,0.9622534004671349,0.0006332054577356399,0.75,0.75
HistoKit (no postprocessing),gaussian,6247d1f0-d194-53f2-2d84-7b4b827443da_115125_1.png,2666238,453544,247228,11350,0.9537514751243683,0.9115917035464796,0.9151429946325099,0.9957611103724695,0.9234604956250962,0.9537514751243684,0.6472062239929678,0.975585832469337,0.08485700536749013,0.75,0.75
HistoKit (no postprocessing),gaussian,0e99786b-efbd-e936-5e70-bad7ef5912da_122209_3.png,9731314,1759435,57729,193702,0.9872461069534184,0.974813440591741,0.9941026921630643,0.9804834571551321,0.9785873662301208,0.9872461069534183,0.9682312658626299,0.9008251853300613,0.005897307836935643,0.75,0.75
HistoKit (no postprocessing),gaussian,7e3642ed-4a56-9d3f-3ecf-de46d455c0fd_113100_1.png,564383,1942817,1715953,90047,0.38461873962012644,0.2380978095101087,0.24749992983490152,0.8624039240254878,0.5812853565798015,0.38461873962012644,0.5310027686900243,0.9557043658601855,0.7525000701650985,0.75,0.75
HistoKit (no postprocessing),gaussian,66e65946-ef0a-6028-f7a7-e909aade97a4_112429_4.png,9087041,974202,20051,44114,0.9964818438965104,0.9929883558516768,0.9977983092736957,0.9951688477525571,0.9936629714081645,0.9964818438965105,0.9798331008304727,0.9566794590284352,0.002201690726304291,0.75,0.75
HistoKit (no postprocessing),gaussian,728c532f-2f31-cf1c-4143-7abb9ca2b76d_102101_5.png,4844664,1821360,597083,60605,0.9364369398868234,0.8804714783787005,0.8902773318935996,0.9876449181482198,0.9101974517840133,0.9364369398868234,0.7531126431344464,0.967796956904087,0.10972266810640038,0.75,0.75
HistoKit (no postprocessing),gaussian,0e99786b-efbd-e936-5e70-bad7ef5912da_122209_4.png,5242759,252515,12891,26322,0.9962742040627927,0.9925760681805962,0.9975472110966294,0.9950044419510727,0.9929147904765158,0.9962742040627928,0.9514291312178323,0.9056007631698806,0.0024527889033706582,0.75,0.75
HistoKit (no postprocessing),gaussian,59c3e1ff-f1eb-ac9b-3a83-925048a454e4_130514_1.png,4979786,707672,120354,83309,0.9799608097224949,0.960708979677431,0.9764018242636476,0.9835458351067875,0.9654288207626358,0.9799608097224948,0.8546494916826283,0.894676357586339,0.023598175736352336,0.75,0.75
HistoKit (no postprocessing),gaussian,0502ebf6-5b9d-c3a6-85fe-a3909acf1f7b_112628_5.png,2744175,843889,272,10152,0.9981043047050124,0.9962157831321364,0.999900890780547,0.9963141631331356,0.9971032278001205,0.9981043047050123,0.999677786583365,0.9881129828661621,9.910921945295355e-05,0.75,0.75
HistoKit (no postprocessing),gaussian,228e0715-eef2-126e-c558-f7684e2bcfa8_110725_7.png,7269438,366746,607,1964318,0.8809410632132562,0.7872159671435918,0.9999165067066298,0.7872677164092272,0.7953439545369186,0.8809410632132562,0.9983476383750779,0.1573298716809148,8.349329337026112e-05,0.75,0.75
HistoKit (no postprocessing),gaussian,f761dbde-597d-9a8f-e1a1-2533f0d71b83_120113_1.png,9238313,1001373,7798,132756,0.9924503066522428,0.9850137548597288,0.9991566183879904,0.9858334198585028,0.9864594652917467,0.9924503066522427,0.9922728655500406,0.8829445327647913,0.000843381612009633,0.75,0.75
HistoKit (no postprocessing),gaussian,7d4546a5-f4cc-3733-763f-d1c5a5904dff_120251_4.png,3280513,260536,6111,174376,0.9732275232577613,0.9478511990754117,0.9981406452335284,0.949527756173932,0.9515020142220847,0.9732275232577614,0.9770820598019104,0.5990545213744389,0.0018593547664716135,0.75,0.75
HistoKit (no postprocessing),gaussian,c38dfb82-e376-0eab-4312-72ca49852e8b_104329_1.png,3497293,811625,41365,93455,0.9810895886697995,0.9628811108024448,0.9883105403234785,0.9739733893885062,0.9696606775646989,0.9810895886697995,0.9515058793186321,0.8967439342378575,0.011689459676521439,0.75,0.75
HistoKit (no postprocessing),gaussian,59c3e1ff-f1eb-ac9b-3a83-925048a454e4_130514_3.png,2348381,408552,3927,69228,0.9846632551467877,0.9697898358727683,0.9983305757579365,0.9713650966719598,0.9741509804642117,0.9846632551467875,0.9904795153207799,0.8551048599773955,0.0016694242420635392,0.75,0.75
HistoKit (no postprocessing),gaussian,c0272a60-2518-4785-1810-6431c15f4b4b_130712_3.png,33260609,2115528,172660,332802,0.9924587940205303,0.9850304763026767,0.9948356829839164,0.9900932358431836,0.9859130581109276,0.9924587940205303,0.9245429134319383,0.8640697945129946,0.00516431701608359,0.75,0.75
HistoKit (no postprocessing),gaussian,7e3642ed-4a56-9d3f-3ecf-de46d455c0fd_113100_4.png,8181520,3779210,805,82369,0.9949426658317835,0.9899362275239713,0.9999016172053786,0.9900326589575441,0.9930940997204893,0.9949426658317836,0.9997870378821248,0.9786696063967615,9.838279462133318e-05,0.75,0.75
HistoKit (no postprocessing),gaussian,7e3642ed-4a56-9d3f-3ecf-de46d455c0fd_113100_3.png,3809386,1519183,34640,124703,0.9795139310745599,0.9598503702318802,0.9909886145411088,0.9683019372464629,0.9709647312128912,0.9795139310745599,0.9777065984993143,0.9241413334014645,0.009011385458891278,0.75,0.75
HistoKit (no postprocessing),gaussian,3e1fffa8-5bae-87b0-bc39-e4a1bc285608_122517_7.png,3350182,351973,22,2836335,0.7025857210250777,0.5415276619124199,0.9999934332357074,0.5415295876500461,0.5662075713862726,0.7025857210250778,0.9999374991122033,0.11039491793139182,6.566764292562482e-06,0.75,0.75
HistoKit (no postprocessing),gaussian,b0f43f79-08e2-79bc-61fa-379c7ef1dd21_131900_5.png,7348760,151240,19542,500499,0.9658262582288976,0.9339110240556344,0.9973478285770588,0.9362361466222481,0.9351573140336814,0.9658262582288976,0.8855734210865314,0.23205608380041703,0.0026521714229411335,0.75,0.75
HistoKit (no postprocessing),gaussian,66e65946-ef0a-6028-f7a7-e909aade97a4_112429_5.png,13327518,464023,15265,16234,0.998819666921914,0.9976421169312083,0.9988559358268811,0.9987834006507316,0.9977212682593699,0.9988196669219139,0.9681506734990235,0.9661972652142499,0.0011440641731189063,0.75,0.75
HistoKit (no postprocessing),gaussian,cbd7b0be-5303-525e-8ff2-6d1502e77bdd_110516_5.png,4543508,507867,132928,113172,0.9736315288484575,0.9486179244731511,0.9715749344158672,0.9756968483984297,0.9535439053511343,0.9736315288484575,0.792557682254075,0.8177698985087893,0.028425065584132873,0.75,0.75
HistoKit (no postprocessing),gaussian,1875292b-dccd-c5b5-17ad-67c30baa6d69_130951_13.png,11342905,336262,55478,1329182,0.9424747418725101,0.8912077840498163,0.995132818400645,0.8951094638160234,0.8940080881352761,0.9424747418725102,0.8583805585337213,0.20190531774109488,0.004867181599354926,0.75,0.75
HistoKit (no postprocessing),gaussian,1875292b-dccd-c5b5-17ad-67c30baa6d69_130951_12.png,6972241,285007,1138,1208974,0.9201488340763203,0.852107089488806,0.9998368079520703,0.8522256168551982,0.8570850890950662,0.9201488340763203,0.9960229953345332,0.1907701637437156,0.00016319204792970523,0.75,0.75
HistoKit (no postprocessing),gaussian,6f1702fd-ae84-1c96-04ae-a23a14a5d2d4_111419_3.png,4559049,345723,15731,59241,0.9918447265168219,0.98382139399023,0.9965613646995046,0.9871725248955783,0.9849446075942859,0.991844726516822,0.956478556054159,0.8537129226301597,0.003438635300495324,0.75,0.75
HistoKit (no postprocessing),gaussian,e398b039-2e70-a00a-855c-e3ff4eba631e_115619_3.png,17232045,535537,27036,3579782,0.9052605207104596,0.826918675937358,0.9984335203015734,0.827992900383037,0.8312552399131672,0.9052605207104595,0.9519422368297092,0.13013256080512836,0.0015664796984265848,0.75,0.75
HistoKit (no postprocessing),gaussian,b91bdd22-8eea-af27-bee7-880d6f1d7c1e_121440_1.png,5220880,1311675,72917,534640,0.9450140673853415,0.8957598752461423,0.9862259546408749,0.9071083064605805,0.9149093179490742,0.9450140673853415,0.9473368327998428,0.7104286105025416,0.013774045359125029,0.75,0.75
HistoKit (no postprocessing),gaussian,04e13be9-17d6-1bd0-76ee-d5d53a64912e_105258_3.png,9283922,317433,26,1572119,0.9219391331345812,0.8551828208134677,0.9999971994672956,0.8551848689591353,0.8592969973598246,0.9219391331345811,0.9999180996601136,0.16799378900395437,2.8005327044054964e-06,0.75,0.75
HistoKit (no postprocessing),gaussian,b91bdd22-8eea-af27-bee7-880d6f1d7c1e_121440_2.png,8733451,1019475,4477,2179432,0.8888641797023034,0.7999599720078847,0.9994876359704498,0.8002881548349781,0.8170445515917746,0.8888641797023035,0.995627724737097,0.31869479168978654,0.0005123640295502549,0.75,0.75
HistoKit (no postprocessing),gaussian,b1a83861-bd20-5668-5a83-92a470ead44d_110338_3.png,841091,1689642,56985,95953,0.9166604908670822,0.8461433217743144,0.9365476863873436,0.8976003261319639,0.943011643379535,0.9166604908670822,0.967374259071914,0.9462627303503874,0.0634523136126564,0.75,0.75
HistoKit (no postprocessing),gaussian,3e1fffa8-5bae-87b0-bc39-e4a1bc285608_122517_3.png,10416103,507436,1294,1695591,0.9246802722755214,0.8599119391515949,0.9998757847089825,0.8600038111927201,0.8655445332106116,0.9246802722755215,0.9974564110628428,0.23033580614309312,0.00012421529101751619,0.75,0.75
HistoKit (no postprocessing),gaussian,c74350c8-f970-c60d-af8a-f9c4d9c5bab2_124242_5.png,0,5526132,5574732,1850,0.0,0.0,0.0,0.0,0.49772803298364704,,0.49781098119930123,0.9996653389971241,1.0,0.75,0.75
HistoKit (no postprocessing),gaussian,0504f20c-cba2-27c1-e181-78505aa24ca7_112258_4.png,9944112,1327740,447965,133543,0.9715918117540572,0.9447530881791286,0.9568936026936675,0.9867486037178292,0.9509415051934641,0.9715918117540572,0.7477255512599221,0.9086125001112036,0.043106397306332506,0.75,0.75
HistoKit (no postprocessing),gaussian,c74350c8-f970-c60d-af8a-f9c4d9c5bab2_124242_4.png,0,2714006,923372,1278,0.0,0.0,0.0,0.0,0.7458814463362297,,0.7461435132669741,0.9995293310018399,1.0,0.75,0.75
HistoKit (no postprocessing),gaussian,5fe08b37-e6eb-942a-a4ce-507361c4911e_102333_2.png,9005645,69985,12999,182781,0.9892470342564729,0.9787228608612253,0.9985586524980917,0.9801074743378245,0.97888347079894,0.9892470342564729,0.8433553456087921,0.2768766368894551,0.0014413475019082692,0.75,0.75
HistoKit (no postprocessing),gaussian,7e6be544-b3c1-c3b1-a8a1-838402bd2649_124526_4.png,4620280,474753,17841,70486,0.9905318823135064,0.9812413735102548,0.996153399189025,0.9849734563608588,0.9829595088899864,0.9905318823135064,0.9637815320527655,0.8707245813303891,0.0038466008109749616,0.75,0.75
HistoKit (no postprocessing),gaussian,cbd7b0be-5303-525e-8ff2-6d1502e77bdd_110516_4.png,3248393,341337,900,69840,0.9892288207157459,0.9786872053635693,0.9997230166685491,0.9789526534152364,0.9806746128229435,0.989228820715746,0.9973702434278,0.8301461414427364,0.00027698333145087257,0.75,0.75
HistoKit (no postprocessing),gaussian,66e65946-ef0a-6028-f7a7-e909aade97a4_112429_3.png,4703151,170445,11903,4939,0.9982126984369548,0.9964317743691569,0.9974755326238045,0.9989509546334076,0.9965561366895971,0.9982126984369548,0.9347237150942155,0.9718389362769694,0.0025244673761954796,0.75,0.75
HistoKit (no postprocessing),gaussian,24aa9d72-799e-9634-ead4-94165f32d151_102546_6.png,8297665,117828,3339,26492,0.9982056715119931,0.996417770720034,0.9995977594999352,0.9968174555093087,0.9964677494907241,0.9982056715119931,0.9724429919037362,0.8164356984478935,0.00040224050006481144,0.75,0.75
HistoKit (no postprocessing),gaussian,0f3058e5-e9f7-bd55-4b60-07a71af55b96_123333_3.png,30754885,1530385,103207,374352,0.9922958609815241,0.9847095219317451,0.9966554315801508,0.9879742635516573,0.9854237556836133,0.9922958609815241,0.9368220461412642,0.8034626302738909,0.00334456841984916,0.75,0.75
HistoKit (no postprocessing),gaussian,def4a0a8-b472-78ea-531c-84458df3a3e9_124843_6.png,16587517,7865742,2116359,12881,0.9396888886597696,0.8862388393459402,0.8868491750052235,0.9992240547485669,0.9199006835286629,0.9396888886597697,0.7879846136599901,0.9983650696320918,0.11315082499477648,0.75,0.75
HistoKit (no postprocessing),gaussian,84acf623-2a5d-c4c6-c1db-583a94b80fc7_105804_1.png,45248130,3743072,48183,928775,0.9893197372809165,0.9788651997806905,0.9989362710382189,0.9798865904936678,0.9804483895344556,0.9893197372809164,0.9872910157718222,0.801197470721965,0.0010637289617810616,0.75,0.75
HistoKit (no postprocessing),gaussian,9e7010fd-072a-6a7f-3911-83d91e8c9301_113642_6.png,6811722,1652789,25484,1074805,0.9252710572787486,0.8609343439992689,0.9962727464990816,0.8637163101070978,0.8849647666443626,0.9252710572787485,0.9848153429150085,0.6059512522758153,0.0037272535009183574,0.75,0.75
HistoKit (no postprocessing),gaussian,b91bdd22-8eea-af27-bee7-880d6f1d7c1e_121440_4.png,6459850,246012,29747,246582,0.9790596853038137,0.9589783763169001,0.9954162022695708,0.9632320136847731,0.960423740914564,0.9790596853038137,0.8921268208834526,0.4994214302244851,0.004583797730429178,0.75,0.75
HistoKit (no postprocessing),gaussian,1875292b-dccd-c5b5-17ad-67c30baa6d69_130951_4.png,3903669,150623,2456,153887,0.9803679981656723,0.9614919857379732,0.9993712438798041,0.9620739676790659,0.9628694959311362,0.9803679981656724,0.9839559965769309,0.49464057009622014,0.0006287561201958463,0.75,0.75
HistoKit (no postprocessing),gaussian,969ce636-2f0f-f223-bb1c-2b4624598a38_125938_4.png,14710608,755860,85381,4798171,0.8576421796526943,0.750764921793024,0.9942294496163792,0.7540506763647279,0.7600222505923827,0.8576421796526944,0.898505897834271,0.13609214640681697,0.005770550383620858,0.75,0.75
HistoKit (no postprocessing),gaussian,35ce6eab-4a33-9fbb-2efe-2acf7936ba3e_104917_2.png,7227515,4923513,466751,172521,0.9576481244379501,0.9187378532048726,0.9393378133794699,0.9766864647685498,0.9500189987725073,0.9576481244379501,0.9134085083773262,0.9661460264982533,0.06066218662053015,0.75,0.75
HistoKit (no postprocessing),gaussian,859ead5f-592a-5c4e-67de-d71b0ee92f6d_113334_2.png,12776953,605136,34942,231713,0.9896727650495277,0.9795566533431548,0.9972726907299818,0.9821877969654997,0.9804630374780273,0.9896727650495277,0.9454097781832839,0.7231125328464275,0.0027273092700182133,0.75,0.75
HistoKit (no postprocessing),gaussian,d9d9ce51-54c1-b32b-5fae-fd9ffdaa32e5_111717_3.png,10847966,736719,25290,1074775,0.9517430626087554,0.9079291809671401,0.9976741097606825,0.9098550408836358,0.9132765722619681,0.9517430626087554,0.9668114156132014,0.4066913829137717,0.0023258902393174592,0.75,0.75
HistoKit (no postprocessing),gaussian,6b809376-ab46-9021-2fa3-0d0025b512da_132412_1.png,3751732,440141,6877,67963,0.9901244394524157,0.9804420248723923,0.9981703337591115,0.9822072181155825,0.9824595654781562,0.9901244394524158,0.9846158320246612,0.8662419504668336,0.001829666240888584,0.75,0.75
HistoKit (no postprocessing),gaussian,c38dfb82-e376-0eab-4312-72ca49852e8b_104329_5.png,2621027,527727,2425,70899,0.9862053084465489,0.9727860252802994,0.9990756453710607,0.9736623517882735,0.9772432573016544,0.986205308446549,0.9954258401364137,0.8815637810586242,0.0009243546289392754,0.75,0.75
HistoKit (no postprocessing),gaussian,cbd7b0be-5303-525e-8ff2-6d1502e77bdd_110516_2.png,9597172,748552,31473,37903,0.9963986187506878,0.992823084310966,0.9967313157770382,0.996066143750827,0.9933389021708865,0.9963986187506878,0.9596512932277812,0.9518052526845147,0.003268684222961798,0.75,0.75
HistoKit (no postprocessing),gaussian,8e6bc805-8b70-bd59-8612-caf5bbe72e5e_125634_1.png,64583839,1027737,142986,97796,0.998139364304312,0.9962856396800222,0.9977909313487878,0.9984880406934673,0.9963436085310718,0.998139364304312,0.8778652166225487,0.9131113881156749,0.0022090686512122293,0.75,0.75
HistoKit (no postprocessing),gaussian,7e6be544-b3c1-c3b1-a8a1-838402bd2649_124526_3.png,50301875,509824,39283,55458,0.9990591616710522,0.998120092031576,0.9992196643549598,0.9988987105413227,0.9981389191622907,0.9990591616710522,0.9284602090302982,0.9018932143602661,0.0007803356450401876,0.75,0.75
HistoKit (no postprocessing),gaussian,e3dca99c-de77-4ab1-72a1-8daf3d4d032c_120923_2.png,9128954,1300070,7474,193198,0.9891285245127198,0.9784908848436153,0.999181956011693,0.97927538619838,0.9811215673524436,0.9891285245127199,0.9942839399668386,0.870620678940418,0.0008180439883070276,0.75,0.75
HistoKit (no postprocessing),gaussian,b0f43f79-08e2-79bc-61fa-379c7ef1dd21_131900_4.png,12897726,194752,12986,634868,0.9755002646038283,0.9521722953169964,0.9989941685632829,0.9530860084917939,0.952850193139438,0.9755002646038282,0.9374885673300022,0.23474843904438175,0.0010058314367170456,0.75,0.75
HistoKit (no postprocessing),gaussian,24aa9d72-799e-9634-ead4-94165f32d151_102546_7.png,10986126,598439,10448,71507,0.9962839289574094,0.9925953740309634,0.9990498859008269,0.9935332453157019,0.9929751974024816,0.9962839289574094,0.9828408226813843,0.8932645317682321,0.0009501140991730698,0.75,0.75
HistoKit (no postprocessing),gaussian,859ead5f-592a-5c4e-67de-d71b0ee92f6d_113334_1.png,20301437,372102,9656,298445,0.9924689890671147,0.9850505625113964,0.999524594762084,0.9855122956529557,0.9853156855231526,0.9924689890671148,0.9747064894514326,0.5549230702694964,0.00047540523791604915,0.75,0.75
HistoKit (no postprocessing),gaussian,19a1c0fb-3d0a-327d-ea5a-6aae35f53e51_121144_3.png,24685731,1521549,38942,166574,0.9958546081610703,0.9917434429862031,0.9984249741139145,0.9932974426315788,0.9922190744213525,0.9958546081610702,0.9750450339027908,0.9013259104934889,0.0015750258860855308,0.75,0.75
HistoKit (no postprocessing),gaussian,7ea29210-064a-9e70-4612-3ab81fa629dc_120503_4.png,2668234,175541,5642,618190,0.8953354696911229,0.8105044066552736,0.9978899545079877,0.8118958478881605,0.8200972601566441,0.895335469691123,0.9688602131546558,0.22115930964016778,0.0021100454920123446,0.75,0.75
HistoKit (no postprocessing),gaussian,7ea29210-064a-9e70-4612-3ab81fa629dc_120503_1.png,8773651,156217,4916,1012736,0.9451842433867598,0.8960657228154414,0.9994399997174938,0.8965158438962203,0.897697918677218,0.9451842433867599,0.9694910415619395,0.13363839264709532,0.000560000282506245,0.75,0.75
HistoKit (no postprocessing),gaussian,5fe08b37-e6eb-942a-a4ce-507361c4911e_102333_3.png,13330245,1658975,23727,1846048,0.9344634548610046,0.8769886486991465,0.9982232252696052,0.8783597549151166,0.8890933297032237,0.9344634548610046,0.9858994640762297,0.4733135845328262,0.001776774730394822,0.75,0.75
HistoKit (no postprocessing),gaussian,f761dbde-597d-9a8f-e1a1-2533f0d71b83_120113_5.png,3491152,657680,540313,33062,0.9241133722065218,0.858931924920169,0.8659760161628589,0.9906186173711358,0.8785790203606068,0.9241133722065217,0.5489848438179522,0.9521355296188736,0.1340239838371411,0.75,0.75
HistoKit (no postprocessing),gaussian,969ce636-2f0f-f223-bb1c-2b4624598a38_125938_5.png,12837473,271205,9624,1550483,0.9427169464292946,0.8916410257834997,0.9992508813469689,0.8922374380349787,0.8936444293102667,0.9427169464292946,0.9657300350035075,0.1488756581807642,0.0007491186530311089,0.75,0.75
HistoKit (no postprocessing),gaussian,969ce636-2f0f-f223-bb1c-2b4624598a38_125938_2.png,4270222,329721,5355,1521206,0.8483599640608105,0.736653761232739,0.998747537466873,0.7373349025490777,0.7508267357696984,0.8483599640608106,0.984018551015292,0.17813830583269896,0.0012524625331271078,0.75,0.75
HistoKit (no postprocessing),gaussian,a40a1d35-8d5f-0529-214c-05d84888ba26_111152_2.png,2756968,3931795,0,125317,0.9777777304901908,0.9565216486225339,1.0,0.9565216486225339,0.9816091093735324,0.9777777304901908,1.0,0.9691117721177034,0.0,0.75,0.75
HistoKit (no postprocessing),gaussian,9e7010fd-072a-6a7f-3911-83d91e8c9301_113642_2.png,2592247,922892,9282,443935,0.9196097494178045,0.8511829396111725,0.996432098200712,0.8537851156485349,0.8857922525096035,0.9196097494178044,0.9900426315258739,0.6752076158870143,0.0035679017992880343,0.75,0.75
HistoKit (no postprocessing),gaussian,04e13be9-17d6-1bd0-76ee-d5d53a64912e_105258_1.png,14128803,266255,44913,769487,0.9719867971959004,0.9455003053896812,0.9968312473595492,0.9483506496383142,0.9464543706948663,0.9719867971959004,0.8556631787330317,0.25706691434739537,0.0031687526404508178,0.75,0.75
HistoKit (no postprocessing),gaussian,2125a939-8f92-6ca7-9a29-e1755d6267ed_103351_3.png,10161439,2446168,395340,761949,0.9461229049103762,0.8977545003290123,0.9625510773693378,0.9302460921465026,0.9159246099643615,0.9461229049103762,0.8608696509036751,0.7624933878658415,0.03744892263066225,0.75,0.75
HistoKit (no postprocessing),gaussian,40f80889-968b-7602-00a3-4e00b00e88fe_110004_1.png,8358233,913930,78822,3293790,0.8321171334991083,0.7125005061442717,0.9906576406103789,0.7173203314136953,0.733280188852708,0.8321171334991083,0.9206025271165407,0.21720314089340545,0.00934235938962114,0.75,0.75
HistoKit (no postprocessing),gaussian,c38dfb82-e376-0eab-4312-72ca49852e8b_104329_2.png,5768361,750600,17366,59164,0.9934101145828921,0.9869065137399483,0.9969984757317447,0.9898474910017546,0.9883966182350943,0.9934101145828921,0.977387019737853,0.9269367371234088,0.003001524268255312,0.75,0.75
HistoKit (no postprocessing),gaussian,f9a50b4c-7c73-18cd-0877-8296eed330e2_114604_2.png,8544052,1662982,34030,2235902,0.8827395506444972,0.7900929019314251,0.9960329127187173,0.7925870555662854,0.8180701943084561,0.8827395506444973,0.9799471070328318,0.42652769356564596,0.003967087281282693,0.75,0.75
HistoKit (no postprocessing),gaussian,0502ebf6-5b9d-c3a6-85fe-a3909acf1f7b_112628_1.png,7700431,2951934,380931,61883,0.9720510568380721,0.9456219234469797,0.9528630198721453,0.9920277638858722,0.9600895127514392,0.9720510568380721,0.885704641502131,0.979466901938638,0.04713698012785469,0.75,0.75
HistoKit (no postprocessing),gaussian,c0272a60-2518-4785-1810-6431c15f4b4b_130712_2.png,17029602,1508060,72379,263598,0.9902318583524826,0.9806527038344072,0.9957678002332011,0.9847571299701617,0.9821986104534478,0.9902318583524826,0.9542032308744596,0.851213947612914,0.004232199766798945,0.75,0.75
HistoKit (no postprocessing),gaussian,0f3058e5-e9f7-bd55-4b60-07a71af55b96_123333_2.png,15226531,840809,34375,98513,0.995655260013176,0.9913481102377636,0.9977475125002409,0.9935717639701394,0.9917971524845206,0.995655260013176,0.9607225452019232,0.8951232910546117,0.0022524874997591885,0.75,0.75
HistoKit (no postprocessing),gaussian,7d4546a5-f4cc-3733-763f-d1c5a5904dff_120251_3.png,2836709,448515,12212,210144,0.962285528583694,0.9273124304321745,0.9957134648521317,0.9310291635336526,0.9366070053997343,0.9622855285836941,0.9734940648149555,0.6809517519687729,0.004286535147868263,0.75,0.75
HistoKit (no postprocessing),gaussian,c38dfb82-e376-0eab-4312-72ca49852e8b_104329_4.png,5029051,145972,5832,24765,0.9969672006271572,0.9939527413764752,0.9988416811274463,0.9950997424520402,0.994122313960681,0.9969672006271572,0.961582039998946,0.854952353619895,0.0011583188725537415,0.75,0.75
HistoKit (no postprocessing),gaussian,7ea29210-064a-9e70-4612-3ab81fa629dc_120503_3.png,3725170,234587,4062,721254,0.91128344930364,0.837025439468858,0.9989107676862153,0.8377900982902216,0.845185763380848,0.9112834493036401,0.9829791870068595,0.24542470975821293,0.0010892323137847149,0.75,0.75
HistoKit (no postprocessing),gaussian,228e0715-eef2-126e-c558-f7684e2bcfa8_110725_12.png,2069030,6098437,470201,276700,0.8471019522980838,0.7347587707227201,0.8148254333693942,0.8820409851091131,0.9162138022572099,0.8471019522980838,0.9284172761537476,0.9565970111701129,0.18517456663060589,0.75,0.75
HistoKit (no postprocessing),gaussian,5fe08b37-e6eb-942a-a4ce-507361c4911e_102333_4.png,4684555,515547,13141,2610957,0.7812013266175322,0.640960105781462,0.997202671266936,0.642114631570752,0.6646177244957951,0.7812013266175323,0.9751441303755712,0.1648956790076072,0.0027973287330640383,0.75,0.75
HistoKit (no postprocessing),gaussian,7e6be544-b3c1-c3b1-a8a1-838402bd2649_124526_2.png,49835019,1382913,65909,109354,0.998244654498062,0.9964954606734671,0.9986792029198335,0.9978104840759539,0.9965897625162242,0.998244654498062,0.9545085593675413,0.9267195481773705,0.0013207970801665252,0.75,0.75
HistoKit (no postprocessing),gaussian,be2180cd-04c9-2627-2456-4397fd5e59ee_103647_6.png,3760954,361482,8895,77396,0.9886581568121444,0.9775707031915045,0.9976404890487656,0.979836127502703,0.9794971258530192,0.9886581568121443,0.975983929887655,0.8236503082861296,0.0023595109512343864,0.75,0.75
HistoKit (no postprocessing),gaussian,0f3058e5-e9f7-bd55-4b60-07a71af55b96_123333_1.png,18670376,809182,28591,228851,0.9931528094141968,0.9863987491849299,0.9984709850549498,0.9878909862292251,0.9869563763489893,0.9931528094141968,0.9658726170454288,0.7795339839870216,0.001529014945050173,0.75,0.75
HistoKit (no postprocessing),gaussian,228e0715-eef2-126e-c558-f7684e2bcfa8_110725_1.png,7597143,559361,22030,2387065,0.8631458922578567,0.7592406856602851,0.9971086100814354,0.7609159384500003,0.771986898234544,0.8631458922578567,0.962108116568712,0.18984389901528156,0.0028913899185646526,0.75,0.75
HistoKit (no postprocessing),gaussian,6f1702fd-ae84-1c96-04ae-a23a14a5d2d4_111419_1.png,2936416,787368,995,67843,0.9884143683509855,0.9770941158384616,0.9996612663328353,0.977417725968367,0.9818494962060548,0.9884143683509855,0.9987378910476519,0.9206710390769062,0.0003387336671647243,0.75,0.75
HistoKit (no postprocessing),gaussian,9e7010fd-072a-6a7f-3911-83d91e8c9301_113642_4.png,6820375,217726,44924,1027855,0.9270889397098412,0.8640874104318755,0.9934563665763138,0.8690335273048827,0.8677358067188764,0.9270889397098412,0.8289586902722254,0.17479874853582383,0.006543633423686281,0.75,0.75
HistoKit (no postprocessing),gaussian,deaaef3a-8172-327d-10b9-23d266fb17ca_123636_5.png,2318892,163326,389,505789,0.9015976401069837,0.8208263866028098,0.9998322756061038,0.8209394264343478,0.8306188336485526,0.9015976401069836,0.9976239196164065,0.2440925700365408,0.0001677243938962118,0.75,0.75
HistoKit (no postprocessing),gaussian,f761dbde-597d-9a8f-e1a1-2533f0d71b83_120113_2.png,3074967,462703,22686,31748,0.9912265036503315,0.982605616857667,0.9926763908029724,0.9897808456842678,0.9848462071254062,0.9912265036503316,0.9532622288514985,0.9357914131026128,0.007323609197027556,0.75,0.75
HistoKit (no postprocessing),gaussian,9e7010fd-072a-6a7f-3911-83d91e8c9301_113642_7.png,2803206,3467610,141660,521269,0.8942585831588998,0.8087411482818759,0.9518959436524447,0.8432026109385693,0.9043909171739082,0.8942585831589,0.960751066005037,0.8693194253322801,0.04810405634755537,0.75,0.75
HistoKit (no postprocessing),gaussian,3e1fffa8-5bae-87b0-bc39-e4a1bc285608_122517_5.png,5069932,1842142,154636,583205,0.9321694236054389,0.8729562949516105,0.9704021461678746,0.8968351554190178,0.9035491244020358,0.9321694236054389,0.9225572397131779,0.7595375012317825,0.02959785383212545,0.75,0.75
HistoKit (no postprocessing),gaussian,7e3642ed-4a56-9d3f-3ecf-de46d455c0fd_113100_2.png,2179124,1257096,0,146672,0.9674418191666001,0.9369368594666084,1.0,0.9369368594666084,0.9590632371838169,0.9674418191666001,1.0,0.8955154982874663,0.0,0.75,0.75
HistoKit (no postprocessing),gaussian,8e6bc805-8b70-bd59-8612-caf5bbe72e5e_125634_3.png,31232639,394584,24460,83202,0.9982794159903626,0.9965647426296257,0.9992174577685536,0.9973431337833143,0.9966074558013996,0.9982794159903625,0.9416290413417207,0.8258592759101355,0.0007825422314463667,0.75,0.75
HistoKit (no postprocessing),gaussian,1875292b-dccd-c5b5-17ad-67c30baa6d69_130951_1.png,9927210,350127,5918,1997426,0.9083463432032663,0.832082902436886,0.9994042158723818,0.8324958514456962,0.8368702843107805,0.9083463432032665,0.9833785055259869,0.14914551449956615,0.0005957841276182085,0.75,0.75
HistoKit (no postprocessing),gaussian,54b22c23-34e4-1c55-9de2-c8e205e762bc_131621_2.png,20939842,1720221,74068,362704,0.9896784362093083,0.9795677650351922,0.9964752870836507,0.9829736783575072,0.9810895302321725,0.9896784362093084,0.9587201392863691,0.8258679501182232,0.003524712916349218,0.75,0.75
HistoKit (no postprocessing),gaussian,7d4546a5-f4cc-3733-763f-d1c5a5904dff_120251_1.png,6408163,933218,28106,364129,0.9703044866128869,0.9423217582265038,0.9956331843805782,0.946232531024947,0.9492818107338146,0.9703044866128869,0.9707632390328339,0.7193279824133405,0.004366815619421749,0.75,0.75
HistoKit (no postprocessing),gaussian,be2180cd-04c9-2627-2456-4397fd5e59ee_103647_1.png,28915213,455386,8740,47321,0.9990315356328325,0.9980649452971934,0.9996978283016847,0.9983661305326391,0.9980948908234913,0.9990315356328325,0.981168906719296,0.9058676326369038,0.00030217169831523377,0.75,0.75
HistoKit (no postprocessing),gaussian,f761dbde-597d-9a8f-e1a1-2533f0d71b83_120113_3.png,10033012,14769012,343758,96358,0.9785373551531396,0.9579766426992967,0.9668723504520192,0.9904872662366959,0.9825642358373735,0.9785373551531397,0.977253805887339,0.9935179548171355,0.03312764954798073,0.75,0.75
HistoKit (no postprocessing),gaussian,f9a50b4c-7c73-18cd-0877-8296eed330e2_114604_5.png,4917003,3234227,399697,1114513,0.8665684544601548,0.7645529700229179,0.9248223522109579,0.8152184293302048,0.8433377063020411,0.8665684544601548,0.890009532395284,0.7437158809218303,0.07517764778904208,0.75,0.75
HistoKit (no postprocessing),gaussian,1c7a4a4c-ace6-25f8-ee0c-f8914aeab226_121941_3.png,7017501,3837865,559908,119954,0.9537976022068569,0.9116759856589848,0.9261082515144688,0.9831937294175584,0.9410621099123485,0.9537976022068569,0.8726837424305438,0.9696918934392906,0.07389174848553114,0.75,0.75
HistoKit (no postprocessing),gaussian,9601a588-d18f-b3b2-00f0-b816a7730c15_114312_2.png,5463344,420416,22271,50449,0.9933887351028347,0.986864313707356,0.9959401088118652,0.990850400078494,0.9877914472977329,0.9933887351028347,0.9496913168898116,0.8928588873668674,0.004059891188134785,0.75,0.75
HistoKit (no postprocessing),gaussian,6f1702fd-ae84-1c96-04ae-a23a14a5d2d4_111419_2.png,6381530,565855,14344,237307,0.9806641115580669,0.9620617920723104,0.9977573041620269,0.9641467224529022,0.9650437919743698,0.9806641115580669,0.9752774479101136,0.7045340790525448,0.0022426958379730432,0.75,0.75
HistoKit (no postprocessing),gaussian,9601a588-d18f-b3b2-00f0-b816a7730c15_114312_1.png,9492244,962785,398110,66759,0.9760984900426272,0.9533128729180838,0.9597476490730261,0.9930161126636324,0.9574291811150617,0.9760984900426272,0.70746457294648,0.9351567295812515,0.0402523509269739,0.75,0.75
HistoKit (no postprocessing),gaussian,2125a939-8f92-6ca7-9a29-e1755d6267ed_103351_7.png,915404,329362,16006,1451678,0.5550439412919601,0.38412513511880386,0.9828153015320857,0.38672255545012807,0.45890836697450643,0.5550439412919601,0.95365523152116,0.18492678435071644,0.017184698467914237,0.5,1.25
HistoKit (no postprocessing),gaussian,54b22c23-34e4-1c55-9de2-c8e205e762bc_131621_1.png,26124095,1337765,135144,168244,0.9942268527122059,0.9885199812634445,0.9948534685258776,0.9936010257588722,0.9890731031827988,0.9942268527122058,0.9082468774377779,0.8882848641674784,0.005146531474122308,0.75,0.75
HistoKit (no postprocessing),gaussian,228e0715-eef2-126e-c558-f7684e2bcfa8_110725_2.png,2691536,180885,65424,802661,0.8611321072243107,0.7561299363050168,0.976269514247577,0.7702874222603935,0.7679231098680233,0.8611321072243107,0.7343824220795829,0.18391107279171487,0.02373048575242296,0.5,1.25
HistoKit (no postprocessing),gaussian,be2180cd-04c9-2627-2456-4397fd5e59ee_103647_4.png,4417554,441414,23187,429969,0.9512119810548021,0.9069630505614171,0.9947785741163468,0.9113012975905427,0.9146940094018889,0.9512119810548022,0.9500926601535511,0.5065671467081639,0.005221425883653201,0.5,1.25
HistoKit (no postprocessing),gaussian,39bcf904-a619-148a-5bca-38122a540be1_104536_1.png,1663640,912320,1376,341980,0.9064587172359232,0.8289204363137744,0.9991735815151326,0.829489135529163,0.8823847778041157,0.9064587172359232,0.9984940286484782,0.7273539025751415,0.0008264184848674127,0.5,1.25
HistoKit (no postprocessing),gaussian,be2180cd-04c9-2627-2456-4397fd5e59ee_103647_3.png,21824447,1448259,42304,253689,0.9932644496275528,0.9866190274696164,0.9980653733149474,0.9885094919244994,0.9874412669108295,0.9932644496275528,0.9716187776028252,0.8509419794259284,0.0019346266850525714,0.75,0.75
HistoKit (no postprocessing),gaussian,9e7010fd-072a-6a7f-3911-83d91e8c9301_113642_3.png,3159539,271347,3304,610136,0.9115126711535405,0.837412294105003,0.9989553702159734,0.8381462592929099,0.8483208326925179,0.9115126711535403,0.9879701876199249,0.3078300999565505,0.001044629784026586,0.5,1.25
HistoKit (no postprocessing),gaussian,332605c9-e7e2-297a-c808-98d567218fe3_115336_3.png,9122851,264560,32421,117744,0.9918370251317864,0.9838062395233654,0.9964587616839784,0.9872579633670776,0.9842554334560479,0.9918370251317865,0.8908313999885514,0.6920147317318155,0.003541238316021632,0.75,0.75
HistoKit (no postprocessing),gaussian,10fd35f3-17d4-d309-f849-cc9e883460c1_123055_2.png,4872271,3685225,3622316,97678,0.7237191092214392,0.5670531576947405,0.5735736181170432,0.9803462771951986,0.6970069615206366,0.7237191092214392,0.5043043891235095,0.974179089445328,0.4264263818829568,0.75,0.75
HistoKit (no postprocessing),gaussian,c74350c8-f970-c60d-af8a-f9c4d9c5bab2_124242_3.png,306500,1906741,1520595,20168,0.2846181311499919,0.16592114928951643,0.1677526346468027,0.9382614764837695,0.5895680984889734,0.2846181311499919,0.5563332570836358,0.9895334963924087,0.8322473653531973,0.5,1.25
HistoKit (no postprocessing),gaussian,969ce636-2f0f-f223-bb1c-2b4624598a38_125938_1.png,21700490,771999,143249,2507012,0.9424497376737361,0.891163069262217,0.9934421025631189,0.8964365674740005,0.8945075280373367,0.9424497376737361,0.8434861370907121,0.23543653863924213,0.006557897436881113,0.75,0.75
HistoKit (no postprocessing),gaussian,332605c9-e7e2-297a-c808-98d567218fe3_115336_2.png,5459066,467922,13946,168922,0.9835268894694171,0.9675877101717248,0.9974518601457479,0.9699853659958052,0.9700699983763938,0.9835268894694171,0.9710584641437074,0.7347513676818813,0.002548139854252101,0.5,1.25
HistoKit (no postprocessing),gaussian,0502ebf6-5b9d-c3a6-85fe-a3909acf1f7b_112628_8.png,3946249,94865,551,117300,0.9852876572543843,0.9710019438498069,0.9998603932299585,0.9711336075927718,0.9716633825963912,0.9852876572543844,0.9942252871635784,0.44712841420592464,0.00013960677004155265,0.5,1.25
HistoKit (no postprocessing),gaussian,7e6be544-b3c1-c3b1-a8a1-838402bd2649_124526_1.png,51766949,2596532,151052,259037,0.9960547116592708,0.9921404315821837,0.9970905659484077,0.995021007386578,0.9925130131192836,0.9960547116592708,0.9450237008222496,0.9092870807884523,0.0029094340515922407,0.75,0.75
HistoKit (no postprocessing),gaussian,04e13be9-17d6-1bd0-76ee-d5d53a64912e_105258_2.png,3132278,118484,3888,1037702,0.85743646513497,0.750449702769709,0.9987602697051112,0.7511494059923549,0.7573381679787679,0.85743646513497,0.9682280260190239,0.10247832096219812,0.0012397302948887272,0.5,1.25
HistoKit (no postprocessing),gaussian,3e1fffa8-5bae-87b0-bc39-e4a1bc285608_122517_10.png,3525260,1769375,238475,1704770,0.7839342033064017,0.6446478516523254,0.9366387378495032,0.6740420227035027,0.7315173780167673,0.7839342033064018,0.8812286774410439,0.5092979711554929,0.06336126215049678,0.5,1.25
HistoKit (no postprocessing),gaussian,def4a0a8-b472-78ea-531c-84458df3a3e9_124843_7.png,11424037,165435,59646,332888,0.9831099943684778,0.9667810568734365,0.9948060217266533,0.971685793691803,0.9672397092773948,0.9831099943684778,0.7350020659229344,0.3319834725669897,0.005193978273346626,0.5,1.25
HistoKit (no postprocessing),gaussian,b91bdd22-8eea-af27-bee7-880d6f1d7c1e_121440_5.png,2944589,782010,329606,5055935,0.5223347916697525,0.35348656023375385,0.8993322022665113,0.36804951775658695,0.40897077964122586,0.5223347916697525,0.7034893344464276,0.13395295776167812,0.10066779773348869,0.5,1.25
HistoKit (no postprocessing),gaussian,d9d9ce51-54c1-b32b-5fae-fd9ffdaa32e5_111717_1.png,7423014,301398,6302,625296,0.9591928374545295,0.9215855462683987,0.9991517388680197,0.9223071675917056,0.9244139248277587,0.9591928374545295,0.9795190120246994,0.32524004687631514,0.0008482611319803869,0.5,1.25
HistoKit (no postprocessing),gaussian,cd7afea3-2dfd-f8a4-f2e6-1e02af01c417_132555_3.png,0,3998735,4015,106110,0.0,0.0,0.0,0.0,0.9731981620206092,,0.9989969396040222,0.9741500592592413,1.0,0.5,1.25
HistoKit (no postprocessing),gaussian,be2180cd-04c9-2627-2456-4397fd5e59ee_103647_5.png,4958909,478633,17373,115221,0.9868071080071146,0.9739577881030415,0.9965088393302469,0.9772924619589959,0.9761955542916726,0.9868071080071145,0.9649742140216045,0.805977563508876,0.0034911606697530405,0.5,1.25
HistoKit (no postprocessing),gaussian,0504f20c-cba2-27c1-e181-78505aa24ca7_112258_3.png,3520655,2224099,2642221,61247,0.7225726435225102,0.565646758587515,0.5712681871256212,0.9829009838906816,0.679995625114965,0.7225726435225103,0.4570392000526065,0.9732001193692333,0.4287318128743788,0.5,1.25
HistoKit (no postprocessing),gaussian,19a1c0fb-3d0a-327d-ea5a-6aae35f53e51_121144_1.png,6544261,59606,4171,13110,0.9986814237937195,0.9973663202948332,0.999363053628716,0.9980007231556671,0.997390029644406,0.9986814237937195,0.9346002477382128,0.819709554981022,0.000636946371283996,0.5,1.25
HistoKit (no postprocessing),gaussian,b0f43f79-08e2-79bc-61fa-379c7ef1dd21_131900_10.png,4982886,182101,4291,441802,0.9571553223173754,0.9178311428355129,0.9991395934012368,0.9185571594163572,0.9204978364236475,0.9571553223173754,0.9769786256920898,0.291873897064127,0.0008604065987631881,0.5,1.25
HistoKit (no postprocessing),gaussian,cbd7b0be-5303-525e-8ff2-6d1502e77bdd_110516_1.png,11670248,483020,18258,46034,0.9972530407026118,0.9945211316336218,0.9984379526348363,0.9960709378623697,0.9947377381408399,0.9972530407026118,0.9635770969402208,0.9129880881724739,0.0015620473651636916,0.5,1.25
HistoKit (no postprocessing),gaussian,def4a0a8-b472-78ea-531c-84458df3a3e9_124843_8.png,29982556,639494,183266,1286204,0.9760807357654032,0.9532790033939308,0.9939247138698889,0.958866165463549,0.9542100218375447,0.9760807357654033,0.7772546064465944,0.3320842624336734,0.00607528613011109,0.75,0.75
HistoKit (no postprocessing),gaussian,c0272a60-2518-4785-1810-6431c15f4b4b_130712_1.png,8103967,226666,46872,21445,0.9958026575038686,0.9916404030990602,0.9942494263473981,0.9973607492149321,0.9918660070604064,0.9958026575038686,0.8286453801665582,0.9135669115839281,0.005750573652601898,0.5,1.25
HistoKit (no postprocessing),gaussian,d9d9ce51-54c1-b32b-5fae-fd9ffdaa32e5_111717_2.png,6603794,751020,5577,1777114,0.8810768632124859,0.7874328756326399,0.9991561980708905,0.7879568657715846,0.8049039644848347,0.8810768632124859,0.99262883675193,0.29706494988003007,0.0008438019291094418,0.5,1.25
HistoKit (no postprocessing),gaussian,6f1702fd-ae84-1c96-04ae-a23a14a5d2d4_111419_5.png,2295722,936413,24230,239166,0.9457456888383551,0.8970754767853613,0.9895558183962426,0.9056502693610132,0.9246477859873078,0.9457456888383552,0.9747773106138284,0.7965547189937895,0.010444181603757319,0.5,1.25
HistoKit (no postprocessing),gaussian,e398b039-2e70-a00a-855c-e3ff4eba631e_115619_4.png,5069942,184976,1851,510575,0.9518953166026899,0.9082063382421224,0.9996350403102019,0.9085075809284336,0.9111504359719136,0.9518953166026899,0.9900924384591092,0.2659416778927785,0.0003649596897980655,0.5,1.25
HistoKit (no postprocessing),gaussian,2125a939-8f92-6ca7-9a29-e1755d6267ed_103351_8.png,6818377,209012,0,1347561,0.9100685616926767,0.834977806591233,1.0,0.834977806591233,0.8390962334103487,0.9100685616926767,1.0,0.13427703037377625,0.0,0.5,1.25
HistoKit (no postprocessing),gaussian,deaaef3a-8172-327d-10b9-23d266fb17ca_123636_1.png,3599151,3804523,281814,131034,0.9457574742318835,0.8970966842215066,0.9273855858014695,0.964871983561137,0.9471826472182897,0.9457574742318834,0.9310350565800128,0.966705094094686,0.07261441419853051,0.5,1.25
HistoKit (no postprocessing),gaussian,04e13be9-17d6-1bd0-76ee-d5d53a64912e_105258_4.png,8058032,381093,35937,671682,0.9579391147586411,0.9192736512097048,0.9955600274723069,0.9230579604326098,0.9226370607945297,0.9579391147586411,0.9138263434285303,0.36198902899479946,0.00443997252769315,0.5,1.25
HistoKit (no postprocessing),gaussian,8e6bc805-8b70-bd59-8612-caf5bbe72e5e_125634_2.png,7189586,1503294,205513,46680,0.9827635357329956,0.9661111946484839,0.9722095674446009,0.9935491591934293,0.9718064905674889,0.9827635357329956,0.8797330535279877,0.9698833657854906,0.027790432555399192,0.5,1.25
HistoKit (no postprocessing),gaussian,7ea29210-064a-9e70-4612-3ab81fa629dc_120503_2.png,8230538,48817,20043,557307,0.9661148277428913,0.9344508013725878,0.9975707165349931,0.9365820630655184,0.9348120999852654,0.9661148277428914,0.7089311646819634,0.08053962555516693,0.0024292834650068884,0.5,1.25
HistoKit (no postprocessing),gaussian,f4c75e72-7c5b-0601-d74f-78529d4dec70_114117_1.png,4370947,8489557,10282522,170400,0.4554299452518847,0.2948587173834307,0.2982875249539887,0.9624780929534783,0.5516350964461423,0.4554299452518846,0.4522438351127757,0.980323227932887,0.7017124750460113,0.5,1.25
HistoKit (no postprocessing),gaussian,0502ebf6-5b9d-c3a6-85fe-a3909acf1f7b_112628_7.png,4958333,904305,529,276143,0.9728575663830631,0.9471496206784903,0.9998933222985434,0.9472453403167767,0.9549343492998399,0.972857566383063,0.9994153623758613,0.7660693228333649,0.00010667770145650353,0.5,1.25
HistoKit (no postprocessing),gaussian,9e7010fd-072a-6a7f-3911-83d91e8c9301_113642_1.png,8256712,270342,75475,39838,0.9930654384635466,0.9862263908672035,0.990941753947673,0.9951982450536669,0.9866572433223444,0.9930654384635466,0.7817487283736774,0.8715648978012767,0.009058246052326958,0.5,1.25
HistoKit (no postprocessing),gaussian,24aa9d72-799e-9634-ead4-94165f32d151_102546_1.png,6241701,404458,24998,96051,0.9903963290428119,0.9809753644257593,0.9960109780284644,0.9848446262965165,0.9821124162283766,0.9903963290428119,0.9417914757274319,0.8080933609585442,0.003989021971535572,0.5,1.25
HistoKit (no postprocessing),gaussian,b1a83861-bd20-5668-5a83-92a470ead44d_110338_5.png,2677759,2334170,0,196779,0.9645589924314207,0.9315441298740876,1.0,0.9315441298740876,0.9622211496593781,0.9645589924314207,1.0,0.9222509027246302,0.0,0.5,1.25
HistoKit (no postprocessing),gaussian,e398b039-2e70-a00a-855c-e3ff4eba631e_115619_1.png,14409620,376482,340,1821422,0.9405449599853164,0.8877629766830699,0.9999764052086196,0.8877815731115722,0.8903072664853229,0.9405449599853165,0.9990977172245782,0.1712913757834737,2.359479138040633e-05,0.5,1.25
HistoKit (no postprocessing),gaussian,e16fa7c2-3d43-e563-886f-5b0ebdd4e8c5_105048_1.png,42024093,449376,1001794,48350,0.9876596403243166,0.9756201369277882,0.9767164823353903,0.9988507917165638,0.9758718560428336,0.9876596403243166,0.30966461544822454,0.9028581990894589,0.02328351766460968,0.75,0.75
HistoKit (no postprocessing),gaussian,b91bdd22-8eea-af27-bee7-880d6f1d7c1e_121440_6.png,5676588,406102,102101,623907,0.9398959399906484,0.8866072449362727,0.9823314596096104,0.9009749233988757,0.8933705093102969,0.9398959399906484,0.7990940628056111,0.39427034132711464,0.017668540390389585,0.5,1.25
HistoKit (no postprocessing),gaussian,0502ebf6-5b9d-c3a6-85fe-a3909acf1f7b_112628_2.png,8341995,2888052,275800,344558,0.9641501661894456,0.9307817935758612,0.9679964538492735,0.9603343236379264,0.9476509030704013,0.9641501661894456,0.9128277808190775,0.8934118251196401,0.03200354615072649,0.5,1.25
HistoKit (no postprocessing),gaussian,40f80889-968b-7602-00a3-4e00b00e88fe_110004_3.png,21410056,8991649,140312,862240,0.977122522720207,0.9552683917909063,0.9934891135037694,0.961286434052421,0.9680759204078606,0.977122522720207,0.9846350635969645,0.9124974921069234,0.006510886496230598,0.5,1.25
HistoKit (no postprocessing),gaussian,d9d9ce51-54c1-b32b-5fae-fd9ffdaa32e5_111717_5.png,8879473,226999,4925,1184447,0.9372307346752361,0.8818760245092659,0.9994456574322762,0.8823075898854522,0.8844803786848363,0.9372307346752362,0.9787645952984598,0.16082726508842704,0.0005543425677237782,0.5,1.25
HistoKit (no postprocessing),gaussian,59c3e1ff-f1eb-ac9b-3a83-925048a454e4_130514_4.png,1785473,1074306,49,64492,0.9822469451823098,0.9651132369809093,0.9999725570449426,0.9651387999232418,0.9779295699513049,0.9822469451823098,0.9999543912393948,0.9433683585675423,2.7442955057400582e-05,0.5,1.25
HistoKit (no postprocessing),gaussian,2125a939-8f92-6ca7-9a29-e1755d6267ed_103351_5.png,4156922,952457,2676,36017,0.9953675152830811,0.9907777524868225,0.9993566686011485,0.9914100825220686,0.9924839823530052,0.9953675152830811,0.997198295944125,0.9635630274544399,0.0006433313988515237,0.5,1.25
HistoKit (no postprocessing),gaussian,6247d1f0-d194-53f2-2d84-7b4b827443da_115125_1.png,2665944,453714,247058,11644,0.9537254565260553,0.9115441663709044,0.9151878371521887,0.9956513100596507,0.9234237914254253,0.9537254565260553,0.6474488135941504,0.9749784037235849,0.08481216284781129,0.5,1.25
HistoKit (no postprocessing),gaussian,0e99786b-efbd-e936-5e70-bad7ef5912da_122209_3.png,9737594,1758335,58829,187422,0.9875135379319937,0.9753350537793806,0.9939948489361883,0.98111620172703,0.9790285108898007,0.9875135379319937,0.9676259269939312,0.9036765639285892,0.006005151063811761,0.5,1.25
HistoKit (no postprocessing),gaussian,66e65946-ef0a-6028-f7a7-e909aade97a4_112429_4.png,9081834,971444,22809,49321,0.99604459316779,0.9921203535430115,0.9974947946888197,0.9945986022578743,0.9928763364399735,0.9960445931677901,0.9770591589866966,0.9516823166938522,0.002505205311180241,0.5,1.25
HistoKit (no postprocessing),gaussian,7e3642ed-4a56-9d3f-3ecf-de46d455c0fd_113100_1.png,565122,1944896,1713874,89308,0.3852982826224353,0.2386188597409792,0.24796971999950856,0.8635331509863545,0.581938699805249,0.38529828262243526,0.5315709924373492,0.9560968319794868,0.7520302800004914,0.5,1.25
HistoKit (no postprocessing),gaussian,0e99786b-efbd-e936-5e70-bad7ef5912da_122209_4.png,5243269,252045,13361,25812,0.9962783511726666,0.9925843009729213,0.9974582574767484,0.9951012330233678,0.9929220178853072,0.9962783511726667,0.9496582594214147,0.9071032941405112,0.002541742523251589,0.5,1.25
HistoKit (no postprocessing),gaussian,728c532f-2f31-cf1c-4143-7abb9ca2b76d_102101_5.png,4833371,1823771,594672,71898,0.935493092630901,0.8788041544445658,0.890444493531094,0.9853426998600893,0.9089846788076866,0.9354930926309009,0.7541095655345196,0.9620724926134256,0.10955550646890601,0.5,1.25
HistoKit (no postprocessing),gaussian,0502ebf6-5b9d-c3a6-85fe-a3909acf1f7b_112628_5.png,2743585,843949,212,10742,0.9980076840755138,0.996023291011672,0.9999227348087341,0.9960999547257824,0.996955943718584,0.9980076840755138,0.9997488630723286,0.9874317150876749,7.726519126597193e-05,0.5,1.25
HistoKit (no postprocessing),gaussian,228e0715-eef2-126e-c558-f7684e2bcfa8_110725_7.png,7295181,367229,124,1938575,0.8827096711664383,0.790045029824949,0.999983002766848,0.7900556393303007,0.7980755139848948,0.8827096711664383,0.9996624500140192,0.159262886177663,1.6997233152006667e-05,0.5,1.25
HistoKit (no postprocessing),gaussian,59c3e1ff-f1eb-ac9b-3a83-925048a454e4_130514_1.png,4978066,704858,123168,85029,0.9795168967867923,0.9598560659187549,0.9758552538464222,0.983206121947149,0.9646591879542111,0.9795168967867924,0.8512510476724161,0.892352956815342,0.024144746153577742,0.5,1.25
HistoKit (no postprocessing),gaussian,f761dbde-597d-9a8f-e1a1-2533f0d71b83_120113_1.png,9233763,1004369,4802,137306,0.9923637402003714,0.9848432214991013,0.9994802223072523,0.985347882936301,0.9863097577705332,0.9923637402003715,0.9952416389293787,0.8797328486653382,0.0005197776927477373,0.5,1.25
HistoKit (no postprocessing),gaussian,c38dfb82-e376-0eab-4312-72ca49852e8b_104329_1.png,3511104,812379,40611,79644,0.9831633709548093,0.966884298688177,0.9885658055333831,0.9778196632010935,0.9729383235465278,0.9831633709548092,0.9523898287201491,0.9107153066681016,0.011434194466616832,0.5,1.25
HistoKit (no postprocessing),gaussian,7d4546a5-f4cc-3733-763f-d1c5a5904dff_120251_4.png,3271061,259469,7178,183828,0.9716319071908331,0.9448289129008769,0.9978104097962351,0.9467919229821855,0.9486754931297184,0.9716319071908331,0.9730805146879582,0.5853163905914094,0.0021895902037648873,0.5,1.25
HistoKit (no postprocessing),gaussian,59c3e1ff-f1eb-ac9b-3a83-925048a454e4_130514_3.png,2340883,406548,5931,76726,0.9826512045634906,0.9658941053170156,0.9974727438987495,0.9682636853188419,0.9707934876936689,0.9826512045634908,0.9856210861643866,0.8412370622048776,0.0025272561012504614,0.5,1.25
HistoKit (no postprocessing),gaussian,c0272a60-2518-4785-1810-6431c15f4b4b_130712_3.png,33265262,2112994,175194,328149,0.9924912134339497,0.985094350210795,0.9947610164167617,0.9902317451478804,0.985972113450128,0.9924912134339497,0.9234354869442546,0.8655756750014235,0.005238983583238219,0.5,1.25
HistoKit (no postprocessing),gaussian,7e3642ed-4a56-9d3f-3ecf-de46d455c0fd_113100_4.png,8148619,3779195,820,115270,0.9929270894970234,0.9859535284303416,0.9998993795769254,0.9860513615320825,0.9903610988596389,0.9929270894970235,0.9997830696439035,0.9704015827591209,0.00010062042307452083,0.5,1.25
HistoKit (no postprocessing),gaussian,7e3642ed-4a56-9d3f-3ecf-de46d455c0fd_113100_3.png,3807177,1530527,23296,126912,0.9806546718282371,0.9620436222404442,0.9939182445614418,0.9677404349520309,0.9726292987205334,0.9806546718282371,0.985007301346421,0.923428856205266,0.00608175543855811,0.5,1.25
HistoKit (no postprocessing),gaussian,b0f43f79-08e2-79bc-61fa-379c7ef1dd21_131900_5.png,7424279,150604,20178,424980,0.9708927509834758,0.9434320396745027,0.9972895269594545,0.945857309588077,0.9444942987199193,0.9708927509834758,0.8818493752268974,0.26165425029187744,0.002710473040545469,0.5,1.25
HistoKit (no postprocessing),gaussian,3e1fffa8-5bae-87b0-bc39-e4a1bc285608_122517_7.png,3305616,351973,22,2880901,0.6964943155690146,0.5343239572239018,0.9999933447038061,0.534325857344286,0.5593916475185792,0.6964943155690146,0.9999374991122033,0.10887309557997002,6.655296193957112e-06,0.5,1.25
HistoKit (no postprocessing),gaussian,66e65946-ef0a-6028-f7a7-e909aade97a4_112429_5.png,13328193,465022,14266,15559,0.9988823816164835,0.9977672585858172,0.9989307817996668,0.9988339861232433,0.9978423704192421,0.9988823816164835,0.9702350152726544,0.9676246043851089,0.001069218200333237,0.5,1.25
HistoKit (no postprocessing),gaussian,cbd7b0be-5303-525e-8ff2-6d1502e77bdd_110516_5.png,4501350,503313,137482,155330,0.968499637244296,0.9389232153606825,0.9703627982216213,0.9666436173411099,0.9447261195192049,0.9684996372442959,0.7854508852285053,0.7641666274446096,0.029637201778378697,0.5,1.25
HistoKit (no postprocessing),gaussian,1875292b-dccd-c5b5-17ad-67c30baa6d69_130951_13.png,11303743,337674,54066,1368344,0.9408066518473488,0.8882293808663152,0.9952397509061827,0.8920190494272964,0.8911184295382969,0.9408066518473487,0.8619849900444172,0.19793108865205408,0.004760249093817302,0.5,1.25
HistoKit (no postprocessing),gaussian,6f1702fd-ae84-1c96-04ae-a23a14a5d2d4_111419_3.png,4529528,345225,16229,88762,0.9885431622077014,0.9773458691182407,0.9964298575572781,0.9807803321142674,0.9789163860632193,0.9885431622077014,0.9551007873754337,0.7954731362921009,0.0035701424427218614,0.5,1.25
HistoKit (no postprocessing),gaussian,1875292b-dccd-c5b5-17ad-67c30baa6d69_130951_12.png,6905600,276886,9259,1275615,0.9148868772105914,0.8431258068824833,0.9986609994506034,0.8440800052314968,0.8482556546550518,0.9148868772105914,0.9676422792640095,0.17834835533117208,0.0013390005493965965,0.5,1.25
HistoKit (no postprocessing),gaussian,e398b039-2e70-a00a-855c-e3ff4eba631e_115619_3.png,16847139,537546,25027,3964688,0.8941270634457448,0.8085260375678593,0.99851666940688,0.8094983203540949,0.813341427127779,0.8941270634457448,0.9555133289368669,0.11939539348687785,0.0014833305931200534,0.5,1.25
HistoKit (no postprocessing),gaussian,04e13be9-17d6-1bd0-76ee-d5d53a64912e_105258_3.png,9356456,317108,351,1499585,0.9257929412025461,0.8618384450377252,0.9999624872031666,0.8618663101954018,0.8657595202935517,0.925792941202546,0.9988943454115334,0.1745523321772033,3.75127968333642e-05,0.5,1.25
HistoKit (no postprocessing),gaussian,b91bdd22-8eea-af27-bee7-880d6f1d7c1e_121440_1.png,5200837,1315461,69131,554683,0.9434207356626755,0.8929010510672657,0.986882083534473,0.9036259104303347,0.9126324629081448,0.9434207356626754,0.950071212313808,0.7034009145819787,0.013117916465526925,0.5,1.25
HistoKit (no postprocessing),gaussian,b91bdd22-8eea-af27-bee7-880d6f1d7c1e_121440_2.png,9181827,1019689,4263,1731056,0.9136613099584739,0.8410464603111473,0.9995359287792739,0.8413750060364433,0.8546248649662997,0.9136613099584739,0.9958367189086988,0.3706955751987189,0.0004640712207261196,0.5,1.25
HistoKit (no postprocessing),gaussian,b1a83861-bd20-5668-5a83-92a470ead44d_110338_3.png,841938,1701001,45626,95106,0.9228700082428664,0.8567861031678997,0.9485941295500944,0.898504232458668,0.9475598909106221,0.9228700082428664,0.9738776510382583,0.9470488116799277,0.051405870449905584,0.5,1.25
HistoKit (no postprocessing),gaussian,3e1fffa8-5bae-87b0-bc39-e4a1bc285608_122517_3.png,10408263,494049,14681,1703431,0.9237568404693255,0.8583161084825432,0.998591472812288,0.8593565028971174,0.8638625770417856,0.9237568404693255,0.9711418630707841,0.22482525438229245,0.0014085271877120322,0.5,1.25
HistoKit (no postprocessing),gaussian,c74350c8-f970-c60d-af8a-f9c4d9c5bab2_124242_5.png,0,5548391,5552473,1850,0.0,0.0,0.0,0.0,0.4997328581101882,,0.49981614043735695,0.9996666811405126,1.0,0.5,1.25
HistoKit (no postprocessing),gaussian,c74350c8-f970-c60d-af8a-f9c4d9c5bab2_124242_4.png,0,2723039,914339,1278,0.0,0.0,0.0,0.0,0.7483639563619094,,0.7486268955274926,0.9995308915959487,1.0,0.5,1.25
HistoKit (no postprocessing),gaussian,0504f20c-cba2-27c1-e181-78505aa24ca7_112258_4.png,9951065,1327487,448218,126590,0.9719290061824674,0.9453909428700118,0.9568991439121332,0.9874385459712601,0.9515067457666012,0.9719290061824672,0.7475830726387548,0.912941336669241,0.043100856087866825,0.5,1.25
HistoKit (no postprocessing),gaussian,5fe08b37-e6eb-942a-a4ce-507361c4911e_102333_2.png,9055053,70912,12072,133373,0.992032834286952,0.9841916165842327,0.9986685967161586,0.9854846738712376,0.984312526357911,0.992032834286952,0.8545261737202352,0.34712289203808405,0.0013314032838413498,0.5,1.25
HistoKit (no postprocessing),gaussian,cbd7b0be-5303-525e-8ff2-6d1502e77bdd_110516_4.png,3244669,341329,908,73564,0.9886541505619449,0.9775628694291686,0.9997202346454883,0.9778303693562206,0.9796550716164865,0.9886541505619449,0.997346867813825,0.8226916337465322,0.0002797653545116939,0.5,1.25
HistoKit (no postprocessing),gaussian,7e6be544-b3c1-c3b1-a8a1-838402bd2649_124526_4.png,4614632,475195,17399,76134,0.9899672812783545,0.9801338738128337,0.9962437643444096,0.9837693886243739,0.9819551410667984,0.9899672812783545,0.9646788227221607,0.8619082253971766,0.003756235655590388,0.5,1.25
HistoKit (no postprocessing),gaussian,66e65946-ef0a-6028-f7a7-e909aade97a4_112429_3.png,4704503,168612,13736,3587,0.9981622750489613,0.9963312921738328,0.9970887443387246,0.999238119916994,0.9964577814911466,0.9981622750489613,0.9246715072279378,0.9791694492999379,0.002911255661275319,0.5,1.25
HistoKit (no postprocessing),gaussian,24aa9d72-799e-9634-ead4-94165f32d151_102546_6.png,8291077,118308,2859,33080,0.9978373571504263,0.9956840481632315,0.999655290322954,0.9960260240166061,0.9957445090324539,0.9978373571504264,0.976404466562678,0.7814886252543134,0.00034470967704597675,0.5,1.25
HistoKit (no postprocessing),gaussian,0f3058e5-e9f7-bd55-4b60-07a71af55b96_123333_3.png,30527240,1533889,99703,601997,0.988637574409557,0.977530457325801,0.9967445983753586,0.9806613634635504,0.9785824356010282,0.988637574409557,0.9389670125710704,0.7181511560073899,0.0032554016246414148,0.5,1.25
HistoKit (no postprocessing),gaussian,def4a0a8-b472-78ea-531c-84458df3a3e9_124843_6.png,16587638,7864836,2117265,12760,0.9396684084353225,0.8862024067855052,0.8868069510972605,0.9992313437304334,0.9198711528212603,0.9396684084353225,0.7878938512042706,0.998380216502598,0.11319304890273957,0.5,1.25
HistoKit (no postprocessing),gaussian,84acf623-2a5d-c4c6-c1db-583a94b80fc7_105804_1.png,45371235,3740146,51109,805670,0.9906464407803168,0.981466238199201,0.9988748048757677,0.9825525335662925,0.9828535011095065,0.9906464407803168,0.9865192396712962,0.8227666935925255,0.0011251951242322502,0.5,1.25
HistoKit (no postprocessing),gaussian,9e7010fd-072a-6a7f-3911-83d91e8c9301_113642_6.png,6894113,1651853,26420,992414,0.9311926878124355,0.8712446829228099,0.9961823749702515,0.8741633674746818,0.8934808882569422,0.9311926878124354,0.9842576267389156,0.6246922114899894,0.0038176250297484314,0.5,1.25
HistoKit (no postprocessing),gaussian,969ce636-2f0f-f223-bb1c-2b4624598a38_125938_4.png,14514062,767385,73856,4994717,0.8513470967583752,0.7411700212969297,0.9949371802062501,0.7439759300159174,0.7509303184960014,0.8513470967583752,0.912205895813447,0.13317796179241534,0.005062819793749869,0.5,1.25
HistoKit (no postprocessing),gaussian,1875292b-dccd-c5b5-17ad-67c30baa6d69_130951_4.png,3880937,150193,2886,176619,0.977396243146184,0.9557917586312032,0.9992569177328627,0.9564715804292042,0.9573686629213883,0.9773962431461841,0.9811469894629571,0.45957002802834657,0.0007430822671373026,0.5,1.25
HistoKit (no postprocessing),gaussian,b91bdd22-8eea-af27-bee7-880d6f1d7c1e_121440_4.png,6391928,257237,18522,314504,0.9746108869470657,0.9504790664739119,0.9971106552582112,0.9531041245180746,0.9523035104596823,0.9746108869470657,0.9328326546005752,0.44991875691965416,0.0028893447417887978,0.5,1.25
HistoKit (no postprocessing),gaussian,35ce6eab-4a33-9fbb-2efe-2acf7936ba3e_104917_2.png,7240489,4923149,467115,159547,0.9585201924324381,0.9203444804860108,0.9393955631347952,0.9784396994825431,0.9510049021524124,0.9585201924324382,0.9133409792173445,0.9686097693035349,0.0606044368652048,0.5,1.25
HistoKit (no postprocessing),gaussian,859ead5f-592a-5c4e-67de-d71b0ee92f6d_113334_2.png,12736731,604652,35426,271935,0.988077921329354,0.9764367653953989,0.9972263103248731,0.9790958580995162,0.9774806385114997,0.988077921329354,0.9446536203400211,0.689779793677068,0.0027736896751269185,0.5,1.25
HistoKit (no postprocessing),gaussian,d9d9ce51-54c1-b32b-5fae-fd9ffdaa32e5_111717_3.png,10683328,733309,28700,1239413,0.9439749970498926,0.893894552129739,0.9973207687657276,0.8960463034464977,0.9000285382053252,0.9439749970498926,0.962336402850885,0.37172444977041874,0.0026792312342723526,0.5,1.25
HistoKit (no postprocessing),gaussian,6b809376-ab46-9021-2fa3-0d0025b512da_132412_1.png,3742244,439606,7412,77451,0.9887886028802205,0.977825809416878,0.9980232853360415,0.9797232501547899,0.9801104503630781,0.9887886028802204,0.9834190122097991,0.8502080041465447,0.001976714663958507,0.5,1.25
HistoKit (no postprocessing),gaussian,c38dfb82-e376-0eab-4312-72ca49852e8b_104329_5.png,2614602,527634,2518,77324,0.9849611399110123,0.9703679126380063,0.9990378736932201,0.9712755848414852,0.9752203391724222,0.9849611399110123,0.9952504187478308,0.8721828622813484,0.0009621263067799719,0.5,1.25
HistoKit (no postprocessing),gaussian,cbd7b0be-5303-525e-8ff2-6d1502e77bdd_110516_2.png,9596295,749578,30447,38780,0.9964059984579856,0.9928377380962974,0.9968372477417594,0.9959751221448717,0.9933532083225317,0.9964059984579856,0.9609666356847537,0.9508091501576695,0.0031627522582406385,0.5,1.25
HistoKit (no postprocessing),gaussian,8e6bc805-8b70-bd59-8612-caf5bbe72e5e_125634_1.png,64594926,1025197,145526,86709,0.9982055999452396,0.996417628098815,0.9977521627436274,0.9986594494712449,0.9964733988720647,0.9982055999452396,0.8756956171528193,0.9220176885456145,0.002247837256372569,0.5,1.25
HistoKit (no postprocessing),gaussian,e3dca99c-de77-4ab1-72a1-8daf3d4d032c_120923_2.png,9147852,1283603,23941,174300,0.9892807618926086,0.9787888907161527,0.9973897143121306,0.9813026005154175,0.9813502662729019,0.9892807618926086,0.9816900999125078,0.8804447209450834,0.0026102856878693183,0.5,1.25
HistoKit (no postprocessing),gaussian,b0f43f79-08e2-79bc-61fa-379c7ef1dd21_131900_4.png,12966221,196459,11279,566373,0.9782101112127328,0.9573495705401254,0.999130880369871,0.958147491899927,0.9579593855519648,0.9782101112127328,0.9457056484610423,0.25753901252176103,0.0008691196301290696,0.5,1.25
HistoKit (no postprocessing),gaussian,7e6be544-b3c1-c3b1-a8a1-838402bd2649_124526_3.png,50306469,507996,41111,50864,0.9990866880546334,0.9981750428644186,0.9991834562852872,0.9989899385656504,0.9981932541344475,0.9990866880546334,0.9251311675137996,0.9089861503775543,0.0008165437147128025,0.5,1.25
HistoKit (no postprocessing),gaussian,7ea29210-064a-9e70-4612-3ab81fa629dc_120503_4.png,2782648,175969,5214,503776,0.9162057894541021,0.8453687799205137,0.9981297496074052,0.8467099802094922,0.8532157767590156,0.9162057894541021,0.9712224656838666,0.2588750193087114,0.0018702503925947555,0.5,1.25
HistoKit (no postprocessing),gaussian,24aa9d72-799e-9634-ead4-94165f32d151_102546_7.png,10990662,591332,17555,66971,0.9961693748484649,0.9923679850852193,0.9984052821633149,0.9939434596897907,0.9927548232034917,0.9961693748484649,0.9711687061802929,0.898267211299356,0.0015947178366850872,0.5,1.25
HistoKit (no postprocessing),gaussian,19a1c0fb-3d0a-327d-ea5a-6aae35f53e51_121144_3.png,24687797,1520979,39512,164508,0.9958850022511269,0.991803732126104,0.9984020905792862,0.9933805737536217,0.9922757136351638,0.9958850022511267,0.9746797642536869,0.9023973486594675,0.0015979094207137542,0.5,1.25
HistoKit (no postprocessing),gaussian,859ead5f-592a-5c4e-67de-d71b0ee92f6d_113334_1.png,20280272,373043,8715,319610,0.9919703085942534,0.9840685418808471,0.9995704566226002,0.9844848625831935,0.9843517951885553,0.9919703085942533,0.9771714017780898,0.538571261511897,0.00042954337739976867,0.5,1.25
HistoKit (no postprocessing),gaussian,7ea29210-064a-9e70-4612-3ab81fa629dc_120503_1.png,8677608,156678,4455,1108779,0.9397223914297085,0.8862984409308209,0.9994868731083845,0.886701905412079,0.8880892926076047,0.9397223914297086,0.9723520321721807,0.12381139777961638,0.0005131268916155066,0.5,1.25
HistoKit (no postprocessing),gaussian,f761dbde-597d-9a8f-e1a1-2533f0d71b83_120113_5.png,3493614,656092,541901,30600,0.9242696398243905,0.8592019655125347,0.8657170150526017,0.991317212859378,0.8787641033101683,0.9242696398243906,0.5476592935017149,0.9554385372190152,0.1342829849473983,0.5,1.25
HistoKit (no postprocessing),gaussian,5fe08b37-e6eb-942a-a4ce-507361c4911e_102333_3.png,13274490,1659593,23109,1901803,0.9323972992522414,0.8733560701927615,0.9982621674785049,0.8746859328559352,0.885822850057195,0.9323972992522414,0.9862667305322036,0.4659950760881407,0.0017378325214950458,0.5,1.25
HistoKit (no postprocessing),gaussian,969ce636-2f0f-f223-bb1c-2b4624598a38_125938_5.png,12777224,272280,8549,1610732,0.9404100556092246,0.8875226313608754,0.9993313661989776,0.8880499773560608,0.8896104210403247,0.9404100556092245,0.969557987244907,0.14459812258233087,0.0006686338010224332,0.5,1.25
HistoKit (no postprocessing),gaussian,969ce636-2f0f-f223-bb1c-2b4624598a38_125938_2.png,4374283,330496,4580,1417145,0.8602080314122772,0.7547061701778189,0.9989540663866396,0.7553030098966956,0.7679386155628071,0.8602080314122773,0.9863314591316596,0.18910977712241817,0.0010459336133603631,0.5,1.25
HistoKit (no postprocessing),gaussian,a40a1d35-8d5f-0529-214c-05d84888ba26_111152_2.png,2762704,3931795,0,119581,0.9788164334775498,0.9585117363480711,1.0,0.9585117363480711,0.982450895792242,0.9788164334775498,1.0,0.9704838553617339,0.0,0.5,1.25
HistoKit (no postprocessing),gaussian,9e7010fd-072a-6a7f-3911-83d91e8c9301_113642_2.png,2589642,922896,9278,446540,0.9191109584174342,0.8503286859784729,0.996430055561541,0.8529271301918001,0.885136817362152,0.9191109584174342,0.9900469225702497,0.6739241556377954,0.0035699444384590523,0.5,1.25
HistoKit (no postprocessing),gaussian,04e13be9-17d6-1bd0-76ee-d5d53a64912e_105258_1.png,14185082,264225,46943,713208,0.9739051568786674,0.9491375611206597,0.9967015937647664,0.9521281972629073,0.9500211644622708,0.9739051568786674,0.849139371657754,0.2703254340706729,0.0032984062352335664,0.5,1.25
HistoKit (no postprocessing),gaussian,2125a939-8f92-6ca7-9a29-e1755d6267ed_103351_3.png,10206149,2437979,403529,717239,0.9479513042870904,0.9010526871522057,0.9619659522183426,0.9343391445950652,0.9185778083612111,0.9479513042870903,0.8579877304586156,0.7726816340424021,0.03803404778165746,0.5,1.25
HistoKit (no postprocessing),gaussian,40f80889-968b-7602-00a3-4e00b00e88fe_110004_1.png,8549852,908294,84458,3102171,0.8429174459474761,0.7284851396257532,0.9902183266526219,0.7337654585817416,0.7479884774541263,0.8429174459474761,0.9149253791480652,0.2264809691644236,0.009781673347378077,0.5,1.25
HistoKit (no postprocessing),gaussian,f9a50b4c-7c73-18cd-0877-8296eed330e2_114604_2.png,8530952,1665319,31693,2249002,0.8820895268521051,0.7890520287982026,0.9962986904163375,0.7913718370226812,0.8172075647236676,0.8820895268521052,0.9813242334173241,0.4254426246595514,0.003701309583662525,0.5,1.25
HistoKit (no postprocessing),gaussian,c38dfb82-e376-0eab-4312-72ca49852e8b_104329_2.png,5766935,752061,15905,60590,0.9934114905086964,0.986909229681882,0.9972496212933437,0.9896027902068202,0.988401924890808,0.9934114905086961,0.9792894477099247,0.9254415487091014,0.002750378706656245,0.5,1.25
HistoKit (no postprocessing),gaussian,0f3058e5-e9f7-bd55-4b60-07a71af55b96_123333_2.png,15229432,837013,38171,95612,0.9956269557191308,0.9912919919430926,0.9974998694949037,0.9937610619584518,0.9917419063484786,0.9956269557191308,0.9563851715753487,0.8974807666532636,0.002500130505096314,0.5,1.25
HistoKit (no postprocessing),gaussian,0502ebf6-5b9d-c3a6-85fe-a3909acf1f7b_112628_1.png,7696452,2947121,385744,65862,0.971497635458591,0.9445750140708374,0.9522723774578097,0.9915151590105734,0.9592970965137201,0.971497635458591,0.8842605386056741,0.9781406001958856,0.04772762254219027,0.5,1.25
HistoKit (no postprocessing),gaussian,7d4546a5-f4cc-3733-763f-d1c5a5904dff_120251_3.png,2814303,450661,10066,232550,0.9586770863033284,0.9206338146349314,0.9964360180982017,0.9236753463327572,0.9308309432714293,0.9586770863033284,0.9781519207686982,0.6596219908637302,0.0035639819017982423,0.5,1.25
HistoKit (no postprocessing),gaussian,c0272a60-2518-4785-1810-6431c15f4b4b_130712_2.png,17011379,1508132,72307,281821,0.9896986597331707,0.9796073906739378,0.9957674824976296,0.9837033631716513,0.9812368987241941,0.9896986597331706,0.9542487878367972,0.8425539665007964,0.00423251750237039,0.5,1.25
HistoKit (no postprocessing),gaussian,c38dfb82-e376-0eab-4312-72ca49852e8b_104329_4.png,5026809,146104,5700,27007,0.9967572926710174,0.9935355476689866,0.9988673641716289,0.994656117278508,0.9937169827993592,0.9967572926710175,0.9624515823034966,0.8439902721375303,0.0011326358283710969,0.5,1.25
HistoKit (no postprocessing),gaussian,7ea29210-064a-9e70-4612-3ab81fa629dc_120503_3.png,3773759,234568,4081,672665,0.917713487796598,0.8479395034945473,0.9989197530864198,0.848717756111428,0.8555527309819932,0.917713487796598,0.9828995721750353,0.25855320518543745,0.0010802469135802468,0.5,1.25
HistoKit (no postprocessing),gaussian,228e0715-eef2-126e-c558-f7684e2bcfa8_110725_12.png,2012928,6104379,464259,332802,0.8347346636900448,0.7163472881922314,0.8125862116989957,0.8581243365604737,0.9105869311206358,0.8347346636900448,0.9293218776860591,0.9483000400330517,0.18741378830100433,0.5,1.25
HistoKit (no postprocessing),gaussian,5fe08b37-e6eb-942a-a4ce-507361c4911e_102333_4.png,4954071,517392,11296,2341441,0.8081102504967221,0.6780075513137884,0.9977250422778416,0.6790573437477726,0.6992999923314843,0.8081102504967221,0.9786339012801502,0.18098014119747463,0.0022749577221583017,0.5,1.25
HistoKit (no postprocessing),gaussian,be2180cd-04c9-2627-2456-4397fd5e59ee_103647_6.png,3752591,359813,10564,85759,0.9873284303568832,0.9749739796732273,0.9971927810573841,0.9776573267159065,0.9771135072434016,0.9873284303568832,0.9714777105489811,0.8075305450073165,0.00280721894261597,0.5,1.25
HistoKit (no postprocessing),gaussian,7e6be544-b3c1-c3b1-a8a1-838402bd2649_124526_2.png,49841632,1369712,79110,102741,0.9981790337897273,0.9963646873609341,0.998415287977891,0.9979428913843807,0.9964615743387816,0.9981790337897272,0.9453970190955134,0.9302245980007511,0.0015847120221089662,0.5,1.25
HistoKit (no postprocessing),gaussian,0f3058e5-e9f7-bd55-4b60-07a71af55b96_123333_1.png,18633463,802461,35312,265764,0.9919858394385733,0.9840991111534324,0.9981084993525284,0.9859378375634094,0.984745604701829,0.9919858394385732,0.9578501575008982,0.7512097170539914,0.0018915006474715132,0.5,1.25
HistoKit (no postprocessing),gaussian,6f1702fd-ae84-1c96-04ae-a23a14a5d2d4_111419_1.png,2929533,787262,1101,74726,0.9872235270290467,0.9747694119839221,0.9996243133738297,0.9751266452060225,0.9800067077604887,0.9872235270290468,0.9986034352195625,0.9133096980468406,0.0003756866261703099,0.5,1.25
HistoKit (no postprocessing),gaussian,228e0715-eef2-126e-c558-f7684e2bcfa8_110725_1.png,7446834,563188,18203,2537374,0.8535422592782668,0.7445039001096836,0.9975615660042945,0.7458612641082798,0.7581228475545968,0.8535422592782668,0.9686906058057314,0.18164061870073878,0.0024384339957055808,0.5,1.25
HistoKit (no postprocessing),gaussian,9e7010fd-072a-6a7f-3911-83d91e8c9301_113642_4.png,6739847,218499,44151,1108383,0.9212331847207411,0.8539687833113987,0.993491890770015,0.8587728698063131,0.857902718324029,0.9212331847207411,0.8319017704169046,0.16467101068520035,0.0065081092299850325,0.5,1.25
HistoKit (no postprocessing),gaussian,deaaef3a-8172-327d-10b9-23d266fb17ca_123636_5.png,2283064,163711,4,541617,0.8939609209458022,0.8082543717264049,0.9999982479715891,0.8082555162866178,0.818758625028276,0.893960920945802,0.9999755672968268,0.23210619740035843,1.752028410892711e-06,0.5,1.25
HistoKit (no postprocessing),gaussian,f761dbde-597d-9a8f-e1a1-2533f0d71b83_120113_2.png,3064109,463072,22317,42606,0.9895169510915383,0.9792514106599102,0.9927693066349234,0.986285835681741,0.9819261914465728,0.9895169510915381,0.9540224438543107,0.9157448020281681,0.007230693365076629,0.5,1.25
HistoKit (no postprocessing),gaussian,9e7010fd-072a-6a7f-3911-83d91e8c9301_113642_7.png,2947956,3466228,143042,376519,0.9190143891183082,0.8501633878074715,0.953723037025582,0.8867433203738936,0.9250677664090617,0.9190143891183082,0.9603681630911514,0.902018269742973,0.04627696297441797,0.5,1.25
HistoKit (no postprocessing),gaussian,3e1fffa8-5bae-87b0-bc39-e4a1bc285608_122517_5.png,5058587,1787004,209774,594550,0.9263540587564086,0.8628114941536721,0.9601823033767048,0.8948283050631888,0.8948584396035772,0.9263540587564086,0.8949437543883196,0.7503520810361638,0.03981769662329518,0.5,1.25
HistoKit (no postprocessing),gaussian,7e3642ed-4a56-9d3f-3ecf-de46d455c0fd_113100_2.png,2186764,1256715,381,139032,0.9691081713676293,0.9400677592461795,0.9998258003013061,0.9402217563363253,0.9610892541555816,0.9691081713676293,0.9996969205215831,0.9003888240490576,0.00017419969869395948,0.5,1.25
HistoKit (no postprocessing),gaussian,8e6bc805-8b70-bd59-8612-caf5bbe72e5e_125634_3.png,31230309,393429,25615,85532,0.9982236876329124,0.9964536746474063,0.9991804753556478,0.9972687305443912,0.9964976397425105,0.9982236876329125,0.9388727675375378,0.8214217859074121,0.0008195246443522194,0.5,1.25
HistoKit (no postprocessing),gaussian,54b22c23-34e4-1c55-9de2-c8e205e762bc_131621_2.png,20974717,1717639,76650,327829,0.9904500205211263,0.9810807197801077,0.9963589062886035,0.984610806614383,0.9824876871657957,0.9904500205211264,0.9572811291826456,0.8397290986708177,0.003641093711396509,0.5,1.25
HistoKit (no postprocessing),gaussian,1875292b-dccd-c5b5-17ad-67c30baa6d69_130951_1.png,9695833,349572,6473,2228803,0.8966439175728127,0.8126514475728953,0.9993328390178582,0.8130925757398381,0.8179843609649986,0.8966439175728126,0.9818197138002219,0.13557841663838657,0.0006671609821417712,0.5,1.25
HistoKit (no postprocessing),gaussian,7d4546a5-f4cc-3733-763f-d1c5a5904dff_120251_1.png,6389241,931719,29605,383051,0.9687171796701695,0.9393322186442988,0.9953878002369897,0.9434384991078353,0.9466412606987469,0.9687171796701695,0.9692039312448248,0.7086555062862706,0.004612199763010361,0.5,1.25
HistoKit (no postprocessing),gaussian,be2180cd-04c9-2627-2456-4397fd5e59ee_103647_1.png,28912657,455437,8689,49877,0.9989882157173984,0.9979784767802173,0.9996995644670204,0.9982778785861762,0.9980097639351527,0.9989882157173984,0.9812787906732223,0.9012950363536336,0.00030043553297968913,0.5,1.25
HistoKit (no postprocessing),gaussian,f761dbde-597d-9a8f-e1a1-2533f0d71b83_120113_3.png,10031953,14826212,286558,97417,0.9812217706079177,0.9631357858848487,0.9722287450195091,0.9903827187673073,0.9847883341111332,0.9812217706079177,0.981038684503238,0.9934722981923498,0.027771254980490885,0.5,1.25
HistoKit (no postprocessing),gaussian,6f1702fd-ae84-1c96-04ae-a23a14a5d2d4_111419_2.png,6375165,565639,14560,243672,0.98014907412518,0.9610709264046762,0.9977213416852838,0.963185073148047,0.9641296418020413,0.98014907412518,0.9749051618496413,0.698914261637368,0.0022786583147162047,0.5,1.25
HistoKit (no postprocessing),gaussian,f9a50b4c-7c73-18cd-0877-8296eed330e2_114604_5.png,4874620,3217426,416498,1156896,0.8610399311679596,0.7559878126815481,0.9212835548177153,0.8081915060823845,0.8372144465228691,0.8610399311679596,0.8853861555717731,0.7355256426024421,0.07871644518228472,0.5,1.25
HistoKit (no postprocessing),gaussian,1c7a4a4c-ace6-25f8-ee0c-f8914aeab226_121941_3.png,7005637,3811614,586159,131818,0.9512550230829796,0.907041315114919,0.9227904701338129,0.9815315122827394,0.9377578839360609,0.9512550230829796,0.8667145848592003,0.9665727721436556,0.07720952986618713,0.5,1.25
HistoKit (no postprocessing),gaussian,9601a588-d18f-b3b2-00f0-b816a7730c15_114312_2.png,5462590,423383,19304,51203,0.9935877585456916,0.9872572268297484,0.9964785893342702,0.9907136521084488,0.9881629754485871,0.9935877585456916,0.956393569271291,0.8921101760271057,0.0035214106657297643,0.5,1.25
HistoKit (no postprocessing),gaussian,2125a939-8f92-6ca7-9a29-e1755d6267ed_103351_7.png,608931,345288,80,1758151,0.4092150346108136,0.25724094928864183,0.9998686394827023,0.2572496432316244,0.3517922911021401,0.40921503461081354,0.9997683630214728,0.1641540353677953,0.00013136051729771713,0.9,0.75
HistoKit (no postprocessing),gaussian,9601a588-d18f-b3b2-00f0-b816a7730c15_114312_1.png,9487118,1021794,339101,71885,0.9787990047263838,0.9584783105936248,0.9654901849836646,0.9924798642703637,0.962363567864828,0.9787990047263837,0.7508250085421726,0.9342723047621834,0.03450981501633538,0.5,1.25
HistoKit (no postprocessing),gaussian,54b22c23-34e4-1c55-9de2-c8e205e762bc_131621_1.png,26128176,1338723,134186,164163,0.9943230768261816,0.9887102447257065,0.9948905585872284,0.9937562420749253,0.9892545890459902,0.9943230768261816,0.9088972910071158,0.8907681620562039,0.005109441412771631,0.5,1.25
HistoKit (no postprocessing),gaussian,228e0715-eef2-126e-c558-f7684e2bcfa8_110725_2.png,2610005,190663,55646,884192,0.8474251312694728,0.735245192533867,0.9791247991578793,0.7469541642901073,0.7487404110566859,0.8474251312694729,0.7740805248691685,0.17738485656204792,0.02087520084212074,0.9,0.75
HistoKit (no postprocessing),gaussian,be2180cd-04c9-2627-2456-4397fd5e59ee_103647_4.png,4685584,433590,31011,161939,0.9798256357773921,0.9604491841196556,0.9934251297811239,0.9665934540176498,0.9636774292166372,0.9798256357773921,0.9332524036754118,0.7280753750027287,0.006574870218876117,0.9,0.75
HistoKit (no postprocessing),gaussian,39bcf904-a619-148a-5bca-38122a540be1_104536_1.png,1688236,912575,1121,317384,0.913800545984454,0.8412824574770735,0.9993364339213086,0.841752674983297,0.890897388292326,0.9138005459844541,0.9987731149091164,0.7419556261631485,0.0006635660786914784,0.9,0.75
HistoKit (no postprocessing),gaussian,be2180cd-04c9-2627-2456-4397fd5e59ee_103647_3.png,21837164,1445684,44879,240972,0.9934975014546688,0.9870790215528942,0.997949048907362,0.9890854916375187,0.9878715834081465,0.9934975014546688,0.9698912424365826,0.8571303217727859,0.002050951092637922,0.5,1.25
HistoKit (no postprocessing),gaussian,9e7010fd-072a-6a7f-3911-83d91e8c9301_113642_3.png,3167522,272392,2259,602153,0.9129021064475371,0.8397607169160436,0.9992873324687099,0.8402639484836226,0.8505530958681372,0.912902106447537,0.991775016293405,0.311467105752134,0.0007126675312900166,0.9,0.75
HistoKit (no postprocessing),gaussian,332605c9-e7e2-297a-c808-98d567218fe3_115336_3.png,9074173,267772,29209,166422,0.9893354096551691,0.978895886040309,0.9967914122465694,0.9819901207660329,0.9794883941160731,0.9893354096551691,0.9016469067044693,0.6167105026785262,0.003208587753430538,0.5,1.25
HistoKit (no postprocessing),gaussian,c74350c8-f970-c60d-af8a-f9c4d9c5bab2_124242_3.png,304051,1908325,1519011,22617,0.28287366320421636,0.16473666330927533,0.16678039474247172,0.9307645683078845,0.5893376778501035,0.2828736632042163,0.5567954236176436,0.9882870640340311,0.8332196052575283,0.9,0.75
HistoKit (no postprocessing),gaussian,10fd35f3-17d4-d309-f849-cc9e883460c1_123055_2.png,4871540,3703629,3603912,98409,0.7246403435643162,0.568185091874011,0.5747823242937368,0.9801991931909161,0.6984464251243536,0.7246403435643161,0.5068228833748589,0.974116776318385,0.42521767570626323,0.5,1.25
HistoKit (no postprocessing),gaussian,332605c9-e7e2-297a-c808-98d567218fe3_115336_2.png,5444314,470569,11299,183674,0.9824088759600783,0.965425948351272,0.997928922011147,0.9673641805917141,0.9680887732869645,0.9824088759600782,0.9765516697518822,0.719257217883875,0.0020710779888529485,0.9,0.75
HistoKit (no postprocessing),gaussian,969ce636-2f0f-f223-bb1c-2b4624598a38_125938_1.png,21695565,769626,145622,2511937,0.9422880638360844,0.8908740003951854,0.9933326883744917,0.8962331181465977,0.8942170343612861,0.9422880638360844,0.8408933971994476,0.23453031375597544,0.006667311625508265,0.5,1.25
HistoKit (no postprocessing),gaussian,0502ebf6-5b9d-c3a6-85fe-a3909acf1f7b_112628_8.png,4012932,95139,277,50617,0.9936987093088588,0.9874763338784682,0.9999309779281368,0.9875436471911622,0.987762820797963,0.9936987093088587,0.9970969229479333,0.6527278465380499,6.902207186318979e-05,0.9,0.75
HistoKit (no postprocessing),gaussian,3e1fffa8-5bae-87b0-bc39-e4a1bc285608_122517_10.png,3222061,1796224,211626,2007969,0.7438056898672937,0.5921103796344348,0.9383677079477541,0.6160693150899708,0.693336308421803,0.7438056898672936,0.89460069228279,0.4721695245220208,0.06163229205224588,0.9,0.75
HistoKit (no postprocessing),gaussian,def4a0a8-b472-78ea-531c-84458df3a3e9_124843_7.png,11470819,163826,61255,286106,0.9850847604055459,0.9706079108627556,0.994688292843074,0.9756648953701754,0.9710097791638562,0.9850847604055459,0.7278535282853729,0.36411279926744483,0.005311707156925979,0.9,0.75
HistoKit (no postprocessing),gaussian,04e13be9-17d6-1bd0-76ee-d5d53a64912e_105258_2.png,3189823,118211,4161,980157,0.8663331325356832,0.7641866913455966,0.998697238308019,0.764949232370419,0.7706809693147254,0.8663331325356832,0.9659971235249893,0.10762422066192752,0.001302761691980924,0.9,0.75
HistoKit (no postprocessing),gaussian,b91bdd22-8eea-af27-bee7-880d6f1d7c1e_121440_5.png,2958719,715645,395971,5041805,0.5211207820477888,0.352375485247118,0.8819649505617508,0.3698156520747891,0.4032383172339319,0.5211207820477889,0.6437879627497265,0.12429895179289442,0.11803504943824913,0.9,0.75
HistoKit (no postprocessing),gaussian,7e6be544-b3c1-c3b1-a8a1-838402bd2649_124526_1.png,51758207,2599432,148152,267779,0.9959980600841827,0.9920280235391719,0.9971457832363083,0.9948529759724304,0.9924063558391392,0.9959980600841826,0.9460791735575691,0.9066064548440976,0.002854216763691709,0.5,1.25
HistoKit (no postprocessing),gaussian,d9d9ce51-54c1-b32b-5fae-fd9ffdaa32e5_111717_1.png,7482253,300015,7685,566057,0.9630755024633408,0.9287807403058219,0.9989739567937679,0.92966759481183,0.9313378035689283,0.9630755024633408,0.9750243743906403,0.3464088436065362,0.0010260432062321478,0.9,0.75
HistoKit (no postprocessing),gaussian,cd7afea3-2dfd-f8a4-f2e6-1e02af01c417_132555_3.png,0,4002445,305,106110,0.0,0.0,0.0,0.0,0.9741010888664983,,0.9999238023858598,0.9741734015973986,1.0,0.9,0.75
HistoKit (no postprocessing),gaussian,be2180cd-04c9-2627-2456-4397fd5e59ee_103647_5.png,4981294,479769,16237,92836,0.9891703066654051,0.9785726648000036,0.9967509956416478,0.9817040556706272,0.9804182519062371,0.989170306665405,0.9672645088970698,0.8378707835244191,0.003249004358352154,0.9,0.75
HistoKit (no postprocessing),gaussian,0504f20c-cba2-27c1-e181-78505aa24ca7_112258_3.png,3534016,2193660,2672660,47886,0.7220693342791976,0.5650301332051709,0.5693894767505183,0.9866311250279879,0.6779741346759117,0.7220693342791976,0.45078416544740174,0.9786370656680702,0.4306105232494817,0.9,0.75
HistoKit (no postprocessing),gaussian,19a1c0fb-3d0a-327d-ea5a-6aae35f53e51_121144_1.png,6549943,58901,4876,7428,0.9990616365382137,0.9981250324774426,0.9992561198104783,0.9988672289550187,0.9981417119810643,0.9990616365382136,0.9235461059629647,0.888012784754783,0.0007438801895216329,0.9,0.75
HistoKit (no postprocessing),gaussian,b0f43f79-08e2-79bc-61fa-379c7ef1dd21_131900_10.png,4968739,183093,3299,455949,0.9558276326605125,0.9153925755533313,0.9993364893832267,0.9159492674970432,0.91815336797907,0.9558276326605126,0.9823007425211382,0.28651168467800237,0.0006635106167732427,0.9,0.75
HistoKit (no postprocessing),gaussian,cbd7b0be-5303-525e-8ff2-6d1502e77bdd_110516_1.png,11676699,480890,20388,39583,0.9974386001433625,0.994890288301537,0.9982570019356102,0.9966215391538032,0.995091409413991,0.9974386001433625,0.9593279577400166,0.9239480242010633,0.0017429980643898775,0.9,0.75
HistoKit (no postprocessing),gaussian,def4a0a8-b472-78ea-531c-84458df3a3e9_124843_8.png,29536623,642246,180514,1732137,0.968637814739365,0.9391829840014749,0.9939255924956701,0.9446048708039589,0.9404001119298805,0.9686378147393652,0.7805994457679032,0.2704896387819488,0.006074407504329909,0.5,1.25
HistoKit (no postprocessing),gaussian,d9d9ce51-54c1-b32b-5fae-fd9ffdaa32e5_111717_2.png,6588334,749852,6745,1792574,0.8798530607698845,0.7854800383373036,0.9989772677476646,0.7861121969123155,0.8030842117186257,0.8798530607698846,0.9910850822829063,0.2949356244783526,0.0010227322523354155,0.9,0.75
HistoKit (no postprocessing),gaussian,c0272a60-2518-4785-1810-6431c15f4b4b_130712_1.png,8107660,226648,46890,17752,0.9960293519112636,0.992090111207344,0.9942498359811394,0.9978152492452075,0.9923035617547431,0.9960293519112636,0.8285795757810615,0.9273649754500818,0.0057501640188606365,0.9,0.75
HistoKit (no postprocessing),gaussian,6f1702fd-ae84-1c96-04ae-a23a14a5d2d4_111419_5.png,2310877,935297,25346,224011,0.9488090088688186,0.9026038244941673,0.989150864450868,0.9116288372504032,0.9286640570488433,0.9488090088688186,0.9736155887254683,0.8067717983486701,0.010849135549132081,0.9,0.75
HistoKit (no postprocessing),gaussian,e398b039-2e70-a00a-855c-e3ff4eba631e_115619_4.png,4938166,185896,931,642351,0.9388492771692953,0.8847463955590019,0.9998115040056917,0.8848939981725708,0.8884613090531794,0.9388492771692954,0.9950167802298383,0.22444512325429491,0.00018849599430827133,0.9,0.75
HistoKit (no postprocessing),gaussian,2125a939-8f92-6ca7-9a29-e1755d6267ed_103351_8.png,6571016,209012,0,1594922,0.8917739717447717,0.8046860017795874,1.0,0.8046860017795874,0.8095604152860614,0.8917739717447717,1.0,0.11586454936821414,0.0,0.9,0.75
HistoKit (no postprocessing),gaussian,deaaef3a-8172-327d-10b9-23d266fb17ca_123636_1.png,3650973,3637387,448950,79212,0.9325472905354563,0.8736193016018865,0.8904979434979633,0.9787645921046811,0.9324300500913322,0.9325472905354563,0.8901338778470792,0.9786869662290713,0.10950205650203675,0.9,0.75
HistoKit (no postprocessing),gaussian,04e13be9-17d6-1bd0-76ee-d5d53a64912e_105258_4.png,7922939,390107,26923,806775,0.9500168349603132,0.9047924448621086,0.9966134003332385,0.9075828830131205,0.9088530301055764,0.9500168349603132,0.9354410953648419,0.32593605718859503,0.003386599666761511,0.9,0.75
HistoKit (no postprocessing),gaussian,8e6bc805-8b70-bd59-8612-caf5bbe72e5e_125634_2.png,7193469,1491719,217088,42797,0.982256561713076,0.9651318050907014,0.9707055758426796,0.9940857619109082,0.970946575841248,0.9822565617130761,0.87295932191289,0.9721104243944019,0.029294424157320427,0.9,0.75
HistoKit (no postprocessing),gaussian,f4c75e72-7c5b-0601-d74f-78529d4dec70_114117_1.png,4395224,8473743,10298336,146123,0.45700496498371423,0.2961804507549117,0.2991258755536439,0.9678238637126826,0.5519981061556547,0.45700496498371423,0.45140141376988663,0.9830481123488463,0.7008741244463561,0.9,0.75
HistoKit (no postprocessing),gaussian,0502ebf6-5b9d-c3a6-85fe-a3909acf1f7b_112628_7.png,5003632,904728,106,230844,0.9774423546919414,0.9558799537384265,0.9999788158372801,0.9558993106473312,0.9623817660290814,0.9774423546919413,0.9998828514401537,0.7967156640001691,2.1184162719950564e-05,0.9,0.75
HistoKit (no postprocessing),gaussian,7ea29210-064a-9e70-4612-3ab81fa629dc_120503_2.png,8243243,54411,14449,544602,0.9672024999857735,0.9364880336875819,0.9982502374755561,0.9380278100034763,0.936878218253854,0.9672024999857733,0.7901684577403427,0.09083442262521849,0.001749762524443876,0.9,0.75
HistoKit (no postprocessing),gaussian,9e7010fd-072a-6a7f-3911-83d91e8c9301_113642_1.png,8267871,270963,74854,28679,0.993777793804117,0.9876325404914158,0.991027631858895,0.9965432619582839,0.9880202958286775,0.9937777938041171,0.7835444758354853,0.9042891183478952,0.008972368141104975,0.9,0.75
HistoKit (no postprocessing),gaussian,24aa9d72-799e-9634-ead4-94165f32d151_102546_1.png,6276659,409944,19512,61093,0.9936199547836408,0.9873208034148023,0.9969009736234927,0.9903604621954283,0.9880888839237688,0.9936199547836407,0.9545657762378451,0.8703010591524657,0.0030990263765072455,0.9,0.75
HistoKit (no postprocessing),gaussian,e16fa7c2-3d43-e563-886f-5b0ebdd4e8c5_105048_1.png,42035197,451328,999842,37246,0.9878143733590896,0.975922150403676,0.976766792287559,0.9991147174410575,0.9761718311391107,0.9878143733590896,0.311009736970858,0.9237658983081376,0.023233207712441018,0.5,1.25
HistoKit (no postprocessing),gaussian,e398b039-2e70-a00a-855c-e3ff4eba631e_115619_1.png,14444206,375932,890,1786836,0.9417225858092045,0.8898636342241947,0.9999383873945871,0.8899124282963472,0.892356657063184,0.9417225858092045,0.99763814214669,0.17381984567924066,6.161260541293737e-05,0.9,0.75
HistoKit (no postprocessing),gaussian,b1a83861-bd20-5668-5a83-92a470ead44d_110338_5.png,2713047,2334170,0,161491,0.9710982472749855,0.9438201895400234,1.0,0.9438201895400234,0.9689959583067432,0.9710982472749856,1.0,0.9352912915656413,0.0,0.9,0.75
HistoKit (no postprocessing),gaussian,b91bdd22-8eea-af27-bee7-880d6f1d7c1e_121440_6.png,5657751,410397,97806,642744,0.9385744188893678,0.8842583367053223,0.9830066838014114,0.8979851583089901,0.8912347118347737,0.9385744188893679,0.8075454100034829,0.3896885602212809,0.0169933161985886,0.9,0.75
HistoKit (no postprocessing),gaussian,d9d9ce51-54c1-b32b-5fae-fd9ffdaa32e5_111717_5.png,9194463,224654,7270,869457,0.9544927441597749,0.9129470300927696,0.999209931433568,0.9136065270789115,0.9148465147684833,0.9544927441597749,0.9686535244304169,0.205330172167175,0.0007900685664319971,0.9,0.75
HistoKit (no postprocessing),gaussian,0502ebf6-5b9d-c3a6-85fe-a3909acf1f7b_112628_2.png,8377135,2877892,285960,309418,0.9656835689115998,0.933644230997492,0.9669910118727776,0.9643796566946636,0.9497588479043543,0.9656835689115998,0.909616505449686,0.9029218996583326,0.03300898812722243,0.9,0.75
HistoKit (no postprocessing),gaussian,40f80889-968b-7602-00a3-4e00b00e88fe_110004_3.png,21291827,9007453,124508,980469,0.9747079051298265,0.9506636304001231,0.9941863068540906,0.955978090449229,0.9648144199049192,0.9747079051298266,0.9863656885963485,0.9018345357522816,0.005813693145909419,0.9,0.75
HistoKit (no postprocessing),gaussian,59c3e1ff-f1eb-ac9b-3a83-925048a454e4_130514_4.png,1779927,1074355,0,70038,0.9807052110641309,0.96214090536848,1.0,0.96214090536848,0.9760498167095256,0.9807052110641309,1.0,0.9387989964985805,0.0,0.9,0.75
HistoKit (no postprocessing),gaussian,2125a939-8f92-6ca7-9a29-e1755d6267ed_103351_5.png,4154771,952561,2572,38168,0.9951211228554916,0.9902896214549313,0.9993813356271061,0.990897077205273,0.9920863577665581,0.9951211228554917,0.9973071813035462,0.9614748331783969,0.0006186643728939373,0.9,0.75
HistoKit (no postprocessing),gaussian,6247d1f0-d194-53f2-2d84-7b4b827443da_115125_1.png,2641846,451618,249154,35742,0.9488387361392152,0.9026576309083616,0.9138173642338291,0.9866514191130226,0.9156703252465693,0.9488387361392151,0.6444578265113332,0.9266620157583716,0.08618263576617087,0.9,0.75
HistoKit (no postprocessing),gaussian,0e99786b-efbd-e936-5e70-bad7ef5912da_122209_3.png,9746761,1757239,59925,178255,0.9879290696768074,0.9761460783794316,0.9938893730257092,0.9820398274420917,0.9797158619608966,0.9879290696768075,0.9670227893574823,0.9079020653125248,0.006110626974290805,0.9,0.75
HistoKit (no postprocessing),gaussian,0e99786b-efbd-e936-5e70-bad7ef5912da_122209_4.png,5242467,252869,12537,26614,0.9962798666107314,0.9925873094191969,0.9976142739377554,0.9949490243175233,0.9929259929601425,0.9962798666107315,0.9527629367836447,0.9047741723110171,0.002385726062244672,0.9,0.75
HistoKit (no postprocessing),gaussian,7e3642ed-4a56-9d3f-3ecf-de46d455c0fd_113100_1.png,571964,1942001,1716769,82466,0.3886730024806645,0.24121298971532967,0.24990420464073354,0.8739880506700487,0.5828537976444403,0.3886730024806645,0.5307797429190684,0.9592653276146265,0.7500957953592664,0.9,0.75
HistoKit (no postprocessing),gaussian,66e65946-ef0a-6028-f7a7-e909aade97a4_112429_4.png,9085679,975147,19106,45476,0.9964585318881286,0.9929420592483647,0.9979015429798727,0.9950196880898419,0.9936217878825229,0.9964585318881287,0.9807835631373504,0.9554429010516126,0.002098457020127329,0.9,0.75
HistoKit (no postprocessing),gaussian,728c532f-2f31-cf1c-4143-7abb9ca2b76d_102101_5.png,4845099,1824724,593719,60170,0.9367862045243819,0.8810892113239746,0.8908367590163893,0.9877335983001136,0.9107161778071011,0.936786204524382,0.7545036207179578,0.9680777805011846,0.10916324098361077,0.9,0.75
HistoKit (no postprocessing),gaussian,59c3e1ff-f1eb-ac9b-3a83-925048a454e4_130514_1.png,4980425,708710,119316,82670,0.9801250359643706,0.9610247045245929,0.9766035177080562,0.9836720424957461,0.9657134864485044,0.9801250359643707,0.8559030755072908,0.8955369102074856,0.023396482291943847,0.9,0.75
HistoKit (no postprocessing),gaussian,228e0715-eef2-126e-c558-f7684e2bcfa8_110725_7.png,7359602,366712,641,1874154,0.8870196991092985,0.7969769980649521,0.9999129104840696,0.797032323574502,0.8047314117567044,0.8870196991092985,0.9982550843466639,0.16364744701378842,8.708951593038436e-05,0.9,0.75
HistoKit (no postprocessing),gaussian,0502ebf6-5b9d-c3a6-85fe-a3909acf1f7b_112628_5.png,2740135,843860,301,14192,0.9973623976138735,0.9947386725176685,0.9998901634630402,0.9948473801404117,0.9959724751062112,0.9973623976138735,0.9996434329470326,0.9834602098707305,0.00010983653695981224,0.9,0.75
HistoKit (no postprocessing),gaussian,f761dbde-597d-9a8f-e1a1-2533f0d71b83_120113_1.png,9226581,1001009,8162,144488,0.9917955744151343,0.9837246784944309,0.9991161638174446,0.9845814815791026,0.9852941743158155,0.9917955744151343,0.9919121734572238,0.8738643575670648,0.0008838361825553781,0.9,0.75
HistoKit (no postprocessing),gaussian,c38dfb82-e376-0eab-4312-72ca49852e8b_104329_1.png,3512926,811946,41044,77822,0.9833630942466869,0.967270702727469,0.9884512249681342,0.9783270783691866,0.9732508982302737,0.9833630942466869,0.9518822026049544,0.9125367511531096,0.011548775031865773,0.9,0.75
HistoKit (no postprocessing),gaussian,7d4546a5-f4cc-3733-763f-d1c5a5904dff_120251_4.png,3326532,263090,3557,128357,0.9805579325386169,0.9618574353915025,0.9989318603797076,0.9628477210121656,0.9645538831278267,0.9805579325386169,0.9866602661946319,0.6720960947459043,0.0010681396202924306,0.9,0.75
HistoKit (no postprocessing),gaussian,59c3e1ff-f1eb-ac9b-3a83-925048a454e4_130514_3.png,2335973,412478,1,81636,0.9828262176131142,0.9662323534399676,0.9999995719130436,0.9662327531044101,0.9711539005147544,0.9828262176131142,0.9999975756341535,0.8347830662559652,4.2808695644728923e-07,0.9,0.75
HistoKit (no postprocessing),gaussian,7e3642ed-4a56-9d3f-3ecf-de46d455c0fd_113100_4.png,8158566,3779195,820,105323,0.9935370381364252,0.9871570795777564,0.9998995022419579,0.987255032104134,0.9911869938518274,0.9935370381364252,0.9997830696439035,0.9728864687974158,0.00010049775804208797,0.9,0.75
HistoKit (no postprocessing),gaussian,c0272a60-2518-4785-1810-6431c15f4b4b_130712_3.png,33294873,2107112,181076,298538,0.99284898499106,0.9857995178431578,0.994590862831103,0.9911131977636924,0.9866334273453087,0.9928489849910599,0.9208648939685026,0.8759013156527342,0.005409137168896989,0.9,0.75
HistoKit (no postprocessing),gaussian,7e3642ed-4a56-9d3f-3ecf-de46d455c0fd_113100_3.png,3810475,1522966,30857,123614,0.9801334230005038,0.9610408313253195,0.9919671093256194,0.9685787484726451,0.9718525005503004,0.9801334230005037,0.9801412387382604,0.9249268180106646,0.008032890674380658,0.9,0.75
HistoKit (no postprocessing),gaussian,b0f43f79-08e2-79bc-61fa-379c7ef1dd21_131900_5.png,7263068,151207,19575,586191,0.9599676233694878,0.923017056910846,0.9973121022134409,0.9253189377494104,0.9244684659342765,0.9599676233694878,0.8853801922919278,0.2050548007995682,0.002687897786559083,0.9,0.75
HistoKit (no postprocessing),gaussian,3e1fffa8-5bae-87b0-bc39-e4a1bc285608_122517_7.png,3251825,351973,22,2934692,0.6890653931126199,0.5256291118507457,0.9999932346140517,0.5256309810512119,0.5511648521865525,0.6890653931126199,0.9999374991122033,0.10709123077648619,6.765385948354889e-06,0.9,0.75
HistoKit (no postprocessing),gaussian,66e65946-ef0a-6028-f7a7-e909aade97a4_112429_5.png,13328527,464499,14789,15225,0.9988753354246334,0.9977531977481673,0.9988916548180378,0.9988590165644565,0.9978286975947404,0.9988753354246334,0.969143813323096,0.9682630012257047,0.0011083451819622649,0.9,0.75
HistoKit (no postprocessing),gaussian,cbd7b0be-5303-525e-8ff2-6d1502e77bdd_110516_5.png,4614835,467622,173173,41845,0.977233975330895,0.9554814608229277,0.963831931776221,0.9910139842119278,0.9594112289345396,0.977233975330895,0.7297528850880547,0.9178651414124958,0.036168068223779076,0.9,0.75
HistoKit (no postprocessing),gaussian,1875292b-dccd-c5b5-17ad-67c30baa6d69_130951_13.png,11308064,341048,50692,1364023,0.9411291980060791,0.8888045607017147,0.9955371873469243,0.8923600350912995,0.8917074606085951,0.9411291980060791,0.8705978455097769,0.2000198232214377,0.004462812653075742,0.9,0.75
HistoKit (no postprocessing),gaussian,1875292b-dccd-c5b5-17ad-67c30baa6d69_130951_12.png,7046143,283463,2682,1135072,0.925295403032428,0.8609765005595745,0.9996195110532606,0.8612587494644744,0.8656306097768371,0.9252954030324281,0.9906271296021248,0.19982799155466732,0.00038048894673935017,0.9,0.75
HistoKit (no postprocessing),gaussian,6f1702fd-ae84-1c96-04ae-a23a14a5d2d4_111419_3.png,4558998,345949,15505,59292,0.9918635174315358,0.983858370946492,0.996610560753813,0.9871614818471772,0.9849797499630503,0.9918635174315358,0.9571038085067533,0.8536870652278521,0.003389439246186963,0.9,0.75
HistoKit (no postprocessing),gaussian,e398b039-2e70-a00a-855c-e3ff4eba631e_115619_3.png,17542433,540088,22485,3269394,0.9142220373301592,0.8419972303381076,0.9987198915474584,0.842906920185335,0.8459896418145071,0.9142220373301592,0.9600318536438827,0.14177465597684935,0.0012801084525415945,0.9,0.75
HistoKit (no postprocessing),gaussian,04e13be9-17d6-1bd0-76ee-d5d53a64912e_105258_3.png,9308541,317457,2,1547500,0.9232564381194276,0.8574524806137928,0.9999997851436041,0.8574526385815971,0.8615024835548396,0.9232564381194276,0.9999936999738549,0.17022215525612655,2.1485639589353564e-07,0.9,0.75
HistoKit (no postprocessing),gaussian,b91bdd22-8eea-af27-bee7-880d6f1d7c1e_121440_1.png,5317501,1309043,75549,438019,0.9539341816932575,0.9119255834564811,0.9859914148765541,0.9238958425997998,0.9280728369526977,0.9539341816932575,0.9454359118065105,0.7492825097220362,0.014008585123445917,0.9,0.75
HistoKit (no postprocessing),gaussian,b91bdd22-8eea-af27-bee7-880d6f1d7c1e_121440_2.png,8849493,1022059,1893,2063390,0.8955042050884857,0.8107809999948693,0.9997861351883197,0.8109216418796023,0.826982361739942,0.8955042050884858,0.9981512805287748,0.33125130248466267,0.00021386481168034023,0.9,0.75
HistoKit (no postprocessing),gaussian,b1a83861-bd20-5668-5a83-92a470ead44d_110338_3.png,843510,1700422,46205,93534,0.9235044141016959,0.8578803538066146,0.948067639637412,0.9001818484510866,0.9479299064602181,0.923504414101696,0.9735461549603893,0.9478615974973745,0.05193236036258802,0.9,0.75
HistoKit (no postprocessing),gaussian,3e1fffa8-5bae-87b0-bc39-e4a1bc285608_122517_3.png,10401396,507194,1536,1710298,0.9239679131245618,0.8586806326636248,0.9998523493184421,0.8587895301846298,0.8643600246711204,0.9239679131245617,0.9969807166866511,0.22872416225176911,0.0001476506815578531,0.9,0.75
HistoKit (no postprocessing),gaussian,c74350c8-f970-c60d-af8a-f9c4d9c5bab2_124242_5.png,0,5519811,5581053,1850,0.0,0.0,0.0,0.0,0.49715871272555523,,0.4972415660618849,0.999664955889179,1.0,0.9,0.75
HistoKit (no postprocessing),gaussian,c74350c8-f970-c60d-af8a-f9c4d9c5bab2_124242_4.png,0,2718734,918644,1278,0.0,0.0,0.0,0.0,0.747180827206529,,0.7474433506773286,0.999530149131695,1.0,0.9,0.75
HistoKit (no postprocessing),gaussian,0504f20c-cba2-27c1-e181-78505aa24ca7_112258_4.png,9974218,1324245,451460,103437,0.9729362538276094,0.9472987995667252,0.9566973006455791,0.9897360050527628,0.953186522639994,0.9729362538276094,0.745757318924033,0.9275489920024207,0.04330269935442088,0.9,0.75
HistoKit (no postprocessing),gaussian,5fe08b37-e6eb-942a-a4ce-507361c4911e_102333_2.png,9036017,70909,12075,152409,0.9909805150303364,0.982122277906388,0.9986654644979295,0.9834129371015231,0.982259009147476,0.9909805150303364,0.854490022172949,0.31752478528376576,0.0013345355020704917,0.9,0.75
HistoKit (no postprocessing),gaussian,cbd7b0be-5303-525e-8ff2-6d1502e77bdd_110516_4.png,3239686,341133,1104,78547,0.9878562706671405,0.9760039429560783,0.9996593423208538,0.9763286664920757,0.9782402259819094,0.9878562706671404,0.9967741652714347,0.8128407357987038,0.00034065767914613415,0.9,0.75
HistoKit (no postprocessing),gaussian,7e6be544-b3c1-c3b1-a8a1-838402bd2649_124526_4.png,4616883,475246,17348,73883,0.9902165115978053,0.9806226017466867,0.9962565525973996,0.9842492676036281,0.9823992545375972,0.9902165115978053,0.964782356260937,0.8654542011075722,0.003743447402600345,0.9,0.75
HistoKit (no postprocessing),gaussian,66e65946-ef0a-6028-f7a7-e909aade97a4_112429_3.png,4702434,169845,12503,5656,0.9980729122393472,0.9961532375275733,0.9973482148329872,0.9987986635769495,0.9962868356576651,0.9980729122393472,0.9314333033540264,0.9677722634059065,0.002651785167012836,0.9,0.75
HistoKit (no postprocessing),gaussian,24aa9d72-799e-9634-ead4-94165f32d151_102546_6.png,8290258,117663,3504,33899,0.9977492368328429,0.9955085827821282,0.999577513798925,0.9959276356753002,0.9955711586672104,0.997749236832843,0.9710812349897249,0.7763357569839405,0.00042248620107497657,0.9,0.75
HistoKit (no postprocessing),gaussian,0f3058e5-e9f7-bd55-4b60-07a71af55b96_123333_3.png,30736181,1530634,102958,393056,0.991995691479796,0.9841185033584735,0.9966614502434714,0.9873734136175583,0.9848604648884258,0.991995691479796,0.9369744709817384,0.7956760184853069,0.0033385497565285465,0.9,0.75
HistoKit (no postprocessing),gaussian,def4a0a8-b472-78ea-531c-84458df3a3e9_124843_6.png,16588768,7858617,2123484,11630,0.9395368515248784,0.885968411892363,0.8865190571396752,0.9992994143875346,0.919679711076073,0.9395368515248784,0.7872708360694808,0.9985222827186999,0.11348094286032488,0.9,0.75
HistoKit (no postprocessing),gaussian,84acf623-2a5d-c4c6-c1db-583a94b80fc7_105804_1.png,45171379,3747977,43278,1005526,0.9885240608974382,0.9773085277485811,0.9990428325045129,0.9782244825633073,0.9790105539207368,0.9885240608974382,0.9885847826115627,0.7884663163145158,0.0009571674954871382,0.9,0.75
HistoKit (no postprocessing),gaussian,9e7010fd-072a-6a7f-3911-83d91e8c9301_113642_6.png,6889969,1656038,22235,996558,0.9311567322900862,0.8711817348909981,0.9967832257265555,0.8736379143823384,0.893485174807628,0.9311567322900862,0.9867512615647156,0.6243084133430044,0.0032167742734444758,0.9,0.75
HistoKit (no postprocessing),gaussian,1875292b-dccd-c5b5-17ad-67c30baa6d69_130951_4.png,3883469,151330,1749,174087,0.9778621423699075,0.9566832253304445,0.9995498322101874,0.9570956013915766,0.9582400279292791,0.9778621423699075,0.9885745268782785,0.4650340947153959,0.0004501677898125665,0.9,0.75
HistoKit (no postprocessing),gaussian,b91bdd22-8eea-af27-bee7-880d6f1d7c1e_121440_4.png,6363122,254899,20860,343310,0.9721804062117516,0.9458667767059911,0.9967324469273253,0.948808845001336,0.9478430194762647,0.9721804062117516,0.9243542368517438,0.4261035858704901,0.003267553072674704,0.9,0.75
HistoKit (no postprocessing),gaussian,35ce6eab-4a33-9fbb-2efe-2acf7936ba3e_104917_2.png,7214934,4931079,459185,185102,0.9572588314237183,0.9180215189266213,0.9401644670873621,0.9749863379043021,0.9496269047637663,0.9572588314237184,0.9148121502026617,0.9638202792278069,0.05983553291263792,0.9,0.75
HistoKit (no postprocessing),gaussian,969ce636-2f0f-f223-bb1c-2b4624598a38_125938_4.png,15526226,765625,75616,3982553,0.8844176239434786,0.7927855826028836,0.9951533927852878,0.7958584184074257,0.800581571910003,0.8844176239434784,0.9101137486166271,0.16124606112070777,0.004846607214712212,0.9,0.75
HistoKit (no postprocessing),gaussian,859ead5f-592a-5c4e-67de-d71b0ee92f6d_113334_2.png,12671981,607854,32224,336685,0.9856527495509934,0.9717113632581825,0.997463517000867,0.9741184069142831,0.9729712125892317,0.9856527495509932,0.9496561356584666,0.6435456873670647,0.0025364829991329644,0.9,0.75
HistoKit (no postprocessing),gaussian,d9d9ce51-54c1-b32b-5fae-fd9ffdaa32e5_111717_3.png,10928586,739536,22473,994155,0.9555549143561629,0.9148924414414007,0.997947869699177,0.9166169088131664,0.9198543132501626,0.9555549143561629,0.9705082223438306,0.4265673640804503,0.0020521303008229617,0.9,0.75
HistoKit (no postprocessing),gaussian,6b809376-ab46-9021-2fa3-0d0025b512da_132412_1.png,3769542,439031,7987,50153,0.9923472047158278,0.9848106504145329,0.9978856548818024,0.9868698940622223,0.9863735854743453,0.9923472047158277,0.9821327105396204,0.8974762052724538,0.0021143451181976367,0.9,0.75
HistoKit (no postprocessing),gaussian,c38dfb82-e376-0eab-4312-72ca49852e8b_104329_5.png,2636864,526362,3790,55062,0.988963691121371,0.9781683233693758,0.9985647494900884,0.9795455001363336,0.9817347686803362,0.988963691121371,0.9928511068523744,0.9052980269132337,0.0014352505099115597,0.9,0.75
HistoKit (no postprocessing),gaussian,cbd7b0be-5303-525e-8ff2-6d1502e77bdd_110516_2.png,9592181,749635,30390,42894,0.9961945504658254,0.9924179540249745,0.996841800387859,0.9955481405178476,0.9929636777371317,0.9961945504658255,0.9610397102656966,0.9458770593883631,0.0031581996121410796,0.9,0.75
HistoKit (no postprocessing),gaussian,8e6bc805-8b70-bd59-8612-caf5bbe72e5e_125634_1.png,64584261,1030697,140026,97374,0.9981654626285187,0.9963376439860127,0.9978365771723372,0.9984945649564981,0.996394965841618,0.9981654626285186,0.880393568760501,0.9136809651165574,0.0021634228276628214,0.9,0.75
HistoKit (no postprocessing),gaussian,7e6be544-b3c1-c3b1-a8a1-838402bd2649_124526_3.png,50318550,506769,42338,38783,0.999194574733404,0.9983904458423944,0.9991593079137128,0.9992298440427733,0.9984064688082687,0.999194574733404,0.9228966303470908,0.9289105346511424,0.0008406920862872792,0.9,0.75
HistoKit (no postprocessing),gaussian,e3dca99c-de77-4ab1-72a1-8daf3d4d032c_120923_2.png,9142880,1304715,2829,179272,0.9901395727420734,0.980471702837786,0.9996906746103555,0.9807692472725182,0.9828686540047805,0.9901395727420734,0.99783640168132,0.8791957072400229,0.000309325389644477,0.9,0.75
HistoKit (no postprocessing),gaussian,b0f43f79-08e2-79bc-61fa-379c7ef1dd21_131900_4.png,13081399,195247,12491,451195,0.9825855340119258,0.9657672137162668,0.9990460436127079,0.9666586465240884,0.9662536538418431,0.9825855340119258,0.9398713764453301,0.3020332837284706,0.0009539563872920881,0.9,0.75
HistoKit (no postprocessing),gaussian,24aa9d72-799e-9634-ead4-94165f32d151_102546_7.png,11000526,598080,10807,57107,0.9969226469423171,0.9938641759814392,0.9990185566089047,0.9948355131699523,0.99417872681828,0.996922646942317,0.982251222312186,0.9128386246979869,0.0009814433910953378,0.9,0.75
HistoKit (no postprocessing),gaussian,859ead5f-592a-5c4e-67de-d71b0ee92f6d_113334_1.png,20389359,373724,8034,210523,0.9946689871460969,0.9893945122835323,0.9996061261358253,0.9897803783536235,0.9895834167395876,0.9946689871460969,0.9789552543758088,0.6396678117303127,0.00039387386417470113,0.9,0.75
HistoKit (no postprocessing),gaussian,7ea29210-064a-9e70-4612-3ab81fa629dc_120503_4.png,2697869,177327,3856,588555,0.9010694289671148,0.8199511895644139,0.9985727636972674,0.8209132479558329,0.8291585522811553,0.9010694289671148,0.9787176501106616,0.2315330560060166,0.0014272363027325134,0.9,0.75
HistoKit (no postprocessing),gaussian,19a1c0fb-3d0a-327d-ea5a-6aae35f53e51_121144_3.png,24666000,1526929,33562,186305,0.9955628917069865,0.9911649853308305,0.9986411904794101,0.9925035122496686,0.9916757392893959,0.9955628917069865,0.9784926667311763,0.8912553685019092,0.0013588095205898792,0.9,0.75
HistoKit (no postprocessing),gaussian,7ea29210-064a-9e70-4612-3ab81fa629dc_120503_1.png,8588287,155911,5222,1198100,0.9345305327081285,0.8771068166631245,0.99939233204969,0.8775748394172436,0.8790329650003217,0.9345305327081285,0.9675919892262913,0.11514751357263715,0.0006076679503099374,0.9,0.75
HistoKit (no postprocessing),gaussian,f761dbde-597d-9a8f-e1a1-2533f0d71b83_120113_5.png,3492890,658360,539633,31324,0.9244439762823558,0.8595033228367112,0.8661798085218608,0.991111776980626,0.8790910690700344,0.9244439762823556,0.5495524598223863,0.954582098468284,0.13382019147813912,0.9,0.75
HistoKit (no postprocessing),gaussian,5fe08b37-e6eb-942a-a4ce-507361c4911e_102333_3.png,13408361,1659750,22952,1767932,0.9373983268645408,0.8821728316110439,0.998291157387219,0.8835069934403612,0.8937727901336943,0.9373983268645409,0.9863600328519251,0.4842193645734931,0.001708842612781044,0.9,0.75
HistoKit (no postprocessing),gaussian,969ce636-2f0f-f223-bb1c-2b4624598a38_125938_5.png,12950994,271311,9518,1436962,0.9471092859753607,0.8995323763043434,0.9992656154324767,0.9001274399226686,0.9013906059704331,0.9471092859753607,0.9661074888989385,0.15882180424323278,0.0007343845675232583,0.9,0.75
HistoKit (no postprocessing),gaussian,969ce636-2f0f-f223-bb1c-2b4624598a38_125938_2.png,4193784,329838,5238,1597644,0.8395585784424126,0.7234820843567664,0.9987525666690958,0.7241364306005358,0.7383692232960266,0.8395585784424126,0.9843677255309243,0.17112377703138085,0.0012474333309041962,0.9,0.75
HistoKit (no postprocessing),gaussian,a40a1d35-8d5f-0529-214c-05d84888ba26_111152_2.png,2756243,3931795,0,126042,0.9776462935007151,0.9562701120812134,1.0,0.9562701120812134,0.9815027120315581,0.9776462935007151,1.0,0.9689386241980641,0.0,0.9,0.75
HistoKit (no postprocessing),gaussian,9e7010fd-072a-6a7f-3911-83d91e8c9301_113642_2.png,2609706,922122,10052,426476,0.9228195490051168,0.856699124230115,0.9961630043691059,0.8595354296942673,0.8899977723772766,0.9228195490051169,0.9892166054835256,0.6837634343221627,0.0038369956308941513,0.9,0.75
HistoKit (no postprocessing),gaussian,04e13be9-17d6-1bd0-76ee-d5d53a64912e_105258_1.png,14247798,265266,45902,650492,0.9761443464457202,0.9534003578112487,0.9967886551417757,0.956337807896074,0.9542130955619852,0.9761443464457202,0.8524848313451254,0.289668231126564,0.0032113448582242526,0.9,0.75
HistoKit (no postprocessing),gaussian,40f80889-968b-7602-00a3-4e00b00e88fe_110004_1.png,8177424,912523,80229,3474599,0.8214522426181119,0.697003780689334,0.9902842853774553,0.7018029401418105,0.7188698098621763,0.8214522426181119,0.9191852547262559,0.2080003701743421,0.009715714622544686,0.9,0.75
HistoKit (no postprocessing),gaussian,2125a939-8f92-6ca7-9a29-e1755d6267ed_103351_3.png,10165955,2464539,376969,757433,0.9471543132327528,0.8996136139769744,0.9642443595344138,0.9306595169923471,0.9175873177683289,0.9471543132327529,0.8673348799299527,0.7649163307440288,0.03575564046558621,0.9,0.75
HistoKit (no postprocessing),gaussian,f9a50b4c-7c73-18cd-0877-8296eed330e2_114604_2.png,8909887,1662550,34462,1870067,0.903442519616536,0.8238897967305863,0.996147064476129,0.8265236567799825,0.8473564005864888,0.903442519616536,0.9796925419502043,0.4706284321227011,0.003852935523870994,0.9,0.75
HistoKit (no postprocessing),gaussian,c38dfb82-e376-0eab-4312-72ca49852e8b_104329_2.png,5762680,750617,17349,64845,0.992918921591922,0.9859374214054913,0.9969984579662143,0.9888726346090322,0.9875378497218782,0.992918921591922,0.9774091561345164,0.9204806600430185,0.003001542033785644,0.9,0.75
HistoKit (no postprocessing),gaussian,0f3058e5-e9f7-bd55-4b60-07a71af55b96_123333_2.png,15226861,843715,31469,98183,0.995760703184678,0.9915571979133544,0.9979375855680144,0.9935932973504024,0.9919969027596401,0.9957607031846781,0.9640429898169984,0.8957604751257567,0.0020624144319856762,0.9,0.75
HistoKit (no postprocessing),gaussian,c0272a60-2518-4785-1810-6431c15f4b4b_130712_2.png,16983257,1511398,69041,309943,0.9889655406947367,0.9781719422049262,0.9959512201815849,0.982077174843291,0.9799199295906846,0.9889655406947367,0.9563153022672815,0.829827034037009,0.00404877981841509,0.9,0.75
HistoKit (no postprocessing),gaussian,0502ebf6-5b9d-c3a6-85fe-a3909acf1f7b_112628_1.png,7718307,2946215,386650,44007,0.9728587858617906,0.9471519324419644,0.95229462660937,0.9943306854115924,0.9611852138663107,0.9728587858617905,0.883988700412408,0.9852830324972527,0.047705373390629954,0.9,0.75
HistoKit (no postprocessing),gaussian,7d4546a5-f4cc-3733-763f-d1c5a5904dff_120251_3.png,2833970,445734,14993,212883,0.9613495400806267,0.9255756168011062,0.9947373833917815,0.9301302031965442,0.9350332708020914,0.9613495400806266,0.9674579523231762,0.6767726918679596,0.005262616608218499,0.9,0.75
HistoKit (no postprocessing),gaussian,c38dfb82-e376-0eab-4312-72ca49852e8b_104329_4.png,5032544,144957,6847,21272,0.9972140668471379,0.9944436134158706,0.9986413040782111,0.9957909033490733,0.9945983379501385,0.9972140668471379,0.9548957866722879,0.8720319559162361,0.0013586959217889623,0.9,0.75
HistoKit (no postprocessing),gaussian,7ea29210-064a-9e70-4612-3ab81fa629dc_120503_3.png,3680175,233916,4733,766249,0.905183800144921,0.8267906524079021,0.9987155717320487,0.8276707304566546,0.8354386367085422,0.905183800144921,0.9801675263671752,0.23387741022731248,0.0012844282679513302,0.9,0.75
HistoKit (no postprocessing),gaussian,228e0715-eef2-126e-c558-f7684e2bcfa8_110725_12.png,2207562,6119734,448904,138168,0.8826371457655797,0.7899288422025925,0.8310145885548695,0.9410980803417273,0.9341431720117456,0.8826371457655797,0.9316595007975779,0.9779210348771841,0.1689854114451305,0.9,0.75
HistoKit (no postprocessing),gaussian,5fe08b37-e6eb-942a-a4ce-507361c4911e_102333_4.png,4554285,514346,14342,2741227,0.7677396564554748,0.6230336474572543,0.9968607636386162,0.6242584482076103,0.6478146008537614,0.7677396564554748,0.9728724692067912,0.15798939234352907,0.003139236361383847,0.9,0.75
HistoKit (no postprocessing),gaussian,7e6be544-b3c1-c3b1-a8a1-838402bd2649_124526_2.png,49822405,1386513,62309,121968,0.9981540750743318,0.996314952469752,0.9987509400174169,0.9975579230917565,0.9964143696456311,0.9981540750743317,0.9569933366555726,0.9191451533032235,0.0012490599825830415,0.9,0.75
HistoKit (no postprocessing),gaussian,be2180cd-04c9-2627-2456-4397fd5e59ee_103647_6.png,3752901,361368,9009,85449,0.9875717409667564,0.975448612931624,0.9976052058661691,0.9777380905857986,0.9775566341081282,0.9875717409667565,0.9756761353971763,0.8087606335479626,0.002394794133830953,0.9,0.75
HistoKit (no postprocessing),gaussian,228e0715-eef2-126e-c558-f7684e2bcfa8_110725_1.png,7668146,562824,18567,2316062,0.8678830039475588,0.7666018679816351,0.9975845332068467,0.7680274689790116,0.7790348658888152,0.8678830039475589,0.968064521122618,0.19550062072621147,0.0024154667931533284,0.9,0.75
HistoKit (no postprocessing),gaussian,6f1702fd-ae84-1c96-04ae-a23a14a5d2d4_111419_1.png,2962570,787390,973,41689,0.9928513043830878,0.9858040909986318,0.9996716767733757,0.9861233668601809,0.988751317689978,0.9928513043830878,0.9987657969742365,0.9497164926382167,0.00032832322662434797,0.9,0.75
HistoKit (no postprocessing),gaussian,0f3058e5-e9f7-bd55-4b60-07a71af55b96_123333_1.png,18709856,803911,33862,189371,0.9940697254160109,0.9882093724906696,0.9981934213905693,0.9899799605560587,0.9886896184830521,0.9940697254160108,0.9595809366021584,0.8093482012157676,0.001806578609430637,0.9,0.75
HistoKit (no postprocessing),gaussian,9e7010fd-072a-6a7f-3911-83d91e8c9301_113642_4.png,6645038,228827,33823,1203192,0.9148477145217856,0.8430592892486259,0.9949358131573632,0.8466925663493552,0.847486955792713,0.9148477145217855,0.8712240624405102,0.15979327089933862,0.005064186842636791,0.9,0.75
HistoKit (no postprocessing),gaussian,deaaef3a-8172-327d-10b9-23d266fb17ca_123636_5.png,2210245,163499,216,614436,0.8779275738400227,0.7824161376503285,0.9999022828269759,0.7824759680827675,0.7943204314287665,0.8779275738400228,0.9986806340286474,0.2101705155315033,9.771717302408864e-05,0.9,0.75
HistoKit (no postprocessing),gaussian,9e7010fd-072a-6a7f-3911-83d91e8c9301_113642_7.png,2650478,3476399,132871,673997,0.8678959970031881,0.7666221431120865,0.9522621848715342,0.7972621240947819,0.8836317170591073,0.8678959970031881,0.9631861844638944,0.8376065801913841,0.04773781512846574,0.9,0.75
HistoKit (no postprocessing),gaussian,f761dbde-597d-9a8f-e1a1-2533f0d71b83_120113_2.png,3075217,464385,21004,31498,0.991535943624116,0.9832139651931647,0.993216246514703,0.9898613165353114,0.9853840534683851,0.991535943624116,0.9567274907342358,0.9364809844257618,0.006783753485297077,0.9,0.75
HistoKit (no postprocessing),gaussian,7e3642ed-4a56-9d3f-3ecf-de46d455c0fd_113100_2.png,2179449,1257096,0,146347,0.9675163059944576,0.9370765965716684,1.0,0.9370765965716684,0.9591539460301901,0.9675163059944577,1.0,0.8957228758132678,0.0,0.9,0.75
HistoKit (no postprocessing),gaussian,3e1fffa8-5bae-87b0-bc39-e4a1bc285608_122517_5.png,4992095,1796396,200382,661042,0.9205739758025687,0.8528365586581337,0.9614091694580448,0.883066339980793,0.8873943043811597,0.9205739758025686,0.8996473318516129,0.7310035899176297,0.038590830541955216,0.9,0.75
HistoKit (no postprocessing),gaussian,8e6bc805-8b70-bd59-8612-caf5bbe72e5e_125634_3.png,31273310,393745,25299,42531,0.9989167037321257,0.9978357519860477,0.9991916893175667,0.9986418694615291,0.9978626045123529,0.9989167037321258,0.9396268649592883,0.9025135464705828,0.0008083106824332034,0.9,0.75
HistoKit (no postprocessing),gaussian,1875292b-dccd-c5b5-17ad-67c30baa6d69_130951_1.png,9840591,350296,5749,2084045,0.9040100912333926,0.8248343200994771,0.9994161282263258,0.8252319819238089,0.8298307724140054,0.9040100912333926,0.9838531646280667,0.14389767086862523,0.000583871773674279,0.9,0.75
HistoKit (no postprocessing),gaussian,54b22c23-34e4-1c55-9de2-c8e205e762bc_131621_2.png,20966813,1724003,70286,335733,0.9904104297520681,0.9810030322607692,0.9966589499816491,0.9842397711522369,0.9824210113636782,0.9904104297520681,0.9608279379743174,0.8370019264604784,0.0033410500183509145,0.9,0.75
HistoKit (no postprocessing),gaussian,7d4546a5-f4cc-3733-763f-d1c5a5904dff_120251_1.png,6514075,928867,32457,258217,0.978175700797608,0.957283655870334,0.995042107790812,0.9618715495433452,0.9624142186526975,0.9781757007976081,0.9662371895427556,0.7824779038383131,0.00495789220918801,0.9,0.75
HistoKit (no postprocessing),gaussian,be2180cd-04c9-2627-2456-4397fd5e59ee_103647_1.png,28915239,455953,8173,47295,0.9990417708643822,0.9980853763769038,0.9997174261459886,0.9983670282441447,0.9981150426178166,0.9990417708643822,0.9823905577364768,0.906020490891171,0.0002825738540114147,0.9,0.75
HistoKit (no postprocessing),gaussian,f761dbde-597d-9a8f-e1a1-2533f0d71b83_120113_3.png,10044585,14754611,358159,84785,0.9784267708624645,0.9577646936661629,0.9655707186488488,0.9916297854654337,0.982452200962359,0.9784267708624644,0.9763009031435005,0.994286492523011,0.0344292813511512,0.9,0.75
HistoKit (no postprocessing),gaussian,6f1702fd-ae84-1c96-04ae-a23a14a5d2d4_111419_2.png,6473723,565487,14712,145114,0.9878063108784192,0.9759064114850136,0.997732581123183,0.9780756045208546,0.9777989719734698,0.9878063108784192,0.9746431827700496,0.7957869465424338,0.002267418876816983,0.9,0.75
HistoKit (no postprocessing),gaussian,9601a588-d18f-b3b2-00f0-b816a7730c15_114312_2.png,5467103,420035,22652,46690,0.9936982144304728,0.9874753564787513,0.9958737685015088,0.9915321449318101,0.9883585607607177,0.9936982144304728,0.948830663651745,0.8999625046869142,0.0041262314984912805,0.9,0.75
HistoKit (no postprocessing),gaussian,f9a50b4c-7c73-18cd-0877-8296eed330e2_114604_5.png,4903538,3219781,414143,1127978,0.8641206950588662,0.7607504523587115,0.9221196231966529,0.8129859889288199,0.8404499950338525,0.8641206950588664,0.8860342153550818,0.7405610568571073,0.07788037680334717,0.9,0.75
HistoKit (no postprocessing),gaussian,1c7a4a4c-ace6-25f8-ee0c-f8914aeab226_121941_3.png,7017646,3860273,537500,119809,0.9552625842082011,0.9143566314069594,0.9288564377180798,0.9832140447820686,0.9430172511544636,0.9552625842082011,0.8777790486230189,0.9698978563758234,0.07114356228192016,0.9,0.75
HistoKit (no postprocessing),gaussian,9601a588-d18f-b3b2-00f0-b816a7730c15_114312_1.png,9501831,1024878,336017,57172,0.9797292354310502,0.9602639509571481,0.9658444611057215,0.994019041525565,0.9639933449927829,0.9797292354310502,0.753091164270572,0.9471632549327665,0.034155538894278505,0.9,0.75
HistoKit (no postprocessing),gaussian,2125a939-8f92-6ca7-9a29-e1755d6267ed_103351_7.png,938395,328027,17341,1428687,0.5648187773149176,0.3935522346496406,0.9818558681476893,0.3964353579639404,0.46689229294549206,0.5648187773149176,0.9497897894419866,0.18672760620112325,0.01814413185231068,0.25,1.25
HistoKit (no postprocessing),gaussian,54b22c23-34e4-1c55-9de2-c8e205e762bc_131621_1.png,26123847,1340920,131989,168492,0.9942817995106396,0.9886286228357444,0.9949729652485642,0.993591593353486,0.9891778024096886,0.9942817995106394,0.9103888970737499,0.8883724258187956,0.005027034751435833,0.9,0.75
HistoKit (no postprocessing),gaussian,228e0715-eef2-126e-c558-f7684e2bcfa8_110725_2.png,2868104,184770,61539,626093,0.8929562380134001,0.8066133143742955,0.9789943689384679,0.8208192039544422,0.8161660481229011,0.8929562380134001,0.7501552927420435,0.22786833287497396,0.02100563106153207,0.25,1.25
HistoKit (no postprocessing),gaussian,be2180cd-04c9-2627-2456-4397fd5e59ee_103647_4.png,4397454,437254,27347,450069,0.9485117215489881,0.902065901244546,0.9938196090626449,0.9071548500130892,0.9101270979367199,0.9485117215489882,0.9411387405537225,0.4927788415267045,0.006180390937355149,0.25,1.25
HistoKit (no postprocessing),gaussian,39bcf904-a619-148a-5bca-38122a540be1_104536_1.png,1675270,912333,1363,330350,0.9099157499498269,0.8347205731189552,0.9991870612113682,0.8352878411663226,0.8863730408081893,0.9099157499498268,0.9985082565754911,0.7341639018156682,0.0008129387886317399,0.25,1.25
HistoKit (no postprocessing),gaussian,be2180cd-04c9-2627-2456-4397fd5e59ee_103647_3.png,21808406,1450402,40161,269730,0.9929452706705532,0.9859893824556203,0.9981618474108622,0.9877829360232222,0.9868515865046263,0.9929452706705532,0.973056489393605,0.843192266640002,0.001838152589137768,0.9,0.75
HistoKit (no postprocessing),gaussian,9e7010fd-072a-6a7f-3911-83d91e8c9301_113642_3.png,3291889,270622,4029,477786,0.9318082714359573,0.8723230544844005,0.9987775788111234,0.8732553867375835,0.8808664286706858,0.9318082714359575,0.9853304739469363,0.3615968829836132,0.001222421188876665,0.25,1.25
HistoKit (no postprocessing),gaussian,c74350c8-f970-c60d-af8a-f9c4d9c5bab2_124242_3.png,307514,1908625,1518711,19154,0.2856751357359609,0.1666400235398799,0.1683877944941067,0.9413655454467533,0.5903400742247478,0.2856751357359609,0.5568829551581753,0.9900642137921412,0.8316122055058933,0.25,1.25
HistoKit (no postprocessing),gaussian,332605c9-e7e2-297a-c808-98d567218fe3_115336_3.png,9187528,264264,32717,53067,0.9953531908623876,0.9907493676477185,0.9964516127282952,0.9942571879841071,0.9910056811080719,0.9953531908623877,0.889834703230173,0.8327708291972735,0.0035483872717048193,0.9,0.75
HistoKit (no postprocessing),gaussian,10fd35f3-17d4-d309-f849-cc9e883460c1_123055_2.png,4873581,3651641,3655900,96368,0.7220424862383078,0.5649972541833274,0.5713807205854612,0.9806098613889197,0.6943782483227435,0.7220424862383079,0.49970858870309454,0.9742882154231753,0.4286192794145388,0.9,0.75
HistoKit (no postprocessing),gaussian,969ce636-2f0f-f223-bb1c-2b4624598a38_125938_1.png,21853059,771710,143538,2354443,0.9459359439083532,0.8974178926238879,0.9934745360839224,0.9027391178156259,0.9005689663750983,0.9459359439083532,0.8431703756795972,0.24685611996597737,0.006525463916077564,0.9,0.75
HistoKit (no postprocessing),gaussian,332605c9-e7e2-297a-c808-98d567218fe3_115336_2.png,5444283,468754,13114,183705,0.9822451813807098,0.9651098313769189,0.9975970229030433,0.9673586724065509,0.9677866385067013,0.9822451813807098,0.972785078071173,0.718442078352816,0.0024029770969566625,0.25,1.25
HistoKit (no postprocessing),gaussian,0502ebf6-5b9d-c3a6-85fe-a3909acf1f7b_112628_8.png,4011117,94888,528,52432,0.9934416436311004,0.9869687508381362,0.9998683831694978,0.987096993293301,0.9872660625900915,0.9934416436311003,0.9944663368827031,0.6440944881889764,0.00013161683050220047,0.25,1.25
HistoKit (no postprocessing),gaussian,3e1fffa8-5bae-87b0-bc39-e4a1bc285608_122517_10.png,3512519,1692751,315099,1717511,0.7755918534259667,0.633442251749238,0.9176775216335591,0.6716058990101396,0.7191705305973572,0.7755918534259668,0.8430664641282964,0.496369780386375,0.08232247836644095,0.25,1.25
HistoKit (no postprocessing),gaussian,7e6be544-b3c1-c3b1-a8a1-838402bd2649_124526_1.png,51766936,2597740,149844,259050,0.9960661620261289,0.9921631529388224,0.9971137655301426,0.9950207575114483,0.9925348302109941,0.9960661620261289,0.9454633598099276,0.9093213011806958,0.002886234469857337,0.9,0.75
HistoKit (no postprocessing),gaussian,def4a0a8-b472-78ea-531c-84458df3a3e9_124843_7.png,11365735,165673,59408,391190,0.980562648681731,0.9618665113787839,0.9948002401370382,0.9667268439664283,0.9623937761339796,0.980562648681731,0.7360594630377508,0.29751123705471544,0.00519975986296189,0.25,1.25
HistoKit (no postprocessing),gaussian,04e13be9-17d6-1bd0-76ee-d5d53a64912e_105258_2.png,3256185,114372,8000,913795,0.8760055769545066,0.7793682593023423,0.9975491585188953,0.7808634573786924,0.7852471092771516,0.8760055769545066,0.9346255679403785,0.1112387384539671,0.002450841481104778,0.25,1.25
HistoKit (no postprocessing),gaussian,b91bdd22-8eea-af27-bee7-880d6f1d7c1e_121440_5.png,3225765,799745,311871,4774759,0.5591472123804836,0.3880668567843564,0.9118419758279258,0.4031942157788665,0.44177438011268483,0.5591472123804836,0.719443584835051,0.14346478179942107,0.08815802417207423,0.25,1.25
HistoKit (no postprocessing),gaussian,d9d9ce51-54c1-b32b-5fae-fd9ffdaa32e5_111717_1.png,7402681,300094,7606,645629,0.9577429310046701,0.9189123868719584,0.9989735890121395,0.9197807987018393,0.9218245310860087,0.9577429310046701,0.9752811179720507,0.3173170156589192,0.0010264109878605242,0.25,1.25
HistoKit (no postprocessing),gaussian,cd7afea3-2dfd-f8a4-f2e6-1e02af01c417_132555_3.png,0,3998127,4623,106110,0.0,0.0,0.0,0.0,0.973050189103547,,0.9988450440322278,0.9741462298595329,1.0,0.25,1.25
HistoKit (no postprocessing),gaussian,be2180cd-04c9-2627-2456-4397fd5e59ee_103647_5.png,4965320,480736,15270,108810,0.9876595270678845,0.9756199159036428,0.9969340981690924,0.9785559297850075,0.9777240627517891,0.9876595270678845,0.9692140820877166,0.8154342494054747,0.0030659018309075834,0.25,1.25
HistoKit (no postprocessing),gaussian,19a1c0fb-3d0a-327d-ea5a-6aae35f53e51_121144_1.png,6543376,59871,3906,13995,0.9986339966422614,0.9972717201239941,0.9994034165627813,0.997865760531164,0.9972963902936469,0.9986339966422613,0.9387553506750083,0.8105352936398343,0.000596583437218681,0.25,1.25
HistoKit (no postprocessing),gaussian,0504f20c-cba2-27c1-e181-78505aa24ca7_112258_3.png,3463903,2235443,2630877,117999,0.7159278355948867,0.557544860359591,0.5683393001880298,0.9670568876535427,0.6746207663577023,0.7159278355948868,0.45937032500945274,0.9498610970654896,0.43166069981197025,0.25,1.25
HistoKit (no postprocessing),gaussian,b0f43f79-08e2-79bc-61fa-379c7ef1dd21_131900_10.png,5008604,182899,3493,416084,0.9597982520479247,0.9227039407860571,0.9993030861134571,0.923298077235041,0.9252234863876473,0.9597982520479247,0.9812599253186832,0.3053492336176486,0.0006969138865428981,0.25,1.25
HistoKit (no postprocessing),gaussian,def4a0a8-b472-78ea-531c-84458df3a3e9_124843_8.png,30051456,633918,188842,1217304,0.9771392044404257,0.9553002800404176,0.9937552864062384,0.961069642672111,0.9561832533952894,0.9771392044404257,0.7704774174728961,0.3424321880357947,0.006244713593761543,0.9,0.75
HistoKit (no postprocessing),gaussian,cbd7b0be-5303-525e-8ff2-6d1502e77bdd_110516_1.png,11620577,482168,19110,95705,0.9950841260321933,0.9902163472681611,0.99835820327471,0.9918314530155556,0.9906024607204712,0.9950841260321933,0.9618774412601391,0.8343840255557882,0.00164179672528995,0.25,1.25
HistoKit (no postprocessing),gaussian,d9d9ce51-54c1-b32b-5fae-fd9ffdaa32e5_111717_2.png,6592084,751366,5231,1788824,0.8802224402721204,0.7860690122116983,0.9992071016769701,0.7865596424635612,0.8036602989546928,0.8802224402721204,0.9930861475792264,0.2957912597089194,0.0007928983230298993,0.25,1.25
HistoKit (no postprocessing),gaussian,c0272a60-2518-4785-1810-6431c15f4b4b_130712_1.png,8107790,224962,48576,17622,0.9959342278220474,0.9919013827766814,0.9940444065408541,0.9978312484339256,0.9921183005018485,0.9959342278220475,0.822415898339536,0.9273571216568282,0.005955593459145899,0.25,1.25
HistoKit (no postprocessing),gaussian,6f1702fd-ae84-1c96-04ae-a23a14a5d2d4_111419_5.png,2298984,936309,24334,235904,0.9464333130377757,0.8983136281260476,0.9895261862560355,0.906937111225427,0.9255512252644877,0.9464333130377757,0.974669049792691,0.7987532982486971,0.010473813743964451,0.25,1.25
HistoKit (no postprocessing),gaussian,e398b039-2e70-a00a-855c-e3ff4eba631e_115619_4.png,5044360,185837,990,536157,0.949449113187658,0.9037630876392343,0.9998037797179581,0.903923417848203,0.9068640608224514,0.9494491131876579,0.9947009800510633,0.257394105768192,0.00019622028204188015,0.25,1.25
HistoKit (no postprocessing),gaussian,2125a939-8f92-6ca7-9a29-e1755d6267ed_103351_8.png,6813399,209012,0,1352539,0.9097063508218021,0.8343682011790929,1.0,0.8343682011790929,0.8385018418020406,0.9097063508218021,1.0,0.1338489745131603,0.0,0.25,1.25
HistoKit (no postprocessing),gaussian,deaaef3a-8172-327d-10b9-23d266fb17ca_123636_1.png,3627585,3645739,440598,102600,0.930344656728177,0.8697611455690694,0.8916966124680232,0.9724946617929138,0.9305064324004974,0.930344656728177,0.8921777621375819,0.9726278759738647,0.10830338753197681,0.25,1.25
HistoKit (no postprocessing),gaussian,04e13be9-17d6-1bd0-76ee-d5d53a64912e_105258_4.png,7998881,388612,28418,730833,0.9546905525465667,0.9133090252578975,0.9964598303862856,0.9162821370780303,0.916992210561485,0.9546905525465668,0.931856221374961,0.3471470237483753,0.0035401696137144015,0.25,1.25
HistoKit (no postprocessing),gaussian,8e6bc805-8b70-bd59-8612-caf5bbe72e5e_125634_2.png,7180635,1492290,216517,55631,0.981402294392192,0.9634837080322881,0.9707296808285134,0.9923121952675593,0.9695756535469302,0.981402294392192,0.8732934731657818,0.9640608273936461,0.02927031917148654,0.25,1.25
HistoKit (no postprocessing),gaussian,7ea29210-064a-9e70-4612-3ab81fa629dc_120503_2.png,8469906,44461,24399,317939,0.9801912377800216,0.9611520062313299,0.9971276049070524,0.9638205953791856,0.9613470246553317,0.9801912377800216,0.6456723787394714,0.12268487858719647,0.002872395092947569,0.25,1.25
HistoKit (no postprocessing),gaussian,0502ebf6-5b9d-c3a6-85fe-a3909acf1f7b_112628_7.png,4997683,904612,222,236793,0.9768367694674387,0.9547223163590335,0.9999555813886019,0.9547628072036246,0.9613938699951623,0.9768367694674387,0.9997546511293784,0.7925425243449958,4.4418611398175835e-05,0.25,1.25
HistoKit (no postprocessing),gaussian,f4c75e72-7c5b-0601-d74f-78529d4dec70_114117_1.png,4373709,8482016,10290063,167638,0.4554732516887815,0.29489502346708774,0.2982662987395058,0.9630862825500892,0.5514301072695192,0.45547325168878156,0.4518421214826552,0.9806191091574299,0.7017337012604943,0.25,1.25
HistoKit (no postprocessing),gaussian,9e7010fd-072a-6a7f-3911-83d91e8c9301_113642_1.png,8242144,270332,75485,54406,0.9921819188296936,0.9844851341400269,0.9909246974107645,0.9934423344643255,0.984970436918497,0.9921819188296936,0.7817198113453069,0.832461861562244,0.009075302589235466,0.25,1.25
HistoKit (no postprocessing),gaussian,24aa9d72-799e-9634-ead4-94165f32d151_102546_1.png,6244779,394570,34886,92973,0.9898664679149465,0.9799362524593426,0.9944446081120569,0.9853302874583922,0.9811060927933647,0.9898664679149464,0.9187669982489475,0.8093029743017539,0.005555391887943067,0.25,1.25
HistoKit (no postprocessing),gaussian,e16fa7c2-3d43-e563-886f-5b0ebdd4e8c5_105048_1.png,41991144,447510,1003660,81299,0.9872458667905404,0.9748129722876742,0.9766562489737132,0.9980676425184057,0.9750719454287952,0.9872458667905405,0.3083787564516907,0.8462601808970724,0.023343751026286805,0.9,0.75
HistoKit (no postprocessing),gaussian,e398b039-2e70-a00a-855c-e3ff4eba631e_115619_1.png,14219583,375751,1071,2011459,0.9339107417859419,0.8760155255203066,0.9999246870080659,0.8760733291183647,0.8788206598994308,0.9339107417859419,0.9971578092574213,0.1574017367554593,7.531299193412624e-05,0.25,1.25
HistoKit (no postprocessing),gaussian,b1a83861-bd20-5668-5a83-92a470ead44d_110338_5.png,2699167,2334168,2,175371,0.9685356621724106,0.9389909342016461,0.9999992590312056,0.9389915875177159,0.9663308060271376,0.9685356621724105,0.9999991431643797,0.93011824084025,7.409687944697054e-07,0.25,1.25
HistoKit (no postprocessing),gaussian,b91bdd22-8eea-af27-bee7-880d6f1d7c1e_121440_6.png,5477010,393640,114563,823485,0.9211198590522691,0.8537740422611924,0.9795114898795027,0.8692983646523011,0.8622279913134641,0.9211198590522692,0.774572365767223,0.32341789052069425,0.020488510120497398,0.25,1.25
HistoKit (no postprocessing),gaussian,d9d9ce51-54c1-b32b-5fae-fd9ffdaa32e5_111717_5.png,9064819,225835,6089,999101,0.9474680409983304,0.9001798310210051,0.9993287331323392,0.9007244691929188,0.9023693443684656,0.9474680409983304,0.9737457098014867,0.18436473415753965,0.000671266867660878,0.25,1.25
HistoKit (no postprocessing),gaussian,40f80889-968b-7602-00a3-4e00b00e88fe_110004_3.png,21088296,9010920,121041,1184000,0.9699863848259793,0.9417219059401464,0.9942930323564569,0.946839786971222,0.9584438186198769,0.9699863848259792,0.9867453441818247,0.8838637282097358,0.00570696764354303,0.25,1.25
HistoKit (no postprocessing),gaussian,0502ebf6-5b9d-c3a6-85fe-a3909acf1f7b_112628_2.png,8274063,2891955,271897,412490,0.9602851307873669,0.9236043065485658,0.968184147831256,0.9525139603707017,0.9422477965942936,0.9602851307873669,0.914061403630764,0.8751711709530647,0.03181585216874406,0.25,1.25
HistoKit (no postprocessing),gaussian,59c3e1ff-f1eb-ac9b-3a83-925048a454e4_130514_4.png,1778588,1074355,0,71377,0.9803290733248212,0.9614171078912304,1.0,0.9614171078912304,0.9755919324834491,0.9803290733248212,1.0,0.9377018360314628,0.0,0.25,1.25
HistoKit (no postprocessing),gaussian,2125a939-8f92-6ca7-9a29-e1755d6267ed_103351_5.png,4153816,952386,2747,39123,0.9949853296639728,0.9900207022165147,0.9993391174390958,0.9906693133384483,0.9918668581169805,0.9949853296639729,0.997123960746828,0.9605419617976236,0.0006608825609042856,0.25,1.25
HistoKit (no postprocessing),gaussian,6247d1f0-d194-53f2-2d84-7b4b827443da_115125_1.png,2663627,454704,246068,13961,0.9534605639270465,0.9110603299430576,0.9154316861389252,0.9947859790229117,0.9230309972886253,0.9534605639270464,0.6488615412716261,0.9702111316185335,0.08456831386107479,0.25,1.25
HistoKit (no postprocessing),gaussian,0e99786b-efbd-e936-5e70-bad7ef5912da_122209_3.png,9726938,1755958,61206,198078,0.9868471619973662,0.9740358265618368,0.993746924851126,0.9800425510649051,0.9779185807064787,0.9868471619973663,0.9663178447294796,0.8986313455842164,0.006253075148873985,0.25,1.25
HistoKit (no postprocessing),gaussian,7e3642ed-4a56-9d3f-3ecf-de46d455c0fd_113100_1.png,557846,1941906,1716864,96584,0.3808940508135494,0.23524961476729583,0.2452382941122165,0.8524150787708388,0.5795585644069369,0.3808940508135494,0.5307537779089694,0.952619831345751,0.7547617058877835,0.25,1.25
HistoKit (no postprocessing),gaussian,66e65946-ef0a-6028-f7a7-e909aade97a4_112429_4.png,9078689,971167,23086,52466,0.9958562885943181,0.9917467761663692,0.9974635716659662,0.9942541770455107,0.992538374749936,0.9958562885943181,0.9767805578660562,0.9487453022714195,0.0025364283340337463,0.25,1.25
HistoKit (no postprocessing),gaussian,0e99786b-efbd-e936-5e70-bad7ef5912da_122209_4.png,5240760,253210,12196,28321,0.9961493197562411,0.9923281812334404,0.997678259631339,0.994625058904959,0.9926791769499143,0.9961493197562412,0.9540477607891306,0.8994036180740309,0.0023217403686609977,0.25,1.25
HistoKit (no postprocessing),gaussian,728c532f-2f31-cf1c-4143-7abb9ca2b76d_102101_5.png,4828807,1829614,588829,76462,0.9355519594532741,0.8789080573371644,0.8913125577281309,0.9844122717836677,0.9091593170239354,0.9355519594532741,0.75652558278198,0.9598851252520886,0.10868744227186913,0.25,1.25
HistoKit (no postprocessing),gaussian,59c3e1ff-f1eb-ac9b-3a83-925048a454e4_130514_1.png,4973826,709353,118673,89269,0.9795243882337163,0.9598704534822864,0.9766965099060403,0.9823686895071098,0.9647024734341733,0.9795243882337163,0.8566796211713159,0.8882212110360095,0.023303490093959763,0.25,1.25
HistoKit (no postprocessing),gaussian,0502ebf6-5b9d-c3a6-85fe-a3909acf1f7b_112628_5.png,2742817,844068,93,11510,0.9978893032990938,0.9957874979124461,0.9999660944033891,0.9958211207311259,0.9967755901923252,0.9978893032990938,0.9998898314421064,0.9865471061668253,3.3905596610898646e-05,0.25,1.25
HistoKit (no postprocessing),gaussian,f761dbde-597d-9a8f-e1a1-2533f0d71b83_120113_1.png,9251929,1003510,5661,119140,0.9933005913093369,0.9866903494075226,0.9993885017590971,0.9872864024371178,0.9879770602606491,0.9933005913093368,0.9943904452268247,0.8938760967354028,0.00061149824090287,0.25,1.25
HistoKit (no postprocessing),gaussian,228e0715-eef2-126e-c558-f7684e2bcfa8_110725_7.png,7208270,366199,1154,2025486,0.8767489013682268,0.7805457768402724,0.9998399317337974,0.780643326507653,0.7889160512603284,0.8767489013682269,0.9968586073885336,0.15311339076843314,0.00016006826620268137,0.25,1.25
HistoKit (no postprocessing),gaussian,c38dfb82-e376-0eab-4312-72ca49852e8b_104329_1.png,3513626,810319,42671,77122,0.9832388070874046,0.9670302269019896,0.9880012833573799,0.9785220238234484,0.9730422900720069,0.9832388070874047,0.9499747945462432,0.9130961945639203,0.011998716642620118,0.25,1.25
HistoKit (no postprocessing),gaussian,7d4546a5-f4cc-3733-763f-d1c5a5904dff_120251_4.png,3286410,261023,5624,168479,0.9741951997970038,0.9496886733267582,0.9982916336830057,0.951234612747327,0.9532174349515898,0.9741951997970038,0.9789084444977817,0.6077340734152576,0.0017083663169942958,0.25,1.25
HistoKit (no postprocessing),gaussian,59c3e1ff-f1eb-ac9b-3a83-925048a454e4_130514_3.png,2348157,404655,7824,69452,0.9838117643115559,0.968139297189409,0.9966790903661786,0.9712724431452728,0.972694841997846,0.9838117643115558,0.981031761616955,0.8535098616978868,0.003320909633821325,0.25,1.25
HistoKit (no postprocessing),gaussian,c0272a60-2518-4785-1810-6431c15f4b4b_130712_3.png,33230403,2121722,166466,363008,0.9920962563524142,0.9843164712952005,0.9950155207663329,0.9891940714207319,0.9852438571647825,0.9920962563524142,0.9272498588402701,0.8539044483706479,0.004984479233667084,0.25,1.25
HistoKit (no postprocessing),gaussian,7e3642ed-4a56-9d3f-3ecf-de46d455c0fd_113100_4.png,8164068,3779195,820,99821,0.9938741027405753,0.9878228017465588,0.9998995699634826,0.9879208203304763,0.9916438224681964,0.9938741027405752,0.9997830696439035,0.9742664118941505,0.00010043003651734108,0.25,1.25
HistoKit (no postprocessing),gaussian,7e3642ed-4a56-9d3f-3ecf-de46d455c0fd_113100_3.png,3820206,1512180,41643,113883,0.9800503800825506,0.9608811660343303,0.9892168233403222,0.9710522563165195,0.9716602598583942,0.9800503800825506,0.9731996501532028,0.9299639681857345,0.010783176659677787,0.25,1.25
HistoKit (no postprocessing),gaussian,b0f43f79-08e2-79bc-61fa-379c7ef1dd21_131900_5.png,7423030,146788,23994,426229,0.9705665095239151,0.9428161396566324,0.9967780418056931,0.9456981862873935,0.9438627558138418,0.970566509523915,0.859505100069094,0.25616692000411856,0.00322195819430688,0.25,1.25
HistoKit (no postprocessing),gaussian,3e1fffa8-5bae-87b0-bc39-e4a1bc285608_122517_7.png,3575749,351973,22,2610768,0.73256371866923,0.5779885975017696,0.9999938474807252,0.5779906528988767,0.6007057874941577,0.73256371866923,0.9999374991122033,0.11879978708905031,6.152519274864078e-06,0.25,1.25
HistoKit (no postprocessing),gaussian,66e65946-ef0a-6028-f7a7-e909aade97a4_112429_5.png,13326944,461413,17875,16808,0.9987004549625381,0.9974042831759935,0.998660528853932,0.9987403842637363,0.9974909281894576,0.9987004549625381,0.9627050958922402,0.9648530700241101,0.0013394711460679985,0.25,1.25
HistoKit (no postprocessing),gaussian,cbd7b0be-5303-525e-8ff2-6d1502e77bdd_110516_5.png,4547621,503746,137049,109059,0.973653915119335,0.9486604269870074,0.9707452179128946,0.976580095690492,0.9535423951977121,0.9736539151193351,0.7861266083536856,0.8220331100431622,0.02925478208710539,0.25,1.25
HistoKit (no postprocessing),gaussian,1875292b-dccd-c5b5-17ad-67c30baa6d69_130951_13.png,11104085,341967,49773,1568002,0.9321002797580537,0.8728350256959281,0.9955375978428271,0.8762633179522836,0.8761637765105126,0.9321002797580538,0.8729437892479706,0.1790432200732054,0.004462402157172881,0.25,1.25
HistoKit (no postprocessing),gaussian,1875292b-dccd-c5b5-17ad-67c30baa6d69_130951_12.png,7143449,279180,6965,1037766,0.9318577954110421,0.8724098639746561,0.9990259305265401,0.8731525818597848,0.8766166786341906,0.9318577954110422,0.9756591937653987,0.211990468857493,0.0009740694734598584,0.25,1.25
HistoKit (no postprocessing),gaussian,6f1702fd-ae84-1c96-04ae-a23a14a5d2d4_111419_3.png,4543788,344860,16594,74502,0.990075252716297,0.980345570676634,0.996361269735737,0.9838680550593402,0.9817066901431077,0.9900752527162971,0.9540909769984562,0.8223444184260853,0.00363873026426295,0.25,1.25
HistoKit (no postprocessing),gaussian,e398b039-2e70-a00a-855c-e3ff4eba631e_115619_3.png,16584133,539088,23485,4227694,0.8863911797729763,0.7959627866383763,0.9985858899211193,0.7968609867841012,0.8011088498390598,0.8863911797729763,0.9582543065522163,0.11309264824781162,0.001414110078880668,0.25,1.25
HistoKit (no postprocessing),gaussian,04e13be9-17d6-1bd0-76ee-d5d53a64912e_105258_3.png,9047257,317457,2,1808784,0.9091213014927173,0.8333844108760439,0.9999997789385714,0.8333845644098065,0.838118226160111,0.9091213014927173,0.9999936999738549,0.14930433567972776,2.2106142866032684e-07,0.25,1.25
HistoKit (no postprocessing),gaussian,b91bdd22-8eea-af27-bee7-880d6f1d7c1e_121440_1.png,5061969,1314470,70122,693551,0.9298585337040421,0.8689117868897539,0.9863365634007659,0.8794981165906817,0.8930446749294689,0.9298585337040421,0.9493554780036285,0.65460968784689,0.013663436599234113,0.25,1.25
HistoKit (no postprocessing),gaussian,b91bdd22-8eea-af27-bee7-880d6f1d7c1e_121440_2.png,9040070,1021679,2273,1872813,0.90603534131861,0.8282126247210759,0.9997486270980873,0.8283851297590197,0.842915982335351,0.90603534131861,0.9977801693829398,0.35297350968667385,0.0002513729019127012,0.25,1.25
HistoKit (no postprocessing),gaussian,b1a83861-bd20-5668-5a83-92a470ead44d_110338_3.png,847376,1707168,39459,89668,0.9292019920181108,0.8677658952404652,0.9555058156252291,0.9043075885444013,0.9518841914675831,0.9292019920181109,0.9774084564134186,0.9500967255776265,0.044494184374770956,0.25,1.25
HistoKit (no postprocessing),gaussian,3e1fffa8-5bae-87b0-bc39-e4a1bc285608_122517_3.png,10497098,486497,22233,1614596,0.9276732273505066,0.8651031113010652,0.9978864625516585,0.8666911498919969,0.8703031688951179,0.9276732273505066,0.9562970534468186,0.23154472457906433,0.0021135374483415344,0.25,1.25
HistoKit (no postprocessing),gaussian,c74350c8-f970-c60d-af8a-f9c4d9c5bab2_124242_5.png,0,5540114,5560750,1850,0.0,0.0,0.0,0.0,0.4989873647110067,,0.4990705227989461,0.9996661833241789,1.0,0.25,1.25
HistoKit (no postprocessing),gaussian,c74350c8-f970-c60d-af8a-f9c4d9c5bab2_124242_4.png,0,2720222,917156,1278,0.0,0.0,0.0,0.0,0.7475897694093644,,0.7478524365628209,0.9995304060260886,1.0,0.25,1.25
HistoKit (no postprocessing),gaussian,0504f20c-cba2-27c1-e181-78505aa24ca7_112258_4.png,9869759,1355775,419930,207896,0.9691748713037891,0.9401932920762252,0.9591892427458206,0.9793705976241497,0.9470339211835294,0.9691748713037891,0.7635136466924405,0.8670462008952011,0.0408107572541794,0.25,1.25
HistoKit (no postprocessing),gaussian,5fe08b37-e6eb-942a-a4ce-507361c4911e_102333_2.png,8933080,68370,14614,255346,0.9851147875069199,0.9706662146421182,0.9983667300200476,0.972210039020829,0.9708825302731732,0.9851147875069199,0.8238937626530416,0.21120364764176006,0.0016332699799523765,0.25,1.25
HistoKit (no postprocessing),gaussian,cbd7b0be-5303-525e-8ff2-6d1502e77bdd_110516_4.png,3236734,341782,455,81499,0.9874982876769794,0.9753053013721085,0.9998594459575885,0.9754390363786991,0.9776110718022549,0.9874982876769793,0.9986705119551655,0.8074588748372831,0.00014055404241148726,0.25,1.25
HistoKit (no postprocessing),gaussian,7e6be544-b3c1-c3b1-a8a1-838402bd2649_124526_4.png,4603217,474489,18105,87549,0.9886541020660458,0.9775627746013853,0.9960822898728978,0.9813358841604974,0.9796166965057415,0.9886541020660456,0.9632455937343939,0.8442293937420602,0.003917710127102158,0.25,1.25
HistoKit (no postprocessing),gaussian,66e65946-ef0a-6028-f7a7-e909aade97a4_112429_3.png,4704309,170216,12132,3781,0.9983115340169182,0.9966287602574625,0.9974277214535282,0.9991969142476036,0.9967460992246502,0.9983115340169181,0.9334678746133767,0.9782697402828784,0.0025722785464717996,0.25,1.25
HistoKit (no postprocessing),gaussian,24aa9d72-799e-9634-ead4-94165f32d151_102546_6.png,8292557,118294,2873,31600,0.997925760730396,0.9958601085861346,0.9996536647286518,0.996203819798209,0.9959180962151364,0.9979257607303961,0.9762889235517922,0.7891843569455749,0.00034633527134820017,0.25,1.25
HistoKit (no postprocessing),gaussian,0f3058e5-e9f7-bd55-4b60-07a71af55b96_123333_3.png,30682041,1532354,101238,447196,0.9911417911040799,0.9824391399746562,0.9967112665288191,0.9856342126214015,0.9832604809554144,0.9911417911040799,0.9380273654621227,0.7740920916369882,0.0032887334711808967,0.25,1.25
HistoKit (no postprocessing),gaussian,def4a0a8-b472-78ea-531c-84458df3a3e9_124843_6.png,16516984,7853519,2128582,83414,0.9372411547603011,0.881894475833708,0.8858397755262565,0.9949751807155467,0.9167875074499203,0.9372411547603011,0.7867601219422644,0.9894903988732171,0.11416022447374352,0.25,1.25
HistoKit (no postprocessing),gaussian,84acf623-2a5d-c4c6-c1db-583a94b80fc7_105804_1.png,45317637,3736185,55070,859268,0.9900126501901505,0.9802228219754834,0.9987862747532343,0.9813918234667308,0.9817015875709652,0.9900126501901505,0.9854744668981643,0.8130177808368403,0.0012137252467656382,0.25,1.25
HistoKit (no postprocessing),gaussian,b91bdd22-8eea-af27-bee7-880d6f1d7c1e_121440_4.png,6482953,244400,31359,223479,0.9807243828335228,0.9621778116893207,0.9951861378454087,0.9666769155342215,0.9635017145764131,0.9807243828335228,0.8862811367897331,0.5223572761333592,0.004813862154591306,0.25,1.25
HistoKit (no postprocessing),gaussian,9e7010fd-072a-6a7f-3911-83d91e8c9301_113642_6.png,6740279,1648378,29895,1146248,0.91975390642137,0.851429976825389,0.9955843084682905,0.8546574430037455,0.8770342296754767,0.91975390642137,0.982187045850109,0.589838497172788,0.004415691531709525,0.25,1.25
HistoKit (no postprocessing),gaussian,1875292b-dccd-c5b5-17ad-67c30baa6d69_130951_4.png,3915313,146273,6806,142243,0.9813214197320066,0.9633278236535033,0.9982647135387784,0.9649436754538939,0.9646017762166514,0.9813214197320067,0.9555392967030095,0.5069840147513482,0.0017352864612216,0.25,1.25
HistoKit (no postprocessing),gaussian,969ce636-2f0f-f223-bb1c-2b4624598a38_125938_4.png,14941781,755430,85811,4566998,0.8652779992431747,0.762546243631533,0.9942897704435947,0.7659003672141654,0.7713609618074085,0.8652779992431747,0.897994748235048,0.1419333432035154,0.005710229556405311,0.25,1.25
HistoKit (no postprocessing),gaussian,35ce6eab-4a33-9fbb-2efe-2acf7936ba3e_104917_2.png,7202492,4508118,882146,197544,0.9302736370168335,0.8696370111161528,0.8908861472832798,0.973304994732458,0.9155852481958985,0.9302736370168335,0.8363445649415316,0.9580199342834228,0.10911385271672028,0.25,1.25
HistoKit (no postprocessing),gaussian,859ead5f-592a-5c4e-67de-d71b0ee92f6d_113334_2.png,12698228,598244,41834,310438,0.9863188581587409,0.9730070112256235,0.996716342510735,0.9761360619144192,0.9741901525883994,0.9863188581587408,0.9346423404647558,0.6583645323666585,0.003283657489264966,0.25,1.25
HistoKit (no postprocessing),gaussian,d9d9ce51-54c1-b32b-5fae-fd9ffdaa32e5_111717_3.png,10795514,733333,28676,1127227,0.9491842218187587,0.9032831839103262,0.9973507486472429,0.9054557169362314,0.9088745935079524,0.9491842218187588,0.9623678985418808,0.39414638603431223,0.0026492513527571118,0.25,1.25
HistoKit (no postprocessing),gaussian,6b809376-ab46-9021-2fa3-0d0025b512da_132412_1.png,3742035,440513,6505,77660,0.9888791772454212,0.9780029794574251,0.9982646577067338,0.9796685337441864,0.9802740423365714,0.9888791772454212,0.9854480132791074,0.8501272740957171,0.0017353422932661782,0.25,1.25
HistoKit (no postprocessing),gaussian,c38dfb82-e376-0eab-4312-72ca49852e8b_104329_5.png,2600440,527584,2568,91486,0.9822369835015885,0.9650940028072061,0.9990134490558615,0.966014667565156,0.9708095210606323,0.9822369835015885,0.9951561061733238,0.8522202658826951,0.0009865509441384737,0.25,1.25
HistoKit (no postprocessing),gaussian,cbd7b0be-5303-525e-8ff2-6d1502e77bdd_110516_2.png,9597661,747812,32213,37414,0.9963858196562057,0.9927976698325321,0.9966548887347851,0.9961168958207383,0.993314802546303,0.9963858196562057,0.9587026056857152,0.952352571106917,0.0033451112652148926,0.25,1.25
HistoKit (no postprocessing),gaussian,e3dca99c-de77-4ab1-72a1-8daf3d4d032c_120923_2.png,9082836,1121237,186307,239316,0.9771063285263345,0.9552374364762997,0.9799002993049087,0.9743282452377949,0.9599590618584012,0.9771063285263345,0.8575137815629914,0.8241038754094843,0.02009970069509123,0.25,1.25
HistoKit (no postprocessing),gaussian,8e6bc805-8b70-bd59-8612-caf5bbe72e5e_125634_1.png,64573858,1028367,142356,107777,0.9980669462287584,0.9961413514326818,0.99780030395474,0.9983337310505525,0.9962016090600735,0.9980669462287584,0.8784033456248831,0.9051379050542889,0.0021996960452600025,0.25,1.25
HistoKit (no postprocessing),gaussian,b0f43f79-08e2-79bc-61fa-379c7ef1dd21_131900_4.png,12834471,194975,12763,698123,0.9730519092088091,0.947518105281389,0.9990065565864217,0.9484117383555585,0.9482628221792603,0.9730519092088091,0.9385620348708469,0.21831310785602476,0.0009934434135783624,0.25,1.25
HistoKit (no postprocessing),gaussian,7e6be544-b3c1-c3b1-a8a1-838402bd2649_124526_3.png,50301034,513466,35641,56299,0.9990869367321241,0.9981755393122859,0.9992919476703617,0.9988820098951626,0.9981939416702484,0.9990869367321242,0.935092796121703,0.901189086728739,0.00070805232963838,0.25,1.25
HistoKit (no postprocessing),gaussian,24aa9d72-799e-9634-ead4-94165f32d151_102546_7.png,10986866,598082,10805,70767,0.996301479226947,0.9926302157540206,0.9990175192547586,0.9936001674137674,0.9930080263866174,0.9963014792269469,0.9822545069939086,0.8941958498854001,0.0009824807452414243,0.25,1.25
HistoKit (no postprocessing),gaussian,7ea29210-064a-9e70-4612-3ab81fa629dc_120503_4.png,2758472,176406,4777,527952,0.9119408602745966,0.8381353797595468,0.9982712379521353,0.8393536561320146,0.8463698452563972,0.9119408602745966,0.9736343917475702,0.25044934536130775,0.0017287620478646695,0.25,1.25
HistoKit (no postprocessing),gaussian,859ead5f-592a-5c4e-67de-d71b0ee92f6d_113334_1.png,20239824,372540,9218,360058,0.9909599577212854,0.9820818958615369,0.9995447685870769,0.9825213561902928,0.9824000411788593,0.9909599577212854,0.975853813148644,0.508518996775858,0.00045523141292313975,0.25,1.25
HistoKit (no postprocessing),gaussian,7ea29210-064a-9e70-4612-3ab81fa629dc_120503_1.png,8757734,155993,5140,1028653,0.9442676988587309,0.8944196344451688,0.9994134344508434,0.8948894009607428,0.8960753031911471,0.9442676988587307,0.968100885603818,0.13167899946481904,0.0005865655491565895,0.25,1.25
HistoKit (no postprocessing),gaussian,19a1c0fb-3d0a-327d-ea5a-6aae35f53e51_121144_3.png,24681561,1521193,39298,170744,0.9957629898305462,0.9915617326855165,0.9984103303206414,0.9931296513542708,0.9920477180833108,0.9957629898305463,0.9748169005780872,0.8990837129278454,0.001589669679358634,0.25,1.25
HistoKit (no postprocessing),gaussian,5fe08b37-e6eb-942a-a4ce-507361c4911e_102333_3.png,13470988,1653733,28969,1705305,0.9395222876073406,0.8859425112174982,0.9978541413131908,0.8876336269996896,0.8971306415358685,0.9395222876073407,0.982784236305656,0.4923233973536471,0.0021458586868091504,0.25,1.25
HistoKit (no postprocessing),gaussian,f761dbde-597d-9a8f-e1a1-2533f0d71b83_120113_5.png,3492126,671268,526725,32088,0.9259169846740019,0.862053464641161,0.8689364198871767,0.9908949910533242,0.8816627479481522,0.9259169846740019,0.5603271471536144,0.9543787214440482,0.1310635801128233,0.25,1.25
HistoKit (no postprocessing),gaussian,969ce636-2f0f-f223-bb1c-2b4624598a38_125938_5.png,12683018,272468,8361,1704938,0.9367303886893825,0.8809904644361471,0.9993412063417222,0.8815024177165958,0.8832010285787132,0.9367303886893825,0.9702274337764262,0.13779062064138572,0.0006587936582777963,0.25,1.25
HistoKit (no postprocessing),gaussian,969ce636-2f0f-f223-bb1c-2b4624598a38_125938_2.png,4523228,328774,6302,1268200,0.8765132073979954,0.780172239824897,0.9986086856693741,0.7810211920099844,0.7919691230104478,0.8765132073979954,0.9811923265169693,0.20587310751458696,0.001391314330625915,0.25,1.25
HistoKit (no postprocessing),gaussian,a40a1d35-8d5f-0529-214c-05d84888ba26_111152_2.png,2751066,3931795,0,131219,0.9767067594403402,0.9544739677027081,1.0,0.9544739677027081,0.9807429616323847,0.9767067594403402,1.0,0.9677040246477122,0.0,0.25,1.25
HistoKit (no postprocessing),gaussian,9e7010fd-072a-6a7f-3911-83d91e8c9301_113642_2.png,2600643,835412,96762,435539,0.9071609099155555,0.8300955906010449,0.9641277449993605,0.8565504307712779,0.8658635969151961,0.9071609099155554,0.8961974910263535,0.657312516375533,0.0358722550006395,0.25,1.25
HistoKit (no postprocessing),gaussian,04e13be9-17d6-1bd0-76ee-d5d53a64912e_105258_1.png,14083739,254021,57147,814551,0.9699819994892417,0.9417136389929629,0.9959587397847631,0.9453258729693139,0.9426871095603802,0.9699819994892417,0.8163467965857671,0.23772006004274865,0.004041260215236867,0.25,1.25
HistoKit (no postprocessing),gaussian,2125a939-8f92-6ca7-9a29-e1755d6267ed_103351_3.png,10169129,2440584,400924,754259,0.9462541619092075,0.8979908889829246,0.9620698212203855,0.9309500861820527,0.9160776078511599,0.9462541619092075,0.8589044971895204,0.7639135945021398,0.037930178779614444,0.25,1.25
HistoKit (no postprocessing),gaussian,40f80889-968b-7602-00a3-4e00b00e88fe_110004_1.png,8821052,897443,95309,2830971,0.8577292217025898,0.7508983316381966,0.9893107737562443,0.7570403868924735,0.7685779304099914,0.8577292217025898,0.9039951568971908,0.24070368794881683,0.01068922624375572,0.25,1.25
HistoKit (no postprocessing),gaussian,f9a50b4c-7c73-18cd-0877-8296eed330e2_114604_2.png,8621250,1654253,42759,2158704,0.8867790995076467,0.796588618768695,0.9950647558191594,0.7997483106143125,0.8235578264780076,0.8867790995076466,0.9748033602590906,0.4338504210773948,0.004935244180840533,0.25,1.25
HistoKit (no postprocessing),gaussian,c38dfb82-e376-0eab-4312-72ca49852e8b_104329_2.png,5768681,752509,15457,58844,0.9936011749565932,0.9872837191694241,0.9973276916975355,0.9899024028210948,0.9887345763946914,0.9936011749565932,0.9798728068690541,0.9274742313148531,0.0026723083024644293,0.25,1.25
HistoKit (no postprocessing),gaussian,0f3058e5-e9f7-bd55-4b60-07a71af55b96_123333_2.png,15229291,834671,40513,95753,0.9955461128618779,0.9911317240240624,0.9973468552707029,0.9937518613323394,0.9915886369006658,0.9955461128618779,0.9537091628731786,0.8970867045562023,0.002653144729297115,0.25,1.25
HistoKit (no postprocessing),gaussian,c0272a60-2518-4785-1810-6431c15f4b4b_130712_2.png,17040626,1506318,74121,252574,0.9905052457794126,0.9811890964645612,0.9956691734911419,0.9853946059722897,0.9826904075043503,0.9905052457794125,0.9531010054801229,0.8564016437620957,0.004330826508858121,0.25,1.25
HistoKit (no postprocessing),gaussian,0502ebf6-5b9d-c3a6-85fe-a3909acf1f7b_112628_1.png,7696164,2966672,366193,66150,0.9726791792385446,0.9468115116343013,0.9545799075878183,0.9914780566722758,0.9610332559754106,0.9726791792385446,0.8901266627961228,0.9781886309186626,0.0454200924121817,0.25,1.25
HistoKit (no postprocessing),gaussian,7d4546a5-f4cc-3733-763f-d1c5a5904dff_120251_3.png,2796094,448632,12095,250759,0.9551063852317371,0.9140704582098159,0.9956929537150099,0.9176990160011002,0.9250611532737671,0.9551063852317371,0.9737480112951922,0.6414609281503479,0.004307046284990077,0.25,1.25
HistoKit (no postprocessing),gaussian,c38dfb82-e376-0eab-4312-72ca49852e8b_104329_4.png,5028935,146170,5634,24881,0.9969752343908366,0.9939687120141517,0.998880936977922,0.9950767894992616,0.9941380661669503,0.9969752343908366,0.9628863534557719,0.854540458693606,0.0011190630220779575,0.25,1.25
HistoKit (no postprocessing),gaussian,7ea29210-064a-9e70-4612-3ab81fa629dc_120503_3.png,3883929,233273,5376,562495,0.9318750645564413,0.8724401365739701,0.9986177479009746,0.8734949703402105,0.878791429717317,0.9318750645564412,0.977473192848074,0.2931419710267314,0.0013822520990254042,0.25,1.25
HistoKit (no postprocessing),gaussian,228e0715-eef2-126e-c558-f7684e2bcfa8_110725_12.png,2043194,6093055,475583,302536,0.8400415499453491,0.7241996900024917,0.8111849520620523,0.8710269297830526,0.9127118153524737,0.8400415499453491,0.9275979282158645,0.9526961620904151,0.18881504793794765,0.25,1.25
HistoKit (no postprocessing),gaussian,7e6be544-b3c1-c3b1-a8a1-838402bd2649_124526_2.png,49837553,1372087,76735,106820,0.99816185197997,0.9963304491375921,0.9984626646382294,0.9978612205222799,0.9964284181981681,0.99816185197997,0.9470362818897007,0.927770982218625,0.0015373353617705616,0.25,1.25
HistoKit (no postprocessing),gaussian,5fe08b37-e6eb-942a-a4ce-507361c4911e_102333_4.png,4549409,514374,14314,2746103,0.7672348174228776,0.6223689866215694,0.9968635256784866,0.6235900921004585,0.6471949847907773,0.7672348174228776,0.972925430499652,0.1577603522429387,0.0031364743215133786,0.25,1.25
HistoKit (no postprocessing),gaussian,be2180cd-04c9-2627-2456-4397fd5e59ee_103647_6.png,3763914,359205,11172,74436,0.9887556682685715,0.9777613947913533,0.9970405972208315,0.9806072921958654,0.9796594077021389,0.9887556682685715,0.9698361399330951,0.8283464893771576,0.0029594027791684744,0.25,1.25
HistoKit (no postprocessing),gaussian,0f3058e5-e9f7-bd55-4b60-07a71af55b96_123333_1.png,18642632,804438,33335,256595,0.9922840052402657,0.9846861718979185,0.9982150857302329,0.9864229896810065,0.9853103308506865,0.9922840052402657,0.9602099852824094,0.758164920412466,0.001784914269767129,0.25,1.25
HistoKit (no postprocessing),gaussian,228e0715-eef2-126e-c558-f7684e2bcfa8_110725_1.png,7043346,552192,29199,2940862,0.8258718409066486,0.7033915629315777,0.9958715002873789,0.7054486444993935,0.7188932686163841,0.8258718409066487,0.9497773443345356,0.15808286960350457,0.004128499712621129,0.25,1.25
HistoKit (no postprocessing),gaussian,6f1702fd-ae84-1c96-04ae-a23a14a5d2d4_111419_1.png,2876929,787472,891,127330,0.9782014148398891,0.9573329118346838,0.9996903906429172,0.9576168366309297,0.9661919906597599,0.9782014148398891,0.9988698099733244,0.8608114105566013,0.00030960935708279185,0.25,1.25
HistoKit (no postprocessing),gaussian,9e7010fd-072a-6a7f-3911-83d91e8c9301_113642_4.png,6865559,216333,46317,982671,0.9302858665107148,0.8696583857186486,0.993298924922843,0.8747907489969076,0.8731348509656166,0.9302858665107148,0.8236550542547116,0.18042725462133571,0.006701075077157056,0.25,1.25
HistoKit (no postprocessing),gaussian,deaaef3a-8172-327d-10b9-23d266fb17ca_123636_5.png,2364740,163347,368,459941,0.9113048719321729,0.8370615872503451,0.9998444045684172,0.83717063979968,0.8459678703893326,0.9113048719321729,0.9977521913080658,0.2620730705548639,0.00015559543158282836,0.25,1.25
HistoKit (no postprocessing),gaussian,9e7010fd-072a-6a7f-3911-83d91e8c9301_113642_7.png,2912321,3449404,159866,412154,0.9105752343956895,0.8358312231782136,0.9479634540475563,0.8760243346693839,0.9175020137025518,0.9105752343956895,0.9557068326836174,0.8932674324715568,0.05203654595244365,0.25,1.25
HistoKit (no postprocessing),gaussian,f761dbde-597d-9a8f-e1a1-2533f0d71b83_120113_2.png,3036125,467729,17660,70590,0.9856748640532424,0.971754350870174,0.9942170126580621,0.9772782504993216,0.9754322257930171,0.9856748640532423,0.9636168104345175,0.8688695736171304,0.005782987341937956,0.25,1.25
HistoKit (no postprocessing),gaussian,3e1fffa8-5bae-87b0-bc39-e4a1bc285608_122517_5.png,4948115,1751144,245634,705022,0.9123567814762689,0.8388382936038711,0.9527058392694757,0.8752865886674955,0.8757298610507437,0.9123567814762689,0.8769848225491267,0.7129583261066231,0.04729416073052433,0.25,1.25
HistoKit (no postprocessing),gaussian,7e3642ed-4a56-9d3f-3ecf-de46d455c0fd_113100_2.png,2179196,1257096,0,146600,0.9674583217905826,0.9369678166098833,1.0,0.9369678166098833,0.9590833326820903,0.9674583217905824,1.0,0.8955614321049572,0.0,0.25,1.25
HistoKit (no postprocessing),gaussian,8e6bc805-8b70-bd59-8612-caf5bbe72e5e_125634_3.png,31219391,393668,25376,96450,0.9980526723781201,0.9961129141858148,0.999187831997595,0.9969200891012315,0.9961611330874525,0.9980526723781202,0.9394431133723428,0.803210655393191,0.0008121680024050107,0.25,1.25
HistoKit (no postprocessing),gaussian,54b22c23-34e4-1c55-9de2-c8e205e762bc_131621_2.png,20989797,1715675,78614,312749,0.9907634137222815,0.981695894890642,0.9962686317444633,0.9853187032197935,0.9830555571791546,0.9907634137222815,0.9561865451997978,0.8458167523160838,0.0037313682555366896,0.25,1.25
HistoKit (no postprocessing),gaussian,7d4546a5-f4cc-3733-763f-d1c5a5904dff_120251_1.png,6249932,933799,27525,522360,0.9578624079283058,0.9191323825332358,0.9956152626772274,0.9228680629836988,0.9288967799797663,0.9578624079283057,0.9713676138325892,0.6412754376410817,0.004384737322772581,0.25,1.25
HistoKit (no postprocessing),gaussian,1875292b-dccd-c5b5-17ad-67c30baa6d69_130951_1.png,9786288,350270,5775,2138348,0.9012684662618384,0.8202808771634104,0.9994102366375707,0.8206781322297805,0.8254068320804033,0.9012684662618385,0.9837801401508236,0.14074880114183858,0.0005897633624293472,0.25,1.25
HistoKit (no postprocessing),gaussian,be2180cd-04c9-2627-2456-4397fd5e59ee_103647_1.png,28911186,455486,8640,51348,0.998963622077607,0.9979293900896111,0.9997012430157775,0.9982270888313847,0.9979614404081197,0.998963622077607,0.9813843654524849,0.898688722540319,0.0002987569842225192,0.25,1.25
HistoKit (no postprocessing),gaussian,f761dbde-597d-9a8f-e1a1-2533f0d71b83_120113_3.png,9964709,14739646,373124,164661,0.9737245484886234,0.9487945434674849,0.9639069425865169,0.9837442012681934,0.9786949521712501,0.9737245484886234,0.9753106809671556,0.988952119679231,0.03609305741348308,0.25,1.25
HistoKit (no postprocessing),gaussian,f9a50b4c-7c73-18cd-0877-8296eed330e2_114604_5.png,5050858,3239342,394582,980658,0.8801738021823905,0.7859914367941478,0.9275390051125345,0.837411025685748,0.8577157377212005,0.8801738021823906,0.891417101733553,0.7676165876777251,0.07246099488746548,0.25,1.25
HistoKit (no postprocessing),gaussian,6f1702fd-ae84-1c96-04ae-a23a14a5d2d4_111419_2.png,6262407,566820,13379,356430,0.9713206814964657,0.9442405072452406,0.9978681554788515,0.9461491497675498,0.948630761118572,0.9713206814964656,0.9769406703562054,0.6139398862713241,0.002131844521148427,0.25,1.25
HistoKit (no postprocessing),gaussian,1c7a4a4c-ace6-25f8-ee0c-f8914aeab226_121941_3.png,6958009,3807056,590717,179446,0.9475586607573473,0.900343444736996,0.9217461330560945,0.9748585455179752,0.9332338294483646,0.9475586607573474,0.8656781511915236,0.9549866022894257,0.0782538669439055,0.25,1.25
HistoKit (no postprocessing),gaussian,9601a588-d18f-b3b2-00f0-b816a7730c15_114312_2.png,5455186,423210,19477,58607,0.9928939971184305,0.985888272215164,0.9964423380946005,0.9893708378243434,0.9868909154399914,0.9928939971184304,0.9560027739689668,0.8783625318326252,0.003557661905399474,0.25,1.25
HistoKit (no postprocessing),gaussian,2125a939-8f92-6ca7-9a29-e1755d6267ed_103351_7.png,938302,328007,17361,1428780,0.5647752084496402,0.3935099308308062,0.9818335542968599,0.3963960690842142,0.46685063319139525,0.5647752084496402,0.9497318801973547,0.1867084626650812,0.018166445703140122,0.25,0.75
HistoKit (no postprocessing),gaussian,9601a588-d18f-b3b2-00f0-b816a7730c15_114312_1.png,9484340,967845,393050,74663,0.9759362243807275,0.9530033652352936,0.9602070992438286,0.992189248188331,0.9571687391219222,0.9759362243807275,0.7111827143166813,0.9283813649391659,0.039792900756171416,0.25,1.25
HistoKit (no postprocessing),gaussian,228e0715-eef2-126e-c558-f7684e2bcfa8_110725_2.png,2865227,184472,61837,628970,0.8924187943769923,0.8057366718090997,0.978874052634312,0.819995838815041,0.8153172324813809,0.8924187943769923,0.748945430333443,0.22677953683237403,0.021125947365687937,0.25,0.75
HistoKit (no postprocessing),gaussian,54b22c23-34e4-1c55-9de2-c8e205e762bc_131621_1.png,26112844,1334547,138362,179495,0.993950598498826,0.9879739474181937,0.9947293088172787,0.9931731064322576,0.9885519841205812,0.993950598498826,0.9060620853019433,0.8814464856324989,0.005270691182721282,0.25,1.25
HistoKit (no postprocessing),gaussian,be2180cd-04c9-2627-2456-4397fd5e59ee_103647_4.png,4394948,437305,27296,452575,0.9482326794190188,0.9015612682234971,0.9938275680853431,0.9066378849569151,0.9096649475802899,0.9482326794190188,0.9412485121642011,0.4914201914864926,0.006172431914656903,0.25,0.75
HistoKit (no postprocessing),gaussian,be2180cd-04c9-2627-2456-4397fd5e59ee_103647_3.png,21745124,1446349,44214,333012,0.9914007813625193,0.9829481949250418,0.9979708424367918,0.9849166614427957,0.9839946193041882,0.9914007813625193,0.9703373825863113,0.8128474210685747,0.0020291575632082077,0.25,1.25
HistoKit (no postprocessing),gaussian,39bcf904-a619-148a-5bca-38122a540be1_104536_1.png,1675321,912350,1346,330299,0.9099350485174024,0.8347530551090552,0.9991972168594002,0.835313269712109,0.8863963339357576,0.9099350485174024,0.9985268623262004,0.7341976696557113,0.0008027831405997732,0.25,0.75
HistoKit (no postprocessing),gaussian,9e7010fd-072a-6a7f-3911-83d91e8c9301_113642_3.png,3291819,270610,4041,477856,0.9317961060273567,0.8723017312378568,0.9987739163678069,0.8732368174975297,0.8808461533516339,0.9317961060273567,0.9852867821344179,0.36155282938703964,0.001226083632193115,0.25,0.75
HistoKit (no postprocessing),gaussian,c74350c8-f970-c60d-af8a-f9c4d9c5bab2_124242_3.png,307551,1909391,1517945,19117,0.28580628613804526,0.1667292814265106,0.16847530753285683,0.9414788102905702,0.5905539791646466,0.28580628613804526,0.5571064523583331,0.9900871554590388,0.8315246924671432,0.25,0.75
HistoKit (no postprocessing),gaussian,332605c9-e7e2-297a-c808-98d567218fe3_115336_3.png,9042611,259823,37158,197984,0.9871649930099642,0.9746552856063316,0.9959076051384127,0.978574539842943,0.9753457272581628,0.9871649930099643,0.8748808846357174,0.5675382857841842,0.004092394861587338,0.25,1.25
HistoKit (no postprocessing),gaussian,10fd35f3-17d4-d309-f849-cc9e883460c1_123055_2.png,4863920,3734863,3572678,106029,0.725603691987206,0.5693705226741141,0.5765262253813682,0.9786659782625536,0.7003697824229546,0.725603691987206,0.511097098189391,0.9723946937326017,0.42347377461863184,0.25,1.25
HistoKit (no postprocessing),gaussian,969ce636-2f0f-f223-bb1c-2b4624598a38_125938_1.png,21409440,771152,144096,2798062,0.9357060475769802,0.8791800850194719,0.9933145076520159,0.8844134351408914,0.8828886965001841,0.9357060475769802,0.8425607048581368,0.21605653233457003,0.006685492347984108,0.25,1.25
HistoKit (no postprocessing),gaussian,332605c9-e7e2-297a-c808-98d567218fe3_115336_2.png,5444089,468678,13190,183899,0.9822206357320937,0.9650624390863043,0.9975830445905368,0.9673242018284332,0.9677424476125133,0.9822206357320938,0.9726273585297218,0.7181957071732531,0.0024169554094632143,0.25,0.75
HistoKit (no postprocessing),gaussian,0502ebf6-5b9d-c3a6-85fe-a3909acf1f7b_112628_8.png,4011025,94899,517,52524,0.9934315291307553,0.9869487847884361,0.9998711218778216,0.9870743529855306,0.9872465865906541,0.9934315291307553,0.9945816215309802,0.6437190940355304,0.00012887812217845406,0.25,0.75
HistoKit (no postprocessing),gaussian,3e1fffa8-5bae-87b0-bc39-e4a1bc285608_122517_10.png,3512439,1693524,314326,1717591,0.7756472350318186,0.6335161378526198,0.9178611699438037,0.6715906027307683,0.7192662768656015,0.7756472350318186,0.8434514530467914,0.49647226786549264,0.0821388300561963,0.25,0.75
HistoKit (no postprocessing),gaussian,def4a0a8-b472-78ea-531c-84458df3a3e9_124843_7.png,11365416,165646,59435,391509,0.9805474783295292,0.9618373170756477,0.9947977439705779,0.9666997110213768,0.9623648995001338,0.9805474783295292,0.7359395062222045,0.29730685356857606,0.005202256029422178,0.25,0.75
HistoKit (no postprocessing),gaussian,7e6be544-b3c1-c3b1-a8a1-838402bd2649_124526_1.png,51761369,2594109,153475,264617,0.9959775960996271,0.9919874220241562,0.9970437164368634,0.9949137532924412,0.9923669025042553,0.9959775960996272,0.9441418351540845,0.9074353400780627,0.0029562835631365856,0.25,1.25
HistoKit (no postprocessing),gaussian,04e13be9-17d6-1bd0-76ee-d5d53a64912e_105258_2.png,3256904,114331,8041,913076,0.8761094429331836,0.7795327022051828,0.997537171376547,0.7810358802680109,0.7854050646358919,0.8761094429331836,0.9342905239760729,0.11128111838833102,0.002462828623453075,0.25,0.75
HistoKit (no postprocessing),gaussian,b91bdd22-8eea-af27-bee7-880d6f1d7c1e_121440_5.png,3225955,799930,311686,4774569,0.5591799042568727,0.38809835170189394,0.9118943951633306,0.4032179642233434,0.441815534001892,0.5591799042568727,0.7196100092118142,0.1434980973178038,0.0881056048366694,0.25,0.75
HistoKit (no postprocessing),gaussian,d9d9ce51-54c1-b32b-5fae-fd9ffdaa32e5_111717_1.png,7403485,300058,7642,644825,0.9577949054677735,0.9190080824711965,0.9989688477879275,0.9198806954503492,0.921916440980803,0.9577949054677733,0.9751641208969776,0.31756101019914634,0.0010311522120724688,0.25,0.75
HistoKit (no postprocessing),gaussian,cd7afea3-2dfd-f8a4-f2e6-1e02af01c417_132555_3.png,0,3998125,4625,106110,0.0,0.0,0.0,0.0,0.9730497023505303,,0.9988445443757417,0.9741462172609512,1.0,0.25,0.75
HistoKit (no postprocessing),gaussian,be2180cd-04c9-2627-2456-4397fd5e59ee_103647_5.png,4965478,480727,15279,108652,0.987674550693608,0.9756492355006249,0.9969323940115931,0.9785870681279353,0.9777508125474854,0.9876745506936081,0.9691959371459217,0.8156500316434756,0.003067605988406983,0.25,0.75
HistoKit (no postprocessing),gaussian,19a1c0fb-3d0a-327d-ea5a-6aae35f53e51_121144_1.png,6543375,59836,3941,13996,0.9986312530776202,0.9972662479699183,0.9993980739588558,0.9978656080310234,0.9972909531700545,0.9986312530776202,0.9382065634946768,0.810434499945823,0.0006019260411441879,0.25,0.75
HistoKit (no postprocessing),gaussian,0504f20c-cba2-27c1-e181-78505aa24ca7_112258_3.png,3463204,2235847,2630473,118698,0.7158649627066246,0.5574686009778869,0.5683274646818334,0.9668617399359335,0.6745858477677315,0.7158649627066247,0.4594533446218087,0.9495877122756201,0.4316725353181667,0.25,0.75
HistoKit (no postprocessing),gaussian,b0f43f79-08e2-79bc-61fa-379c7ef1dd21_131900_10.png,5008435,182903,3489,416253,0.959781775924984,0.9226734868815074,0.9993038601543041,0.923266923369602,0.9251940802840095,0.959781775924984,0.9812813854671875,0.30526774329223105,0.0006961398456959842,0.25,0.75
HistoKit (no postprocessing),gaussian,def4a0a8-b472-78ea-531c-84458df3a3e9_124843_8.png,29539026,640088,182672,1729734,0.9686441770940628,0.9391949466720625,0.9938539177674169,0.9446817206694477,0.940407746345452,0.9686441770940628,0.7779765666780106,0.27009961085684914,0.0061460822325830776,0.25,1.25
HistoKit (no postprocessing),gaussian,cbd7b0be-5303-525e-8ff2-6d1502e77bdd_110516_1.png,11620148,482266,19012,96134,0.9950698428229275,0.9901880600520107,0.9983665487887442,0.9917948373041892,0.9905753685678647,0.9950698428229275,0.9620729415613691,0.8337932226832642,0.0016334512112557951,0.25,0.75
HistoKit (no postprocessing),gaussian,c0272a60-2518-4785-1810-6431c15f4b4b_130712_1.png,8107981,224862,48676,17431,0.9959398894575376,0.9919126145938238,0.9940323590902499,0.9978547549342729,0.9921291351895177,0.9959398894575375,0.8220503184201098,0.9280581774958419,0.005967640909750159,0.25,0.75
HistoKit (no postprocessing),gaussian,d9d9ce51-54c1-b32b-5fae-fd9ffdaa32e5_111717_2.png,6591523,751351,5246,1789385,0.8801796166388152,0.7860007102182955,0.9992047622101062,0.7864927046090948,0.8035972620534818,0.8801796166388153,0.9930663219653263,0.29572179085115496,0.0007952377898938102,0.25,0.75
HistoKit (no postprocessing),gaussian,6f1702fd-ae84-1c96-04ae-a23a14a5d2d4_111419_5.png,2299334,936144,24499,235554,0.9464770667012985,0.8983924666336118,0.9894575040461169,0.9070751843868448,0.9256041499846518,0.9464770667012986,0.9744972898360785,0.798963555455416,0.01054249595388309,0.25,0.75
HistoKit (no postprocessing),gaussian,e398b039-2e70-a00a-855c-e3ff4eba631e_115619_4.png,5044967,185826,1001,535550,0.9495081393329967,0.9038700582888024,0.9998016237915104,0.9040321891322972,0.9069674012855831,0.9495081393329968,0.9946421020516306,0.2575993656567449,0.00019837620848962975,0.25,0.75
HistoKit (no postprocessing),gaussian,2125a939-8f92-6ca7-9a29-e1755d6267ed_103351_8.png,6813250,209012,0,1352688,0.9096955055240644,0.8343499546530968,1.0,0.8343499546530968,0.8384840506510487,0.9096955055240644,1.0,0.1338362041365179,0.0,0.25,0.75
HistoKit (no postprocessing),gaussian,deaaef3a-8172-327d-10b9-23d266fb17ca_123636_1.png,3627482,3646661,439676,102703,0.9304405359620579,0.8699287578171071,0.8918960119080694,0.9724670492214194,0.9306112104590764,0.9304405359620579,0.8924033920844022,0.9726078876310755,0.10810398809193053,0.25,0.75
HistoKit (no postprocessing),gaussian,04e13be9-17d6-1bd0-76ee-d5d53a64912e_105258_4.png,7996963,388547,28483,732751,0.9545671900477226,0.9130832521807856,0.9964509137560704,0.9160624277038171,0.9167754121029298,0.9545671900477225,0.9317003572884445,0.3465153777140421,0.0035490862439296208,0.25,0.75
HistoKit (no postprocessing),gaussian,8e6bc805-8b70-bd59-8612-caf5bbe72e5e_125634_2.png,7180579,1491857,216950,55687,0.9813693577093296,0.9634202202109801,0.9706726394719102,0.9923044564696765,0.9695209865811045,0.9813693577093296,0.8730400800090355,0.9640158858164938,0.029327360528089853,0.25,0.75
HistoKit (no postprocessing),gaussian,7ea29210-064a-9e70-4612-3ab81fa629dc_120503_2.png,8468007,44757,24103,319838,0.9800959551109942,0.9609687891939444,0.9971617183479724,0.9636045014448935,0.9611660318368964,0.9800959551109942,0.6499709555620099,0.1227581288827329,0.002838281652027588,0.25,0.75
HistoKit (no postprocessing),gaussian,0502ebf6-5b9d-c3a6-85fe-a3909acf1f7b_112628_7.png,4997699,904611,223,236777,0.9768382738826227,0.954725190502835,0.9999553814565333,0.9547658638610627,0.9613963132664746,0.9768382738826226,0.9997535459542856,0.7925534524631414,4.461854346666474e-05,0.25,0.75
HistoKit (no postprocessing),gaussian,f4c75e72-7c5b-0601-d74f-78529d4dec70_114117_1.png,4373928,8483456,10288623,167419,0.45552501893105246,0.2949384253643129,0.2983060723880858,0.9631345061278075,0.5515012679818059,0.45552501893105246,0.45191883115343806,0.9806471599693672,0.7016939276119142,0.25,0.75
HistoKit (no postprocessing),gaussian,9e7010fd-072a-6a7f-3911-83d91e8c9301_113642_1.png,8241349,270383,75434,55201,0.9921367374024225,0.9843961718034817,0.9909299064313689,0.9933465115017688,0.9848843493917812,0.9921367374024225,0.7818672881899964,0.8304554277851491,0.009070093568631045,0.25,0.75
HistoKit (no postprocessing),gaussian,24aa9d72-799e-9634-ead4-94165f32d151_102546_1.png,6244565,394629,34827,93187,0.9898539637813438,0.9799117437382887,0.9944537624024746,0.9852965215426542,0.9810831882217895,0.9898539637813438,0.9189043813568794,0.8089710054610755,0.005546237597525366,0.25,0.75
HistoKit (no postprocessing),gaussian,e16fa7c2-3d43-e563-886f-5b0ebdd4e8c5_105048_1.png,42025624,453501,997669,46819,0.9877257304643325,0.9757491227327201,0.9768109567996108,0.9988871813314953,0.9760018084895663,0.9877257304643327,0.3125071494035847,0.9064218899904062,0.023189043200389146,0.25,1.25
HistoKit (no postprocessing),gaussian,b91bdd22-8eea-af27-bee7-880d6f1d7c1e_121440_6.png,5476495,393582,114621,824000,0.921068642423638,0.853686044024769,0.9794994416141608,0.8692166250429529,0.8621438342543611,0.9210686424236381,0.7744582381449933,0.3232488653741596,0.020500558385839248,0.25,0.75
HistoKit (no postprocessing),gaussian,e398b039-2e70-a00a-855c-e3ff4eba631e_115619_1.png,14218097,375839,983,2012945,0.9338614144140375,0.8759287273152918,0.9999308675385468,0.8759817761546055,0.8787364829095421,0.9338614144140375,0.9973913412698834,0.15733486158648083,6.913246145320231e-05,0.25,0.75
HistoKit (no postprocessing),gaussian,b1a83861-bd20-5668-5a83-92a470ead44d_110338_5.png,2699330,2334168,2,175208,0.9685658258983435,0.9390476389265761,0.9999992590759491,0.9390482922820989,0.9663620997759905,0.9685658258983434,0.9999991431643797,0.9301786579611824,7.409240508392447e-07,0.25,0.75
HistoKit (no postprocessing),gaussian,0502ebf6-5b9d-c3a6-85fe-a3909acf1f7b_112628_2.png,8273696,2892027,271825,412857,0.9602669997819183,0.923570762475082,0.9681909388555713,0.9524717111609173,0.9422229029303217,0.9602669997819182,0.9140841607003108,0.875076704658923,0.03180906114442876,0.25,0.75
HistoKit (no postprocessing),gaussian,40f80889-968b-7602-00a3-4e00b00e88fe_110004_3.png,21082516,9010907,121054,1189780,0.9698491572312786,0.9414632469014239,0.9942908670568211,0.9465802717420781,0.9582593531825956,0.9698491572312786,0.9867439206102611,0.8833627578220957,0.005709132943178908,0.25,0.75
HistoKit (no postprocessing),gaussian,d9d9ce51-54c1-b32b-5fae-fd9ffdaa32e5_111717_5.png,9063612,225773,6151,1000308,0.9473985745452144,0.900054428613264,0.9993218124883748,0.9006045358071209,0.9022460907527348,0.9473985745452141,0.9734783808488988,0.1841419938813178,0.000678187511625166,0.25,0.75
HistoKit (no postprocessing),gaussian,59c3e1ff-f1eb-ac9b-3a83-925048a454e4_130514_4.png,1778712,1074355,0,71253,0.9803639177584558,0.9614841361863603,1.0,0.9614841361863603,0.9756343355036384,0.9803639177584558,1.0,0.9378033323789638,0.0,0.25,0.75
HistoKit (no postprocessing),gaussian,2125a939-8f92-6ca7-9a29-e1755d6267ed_103351_5.png,4153759,952369,2764,39180,0.9949764427935597,0.9900031055582342,0.9993350211222216,0.9906557190552975,0.9918524838036453,0.9949764427935597,0.997106162178461,0.9604860677586282,0.0006649788777783738,0.25,0.75
HistoKit (no postprocessing),gaussian,6247d1f0-d194-53f2-2d84-7b4b827443da_115125_1.png,2663541,454724,246048,14047,0.9534478682168115,0.9110371468951676,0.9154354790315745,0.9947538605640599,0.9230114611823488,0.9534478682168115,0.6488900812247065,0.9700344091251378,0.08456452096842544,0.25,0.75
HistoKit (no postprocessing),gaussian,7e3642ed-4a56-9d3f-3ecf-de46d455c0fd_113100_1.png,557934,1941994,1716776,96496,0.3809541367090682,0.23529545724833692,0.2452769803623319,0.8525495469339731,0.5795993693777242,0.3809541367090682,0.530777829707798,0.9526630005543318,0.7547230196376681,0.25,0.75
HistoKit (no postprocessing),gaussian,0e99786b-efbd-e936-5e70-bad7ef5912da_122209_3.png,9726736,1756010,61154,198280,0.9868393832953903,0.9740206705874224,0.9937520752685206,0.9800221984528791,0.9779058062472216,0.9868393832953903,0.9663464607487271,0.8985411581699748,0.006247924731479409,0.25,0.75
HistoKit (no postprocessing),gaussian,66e65946-ef0a-6028-f7a7-e909aade97a4_112429_4.png,9078469,971195,23058,52686,0.9958457016910622,0.9917257769728539,0.9974665789597723,0.9942300837079209,0.9925194125510794,0.9958457016910621,0.976808719712186,0.948542848241153,0.002533421040227645,0.25,0.75
HistoKit (no postprocessing),gaussian,0e99786b-efbd-e936-5e70-bad7ef5912da_122209_4.png,5240939,253173,12233,28142,0.9961628940113871,0.9923551222290513,0.9976713117331776,0.9946590306734704,0.9927048342511239,0.9961628940113871,0.9539083517328169,0.8999626752928213,0.0023286882668224077,0.25,0.75
HistoKit (no postprocessing),gaussian,728c532f-2f31-cf1c-4143-7abb9ca2b76d_102101_5.png,4828266,1830540,587903,77003,0.9355801003697353,0.8789577315256103,0.8914540886741164,0.9843019822154504,0.9092118859944247,0.9355801003697354,0.7569084737577028,0.9596323647750011,0.10854591132588366,0.25,0.75
HistoKit (no postprocessing),gaussian,59c3e1ff-f1eb-ac9b-3a83-925048a454e4_130514_1.png,4973797,709480,118546,89298,0.979533723705467,0.9598883828501434,0.9767207354257166,0.9823629617852322,0.9647191086382371,0.9795337237054671,0.8568329979976474,0.8882067357889176,0.02327926457428339,0.25,0.75
HistoKit (no postprocessing),gaussian,228e0715-eef2-126e-c558-f7684e2bcfa8_110725_7.png,7208363,366009,1344,2025393,0.8767451235788958,0.7805397884159349,0.9998135846574625,0.7806533982487733,0.7889059482607687,0.8767451235788958,0.9963413937003373,0.15305205900137242,0.00018641534253749842,0.25,0.75
HistoKit (no postprocessing),gaussian,f761dbde-597d-9a8f-e1a1-2533f0d71b83_120113_1.png,9251748,1003737,5434,119321,0.9933029139450612,0.9866949330683304,0.999412996309244,0.9872670876716413,0.987981491757416,0.9933029139450612,0.9946153823286639,0.8937534837915763,0.000587003690755999,0.25,0.75
HistoKit (no postprocessing),gaussian,0502ebf6-5b9d-c3a6-85fe-a3909acf1f7b_112628_5.png,2742790,844075,86,11537,0.9978856520306781,0.9957802261316658,0.9999686460488918,0.9958113179735013,0.9967700323024559,0.9978856520306781,0.9998981236991522,0.9865160843933932,3.13539511082528e-05,0.25,0.75
HistoKit (no postprocessing),gaussian,c38dfb82-e376-0eab-4312-72ca49852e8b_104329_1.png,3513535,810506,42484,77213,0.9832515877458996,0.967054952725287,0.9880529322256152,0.9784966809143945,0.9730638935058727,0.9832515877458997,0.950194023376593,0.9130208996315275,0.011947067774384782,0.25,0.75
HistoKit (no postprocessing),gaussian,7d4546a5-f4cc-3733-763f-d1c5a5904dff_120251_4.png,3286044,260974,5673,168845,0.9741324749066419,0.949569462994739,0.9982765833150298,0.9511286759140453,0.9531059218559218,0.9741324749066418,0.9787246809452197,0.6071718560603416,0.0017234166849701843,0.25,0.75
HistoKit (no postprocessing),gaussian,59c3e1ff-f1eb-ac9b-3a83-925048a454e4_130514_3.png,2348082,404623,7856,69527,0.9837892032905511,0.9680956022865719,0.9966654470533605,0.9712414207591054,0.9726570339862224,0.983789203290551,0.9809541819098669,0.853364968891701,0.0033345529466395126,0.25,0.75
HistoKit (no postprocessing),gaussian,7e3642ed-4a56-9d3f-3ecf-de46d455c0fd_113100_4.png,8163939,3779188,827,99950,0.9938657790306024,0.9878063565644603,0.9998987111204412,0.9879052102466527,0.9916325304485988,0.9938657790306024,0.9997812177994002,0.9742339664121256,0.00010128887955882631,0.25,0.75
HistoKit (no postprocessing),gaussian,c0272a60-2518-4785-1810-6431c15f4b4b_130712_3.png,33229893,2121222,166966,363518,0.9920811783562001,0.984286786844827,0.9950005478060078,0.9891788898721836,0.985215709032365,0.9920811783562001,0.9270313453265204,0.8536997834783518,0.004999452193992255,0.25,0.75
HistoKit (no postprocessing),gaussian,7e3642ed-4a56-9d3f-3ecf-de46d455c0fd_113100_3.png,3820203,1511897,41926,113886,0.9800144121162337,0.9608120190693445,0.9891443294618072,0.9710514937511582,0.9716081453201144,0.9800144121162337,0.9730175187263929,0.9299500609859987,0.010855670538192795,0.25,0.75
HistoKit (no postprocessing),gaussian,3e1fffa8-5bae-87b0-bc39-e4a1bc285608_122517_7.png,3576374,351973,22,2610143,0.7326448571240981,0.5780896232934117,0.9999938485559206,0.5780916790497788,0.6008013749917412,0.7326448571240981,0.9999374991122033,0.1188248535843971,6.151444079458763e-06,0.25,0.75
HistoKit (no postprocessing),gaussian,b0f43f79-08e2-79bc-61fa-379c7ef1dd21_131900_5.png,7422901,146640,24142,426358,0.9705484371320597,0.9427820328216485,0.9967581763661093,0.9456817516150251,0.9438282173370436,0.9705484371320598,0.8586384982023867,0.2559171236199777,0.0032418236338906596,0.25,0.75
HistoKit (no postprocessing),gaussian,66e65946-ef0a-6028-f7a7-e909aade97a4_112429_5.png,13326904,461956,17332,16848,0.9987192740044697,0.9974418243310198,0.9987011620597838,0.998737386606106,0.9975273167118087,0.9987192740044697,0.9638380264058353,0.9648123240407348,0.0012988379402162852,0.25,0.75
HistoKit (no postprocessing),gaussian,cbd7b0be-5303-525e-8ff2-6d1502e77bdd_110516_5.png,4547145,503427,137368,109535,0.9735683654111418,0.9484980125355441,0.9706761407215648,0.976477876942371,0.953392323701386,0.9735683654111418,0.785628789238368,0.8213021361846248,0.029323859278435133,0.25,0.75
HistoKit (no postprocessing),gaussian,1875292b-dccd-c5b5-17ad-67c30baa6d69_130951_13.png,11103940,342220,49520,1568147,0.9321036784590927,0.8728409862055949,0.9955601221504359,0.8762518754803372,0.8761720436132536,0.9321036784590927,0.8735896257721959,0.17913835404401354,0.004439877849564171,0.25,0.75
HistoKit (no postprocessing),gaussian,6f1702fd-ae84-1c96-04ae-a23a14a5d2d4_111419_3.png,4543224,344847,16607,75066,0.9900117899949238,0.9802211354427078,0.99635797905668,0.9837459319358464,0.9815908207329533,0.9900117899949238,0.9540550111494132,0.8212343985539862,0.0036420209433200485,0.25,0.75
HistoKit (no postprocessing),gaussian,1875292b-dccd-c5b5-17ad-67c30baa6d69_130951_12.png,7142789,279180,6965,1038426,0.931811811764801,0.8723292599820717,0.9990258406093413,0.8730719092457538,0.8765387322612951,0.9318118117648011,0.9756591937653987,0.2118842810369716,0.0009741593906587555,0.25,0.75
HistoKit (no postprocessing),gaussian,e398b039-2e70-a00a-855c-e3ff4eba631e_115619_3.png,16579000,539086,23487,4232827,0.8862383525193058,0.7957163496552055,0.9985853324264009,0.7966143481780816,0.8008686091773336,0.8862383525193058,0.958250751458033,0.11297062624570062,0.0014146675735990637,0.25,0.75
HistoKit (no postprocessing),gaussian,b91bdd22-8eea-af27-bee7-880d6f1d7c1e_121440_1.png,5061528,1314272,70320,693992,0.9297982763143489,0.8688065583675487,0.9862973338259434,0.8794214944957189,0.8929551805349832,0.929798276314349,0.9492124755884767,0.6544318874410934,0.013702666174056598,0.25,0.75
HistoKit (no postprocessing),gaussian,04e13be9-17d6-1bd0-76ee-d5d53a64912e_105258_3.png,9048043,317457,2,1807998,0.9091643796153211,0.8334568129474064,0.9999997789577748,0.8334569664945075,0.8381885711728644,0.9091643796153211,0.9999936999738549,0.1493595488965892,2.2104222514366364e-07,0.25,0.75
HistoKit (no postprocessing),gaussian,b1a83861-bd20-5668-5a83-92a470ead44d_110338_3.png,847523,1707198,39429,89521,0.9293035730341513,0.8679430972489767,0.9555455086633775,0.9044644648490359,0.9519501459008947,0.9293035730341513,0.9774256323760024,0.9501752917401107,0.0444544913366225,0.25,0.75
HistoKit (no postprocessing),gaussian,b91bdd22-8eea-af27-bee7-880d6f1d7c1e_121440_2.png,9039282,1021651,2301,1873601,0.9059908694123912,0.828138307150846,0.9997455091658175,0.8283129215258699,0.8428476225063009,0.9059908694123912,0.9977528243511414,0.3528711835791841,0.00025449083418246563,0.25,0.75
HistoKit (no postprocessing),gaussian,3e1fffa8-5bae-87b0-bc39-e4a1bc285608_122517_3.png,10496826,486487,22243,1614868,0.9276599290973973,0.8650799818723305,0.9978854592549968,0.8666686922572515,0.8702808241624845,0.9276599290973971,0.9562773966544139,0.23151109641160109,0.0021145407450031935,0.25,0.75
HistoKit (no postprocessing),gaussian,c74350c8-f970-c60d-af8a-f9c4d9c5bab2_124242_4.png,0,2720763,916615,1278,0.0,0.0,0.0,0.0,0.7477384506806909,,0.748001170073608,0.9995304993569164,1.0,0.25,0.75
HistoKit (no postprocessing),gaussian,0504f20c-cba2-27c1-e181-78505aa24ca7_112258_4.png,9869522,1356074,419631,208133,0.9691771042374436,0.9401974948572421,0.9592161764918842,0.9793470802483316,0.9470391517679375,0.9691771042374436,0.7636820305174564,0.8669402451210102,0.04078382350811578,0.25,0.75
HistoKit (no postprocessing),gaussian,c74350c8-f970-c60d-af8a-f9c4d9c5bab2_124242_5.png,0,5538707,5562157,1850,0.0,0.0,0.0,0.0,0.49886063893927196,,0.4989437759078933,0.9996660985529072,1.0,0.25,0.75
HistoKit (no postprocessing),gaussian,5fe08b37-e6eb-942a-a4ce-507361c4911e_102333_2.png,8933252,68378,14606,255174,0.9851248469642403,0.970685747914383,0.9983676540240134,0.9722287582225726,0.9709019447958832,0.9851248469642403,0.8239901667791382,0.21133542676293146,0.001632345975986655,0.25,0.75
HistoKit (no postprocessing),gaussian,cbd7b0be-5303-525e-8ff2-6d1502e77bdd_110516_4.png,3236596,341757,480,81637,0.9874732068312875,0.9752563719731112,0.9998517180319523,0.9753974479790901,0.977566542001437,0.9874732068312874,0.9985974631614933,0.8071843247660572,0.00014828196804770726,0.25,0.75
HistoKit (no postprocessing),gaussian,7e6be544-b3c1-c3b1-a8a1-838402bd2649_124526_4.png,4603750,474456,18138,87016,0.988708482028861,0.9776691136621175,0.9960756296993782,0.9814495116575843,0.9797131590319793,0.988708482028861,0.9631786014445973,0.8450216573578023,0.0039243703006217375,0.25,0.75
HistoKit (no postprocessing),gaussian,66e65946-ef0a-6028-f7a7-e909aade97a4_112429_3.png,4704309,170016,12332,3781,0.9982903490826422,0.9965865340005619,0.9973854274684039,0.9991969142476036,0.9967052030922383,0.9982903490826422,0.9323710706999803,0.9782447337986271,0.002614572531596108,0.25,0.75
HistoKit (no postprocessing),gaussian,24aa9d72-799e-9634-ead4-94165f32d151_102546_6.png,8292419,118288,2879,31738,0.9979170797116993,0.9958428185010849,0.9996529359162263,0.9961872415428974,0.9959010453595386,0.9979170797116994,0.9762394051185553,0.7884500019996534,0.0003470640837737234,0.25,0.75
HistoKit (no postprocessing),gaussian,0f3058e5-e9f7-bd55-4b60-07a71af55b96_123333_3.png,30681742,1532140,101452,447495,0.9911334930460088,0.9824228341552119,0.996704305602596,0.9856246075032292,0.9832448229669056,0.9911334930460087,0.9378963658000284,0.7739507535480026,0.003295694397403986,0.25,0.75
HistoKit (no postprocessing),gaussian,84acf623-2a5d-c4c6-c1db-583a94b80fc7_105804_1.png,45317685,3736216,55039,859220,0.9900135149646537,0.9802245174894657,0.9987869584378491,0.9813928629473976,0.9817031685777503,0.9900135149646538,0.9854826436100974,0.8130275342753114,0.001213041562150864,0.25,0.75
HistoKit (no postprocessing),gaussian,def4a0a8-b472-78ea-531c-84458df3a3e9_124843_6.png,16516767,7855830,2126271,83631,0.9372960684083129,0.8819917199369519,0.8859482558582995,0.9949621087398025,0.9168662810821511,0.937296068408313,0.7869916363298668,0.9894664134001037,0.11405174414170051,0.25,0.75
HistoKit (no postprocessing),gaussian,1875292b-dccd-c5b5-17ad-67c30baa6d69_130951_4.png,3915363,145955,7124,142193,0.9812886973165433,0.9632647588494051,0.9981838053255498,0.9649559981427244,0.9645381278595746,0.9812886973165433,0.9534619379536057,0.5065278953870928,0.0018161946744501638,0.25,0.75
HistoKit (no postprocessing),gaussian,9e7010fd-072a-6a7f-3911-83d91e8c9301_113642_6.png,6739562,1648161,30112,1146965,0.9196874415136638,0.8513160698624758,0.9955519276112853,0.8545665284604997,0.8769365799598527,0.9196874415136638,0.982057746266549,0.589655350062931,0.00444807238871473,0.25,0.75
HistoKit (no postprocessing),gaussian,b91bdd22-8eea-af27-bee7-880d6f1d7c1e_121440_4.png,6482498,244315,31444,223934,0.9806829973191379,0.9620981448753286,0.9951728154779395,0.9666090702179639,0.9634243749562279,0.9806829973191378,0.885972896623501,0.5217629936209154,0.004827184522060528,0.25,0.75
HistoKit (no postprocessing),gaussian,969ce636-2f0f-f223-bb1c-2b4624598a38_125938_4.png,14939354,755233,86008,4569425,0.865193316955531,0.762414717751206,0.9942758117907575,0.7657759616837118,0.7712320184451907,0.8651933169555311,0.8977605703954039,0.14183690295226473,0.005724188209242479,0.25,0.75
HistoKit (no postprocessing),gaussian,859ead5f-592a-5c4e-67de-d71b0ee92f6d_113334_2.png,12699415,598213,41865,309251,0.9863643985894184,0.9730956541155299,0.9967142233747316,0.9762273087801624,0.9742748490264013,0.9863643985894184,0.9345939088673568,0.6592140294270626,0.003285776625268419,0.25,0.75
HistoKit (no postprocessing),gaussian,35ce6eab-4a33-9fbb-2efe-2acf7936ba3e_104917_2.png,7202122,4507864,882400,197914,0.9302328164614062,0.8695656688442869,0.8908531636131363,0.9732549949757001,0.9155364612245217,0.9302328164614062,0.8362974429452806,0.957942342371442,0.10914683638686369,0.25,0.75
HistoKit (no postprocessing),gaussian,d9d9ce51-54c1-b32b-5fae-fd9ffdaa32e5_111717_3.png,10793363,733291,28718,1129378,0.9490830924067025,0.9031000315526331,0.997346351408754,0.905275305401669,0.9087017087447525,0.9490830924067025,0.9623127810826382,0.39367756697513084,0.0026536485912459903,0.25,0.75
HistoKit (no postprocessing),gaussian,6b809376-ab46-9021-2fa3-0d0025b512da_132412_1.png,3741381,440507,6511,78314,0.9887910109259398,0.9778305193186149,0.9982627567710062,0.9794973158851689,0.9801193565163628,0.9887910109259398,0.9854345910008098,0.849053912621116,0.0017372432289937917,0.25,0.75
HistoKit (no postprocessing),gaussian,c38dfb82-e376-0eab-4312-72ca49852e8b_104329_5.png,2600372,527533,2619,91554,0.9822144520867844,0.9650505001772098,0.9989938497674407,0.9659894068410498,0.9707725883730934,0.9822144520867843,0.9950599073473269,0.8521144847170107,0.0010061502325593903,0.25,0.75
HistoKit (no postprocessing),gaussian,cbd7b0be-5303-525e-8ff2-6d1502e77bdd_110516_2.png,9597813,747808,32217,37262,0.9963935312057733,0.9928129821670847,0.9966545275559889,0.9961326715152711,0.9933290126835076,0.9963935312057735,0.9586974776449473,0.9525367164711427,0.003345472444011078,0.25,0.75
HistoKit (no postprocessing),gaussian,7e6be544-b3c1-c3b1-a8a1-838402bd2649_124526_3.png,50300877,513357,35750,56456,0.9990842946289926,0.9981702647563754,0.9992897815739621,0.9988788921764383,0.998188716398161,0.9990842946289926,0.9348942920050191,0.9009218813891575,0.0007102184260379624,0.25,0.75
HistoKit (no postprocessing),gaussian,e3dca99c-de77-4ab1-72a1-8daf3d4d032c_120923_2.png,9083345,1121191,186353,238807,0.9771319153284908,0.9552863462763074,0.9798965403187893,0.9743828463642301,0.9600026190777234,0.9771319153284906,0.857478601102525,0.8244063594211168,0.02010345968121076,0.25,0.75
HistoKit (no postprocessing),gaussian,b0f43f79-08e2-79bc-61fa-379c7ef1dd21_131900_4.png,12832973,194900,12838,699621,0.972990823364794,0.9474022681594799,0.9990006080581444,0.9483010426530198,0.9481483416849025,0.972990823364794,0.9382010031867063,0.2178819725864457,0.000999391941855598,0.25,0.75
HistoKit (no postprocessing),gaussian,19a1c0fb-3d0a-327d-ea5a-6aae35f53e51_121144_3.png,24682133,1521172,39319,170172,0.9957741552652546,0.9915838757647955,0.9984095189878005,0.9931526673280406,0.9920685791841197,0.9957741552652546,0.9748034432752255,0.8993865233802231,0.0015904810121994452,0.25,0.75
HistoKit (no postprocessing),gaussian,7ea29210-064a-9e70-4612-3ab81fa629dc_120503_4.png,2758750,176374,4809,527674,0.911986033679764,0.8382116975613698,0.9982598526031107,0.8394382465561352,0.8464407875517612,0.911986033679764,0.9734577747360403,0.25051416948844396,0.001740147396889301,0.25,0.75
HistoKit (no postprocessing),gaussian,859ead5f-592a-5c4e-67de-d71b0ee92f6d_113334_1.png,20238561,372516,9242,361321,0.9909281762234506,0.9820194686586388,0.9995435554168519,0.9824600451594819,0.9823387018364628,0.9909281762234506,0.9757909460967419,0.5076277156916318,0.00045644458314810746,0.25,0.75
HistoKit (no postprocessing),gaussian,24aa9d72-799e-9634-ead4-94165f32d151_102546_7.png,10986435,598103,10784,71198,0.9962828134144813,0.9925931594373432,0.9990193884472065,0.9935611898134076,0.9929728830876731,0.9962828134144812,0.9822889961519954,0.8936233473429742,0.0009806115527934835,0.25,0.75
HistoKit (no postprocessing),gaussian,8e6bc805-8b70-bd59-8612-caf5bbe72e5e_125634_1.png,64574432,1027071,143652,107203,0.9980613945537239,0.9961302909464944,0.997780342199253,0.9983426052851014,0.9961906451398445,0.9980613945537239,0.8772963373915094,0.9054875629697939,0.002219657800747006,0.25,0.75
HistoKit (no postprocessing),gaussian,5fe08b37-e6eb-942a-a4ce-507361c4911e_102333_3.png,13470427,1653623,29079,1705866,0.9394979369188632,0.8858992072012444,0.9978459211766713,0.8875966614508563,0.8970908408241417,0.9394979369188632,0.9827188652536218,0.49222456153301886,0.0021540788233287943,0.25,0.75
HistoKit (no postprocessing),gaussian,7ea29210-064a-9e70-4612-3ab81fa629dc_120503_1.png,8756972,155983,5150,1029415,0.9442238187446764,0.894340898676071,0.9994122428334141,0.8948115377002769,0.8959976959081258,0.9442238187446764,0.9680388250699733,0.13158702815425705,0.0005877571665859024,0.25,0.75
HistoKit (no postprocessing),gaussian,f761dbde-597d-9a8f-e1a1-2533f0d71b83_120113_5.png,3492030,671122,526871,32184,0.925885393501226,0.8619986991139411,0.86890172213747,0.9908677509368047,0.8816115007241317,0.925885393501226,0.5602052766585448,0.9542389799034844,0.1310982778625301,0.25,0.75
HistoKit (no postprocessing),gaussian,969ce636-2f0f-f223-bb1c-2b4624598a38_125938_5.png,12682060,272510,8319,1705896,0.936694224367931,0.8809264896648612,0.9993444640227057,0.8814358342491456,0.8831385830523796,0.936694224367931,0.9703769909802763,0.13774220256105169,0.0006555359772942951,0.25,0.75
HistoKit (no postprocessing),gaussian,969ce636-2f0f-f223-bb1c-2b4624598a38_125938_2.png,4522983,328737,6339,1268445,0.8764833951021002,0.7801250032986838,0.9986004527829994,0.7809788881084251,0.7919230934967153,0.8764833951021002,0.9810819038068975,0.20582313098945518,0.00139954721700069,0.25,0.75
HistoKit (no postprocessing),gaussian,a40a1d35-8d5f-0529-214c-05d84888ba26_111152_2.png,2751147,3931795,0,131138,0.9767214728073402,0.9545020704059453,1.0,0.9545020704059453,0.9807548487836949,0.9767214728073401,1.0,0.9677233171209075,0.0,0.25,0.75
HistoKit (no postprocessing),gaussian,9e7010fd-072a-6a7f-3911-83d91e8c9301_113642_2.png,2600804,834921,97253,435378,0.9071139169469566,0.8300168983878714,0.963954430910837,0.8566034578954753,0.8657804390533511,0.9071139169469566,0.8956707653292196,0.6572633687029589,0.03604556908916305,0.25,0.75
HistoKit (no postprocessing),gaussian,04e13be9-17d6-1bd0-76ee-d5d53a64912e_105258_1.png,14082639,253814,57354,815651,0.9699360668122148,0.9416270539737372,0.9959438452338696,0.9452520389923944,0.9426011761891844,0.9699360668122148,0.8156815610859729,0.23732800979929217,0.004056154766130365,0.25,0.75
HistoKit (no postprocessing),gaussian,40f80889-968b-7602-00a3-4e00b00e88fe_110004_1.png,8821031,897260,95492,2830992,0.8577204241855501,0.750884846710134,0.9892904442684666,0.7570385846303256,0.7685617972640874,0.8577204241855503,0.9038108208293713,0.24066506234020663,0.010709555731533468,0.25,0.75
HistoKit (no postprocessing),gaussian,2125a939-8f92-6ca7-9a29-e1755d6267ed_103351_3.png,10168838,2441046,400462,754550,0.9462602351087961,0.8980018280001942,0.9621108304239637,0.9309234460956619,0.9160900307564983,0.9462602351087962,0.8590670869130054,0.7638781623208941,0.037889169576036254,0.25,0.75
HistoKit (no postprocessing),gaussian,f9a50b4c-7c73-18cd-0877-8296eed330e2_114604_2.png,8618161,1654324,42688,2161793,0.8866054555462549,0.7963084245048483,0.9950711529550972,0.7994617602264351,0.8233159407503394,0.8866054555462549,0.9748451985018374,0.43350976922353274,0.004928847044902872,0.25,0.75
HistoKit (no postprocessing),gaussian,c38dfb82-e376-0eab-4312-72ca49852e8b_104329_2.png,5768797,752498,15468,58728,0.9936102874750576,0.9873017133513595,0.997325848660115,0.9899223083556055,0.9887504963618327,0.9936102874750576,0.9798584833182719,0.9276058706205176,0.0026741513398850156,0.25,0.75
HistoKit (no postprocessing),gaussian,0f3058e5-e9f7-bd55-4b60-07a71af55b96_123333_2.png,15228625,834418,40766,96419,0.9955160145954648,0.9910720619349062,0.9973302144139213,0.9937084030558085,0.9915319093039925,0.9955160145954649,0.9534200808058648,0.8964168807213293,0.002669785586078711,0.25,0.75
HistoKit (no postprocessing),gaussian,0502ebf6-5b9d-c3a6-85fe-a3909acf1f7b_112628_1.png,7695964,2966710,366155,66350,0.9726685309988674,0.9467913330296271,0.9545832801525257,0.9914522911595691,0.9610186550392743,0.9726685309988674,0.8901380643980479,0.9781244024186795,0.04541671984747434,0.25,0.75
HistoKit (no postprocessing),gaussian,c0272a60-2518-4785-1810-6431c15f4b4b_130712_2.png,17039829,1506122,74317,253371,0.9904762198165473,0.9811321330504528,0.9956575688906709,0.985348518492818,0.9826377944391116,0.9904762198165473,0.9529769893048704,0.8559977220710738,0.00434243110932909,0.25,0.75
HistoKit (no postprocessing),gaussian,7d4546a5-f4cc-3733-763f-d1c5a5904dff_120251_3.png,2795205,448508,12219,251648,0.9549274829325637,0.9137427952006361,0.9956476114758583,0.9174072395353501,0.9247723501673518,0.9549274829325636,0.973478871435796,0.6405829557984221,0.0043523885241417044,0.25,0.75
HistoKit (no postprocessing),gaussian,c38dfb82-e376-0eab-4312-72ca49852e8b_104329_4.png,5028901,146199,5605,24915,0.9969747198790839,0.9939676891881501,0.99888668322175,0.995070061909654,0.9941371056665681,0.9969747198790839,0.963077389265105,0.8543953154037659,0.0011133167782499415,0.25,0.75
HistoKit (no postprocessing),gaussian,7ea29210-064a-9e70-4612-3ab81fa629dc_120503_3.png,3884529,233246,5403,561895,0.931948923486473,0.8725696214161063,0.9986110297043753,0.87362991023798,0.878913733041086,0.931948923486473,0.9773600559817975,0.2933391687763554,0.001388970295624705,0.25,0.75
HistoKit (no postprocessing),gaussian,228e0715-eef2-126e-c558-f7684e2bcfa8_110725_12.png,2041927,6093360,475278,303803,0.8397920186060476,0.7238288583371617,0.8111882027884102,0.8704867994185179,0.9126038996819517,0.8397920186060476,0.9276443609771158,0.9525097297036201,0.18881179721158983,0.25,0.75
HistoKit (no postprocessing),gaussian,5fe08b37-e6eb-942a-a4ce-507361c4911e_102333_4.png,4550071,514205,14483,2745441,0.767292694661227,0.6224451589912168,0.9968270722616054,0.6236808328188618,0.6472579944275453,0.767292694661227,0.9726057712677421,0.15774872486153405,0.0031729277383945945,0.25,0.75
HistoKit (no postprocessing),gaussian,7e6be544-b3c1-c3b1-a8a1-838402bd2649_124526_2.png,49837390,1372035,76787,106983,0.9981596968912527,0.9963261547713008,0.9984616194312891,0.9978579568913599,0.9964242347649334,0.9981596968912527,0.947000390662207,0.9276661947319099,0.0015383805687109696,0.25,0.75
HistoKit (no postprocessing),gaussian,0f3058e5-e9f7-bd55-4b60-07a71af55b96_123333_1.png,18641773,803919,33854,257454,0.9922472619587557,0.9846138090255886,0.9981872630032715,0.9863775380866107,0.9852405127425647,0.9922472619587557,0.9595904857282342,0.7574330607618622,0.0018127369967284098,0.25,0.75
HistoKit (no postprocessing),gaussian,be2180cd-04c9-2627-2456-4397fd5e59ee_103647_6.png,3764182,359142,11235,74168,0.9887830820144614,0.977815011228483,0.9970241697804507,0.9806771138640301,0.9797081160170285,0.9887830820144613,0.9696660429778307,0.8288338602847846,0.0029758302195492577,0.25,0.75
HistoKit (no postprocessing),gaussian,228e0715-eef2-126e-c558-f7684e2bcfa8_110725_1.png,7044934,551669,29722,2939274,0.8259558198013655,0.7035134058256848,0.9957988063306541,0.7056076956730069,0.7189940674447327,0.8259558198013656,0.9488777776057765,0.15802864727381685,0.004201193669345901,0.25,0.75
HistoKit (no postprocessing),gaussian,6f1702fd-ae84-1c96-04ae-a23a14a5d2d4_111419_1.png,2876307,787407,956,127952,0.978082543940157,0.9571052320715823,0.9996677397929907,0.9574097972245402,0.9660108494861867,0.978082543940157,0.9987873606447791,0.8602165926155749,0.00033226020700923063,0.25,0.75
HistoKit (no postprocessing),gaussian,9e7010fd-072a-6a7f-3911-83d91e8c9301_113642_4.png,6864914,216273,46377,983316,0.93023533758311,0.8695700748624979,0.9932896762703235,0.8747085648611216,0.8730479306807646,0.9302353375831101,0.8234266133637921,0.18028924906780572,0.006710323729676554,0.25,0.75
HistoKit (no postprocessing),gaussian,deaaef3a-8172-327d-10b9-23d266fb17ca_123636_5.png,2364923,163357,358,459758,0.9113450156282454,0.8371293281260895,0.9998486437763632,0.8372354258764086,0.846032453530255,0.9113450156282453,0.9978132730659989,0.262161880230776,0.0001513562236368533,0.25,0.75
HistoKit (no postprocessing),gaussian,f761dbde-597d-9a8f-e1a1-2533f0d71b83_120113_2.png,3034220,467736,17653,72495,0.9853622291343406,0.9711468047297885,0.994215683286952,0.9766650626143693,0.9749038446548318,0.9853622291343405,0.963631231857335,0.8658074046102501,0.00578431671304802,0.25,0.75
HistoKit (no postprocessing),gaussian,9e7010fd-072a-6a7f-3911-83d91e8c9301_113642_7.png,2911182,3448763,160507,413293,0.9102899800567965,0.8353506560435606,0.9477463376012351,0.8756817241820137,0.9172452981758055,0.9102899800567965,0.9555292344435301,0.8929862746682078,0.05225366239876498,0.25,0.75
HistoKit (no postprocessing),gaussian,3e1fffa8-5bae-87b0-bc39-e4a1bc285608_122517_5.png,4948646,1749765,247013,704491,0.9122940462702036,0.8387322356211283,0.9524578114152603,0.8753805188163669,0.8756190101458644,0.9122940462702037,0.8762942099722654,0.7129512976641393,0.047542188584739686,0.25,0.75
HistoKit (no postprocessing),gaussian,8e6bc805-8b70-bd59-8612-caf5bbe72e5e_125634_3.png,31218319,393561,25483,97522,0.998033796324573,0.9960753093902478,0.9991843822336347,0.9968858572247828,0.9961239815427092,0.9980337963245731,0.9391877702580159,0.8014144248528253,0.0008156177663653098,0.25,0.75
HistoKit (no postprocessing),gaussian,7e3642ed-4a56-9d3f-3ecf-de46d455c0fd_113100_2.png,2179270,1257096,0,146526,0.9674752822711143,0.9369996336738046,1.0,0.9369996336738046,0.9591039863886491,0.9674752822711142,1.0,0.8956086467724216,0.0,0.25,0.75
HistoKit (no postprocessing),gaussian,1875292b-dccd-c5b5-17ad-67c30baa6d69_130951_1.png,9786866,350275,5770,2137770,0.9012979162392035,0.820329668579594,0.9994107817343563,0.8207266033109941,0.8254543050177755,0.9012979162392035,0.9837941833195242,0.14078322538378527,0.0005892182656436939,0.25,0.75
HistoKit (no postprocessing),gaussian,7d4546a5-f4cc-3733-763f-d1c5a5904dff_120251_1.png,6249807,933555,27769,522485,0.9578345160272885,0.919081020008497,0.9955764772899603,0.922849605421621,0.9288490662065455,0.9578345160272885,0.9711137972213323,0.6411602703222439,0.004423522710039671,0.25,0.75
HistoKit (no postprocessing),gaussian,54b22c23-34e4-1c55-9de2-c8e205e762bc_131621_2.png,20989881,1715255,79034,312665,0.9907555937238038,0.9816805399788042,0.9962487864230313,0.9853226464104338,0.98304100973142,0.9907555937238038,0.9559524691953192,0.8458198548266204,0.003751213576968724,0.25,0.75
HistoKit (no postprocessing),gaussian,be2180cd-04c9-2627-2456-4397fd5e59ee_103647_1.png,28911291,455376,8750,51243,0.998963539545364,0.9979292253667459,0.999697441646089,0.9982307142047723,0.9979612704941709,0.998963539545364,0.9811473608459772,0.8988529841952236,0.00030255835391104736,0.25,0.75
HistoKit (no postprocessing),gaussian,f761dbde-597d-9a8f-e1a1-2533f0d71b83_120113_3.png,9964240,14740155,372615,165130,0.9737252473282201,0.9487958704949588,0.9639527689998554,0.9836979002642809,0.9786965368229477,0.97372524732822,0.9753443610933006,0.9889213792289111,0.036047231000144626,0.25,0.75
HistoKit (no postprocessing),gaussian,1c7a4a4c-ace6-25f8-ee0c-f8914aeab226_121941_3.png,6958326,3806692,591081,179129,0.947557892216867,0.9003420570208899,0.9217049762981384,0.9749029591079733,0.9332297549732004,0.947557892216867,0.8655953820263119,0.9550584434173035,0.07829502370186162,0.25,0.75
HistoKit (no postprocessing),gaussian,9601a588-d18f-b3b2-00f0-b816a7730c15_114312_2.png,5455342,423132,19555,58451,0.9929012466454145,0.9859025674871705,0.9964282433075909,0.989399130507801,0.9869040104222628,0.9929012466454145,0.9558265772430634,0.8786273601850564,0.003571756692409008,0.25,0.75
HistoKit (no postprocessing),gaussian,6f1702fd-ae84-1c96-04ae-a23a14a5d2d4_111419_2.png,6260215,566693,13506,358622,0.9711362167228567,0.9438919247692709,0.9978472106107364,0.9458179737618557,0.9483086346560845,0.9711362167228568,0.9767217799410203,0.6124325229786614,0.0021527893892635645,0.25,0.75
HistoKit (no postprocessing),gaussian,f9a50b4c-7c73-18cd-0877-8296eed330e2_114604_5.png,5052363,3239141,394783,979153,0.880305213273115,0.7862010466677632,0.9275247992251355,0.8376605483596495,0.8578506513930043,0.8803052132731148,0.8913617896246592,0.7678793844146472,0.0724752007748645,0.25,0.75
HistoKit (no postprocessing),gaussian,2125a939-8f92-6ca7-9a29-e1755d6267ed_103351_7.png,611563,345288,80,1755519,0.41062065145322246,0.25835282925291975,0.9998692047485216,0.2583615607739825,0.35276263156924553,0.41062065145322246,0.9997683630214728,0.16435969605965708,0.00013079525147839508,0.9,1.25
HistoKit (no postprocessing),gaussian,9601a588-d18f-b3b2-00f0-b816a7730c15_114312_1.png,9484051,967925,392970,74952,0.9759250142930468,0.9529819865869813,0.9602137122114046,0.9921590149098185,0.9571495997490086,0.9759250142930467,0.711241499160479,0.928129587669495,0.039786287788595366,0.25,0.75
HistoKit (no postprocessing),gaussian,54b22c23-34e4-1c55-9de2-c8e205e762bc_131621_1.png,26113025,1334232,138677,179314,0.9939481053617478,0.9879690209411549,0.9947174091797933,0.9931799905668339,0.9885471579436279,0.9939481053617479,0.9058482228026307,0.8815272215049955,0.0052825908202066285,0.25,0.75
HistoKit (no postprocessing),gaussian,228e0715-eef2-126e-c558-f7684e2bcfa8_110725_2.png,2619843,191068,55241,874354,0.8493187455718098,0.7381007922944421,0.9793498073331529,0.7497696895738849,0.751478810620809,0.8493187455718098,0.7757248009613941,0.1793355121257117,0.020650192666847096,0.9,1.25
HistoKit (no postprocessing),gaussian,be2180cd-04c9-2627-2456-4397fd5e59ee_103647_4.png,4691141,432845,31756,156382,0.9803417195901538,0.9614414342774824,0.9932761607970702,0.967739812683715,0.9645832815649634,0.9803417195901539,0.9316488772086156,0.7345980411624043,0.0067238392029298965,0.9,1.25
HistoKit (no postprocessing),gaussian,39bcf904-a619-148a-5bca-38122a540be1_104536_1.png,1690989,912586,1110,314631,0.9146119540181393,0.8426589526244188,0.9993440100135985,0.8431253178568223,0.8918441854187762,0.9146119540181393,0.9987851539242811,0.7436223585559848,0.0006559899864015049,0.9,1.25
HistoKit (no postprocessing),gaussian,9e7010fd-072a-6a7f-3911-83d91e8c9301_113642_3.png,3183842,272434,2217,585833,0.9154582392023617,0.8440968087103237,0.9993041560121768,0.844593234164749,0.8545987637989618,0.9154582392023618,0.9919279376372196,0.3174233659222596,0.000695843987823201,0.9,1.25
HistoKit (no postprocessing),gaussian,be2180cd-04c9-2627-2456-4397fd5e59ee_103647_3.png,21743896,1445875,44688,334240,0.9913618342105359,0.982871626154057,0.9979490177057857,0.9848610408052564,0.9839224048811519,0.9913618342105359,0.9700193819382341,0.8122368498664412,0.0020509822942142548,0.25,0.75
HistoKit (no postprocessing),gaussian,10fd35f3-17d4-d309-f849-cc9e883460c1_123055_2.png,4863736,3735922,3571619,106213,0.7256435214001861,0.569419572612429,0.5765893670153776,0.9786289557498478,0.7004410510617398,0.7256435214001862,0.5112420169794463,0.9723557345069863,0.42341063298462245,0.25,0.75
HistoKit (no postprocessing),gaussian,c74350c8-f970-c60d-af8a-f9c4d9c5bab2_124242_3.png,303448,1908510,1518826,23220,0.282416184336292,0.1644264354151246,0.16652160981279435,0.9289186574748675,0.5892263300731698,0.28241618433629206,0.5568494014009715,0.987979686602165,0.8334783901872057,0.9,1.25
HistoKit (no postprocessing),gaussian,332605c9-e7e2-297a-c808-98d567218fe3_115336_3.png,9042210,259678,37303,198385,0.9871350103394587,0.9745968321703903,0.995891519732391,0.9785311443689503,0.9752884800079181,0.9871350103394588,0.8743926379128631,0.5669045524305608,0.004108480267609066,0.25,0.75
HistoKit (no postprocessing),gaussian,969ce636-2f0f-f223-bb1c-2b4624598a38_125938_1.png,21407886,771078,144170,2799616,0.9356683908529012,0.879113598442029,0.9933106150058258,0.8843492401653008,0.8828238946771353,0.935668390852901,0.8424798524552908,0.21594625582589827,0.0066893849941741055,0.25,0.75
HistoKit (no postprocessing),gaussian,332605c9-e7e2-297a-c808-98d567218fe3_115336_2.png,5447128,470411,11457,180860,0.9826531607197283,0.965897885341554,0.9979011044070946,0.9678641816578145,0.9685234807497918,0.9826531607197283,0.9762237791262337,0.7222968625963693,0.0020988955929054872,0.9,1.25
HistoKit (no postprocessing),gaussian,0502ebf6-5b9d-c3a6-85fe-a3909acf1f7b_112628_8.png,4012022,95164,252,51527,0.9935883934058486,0.9872584804226388,0.9999371927241261,0.9873197050164769,0.987550027470777,0.9935883934058485,0.9973589335121992,0.6487378230429951,6.280727587398069e-05,0.9,1.25
HistoKit (no postprocessing),gaussian,7e6be544-b3c1-c3b1-a8a1-838402bd2649_124526_1.png,51761617,2594091,153493,264369,0.9959798191852817,0.9919918326512995,0.9970433848642525,0.9949185201410695,0.9923711016097727,0.9959798191852816,0.9441352839440031,0.9075134862828236,0.0029566151357475695,0.25,0.75
HistoKit (no postprocessing),gaussian,3e1fffa8-5bae-87b0-bc39-e4a1bc285608_122517_10.png,3194592,1794230,213620,2035438,0.7396393849581894,0.5868474277369045,0.9373219741025499,0.6108171463643612,0.6892656413203866,0.7396393849581895,0.893607590208432,0.4685079751038471,0.06267802589745004,0.9,1.25
HistoKit (no postprocessing),gaussian,def4a0a8-b472-78ea-531c-84458df3a3e9_124843_7.png,11472375,163894,61187,284550,0.9851554413611017,0.9707451579406253,0.9946948739686837,0.975797242901524,0.9711453157342769,0.9851554413611016,0.728155641746749,0.36547261196492764,0.005305126031316258,0.9,1.25
HistoKit (no postprocessing),gaussian,04e13be9-17d6-1bd0-76ee-d5d53a64912e_105258_2.png,3193865,118207,4165,976115,0.8669545779660994,0.7651543010604567,0.9986976357319975,0.765918541575739,0.7716217122920022,0.8669545779660994,0.9659644363089596,0.10801848084932954,0.001302364268002489,0.9,1.25
HistoKit (no postprocessing),gaussian,b91bdd22-8eea-af27-bee7-880d6f1d7c1e_121440_5.png,2958607,714597,397019,5041917,0.5210581050796265,0.35231817211296207,0.8816855632898303,0.36980165299172907,0.4031110145366511,0.5210581050796265,0.6428451911451436,0.1241371079788914,0.11831443671016972,0.9,1.25
HistoKit (no postprocessing),gaussian,d9d9ce51-54c1-b32b-5fae-fd9ffdaa32e5_111717_1.png,7486575,300496,7204,561735,0.9633936596296675,0.929372725315852,0.9990386692748745,0.9302046019599146,0.9319125994344191,0.9633936596296676,0.9765875853103673,0.34850985408782564,0.0009613307251254674,0.9,1.25
HistoKit (no postprocessing),gaussian,cd7afea3-2dfd-f8a4-f2e6-1e02af01c417_132555_3.png,0,4002448,302,106110,0.0,0.0,0.0,0.0,0.9741018189960232,,0.9999245518705889,0.9741734204555467,1.0,0.9,1.25
HistoKit (no postprocessing),gaussian,be2180cd-04c9-2627-2456-4397fd5e59ee_103647_5.png,4982663,479516,16490,91467,0.9892828385740776,0.9787929564571702,0.9967014412241434,0.9819738556166279,0.9806186060807133,0.9892828385740776,0.9667544344221642,0.8398078401633674,0.0032985587758566303,0.9,1.25
HistoKit (no postprocessing),gaussian,19a1c0fb-3d0a-327d-ea5a-6aae35f53e51_121144_1.png,6550303,58881,4896,7068,0.9990875930500276,0.9981768495551918,0.9992531119192568,0.998922129005664,0.998193062592771,0.9990875930500277,0.9232325132884895,0.8928262748487468,0.000746888080743239,0.9,1.25
HistoKit (no postprocessing),gaussian,b0f43f79-08e2-79bc-61fa-379c7ef1dd21_131900_10.png,4975553,183108,3284,449135,0.9565129126906505,0.9166504543501698,0.9993404082117973,0.9172053766041476,0.9193704242320552,0.9565129126906505,0.9823812180780291,0.2896164923929565,0.000659591788202747,0.9,1.25
HistoKit (no postprocessing),gaussian,0504f20c-cba2-27c1-e181-78505aa24ca7_112258_3.png,3533914,2191982,2674338,47988,0.7219322596968342,0.5648622814981522,0.569228504255304,0.9866026485370063,0.6777634394550711,0.7219322596968342,0.4504393463643986,0.9785764987923945,0.4307714957446959,0.9,1.25
HistoKit (no postprocessing),gaussian,cbd7b0be-5303-525e-8ff2-6d1502e77bdd_110516_1.png,11677190,480902,20376,39092,0.9974601355573847,0.9949331402516798,0.9982580991635354,0.9966634466462996,0.9951325796640246,0.9974601355573848,0.959351896552412,0.9248222094870325,0.0017419008364646116,0.9,1.25
HistoKit (no postprocessing),gaussian,c0272a60-2518-4785-1810-6431c15f4b4b_130712_1.png,8107875,226496,47042,17537,0.9960333111204325,0.9920979671467102,0.9942314556972193,0.9978417094419335,0.9923110626923604,0.9960333111204326,0.8280238943035337,0.928136768387882,0.0057685443027807645,0.9,1.25
HistoKit (no postprocessing),gaussian,def4a0a8-b472-78ea-531c-84458df3a3e9_124843_8.png,29532236,639991,182769,1736524,0.9685278040803155,0.9389761623353828,0.993849269081395,0.9444645710287201,0.9401931413656941,0.9685278040803155,0.7778586708153046,0.2692981108892643,0.0061507309186049275,0.25,0.75
HistoKit (no postprocessing),gaussian,d9d9ce51-54c1-b32b-5fae-fd9ffdaa32e5_111717_2.png,6606170,750078,6519,1774738,0.8811988210700874,0.7876277194424464,0.9990141680638542,0.788240367272854,0.8050609001034746,0.8811988210700874,0.9913837881990016,0.29708224282482365,0.000985831936145795,0.9,1.25
HistoKit (no postprocessing),gaussian,6f1702fd-ae84-1c96-04ae-a23a14a5d2d4_111419_5.png,2308701,935359,25284,226187,0.9483512919724955,0.9017757400674642,0.9891670254950224,0.9107704166811315,0.92805928484113,0.9483512919724956,0.9736801288303771,0.8052707340045078,0.010832974504977538,0.9,1.25
HistoKit (no postprocessing),gaussian,e398b039-2e70-a00a-855c-e3ff4eba631e_115619_4.png,4944610,185976,851,635907,0.9395060487491044,0.8859136326434666,0.9998279230187034,0.886048729893664,0.8895925056663865,0.9395060487491044,0.9954449838620756,0.22628038297421896,0.0001720769812965869,0.9,1.25
HistoKit (no postprocessing),gaussian,2125a939-8f92-6ca7-9a29-e1755d6267ed_103351_8.png,6542701,209012,0,1623237,0.889640571095667,0.8012185495407876,1.0,0.8012185495407876,0.806179499579102,0.8896405710956671,1.0,0.1140740150492646,0.0,0.9,1.25
HistoKit (no postprocessing),gaussian,deaaef3a-8172-327d-10b9-23d266fb17ca_123636_1.png,3651874,3638782,447555,78311,0.9328362803070496,0.8741266809327531,0.8908250392920575,0.9790061350844529,0.9327237868709383,0.9328362803070496,0.8904752593826696,0.9789321924417818,0.1091749607079425,0.9,1.25
HistoKit (no postprocessing),gaussian,04e13be9-17d6-1bd0-76ee-d5d53a64912e_105258_4.png,7935268,390162,26868,794446,0.950795507987431,0.9062060973105717,0.9966255286269915,0.9089951858674866,0.9102069545184603,0.950795507987431,0.9355729803611251,0.32935958561819606,0.003374471373008449,0.9,1.25
HistoKit (no postprocessing),gaussian,7ea29210-064a-9e70-4612-3ab81fa629dc_120503_2.png,8252685,53814,15046,535160,0.9677404034903306,0.9374971245242046,0.998180153660055,0.9391022486172662,0.9378768966562622,0.9677404034903307,0.7814986930002904,0.09136905873603929,0.0018198463399450224,0.9,1.25
HistoKit (no postprocessing),gaussian,8e6bc805-8b70-bd59-8612-caf5bbe72e5e_125634_2.png,7194010,1489981,218826,42256,0.9821776106139475,0.9649793724879586,0.970480123936372,0.9941605242261686,0.9708127591580303,0.9821776106139475,0.8719422380643338,0.9724220208753607,0.02951987606362801,0.9,1.25
HistoKit (no postprocessing),gaussian,f4c75e72-7c5b-0601-d74f-78529d4dec70_114117_1.png,4393471,8473518,10298561,147876,0.4568589845809205,0.2960578327035451,0.2990376688534302,0.9674378548919517,0.5519132623407645,0.45685898458092045,0.4513894278838268,0.9828477854045413,0.7009623311465698,0.9,1.25
HistoKit (no postprocessing),gaussian,0502ebf6-5b9d-c3a6-85fe-a3909acf1f7b_112628_7.png,5010712,904730,104,223764,0.9781491830589113,0.9572328629995147,0.9999792448974378,0.9572518815636942,0.963535315857971,0.9781491830589114,0.9998850617903394,0.8017144973743768,2.0755102562137586e-05,0.9,1.25
HistoKit (no postprocessing),gaussian,9e7010fd-072a-6a7f-3911-83d91e8c9301_113642_1.png,8268266,270957,74860,28284,0.9938013216122717,0.987679017035362,0.9910273439475803,0.9965908721094913,0.9880653066457372,0.9938013216122717,0.7835271256184629,0.905480866592479,0.00897265605241968,0.9,1.25
HistoKit (no postprocessing),gaussian,24aa9d72-799e-9634-ead4-94165f32d151_102546_1.png,6276049,410055,19401,61703,0.9935800915714005,0.9872420877710509,0.9969182504824913,0.9902642135571098,0.9880151459804398,0.9935800915714005,0.9548242427629373,0.8692062455750618,0.003081749517508677,0.9,1.25
HistoKit (no postprocessing),gaussian,e16fa7c2-3d43-e563-886f-5b0ebdd4e8c5_105048_1.png,42025517,453964,997206,46926,0.987729831797966,0.9757571277165504,0.9768214113272189,0.9988846380990997,0.9760099879575714,0.9877298317979661,0.3128262023057257,0.9063147597276847,0.023178588672781126,0.25,0.75
HistoKit (no postprocessing),gaussian,b1a83861-bd20-5668-5a83-92a470ead44d_110338_5.png,2709838,2334170,0,164700,0.9705070002449692,0.9427038362338575,1.0,0.9427038362338575,0.9683798746253389,0.9705070002449692,1.0,0.934090208774366,0.0,0.9,1.25
HistoKit (no postprocessing),gaussian,e398b039-2e70-a00a-855c-e3ff4eba631e_115619_1.png,14508500,375929,893,1722542,0.9439358942057912,0.89382442697066,0.9999384536623965,0.8938736034322381,0.8962277749865967,0.9439358942057913,0.9976301808280833,0.17914424359450284,6.154633760350967e-05,0.9,1.25
HistoKit (no postprocessing),gaussian,b91bdd22-8eea-af27-bee7-880d6f1d7c1e_121440_6.png,5661286,410358,97845,639209,0.9388825159254525,0.8848054339094202,0.9830104576541149,0.8985462253362633,0.8917481727049724,0.9388825159254525,0.8074686690161215,0.3909783748917411,0.016989542345885168,0.9,1.25
HistoKit (no postprocessing),gaussian,d9d9ce51-54c1-b32b-5fae-fd9ffdaa32e5_111717_5.png,9205869,224841,7083,858051,0.9551206233044448,0.9140965403346618,0.999231191044955,0.9147398826699735,0.9159725030798835,0.9551206233044448,0.9694598230454804,0.2076301237796567,0.0007688089550450279,0.9,1.25
HistoKit (no postprocessing),gaussian,0502ebf6-5b9d-c3a6-85fe-a3909acf1f7b_112628_2.png,8388350,2877449,286403,298203,0.9663270723988161,0.9348480032667049,0.9669843049133503,0.9656707326830332,0.950667846373183,0.9663270723988161,0.9094764862578907,0.9060970786471566,0.03301569508664973,0.9,1.25
HistoKit (no postprocessing),gaussian,40f80889-968b-7602-00a3-4e00b00e88fe_110004_3.png,21325167,9006909,125052,947129,0.9754776000419921,0.9521291092141801,0.9941701294518251,0.9574750173938061,0.9658587369221949,0.975477600041992,0.9863061176016849,0.9048497705152422,0.005829870548174823,0.9,1.25
HistoKit (no postprocessing),gaussian,59c3e1ff-f1eb-ac9b-3a83-925048a454e4_130514_4.png,1779558,1074355,0,70407,0.9806015831832448,0.9619414421353918,1.0,0.9619414421353918,0.9759236335284784,0.9806015831832448,1.0,0.9384963861483872,0.0,0.9,1.25
HistoKit (no postprocessing),gaussian,2125a939-8f92-6ca7-9a29-e1755d6267ed_103351_5.png,4154057,952553,2580,38882,0.9950342388643447,0.9901175516068453,0.9993793059148538,0.9907267909215947,0.9919461110878014,0.9950342388643447,0.9972988055066676,0.9607820986751526,0.0006206940851462373,0.9,1.25
HistoKit (no postprocessing),gaussian,6247d1f0-d194-53f2-2d84-7b4b827443da_115125_1.png,2645664,451731,249041,31924,0.9495782077503822,0.9039970559985567,0.9139667081792445,0.9880773292978606,0.9168339075764572,0.9495782077503823,0.644619077246237,0.9339942727770828,0.08603329182075549,0.9,1.25
HistoKit (no postprocessing),gaussian,0e99786b-efbd-e936-5e70-bad7ef5912da_122209_3.png,9750652,1757621,59543,174364,0.9881477324970075,0.9765731265647286,0.993930497813754,0.9824318671123553,0.9800797637236016,0.9881477324970076,0.9672330070373395,0.9097487816934396,0.006069502186246043,0.9,1.25
HistoKit (no postprocessing),gaussian,66e65946-ef0a-6028-f7a7-e909aade97a4_112429_4.png,9085642,974952,19301,45513,0.9964458405520742,0.9929168557282828,0.9978801624568105,0.99501563602852,0.9935988752255711,0.9964458405520742,0.9805874359946614,0.9553997442342461,0.002119837543189452,0.9,1.25
HistoKit (no postprocessing),gaussian,7e3642ed-4a56-9d3f-3ecf-de46d455c0fd_113100_1.png,571729,1942610,1716160,82701,0.3886247548277396,0.24117582542742524,0.24989367928251763,0.8736289595525878,0.5829405082073634,0.3886247548277396,0.5309461922995979,0.9591662712541432,0.7501063207174824,0.9,1.25
HistoKit (no postprocessing),gaussian,0e99786b-efbd-e936-5e70-bad7ef5912da_122209_4.png,5242649,252960,12446,26432,0.9963058390509623,0.9926388712961233,0.9976316317783027,0.9949835654452835,0.9929753200251441,0.9963058390509623,0.9531058077059298,0.9053945710686061,0.002368368221697229,0.9,1.25
HistoKit (no postprocessing),gaussian,728c532f-2f31-cf1c-4143-7abb9ca2b76d_102101_5.png,4845621,1824221,594222,59648,0.9367943044019243,0.8811035421278078,0.8907648621476759,0.9878400144823862,0.9107187721199305,0.9367943044019243,0.7542956356631105,0.9683375011744447,0.10923513785232404,0.9,1.25
HistoKit (no postprocessing),gaussian,0502ebf6-5b9d-c3a6-85fe-a3909acf1f7b_112628_5.png,2740057,843895,266,14270,0.9973545175761878,0.9947229953753604,0.9999029311508169,0.9948190610628295,0.9959605256429923,0.9973545175761876,0.9996848942322614,0.9833714961574989,9.706884918310724e-05,0.9,1.25
HistoKit (no postprocessing),gaussian,59c3e1ff-f1eb-ac9b-3a83-925048a454e4_130514_1.png,4979897,708946,119080,83198,0.9800948074369086,0.9609665825642708,0.9766462959138666,0.9835677584560432,0.9656639203302733,0.9800948074369086,0.8561880907121274,0.8949711163626816,0.023353704086133357,0.9,1.25
HistoKit (no postprocessing),gaussian,228e0715-eef2-126e-c558-f7684e2bcfa8_110725_7.png,7392851,366769,584,1840905,0.8892483402638486,0.8005824996697111,0.9999210110050335,0.8006331334724461,0.8082003860179069,0.8892483402638485,0.9984102484531228,0.16613367734547763,7.89889949664804e-05,0.9,1.25
HistoKit (no postprocessing),gaussian,f761dbde-597d-9a8f-e1a1-2533f0d71b83_120113_1.png,9232961,1000711,8460,138108,0.9921252879115046,0.9843736289956564,0.9990845563685499,0.9852623003842998,0.9858800952579131,0.9921252879115047,0.9916168815790386,0.8787269970030356,0.0009154436314501849,0.9,1.25
HistoKit (no postprocessing),gaussian,c38dfb82-e376-0eab-4312-72ca49852e8b_104329_1.png,3513459,811619,41371,77289,0.9833939255858658,0.9673303655524502,0.9883620313770278,0.9784755154079318,0.9732972555987774,0.9833939255858658,0.9514988452385139,0.9130517443874957,0.011637968622972126,0.9,1.25
HistoKit (no postprocessing),gaussian,7d4546a5-f4cc-3733-763f-d1c5a5904dff_120251_4.png,3328532,263056,3591,126357,0.9808534300513981,0.9624262681871805,0.9989223086902854,0.9634266108115196,0.9650821596244131,0.9808534300513981,0.9865327567908133,0.6755193072650374,0.0010776913097145574,0.9,1.25
HistoKit (no postprocessing),gaussian,59c3e1ff-f1eb-ac9b-3a83-925048a454e4_130514_3.png,2338744,412474,5,78865,0.9834179849372146,0.9673769261759735,0.9999978621049116,0.9673789268653451,0.9721316086284243,0.9834179849372146,0.9999878781707675,0.8394896395360434,2.137895088357066e-06,0.9,1.25
HistoKit (no postprocessing),gaussian,c0272a60-2518-4785-1810-6431c15f4b4b_130712_3.png,33298437,2107006,181182,294974,0.9929009320139556,0.9859019470641733,0.9945882896696047,0.9912192899970771,0.9867297998620407,0.9929009320139557,0.9208185691035876,0.8771954803953406,0.005411710330395337,0.9,1.25
HistoKit (no postprocessing),gaussian,7e3642ed-4a56-9d3f-3ecf-de46d455c0fd_113100_4.png,8159669,3779195,820,104220,0.9936046284370708,0.9872905386021456,0.9998995158255835,0.987388504371247,0.9912785754519465,0.9936046284370709,0.9997830696439035,0.9731627961472055,0.00010048417441650862,0.9,1.25
HistoKit (no postprocessing),gaussian,7e3642ed-4a56-9d3f-3ecf-de46d455c0fd_113100_3.png,3808763,1524382,29441,125326,0.9800873435934543,0.9609522319750323,0.9923294853530453,0.9681435778397489,0.9717985638253674,0.9800873435934543,0.9810525394462561,0.9240314043454962,0.007670514646954669,0.9,1.25
HistoKit (no postprocessing),gaussian,b0f43f79-08e2-79bc-61fa-379c7ef1dd21_131900_5.png,7280255,151173,19609,569004,0.9611454075592363,0.9251972456521065,0.9973137855718955,0.9275085711912424,0.9266072330552924,0.9611454075592363,0.8851811080793058,0.20991089690451098,0.002686214428104414,0.9,1.25
HistoKit (no postprocessing),gaussian,3e1fffa8-5bae-87b0-bc39-e4a1bc285608_122517_7.png,3244275,351973,22,2942242,0.6880159019147234,0.5244087202877086,0.9999932188699123,0.5244105851483153,0.5500101552157433,0.6880159019147234,0.9999374991122033,0.10684578875392164,6.781130087658436e-06,0.9,1.25
HistoKit (no postprocessing),gaussian,66e65946-ef0a-6028-f7a7-e909aade97a4_112429_5.png,13328600,464581,14707,15152,0.9988811431038542,0.9977647870910858,0.9988977994735488,0.9988644872896318,0.9978399107576915,0.9988811431038542,0.9693149004356462,0.9684157646023934,0.0011022005264512014,0.9,1.25
HistoKit (no postprocessing),gaussian,cbd7b0be-5303-525e-8ff2-6d1502e77bdd_110516_5.png,4616360,465979,174816,40320,0.9772291194954708,0.9554721767336659,0.9635129245930435,0.9913414707473994,0.9593889541715629,0.9772291194954706,0.7271888825599451,0.9203632636051029,0.036487075406956455,0.9,1.25
HistoKit (no postprocessing),gaussian,1875292b-dccd-c5b5-17ad-67c30baa6d69_130951_13.png,11301035,340944,50796,1371052,0.9408153158031924,0.8882448262709011,0.9955253033629553,0.8918053513994971,0.8911614490914492,0.9408153158031924,0.8703323633021902,0.19914999801401406,0.00447469663704472,0.9,1.25
HistoKit (no postprocessing),gaussian,1875292b-dccd-c5b5-17ad-67c30baa6d69_130951_12.png,7047065,283547,2598,1134150,0.925365563298452,0.8610979991844877,0.9996314717455288,0.8613714466616511,0.8657494189452203,0.925365563298452,0.9909206870642506,0.20000536080699896,0.00036852825447117115,0.9,1.25
HistoKit (no postprocessing),gaussian,6f1702fd-ae84-1c96-04ae-a23a14a5d2d4_111419_3.png,4559464,345820,15634,58826,0.9919007008080155,0.9839315448419094,0.9965828054393588,0.9872623849953122,0.9850474241246137,0.9919007008080155,0.9567469166200955,0.8546235474958359,0.0034171945606411053,0.9,1.25
HistoKit (no postprocessing),gaussian,e398b039-2e70-a00a-855c-e3ff4eba631e_115619_3.png,17592776,540192,22381,3219051,0.9156469839006881,0.8444177959632543,0.9987294464647689,0.8453258812885577,0.8483498016318587,0.9156469839006881,0.960216718541416,0.14369701559595907,0.0012705535352310513,0.9,1.25
HistoKit (no postprocessing),gaussian,04e13be9-17d6-1bd0-76ee-d5d53a64912e_105258_3.png,9294064,317457,2,1561977,0.9224828433913527,0.856118937627642,0.9999997848089308,0.8561190953497688,0.8602068286570904,0.9224828433913528,0.9999936999738549,0.16891095936329767,2.151910692263214e-07,0.9,1.25
HistoKit (no postprocessing),gaussian,b91bdd22-8eea-af27-bee7-880d6f1d7c1e_121440_1.png,5322303,1311060,73532,433217,0.9545571816160457,0.9130649374889777,0.9863724520857291,0.9247301720782831,0.9290278639886881,0.9545571816160459,0.946892658631568,0.751635204729524,0.013627547914270914,0.9,1.25
HistoKit (no postprocessing),gaussian,b91bdd22-8eea-af27-bee7-880d6f1d7c1e_121440_2.png,8842801,1022071,1881,2070082,0.8951306499561055,0.8101687768970544,0.9997873298327741,0.8103084217067112,0.826422749413894,0.8951306499561054,0.998162999828117,0.330537007709515,0.00021267016722591043,0.9,1.25
HistoKit (no postprocessing),gaussian,b1a83861-bd20-5668-5a83-92a470ead44d_110338_3.png,843321,1700229,46398,93723,0.9232954685418963,0.8575198130647257,0.9478509506934212,0.8999801503451279,0.9477875641239183,0.9232954685418963,0.9734356562677664,0.947756127254241,0.05214904930657882,0.9,1.25
HistoKit (no postprocessing),gaussian,3e1fffa8-5bae-87b0-bc39-e4a1bc285608_122517_3.png,10388222,507219,1511,1723472,0.9233389509029805,0.8575948314257045,0.9998545679662798,0.8577018210664834,0.8633181420846082,0.9233389509029807,0.9970298586676626,0.22738200853457516,0.00014543203372021206,0.9,1.25
HistoKit (no postprocessing),gaussian,c74350c8-f970-c60d-af8a-f9c4d9c5bab2_124242_5.png,0,5521345,5579519,1850,0.0,0.0,0.0,0.0,0.49729687714193127,,0.4973797535038714,0.9996650489435915,1.0,0.9,1.25
HistoKit (no postprocessing),gaussian,0504f20c-cba2-27c1-e181-78505aa24ca7_112258_4.png,9971252,1324289,451416,106403,0.9727897458005905,0.9470210619721341,0.9566890166702038,0.9894416905520182,0.9529400102586946,0.9727897458005905,0.7457820978146708,0.9256282973554056,0.043310983329796174,0.9,1.25
HistoKit (no postprocessing),gaussian,c74350c8-f970-c60d-af8a-f9c4d9c5bab2_124242_4.png,0,2720102,917276,1278,0.0,0.0,0.0,0.0,0.7475567901994583,,0.7478194457656037,0.999530385319213,1.0,0.9,1.25
HistoKit (no postprocessing),gaussian,5fe08b37-e6eb-942a-a4ce-507361c4911e_102333_2.png,9035544,70880,12104,152882,0.9909527675748628,0.9820677721826895,0.9986621937546641,0.9833614592967282,0.9822048642008065,0.9909527675748628,0.8541405572158488,0.3167651343838543,0.0013378062453358044,0.9,1.25
HistoKit (no postprocessing),gaussian,cbd7b0be-5303-525e-8ff2-6d1502e77bdd_110516_4.png,3241679,341142,1095,76554,0.9881650789276707,0.9766070120217104,0.999662326144221,0.9769292873646908,0.9787871502839799,0.9881650789276708,0.9968004628371567,0.8167231670880257,0.0003376738557790336,0.9,1.25
HistoKit (no postprocessing),gaussian,7e6be544-b3c1-c3b1-a8a1-838402bd2649_124526_4.png,4616811,475220,17374,73955,0.9902059538972376,0.9806018937414775,0.996250904959556,0.9842339182982055,0.9823803478824547,0.9902059538972375,0.9647295744568549,0.8653343651841399,0.0037490950404440045,0.9,1.25
HistoKit (no postprocessing),gaussian,66e65946-ef0a-6028-f7a7-e909aade97a4_112429_3.png,4702283,170128,12220,5807,0.9980868323613256,0.9961809711650295,0.9974079982555956,0.9987665911229394,0.9963138271050569,0.9980868323613256,0.9329852808914822,0.9669934919146276,0.0025920017444044474,0.9,1.25
HistoKit (no postprocessing),gaussian,24aa9d72-799e-9634-ead4-94165f32d151_102546_6.png,8291089,117638,3529,33068,0.99779785212809,0.9956053818551757,0.999574543396694,0.9960274656040246,0.9956665960950699,0.99779785212809,0.9708749081845717,0.7805794062611973,0.0004254566033059027,0.9,1.25
HistoKit (no postprocessing),gaussian,0f3058e5-e9f7-bd55-4b60-07a71af55b96_123333_3.png,30739518,1529778,103814,389719,0.9920362668844662,0.9841983737035489,0.9966341509406312,0.9874806118762243,0.9849361909498109,0.9920362668844663,0.9364504723333611,0.7969681640554791,0.0033658490593688126,0.9,1.25
HistoKit (no postprocessing),gaussian,def4a0a8-b472-78ea-531c-84458df3a3e9_124843_6.png,16589110,7844950,2137151,11288,0.9391836346595923,0.8853404466080382,0.8858741208402467,0.9993200163032235,0.919178441424939,0.9391836346595923,0.7859016854267453,0.9985631799851278,0.11412587915975325,0.9,1.25
HistoKit (no postprocessing),gaussian,84acf623-2a5d-c4c6-c1db-583a94b80fc7_105804_1.png,45189460,3749466,41789,987445,0.9887402386443556,0.9777312184545933,0.9990761033373189,0.9786160419369813,0.9794022033230761,0.9887402386443556,0.9889775285492535,0.7915424207885687,0.0009238966626811477,0.9,1.25
HistoKit (no postprocessing),gaussian,9e7010fd-072a-6a7f-3911-83d91e8c9301_113642_6.png,6909590,1656097,22176,976937,0.9325757022080748,0.873669171797196,0.9968008152612191,0.8761258282638226,0.895542719136835,0.9325757022080747,0.9867864167510292,0.6289690904105302,0.003199184738780853,0.9,1.25
HistoKit (no postprocessing),gaussian,b91bdd22-8eea-af27-bee7-880d6f1d7c1e_121440_4.png,6376313,255849,19910,330119,0.9732856432532185,0.947961462560185,0.9968872254766602,0.9507757627304653,0.949868314974483,0.9732856432532185,0.9277992740037496,0.4366262321491959,0.00311277452333979,0.9,1.25
HistoKit (no postprocessing),gaussian,1875292b-dccd-c5b5-17ad-67c30baa6d69_130951_4.png,3882322,151337,1742,175234,0.9777153779707415,0.9564023138976246,0.999551500696178,0.9568129189098068,0.9579692849178331,0.9777153779707415,0.9886202549010642,0.4634122441980458,0.00044849930382197614,0.9,1.25
HistoKit (no postprocessing),gaussian,859ead5f-592a-5c4e-67de-d71b0ee92f6d_113334_2.png,12674833,607292,32786,333833,0.9857437028715462,0.9718881762552206,0.9974199730098927,0.9743376453819323,0.9731389935953081,0.9857437028715462,0.9487781176669093,0.6452830389161908,0.0025800269901072735,0.9,1.25
HistoKit (no postprocessing),gaussian,969ce636-2f0f-f223-bb1c-2b4624598a38_125938_4.png,15562245,766436,74805,3946534,0.8855813302909998,0.7946576581692095,0.9952161692902434,0.7977047154001796,0.802391398141132,0.8855813302909998,0.9110778005351617,0.1626227198560568,0.004783830709756636,0.9,1.25
HistoKit (no postprocessing),gaussian,35ce6eab-4a33-9fbb-2efe-2acf7936ba3e_104917_2.png,7217298,4931322,458942,182738,0.9574377651351037,0.9183507066694931,0.9402126561962627,0.975305795809642,0.9498307311009124,0.9574377651351037,0.9148572314825396,0.9642675291255871,0.05978734380373724,0.9,1.25
HistoKit (no postprocessing),gaussian,d9d9ce51-54c1-b32b-5fae-fd9ffdaa32e5_111717_3.png,10954538,739561,22448,968203,0.9567396152801297,0.9170669463664409,0.9979549942033269,0.9187935894942278,0.921902205404127,0.9567396152801297,0.9705410303552845,0.43305808062472334,0.002045005796673149,0.9,1.25
HistoKit (no postprocessing),gaussian,6b809376-ab46-9021-2fa3-0d0025b512da_132412_1.png,3770546,439091,7927,49149,0.9924881892582528,0.9850883916959408,0.9979020625527826,0.987132742273925,0.986622957766318,0.9924881892582528,0.9822669333225955,0.8993343437653613,0.0020979374472174343,0.9,1.25
HistoKit (no postprocessing),gaussian,c38dfb82-e376-0eab-4312-72ca49852e8b_104329_5.png,2637079,526324,3828,54847,0.9889974053190865,0.9782342899240806,0.9985504979917884,0.9796253686022572,0.9817897021735662,0.9889974053190864,0.9927794292957491,0.9056267432476844,0.0014495020082115728,0.9,1.25
HistoKit (no postprocessing),gaussian,cbd7b0be-5303-525e-8ff2-6d1502e77bdd_110516_2.png,9591779,749788,30237,43296,0.9961815104887857,0.9923920717717131,0.99685751925584,0.995506417957307,0.9929397701414293,0.9961815104887857,0.9612358578250697,0.9454080526148554,0.0031424807441600595,0.9,1.25
HistoKit (no postprocessing),gaussian,e3dca99c-de77-4ab1-72a1-8daf3d4d032c_120923_2.png,9155049,1304689,2855,167103,0.9908031663973312,0.9817739547005165,0.9996882474417726,0.9820746325526553,0.9840110196942603,0.9908031663973313,0.9978165170732304,0.886462896931088,0.00031175255822729744,0.9,1.25
HistoKit (no postprocessing),gaussian,8e6bc805-8b70-bd59-8612-caf5bbe72e5e_125634_1.png,64584316,1031404,139319,97319,0.9981713418626614,0.9963493594987818,0.9978474787455927,0.9984954152751395,0.9964065371812502,0.9981713418626614,0.880997469085343,0.9137795544168056,0.0021525212544072966,0.9,1.25
HistoKit (no postprocessing),gaussian,7e6be544-b3c1-c3b1-a8a1-838402bd2649_124526_3.png,50321607,506377,42730,35726,0.9992210613664368,0.9984433352791642,0.9991515821999205,0.9992905501965325,0.9984588197485427,0.9992210613664368,0.9221827439825026,0.9340973947755316,0.0008484178000794491,0.9,1.25
HistoKit (no postprocessing),gaussian,859ead5f-592a-5c4e-67de-d71b0ee92f6d_113334_1.png,20393938,373687,8071,205944,0.9947803626910768,0.9896149316722529,0.9996044017037734,0.9900026611802922,0.9897998917148516,0.994780362691077,0.9788583343374598,0.6446980924070659,0.0003955982962266118,0.9,1.25
HistoKit (no postprocessing),gaussian,b0f43f79-08e2-79bc-61fa-379c7ef1dd21_131900_4.png,13131969,195333,12405,400625,0.9845173559453982,0.9695068268369751,0.9990562502253816,0.9703955501805492,0.9699403187637679,0.9845173559453984,0.9402853594431447,0.32776303028065734,0.0009437497746184033,0.9,1.25
HistoKit (no postprocessing),gaussian,24aa9d72-799e-9634-ead4-94165f32d151_102546_7.png,11000031,597922,10965,57602,0.9968930104357638,0.9938052678397029,0.9990041772787857,0.9947907477124626,0.9941227546860589,0.9968930104357637,0.9819917324561044,0.9121283126170819,0.0009958227212143206,0.9,1.25
HistoKit (no postprocessing),gaussian,19a1c0fb-3d0a-327d-ea5a-6aae35f53e51_121144_3.png,24664182,1527189,33302,188123,0.995531262504468,0.9911022865546337,0.9986516035398586,0.9924303600812883,0.9916167527284881,0.995531262504468,0.9786592809570834,0.8903272407585325,0.001348396460141446,0.9,1.25
HistoKit (no postprocessing),gaussian,7ea29210-064a-9e70-4612-3ab81fa629dc_120503_1.png,8594793,155919,5214,1191594,0.9349079542187555,0.8777719802920891,0.9993937214237151,0.8782396404311418,0.879687801582706,0.9349079542187554,0.9676416376533671,0.11570871672481081,0.0006062785762848798,0.9,1.25
HistoKit (no postprocessing),gaussian,7ea29210-064a-9e70-4612-3ab81fa629dc_120503_4.png,2694304,178072,3111,592120,0.9005269025453392,0.8190531488493055,0.9988466735745148,0.819828482265222,0.8283453113343006,0.9005269025453391,0.9828295149103393,0.23120468662359517,0.0011533264254851405,0.9,1.25
HistoKit (no postprocessing),gaussian,f761dbde-597d-9a8f-e1a1-2533f0d71b83_120113_5.png,3492942,658468,539525,31272,0.9244645896789874,0.8595389615327166,0.8662047327355685,0.9911265320437408,0.8791249515321967,0.9244645896789873,0.5496426105995611,0.954661176675269,0.13379526726443142,0.9,1.25
HistoKit (no postprocessing),gaussian,5fe08b37-e6eb-942a-a4ce-507361c4911e_102333_3.png,13430160,1661128,21574,1746133,0.9382525732562709,0.883687164784374,0.9983961918961526,0.8849433784653472,0.8951475458649819,0.9382525732562709,0.9871789538492258,0.48752590423803754,0.0016038081038474295,0.9,1.25
HistoKit (no postprocessing),gaussian,969ce636-2f0f-f223-bb1c-2b4624598a38_125938_2.png,4209954,329904,5172,1581474,0.8414393206692334,0.7262798882103302,0.9987729904159449,0.7269284881034522,0.7410193480653894,0.8414393206692334,0.9845646957705118,0.17260008224432843,0.0012270095840551385,0.9,1.25
HistoKit (no postprocessing),gaussian,969ce636-2f0f-f223-bb1c-2b4624598a38_125938_5.png,12957875,271464,9365,1430081,0.9473794302186686,0.9000198717525295,0.9992777954290967,0.9006056871455542,0.9018701276213401,0.9473794302186684,0.9666523044272494,0.15953971243781387,0.0007222045709032917,0.9,1.25
HistoKit (no postprocessing),gaussian,a40a1d35-8d5f-0529-214c-05d84888ba26_111152_2.png,2755968,3931795,0,126317,0.9775964292485634,0.9561747016689883,1.0,0.9561747016689883,0.9814623544190851,0.9775964292485634,1.0,0.9688729635850366,0.0,0.9,1.25
HistoKit (no postprocessing),gaussian,9e7010fd-072a-6a7f-3911-83d91e8c9301_113642_2.png,2612031,922198,9976,424151,0.9232745671804177,0.8574837549463947,0.9961952809431859,0.8603011940654414,0.8906028088205796,0.9232745671804176,0.9892981353266664,0.684962071498549,0.0038047190568141123,0.9,1.25
HistoKit (no postprocessing),gaussian,04e13be9-17d6-1bd0-76ee-d5d53a64912e_105258_1.png,14274098,265282,45886,624192,0.9770664755898997,0.9551612614840724,0.9967956668108009,0.958103111162422,0.955943334732901,0.9770664755898997,0.8525362505141917,0.2982459296168297,0.003204333189199094,0.9,1.25
HistoKit (no postprocessing),gaussian,40f80889-968b-7602-00a3-4e00b00e88fe_110004_1.png,8175789,912942,79810,3476234,0.8213727385420518,0.6968893096245062,0.9903326215335798,0.7016626211602912,0.7187736436591399,0.8213727385420517,0.9196073138104985,0.20799849447823465,0.009667378466420183,0.9,1.25
HistoKit (no postprocessing),gaussian,2125a939-8f92-6ca7-9a29-e1755d6267ed_103351_3.png,10165254,2466023,375485,758134,0.9471854131314076,0.899669728122442,0.9643777348058803,0.9305953427636188,0.9176442015980361,0.9471854131314076,0.8678571378296313,0.7648582249561668,0.03562226519411969,0.9,1.25
HistoKit (no postprocessing),gaussian,f9a50b4c-7c73-18cd-0877-8296eed330e2_114604_2.png,8947977,1662288,34724,1831977,0.9055440172385745,0.827391902005774,0.9961343475642794,0.8300570670338667,0.8503882273943841,0.9055440172385745,0.9795381529417588,0.4757189280149044,0.0038656524357206143,0.9,1.25
HistoKit (no postprocessing),gaussian,c38dfb82-e376-0eab-4312-72ca49852e8b_104329_2.png,5762405,750901,17065,65120,0.9929193559573344,0.9859382779630393,0.9970473071060149,0.9888254447642867,0.9875392142904903,0.9929193559573342,0.9777789641728931,0.9201981321559126,0.0029526928939850885,0.9,1.25
HistoKit (no postprocessing),gaussian,0f3058e5-e9f7-bd55-4b60-07a71af55b96_123333_2.png,15231656,843356,31828,93388,0.9959064391722282,0.9918462561907139,0.9979147617935722,0.9939061838908912,0.9922707260663245,0.9959064391722283,0.9636327903617982,0.9003057398819742,0.002085238206427838,0.9,1.25
HistoKit (no postprocessing),gaussian,0502ebf6-5b9d-c3a6-85fe-a3909acf1f7b_112628_1.png,7717623,2942823,390042,44691,0.972606580008707,0.9466739430908071,0.9518921909082332,0.9942425673581358,0.9608178471027822,0.9726065800087069,0.8829709574195175,0.9850407395580406,0.048107809091766866,0.9,1.25
HistoKit (no postprocessing),gaussian,7d4546a5-f4cc-3733-763f-d1c5a5904dff_120251_3.png,2835955,445491,15236,210898,0.9616594925368478,0.9261504156149609,0.9946562682051114,0.9307816950801368,0.9355299095102606,0.9616594925368479,0.9669305250180693,0.6786996735167713,0.005343731794888522,0.9,1.25
HistoKit (no postprocessing),gaussian,c0272a60-2518-4785-1810-6431c15f4b4b_130712_2.png,16990721,1511703,68736,302479,0.9891939945140197,0.9786190318867666,0.9959707978981981,0.9825087895820322,0.9803315619208357,0.9891939945140197,0.9565082866216286,0.8332697601453437,0.0040292021018019505,0.9,1.25
HistoKit (no postprocessing),gaussian,c38dfb82-e376-0eab-4312-72ca49852e8b_104329_4.png,5032437,144938,6866,21379,0.9972015588045677,0.9944187364469849,0.9986375099889806,0.9957697312288377,0.994574133340505,0.9972015588045677,0.9547706252799663,0.8714563153496034,0.001362490011019381,0.9,1.25
HistoKit (no postprocessing),gaussian,7ea29210-064a-9e70-4612-3ab81fa629dc_120503_3.png,3685616,234055,4594,760808,0.9059313716212379,0.8280388890811046,0.9987550843989909,0.8288944104295947,0.8366296533693285,0.9059313716212379,0.9807499717157835,0.23526354885044473,0.0012449156010091566,0.9,1.25
HistoKit (no postprocessing),gaussian,228e0715-eef2-126e-c558-f7684e2bcfa8_110725_12.png,2209053,6120150,448488,136677,0.8830435129338386,0.7905800477987043,0.8312394804068874,0.9417337033673953,0.9343570963191109,0.8830435129338386,0.9317228320391533,0.9781555411393027,0.16876051959311258,0.9,1.25
HistoKit (no postprocessing),gaussian,5fe08b37-e6eb-942a-a4ce-507361c4911e_102333_4.png,4535580,514447,14241,2759932,0.7658003367233323,0.6204833460173005,0.996869986753325,0.6216945431657162,0.6454368497737788,0.7658003367233324,0.9730635081560391,0.1571128449089125,0.003130013246674979,0.9,1.25
HistoKit (no postprocessing),gaussian,7e6be544-b3c1-c3b1-a8a1-838402bd2649_124526_2.png,49823647,1386515,62307,120726,0.9981665591458996,0.9963398289988458,0.9987510111563668,0.9975827907580299,0.9964385751849053,0.9981665591458997,0.9569947170873992,0.9199026565758229,0.0012489888436332198,0.9,1.25
HistoKit (no postprocessing),gaussian,be2180cd-04c9-2627-2456-4397fd5e59ee_103647_6.png,3758954,360934,9443,79396,0.988321026057525,0.9769116997717913,0.9974941599836747,0.9793150702775932,0.978891717139173,0.9883210260575249,0.9745043563720209,0.8196897781209548,0.0025058400163252437,0.9,1.25
HistoKit (no postprocessing),gaussian,0f3058e5-e9f7-bd55-4b60-07a71af55b96_123333_1.png,18714263,804323,33450,184964,0.9941983598135732,0.9884636493824935,0.9982157823730287,0.9902131446963413,0.9889337791964331,0.9941983598135731,0.9600727165950681,0.8130330227729667,0.0017842176269713538,0.9,1.25
HistoKit (no postprocessing),gaussian,228e0715-eef2-126e-c558-f7684e2bcfa8_110725_1.png,7684983,562976,18415,2299225,0.8689681350884908,0.7682967757557193,0.9976094964845383,0.7697138320836264,0.7806428201562448,0.8689681350884907,0.9683259630782038,0.19669338386786953,0.0023905035154616183,0.9,1.25
HistoKit (no postprocessing),gaussian,6f1702fd-ae84-1c96-04ae-a23a14a5d2d4_111419_1.png,2961822,787555,808,42437,0.9927525046971714,0.9856093058823647,0.9997272693518934,0.9858743869952624,0.9885975981787798,0.9927525046971715,0.9989750914236208,0.9488705915237737,0.000272730648106581,0.9,1.25
HistoKit (no postprocessing),gaussian,9e7010fd-072a-6a7f-3911-83d91e8c9301_113642_4.png,6661705,228792,33858,1186525,0.9160890835011197,0.8451700869109809,0.9949432183671485,0.8488162299015192,0.8495375347681139,0.9160890835011196,0.8710908052541405,0.16165424424351577,0.005056781632851487,0.9,1.25
HistoKit (no postprocessing),gaussian,deaaef3a-8172-327d-10b9-23d266fb17ca_123636_5.png,2213829,163477,238,610852,0.878721857096247,0.7836787532669078,0.9998925055113508,0.7837447839242733,0.7955123752006092,0.8787218570962468,0.9985462541611948,0.21112085431386401,0.00010749448864916915,0.9,1.25
HistoKit (no postprocessing),gaussian,f761dbde-597d-9a8f-e1a1-2533f0d71b83_120113_2.png,3074686,464550,20839,32029,0.9914759828707048,0.9830960552559604,0.9932680240023906,0.9896903964476947,0.9852821633226655,0.9914759828707047,0.9570674242720787,0.9355006957603926,0.006731975997609452,0.9,1.25
HistoKit (no postprocessing),gaussian,9e7010fd-072a-6a7f-3911-83d91e8c9301_113642_7.png,2653131,3480392,128878,671344,0.8689553595817168,0.7682768022846201,0.9536744848776549,0.7980601448348987,0.8845902178404311,0.8689553595817168,0.9642925023619735,0.8382980035339433,0.04632551512234504,0.9,1.25
HistoKit (no postprocessing),gaussian,3e1fffa8-5bae-87b0-bc39-e4a1bc285608_122517_5.png,4998112,1793828,202950,655025,0.9209545540854742,0.8534900523165042,0.9609791231098572,0.8841307047750656,0.8878451590638589,0.9209545540854742,0.8983612599898436,0.7325176317239132,0.039020876890142824,0.9,1.25
HistoKit (no postprocessing),gaussian,8e6bc805-8b70-bd59-8612-caf5bbe72e5e_125634_3.png,31274185,393556,25488,41656,0.9989276778914568,0.9978576530688918,0.9991856783935091,0.998669810592026,0.997884221102424,0.9989276778914569,0.9391758383367856,0.9042857274156043,0.0008143216064909049,0.9,1.25
HistoKit (no postprocessing),gaussian,7e3642ed-4a56-9d3f-3ecf-de46d455c0fd_113100_2.png,2178731,1257096,0,147065,0.9673517330454452,0.9367678850595667,1.0,0.9367678850595667,0.958953549255741,0.9673517330454452,1.0,0.8952648592291055,0.0,0.9,1.25
HistoKit (no postprocessing),gaussian,1875292b-dccd-c5b5-17ad-67c30baa6d69_130951_1.png,9847097,350095,5950,2077539,0.9043291703713384,0.8253657448175639,0.9993961258887732,0.8257775750974705,0.8303441804245221,0.9043291703713384,0.9832886292463031,0.14421243070413414,0.0006038741112267098,0.9,1.25
HistoKit (no postprocessing),gaussian,54b22c23-34e4-1c55-9de2-c8e205e762bc_131621_2.png,20971423,1723958,70331,331123,0.990519290671944,0.9812166607237762,0.9966575505064834,0.9844561772099917,0.9826186574913836,0.9905192906719439,0.960802858402409,0.838875937250162,0.0033424494935165574,0.9,1.25
HistoKit (no postprocessing),gaussian,7d4546a5-f4cc-3733-763f-d1c5a5904dff_120251_1.png,6513786,928831,32493,258506,0.9781508842052199,0.9572361213469639,0.9950364168713249,0.9618288756598209,0.9623721943266901,0.97815088420522,0.9661997411902751,0.78228085202432,0.004963583128675084,0.9,1.25
HistoKit (no postprocessing),gaussian,be2180cd-04c9-2627-2456-4397fd5e59ee_103647_1.png,28915055,456055,8071,47479,0.9990403495442567,0.9980825391806626,0.9997209499415797,0.9983606752088751,0.9981122560290566,0.9990403495442568,0.9826103256443294,0.905708452656623,0.00027905005842037957,0.9,1.25
HistoKit (no postprocessing),gaussian,f761dbde-597d-9a8f-e1a1-2533f0d71b83_120113_3.png,10043332,14763851,348919,86038,0.9788049394343653,0.9584896923533985,0.9664250796097977,0.991506085768414,0.982768616290061,0.9788049394343653,0.9769123066122226,0.9942061519786444,0.033574920390202274,0.9,1.25
HistoKit (no postprocessing),gaussian,9601a588-d18f-b3b2-00f0-b816a7730c15_114312_2.png,5466817,420362,22325,46976,0.9937015896213147,0.9874820226013968,0.995932879856269,0.9914802750121378,0.9883654440206296,0.9937015896213148,0.9495693345411091,0.8994817455460502,0.004067120143731024,0.9,1.25
HistoKit (no postprocessing),gaussian,1c7a4a4c-ace6-25f8-ee0c-f8914aeab226_121941_3.png,7016065,3865548,532225,121390,0.9554932351065608,0.9147793649800252,0.9294906528498508,0.9829925372559266,0.9433374875641817,0.9554932351065609,0.8789785193551373,0.9695530755682682,0.07050934715014924,0.9,1.25
HistoKit (no postprocessing),gaussian,6f1702fd-ae84-1c96-04ae-a23a14a5d2d4_111419_2.png,6471223,565441,14758,147614,0.9876097478042045,0.9755227746041174,0.9977246310157245,0.977697894660346,0.9774453135114202,0.9876097478042046,0.9745638996275415,0.7929837109339392,0.0022753689842754704,0.9,1.25
HistoKit (no postprocessing),gaussian,f9a50b4c-7c73-18cd-0877-8296eed330e2_114604_5.png,4904251,3231084,402840,1127265,0.8650535290622561,0.7621976465088348,0.9240940093169686,0.8131042013318045,0.8416931872734196,0.8650535290622561,0.8891446271303417,0.7413550406358004,0.07590599068303144,0.9,1.25
HistoKit (no postprocessing),gaussian,2125a939-8f92-6ca7-9a29-e1755d6267ed_103351_7.png,714730,336618,8750,1652352,0.4625242916984031,0.3008335606221315,0.9879056781113507,0.30194560222248323,0.3876008774355288,0.4625242916984031,0.9746647054735817,0.16924237167981418,0.012094321888649307,0.75,1.25
HistoKit (no postprocessing),gaussian,9601a588-d18f-b3b2-00f0-b816a7730c15_114312_1.png,9501929,1029001,331894,57074,0.9799426860221403,0.9606741431035022,0.96624974844473,0.9940292936407699,0.9643798870648792,0.9799426860221403,0.7561207881577933,0.947449301383422,0.03375025155527001,0.9,1.25
HistoKit (no postprocessing),gaussian,54b22c23-34e4-1c55-9de2-c8e205e762bc_131621_1.png,26123846,1341416,131493,168493,0.9942911654440754,0.9886471424735065,0.9949917614851592,0.9935915553195933,0.989195630451419,0.9942911654440755,0.9107256456440962,0.8884085067378232,0.005008238514840734,0.9,1.25
HistoKit (no postprocessing),gaussian,228e0715-eef2-126e-c558-f7684e2bcfa8_110725_2.png,2739850,184404,61905,754347,0.8703528870614007,0.7704644017522557,0.9779049203088779,0.7841143473021126,0.7817803259772875,0.8703528870614007,0.7486693543475877,0.1964354765001582,0.02209507969112217,0.75,1.25
HistoKit (no postprocessing),gaussian,be2180cd-04c9-2627-2456-4397fd5e59ee_103647_4.png,4386377,438872,25729,461146,0.9474195996405471,0.9000923818427613,0.9941685444547343,0.9048697654451562,0.9083464542619863,0.9474195996405471,0.9446212987057712,0.48762580303949477,0.005831455545265685,0.75,1.25
HistoKit (no postprocessing),gaussian,39bcf904-a619-148a-5bca-38122a540be1_104536_1.png,1660779,912183,1513,344841,0.9055718894019268,0.8274384408008837,0.9990898109357441,0.828062643970443,0.8813578249151514,0.9055718894019267,0.9983440881868806,0.7256687223155643,0.0009101890642558588,0.75,1.25
HistoKit (no postprocessing),gaussian,be2180cd-04c9-2627-2456-4397fd5e59ee_103647_3.png,21826663,1450300,40263,251473,0.9933613474023544,0.9868102569268237,0.998158726105352,0.9886098627166714,0.9876218878267315,0.9933613474023544,0.9729880588743984,0.852228822528034,0.0018412738946480178,0.9,1.25
HistoKit (no postprocessing),gaussian,9e7010fd-072a-6a7f-3911-83d91e8c9301_113642_3.png,3202756,270950,3701,566919,0.9182039560031261,0.8487773283128954,0.9988457665267303,0.8496106428272995,0.8589085053974382,0.918203956003126,0.9865247168224401,0.3233799078376214,0.0011542334732697179,0.75,1.25
HistoKit (no postprocessing),gaussian,c74350c8-f970-c60d-af8a-f9c4d9c5bab2_124242_3.png,305196,1907860,1519476,21472,0.2837264216720741,0.16531538168203563,0.1672607460409323,0.9342696560422202,0.5895188177743018,0.2837264216720742,0.5566597497298194,0.9888707594131025,0.8327392539590677,0.75,1.25
HistoKit (no postprocessing),gaussian,332605c9-e7e2-297a-c808-98d567218fe3_115336_3.png,9186175,264545,32436,54420,0.9952947055252539,0.9906334832699254,0.9964814655917252,0.9941107688411839,0.9908932835764559,0.9952947055252539,0.8907808917068769,0.8293856692740583,0.003518534408274739,0.9,1.25
HistoKit (no postprocessing),gaussian,10fd35f3-17d4-d309-f849-cc9e883460c1_123055_2.png,4872774,3648768,3658773,97175,0.7218124569306986,0.5647156091017882,0.5711477648778117,0.9804474854772152,0.6940785127904808,0.7218124569306987,0.4993154331942852,0.9740586015323778,0.4288522351221883,0.9,1.25
HistoKit (no postprocessing),gaussian,969ce636-2f0f-f223-bb1c-2b4624598a38_125938_1.png,21879654,772164,143084,2327848,0.9465516077788045,0.8985267952073104,0.9935028968695899,0.9038377441836006,0.9016456399080515,0.9465516077788045,0.8436664160970578,0.2490841970934306,0.006497103130410033,0.9,1.25
HistoKit (no postprocessing),gaussian,332605c9-e7e2-297a-c808-98d567218fe3_115336_2.png,5420023,468047,13821,207965,0.979950337340144,0.9606888499770198,0.9974564967268107,0.9630480733079033,0.9637002901541378,0.9799503373401441,0.9713178712842521,0.6923649284332231,0.0025435032731892927,0.75,1.25
HistoKit (no postprocessing),gaussian,0502ebf6-5b9d-c3a6-85fe-a3909acf1f7b_112628_8.png,4019759,94730,686,43790,0.9944982641006413,0.9890567351543402,0.9998293721217427,0.9892237056819052,0.9893059931978269,0.9944982641006413,0.9928104301165424,0.6838723650014439,0.0001706278782572576,0.75,1.25
HistoKit (no postprocessing),gaussian,3e1fffa8-5bae-87b0-bc39-e4a1bc285608_122517_10.png,3466290,1758869,248981,1763740,0.774996839122574,0.6326488484874369,0.9329844310145882,0.6627667527719726,0.7219184346797681,0.7749968391225739,0.8759962148566875,0.49930860904517077,0.06701556898541183,0.75,1.25
HistoKit (no postprocessing),gaussian,def4a0a8-b472-78ea-531c-84458df3a3e9_124843_7.png,11417164,165434,59647,339761,0.9828091358187078,0.9661993342908586,0.994802824582543,0.9711012020575108,0.9666660156905279,0.9828091358187078,0.7349976230779142,0.32746563208266116,0.005197175417456992,0.75,1.25
HistoKit (no postprocessing),gaussian,7e6be544-b3c1-c3b1-a8a1-838402bd2649_124526_1.png,51766839,2598497,149087,259147,0.9960724794056126,0.9921756889539953,0.9971282993199427,0.9950188930585573,0.9925468798181313,0.9960724794056126,0.9457388745894575,0.9093144562443748,0.002871700680057214,0.9,1.25
HistoKit (no postprocessing),gaussian,b91bdd22-8eea-af27-bee7-880d6f1d7c1e_121440_5.png,2839650,762652,348964,5160874,0.507572611938471,0.34009869826748657,0.8905593464746752,0.3549330018883763,0.39532996639647766,0.507572611938471,0.6860750474984167,0.1287496670057665,0.1094406535253248,0.75,1.25
HistoKit (no postprocessing),gaussian,04e13be9-17d6-1bd0-76ee-d5d53a64912e_105258_2.png,3230261,117689,4683,939719,0.8724629719359712,0.7737776678021675,0.998552370612907,0.7746466409910839,0.7799802998449336,0.8724629719359712,0.9617314418330991,0.11129951731025299,0.0014476293870929451,0.75,1.25
HistoKit (no postprocessing),gaussian,d9d9ce51-54c1-b32b-5fae-fd9ffdaa32e5_111717_1.png,7436724,300508,7192,611586,0.9600588062683826,0.9231856686274797,0.9990338418649539,0.924010630803237,0.925948149894507,0.9600588062683827,0.9766265843353916,0.32947042739015936,0.0009661581350461235,0.75,1.25
HistoKit (no postprocessing),gaussian,cd7afea3-2dfd-f8a4-f2e6-1e02af01c417_132555_3.png,0,3999717,3033,106110,0.0,0.0,0.0,0.0,0.9734371577517852,,0.9992422709387296,0.9741562418484754,1.0,0.75,1.25
HistoKit (no postprocessing),gaussian,be2180cd-04c9-2627-2456-4397fd5e59ee_103647_5.png,4979292,480022,15984,94838,0.988994186946082,0.97822799253612,0.9968001768070472,0.9813095052747959,0.9801042559822597,0.988994186946082,0.9677745833719753,0.8350241798002992,0.0031998231929527016,0.75,1.25
HistoKit (no postprocessing),gaussian,0504f20c-cba2-27c1-e181-78505aa24ca7_112258_3.png,3523887,2214991,2651329,58015,0.7223212838053203,0.5653387464703298,0.5706499983158484,0.9838032978010007,0.679300094149988,0.7223212838053203,0.45516755988097785,0.9744765301983365,0.4293500016841516,0.75,1.25
HistoKit (no postprocessing),gaussian,19a1c0fb-3d0a-327d-ea5a-6aae35f53e51_121144_1.png,6536526,59607,4170,20845,0.9980901762069166,0.9961876333623458,0.9993624531701213,0.9968211345674967,0.9962219542592916,0.9980901762069166,0.9346159273719366,0.7409014070501666,0.0006375468298786551,0.75,1.25
HistoKit (no postprocessing),gaussian,cbd7b0be-5303-525e-8ff2-6d1502e77bdd_110516_1.png,11666204,482551,18727,50078,0.9970597677992162,0.9941367748418429,0.9983973375623698,0.9957257771706075,0.994368351782189,0.9970597677992161,0.9626414883557627,0.905979584288501,0.0016026624376301408,0.75,1.25
HistoKit (no postprocessing),gaussian,b0f43f79-08e2-79bc-61fa-379c7ef1dd21_131900_10.png,5062937,181972,4420,361751,0.9651001306227718,0.9325541138617983,0.9991277504229522,0.9333139528024469,0.9347414401505593,0.9651001306227719,0.9762865359028284,0.3346777679075559,0.0008722495770477588,0.75,1.25
HistoKit (no postprocessing),gaussian,def4a0a8-b472-78ea-531c-84458df3a3e9_124843_8.png,30124254,634288,188472,1144506,0.9783542410782358,0.9576257059108061,0.993782413366584,0.9633977810440836,0.9584632326546079,0.9783542410782357,0.7709271233409499,0.35658316814650826,0.006217586633415945,0.9,1.25
HistoKit (no postprocessing),gaussian,c0272a60-2518-4785-1810-6431c15f4b4b_130712_1.png,8109146,224322,49216,16266,0.9959786963390673,0.9919896049092387,0.9939674164985569,0.9979981322793232,0.9922035492531804,0.9959786963390673,0.8200761868552084,0.9323906429248342,0.006032583501443059,0.75,1.25
HistoKit (no postprocessing),gaussian,d9d9ce51-54c1-b32b-5fae-fd9ffdaa32e5_111717_2.png,6635919,751635,4962,1744989,0.8835058194466717,0.7913214729062101,0.9992528099810853,0.79178998266059,0.8084869994599182,0.8835058194466717,0.9934416869218355,0.3010605521696499,0.000747190018914659,0.75,1.25
HistoKit (no postprocessing),gaussian,6f1702fd-ae84-1c96-04ae-a23a14a5d2d4_111419_5.png,2299172,935949,24694,235716,0.9464039545941202,0.8982607316350872,0.9893737418594704,0.9070112762378456,0.9255020195787135,0.9464039545941202,0.9742943007964457,0.7988196284774232,0.010626258140529617,0.75,1.25
HistoKit (no postprocessing),gaussian,e398b039-2e70-a00a-855c-e3ff4eba631e_115619_4.png,4968102,186298,529,612415,0.941896350302413,0.8901739924738122,0.9998935320413208,0.8902583757024662,0.8937216160506465,0.941896350302413,0.9971685034818308,0.23324773729737716,0.00010646795867916132,0.75,1.25
HistoKit (no postprocessing),gaussian,2125a939-8f92-6ca7-9a29-e1755d6267ed_103351_8.png,6677008,209012,0,1488930,0.8996877035057596,0.8176657721378732,1.0,0.8176657721378732,0.8222162520373256,0.8996877035057597,1.0,0.12309725538328165,0.0,0.75,1.25
HistoKit (no postprocessing),gaussian,deaaef3a-8172-327d-10b9-23d266fb17ca_123636_1.png,3649673,3805430,280907,80512,0.9528220745578281,0.9098951108575919,0.9285329391591063,0.9784160839207707,0.9537621719736732,0.9528220745578281,0.9312570157576333,0.9792812141817866,0.07146706084089371,0.75,1.25
HistoKit (no postprocessing),gaussian,04e13be9-17d6-1bd0-76ee-d5d53a64912e_105258_4.png,8042104,382082,34948,687610,0.9570079097906165,0.9175600838914267,0.9956731738262921,0.9212333874855465,0.921003802008671,0.9570079097906165,0.9161978754526053,0.35718879827090416,0.004326826173707932,0.75,1.25
HistoKit (no postprocessing),gaussian,7ea29210-064a-9e70-4612-3ab81fa629dc_120503_2.png,8498517,49901,18959,289328,0.9821854214666114,0.9649944520168724,0.9977741058501368,0.9670763423797302,0.9651916824597861,0.9821854214666114,0.7246732500726111,0.14710122070931436,0.0022258941498631752,0.75,1.25
HistoKit (no postprocessing),gaussian,8e6bc805-8b70-bd59-8612-caf5bbe72e5e_125634_2.png,7187340,1490240,218567,48926,0.98173133181803,0.9641181767586209,0.9704874770909222,0.9932387781212023,0.9700960517594435,0.98173133181803,0.8720938057955053,0.9682126554250808,0.029512522909077847,0.75,1.25
HistoKit (no postprocessing),gaussian,f4c75e72-7c5b-0601-d74f-78529d4dec70_114117_1.png,4380909,8457567,10314512,160438,0.4554724577434213,0.2948943578422493,0.29811388186837245,0.9646717152421957,0.5506902331729365,0.4554724577434213,0.45053970846809244,0.9813833944166892,0.7018861181316275,0.75,1.25
HistoKit (no postprocessing),gaussian,0502ebf6-5b9d-c3a6-85fe-a3909acf1f7b_112628_7.png,5104729,904398,436,129747,0.9874093307494912,0.9751317691682305,0.999914596296104,0.9752129917111092,0.9787951740505041,0.9874093307494911,0.9995181436595,0.8745369363097051,8.540370389595636e-05,0.75,1.25
HistoKit (no postprocessing),gaussian,9e7010fd-072a-6a7f-3911-83d91e8c9301_113642_1.png,8239511,272516,73301,57039,0.9921526185051539,0.9844274408230206,0.9911821655536057,0.9931249736336188,0.9849184835589602,0.9921526185051538,0.7880352903414234,0.8269211512494121,0.008817834446394312,0.75,1.25
HistoKit (no postprocessing),gaussian,24aa9d72-799e-9634-ead4-94165f32d151_102546_1.png,6282650,406100,23356,55102,0.9937947246380388,0.9876659852340189,0.9962962293407269,0.9913057500514378,0.9884061491829422,0.9937947246380388,0.9456149174769941,0.8805252362305453,0.0037037706592730805,0.75,1.25
HistoKit (no postprocessing),gaussian,e16fa7c2-3d43-e563-886f-5b0ebdd4e8c5_105048_1.png,41992215,447013,1004157,80228,0.9872528493549605,0.9748265879851242,0.9766455411633335,0.9980930986108888,0.9750851336721517,0.9872528493549603,0.3080362741787661,0.847834292097921,0.023354458836666498,0.9,1.25
HistoKit (no postprocessing),gaussian,e398b039-2e70-a00a-855c-e3ff4eba631e_115619_1.png,14568492,374916,1906,1662550,0.9459617472429861,0.8974643422747366,0.9998691868266055,0.8975697308897359,0.8997790444334082,0.9459617472429861,0.9949419089119,0.18401092337246364,0.0001308131733944399,0.75,1.25
HistoKit (no postprocessing),gaussian,b1a83861-bd20-5668-5a83-92a470ead44d_110338_5.png,2714261,2334170,0,160277,0.9713217455127658,0.9442425182759804,1.0,0.9442425182759804,0.9692290295405309,0.9713217455127658,1.0,0.9357464800815571,0.0,0.75,1.25
HistoKit (no postprocessing),gaussian,b91bdd22-8eea-af27-bee7-880d6f1d7c1e_121440_6.png,5761213,407126,101077,539282,0.9473509562160312,0.8999684764929614,0.982758103062114,0.9144064077505022,0.9059498600172896,0.947350956216031,0.8011090056532527,0.43018021825681946,0.017241896937886046,0.75,1.25
HistoKit (no postprocessing),gaussian,0502ebf6-5b9d-c3a6-85fe-a3909acf1f7b_112628_2.png,8304123,2880102,283750,382430,0.9614354769298846,0.9257349500903147,0.9669592226154252,0.9559744814772902,0.9437841997805139,0.9614354769298846,0.9103150210566108,0.8827812263603851,0.033040777384574734,0.75,1.25
HistoKit (no postprocessing),gaussian,d9d9ce51-54c1-b32b-5fae-fd9ffdaa32e5_111717_5.png,8888583,227075,4849,1175337,0.9377452082970238,0.8827874589237275,0.999454766169011,0.8832128037583764,0.8853725833452799,0.9377452082970237,0.9790922888532451,0.1619174679052946,0.0005452338309889815,0.75,1.25
HistoKit (no postprocessing),gaussian,40f80889-968b-7602-00a3-4e00b00e88fe_110004_3.png,21427426,8997595,134366,844870,0.9776603998239909,0.9562971048521194,0.9937683287177614,0.9620663267047097,0.9688183675225942,0.9776603998239908,0.985286183329079,0.9141607310770219,0.006231671282238508,0.75,1.25
HistoKit (no postprocessing),gaussian,59c3e1ff-f1eb-ac9b-3a83-925048a454e4_130514_4.png,1783612,1074283,72,66353,0.9817194781334135,0.9640953126883408,0.9999596341055927,0.964132834945526,0.9772853176122996,0.9817194781334136,0.9999329830456414,0.9418280678498662,4.036589440730533e-05,0.75,1.25
HistoKit (no postprocessing),gaussian,2125a939-8f92-6ca7-9a29-e1755d6267ed_103351_5.png,4155387,952402,2731,37552,0.995176299239725,0.9903989112585118,0.9993432124821855,0.9910439908617797,0.9921751288637766,0.995176299239725,0.997140712340585,0.9620669243217361,0.0006567875178145497,0.75,1.25
HistoKit (no postprocessing),gaussian,6247d1f0-d194-53f2-2d84-7b4b827443da_115125_1.png,2666093,453538,247234,11495,0.9537233172029981,0.9115402578344939,0.9151368864531857,0.9957069571569637,0.9234157993819486,0.9537233172029981,0.6471976620070437,0.9752813241210839,0.08486311354681435,0.75,1.25
HistoKit (no postprocessing),gaussian,0e99786b-efbd-e936-5e70-bad7ef5912da_122209_3.png,9734321,1759199,57965,190695,0.9873887411168121,0.9750916084083502,0.9940805446246157,0.9807864289589054,0.978823353074131,0.9873887411168121,0.9681013931598909,0.902202376129164,0.005919455375384256,0.75,1.25
HistoKit (no postprocessing),gaussian,7e3642ed-4a56-9d3f-3ecf-de46d455c0fd_113100_1.png,564340,1943165,1715605,90090,0.38464068157614484,0.23811462699917935,0.24752351482162946,0.862338217991229,0.5813560697394046,0.3846406815761449,0.5310978826217554,0.9556917356652265,0.7524764851783705,0.75,1.25
HistoKit (no postprocessing),gaussian,66e65946-ef0a-6028-f7a7-e909aade97a4_112429_4.png,9087042,974237,20016,44113,0.9964838112154957,0.9929922629573854,0.997802144227038,0.9951689572677279,0.9936665268204501,0.9964838112154958,0.9798683031381349,0.9566818873668189,0.002197855772962026,0.75,1.25
HistoKit (no postprocessing),gaussian,0e99786b-efbd-e936-5e70-bad7ef5912da_122209_4.png,5242841,252559,12847,26240,0.9962861892740829,0.9925998612627813,0.9975556007129799,0.9950200044372064,0.9929375568142088,0.9962861892740827,0.9515949149604757,0.9058820153587351,0.002444399287020082,0.75,1.25
HistoKit (no postprocessing),gaussian,728c532f-2f31-cf1c-4143-7abb9ca2b76d_102101_5.png,4845538,1822249,596194,59731,0.9366072352752262,0.8807726235730386,0.890440396550216,0.98782309390168,0.9104381767060201,0.936607235275226,0.7534802350107073,0.9682616180830828,0.10955960344978401,0.75,1.25
HistoKit (no postprocessing),gaussian,0502ebf6-5b9d-c3a6-85fe-a3909acf1f7b_112628_5.png,2744035,843917,244,10292,0.9980838779865296,0.9961750849769347,0.9999110877574765,0.9962633340195264,0.9970721036168524,0.9980838779865296,0.999710955611548,0.9879514264073547,8.891224252344605e-05,0.75,1.25
HistoKit (no postprocessing),gaussian,59c3e1ff-f1eb-ac9b-3a83-925048a454e4_130514_1.png,4977911,707857,120169,85184,0.9797904277802518,0.9603815279329782,0.9764285770329222,0.9831755082612512,0.9651419483660241,0.9797904277802518,0.8548729146186231,0.8925856292423721,0.0235714229670778,0.75,1.25
HistoKit (no postprocessing),gaussian,228e0715-eef2-126e-c558-f7684e2bcfa8_110725_7.png,7307816,366545,808,1925940,0.8835265542201304,0.7913547407327515,0.999889445674042,0.7914239882448703,0.7993202660234354,0.8835265542201304,0.9978004807365123,0.15988981389191206,0.00011055432595793682,0.75,1.25
HistoKit (no postprocessing),gaussian,f761dbde-597d-9a8f-e1a1-2533f0d71b83_120113_1.png,9234419,1001396,7775,136650,0.9922407479011068,0.9846009806752304,0.999158749535013,0.9854178856222273,0.9860865452051205,0.992240747901107,0.9922956565339274,0.879925767499732,0.0008412504649869933,0.75,1.25
HistoKit (no postprocessing),gaussian,c38dfb82-e376-0eab-4312-72ca49852e8b_104329_1.png,3497713,811058,41932,93035,0.9810715903036481,0.9628464384421419,0.9881536142748778,0.9740903566610634,0.9696275973065919,0.9810715903036481,0.9508411587474648,0.897095763378325,0.011846385725122153,0.75,1.25
HistoKit (no postprocessing),gaussian,7d4546a5-f4cc-3733-763f-d1c5a5904dff_120251_4.png,3281810,260728,5919,173079,0.9734527449130294,0.9482785522918348,0.9981996691333136,0.9499031662088131,0.9519021178352164,0.9734527449130294,0.9778021129058269,0.6010230355895594,0.0018003308666863966,0.75,1.25
HistoKit (no postprocessing),gaussian,59c3e1ff-f1eb-ac9b-3a83-925048a454e4_130514_3.png,2347482,408785,3694,70127,0.9845199563410806,0.9695118702615906,0.9984288713392787,0.9709932416697654,0.9739156520927971,0.9845199563410806,0.9910443925630154,0.8535701757316584,0.001571128660721273,0.75,1.25
HistoKit (no postprocessing),gaussian,c0272a60-2518-4785-1810-6431c15f4b4b_130712_3.png,33264843,2115472,172716,328568,0.9925216060576179,0.9851542345972933,0.994834670796394,0.9902192724638769,0.9860294966230463,0.9925216060576177,0.9245184399183983,0.8655635750642379,0.005165329203606041,0.75,1.25
HistoKit (no postprocessing),gaussian,7e3642ed-4a56-9d3f-3ecf-de46d455c0fd_113100_4.png,8181245,3779210,805,82644,0.9949258598125653,0.9899029534547801,0.9999016138987173,0.9899993816470671,0.9930712665926265,0.9949258598125652,0.9997870378821248,0.9785999159988958,9.838610128268588e-05,0.75,1.25
HistoKit (no postprocessing),gaussian,7e3642ed-4a56-9d3f-3ecf-de46d455c0fd_113100_3.png,3809241,1519744,34079,124848,0.9795655596870372,0.9599495283465821,0.9911329267404223,0.9682650799206627,0.9710405341776618,0.9795655596870372,0.9780676434832024,0.9240857306857871,0.008867073259577658,0.75,1.25
HistoKit (no postprocessing),gaussian,b0f43f79-08e2-79bc-61fa-379c7ef1dd21_131900_5.png,7351355,151277,19505,497904,0.9660049307104629,0.9342452003897944,0.9973537687596834,0.9365667510780317,0.9354854919070863,0.9660049307104628,0.8857900715532082,0.2330274607543967,0.002646231240316598,0.75,1.25
HistoKit (no postprocessing),gaussian,3e1fffa8-5bae-87b0-bc39-e4a1bc285608_122517_7.png,3346685,351973,22,2839832,0.7021098004200887,0.5409624024030237,0.9999934263740446,0.540964326130519,0.5656727402197931,0.7021098004200887,0.9999374991122033,0.1102739672379735,6.573625955304722e-06,0.75,1.25
HistoKit (no postprocessing),gaussian,66e65946-ef0a-6028-f7a7-e909aade97a4_112429_5.png,13327544,464466,14822,16208,0.9988372231584977,0.9976771472763485,0.9988891025774589,0.9987853491281913,0.9977551971201704,0.9988372231584977,0.9690749611924354,0.9662806808772681,0.0011108974225410996,0.75,1.25
HistoKit (no postprocessing),gaussian,cbd7b0be-5303-525e-8ff2-6d1502e77bdd_110516_5.png,4547445,508201,132594,109235,0.9740991455349572,0.9495061255630811,0.9716681848164086,0.9765423005231195,0.9543501385093842,0.9740991455349572,0.7930789097917431,0.8230828782254355,0.02833181518359142,0.75,1.25
HistoKit (no postprocessing),gaussian,1875292b-dccd-c5b5-17ad-67c30baa6d69_130951_12.png,6979188,284984,1161,1202027,0.920642223981642,0.8529537141778867,0.9998336759379796,0.8530747572334916,0.8579028174070785,0.920642223981642,0.9959426165056178,0.19164888491073703,0.00016632406202039468,0.75,1.25
HistoKit (no postprocessing),gaussian,1875292b-dccd-c5b5-17ad-67c30baa6d69_130951_13.png,11343131,335967,55773,1328956,0.9424731204461004,0.8912048844031911,0.9951071611797064,0.8951272982895399,0.8940028063751916,0.9424731204461005,0.8576275080410476,0.20179131407278295,0.0048928388202936005,0.75,1.25
HistoKit (no postprocessing),gaussian,6f1702fd-ae84-1c96-04ae-a23a14a5d2d4_111419_3.png,4559610,345673,15781,58680,0.9919008501600175,0.983931838765526,0.9965508958687902,0.9872939984279896,0.9850472233110779,0.9919008501600175,0.956340225865532,0.8548792762759272,0.0034491041312097698,0.75,1.25
HistoKit (no postprocessing),gaussian,e398b039-2e70-a00a-855c-e3ff4eba631e_115619_3.png,17266011,535961,26612,3545816,0.9062464357837471,0.8285654698031844,0.9984610778827481,0.8296249531576444,0.8328641739651171,0.9062464357837471,0.9526959167965757,0.13130580137033454,0.0015389221172519634,0.75,1.25
HistoKit (no postprocessing),gaussian,b91bdd22-8eea-af27-bee7-880d6f1d7c1e_121440_1.png,5239190,1312839,71753,516330,0.946858991892893,0.8990809251600191,0.9864895932793856,0.9102896002446347,0.9176367261465926,0.9468589918928929,0.9481775136646752,0.7177242780738139,0.013510406720614399,0.75,1.25
HistoKit (no postprocessing),gaussian,04e13be9-17d6-1bd0-76ee-d5d53a64912e_105258_3.png,9275805,317439,20,1580236,0.9215047427794324,0.8544356005368798,0.9999978438575544,0.854437174656949,0.8585710833668949,0.9215047427794324,0.9999369997385489,0.16727785316242244,2.156142445550665e-06,0.75,1.25
HistoKit (no postprocessing),gaussian,b91bdd22-8eea-af27-bee7-880d6f1d7c1e_121440_2.png,8719611,1019788,4164,2193272,0.888095214572663,0.7987151653739331,0.9995226837005768,0.7990199290141753,0.8159113366315275,0.888095214572663,0.9959334031282716,0.3173884085575744,0.0004773162994231282,0.75,1.25
HistoKit (no postprocessing),gaussian,b1a83861-bd20-5668-5a83-92a470ead44d_110338_3.png,838720,1690196,56431,98324,0.9155357371895458,0.8442285915599286,0.9369592392791831,0.8950700287286403,0.9423345857223184,0.915535737189546,0.9676914418476298,0.9450249368192696,0.06304076072081694,0.75,1.25
HistoKit (no postprocessing),gaussian,3e1fffa8-5bae-87b0-bc39-e4a1bc285608_122517_3.png,10415436,507499,1231,1696258,0.9246510209952691,0.859861346454304,0.9998818240037817,0.8599487404486936,0.8654966742797231,0.9246510209952691,0.9975802488549919,0.23028809437701162,0.00011817599621836812,0.75,1.25
HistoKit (no postprocessing),gaussian,c74350c8-f970-c60d-af8a-f9c4d9c5bab2_124242_5.png,0,5528452,5572412,1850,0.0,0.0,0.0,0.0,0.4979369909015039,,0.49801997394076714,0.9996654793897332,1.0,0.75,1.25
HistoKit (no postprocessing),gaussian,0504f20c-cba2-27c1-e181-78505aa24ca7_112258_4.png,9943438,1327739,447966,134217,0.9715579011228606,0.9446889641950817,0.9568907146714727,0.9866817230794267,0.9508845593148272,0.9715579011228606,0.7477249881033167,0.908193543444536,0.04310928532852731,0.75,1.25
HistoKit (no postprocessing),gaussian,c74350c8-f970-c60d-af8a-f9c4d9c5bab2_124242_4.png,0,2715324,922054,1278,0.0,0.0,0.0,0.0,0.7462436679916981,,0.7465058621897421,0.9995295593539282,1.0,0.75,1.25
HistoKit (no postprocessing),gaussian,5fe08b37-e6eb-942a-a4ce-507361c4911e_102333_2.png,9004977,70085,12899,183449,0.989215382673538,0.9786608993813392,0.9985696188326386,0.9800347741822157,0.9788222071939435,0.989215382673538,0.8445603971849995,0.27643235226833485,0.001430381167361361,0.75,1.25
HistoKit (no postprocessing),gaussian,cbd7b0be-5303-525e-8ff2-6d1502e77bdd_110516_4.png,3249913,341333,904,68320,0.9894620987814068,0.9791439762805814,0.9997219160598705,0.9794107285413652,0.9810887672894464,0.9894620987814067,0.9973585556208124,0.8332247048111451,0.00027808394012951204,0.75,1.25
HistoKit (no postprocessing),gaussian,7e6be544-b3c1-c3b1-a8a1-838402bd2649_124526_4.png,4620779,474755,17839,69987,0.9905860879989504,0.9813477664828543,0.9961542424920526,0.9850798355748294,0.9830561643412767,0.9905860879989504,0.9637855921915411,0.871522665775725,0.0038457575079474103,0.75,1.25
HistoKit (no postprocessing),gaussian,66e65946-ef0a-6028-f7a7-e909aade97a4_112429_3.png,4702596,171334,11014,5494,0.9982478745873887,0.9965018783226647,0.997663362051591,0.9988330724348939,0.9966244332307249,0.9982478745873886,0.9395990084892623,0.9689302599135884,0.002336637948408969,0.75,1.25
HistoKit (no postprocessing),gaussian,24aa9d72-799e-9634-ead4-94165f32d151_102546_6.png,8298393,117774,3393,25764,0.9982462949620361,0.9964987301187024,0.9995912927651953,0.9969049118126917,0.996547556967619,0.9982462949620361,0.9719973260046052,0.8205074614387827,0.0004087072348046553,0.75,1.25
HistoKit (no postprocessing),gaussian,0f3058e5-e9f7-bd55-4b60-07a71af55b96_123333_3.png,30757860,1530016,103576,371377,0.9923383151526682,0.9847931404705685,0.9966438373120421,0.988069832871265,0.9855032970443426,0.9923383151526681,0.9365961635463445,0.8046816202647217,0.003356162687957877,0.75,1.25
HistoKit (no postprocessing),gaussian,def4a0a8-b472-78ea-531c-84458df3a3e9_124843_6.png,16587677,7850123,2131978,12721,0.9392781488748049,0.8855084373706784,0.886110187393945,0.9992336930716962,0.9193191354958764,0.939278148874805,0.7864199130022828,0.9983821375573521,0.11388981260605498,0.75,1.25
HistoKit (no postprocessing),gaussian,84acf623-2a5d-c4c6-c1db-583a94b80fc7_105804_1.png,45275858,3743365,47890,901047,0.9896291778376707,0.9794712556323938,0.9989433795281009,0.9804870638255205,0.9810091666373146,0.9896291778376707,0.9873682988878353,0.8059933098097241,0.0010566204718991906,0.75,1.25
HistoKit (no postprocessing),gaussian,1875292b-dccd-c5b5-17ad-67c30baa6d69_130951_4.png,3902505,151051,2028,155051,0.9802716347430932,0.9613066264917784,0.9994806036983168,0.9617870954830937,0.9626947004430448,0.9802716347430932,0.9867519385415374,0.49346623021084474,0.0005193963016831975,0.75,1.25
HistoKit (no postprocessing),gaussian,b91bdd22-8eea-af27-bee7-880d6f1d7c1e_121440_4.png,6457661,247408,28351,248771,0.9789938846812615,0.9588521263417099,0.9956289010874478,0.9629056106138107,0.9603101662501069,0.9789938846812616,0.8971892123194528,0.49862650374159323,0.00437109891255212,0.75,1.25
HistoKit (no postprocessing),gaussian,9e7010fd-072a-6a7f-3911-83d91e8c9301_113642_6.png,6829067,1653442,24831,1057460,0.9265766760456364,0.8631978226746913,0.9963770981126361,0.8659156305430769,0.8868464578454333,0.9265766760456364,0.9852044333669194,0.6099231916166649,0.0036229018873639497,0.75,1.25
HistoKit (no postprocessing),gaussian,969ce636-2f0f-f223-bb1c-2b4624598a38_125938_4.png,14720109,758435,82806,4788670,0.8580228653239913,0.7513485509212245,0.9944061017711714,0.7545376878788775,0.7606156652425894,0.8580228653239913,0.9015668518296184,0.13672627433589232,0.005593898228828578,0.75,1.25
HistoKit (no postprocessing),gaussian,35ce6eab-4a33-9fbb-2efe-2acf7936ba3e_104917_2.png,7227442,4922673,467591,172594,0.9575897930642119,0.9186304841345427,0.9392346985386547,0.9766765999516759,0.9499476165531692,0.9575897930642119,0.9132526718542914,0.96612660337525,0.06076530146134526,0.75,1.25
HistoKit (no postprocessing),gaussian,859ead5f-592a-5c4e-67de-d71b0ee92f6d_113334_2.png,12781117,604486,35592,227549,0.9898107578302348,0.9798270626048642,0.9972230000696747,0.9825078912780142,0.9807204970655176,0.9898107578302348,0.944394276947497,0.7265151105422248,0.0027769999303253277,0.75,1.25
HistoKit (no postprocessing),gaussian,d9d9ce51-54c1-b32b-5fae-fd9ffdaa32e5_111717_3.png,10866910,736710,25299,1055831,0.9526130892243901,0.9095140290792465,0.997677330649825,0.911443937262413,0.9147693096040521,0.9526130892243901,0.966799604729078,0.4109864153734838,0.0023226693501749735,0.75,1.25
HistoKit (no postprocessing),gaussian,6b809376-ab46-9021-2fa3-0d0025b512da_132412_1.png,3753876,440180,6838,65819,0.9904151609761426,0.9810123158483149,0.9981817282569214,0.9827685194760315,0.9829712005471191,0.9904151609761427,0.984703076833595,0.8699226678313593,0.001818271743078575,0.75,1.25
HistoKit (no postprocessing),gaussian,c38dfb82-e376-0eab-4312-72ca49852e8b_104329_5.png,2622052,527714,2438,69874,0.9863983555839122,0.9731617554272548,0.9990710576150033,0.9740431200560491,0.9775573403250946,0.9863983555839122,0.9954013188670419,0.8830732879508959,0.0009289423849967041,0.75,1.25
HistoKit (no postprocessing),gaussian,cbd7b0be-5303-525e-8ff2-6d1502e77bdd_110516_2.png,9597277,748667,31358,37798,0.9964100373188758,0.9928457580991872,0.996743255923607,0.9960770414345503,0.9933600253478123,0.9964100373188758,0.959798724399859,0.9519393742887478,0.0032567440763929673,0.75,1.25
HistoKit (no postprocessing),gaussian,e3dca99c-de77-4ab1-72a1-8daf3d4d032c_120923_2.png,9143480,1300140,7404,178672,0.9899271565323643,0.9800552137743747,0.9991908978411266,0.9808336100934634,0.9824947016358699,0.9899271565323642,0.9943374754501569,0.8791786920852684,0.0008091021588733941,0.75,1.25
HistoKit (no postprocessing),gaussian,b0f43f79-08e2-79bc-61fa-379c7ef1dd21_131900_4.png,12928007,194904,12834,604587,0.9766777148488665,0.9544184945651034,0.9990082561094754,0.9553236430502533,0.9550650595633352,0.9766777148488665,0.9382202582098605,0.24378510827514005,0.0009917438905245803,0.75,1.25
HistoKit (no postprocessing),gaussian,7e6be544-b3c1-c3b1-a8a1-838402bd2649_124526_3.png,50306251,508118,40989,51082,0.9990857316876762,0.9981731336213931,0.9991858739426431,0.9989856095039823,0.9981913683219648,0.9990857316876761,0.925353346433391,0.9086516452074392,0.000814126057356868,0.75,1.25
HistoKit (no postprocessing),gaussian,19a1c0fb-3d0a-327d-ea5a-6aae35f53e51_121144_3.png,24686593,1521722,38769,165712,0.9958755421064892,0.9917849667716226,0.9984320148679724,0.9933321275430991,0.9922582599736886,0.9958755421064891,0.9751558964454137,0.9017964554465537,0.0015679851320275918,0.75,1.25
HistoKit (no postprocessing),gaussian,24aa9d72-799e-9634-ead4-94165f32d151_102546_7.png,10986089,598445,10442,71544,0.9962825160817703,0.992592569168532,0.9990504278121891,0.9935298992107986,0.99297254022622,0.9962825160817704,0.9828506767265519,0.8932161572801941,0.000949572187810865,0.75,1.25
HistoKit (no postprocessing),gaussian,8e6bc805-8b70-bd59-8612-caf5bbe72e5e_125634_1.png,64584977,1028283,142440,96658,0.998152385816102,0.996311586397492,0.99779938692749,0.9985056345591758,0.9963691808879493,0.998152385816102,0.8783315950912385,0.9140772716080221,0.002200613072509907,0.75,1.25
HistoKit (no postprocessing),gaussian,7ea29210-064a-9e70-4612-3ab81fa629dc_120503_4.png,2665105,176059,5124,621319,0.8948330547372828,0.8096813414235491,0.9980810634593512,0.8109437491936524,0.8193442913225172,0.8948330547372829,0.971719201028794,0.22079741352282103,0.0019189365406487608,0.75,1.25
HistoKit (no postprocessing),gaussian,859ead5f-592a-5c4e-67de-d71b0ee92f6d_113334_1.png,20307744,371852,9906,292138,0.9926182253611973,0.9853446333363546,0.9995124436142959,0.9858184624552704,0.9856043664842215,0.9926182253611973,0.9740516243274535,0.5600265064232895,0.00048755638570405533,0.75,1.25
HistoKit (no postprocessing),gaussian,7ea29210-064a-9e70-4612-3ab81fa629dc_120503_1.png,8784387,156218,4915,1002000,0.9457939352882146,0.8971622977209772,0.9994407974603672,0.8976128779701845,0.8987772831821399,0.9457939352882146,0.969497247615324,0.13487788999998274,0.00055920253963284,0.75,1.25
HistoKit (no postprocessing),gaussian,5fe08b37-e6eb-942a-a4ce-507361c4911e_102333_3.png,13333964,1659839,22863,1842329,0.9346306327523944,0.8772831859874325,0.9982882910739205,0.8786048081702166,0.8893651727164045,0.9346306327523944,0.9864129239758436,0.4739461385062053,0.0017117089260795246,0.75,1.25
HistoKit (no postprocessing),gaussian,f761dbde-597d-9a8f-e1a1-2533f0d71b83_120113_5.png,3491060,656591,541402,33154,0.9239670987614131,0.8586792259770721,0.8657390943795626,0.9905925122594712,0.8783289254367714,0.923967098761413,0.5480758234814394,0.9519329607318646,0.13426090562043735,0.75,1.25
HistoKit (no postprocessing),gaussian,969ce636-2f0f-f223-bb1c-2b4624598a38_125938_5.png,12865445,271157,9672,1522511,0.9438000624507736,0.8935808731827215,0.9992487835256176,0.8941815640804017,0.8955480634558349,0.9438000624507735,0.9655591124848217,0.15117457634300216,0.0007512164743823299,0.75,1.25
HistoKit (no postprocessing),gaussian,969ce636-2f0f-f223-bb1c-2b4624598a38_125938_2.png,4276933,330106,4970,1514495,0.8491596275353207,0.7378604781797247,0.9988393011238228,0.7384936841138316,0.751984981973406,0.8491596275353207,0.9851675440795521,0.17895794266619178,0.0011606988761772511,0.75,1.25
HistoKit (no postprocessing),gaussian,a40a1d35-8d5f-0529-214c-05d84888ba26_111152_2.png,2755891,3931795,0,126394,0.9775824663862923,0.9561479867535653,1.0,0.9561479867535653,0.9814510542875927,0.9775824663862923,1.0,0.9688545802080681,0.0,0.75,1.25
HistoKit (no postprocessing),gaussian,9e7010fd-072a-6a7f-3911-83d91e8c9301_113642_2.png,2595495,922982,9192,440687,0.9202465081178095,0.8522746303081329,0.9964709771270022,0.8548548802410396,0.8866334068818422,0.9202465081178095,0.9901391800243302,0.6768372676947265,0.0035290228729977923,0.75,1.25
HistoKit (no postprocessing),gaussian,04e13be9-17d6-1bd0-76ee-d5d53a64912e_105258_1.png,14141881,265600,45568,756409,0.9724271403246794,0.9463340055827618,0.9967881470446167,0.9492284685020899,0.9472711650868821,0.9724271403246794,0.853558206499383,0.2598802945962315,0.003211852955383311,0.75,1.25
HistoKit (no postprocessing),gaussian,2125a939-8f92-6ca7-9a29-e1755d6267ed_103351_3.png,10160215,2448344,393164,763173,0.9461587025644967,0.8978189646457684,0.9627452022712346,0.9301340389996218,0.9159937714022685,0.9461587025644969,0.8616354414627726,0.762363705376618,0.03725479772876535,0.75,1.25
HistoKit (no postprocessing),gaussian,f9a50b4c-7c73-18cd-0877-8296eed330e2_114604_2.png,8575436,1662348,34664,2204518,0.8845190425978184,0.7929485812628796,0.9959740304990651,0.7954983852435734,0.8205347357682949,0.8845190425978184,0.9795735092032348,0.42989542435657196,0.004025969500934949,0.75,1.25
HistoKit (no postprocessing),gaussian,40f80889-968b-7602-00a3-4e00b00e88fe_110004_1.png,8341579,914671,78081,3310444,0.8311788303950396,0.7111257496097221,0.9907263476197377,0.71589105170836,0.7320217243881366,0.8311788303950396,0.9213489370960724,0.216484285043129,0.009273652380262386,0.75,1.25
HistoKit (no postprocessing),gaussian,c38dfb82-e376-0eab-4312-72ca49852e8b_104329_2.png,5767530,750834,17132,59995,0.9933580986940703,0.9868038449476163,0.9970383749301169,0.9897048918709057,0.9883061018504915,0.9933580986940702,0.9776917207272197,0.9260078265577576,0.0029616250698830805,0.75,1.25
HistoKit (no postprocessing),gaussian,0f3058e5-e9f7-bd55-4b60-07a71af55b96_123333_2.png,15230093,839928,35256,94951,0.9957435329451308,0.991523147334362,0.9976904556849634,0.9938041939716453,0.9919626439825415,0.9957435329451307,0.9597158997422256,0.8984349846343751,0.0023095443150366233,0.75,1.25
HistoKit (no postprocessing),gaussian,0502ebf6-5b9d-c3a6-85fe-a3909acf1f7b_112628_1.png,7698909,2951893,380972,63405,0.9719497834738179,0.9454302599712204,0.952849305577644,0.9918316883341746,0.9599486407564943,0.9719497834738178,0.8856923397737382,0.97897222762062,0.04715069442235597,0.75,1.25
HistoKit (no postprocessing),gaussian,7d4546a5-f4cc-3733-763f-d1c5a5904dff_120251_3.png,2839581,447851,12876,207272,0.9626824154011232,0.9280498370934158,0.9954859968090667,0.9319717754679993,0.9372364992387914,0.9626824154011232,0.972052864277544,0.6836136114897507,0.00451400319093329,0.75,1.25
HistoKit (no postprocessing),gaussian,c0272a60-2518-4785-1810-6431c15f4b4b_130712_2.png,17032323,1507974,72465,260877,0.9903092587857174,0.9808045358470292,0.9957634669310137,0.9849144750537784,0.9823382231693634,0.9903092587857174,0.9541488156138895,0.8525161248742827,0.004236533068986298,0.75,1.25
HistoKit (no postprocessing),gaussian,c38dfb82-e376-0eab-4312-72ca49852e8b_104329_4.png,5028225,146011,5793,25591,0.9968889258090488,0.9937971491472958,0.99884922938297,0.9949363015986336,0.9939711312005102,0.9968889258090489,0.9618389502252905,0.8508700364797613,0.0011507706170299748,0.75,1.25
HistoKit (no postprocessing),gaussian,7ea29210-064a-9e70-4612-3ab81fa629dc_120503_3.png,3725919,234124,4525,720505,0.9113315758552052,0.8371066484922653,0.998787007659142,0.8379585482626039,0.8452468083208096,0.9113315758552052,0.9810390992629343,0.24525129657699482,0.0012129923408580854,0.75,1.25
HistoKit (no postprocessing),gaussian,228e0715-eef2-126e-c558-f7684e2bcfa8_110725_12.png,2080342,6099485,469153,265388,0.8499474487893814,0.7390509658838396,0.8159819885898972,0.8868633644963402,0.91760032792005,0.8499474487893814,0.9285768221661781,0.9583042740994203,0.1840180114101028,0.75,1.25
HistoKit (no postprocessing),gaussian,5fe08b37-e6eb-942a-a4ce-507361c4911e_102333_4.png,4678615,515796,12892,2616897,0.780613595423516,0.6401691805762243,0.9972520556827476,0.6413004323754111,0.6638903657881956,0.780613595423516,0.9756151075870835,0.16464939271099976,0.002747944317252431,0.75,1.25
HistoKit (no postprocessing),gaussian,7e6be544-b3c1-c3b1-a8a1-838402bd2649_124526_2.png,49835898,1382781,66041,108475,0.9982521537700861,0.996510406812469,0.9986765844910355,0.9978280836561909,0.9966042975144861,0.9982521537700862,0.9544174508669802,0.9272593035669261,0.0013234155089644913,0.75,1.25
HistoKit (no postprocessing),gaussian,be2180cd-04c9-2627-2456-4397fd5e59ee_103647_6.png,3761104,361343,9034,77246,0.9886600333732537,0.9775743726126636,0.9976038012401668,0.9798752067945862,0.9794997394699158,0.9886600333732536,0.9756086366054048,0.8238761118039896,0.0023961987598331946,0.75,1.25
HistoKit (no postprocessing),gaussian,0f3058e5-e9f7-bd55-4b60-07a71af55b96_123333_1.png,18674407,809435,28338,224820,0.9932674275700222,0.9866249039430058,0.9984848213457437,0.9881042753759188,0.9871734306125551,0.9932674275700221,0.9661746081575797,0.7826261415221585,0.0015151786542563672,0.75,1.25
HistoKit (no postprocessing),gaussian,6f1702fd-ae84-1c96-04ae-a23a14a5d2d4_111419_1.png,2937259,787376,987,67000,0.9885592018854001,0.977377226356844,0.9996640853080375,0.9776983276075731,0.9820738792318349,0.9885592018854001,0.998748038657319,0.9215801942002116,0.0003359146919624837,0.75,1.25
HistoKit (no postprocessing),gaussian,9e7010fd-072a-6a7f-3911-83d91e8c9301_113642_4.png,6833639,217275,45375,1014591,0.9280268596079484,0.8657183884929636,0.9934038511914643,0.870723589904985,0.8693155366618666,0.9280268596079484,0.8272415762421473,0.17637876197573438,0.006596148808535642,0.75,1.25
HistoKit (no postprocessing),gaussian,228e0715-eef2-126e-c558-f7684e2bcfa8_110725_1.png,7595187,561060,20331,2389021,0.8631028687605705,0.7591741108710757,0.9973303194871314,0.7607200290699072,0.7719625740102383,0.8631028687605704,0.9650304184275298,0.19018460849041094,0.002669680512868593,0.75,1.25
HistoKit (no postprocessing),gaussian,deaaef3a-8172-327d-10b9-23d266fb17ca_123636_5.png,2338719,163297,418,485962,0.9058100033734728,0.8278361218491812,0.9998213016167928,0.8279586261245075,0.8372437923220349,0.905810003373473,0.9974467825184009,0.2515128785276754,0.00017869838320714007,0.75,1.25
HistoKit (no postprocessing),gaussian,9e7010fd-072a-6a7f-3911-83d91e8c9301_113642_7.png,2807426,3471116,138154,517049,0.8955028305174356,0.8107787464380388,0.9530978618811915,0.8444719842982726,0.9055051779377522,0.8955028305174356,0.9617224535709437,0.8703541603720006,0.04690213811880852,0.75,1.25
HistoKit (no postprocessing),gaussian,f761dbde-597d-9a8f-e1a1-2533f0d71b83_120113_2.png,3075570,462831,22558,31145,0.9913449864887798,0.9828385059405171,0.9927188289186244,0.989974941376985,0.9850497090284691,0.9913449864887799,0.9535259348687342,0.9369503781560238,0.007281171081375592,0.75,1.25
HistoKit (no postprocessing),gaussian,8e6bc805-8b70-bd59-8612-caf5bbe72e5e_125634_3.png,31234785,394406,24638,81056,0.9983109300186093,0.9966275563305845,0.9992118216641427,0.9974116614016529,0.9966694695758311,0.9983109300186093,0.9412042649459246,0.8295216021469645,0.0007881783358573189,0.75,1.25
HistoKit (no postprocessing),gaussian,3e1fffa8-5bae-87b0-bc39-e4a1bc285608_122517_5.png,5072914,1824920,171858,580223,0.9309885043084871,0.8708872711478722,0.9672325126811995,0.8973626501533574,0.9016876658106658,0.930988504308487,0.9139323450078076,0.7587573794988489,0.03276748731880051,0.75,1.25
HistoKit (no postprocessing),gaussian,7e3642ed-4a56-9d3f-3ecf-de46d455c0fd_113100_2.png,2177412,1257096,0,148384,0.9670492679885095,0.9362007673931849,1.0,0.9362007673931849,0.9585854108915368,0.9670492679885095,1.0,0.894424680536187,0.0,0.75,1.25
HistoKit (no postprocessing),gaussian,54b22c23-34e4-1c55-9de2-c8e205e762bc_131621_2.png,20945088,1719851,74438,357458,0.9897950175974372,0.9797962144706662,0.996458626136479,0.9832199400015379,0.9813006414082276,0.9897950175974372,0.9585139294728998,0.8279225671289153,0.0035413738635209947,0.75,1.25
HistoKit (no postprocessing),gaussian,7d4546a5-f4cc-3733-763f-d1c5a5904dff_120251_1.png,6410828,933070,28254,361464,0.9705013271140458,0.9426931308162609,0.9956121074401599,0.9466260462484488,0.9496072729755395,0.9705013271140459,0.9706092846948583,0.720776742827921,0.004387892559840052,0.75,1.25
HistoKit (no postprocessing),gaussian,be2180cd-04c9-2627-2456-4397fd5e59ee_103647_1.png,28915323,455506,8620,47211,0.9990355087596711,0.9980728762133535,0.9997019770091512,0.9983699285428547,0.9981027068651352,0.9990355087596712,0.9814274571991226,0.906088316090365,0.00029802299084879266,0.75,1.25
HistoKit (no postprocessing),gaussian,1875292b-dccd-c5b5-17ad-67c30baa6d69_130951_1.png,9940369,350078,5967,1984267,0.9090011180115818,0.8331824468553685,0.9994000805924915,0.8335993652133281,0.8379378146863354,0.9090011180115818,0.9832408824727211,0.14996840655515786,0.0005999194075084534,0.75,1.25
HistoKit (no postprocessing),gaussian,f761dbde-597d-9a8f-e1a1-2533f0d71b83_120113_3.png,10031966,14769236,343534,97404,0.9784959377942899,0.9578972556227002,0.9668898848248277,0.9903840021640042,0.9825316712449895,0.9784959377942899,0.977268627789611,0.9934481496827797,0.03311011517517228,0.75,1.25
HistoKit (no postprocessing),gaussian,f9a50b4c-7c73-18cd-0877-8296eed330e2_114604_5.png,4925807,3243428,390496,1105709,0.8681504348985475,0.7670192768247708,0.9265474522426581,0.8166780955235798,0.8452005288947011,0.8681504348985475,0.8925415060964401,0.7457635848215405,0.07345254775734189,0.75,1.25
HistoKit (no postprocessing),gaussian,6f1702fd-ae84-1c96-04ae-a23a14a5d2d4_111419_2.png,6381397,565786,14413,237440,0.9806484954989559,0.9620317340670109,0.9977464934074026,0.9641266282883232,0.9650157326619841,0.9806484954989559,0.9751585231963515,0.7043920391023198,0.002253506592597341,0.75,1.25
HistoKit (no postprocessing),gaussian,1c7a4a4c-ace6-25f8-ee0c-f8914aeab226_121941_3.png,7016313,3844666,553107,121142,0.9541541625940249,0.9123277336558758,0.9269287475130195,0.9830272835345372,0.9415487062761135,0.9541541625940247,0.8742302069706644,0.9694533875568359,0.07307125248698051,0.75,1.25
HistoKit (no postprocessing),gaussian,9601a588-d18f-b3b2-00f0-b816a7730c15_114312_2.png,5462959,420363,22324,50834,0.9933487140192503,0.9867853226367868,0.9959302008665734,0.9907805751866274,0.9877179139357473,0.9933487140192504,0.9495715934734925,0.8921173097451809,0.004069799133426662,0.75,1.25
HistoKit (no postprocessing),gaussian,9601a588-d18f-b3b2-00f0-b816a7730c15_114312_1.png,9492527,965622,395273,66476,0.9762557886764215,0.953613000081573,0.9600241712008738,0.993045718261622,0.9577148980695607,0.9762557886764215,0.7095492304696541,0.9355913876395459,0.039975828799126194,0.75,1.25
HistoKit (no postprocessing),gaussian,2125a939-8f92-6ca7-9a29-e1755d6267ed_103351_7.png,938362,328046,17322,1428720,0.5648077535402733,0.39354153071375486,0.981874761950603,0.3964214167485537,0.46688713156002876,0.5648077535402735,0.9498448032243867,0.1867328944207709,0.018125238049397082,0.25,2.25
HistoKit (no postprocessing),gaussian,54b22c23-34e4-1c55-9de2-c8e205e762bc_131621_1.png,26124916,1338146,134763,167423,0.9942497736242973,0.9885652993657799,0.9948680636956758,0.9936322515847678,0.9891163947103948,0.9942497736242973,0.9085055492226607,0.8887975243911106,0.0051319363043242075,0.75,1.25
HistoKit (no postprocessing),gaussian,228e0715-eef2-126e-c558-f7684e2bcfa8_110725_2.png,2868520,185077,61232,625677,0.8930706018992367,0.8067999670363267,0.9790999374691101,0.8209382584897188,0.8163593374800094,0.8930706018992367,0.7514016946193602,0.22827762798580087,0.020900062530889985,0.25,2.25
HistoKit (no postprocessing),gaussian,be2180cd-04c9-2627-2456-4397fd5e59ee_103647_4.png,4399693,437221,27380,447830,0.9487621886710753,0.9025190860207886,0.9938153267407156,0.9076167353924881,0.9105423743873449,0.9487621886710753,0.9410677118645892,0.4940065600739392,0.006184673259284407,0.25,2.25
HistoKit (no postprocessing),gaussian,39bcf904-a619-148a-5bca-38122a540be1_104536_1.png,1675146,912315,1381,330474,0.9098745921876558,0.8346513031134514,0.9991762733317149,0.8352260148981362,0.886324399277091,0.9098745921876558,0.9984885563688579,0.7340867999314445,0.0008237266682850918,0.25,2.25
HistoKit (no postprocessing),gaussian,be2180cd-04c9-2627-2456-4397fd5e59ee_103647_3.png,21838480,1448118,42445,239656,0.9935826427229645,0.9872471251998308,0.9980601825562676,0.9891450981187905,0.9880306927420983,0.9935826427229644,0.9715241824733339,0.8580046854614422,0.0019398174437323834,0.75,1.25
HistoKit (no postprocessing),gaussian,9e7010fd-072a-6a7f-3911-83d91e8c9301_113642_3.png,3291836,270630,4021,477839,0.9318013137581147,0.8723108591683061,0.9987799834762249,0.8732413271701142,0.8808553019712061,0.9318013137581148,0.9853596018219486,0.36157810143105457,0.0012200165237751517,0.25,2.25
HistoKit (no postprocessing),gaussian,10fd35f3-17d4-d309-f849-cc9e883460c1_123055_2.png,4871725,3682328,3625213,98224,0.7235116771975587,0.5667985082770982,0.5733506587902607,0.9802364169129301,0.6967265296082505,0.7235116771975588,0.503907949336172,0.9740186089227182,0.4266493412097393,0.75,1.25
HistoKit (no postprocessing),gaussian,332605c9-e7e2-297a-c808-98d567218fe3_115336_3.png,9122002,264584,32397,118593,0.9917917885703034,0.9837172295630149,0.9964610456677713,0.9871660861665293,0.9841689334900189,0.9917917885703035,0.8909122132392308,0.6905007346474344,0.0035389543322286916,0.75,1.25
HistoKit (no postprocessing),gaussian,c74350c8-f970-c60d-af8a-f9c4d9c5bab2_124242_3.png,307474,1907833,1519503,19194,0.2855382386605035,0.16654686916867398,0.16829659048800286,0.9412430969669512,0.5901184441998464,0.28553823866050343,0.5566518718911715,0.9900395791029394,0.8317034095119972,0.25,2.25
HistoKit (no postprocessing),gaussian,969ce636-2f0f-f223-bb1c-2b4624598a38_125938_1.png,21682447,771741,143507,2525055,0.9420299444821175,0.89041267242766,0.9934249380347819,0.8956912200193147,0.8937790647918719,0.9420299444821175,0.8432042462807895,0.23408818744016918,0.006575061965218107,0.75,1.25
HistoKit (no postprocessing),gaussian,332605c9-e7e2-297a-c808-98d567218fe3_115336_2.png,5444190,468875,12993,183798,0.9822473645196813,0.9651140466525238,0.9976191012835743,0.9673421478510615,0.9677912212660986,0.9822473645196813,0.9730361841832204,0.7183919052879466,0.0023808987164256725,0.25,2.25
HistoKit (no postprocessing),gaussian,0502ebf6-5b9d-c3a6-85fe-a3909acf1f7b_112628_8.png,4011280,94881,535,52269,0.9934610997101803,0.9870071583166096,0.9998666439005787,0.9871371060125028,0.9873035719223413,0.9934610997101802,0.9943929739247086,0.6447910295616718,0.00013335609942133423,0.25,2.25
HistoKit (no postprocessing),gaussian,7e6be544-b3c1-c3b1-a8a1-838402bd2649_124526_1.png,51766780,2597040,150544,259206,0.9960579473561118,0.9921468522341367,0.9971003127973237,0.9950177590098918,0.9925192022356768,0.9960579473561118,0.9452085905289884,0.9092494133908634,0.002899687202676317,0.75,1.25
HistoKit (no postprocessing),gaussian,def4a0a8-b472-78ea-531c-84458df3a3e9_124843_7.png,11366464,165675,59406,390461,0.98059479023129,0.9619283684588728,0.9948007460263419,0.9667888499756526,0.9624547842823648,0.98059479023129,0.7360683487277914,0.2979037501618309,0.005199253973658023,0.25,2.25
HistoKit (no postprocessing),gaussian,b91bdd22-8eea-af27-bee7-880d6f1d7c1e_121440_5.png,3224363,799668,311948,4776161,0.5589683825763305,0.38789459982541896,0.9117871703026119,0.40301897725698965,0.44161206917365187,0.5589683825763305,0.7193743163106684,0.1434168802522459,0.08821282969738804,0.25,2.25
HistoKit (no postprocessing),gaussian,3e1fffa8-5bae-87b0-bc39-e4a1bc285608_122517_10.png,3512424,1692244,315606,1717606,0.7755356003382623,0.6333672098204787,0.9175539376650653,0.6715877346783862,0.7190873570714077,0.7755356003382622,0.842813955225739,0.4962810680821737,0.08244606233493468,0.25,2.25
HistoKit (no postprocessing),gaussian,04e13be9-17d6-1bd0-76ee-d5d53a64912e_105258_2.png,3255118,114412,7960,914862,0.8758489440012441,0.7791203320296606,0.9975605854349788,0.7806075808517067,0.7850078465139858,0.8758489440012441,0.9349524401006766,0.11115796182551974,0.002439414565021124,0.25,2.25
HistoKit (no postprocessing),gaussian,d9d9ce51-54c1-b32b-5fae-fd9ffdaa32e5_111717_1.png,7402689,300118,7582,645621,0.9577449573152931,0.9189161175447734,0.9989768255438971,0.9197817926993369,0.9218283606649585,0.9577449573152931,0.9753591160220995,0.31733702427413907,0.0010231744561028874,0.25,2.25
HistoKit (no postprocessing),gaussian,cd7afea3-2dfd-f8a4-f2e6-1e02af01c417_132555_3.png,0,3998128,4622,106110,0.0,0.0,0.0,0.0,0.9730504324800553,,0.9988452938604709,0.9741462361588192,1.0,0.25,2.25
HistoKit (no postprocessing),gaussian,be2180cd-04c9-2627-2456-4397fd5e59ee_103647_5.png,4965082,480768,15238,109048,0.9876387072390832,0.9755792860724554,0.9969403572461207,0.978509025192496,0.9776870798127729,0.9876387072390831,0.9692785974363214,0.8151152223744355,0.003059642753879269,0.25,2.25
HistoKit (no postprocessing),gaussian,0504f20c-cba2-27c1-e181-78505aa24ca7_112258_3.png,3464363,2235224,2631096,117539,0.7159726706485373,0.5575992459678886,0.5683514563874517,0.9671853110442441,0.6746492930701868,0.7159726706485372,0.4593253218037449,0.9500421419411985,0.4316485436125483,0.25,2.25
HistoKit (no postprocessing),gaussian,19a1c0fb-3d0a-327d-ea5a-6aae35f53e51_121144_1.png,6543433,59906,3871,13938,0.9986410193308877,0.9972857273058973,0.9994087642791598,0.9978744530391829,0.9973102851650499,0.9986410193308876,0.9393041378553397,0.8112507448133904,0.0005912357208402115,0.25,2.25
HistoKit (no postprocessing),gaussian,b0f43f79-08e2-79bc-61fa-379c7ef1dd21_131900_10.png,5008425,182890,3502,416263,0.9597795837060197,0.9226694349313491,0.9993012667582748,0.9232650799456116,0.9251899812513812,0.9597795837060196,0.9812116399845487,0.3052475744926588,0.0006987332417251887,0.25,2.25
HistoKit (no postprocessing),gaussian,def4a0a8-b472-78ea-531c-84458df3a3e9_124843_8.png,30032102,640183,182577,1236658,0.9769167921787849,0.9548752092796564,0.9939573410659104,0.960450686244034,0.9557753886384939,0.9769167921787849,0.7780920316981866,0.34109602251868965,0.006042658934089619,0.75,1.25
HistoKit (no postprocessing),gaussian,cbd7b0be-5303-525e-8ff2-6d1502e77bdd_110516_1.png,11621063,482096,19182,95219,0.9951019687130711,0.9902516849781142,0.9983520965409233,0.9918729337515092,0.9906363463735803,0.9951019687130711,0.9617338083857659,0.8350657786477054,0.0016479034590766775,0.25,2.25
HistoKit (no postprocessing),gaussian,d9d9ce51-54c1-b32b-5fae-fd9ffdaa32e5_111717_2.png,6592759,751381,5216,1788149,0.8802737827647095,0.7861509083338143,0.9992094544159382,0.7866401826627855,0.8037358119092685,0.8802737827647094,0.9931059731931265,0.29587403968450854,0.0007905455840617765,0.25,2.25
HistoKit (no postprocessing),gaussian,c0272a60-2518-4785-1810-6431c15f4b4b_130712_1.png,8107533,225099,48439,17879,0.9959267590519332,0.9918865660751585,0.9940609163444897,0.9977996192685368,0.9921040130016252,0.9959267590519333,0.8229167428291498,0.9264172064960614,0.005939083655510343,0.25,2.25
HistoKit (no postprocessing),gaussian,6f1702fd-ae84-1c96-04ae-a23a14a5d2d4_111419_5.png,2298645,936449,24194,236243,0.946387065390871,0.8982303028976797,0.9895842974911304,0.9068033775062251,0.9254942954303652,0.9463870653908709,0.974814785513453,0.7985464213962404,0.010415702508869534,0.25,2.25
HistoKit (no postprocessing),gaussian,e398b039-2e70-a00a-855c-e3ff4eba631e_115619_4.png,5043287,185861,966,537230,0.9493451622952779,0.9035747309451628,0.9998084949347307,0.9037311417562208,0.906682174671738,0.949345162295278,0.9948294411407345,0.2570368044962529,0.0001915050652693273,0.25,2.25
HistoKit (no postprocessing),gaussian,2125a939-8f92-6ca7-9a29-e1755d6267ed_103351_8.png,6813641,209012,0,1352297,0.909723964872444,0.8343978364763485,1.0,0.8343978364763485,0.8385307374969403,0.909723964872444,1.0,0.1338697208560253,0.0,0.25,2.25
HistoKit (no postprocessing),gaussian,deaaef3a-8172-327d-10b9-23d266fb17ca_123636_1.png,3627742,3645298,441039,102443,0.9303135825954364,0.8697068294582118,0.89160414384554,0.9725367508582013,0.930470099105459,0.9303135825954364,0.8920698415231049,0.9726654003038097,0.10839585615446003,0.25,2.25
HistoKit (no postprocessing),gaussian,04e13be9-17d6-1bd0-76ee-d5d53a64912e_105258_4.png,7999803,388666,28364,729911,0.9547511406722604,0.9134199307199593,0.9964669394645129,0.916387753367407,0.9170989151986761,0.9547511406722604,0.931985708462221,0.34746468057183366,0.0035330605354871166,0.25,2.25
HistoKit (no postprocessing),gaussian,8e6bc805-8b70-bd59-8612-caf5bbe72e5e_125634_2.png,7180732,1492843,215964,55534,0.9814461351023805,0.9635682205192271,0.9708026394487485,0.9923255999710348,0.9696483192479256,0.9814461351023804,0.8736170907539588,0.9641340577908352,0.029197360551251533,0.25,2.25
HistoKit (no postprocessing),gaussian,f4c75e72-7c5b-0601-d74f-78529d4dec70_114117_1.png,4373564,8480491,10291588,167783,0.4554254265704541,0.2948549292503473,0.2982283443090123,0.9630543536972621,0.5513584747261084,0.45542542657045415,0.4517608838104719,0.98059925020877,0.7017716556909878,0.25,2.25
HistoKit (no postprocessing),gaussian,7ea29210-064a-9e70-4612-3ab81fa629dc_120503_2.png,8472019,44190,24670,315826,0.9803005391988004,0.9613622217947998,0.9970965160664348,0.9640610411312444,0.9615550026787615,0.9803005391988006,0.6417368573918095,0.12274454468690281,0.0029034839335651806,0.25,2.25
HistoKit (no postprocessing),gaussian,0502ebf6-5b9d-c3a6-85fe-a3909acf1f7b_112628_7.png,4997430,904612,222,237046,0.9768114706930953,0.95467398501308,0.9999555791399641,0.9547144738078845,0.9613526601523624,0.9768114706930954,0.9997546511293784,0.7923668909603402,4.4420860035872846e-05,0.25,2.25
HistoKit (no postprocessing),gaussian,9e7010fd-072a-6a7f-3911-83d91e8c9301_113642_1.png,8242540,270302,75515,54010,0.9922041480974119,0.9845289065481455,0.9909215555800004,0.9934900651475613,0.9850127864276071,0.9922041480974119,0.7816330602601954,0.8334628382545204,0.009078444419999627,0.25,2.25
HistoKit (no postprocessing),gaussian,24aa9d72-799e-9634-ead4-94165f32d151_102546_1.png,6244917,394511,34945,92835,0.9898728872194061,0.979948834849672,0.9944353872744337,0.9853520617405036,0.9811177667362966,0.9898728872194061,0.9186296151410156,0.8095090551681967,0.0055646127255662625,0.25,2.25
HistoKit (no postprocessing),gaussian,e398b039-2e70-a00a-855c-e3ff4eba631e_115619_1.png,14232335,375761,1061,1998707,0.9343572988282272,0.8768016688903465,0.9999254570026718,0.8768589841613372,0.8795890910474701,0.9343572988282272,0.9971843469861101,0.15825060603048768,7.454299732825532e-05,0.25,2.25
HistoKit (no postprocessing),gaussian,b91bdd22-8eea-af27-bee7-880d6f1d7c1e_121440_6.png,5481304,393678,114525,819191,0.9215122251209702,0.854448466255756,0.9795338635258511,0.8699798984048078,0.8628642363047971,0.9215122251209701,0.7746471390369596,0.3245841059504365,0.02046613647414887,0.25,2.25
HistoKit (no postprocessing),gaussian,e16fa7c2-3d43-e563-886f-5b0ebdd4e8c5_105048_1.png,42023751,447742,1003428,48692,0.9876366078335812,0.9755751891818972,0.9766792054854444,0.9988426628803087,0.9758264554001985,0.9876366078335811,0.30853862745233157,0.9019164682515702,0.023320794514555557,0.75,1.25
HistoKit (no postprocessing),gaussian,b1a83861-bd20-5668-5a83-92a470ead44d_110338_5.png,2699019,2334168,2,175519,0.9685082727212541,0.9389394477029368,0.9999992589905747,0.938940100983184,0.966302392071124,0.968508272721254,0.9999991431643797,0.9300633903749751,7.410094252693847e-07,0.25,2.25
HistoKit (no postprocessing),gaussian,d9d9ce51-54c1-b32b-5fae-fd9ffdaa32e5_111717_5.png,9065996,225915,6009,997924,0.9475367404502265,0.9003038651017301,0.9993376326401936,0.9008414216329224,0.9024914324653714,0.9475367404502265,0.9740906503854712,0.18459535935690888,0.0006623673598063493,0.25,2.25
HistoKit (no postprocessing),gaussian,0502ebf6-5b9d-c3a6-85fe-a3909acf1f7b_112628_2.png,8274051,2891932,271920,412502,0.960283125095314,0.9236005957711766,0.9681814974565207,0.9525125789251502,0.9422448431087377,0.9602831250953139,0.9140541340113254,0.8751671239310574,0.03181850254347926,0.25,2.25
HistoKit (no postprocessing),gaussian,40f80889-968b-7602-00a3-4e00b00e88fe_110004_3.png,21088598,9011054,120907,1183698,0.9699965279727029,0.9417410274001445,0.9942993954832986,0.9468533464174507,0.9584577020879685,0.9699965279727029,0.9867600179194809,0.8838914374768508,0.005700604516701356,0.25,2.25
HistoKit (no postprocessing),gaussian,59c3e1ff-f1eb-ac9b-3a83-925048a454e4_130514_4.png,1778431,1074355,0,71534,0.9802849523591141,0.9613322414207837,1.0,0.9613322414207837,0.975538244788532,0.9802849523591141,1.0,0.9375733600723979,0.0,0.25,2.25
HistoKit (no postprocessing),gaussian,2125a939-8f92-6ca7-9a29-e1755d6267ed_103351_5.png,4153854,952395,2738,39085,0.9949909761398574,0.9900318828165275,0.999341287285353,0.9906783761938821,0.9918759877484231,0.9949909761398573,0.9971333835183163,0.960579134223585,0.0006587127146469992,0.25,2.25
HistoKit (no postprocessing),gaussian,6247d1f0-d194-53f2-2d84-7b4b827443da_115125_1.png,2663722,454678,246094,13866,0.9534739209836983,0.9110847212521744,0.915426267502825,0.9948214587158293,0.9230514213997324,0.9534739209836983,0.6488244393326217,0.9704061945089468,0.08457373249717508,0.25,2.25
HistoKit (no postprocessing),gaussian,0e99786b-efbd-e936-5e70-bad7ef5912da_122209_3.png,9726680,1756014,61150,198336,0.9868367053646135,0.9740154529776492,0.9937524456391253,0.9800165561445946,0.9779013777680124,0.9868367053646134,0.9663486619809769,0.8985156190037609,0.006247554360874678,0.25,2.25
HistoKit (no postprocessing),gaussian,7e3642ed-4a56-9d3f-3ecf-de46d455c0fd_113100_1.png,557767,1941806,1716964,96663,0.3808373797138498,0.23520638071952615,0.2452013007252286,0.8522943630334795,0.5795170638968747,0.3808373797138498,0.5307264463193915,0.9525805886672792,0.7547986992747714,0.25,2.25
HistoKit (no postprocessing),gaussian,0e99786b-efbd-e936-5e70-bad7ef5912da_122209_4.png,5240521,253234,12172,28560,0.9961287896888871,0.9922874363337639,0.9976827124676808,0.9945796999514717,0.9926403296276601,0.9961287896888871,0.9541381882851179,0.8986493679780265,0.002317287532319136,0.25,2.25
HistoKit (no postprocessing),gaussian,66e65946-ef0a-6028-f7a7-e909aade97a4_112429_4.png,9078910,971130,23123,52245,0.9958664387160381,0.9917669094165591,0.997459578535916,0.9942783798982714,0.9925565468571735,0.995866438716038,0.9767433439979563,0.948948332722609,0.002540421464083903,0.25,2.25
HistoKit (no postprocessing),gaussian,728c532f-2f31-cf1c-4143-7abb9ca2b76d_102101_5.png,4829202,1829409,589034,76067,0.9355741097621398,0.8789471567185138,0.8912867582733569,0.9844927974388357,0.9091852601522288,0.93557410976214,0.7564408175011774,0.9600797910863217,0.10871324172664314,0.25,2.25
HistoKit (no postprocessing),gaussian,0502ebf6-5b9d-c3a6-85fe-a3909acf1f7b_112628_5.png,2742819,844064,97,11508,0.9978889417840907,0.9957867779252577,0.9999646361755155,0.9958218468613204,0.9967750344033383,0.9978889417840908,0.9998850930095089,0.9865493494410756,3.53638244845996e-05,0.25,2.25
HistoKit (no postprocessing),gaussian,59c3e1ff-f1eb-ac9b-3a83-925048a454e4_130514_1.png,4973867,709443,118583,89228,0.9795371887968592,0.9598950378622524,0.9767139588999401,0.9823767873207988,0.9647247102885852,0.9795371887968594,0.8567883134104485,0.888279404160161,0.02328604110005989,0.25,2.25
HistoKit (no postprocessing),gaussian,228e0715-eef2-126e-c558-f7684e2bcfa8_110725_7.png,7208886,366442,911,2024870,0.8768039364728535,0.7806330212015224,0.99987364415392,0.7807100382552885,0.7890055200914811,0.8768039364728535,0.9975200964739638,0.15323889145372915,0.00012635584607999364,0.25,2.25
HistoKit (no postprocessing),gaussian,f761dbde-597d-9a8f-e1a1-2533f0d71b83_120113_1.png,9252331,1003271,5900,118738,0.9933095714814835,0.986708071659403,0.9993627292298064,0.98732930042453,0.9879927631731058,0.9933095714814835,0.9941536171768709,0.8941737543994746,0.0006372707701935716,0.25,2.25
HistoKit (no postprocessing),gaussian,7d4546a5-f4cc-3733-763f-d1c5a5904dff_120251_4.png,3286762,261052,5595,168127,0.9742529025916649,0.9497983519068431,0.9983006095633007,0.9513364973520133,0.9533198120346008,0.9742529025916647,0.9790172025186857,0.6082590247891905,0.001699390436699301,0.25,2.25
HistoKit (no postprocessing),gaussian,c38dfb82-e376-0eab-4312-72ca49852e8b_104329_1.png,3513673,810248,42742,77075,0.9832357258397493,0.9670242659261481,0.9879817175442124,0.9785351130182346,0.9730368892135405,0.9832357258397493,0.9498915579315115,0.9131376060352319,0.01201828245578764,0.25,2.25
HistoKit (no postprocessing),gaussian,59c3e1ff-f1eb-ac9b-3a83-925048a454e4_130514_3.png,2348228,404685,7794,69381,0.9838330612483454,0.9681805456660192,0.9966918814849777,0.9713018110041781,0.9727305299340515,0.9838330612483454,0.9811044925923501,0.8536469605497968,0.0033081185150223556,0.25,2.25
HistoKit (no postprocessing),gaussian,c0272a60-2518-4785-1810-6431c15f4b4b_130712_3.png,33230694,2122249,165939,362717,0.9921084392779321,0.9843404567919702,0.995031265576982,0.9892027338337271,0.9852666543650968,0.9921084392779322,0.9274801720837623,0.8540354274464922,0.004968734423018033,0.25,2.25
HistoKit (no postprocessing),gaussian,7e3642ed-4a56-9d3f-3ecf-de46d455c0fd_113100_4.png,8164246,3779195,820,99643,0.9938850036414367,0.9878443391049824,0.9998995721528766,0.9879423598259851,0.9916586017291403,0.9938850036414368,0.9997830696439035,0.9743111210109832,0.00010042784712334229,0.25,2.25
HistoKit (no postprocessing),gaussian,7e3642ed-4a56-9d3f-3ecf-de46d455c0fd_113100_3.png,3820233,1512438,41385,113856,0.980086347524349,0.9609503168678754,0.9892829896690972,0.971059119404772,0.9717121921780086,0.980086347524349,0.9733656922313545,0.9299905183195658,0.010717010330902745,0.25,2.25
HistoKit (no postprocessing),gaussian,3e1fffa8-5bae-87b0-bc39-e4a1bc285608_122517_7.png,3574748,351973,22,2611769,0.732433745673086,0.5778267945938755,0.999993845757909,0.577828849415592,0.6005526945580278,0.7324337456730861,0.9999374991122033,0.11875966261570677,6.154242091099568e-06,0.25,2.25
HistoKit (no postprocessing),gaussian,b0f43f79-08e2-79bc-61fa-379c7ef1dd21_131900_5.png,7423064,146941,23841,426195,0.9705785058266896,0.9428387801501315,0.9967985357675437,0.9457025179064673,0.9438860724028717,0.9705785058266897,0.8604009790258926,0.25638068451467017,0.0032014642324563023,0.25,2.25
HistoKit (no postprocessing),gaussian,66e65946-ef0a-6028-f7a7-e909aade97a4_112429_5.png,13326987,461431,17857,16765,0.9987027418002805,0.9974088449976346,0.9986618801988244,0.998743606745689,0.9974953411116513,0.9987027418002806,0.9627426515998732,0.9649411538365021,0.0013381198011756452,0.25,2.25
HistoKit (no postprocessing),gaussian,cbd7b0be-5303-525e-8ff2-6d1502e77bdd_110516_5.png,4548109,503915,136880,108571,0.9737251448322565,0.948795675865119,0.9707832825221148,0.9766848913818429,0.9536664165475062,0.9737251448322565,0.7863903432454997,0.8227371727680306,0.02921671747788522,0.25,2.25
HistoKit (no postprocessing),gaussian,1875292b-dccd-c5b5-17ad-67c30baa6d69_130951_13.png,11103833,342197,49543,1568254,0.9320979827338508,0.8728309972857252,0.9955580265562642,0.8762434317251767,0.8761620924710654,0.9320979827338508,0.8735309133609026,0.1791184385257722,0.00444197344373578,0.25,2.25
HistoKit (no postprocessing),gaussian,1875292b-dccd-c5b5-17ad-67c30baa6d69_130951_12.png,7143864,279182,6963,1037351,0.9318868289038081,0.8724607598906619,0.9990262664723955,0.8732033078216377,0.8766659265697927,0.931886828903808,0.9756661832287826,0.21205848998847732,0.0009737335276045694,0.25,2.25
HistoKit (no postprocessing),gaussian,6f1702fd-ae84-1c96-04ae-a23a14a5d2d4_111419_3.png,4544307,344891,16563,73983,0.9901356986913835,0.980464105334085,0.9963684560182596,0.9839804343165977,0.9818171375877957,0.9901356986913835,0.954176741715405,0.8233764807555494,0.003631543981740326,0.25,2.25
HistoKit (no postprocessing),gaussian,e398b039-2e70-a00a-855c-e3ff4eba631e_115619_3.png,16587157,539085,23488,4224670,0.8864810961713059,0.7961078102250914,0.9985859670109137,0.7970062887799326,0.8012501871397559,0.8864810961713059,0.9582489739109413,0.11316388017435826,0.0014140329890862155,0.25,2.25
HistoKit (no postprocessing),gaussian,04e13be9-17d6-1bd0-76ee-d5d53a64912e_105258_3.png,9053544,317457,2,1802497,0.9094657764623646,0.833963535332349,0.9999997790920817,0.8339636889728033,0.8386808967646664,0.9094657764623646,0.9999936999738549,0.14974711715442882,2.2090791828969554e-07,0.25,2.25
HistoKit (no postprocessing),gaussian,b91bdd22-8eea-af27-bee7-880d6f1d7c1e_121440_1.png,5063121,1314624,69968,692399,0.9299849044079,0.8691325087271659,0.9863692213402105,0.879698272267319,0.8932275852255539,0.9299849044078999,0.9494667021043022,0.6550119256231742,0.013630778659789455,0.25,2.25
HistoKit (no postprocessing),gaussian,b91bdd22-8eea-af27-bee7-880d6f1d7c1e_121440_2.png,9040686,1021712,2240,1872197,0.9060706083125971,0.8282715641408713,0.9997522925654816,0.828441576804223,0.84297035185625,0.906070608312597,0.9978123974561307,0.35305602214858867,0.0002477074345184291,0.25,2.25
HistoKit (no postprocessing),gaussian,b1a83861-bd20-5668-5a83-92a470ead44d_110338_3.png,847237,1707094,39533,89807,0.9290826805803662,0.867557806501689,0.9554191052922404,0.9041592497257332,0.9518048225732588,0.9290826805803662,0.977366089039045,0.9500211753457759,0.044580894707759625,0.25,2.25
HistoKit (no postprocessing),gaussian,3e1fffa8-5bae-87b0-bc39-e4a1bc285608_122517_3.png,10458361,486525,22205,1653333,0.9258357508279385,0.8619126465450223,0.9978813167151469,0.8634928359319514,0.8672359977763029,0.9258357508279385,0.9563520924655514,0.22736321755929598,0.0021186832848531273,0.25,2.25
HistoKit (no postprocessing),gaussian,c74350c8-f970-c60d-af8a-f9c4d9c5bab2_124242_5.png,0,5541608,5559256,1850,0.0,0.0,0.0,0.0,0.4991219264046611,,0.4992051069178039,0.9996662732900655,1.0,0.25,2.25
HistoKit (no postprocessing),gaussian,c74350c8-f970-c60d-af8a-f9c4d9c5bab2_124242_4.png,0,2719678,917700,1278,0.0,0.0,0.0,0.0,0.7474402636577901,,0.7477028782821032,0.9995303121402919,1.0,0.25,2.25
HistoKit (no postprocessing),gaussian,0504f20c-cba2-27c1-e181-78505aa24ca7_112258_4.png,9870117,1355610,420095,207538,0.9691851385321791,0.9402126169893549,0.9591752822973909,0.9794061217614614,0.9470502034866063,0.9691851385321791,0.7634207258525487,0.8672307420666501,0.040824717702609044,0.25,2.25
HistoKit (no postprocessing),gaussian,5fe08b37-e6eb-942a-a4ce-507361c4911e_102333_2.png,8932835,68366,14618,255591,0.9851008600134573,0.970639171126423,0.9983662389732586,0.9721833750416012,0.9708556735167574,0.9851008600134573,0.8238455605899933,0.21103418046222183,0.0016337610267413531,0.25,2.25
HistoKit (no postprocessing),gaussian,cbd7b0be-5303-525e-8ff2-6d1502e77bdd_110516_4.png,3236846,341787,450,81387,0.9875163392611032,0.9753405191155649,0.9998609951020851,0.9754727892827297,0.9776430349108175,0.9875163392611032,0.9986851217139,0.8076748571509592,0.00013900489791480298,0.25,2.25
HistoKit (no postprocessing),gaussian,7e6be544-b3c1-c3b1-a8a1-838402bd2649_124526_4.png,4602705,474514,18080,88061,0.9886011471128708,0.9774592331114672,0.9960872449161776,0.9812267335441589,0.9795227420051859,0.9886011471128708,0.9632963454690882,0.8434679820468381,0.0039127550838223375,0.25,2.25
HistoKit (no postprocessing),gaussian,66e65946-ef0a-6028-f7a7-e909aade97a4_112429_3.png,4704312,170471,11877,3778,0.9983388649678134,0.9966832395226493,0.9974816530889665,0.9991975514486766,0.9967988552354615,0.9983388649678134,0.934866299602957,0.9783183834627458,0.002518346911033464,0.25,2.25
HistoKit (no postprocessing),gaussian,24aa9d72-799e-9634-ead4-94165f32d151_102546_6.png,8292572,118293,2874,31585,0.9979266051060305,0.9958617903548095,0.9996535448485832,0.996205621782482,0.9959197539372083,0.9979266051060305,0.976280670479586,0.7892619330388716,0.0003464551514168135,0.25,2.25
HistoKit (no postprocessing),gaussian,0f3058e5-e9f7-bd55-4b60-07a71af55b96_123333_3.png,30681993,1532486,101106,447244,0.9911431221073617,0.9824417554427757,0.9967155353656888,0.9856326706626314,0.9832630448365738,0.9911431221073616,0.9381081689920127,0.7740883857899815,0.0032844646343111847,0.25,2.25
HistoKit (no postprocessing),gaussian,def4a0a8-b472-78ea-531c-84458df3a3e9_124843_6.png,16517277,7851043,2131058,83121,0.9371841535410649,0.8817935455738198,0.8857239533717085,0.9949928308947773,0.9167053857502261,0.9371841535410649,0.7865120779683555,0.9895236599596379,0.11427604662829148,0.25,2.25
HistoKit (no postprocessing),gaussian,84acf623-2a5d-c4c6-c1db-583a94b80fc7_105804_1.png,45316832,3736155,55100,860073,0.990003444828032,0.9802047737276374,0.9987855928198076,0.9813743905097148,0.9816848769296288,0.990003444828032,0.9854665539511323,0.8128741655113715,0.0012144071801923708,0.25,2.25
HistoKit (no postprocessing),gaussian,b91bdd22-8eea-af27-bee7-880d6f1d7c1e_121440_4.png,6483419,244396,31363,223013,0.9807600119020841,0.9622464025693865,0.995185871146571,0.966746401066916,0.963567882918127,0.980760011902084,0.8862666313701457,0.522873971190114,0.0048141288534290175,0.25,2.25
HistoKit (no postprocessing),gaussian,9e7010fd-072a-6a7f-3911-83d91e8c9301_113642_6.png,6740731,1648609,29664,1145796,0.9198017155307233,0.8515119203162228,0.9956185717376903,0.8547147559375629,0.8771056373369019,0.9198017155307233,0.9823246873422858,0.5899678106788386,0.004381428262309658,0.25,2.25
HistoKit (no postprocessing),gaussian,1875292b-dccd-c5b5-17ad-67c30baa6d69_130951_4.png,3915139,146537,6542,142417,0.98133167369261,0.9633475865985515,0.9983318378011878,0.9649007924967641,0.9646231506649234,0.98133167369261,0.9572638964194958,0.5071291624272376,0.001668162198812193,0.25,2.25
HistoKit (no postprocessing),gaussian,969ce636-2f0f-f223-bb1c-2b4624598a38_125938_4.png,14943534,755708,85533,4565245,0.8653425578422002,0.7626465272166739,0.9943088283524186,0.765990224195989,0.7714607651491252,0.8653425578422,0.8983252123945457,0.14202493425519827,0.005691171647581317,0.25,2.25
HistoKit (no postprocessing),gaussian,35ce6eab-4a33-9fbb-2efe-2acf7936ba3e_104917_2.png,7203164,4508617,881647,196872,0.9303500383310213,0.8697705526763099,0.8909502027938563,0.9733958051014887,0.9156768019514788,0.9303500383310213,0.8364371392570011,0.958161202799539,0.10904979720614372,0.25,2.25
HistoKit (no postprocessing),gaussian,859ead5f-592a-5c4e-67de-d71b0ee92f6d_113334_2.png,12697061,598397,41681,311605,0.9862787741585483,0.972928995681111,0.9967280128602966,0.9760463524853356,0.9741158600381105,0.9862787741585483,0.9348813738325642,0.6575776756534601,0.003271987139703434,0.25,2.25
HistoKit (no postprocessing),gaussian,d9d9ce51-54c1-b32b-5fae-fd9ffdaa32e5_111717_3.png,10795045,733504,28505,1127696,0.9491696910058876,0.903256865434784,0.9973663908791478,0.9054163803440837,0.908851100731193,0.9491696910058876,0.9625923053402257,0.39410272942187835,0.0026336091208522157,0.25,2.25
HistoKit (no postprocessing),gaussian,6b809376-ab46-9021-2fa3-0d0025b512da_132412_1.png,3741841,440525,6493,77854,0.9888548260055557,0.9779553435429728,0.9982677637585124,0.979617744348698,0.9802313865497867,0.9888548260055557,0.9854748578357023,0.8498125888587308,0.0017322362414875516,0.25,2.25
HistoKit (no postprocessing),gaussian,c38dfb82-e376-0eab-4312-72ca49852e8b_104329_5.png,2600421,527574,2578,91505,0.9822314763665208,0.9650833697036635,0.999009603922245,0.9660076094216558,0.9708005206577867,0.9822314763665208,0.9951372436584225,0.852191723511862,0.000990396077754928,0.25,2.25
HistoKit (no postprocessing),gaussian,cbd7b0be-5303-525e-8ff2-6d1502e77bdd_110516_2.png,9597529,747815,32210,37546,0.9963790981838704,0.9927843236234372,0.9966551533743542,0.9961031958754861,0.9933024166834692,0.9963790981838703,0.9587064517162911,0.9521926859113198,0.003344846625645825,0.25,2.25
HistoKit (no postprocessing),gaussian,8e6bc805-8b70-bd59-8612-caf5bbe72e5e_125634_1.png,64573586,1029727,140996,108049,0.9980753301311738,0.9961580547386298,0.9978212638381871,0.998329525838362,0.9962181308678423,0.9980753301311737,0.8795650209315099,0.9050349102107972,0.0021787361618128046,0.25,2.25
HistoKit (no postprocessing),gaussian,7e6be544-b3c1-c3b1-a8a1-838402bd2649_124526_3.png,50301297,513636,35471,56036,0.9990912377280174,0.9981841256541311,0.9992953262315133,0.9988872325704778,0.9982024474703004,0.9990912377280173,0.9354023896981827,0.9016346248367482,0.0007046737684866855,0.25,2.25
HistoKit (no postprocessing),gaussian,e3dca99c-de77-4ab1-72a1-8daf3d4d032c_120923_2.png,9082654,1121288,186256,239498,0.9770989952053304,0.955223419104439,0.9799052963077644,0.9743087218487748,0.959946737893539,0.9770989952053304,0.8575527859865519,0.8240002469161205,0.020094703692235656,0.25,2.25
HistoKit (no postprocessing),gaussian,b0f43f79-08e2-79bc-61fa-379c7ef1dd21_131900_4.png,12835823,195058,12680,696771,0.973107600491367,0.9476237247028004,0.9990131146017556,0.948511645291361,0.9483672592481753,0.9731076004913671,0.9389615766012959,0.21871681678886873,0.0009868853982444492,0.25,2.25
HistoKit (no postprocessing),gaussian,24aa9d72-799e-9634-ead4-94165f32d151_102546_7.png,10987215,598058,10829,70418,0.9963162772106248,0.9926595944404922,0.9990153703694948,0.9936317293221796,0.9930358838796831,0.9963162772106249,0.9822150908132379,0.8946588957569157,0.000984629630505206,0.25,2.25
HistoKit (no postprocessing),gaussian,19a1c0fb-3d0a-327d-ea5a-6aae35f53e51_121144_3.png,24680728,1521280,39211,171577,0.9957478624530292,0.991531733141525,0.998413790584192,0.9930961333365256,0.9920194741972792,0.9957478624530293,0.9748726522613715,0.8986464893372564,0.0015862094158080244,0.25,2.25
HistoKit (no postprocessing),gaussian,7ea29210-064a-9e70-4612-3ab81fa629dc_120503_4.png,2758224,176471,4712,528200,0.9119060528717088,0.838076579029247,0.9982945678075786,0.8392781941709286,0.8463170711098461,0.9119060528717088,0.97399314505224,0.2504303426705512,0.0017054321924213952,0.25,2.25
HistoKit (no postprocessing),gaussian,7ea29210-064a-9e70-4612-3ab81fa629dc_120503_1.png,8758340,155997,5136,1028047,0.9443023918828942,0.8944818901002428,0.9994139311843839,0.8949513237111919,0.8961366250080423,0.9443023918828942,0.9681257098173558,0.13174932688312258,0.0005860688156160866,0.25,2.25
HistoKit (no postprocessing),gaussian,859ead5f-592a-5c4e-67de-d71b0ee92f6d_113334_1.png,20240574,372614,9144,359308,0.9909802788766597,0.982121814005184,0.9995484381560277,0.9825577641658336,0.9824393136094224,0.9909802788766597,0.9760476532253417,0.5090897663958728,0.0004515618439723457,0.25,2.25
HistoKit (no postprocessing),gaussian,5fe08b37-e6eb-942a-a4ce-507361c4911e_102333_3.png,13471377,1653852,28850,1704916,0.9395405718685531,0.8859750283177212,0.9978629988962407,0.8876592590825704,0.8971607738183682,0.9395405718685531,0.9828549558983112,0.49239840322403927,0.002137001103759218,0.25,2.25
HistoKit (no postprocessing),gaussian,f761dbde-597d-9a8f-e1a1-2533f0d71b83_120113_5.png,3492207,671139,526854,32007,0.925912683814391,0.8620460086081004,0.8689111710421912,0.9909179749016377,0.8816525832095036,0.925912683814391,0.5602194670586556,0.9544802928552534,0.1310888289578088,0.25,2.25
HistoKit (no postprocessing),gaussian,969ce636-2f0f-f223-bb1c-2b4624598a38_125938_5.png,12683607,272404,8425,1704349,0.9367513013668987,0.8810274609987052,0.9993361977026216,0.8815433547336398,0.8832368188640027,0.9367513013668987,0.9699995370848452,0.13780376202793165,0.0006638022973783867,0.25,2.25
HistoKit (no postprocessing),gaussian,969ce636-2f0f-f223-bb1c-2b4624598a38_125938_2.png,4524353,328808,6268,1267075,0.8766385433744792,0.7803708576648379,0.9986165251959941,0.7812154446191855,0.7921583010473836,0.8766385433744793,0.9812937960343325,0.20603515420616675,0.0013834748040058968,0.25,2.25
HistoKit (no postprocessing),gaussian,9e7010fd-072a-6a7f-3911-83d91e8c9301_113642_2.png,2600363,836196,95978,435819,0.9072315976752295,0.8302139737433593,0.9644043539003413,0.8564582096857172,0.8659906016496504,0.9072315976752297,0.8970385357240171,0.6573790403415054,0.03559564609965876,0.25,2.25
HistoKit (no postprocessing),gaussian,a40a1d35-8d5f-0529-214c-05d84888ba26_111152_2.png,2750861,3931795,0,131424,0.976669520015991,0.9544028435772313,1.0,0.9544028435772313,0.980712876866723,0.9766695200159912,1.0,0.9676552014548071,0.0,0.25,2.25
HistoKit (no postprocessing),gaussian,04e13be9-17d6-1bd0-76ee-d5d53a64912e_105258_1.png,14084171,254221,56947,814119,0.9700040028364214,0.9417551189593317,0.9959729492392327,0.9453548695857041,0.9427286626518842,0.9700040028364214,0.816989536199095,0.23795888949210925,0.0040270507607672885,0.25,2.25
HistoKit (no postprocessing),gaussian,2125a939-8f92-6ca7-9a29-e1755d6267ed_103351_3.png,10169170,2440156,401352,754218,0.9462373295505564,0.8979605712802237,0.9620310141731884,0.9309538395962864,0.9160494928548679,0.9462373295505563,0.8587538729435216,0.7638917672132317,0.03796898582681158,0.25,2.25
HistoKit (no postprocessing),gaussian,40f80889-968b-7602-00a3-4e00b00e88fe_110004_1.png,8820076,897655,95097,2831947,0.8576838573425372,0.7508287988885787,0.9893331290374286,0.7569566246135971,0.7685175101968995,0.857683857342537,0.9042087046916047,0.24068385849213939,0.010666870962571337,0.25,2.25
HistoKit (no postprocessing),gaussian,f9a50b4c-7c73-18cd-0877-8296eed330e2_114604_2.png,8622318,1654174,42838,2157636,0.8868366391344662,0.7966814847776803,0.9950562921198418,0.7998473833932872,0.8236370925431712,0.8868366391344661,0.9747568078481472,0.4339602446082045,0.004943707880158188,0.25,2.25
HistoKit (no postprocessing),gaussian,c38dfb82-e376-0eab-4312-72ca49852e8b_104329_2.png,5768531,752515,15451,58994,0.9935886874976694,0.9872590611359691,0.9973286569702327,0.989876662905779,0.9887127432968978,0.9935886874976693,0.9798806197149353,0.9273033324337746,0.0026713430297673818,0.25,2.25
HistoKit (no postprocessing),gaussian,0502ebf6-5b9d-c3a6-85fe-a3909acf1f7b_112628_1.png,7696345,2966622,366243,65969,0.9726878561396463,0.9468279548264225,0.9545750074293763,0.9915013744612753,0.9610450629052492,0.9726878561396463,0.8901116606883267,0.9782466544285069,0.045424992570623726,0.25,2.25
HistoKit (no postprocessing),gaussian,0f3058e5-e9f7-bd55-4b60-07a71af55b96_123333_2.png,15229839,834901,40283,95205,0.9955715880083802,0.9911822247583797,0.9973619726155429,0.9937876197941096,0.9916366609161303,0.9955715880083801,0.9539719647525549,0.8976406990171013,0.0026380273844570463,0.25,2.25
HistoKit (no postprocessing),gaussian,7d4546a5-f4cc-3733-763f-d1c5a5904dff_120251_3.png,2795881,448783,11944,250972,0.9550930042608663,0.9140459468215772,0.9957461736397389,0.9176291078040194,0.9250434772692283,0.9550930042608662,0.974075754188489,0.641343041493094,0.004253826360261056,0.25,2.25
HistoKit (no postprocessing),gaussian,c0272a60-2518-4785-1810-6431c15f4b4b_130712_2.png,17040544,1506514,73925,252656,0.9905084822805056,0.98119544829671,0.99568055544113,0.985389864224088,0.982696447674982,0.9905084822805056,0.9532250216553755,0.8563777235855545,0.004319444558870042,0.25,2.25
HistoKit (no postprocessing),gaussian,c38dfb82-e376-0eab-4312-72ca49852e8b_104329_4.png,5028969,146117,5687,24847,0.9969733771377866,0.9939650198843641,0.9988704292805705,0.9950835170888691,0.9941344162654977,0.9969733771377866,0.9625372190456114,0.854665309655834,0.0011295707194294903,0.25,2.25
HistoKit (no postprocessing),gaussian,7ea29210-064a-9e70-4612-3ab81fa629dc_120503_3.png,3883420,233312,5337,563004,0.9318141981559849,0.8723334428779982,0.9986275820268533,0.8733804963269359,0.8786911111096881,0.9318141981559848,0.9776366127660288,0.29298921533662514,0.0013724179731466892,0.25,2.25
HistoKit (no postprocessing),gaussian,228e0715-eef2-126e-c558-f7684e2bcfa8_110725_12.png,2044424,6092858,475780,301306,0.8403007521269298,0.7245850626083197,0.8112136953992614,0.8715512868062394,0.9128276956930654,0.8403007521269298,0.927567937219253,0.9528779680971586,0.18878630460073867,0.25,2.25
HistoKit (no postprocessing),gaussian,5fe08b37-e6eb-942a-a4ce-507361c4911e_102333_4.png,4548390,514457,14231,2747122,0.7671342529216024,0.6222366504540584,0.9968809594309938,0.6234504171879918,0.6470753559469339,0.7671342529216025,0.9730824229034893,0.15773249705127484,0.0031190405690062796,0.25,2.25
HistoKit (no postprocessing),gaussian,7e6be544-b3c1-c3b1-a8a1-838402bd2649_124526_2.png,49837823,1372138,76684,106550,0.9981650705475568,0.9963368626936452,0.9984636931303358,0.9978666265366871,0.9964346641612766,0.9981650705475567,0.9470714829012812,0.9279428790928174,0.001536306869664164,0.25,2.25
HistoKit (no postprocessing),gaussian,be2180cd-04c9-2627-2456-4397fd5e59ee_103647_6.png,3763581,359252,11125,74769,0.9887175399734351,0.977686827424519,0.9970527505983248,0.9805205361678846,0.9795914536628296,0.988717539973435,0.9699630376616258,0.8277295338244002,0.0029472494016752563,0.25,2.25
HistoKit (no postprocessing),gaussian,6f1702fd-ae84-1c96-04ae-a23a14a5d2d4_111419_1.png,2877057,787590,773,127202,0.9782432737756943,0.9574130990951177,0.9997313948356922,0.9576594428110227,0.96625685343807,0.9782432737756944,0.9990194872159145,0.8609498115418587,0.00026860516430782916,0.25,2.25
HistoKit (no postprocessing),gaussian,228e0715-eef2-126e-c558-f7684e2bcfa8_110725_1.png,7043173,552698,28693,2941035,0.8258844327246704,0.7034098309770564,0.9959426550220267,0.7054313171360213,0.7189247859965157,0.8258844327246704,0.9506476708445779,0.15819697727330623,0.004057344977973281,0.25,2.25
HistoKit (no postprocessing),gaussian,0f3058e5-e9f7-bd55-4b60-07a71af55b96_123333_1.png,18643639,804993,32780,255588,0.9923256675347644,0.9847682287461652,0.9982448455456049,0.9864762722835172,0.9853894715508943,0.9923256675347645,0.9608724559039262,0.7590113343535289,0.0017551544543951386,0.25,2.25
HistoKit (no postprocessing),gaussian,9e7010fd-072a-6a7f-3911-83d91e8c9301_113642_4.png,6866078,216452,46198,982152,0.9303309791683293,0.8697372374540625,0.9933165284488061,0.8748568785573307,0.873213510741128,0.9303309791683293,0.8241081286883686,0.1805867492516294,0.006683471551193847,0.25,2.25
HistoKit (no postprocessing),gaussian,deaaef3a-8172-327d-10b9-23d266fb17ca_123636_5.png,2364525,163338,377,460156,0.9112581877965917,0.8369828159280269,0.9998405853604082,0.8370945250100807,0.8458929137905418,0.9112581877965917,0.9976972177259261,0.2619720478464909,0.00015941463959183086,0.25,2.25
HistoKit (no postprocessing),gaussian,9e7010fd-072a-6a7f-3911-83d91e8c9301_113642_7.png,2912856,3450140,159130,411619,0.9107711279721709,0.8361613902839157,0.9481996337222891,0.8761852623346543,0.9176853201264252,0.9107711279721709,0.9559107520357302,0.893411525680396,0.0518003662777109,0.25,2.25
HistoKit (no postprocessing),gaussian,f761dbde-597d-9a8f-e1a1-2533f0d71b83_120113_2.png,3036614,467745,17644,70101,0.9857579314176511,0.971915839376973,0.9942231468330442,0.9774356514839629,0.9755728119230401,0.985757931417651,0.9636497736866719,0.8696634352584197,0.0057768531669557715,0.25,2.25
HistoKit (no postprocessing),gaussian,3e1fffa8-5bae-87b0-bc39-e4a1bc285608_122517_5.png,4948035,1749772,247006,705102,0.9122333722768929,0.8386296738909549,0.9524535032543535,0.8752724372326374,0.8755400550202191,0.9122333722768928,0.8762977156198636,0.7127746678648272,0.047546496745646476,0.25,2.25
HistoKit (no postprocessing),gaussian,7e3642ed-4a56-9d3f-3ecf-de46d455c0fd_113100_2.png,2178814,1257096,0,146982,0.9673707601767967,0.9368035717663974,1.0,0.9368035717663974,0.9589767148995839,0.9673707601767967,1.0,0.8953177814907719,0.0,0.25,2.25
HistoKit (no postprocessing),gaussian,8e6bc805-8b70-bd59-8612-caf5bbe72e5e_125634_3.png,31220008,393683,25361,95833,0.9980627932228293,0.9961330774741823,0.999188327716661,0.9969397915898219,0.9961810480800545,0.9980627932228293,0.9394789091360335,0.8042290752498387,0.0008116722833390126,0.25,2.25
HistoKit (no postprocessing),gaussian,1875292b-dccd-c5b5-17ad-67c30baa6d69_130951_1.png,9786418,350262,5783,2138218,0.9012747114140056,0.8202912236359846,0.999409427972322,0.8206890340300534,0.8254167663829066,0.9012747114140056,0.9837576710809027,0.1407533916286247,0.0005905720276779449,0.25,2.25
HistoKit (no postprocessing),gaussian,7d4546a5-f4cc-3733-763f-d1c5a5904dff_120251_1.png,6249346,934018,27306,522946,0.9578316835446608,0.9190758041872475,0.9956495915338305,0.9227815339326775,0.9288493248177825,0.9578316835446609,0.9715954246435125,0.6410714334739911,0.004350408466169544,0.25,2.25
HistoKit (no postprocessing),gaussian,54b22c23-34e4-1c55-9de2-c8e205e762bc_131621_2.png,20989485,1715930,78359,313061,0.9907619448393088,0.9816930106560036,0.9962806350759005,0.9853040570831298,0.9830530893085567,0.9907619448393088,0.9563286627739456,0.8457060676957168,0.003719364924099495,0.25,2.25
HistoKit (no postprocessing),gaussian,be2180cd-04c9-2627-2456-4397fd5e59ee_103647_1.png,28911057,455575,8551,51477,0.998962927114895,0.9979280030416534,0.9997043182604688,0.9982226348012229,0.9979600810965294,0.998962927114895,0.9815761237250229,0.8984778681476456,0.0002956817395311859,0.25,2.25
HistoKit (no postprocessing),gaussian,f761dbde-597d-9a8f-e1a1-2533f0d71b83_120113_3.png,9965257,14738651,374119,164113,0.9737046910445808,0.9487568368948641,0.9638160948977965,0.9837983013751102,0.9786772436885304,0.9737046910445808,0.9752448426066168,0.9889877475077777,0.03618390510220346,0.25,2.25
HistoKit (no postprocessing),gaussian,9601a588-d18f-b3b2-00f0-b816a7730c15_114312_2.png,5454929,423276,19411,58864,0.9928764058461979,0.9858535850115051,0.9964541844313652,0.9893242274419805,0.9868588495218653,0.992876405846198,0.9561518635062697,0.8779109802132161,0.0035458155686347577,0.25,2.25
HistoKit (no postprocessing),gaussian,1c7a4a4c-ace6-25f8-ee0c-f8914aeab226_121941_3.png,6957645,3807668,590105,179810,0.9475720631751481,0.90036764515578,0.9218170978106058,0.9748075469477566,0.9332553288066782,0.9475720631751482,0.8658173125352309,0.9549063342794618,0.0781829021893942,0.25,2.25
HistoKit (no postprocessing),gaussian,f9a50b4c-7c73-18cd-0877-8296eed330e2_114604_5.png,5051206,3239878,394046,980310,0.8802488644886783,0.7861111603934411,0.9276349377402552,0.8374687226229691,0.8578071976030062,0.8802488644886782,0.8915646006906033,0.7677094006238585,0.07236506225974482,0.25,2.25
HistoKit (no postprocessing),gaussian,6f1702fd-ae84-1c96-04ae-a23a14a5d2d4_111419_2.png,6263758,566966,13233,355079,0.9714394453772182,0.9444650011233295,0.997891824283323,0.9463532641761687,0.9488387056266978,0.9714394453772182,0.9771923081563395,0.6149005742669826,0.0021081757166769876,0.25,2.25
HistoKit (no postprocessing),gaussian,9601a588-d18f-b3b2-00f0-b816a7730c15_114312_1.png,9484336,967926,392969,74667,0.9759400808013539,0.9530107198854659,0.9602149574200655,0.9921888297346491,0.9571757904698377,0.9759400808013537,0.7112422339710264,0.9283833672391816,0.03978504257993451,0.25,2.25
HistoKit (no postprocessing),constant,2125a939-8f92-6ca7-9a29-e1755d6267ed_103351_7.png,1015540,327484,17884,1351542,0.5972875801424847,0.42580900524368065,0.9826944216507455,0.42902611738841323,0.49513318217847335,0.5972875801424846,0.9482175534502328,0.19504403148015576,0.017305578349254516,0.25,
HistoKit (no postprocessing),gaussian,54b22c23-34e4-1c55-9de2-c8e205e762bc_131621_1.png,26112720,1334814,138095,179619,0.9939532750546342,0.9879792363606288,0.9947394014242986,0.9931683902295646,0.9885571344437478,0.9939532750546342,0.906243359229932,0.8813952152389706,0.005260598575701364,0.25,2.25
HistoKit (no postprocessing),constant,228e0715-eef2-126e-c558-f7684e2bcfa8_110725_2.png,2912194,187082,59227,582003,0.900824638882161,0.819545880255213,0.9800677857496464,0.8334372675610447,0.8285713216340249,0.900824638882161,0.7595418762611191,0.24325269638596514,0.01993221425035362,0.25,
HistoKit (no postprocessing),constant,be2180cd-04c9-2627-2456-4397fd5e59ee_103647_4.png,4472547,435971,28630,374976,0.9568275803052831,0.9172286021377918,0.9936394414172115,0.9226458543879008,0.9240217284084483,0.9568275803052831,0.9383772312156022,0.5376072665661258,0.006360558582788457,0.25,
HistoKit (no postprocessing),constant,39bcf904-a619-148a-5bca-38122a540be1_104536_1.png,1707103,912242,1454,298517,0.9192362130291583,0.8505431289528936,0.999148989468891,0.8511597411274319,0.8972461357386456,0.9192362130291583,0.9984086610864007,0.7534463918913673,0.0008510105311090001,0.25,
HistoKit (no postprocessing),gaussian,be2180cd-04c9-2627-2456-4397fd5e59ee_103647_3.png,21746104,1446941,43622,332032,0.9914366923101928,0.9830187998621086,0.9979980473366209,0.9849610492479981,0.9840613179369807,0.9914366923101927,0.9707345479526863,0.8133574820978171,0.002001952663379062,0.25,2.25
HistoKit (no postprocessing),constant,9e7010fd-072a-6a7f-3911-83d91e8c9301_113642_3.png,3322921,270540,4111,446754,0.9364684211987334,0.8805271417086183,0.9987643641539967,0.8814873961283134,0.8885191253128457,0.9364684211987334,0.9850319132280604,0.3771675212674301,0.0012356358460032847,0.25,
HistoKit (no postprocessing),constant,c74350c8-f970-c60d-af8a-f9c4d9c5bab2_124242_3.png,307274,1893925,1533411,19394,0.2835477192686194,0.16519405896201184,0.1669345922849374,0.9406308545679405,0.5863603235372152,0.2835477192686194,0.5525939096721185,0.989863687132151,0.8330654077150625,0.25,
HistoKit (no postprocessing),gaussian,10fd35f3-17d4-d309-f849-cc9e883460c1_123055_2.png,4864037,3734768,3572773,105912,0.7256096719572568,0.5693778868140623,0.5765256062421698,0.9786895197516111,0.7003715743201583,0.7256096719572569,0.5110840979202169,0.9724236333149339,0.42347439375783025,0.25,2.25
HistoKit (no postprocessing),gaussian,332605c9-e7e2-297a-c808-98d567218fe3_115336_3.png,9043509,259963,37018,197086,0.9872221799516427,0.9747667853789547,0.9959233643597998,0.9786717197323332,0.975454559942694,0.9872221799516426,0.8753522952646803,0.5687858413430508,0.004076635640200178,0.25,2.25
HistoKit (no postprocessing),constant,332605c9-e7e2-297a-c808-98d567218fe3_115336_2.png,5448533,469100,12768,179455,0.9826658859733929,0.9659224756397902,0.9976620955336466,0.96811382682408,0.9685388657277684,0.982665885973393,0.9735031170362007,0.7233002598083431,0.002337904466353347,0.25,
HistoKit (no postprocessing),gaussian,969ce636-2f0f-f223-bb1c-2b4624598a38_125938_1.png,21410747,771269,143979,2796755,0.9357388368415979,0.8792379814599367,0.9933203047906988,0.8844674266679808,0.8829453781930721,0.9357388368415979,0.8426885390626365,0.21616138232254042,0.006679695209301199,0.25,2.25
HistoKit (no postprocessing),constant,0502ebf6-5b9d-c3a6-85fe-a3909acf1f7b_112628_8.png,4014134,94729,687,49415,0.99379800628097,0.9876724678389739,0.9998288840274573,0.9878394477339882,0.9879532527924616,0.99379800628097,0.9927999496939717,0.6571830946830947,0.00017111597254273602,0.25,
HistoKit (no postprocessing),constant,3e1fffa8-5bae-87b0-bc39-e4a1bc285608_122517_10.png,3637269,1660516,347334,1592761,0.7894549896886832,0.652148398419038,0.9128309645904498,0.6954585346546769,0.7319525883269686,0.7894549896886832,0.8270119779864034,0.5104133462966726,0.0871690354095502,0.25,
HistoKit (no postprocessing),constant,def4a0a8-b472-78ea-531c-84458df3a3e9_124843_7.png,11410280,164460,60621,346645,0.9824664607010575,0.9655371766693356,0.9947152364055797,0.9705156748044238,0.9660101989600072,0.9824664607010575,0.7306702920282032,0.321773412508193,0.005284763594420351,0.25,
HistoKit (no postprocessing),gaussian,7e6be544-b3c1-c3b1-a8a1-838402bd2649_124526_1.png,51761159,2594220,153364,264827,0.9959766312093007,0.9919855076768875,0.9970458362874681,0.9949097168480382,0.9923650950631847,0.9959766312093008,0.9441822342829191,0.9073722817428325,0.002954163712531848,0.25,2.25
HistoKit (no postprocessing),constant,b91bdd22-8eea-af27-bee7-880d6f1d7c1e_121440_5.png,4573823,795190,316426,3426701,0.7096274211018998,0.5499399419258262,0.9352945013638365,0.5716904292768824,0.5892153764099323,0.7096274211018998,0.7153459468017733,0.18834924918715334,0.06470549863616351,0.25,
HistoKit (no postprocessing),constant,04e13be9-17d6-1bd0-76ee-d5d53a64912e_105258_2.png,3241995,114131,8241,927985,0.8738276621597,0.7759271230506954,0.9974644918092102,0.7774605633600161,0.7818850830500388,0.8738276621597,0.9326561631745824,0.10951851809203582,0.002535508190789838,0.25,
HistoKit (no postprocessing),constant,d9d9ce51-54c1-b32b-5fae-fd9ffdaa32e5_111717_1.png,7472968,300183,7517,575342,0.9624659221787654,0.9276475276839982,0.9989951186320138,0.928513936466165,0.9302467325912727,0.9624659221787654,0.9755703607409815,0.3428605693726621,0.0010048813679861667,0.25,
HistoKit (no postprocessing),constant,cd7afea3-2dfd-f8a4-f2e6-1e02af01c417_132555_3.png,0,3998137,4613,106110,0.0,0.0,0.0,0.0,0.9730526228686303,,0.9988475423146587,0.9741462928522576,1.0,0.25,
HistoKit (no postprocessing),constant,be2180cd-04c9-2627-2456-4397fd5e59ee_103647_5.png,4966501,480714,15292,107629,0.9877762588277575,0.975847748526257,0.996930422440274,0.9787886790444864,0.9779321366659629,0.9877762588277575,0.969169727785551,0.8170641955457956,0.003069577559725986,0.25,
HistoKit (no postprocessing),constant,19a1c0fb-3d0a-327d-ea5a-6aae35f53e51_121144_1.png,6544158,60015,3762,13213,0.9987047216273183,0.9974127944060881,0.9994254664076531,0.9979850156411769,0.997436245194942,0.9987047216273183,0.9410132179312292,0.8195635549243458,0.0005745335923468827,0.25,
HistoKit (no postprocessing),constant,0504f20c-cba2-27c1-e181-78505aa24ca7_112258_3.png,3492299,2223173,2643147,89603,0.7187761516825373,0.5610074715877739,0.5692005112586762,0.9749845193977948,0.6765295703640364,0.7187761516825372,0.45684891252527576,0.9612573807407202,0.4307994887413238,0.25,
HistoKit (no postprocessing),constant,b0f43f79-08e2-79bc-61fa-379c7ef1dd21_131900_10.png,5043621,182338,4054,381067,0.9632250142589595,0.929058886939184,0.9991968579593575,0.9297531950224602,0.9313641937024602,0.9632250142589595,0.9782501394909653,0.3236357504814476,0.000803142040642474,0.25,
HistoKit (no postprocessing),constant,cbd7b0be-5303-525e-8ff2-6d1502e77bdd_110516_1.png,11634970,481835,19443,81312,0.9956888316757375,0.9914146761278063,0.9983317049086899,0.9930599143994656,0.9917532633357233,0.9956888316757374,0.9612131392161635,0.8556114122955463,0.0016682950913100472,0.25,
HistoKit (no postprocessing),gaussian,def4a0a8-b472-78ea-531c-84458df3a3e9_124843_8.png,29542446,640243,182517,1726314,0.96870446816306,0.9393083148897261,0.9938598073275987,0.9447910950098437,0.9405191464910356,0.96870446816306,0.7781649569740873,0.2705377474533679,0.006140192672401308,0.25,2.25
HistoKit (no postprocessing),constant,d9d9ce51-54c1-b32b-5fae-fd9ffdaa32e5_111717_2.png,6774662,750698,5899,1606246,0.8936682850454662,0.807776070201687,0.9991300129886008,0.8083446328249875,0.8235683591965203,0.8936682850454662,0.9922032469068738,0.3185048096178781,0.0008699870113992043,0.25,
HistoKit (no postprocessing),constant,c0272a60-2518-4785-1810-6431c15f4b4b_130712_1.png,8106448,225013,48525,18964,0.9958545820630164,0.9917433912201672,0.9940496430828158,0.9976660875780822,0.9919645908119468,0.9958545820630162,0.8226023440984433,0.9222713616447452,0.005950356917184153,0.25,
HistoKit (no postprocessing),constant,6f1702fd-ae84-1c96-04ae-a23a14a5d2d4_111419_5.png,2301917,937277,23366,232971,0.947257617067383,0.8998000198572933,0.9899513306552363,0.908094164318108,0.9266672216610294,0.9472576170673831,0.975676708204817,0.800921684976176,0.010048669344763627,0.25,
HistoKit (no postprocessing),constant,e398b039-2e70-a00a-855c-e3ff4eba631e_115619_4.png,5100153,185911,916,480364,0.9549430206338272,0.9137712483514538,0.9998204297961859,0.913921237046675,0.9165508421207404,0.9549430206338273,0.9950970684108827,0.27903043037784697,0.00017957020381414171,0.25,
HistoKit (no postprocessing),constant,2125a939-8f92-6ca7-9a29-e1755d6267ed_103351_8.png,6963717,209012,0,1202221,0.9205387697207901,0.8527761293313763,1.0,0.8527761293313763,0.8564503668678619,0.9205387697207901,1.0,0.14810594706898153,0.0,0.25,
HistoKit (no postprocessing),constant,deaaef3a-8172-327d-10b9-23d266fb17ca_123636_1.png,3654369,3630083,456254,75816,0.9321409222110782,0.8729063053349159,0.8890061190238073,0.9796750027143426,0.931930083482142,0.9321409222110784,0.8883464579646759,0.9795418061852198,0.11099388097619266,0.25,
HistoKit (no postprocessing),constant,04e13be9-17d6-1bd0-76ee-d5d53a64912e_105258_4.png,8088648,386668,30362,641066,0.9601496231999527,0.9233536330050105,0.9962603814997149,0.9265650627271409,0.9265937693238162,0.9601496231999528,0.9271946862336043,0.3762335390285813,0.0037396185002851333,0.25,
HistoKit (no postprocessing),constant,8e6bc805-8b70-bd59-8612-caf5bbe72e5e_125634_2.png,7180499,1495066,213741,55767,0.9815790376628122,0.9638244635206383,0.9710935809494958,0.9922934010441297,0.9698707880863577,0.9815790376628122,0.8749179983462146,0.9640406155917497,0.028906419050504176,0.25,
HistoKit (no postprocessing),constant,f4c75e72-7c5b-0601-d74f-78529d4dec70_114117_1.png,4373853,8458106,10313973,167494,0.4549184720528543,0.2944300762285834,0.29778763719014645,0.9631179912039314,0.55041069467868,0.4549184720528543,0.4505684213240313,0.9805817566314228,0.7022123628098536,0.25,
HistoKit (no postprocessing),constant,7ea29210-064a-9e70-4612-3ab81fa629dc_120503_2.png,8544434,41223,27637,243411,0.9843865603957992,0.9692531843409129,0.9967759249777562,0.9723014004002118,0.969396293542576,0.9843865603957991,0.5986494336334592,0.1448280950272982,0.0032240750222437497,0.25,
HistoKit (no postprocessing),constant,0502ebf6-5b9d-c3a6-85fe-a3909acf1f7b_112628_7.png,5038509,904561,273,195967,0.980897978031896,0.9625120516762121,0.9999458202398913,0.9625622507391379,0.9680354958456243,0.980897978031896,0.999698287199641,0.821933653664423,5.417976010869293e-05,0.25,
HistoKit (no postprocessing),constant,9e7010fd-072a-6a7f-3911-83d91e8c9301_113642_1.png,8243429,268785,77032,53121,0.9921674842725927,0.9844567115960648,0.9907418591349686,0.9935972181207852,0.9849401211496804,0.9921674842725927,0.7772463470563911,0.8349797767050008,0.009258140865031397,0.25,
HistoKit (no postprocessing),constant,24aa9d72-799e-9634-ead4-94165f32d151_102546_1.png,6250091,396569,32887,87661,0.9904484130474228,0.9810775653745252,0.9947656986861962,0.9861684395350275,0.9821864497145647,0.9904484130474227,0.9234217242278604,0.8189682588852405,0.005234301313803741,0.25,
HistoKit (no postprocessing),gaussian,e16fa7c2-3d43-e563-886f-5b0ebdd4e8c5_105048_1.png,42025661,453767,997403,46782,0.9877292581381529,0.9757560080433071,0.9768170161009453,0.9988880607669965,0.9760087702277842,0.9877292581381529,0.31269044977500915,0.9065386205945871,0.023182983899054703,0.25,2.25
HistoKit (no postprocessing),constant,b91bdd22-8eea-af27-bee7-880d6f1d7c1e_121440_6.png,5609383,392363,115840,691112,0.9328978111743516,0.8742347461596067,0.9797667269903723,0.8903083011731618,0.8814821864620813,0.9328978111743516,0.772059590360545,0.3621338748009876,0.020233273009627746,0.25,
HistoKit (no postprocessing),constant,e398b039-2e70-a00a-855c-e3ff4eba631e_115619_1.png,14617474,375358,1464,1613568,0.9476488477464167,0.9005063050646647,0.999899855926607,0.9005875285148052,0.9027549840244357,0.9476488477464168,0.9961148765199485,0.1887239645919456,0.00010014407339301939,0.25,
HistoKit (no postprocessing),constant,b1a83861-bd20-5668-5a83-92a470ead44d_110338_5.png,2707353,2333942,228,167185,0.9700090592837595,0.9417646514533705,0.9999157919929266,0.9418393494885091,0.9678590160938183,0.9700090592837596,0.9999023207392778,0.9331561332151466,8.420800707347259e-05,0.25,
HistoKit (no postprocessing),constant,d9d9ce51-54c1-b32b-5fae-fd9ffdaa32e5_111717_5.png,9149765,225631,6293,914155,0.9521098307188489,0.9085969681078245,0.9993126954853279,0.9091651165748535,0.9106000440566115,0.9521098307188489,0.9728661113123265,0.19795909056612382,0.0006873045146721438,0.25,
HistoKit (no postprocessing),constant,0502ebf6-5b9d-c3a6-85fe-a3909acf1f7b_112628_2.png,8355400,2887956,275896,331153,0.964946628186907,0.9322675085794072,0.9680353912089216,0.9618775134394506,0.9487739870493878,0.9649466281869071,0.9127974380596817,0.897128988176542,0.03196460879107842,0.25,
HistoKit (no postprocessing),constant,40f80889-968b-7602-00a3-4e00b00e88fe_110004_3.png,21242316,9006874,125087,1029980,0.973531737695991,0.9484284838099165,0.9941458959706053,0.9537551045478203,0.9632194132152211,0.973531737695991,0.9863022849090135,0.8973801950292393,0.005854104029394681,0.25,
HistoKit (no postprocessing),constant,59c3e1ff-f1eb-ac9b-3a83-925048a454e4_130514_4.png,1778144,1074355,0,71821,0.9802042882394106,0.9611771033506039,1.0,0.9611771033506039,0.9754401023143842,0.9802042882394107,1.0,0.937338593723826,0.0,0.25,
HistoKit (no postprocessing),constant,6247d1f0-d194-53f2-2d84-7b4b827443da_115125_1.png,2665763,454061,246711,11825,0.9537507812972379,0.9115904358617227,0.9152916043199012,0.9955837119078813,0.9234729276927266,0.9537507812972378,0.6479439817800939,0.97461825425104,0.08470839568009877,0.25,
HistoKit (no postprocessing),constant,2125a939-8f92-6ca7-9a29-e1755d6267ed_103351_5.png,4154401,952376,2757,38538,0.9950545484681196,0.9901577712017268,0.9993368065394675,0.9908088336128906,0.9919785504165443,0.9950545484681195,0.9971134910007298,0.9611086330397997,0.0006631934605324118,0.25,
HistoKit (no postprocessing),constant,0e99786b-efbd-e936-5e70-bad7ef5912da_122209_3.png,9732566,1748424,68740,192450,0.9867593158014961,0.9738646811068832,0.9929866489220927,0.9806096030474913,0.9777562599108514,0.9867593158014961,0.962171823786956,0.900843640545445,0.0070133510779073725,0.25,
HistoKit (no postprocessing),constant,66e65946-ef0a-6028-f7a7-e909aade97a4_112429_4.png,9079748,970132,24121,51407,0.9958580805816324,0.9917503306290275,0.9973504671475392,0.9943701536114544,0.9925407450247931,0.9958580805816325,0.975739575339476,0.9496769090558461,0.00264953285246086,0.25,
HistoKit (no postprocessing),constant,7e3642ed-4a56-9d3f-3ecf-de46d455c0fd_113100_1.png,557463,1938336,1720434,96967,0.3802188500804992,0.23473470480835956,0.24472704428690148,0.8518298366517427,0.578642075489196,0.38021885008049927,0.5297780401610377,0.9523574622550057,0.7552729557130985,0.25,
HistoKit (no postprocessing),constant,0e99786b-efbd-e936-5e70-bad7ef5912da_122209_4.png,5239592,253099,12307,29489,0.9960273662719633,0.9920861712867906,0.9976566571443968,0.9944033883707615,0.9924480805538074,0.9960273662719633,0.9536295336201894,0.8956466658173737,0.002343342855603278,0.25,
HistoKit (no postprocessing),constant,728c532f-2f31-cf1c-4143-7abb9ca2b76d_102101_5.png,4844610,1825363,593080,60659,0.9367938130664542,0.8811026728205139,0.8909316272167042,0.9876339095776399,0.9107366592241748,0.9367938130664542,0.754767840300557,0.967837596804279,0.10906837278329584,0.25,
HistoKit (no postprocessing),constant,0502ebf6-5b9d-c3a6-85fe-a3909acf1f7b_112628_5.png,2742501,844010,151,11826,0.997821166862744,0.9956518077109348,0.9999449437989216,0.995706392160408,0.9966716576517693,0.997821166862744,0.9998211241694416,0.9861819320524026,5.505620107837232e-05,0.25,
HistoKit (no postprocessing),constant,228e0715-eef2-126e-c558-f7684e2bcfa8_110725_7.png,7393015,365009,2344,1840741,0.889165178062693,0.8004476997867065,0.9996830444607219,0.8006508943922711,0.8080341552210271,0.889165178062693,0.9936192163940406,0.1654806755071971,0.00031695553927807966,0.25,
HistoKit (no postprocessing),constant,59c3e1ff-f1eb-ac9b-3a83-925048a454e4_130514_1.png,4974540,708989,119037,88555,0.9795610215629686,0.9599408120055607,0.9766299792856769,0.98250970996989,0.9647618848772586,0.9795610215629686,0.8562400214486019,0.8889653736972506,0.023370020714323158,0.25,
HistoKit (no postprocessing),constant,f761dbde-597d-9a8f-e1a1-2533f0d71b83_120113_1.png,9258915,1002182,6989,112154,0.9936071700055583,0.9872955573531321,0.9992457292887991,0.9880318883576676,0.988522134362982,0.9936071700055584,0.9930745136354493,0.8993535163541337,0.0007542707112009794,0.25,
HistoKit (no postprocessing),constant,c38dfb82-e376-0eab-4312-72ca49852e8b_104329_1.png,3505469,808971,44019,85279,0.9818916349543628,0.964427430974255,0.9875984930784384,0.9762503522942853,0.9709033250835221,0.9818916349543628,0.9483944712130271,0.904636287391669,0.012401506921561644,0.25,
HistoKit (no postprocessing),constant,7d4546a5-f4cc-3733-763f-d1c5a5904dff_120251_4.png,3305252,261133,5514,149637,0.9770678522626413,0.9551638927604675,0.998334524397073,0.9566883335470402,0.9583099558891812,0.9770678522626413,0.9793209749219005,0.6357158507193806,0.0016654756029269358,0.25,
HistoKit (no postprocessing),constant,59c3e1ff-f1eb-ac9b-3a83-925048a454e4_130514_3.png,2353370,403069,9410,64239,0.9845935132057245,0.9696545432895252,0.9960174032284005,0.9734287057998212,0.9739764275881174,0.9845935132057245,0.9771867173844002,0.8625339176731406,0.0039825967715995565,0.25,
HistoKit (no postprocessing),constant,c0272a60-2518-4785-1810-6431c15f4b4b_130712_3.png,33225245,2128626,159562,368166,0.9921209011562535,0.9843649920852898,0.9952205205200078,0.9890405294061981,0.9852925172035951,0.9921209011562534,0.9302670934381266,0.8525443849547739,0.004779479479992201,0.25,
HistoKit (no postprocessing),constant,7e3642ed-4a56-9d3f-3ecf-de46d455c0fd_113100_4.png,8176434,3778992,1023,87455,0.9946185671173151,0.9892947438520822,0.9998748999841882,0.9894172102263232,0.9926537109561816,0.9946185671173151,0.9997293661533089,0.9773810425954371,0.00012510001581176152,0.25,
HistoKit (no postprocessing),constant,7e3642ed-4a56-9d3f-3ecf-de46d455c0fd_113100_3.png,3823831,1513957,39866,110258,0.9807478686899076,0.9622230246693785,0.9896819031098971,0.9719736894615246,0.9726446050884198,0.9807478686899077,0.9743432810558217,0.9321161299458508,0.010318096890102924,0.25,
HistoKit (no postprocessing),constant,b0f43f79-08e2-79bc-61fa-379c7ef1dd21_131900_5.png,7501747,146155,24627,347512,0.9757968338604336,0.9527375682096489,0.9967279064261223,0.9557267762472865,0.9535988656417093,0.9757968338604336,0.8557986204635148,0.29605989462532434,0.0032720935738776735,0.25,
HistoKit (no postprocessing),constant,3e1fffa8-5bae-87b0-bc39-e4a1bc285608_122517_7.png,3841038,351182,813,2345479,0.7660345132926913,0.620790874254323,0.9997883832558837,0.6208724553735163,0.641158110591523,0.7660345132926913,0.9976903081009674,0.1302284565987345,0.00021161674411631268,0.25,
HistoKit (no postprocessing),constant,66e65946-ef0a-6028-f7a7-e909aade97a4_112429_5.png,13326705,461028,18260,17047,0.9986770814048499,0.9973576584125206,0.9986316936762292,0.9987224732593951,0.997445786165706,0.9986770814048499,0.9619018210345346,0.9643424148930607,0.0013683063237708004,0.25,
HistoKit (no postprocessing),constant,cbd7b0be-5303-525e-8ff2-6d1502e77bdd_110516_5.png,4551232,505271,135524,105448,0.9742094878158314,0.949715830127432,0.9710836237260911,0.9773555408574349,0.9545119136947319,0.9742094878158315,0.7885064646259724,0.8273379410170635,0.02891637627390886,0.25,
HistoKit (no postprocessing),constant,1875292b-dccd-c5b5-17ad-67c30baa6d69_130951_12.png,7245511,279779,6366,935704,0.9389577927741246,0.8849391535790607,0.9991221583046707,0.8856277460010524,0.8887410007369475,0.9389577927741246,0.9777525380488913,0.2301792785254915,0.0008778416953293609,0.25,
HistoKit (no postprocessing),constant,1875292b-dccd-c5b5-17ad-67c30baa6d69_130951_13.png,11251069,340264,51476,1421018,0.9385811636232831,0.8842703101324684,0.995445627511326,0.887862354480363,0.8872846371893933,0.938581163623283,0.868596518098739,0.19319109603118637,0.004554372488674011,0.25,
HistoKit (no postprocessing),constant,6f1702fd-ae84-1c96-04ae-a23a14a5d2d4_111419_3.png,4545766,344492,16962,72524,0.9902531505765483,0.9806944692543146,0.9962824871436562,0.9842963521130115,0.9820299999357397,0.9902531505765483,0.9530728668101612,0.826088207646709,0.003717512856343836,0.25,
HistoKit (no postprocessing),constant,e398b039-2e70-a00a-855c-e3ff4eba631e_115619_3.png,17222819,538158,24415,3589008,0.9050574842085568,0.826579908219534,0.9985844106944917,0.8275495947568658,0.8309462253911221,0.9050574842085568,0.9566011877569667,0.1303940767102656,0.0014155893055083498,0.25,
HistoKit (no postprocessing),constant,b91bdd22-8eea-af27-bee7-880d6f1d7c1e_121440_1.png,5149302,1313991,70601,606218,0.938333219594361,0.8838302534396385,0.9864746528814807,0.8946718975870122,0.9052089098882482,0.9383332195943611,0.9490095277164681,0.6842958240483198,0.013525347118519252,0.25,
HistoKit (no postprocessing),constant,04e13be9-17d6-1bd0-76ee-d5d53a64912e_105258_3.png,9245266,316603,856,1610775,0.9198279807003853,0.8515569411775759,0.9999074206461909,0.85162408653394,0.8557631001924195,0.9198279807003853,0.9973035888098936,0.16426616885738032,9.257935380908882e-05,0.25,
HistoKit (no postprocessing),constant,b91bdd22-8eea-af27-bee7-880d6f1d7c1e_121440_2.png,9436138,1019114,4838,1476745,0.9272087420866971,0.8642955796360797,0.9994875529818104,0.8646787471285086,0.8758814208288881,0.9272087420866971,0.9952751691485539,0.40832194446881814,0.0005124470181896449,0.25,
HistoKit (no postprocessing),constant,b1a83861-bd20-5668-5a83-92a470ead44d_110338_3.png,846129,1708775,37852,90915,0.9292887247566618,0.8679171932185586,0.9571800751373616,0.902976807919372,0.9520183360777085,0.9292887247566618,0.9783285154758286,0.9494829665108991,0.04281992486263845,0.25,
HistoKit (no postprocessing),constant,3e1fffa8-5bae-87b0-bc39-e4a1bc285608_122517_3.png,10702041,481036,27694,1409653,0.9370728074850309,0.8815964198524671,0.9974189483710455,0.88361223458915,0.8861094524241024,0.9370728074850307,0.9455624791146581,0.25442365190679167,0.0025810516289544896,0.25,
HistoKit (no postprocessing),constant,c74350c8-f970-c60d-af8a-f9c4d9c5bab2_124242_5.png,0,5552877,5547987,1850,0.0,0.0,0.0,0.0,0.5001369034634234,,0.5002202531262432,0.999666950328972,1.0,0.25,
HistoKit (no postprocessing),constant,0504f20c-cba2-27c1-e181-78505aa24ca7_112258_4.png,9910155,1349659,426046,167500,0.970924356476307,0.9434917273444855,0.9587811808226253,0.9833790698332102,0.9499259281756397,0.9709243564763071,0.7600693808937858,0.8895962783070199,0.041218819177374744,0.25,
HistoKit (no postprocessing),constant,c74350c8-f970-c60d-af8a-f9c4d9c5bab2_124242_4.png,0,2709744,927634,1278,0.0,0.0,0.0,0.0,0.7447101347310655,,0.7449717901191463,0.9995285910627062,1.0,0.25,
HistoKit (no postprocessing),constant,5fe08b37-e6eb-942a-a4ce-507361c4911e_102333_2.png,9006618,67974,15010,181808,0.9891917948184009,0.9786147260653522,0.9983362204692989,0.9802133684267578,0.9787715137179782,0.9891917948184009,0.81912175841126,0.27213330023780735,0.0016637795307011107,0.25,
HistoKit (no postprocessing),constant,cbd7b0be-5303-525e-8ff2-6d1502e77bdd_110516_4.png,3239255,341757,480,78978,0.9878837469167279,0.9760575861787386,0.9998518397338054,0.9761987780846011,0.9782929514515896,0.9878837469167279,0.9985974631614933,0.8122856429819245,0.0001481602661946116,0.25,
HistoKit (no postprocessing),constant,7e6be544-b3c1-c3b1-a8a1-838402bd2649_124526_4.png,4596726,474058,18536,94040,0.9879028947688531,0.9760949711868129,0.9959837599685565,0.9799521016396896,0.9782812692925053,0.9879028947688531,0.9623706338282643,0.8344651803033983,0.004016240031443502,0.25,
HistoKit (no postprocessing),constant,66e65946-ef0a-6028-f7a7-e909aade97a4_112429_3.png,4703825,172893,9455,4265,0.998543736208216,0.9970917076572666,0.9979939659854709,0.9990941124744854,0.9971945253165463,0.998543736208216,0.9481485949941869,0.9759254450829203,0.0020060340145291603,0.25,
HistoKit (no postprocessing),constant,24aa9d72-799e-9634-ead4-94165f32d151_102546_6.png,8292311,118117,3050,31846,0.997900300117007,0.9958093992379438,0.9996323246209539,0.9961742672561318,0.995868009326818,0.9979003001170071,0.9748281297713074,0.7876409514346873,0.0003676753790461922,0.25,
HistoKit (no postprocessing),constant,0f3058e5-e9f7-bd55-4b60-07a71af55b96_123333_3.png,30700979,1531674,101918,428258,0.9914394036543291,0.983024130871881,0.996691285238528,0.9862425796045049,0.9838177588388353,0.9914394036543291,0.9376111048535987,0.7814934395683115,0.0033087147614719484,0.25,
HistoKit (no postprocessing),constant,def4a0a8-b472-78ea-531c-84458df3a3e9_124843_6.png,16548171,7818852,2163249,52227,0.9372596449154784,0.8819272180935828,0.8843888384740441,0.9968538706120179,0.9166565942502246,0.9372596449154783,0.783287205769607,0.9933646962506665,0.11561116152595581,0.25,
HistoKit (no postprocessing),constant,84acf623-2a5d-c4c6-c1db-583a94b80fc7_105804_1.png,45290320,3728168,63087,886585,0.9896245082175619,0.9794621071733749,0.998608990940857,0.9808002506880875,0.9809944572703898,0.9896245082175619,0.9833598636862991,0.8078802917512595,0.0013910090591430098,0.25,
HistoKit (no postprocessing),constant,b91bdd22-8eea-af27-bee7-880d6f1d7c1e_121440_4.png,6506864,241282,34477,199568,0.9823332570689428,0.965279905128522,0.9947293681830682,0.9702422987364966,0.966479719618097,0.9823332570689429,0.8749741622213599,0.5473108767154361,0.005270631816931727,0.25,
HistoKit (no postprocessing),constant,1875292b-dccd-c5b5-17ad-67c30baa6d69_130951_4.png,3921515,150049,3030,136041,0.98257714353652,0.9657510024415196,0.9992279359772916,0.9664721817764191,0.9669714900484131,0.98257714353652,0.98020629870851,0.5244818064245517,0.000772064022708365,0.25,
HistoKit (no postprocessing),constant,9e7010fd-072a-6a7f-3911-83d91e8c9301_113642_6.png,6887779,1647163,31110,998748,0.9304404550334824,0.8699286163283313,0.9955036133691406,0.8733602256100816,0.8923283288725327,0.9304404550334824,0.981463087352296,0.6225315212794383,0.004496386630859377,0.25,
HistoKit (no postprocessing),constant,969ce636-2f0f-f223-bb1c-2b4624598a38_125938_4.png,14586064,753058,88183,4922715,0.8534097595689744,0.7443023056328834,0.9939906286162418,0.747666678678353,0.7537644680447488,0.8534097595689745,0.8951751043993338,0.13267937248371278,0.006009371383758226,0.25,
HistoKit (no postprocessing),constant,859ead5f-592a-5c4e-67de-d71b0ee92f6d_113334_2.png,12681552,593760,46318,327114,0.9854901996134989,0.9713954456014653,0.9963608993492235,0.9748541472277019,0.972639826785527,0.9854901996134989,0.9276369442474198,0.6447787645215306,0.003639100650776603,0.25,
HistoKit (no postprocessing),constant,d9d9ce51-54c1-b32b-5fae-fd9ffdaa32e5_111717_3.png,10914774,735084,26925,1007967,0.9547379249174701,0.9133957384248229,0.997539230424818,0.9154584503680823,0.9184144740731981,0.9547379249174701,0.9646657716641142,0.4217226001993057,0.002460769575182063,0.25,
HistoKit (no postprocessing),constant,35ce6eab-4a33-9fbb-2efe-2acf7936ba3e_104917_2.png,7218841,4714187,676077,181195,0.9439506650363251,0.8938509156570741,0.9143655450252934,0.9755143083087704,0.9329748324902465,0.943950665036325,0.8745744178763786,0.9629865452787955,0.08563445497470651,0.25,
HistoKit (no postprocessing),constant,6b809376-ab46-9021-2fa3-0d0025b512da_132412_1.png,3741273,440505,6513,78422,0.9887763180376667,0.9778017818163571,0.9982621739875223,0.9794690413763403,0.980093575546328,0.9887763180376666,0.9854301169080439,0.84887662426507,0.001737826012477767,0.25,
HistoKit (no postprocessing),constant,c38dfb82-e376-0eab-4312-72ca49852e8b_104329_5.png,2601217,527517,2635,90709,0.9823738834973823,0.9653583644979646,0.998988037722574,0.9663033084861917,0.9710298757509905,0.9823738834973823,0.9950297273234846,0.8532753394389754,0.001011962277425906,0.25,
HistoKit (no postprocessing),constant,cbd7b0be-5303-525e-8ff2-6d1502e77bdd_110516_2.png,9596745,747411,32614,38330,0.9963173587139907,0.9926617416013279,0.9966130663525994,0.9960218265036858,0.9931883515280698,0.9963173587139907,0.9581885195987309,0.9512180222236081,0.0033869336474006214,0.25,
HistoKit (no postprocessing),constant,8e6bc805-8b70-bd59-8612-caf5bbe72e5e_125634_1.png,64565516,1033726,136997,116119,0.9980436861554323,0.9960950116935513,0.9978826633827963,0.9982047609031528,0.9961563107580749,0.9980436861554323,0.8829808588368042,0.8990133452769721,0.0021173366172037244,0.25,
HistoKit (no postprocessing),constant,b0f43f79-08e2-79bc-61fa-379c7ef1dd21_131900_4.png,12989701,194587,13151,542893,0.9790452363227662,0.9589506520313206,0.9989886064995587,0.9598825620572079,0.9595319821966456,0.9790452363227661,0.9366942976248929,0.2638539350219667,0.0010113935004412878,0.25,
HistoKit (no postprocessing),constant,7ea29210-064a-9e70-4612-3ab81fa629dc_120503_4.png,2828954,176847,4336,457470,0.9245379767747316,0.8596658522651303,0.9984696236530677,0.860800067185488,0.8668228550697931,0.9245379767747317,0.9760683949377149,0.27879908626128574,0.001530376346932365,0.25,
HistoKit (no postprocessing),constant,e3dca99c-de77-4ab1-72a1-8daf3d4d032c_120923_2.png,9118226,1073283,234261,203926,0.9765357177721079,0.954147335407124,0.9749520100910057,0.9781245789598797,0.9587770901444407,0.9765357177721079,0.8208389163194508,0.8403346672314398,0.02504798990899426,0.25,
HistoKit (no postprocessing),constant,7e6be544-b3c1-c3b1-a8a1-838402bd2649_124526_3.png,50303732,505860,43247,53601,0.9990382934148838,0.9980784348116629,0.9991410209538094,0.9989355869978261,0.9980975295070722,0.9990382934148839,0.9212412152822674,0.9041917130952828,0.0008589790461906363,0.25,
HistoKit (no postprocessing),constant,24aa9d72-799e-9634-ead4-94165f32d151_102546_7.png,10990641,596000,12887,66992,0.996379202345697,0.9927845304466276,0.9988288301715595,0.9939415605491699,0.9931531424966485,0.996379202345697,0.9788351533207311,0.8989550401814803,0.0011711698284404784,0.25,
HistoKit (no postprocessing),constant,19a1c0fb-3d0a-327d-ea5a-6aae35f53e51_121144_3.png,24673567,1520991,39500,178738,0.9955969663659541,0.9912325361700367,0.99840165528625,0.9928079910495223,0.9917374139413336,0.995596966365954,0.9746874541410364,0.8948432367748035,0.0015983447137500174,0.25,
HistoKit (no postprocessing),constant,859ead5f-592a-5c4e-67de-d71b0ee92f6d_113334_1.png,20284745,372428,9330,315137,0.9920656492107135,0.9842562151333103,0.9995402599034447,0.9847019997493189,0.9845356702335947,0.9920656492107134,0.9755604335731013,0.5416622428424949,0.00045974009655527537,0.25,
HistoKit (no postprocessing),constant,7ea29210-064a-9e70-4612-3ab81fa629dc_120503_1.png,8909609,155233,5900,876778,0.9528027532609528,0.9098598723668945,0.9993382318384738,0.910408407106729,0.911266526732291,0.9528027532609529,0.9633842850316199,0.15041797035109122,0.0006617681615261675,0.25,
HistoKit (no postprocessing),constant,5fe08b37-e6eb-942a-a4ce-507361c4911e_102333_3.png,13775121,1647895,34807,1401172,0.9504599443990992,0.9055966366666448,0.9974795668739185,0.9076736328166569,0.914824163599313,0.9504599443990991,0.9793148162895153,0.5404587698466449,0.0025204331260814685,0.25,
HistoKit (no postprocessing),constant,f761dbde-597d-9a8f-e1a1-2533f0d71b83_120113_5.png,3493145,667163,530830,31069,0.9255584352750044,0.8614320831044003,0.8680831764610863,0.9911841335401312,0.881009239959197,0.9255584352750044,0.5569005828915528,0.9555033284066041,0.13191682353891362,0.25,
HistoKit (no postprocessing),constant,969ce636-2f0f-f223-bb1c-2b4624598a38_125938_5.png,13085564,270033,10796,1302392,0.9522204591156643,0.9087984847575679,0.9991756488062332,0.9094804015247197,0.9104773844595855,0.9522204591156644,0.9615566768389304,0.17173028920298267,0.0008243511937668177,0.25,
HistoKit (no postprocessing),constant,969ce636-2f0f-f223-bb1c-2b4624598a38_125938_2.png,4675238,328673,6403,1116190,0.8928114576539121,0.8063770744611217,0.998632317172547,0.8072686045652299,0.8167645038671321,0.8928114576539121,0.9808909023624491,0.22747693033872415,0.0013676828274530235,0.25,
HistoKit (no postprocessing),constant,a40a1d35-8d5f-0529-214c-05d84888ba26_111152_2.png,2752591,3931778,17,129694,0.9769807518971523,0.9549974291382374,0.9999938240388752,0.955003061806865,0.9809642681036912,0.9769807518971522,0.9999956762750856,0.9680672426154853,6.175961124867761e-06,0.25,
HistoKit (no postprocessing),constant,9e7010fd-072a-6a7f-3911-83d91e8c9301_113642_2.png,2607334,821937,110237,428848,0.9063072398137355,0.8286671292030718,0.9594354664514745,0.8587541853551599,0.8641540728704784,0.9063072398137355,0.8817420352852579,0.6571369180154862,0.0405645335485255,0.25,
HistoKit (no postprocessing),constant,04e13be9-17d6-1bd0-76ee-d5d53a64912e_105258_1.png,14218852,248520,62648,679438,0.9745684941529736,0.9503984309005225,0.9956133459370514,0.9543949003543359,0.9512089122439471,0.9745684941529736,0.7986682435211847,0.26781384502315836,0.00438665406294857,0.25,
HistoKit (no postprocessing),constant,2125a939-8f92-6ca7-9a29-e1755d6267ed_103351_3.png,10189078,2435956,405552,734310,0.9470275561624681,0.8993849380436298,0.9617209850650754,0.9327763510734948,0.917190656580333,0.9470275561624681,0.8572757845482046,0.7683759028422221,0.03827901493492458,0.25,
HistoKit (no postprocessing),constant,40f80889-968b-7602-00a3-4e00b00e88fe_110004_1.png,9006139,900435,92317,2645884,0.8680415521974215,0.7668493078367963,0.9898535531742968,0.7729249247104988,0.78345197917717,0.8680415521974215,0.9070090012409947,0.2539069384339085,0.010146446825703174,0.25,
HistoKit (no postprocessing),constant,f9a50b4c-7c73-18cd-0877-8296eed330e2_114604_2.png,8770701,1650363,46649,2009253,0.8950926106978797,0.8101064572146961,0.9947094081555116,0.8136120989013497,0.8352242043458321,0.8950926106978797,0.9725110959733932,0.4509661669421054,0.0052905918444884235,0.25,
HistoKit (no postprocessing),constant,0502ebf6-5b9d-c3a6-85fe-a3909acf1f7b_112628_1.png,7695246,2965285,367580,67068,0.9725343346093621,0.9465370643208878,0.9544105255403006,0.9913597929689523,0.960825508087792,0.9725343346093621,0.8897105043258577,0.9778825222525214,0.04558947445969937,0.25,
HistoKit (no postprocessing),constant,0f3058e5-e9f7-bd55-4b60-07a71af55b96_123333_2.png,15232488,836268,38916,92556,0.9957030306263002,0.9914428311450955,0.9974517077801098,0.9939604741102211,0.991884558661767,0.9957030306263002,0.9555339220095431,0.9003514121082142,0.0025482922198901948,0.25,
HistoKit (no postprocessing),constant,c38dfb82-e376-0eab-4312-72ca49852e8b_104329_2.png,5766275,751710,16256,61250,0.9933242354731106,0.9867370115341421,0.9971887742581925,0.9894895345794312,0.9882486383500485,0.9933242354731106,0.9788323962258746,0.9246580397559535,0.0028112257418075235,0.25,
HistoKit (no postprocessing),constant,7d4546a5-f4cc-3733-763f-d1c5a5904dff_120251_3.png,2795433,447446,13281,251420,0.9547949839870332,0.9135001931287976,0.9952715014771885,0.9174820708449013,0.924534579396621,0.9547949839870333,0.9711738187690324,0.6402457695752833,0.004728498522811507,0.25,
HistoKit (no postprocessing),constant,c0272a60-2518-4785-1810-6431c15f4b4b_130712_2.png,17037466,1506689,73750,255734,0.9904232061372586,0.9810281022286584,0.9956899614849114,0.9852118751879352,0.9825426352596868,0.9904232061372588,0.9533357503832796,0.8548963557556841,0.0043100385150885824,0.25,
HistoKit (no postprocessing),constant,7ea29210-064a-9e70-4612-3ab81fa629dc_120503_3.png,3958095,233854,4795,488329,0.9413597827361423,0.8892159653344398,0.998790024451852,0.8901748911035025,0.8947457168757029,0.9413597827361423,0.9799077306001701,0.3238154318226821,0.0012099755481479425,0.25,
HistoKit (no postprocessing),constant,c38dfb82-e376-0eab-4312-72ca49852e8b_104329_4.png,5029121,145227,6577,24695,0.9969005444662646,0.9938202428151331,0.9986939248541116,0.9951135933718204,0.9939926464090733,0.9969005444662646,0.956674395931596,0.8546686126575723,0.0013060751458884151,0.25,
HistoKit (no postprocessing),constant,228e0715-eef2-126e-c558-f7684e2bcfa8_110725_12.png,2068419,6089364,479274,277311,0.8453873699453327,0.7321826800953202,0.8118792177864445,0.8817805118236114,0.9151274661310819,0.8453873699453327,0.9270360156854435,0.9564433554406342,0.18812078221355555,0.25,
HistoKit (no postprocessing),constant,7e6be544-b3c1-c3b1-a8a1-838402bd2649_124526_2.png,49840053,1362257,86565,104320,0.9980886842306391,0.9961846607792962,0.9982661553402236,0.9979112762112361,0.9962857923116085,0.9980886842306391,0.9402514594615488,0.9288683785440519,0.0017338446597764743,0.25,
HistoKit (no postprocessing),constant,5fe08b37-e6eb-942a-a4ce-507361c4911e_102333_4.png,4684792,515225,13463,2610720,0.7812044372714594,0.6409642938989393,0.9971344680099313,0.6421471172962226,0.6646068607653178,0.7812044372714595,0.9745350755076718,0.16482215777948747,0.002865531990068653,0.25,
HistoKit (no postprocessing),constant,be2180cd-04c9-2627-2456-4397fd5e59ee_103647_6.png,3762276,358515,11862,76074,0.9884484546970714,0.9771607381619506,0.9968570306650154,0.9801805463285005,0.9791062713262229,0.9884484546970714,0.9679731732801983,0.8249518510592767,0.003142969334984571,0.25,
HistoKit (no postprocessing),constant,6f1702fd-ae84-1c96-04ae-a23a14a5d2d4_111419_1.png,2893223,787978,385,111036,0.9811082548996103,0.9629170710406957,0.999866948114603,0.9630404702124551,0.9706216438126447,0.9811082548996104,0.9995116462847699,0.8764913560856672,0.00013305188539705447,0.25,
HistoKit (no postprocessing),constant,0f3058e5-e9f7-bd55-4b60-07a71af55b96_123333_1.png,18656549,805744,32029,242678,0.9926915923927987,0.9854892353682185,0.9982861724417984,0.9871593690048804,0.9860816233470132,0.9926915923927986,0.9617688801143031,0.7685302292397527,0.0017138275582015924,0.25,
HistoKit (no postprocessing),constant,228e0715-eef2-126e-c558-f7684e2bcfa8_110725_1.png,7271087,558272,23119,2713121,0.8416382429544749,0.726576337517501,0.9968304980692895,0.7282587662436519,0.7410236750419924,0.8416382429544749,0.9602350225579688,0.1706526852628223,0.0031695019307104843,0.25,
HistoKit (no postprocessing),constant,9e7010fd-072a-6a7f-3911-83d91e8c9301_113642_4.png,6971173,215312,47338,877057,0.9378212750191854,0.8829222926077009,0.993255264542579,0.8882477959998624,0.8860302457933048,0.9378212750191854,0.8197677517608986,0.1971055568219164,0.006744735457421097,0.25,
HistoKit (no postprocessing),constant,9e7010fd-072a-6a7f-3911-83d91e8c9301_113642_7.png,2956170,3447867,161403,368305,0.9177733540638008,0.8480417272205166,0.9482279965858057,0.8892140864347002,0.9236043436844015,0.9177733540638009,0.9552809847974798,0.9034883647802038,0.05177200341419431,0.25,
HistoKit (no postprocessing),constant,deaaef3a-8172-327d-10b9-23d266fb17ca_123636_5.png,2420413,163210,505,404268,0.9228356952180294,0.8567269553225876,0.9997914014435846,0.8568801220385593,0.8645517528466776,0.9228356952180294,0.9969153712243838,0.2876058631347823,0.0002085985564153763,0.25,
HistoKit (no postprocessing),constant,f761dbde-597d-9a8f-e1a1-2533f0d71b83_120113_2.png,3063945,465866,19523,42770,0.98993680800713,0.9800741338311415,0.9936684927490734,0.9862330468034564,0.9826583528761973,0.9899368080071301,0.9597786517617828,0.9159123616889092,0.006331507250926554,0.25,
HistoKit (no postprocessing),constant,8e6bc805-8b70-bd59-8612-caf5bbe72e5e_125634_3.png,31231356,393639,25405,84485,0.9982438000580509,0.9964937577784878,0.9991872158474769,0.9973021641028258,0.9965372491502648,0.9982438000580509,0.9393739082292074,0.8232989768344614,0.0008127841525230334,0.25,
HistoKit (no postprocessing),constant,3e1fffa8-5bae-87b0-bc39-e4a1bc285608_122517_5.png,5068548,1716151,280627,584589,0.9213605285870824,0.8541876623337228,0.94753826524651,0.8965903355959709,0.8868986125989635,0.9213605285870824,0.8594600902053208,0.7459126194181003,0.05246173475349002,0.25,
HistoKit (no postprocessing),constant,7e3642ed-4a56-9d3f-3ecf-de46d455c0fd_113100_2.png,2185790,1257067,29,140006,0.968961225636496,0.9397912568658433,0.999986732661762,0.9398029749814687,0.9609156513788303,0.968961225636496,0.9999769309583357,0.89978619585376,1.3267338237978533e-05,0.25,
HistoKit (no postprocessing),constant,1875292b-dccd-c5b5-17ad-67c30baa6d69_130951_1.png,9925779,349893,6152,1998857,0.9082651452078453,0.8319466409092174,0.9993805836951546,0.8323758477826912,0.8367347055102238,0.9082651452078453,0.9827212852307995,0.14896987759446514,0.0006194163048454525,0.25,
HistoKit (no postprocessing),constant,7d4546a5-f4cc-3733-763f-d1c5a5904dff_120251_1.png,6237608,935250,26074,534684,0.9569838049692336,0.9175157677594881,0.995837272709566,0.9210482950233096,0.9274908399899866,0.9569838049692336,0.9728769904839576,0.6362530562596688,0.004162727290433965,0.25,
HistoKit (no postprocessing),constant,be2180cd-04c9-2627-2456-4397fd5e59ee_103647_1.png,28910912,455822,8304,51622,0.9989646823048716,0.99793150615802,0.9997128552862568,0.9982176283332115,0.9979635473410846,0.9989646823048716,0.9821083067959994,0.8982705480801823,0.00028714471374327713,0.25,
HistoKit (no postprocessing),constant,54b22c23-34e4-1c55-9de2-c8e205e762bc_131621_2.png,20994583,1716871,77418,307963,0.9909053659027907,0.981974665626191,0.996326025231301,0.9855433712007945,0.9833145537040031,0.9909053659027905,0.9568531044887418,0.8479070383053623,0.0036739747686989955,0.25,
HistoKit (no postprocessing),constant,f761dbde-597d-9a8f-e1a1-2533f0d71b83_120113_3.png,9975610,14684026,428744,153760,0.9716318384332039,0.9448287828678493,0.9587918673278514,0.9848203787599821,0.9769233511897168,0.9716318384332037,0.9716303496976398,0.9896372679859381,0.0412081326721486,0.25,
HistoKit (no postprocessing),constant,f9a50b4c-7c73-18cd-0877-8296eed330e2_114604_5.png,5133960,3208004,425920,897556,0.8858225532110197,0.7950462071943105,0.9233940300869803,0.8511889879758257,0.8630713138770713,0.8858225532110197,0.8827933660692959,0.7813803719833592,0.07660596991301971,0.25,
HistoKit (no postprocessing),constant,9601a588-d18f-b3b2-00f0-b816a7730c15_114312_2.png,5453765,423830,18857,60028,0.9928197687780773,0.9857419139110553,0.996554302489739,0.9891131204961812,0.9867564400451273,0.9928197687780773,0.9574033120466605,0.875938808493401,0.003445697510261078,0.25,
HistoKit (no postprocessing),constant,1c7a4a4c-ace6-25f8-ee0c-f8914aeab226_121941_3.png,6991703,3797845,599928,145752,0.9493736406997692,0.9036263294708301,0.920975084273722,0.9795792758062923,0.9353562842450969,0.9493736406997692,0.863583682013601,0.9630408482408319,0.07902491572627805,0.25,
HistoKit (no postprocessing),constant,6f1702fd-ae84-1c96-04ae-a23a14a5d2d4_111419_2.png,6314150,567445,12754,304687,0.9754791170316168,0.9521319996966038,0.9979841641346225,0.9539666862924711,0.9559050684008248,0.9754791170316168,0.9780178869663685,0.6506411873432003,0.002015835865377442,0.25,
HistoKit (no postprocessing),gaussian,2125a939-8f92-6ca7-9a29-e1755d6267ed_103351_7.png,714425,336649,8719,1652657,0.4623771853579641,0.3007091082123461,0.9879429269965595,0.30181675159542426,0.3874998617486037,0.46237718535796407,0.9747544648027611,0.16922936943838707,0.012057073003440532,0.75,1.75
HistoKit (no postprocessing),constant,9601a588-d18f-b3b2-00f0-b816a7730c15_114312_1.png,9485571,953402,407493,73432,0.9752764063582549,0.9517458292262396,0.958810233108772,0.9923180273089149,0.9559588377107552,0.9752764063582549,0.7005698455795635,0.9284869803687841,0.04118976689122804,0.25,
HistoKit (no postprocessing),gaussian,228e0715-eef2-126e-c558-f7684e2bcfa8_110725_2.png,2741528,184469,61840,752669,0.8706628673145891,0.770950358503019,0.9779408197568068,0.7845945720862333,0.7822463057137189,0.8706628673145892,0.7489332505105376,0.19684294095426713,0.02205918024319319,0.75,1.75
HistoKit (no postprocessing),constant,54b22c23-34e4-1c55-9de2-c8e205e762bc_131621_1.png,26112417,1335777,137132,179922,0.9939656907646715,0.9880037704878769,0.9947758340533774,0.9931568659600806,0.988580905166055,0.9939656907646713,0.9068971674421162,0.8812943730912273,0.00522416594662255,0.25,
HistoKit (no postprocessing),gaussian,be2180cd-04c9-2627-2456-4397fd5e59ee_103647_4.png,4388931,438576,26025,458592,0.9476795574921142,0.9005617673202357,0.9941052640162212,0.9053966324656944,0.9087715196407313,0.9476795574921141,0.9439841928880911,0.48884489861430636,0.005894735983778774,0.75,1.75
HistoKit (no postprocessing),gaussian,39bcf904-a619-148a-5bca-38122a540be1_104536_1.png,1660398,912183,1513,345222,0.9054581951727197,0.8272486178045999,0.9990896022711204,0.827872677775451,0.8812273148915705,0.9054581951727197,0.9983440881868806,0.7254488410655278,0.000910397728879585,0.75,1.75
HistoKit (no postprocessing),constant,be2180cd-04c9-2627-2456-4397fd5e59ee_103647_3.png,21667172,1448485,42078,410964,0.9896535956725071,0.9795190950684293,0.9980617478724507,0.9813859285946965,0.9807778104340846,0.9896535956725071,0.9717703981649887,0.7789861405179707,0.0019382521275493165,0.25,
HistoKit (no postprocessing),gaussian,9e7010fd-072a-6a7f-3911-83d91e8c9301_113642_3.png,3200480,270964,3687,569195,0.9178527417168327,0.8481773018332193,0.9988493109129456,0.8490068772506913,0.8583492033035912,0.9178527417168327,0.9865756906037116,0.322515142966986,0.0011506890870544512,0.75,1.75
HistoKit (no postprocessing),constant,332605c9-e7e2-297a-c808-98d567218fe3_115336_3.png,9065603,259977,37004,174992,0.9884428029522871,0.9771496914233953,0.9959347909889991,0.98106269130938,0.9777725493353867,0.9884428029522873,0.8753994363275766,0.5976908699240635,0.004065209011000915,0.25,
HistoKit (no postprocessing),gaussian,c74350c8-f970-c60d-af8a-f9c4d9c5bab2_124242_3.png,305106,1907643,1519693,21562,0.28362600960182055,0.1652472078862151,0.16719978474341557,0.9339941469626655,0.5894370384261711,0.2836260096018205,0.5565964352488346,0.9888233754318488,0.8328002152565844,0.75,1.75
HistoKit (no postprocessing),constant,10fd35f3-17d4-d309-f849-cc9e883460c1_123055_2.png,4868556,3705828,3601713,101393,0.7244757488308597,0.5679827319369336,0.5747817454203639,0.9795987846152948,0.6983824869741291,0.7244757488308599,0.5071238053950022,0.9733682389333322,0.42521825457963613,0.25,
HistoKit (no postprocessing),gaussian,332605c9-e7e2-297a-c808-98d567218fe3_115336_2.png,5420406,467999,13869,207582,0.979981401635452,0.9607485620426041,0.9974478656306499,0.9631161260471771,0.9637551195969267,0.979981401635452,0.971218258942283,0.6927355861103258,0.002552134369350097,0.75,1.75
HistoKit (no postprocessing),constant,969ce636-2f0f-f223-bb1c-2b4624598a38_125938_1.png,21745483,768619,146629,2462019,0.9434128016776887,0.8928868371447949,0.9933021994406022,0.8982952061720371,0.8961639151764834,0.9434128016776887,0.8397931489607189,0.23791554485522673,0.006697800559397832,0.25,
HistoKit (no postprocessing),gaussian,0502ebf6-5b9d-c3a6-85fe-a3909acf1f7b_112628_8.png,4019713,94751,665,43836,0.9944951259455955,0.9890505273590416,0.9998345926676546,0.9892123855280199,0.9892999820868894,0.9944951259455955,0.9930305189905257,0.6836932757040703,0.00016540733234536654,0.75,1.75
HistoKit (no postprocessing),constant,7e6be544-b3c1-c3b1-a8a1-838402bd2649_124526_1.png,51758767,2593305,154279,267219,0.9959447573073414,0.991922271763089,0.997028126610024,0.9948637398241718,0.9923047192286353,0.9959447573073416,0.94384921443712,0.9065838986143797,0.0029718733899759993,0.25,
HistoKit (no postprocessing),gaussian,def4a0a8-b472-78ea-531c-84458df3a3e9_124843_7.png,11417098,165360,59721,339827,0.9828031160195274,0.9661876982690351,0.9947963804256215,0.9710955883447415,0.9666543315034227,0.9828031160195275,0.7346688525464167,0.32732433732459465,0.00520361957437858,0.75,1.75
HistoKit (no postprocessing),gaussian,04e13be9-17d6-1bd0-76ee-d5d53a64912e_105258_2.png,3229326,117689,4683,940654,0.8723205828641831,0.7735536976278086,0.9985519520817661,0.7744224192921788,0.7797624705522753,0.872320582864183,0.9617314418330991,0.11120118902850966,0.0014480479182339939,0.75,1.75
HistoKit (no postprocessing),gaussian,3e1fffa8-5bae-87b0-bc39-e4a1bc285608_122517_10.png,3465582,1757698,250152,1764448,0.7747984409157228,0.6323844719025755,0.9326776351590291,0.6626313806995371,0.721658828275683,0.7747984409157227,0.8754130039594591,0.4990417773709551,0.06732236484097086,0.75,1.75
HistoKit (no postprocessing),gaussian,b91bdd22-8eea-af27-bee7-880d6f1d7c1e_121440_5.png,2840962,762126,349490,5159562,0.5077237231140519,0.3402343996069947,0.89045752764812,0.3550969911470799,0.39541622494825585,0.5077237231140519,0.6856018625136738,0.12870080287917904,0.10954247235187992,0.75,1.75
HistoKit (no postprocessing),gaussian,d9d9ce51-54c1-b32b-5fae-fd9ffdaa32e5_111717_1.png,7436817,300435,7265,611493,0.9600605251919782,0.9231888474751957,0.9990240569622957,0.9240221860241467,0.9259505433813506,0.960060525191978,0.9763893402664934,0.3294503513435271,0.0009759430377043133,0.75,1.75
HistoKit (no postprocessing),gaussian,cd7afea3-2dfd-f8a4-f2e6-1e02af01c417_132555_3.png,0,3999765,2985,106110,0.0,0.0,0.0,0.0,0.9734488398241848,,0.9992542626943977,0.9741565439766189,1.0,0.75,1.75
HistoKit (no postprocessing),gaussian,be2180cd-04c9-2627-2456-4397fd5e59ee_103647_5.png,4979593,479972,16034,94537,0.9890194966968915,0.9782775171880513,0.9967903928776107,0.9813688257888544,0.9801493177186338,0.9890194966968915,0.9676737781397806,0.835447312400676,0.0032096071223892417,0.75,1.75
HistoKit (no postprocessing),gaussian,19a1c0fb-3d0a-327d-ea5a-6aae35f53e51_121144_1.png,6536390,59603,4174,20981,0.9980794682520565,0.9961662992481192,0.9993618287352589,0.996800394548364,0.9962008098897653,0.9980794682520565,0.9345532088370415,0.739638141566564,0.0006381712647410835,0.75,1.75
HistoKit (no postprocessing),gaussian,0504f20c-cba2-27c1-e181-78505aa24ca7_112258_3.png,3523898,2214767,2651553,58004,0.7223061418399027,0.5653201956218502,0.5706300641038201,0.9838063687951262,0.6792748817443481,0.7223061418399026,0.4551215292048201,0.974478731029215,0.4293699358961799,0.75,1.75
HistoKit (no postprocessing),gaussian,b0f43f79-08e2-79bc-61fa-379c7ef1dd21_131900_10.png,5062977,181986,4406,361711,0.9651053638504734,0.9325638863500982,0.9991305176656274,0.9333213264984087,0.9347510639662953,0.9651053638504734,0.9763616464225933,0.33471952208675054,0.0008694823343725943,0.75,1.75
HistoKit (no postprocessing),constant,def4a0a8-b472-78ea-531c-84458df3a3e9_124843_8.png,29365157,641388,181372,1903603,0.9657162691440964,0.9337053656881313,0.9938614786190283,0.9391212507307614,0.9350303444648306,0.9657162691440964,0.7795566143225242,0.25201975173979,0.0061385213809716874,0.25,
HistoKit (no postprocessing),gaussian,cbd7b0be-5303-525e-8ff2-6d1502e77bdd_110516_1.png,11666495,482544,18734,49787,0.9970719412092663,0.9941609794140885,0.9983967793870364,0.9957506144013946,0.9943915970128242,0.9970719412092662,0.9626275240485319,0.9064736038291965,0.001603220612963597,0.75,1.75
HistoKit (no postprocessing),gaussian,d9d9ce51-54c1-b32b-5fae-fd9ffdaa32e5_111717_2.png,6639661,751644,4953,1741247,0.883784403630037,0.7917685494667751,0.9992545842392049,0.7922364736613264,0.8088975053912419,0.883784403630037,0.9934535822901757,0.3015149880199335,0.0007454157607951342,0.75,1.75
HistoKit (no postprocessing),gaussian,c0272a60-2518-4785-1810-6431c15f4b4b_130712_1.png,8109201,224286,49252,16211,0.9959798856106951,0.9919919644403733,0.9939630711851867,0.9980049011668578,0.9922058114407158,0.9959798856106951,0.819944578084215,0.9325937537682383,0.006036928814813299,0.75,1.75
HistoKit (no postprocessing),gaussian,6f1702fd-ae84-1c96-04ae-a23a14a5d2d4_111419_5.png,2298868,936032,24611,236020,0.9463541967908147,0.8981710873885866,0.9894076942378218,0.9068913498347856,0.9254387959940851,0.9463541967908148,0.974380701259469,0.7986266820926033,0.010592305762178181,0.75,1.75
HistoKit (no postprocessing),gaussian,e398b039-2e70-a00a-855c-e3ff4eba631e_115619_4.png,4969294,186301,526,611223,0.9420161649812703,0.890388051122344,0.9998941611567421,0.8904719759835872,0.8939288171470264,0.9420161649812703,0.9971845611180397,0.23359923964670656,0.00010583884325790472,0.75,1.75
HistoKit (no postprocessing),gaussian,2125a939-8f92-6ca7-9a29-e1755d6267ed_103351_8.png,6676548,209012,0,1489390,0.8996536025029769,0.8176094405811065,1.0,0.8176094405811065,0.8221613263362766,0.8996536025029769,1.0,0.12306391537456975,0.0,0.75,1.75
HistoKit (no postprocessing),gaussian,deaaef3a-8172-327d-10b9-23d266fb17ca_123636_1.png,3649671,3805067,281270,80514,0.9527766545022233,0.9098122750971904,0.9284471580723292,0.9784155477543339,0.9537154760135006,0.9527766545022233,0.9311681831429958,0.9792787745256115,0.07155284192767075,0.75,1.75
HistoKit (no postprocessing),gaussian,04e13be9-17d6-1bd0-76ee-d5d53a64912e_105258_4.png,8043181,382080,34950,686533,0.9570746279490321,0.9176827542961145,0.9956735041806081,0.9213567592248727,0.9211213301695117,0.9570746279490322,0.9161930796345586,0.35754758738664044,0.0043264958193918865,0.75,1.75
HistoKit (no postprocessing),gaussian,8e6bc805-8b70-bd59-8612-caf5bbe72e5e_125634_2.png,7187289,1489825,218982,48977,0.9816999608742665,0.964057667833451,0.9704328939624273,0.9932317302874162,0.9700439560414991,0.9816999608742666,0.8718509463034737,0.9681719935378301,0.029567106037572753,0.75,1.75
HistoKit (no postprocessing),gaussian,7ea29210-064a-9e70-4612-3ab81fa629dc_120503_2.png,8499525,49538,19322,288320,0.9822241015209608,0.9650691306296338,0.9977318526791243,0.9671910462690227,0.9652645086406287,0.9822241015209608,0.7194016845774034,0.1466237294958237,0.002268147320875701,0.75,1.75
HistoKit (no postprocessing),gaussian,f4c75e72-7c5b-0601-d74f-78529d4dec70_114117_1.png,4379572,8457894,10314185,161775,0.4553728433181333,0.29481084891473425,0.29805665086199534,0.9643773091992309,0.5506469104969814,0.4553728433181334,0.4505571279558327,0.9812318779294193,0.7019433491380047,0.75,1.75
HistoKit (no postprocessing),gaussian,0502ebf6-5b9d-c3a6-85fe-a3909acf1f7b_112628_7.png,5106014,904404,430,128462,0.9875357318304367,0.975378354453738,0.9999157926729442,0.9754584795116072,0.9790054582681116,0.9875357318304367,0.9995247747100573,0.8756256861974351,8.420732705577502e-05,0.75,1.75
HistoKit (no postprocessing),gaussian,9e7010fd-072a-6a7f-3911-83d91e8c9301_113642_1.png,8239320,272573,73244,57230,0.9921444334718877,0.984411324818747,0.9911887595692497,0.9931019520161996,0.984902978547428,0.9921444334718877,0.7882001174031352,0.8264721667177073,0.008811240430750367,0.75,1.75
HistoKit (no postprocessing),gaussian,24aa9d72-799e-9634-ead4-94165f32d151_102546_1.png,6282478,406110,23346,55274,0.9937818224843984,0.9876404985428616,0.9962977082773005,0.991278611091125,0.9883822102113604,0.9937818224843984,0.9456382027495249,0.8801995734572503,0.0037022917226995234,0.75,1.75
HistoKit (no postprocessing),constant,e16fa7c2-3d43-e563-886f-5b0ebdd4e8c5_105048_1.png,42026498,455557,995613,45945,0.9877599922552035,0.9758159968957039,0.9768581090779112,0.9989079550241473,0.9760691282683724,0.9877599922552036,0.31392393723685025,0.9083852108266767,0.023141890922088876,0.25,
HistoKit (no postprocessing),gaussian,e398b039-2e70-a00a-855c-e3ff4eba631e_115619_1.png,14568690,374897,1925,1662352,0.9459679393222254,0.8974754892312662,0.9998678847804296,0.8975819297368586,0.8997898224600105,0.9459679393222254,0.9948914872273912,0.1840211972125155,0.00013211521957034759,0.75,1.75
HistoKit (no postprocessing),gaussian,b91bdd22-8eea-af27-bee7-880d6f1d7c1e_121440_6.png,5761985,407062,101141,538510,0.9474127811118087,0.9000800732812675,0.9827496458373912,0.9145289378056803,0.9060538446557623,0.9474127811118087,0.8009830717252752,0.43049286569399264,0.01725035416260882,0.75,1.75
HistoKit (no postprocessing),gaussian,b1a83861-bd20-5668-5a83-92a470ead44d_110338_5.png,2713703,2334170,0,160835,0.9712190293868858,0.9440484001255158,1.0,0.9440484001255158,0.9691219012469119,0.9712190293868858,1.0,0.9355372033322579,0.0,0.75,1.75
HistoKit (no postprocessing),gaussian,d9d9ce51-54c1-b32b-5fae-fd9ffdaa32e5_111717_5.png,8890101,227171,4753,1173819,0.9378350097954646,0.8829466405354509,0.9994656460915491,0.8833636396155772,0.8855293456272259,0.9378350097954645,0.9795062175540263,0.16215033654772695,0.0005343539084508863,0.75,1.75
HistoKit (no postprocessing),gaussian,0502ebf6-5b9d-c3a6-85fe-a3909acf1f7b_112628_2.png,8304640,2879778,284074,381913,0.9614485263816762,0.925759147047358,0.9669247340172231,0.9560339987564688,0.9438004861437225,0.9614485263816762,0.9102126142436499,0.8829095092085669,0.033075265982776936,0.75,1.75
HistoKit (no postprocessing),gaussian,59c3e1ff-f1eb-ac9b-3a83-925048a454e4_130514_4.png,1783443,1074285,70,66522,0.9816726563364357,0.9640050053107103,0.9999607516177342,0.9640414818658731,0.9772282103189801,0.9816726563364359,0.9999348446277069,0.9416886467211368,3.924838226578668e-05,0.75,1.75
HistoKit (no postprocessing),gaussian,40f80889-968b-7602-00a3-4e00b00e88fe_110004_3.png,21429950,8997714,134247,842346,0.9777219176725657,0.9564148293647976,0.9937745421264701,0.9621796513480245,0.9689025280871953,0.9777219176725657,0.9852992144841617,0.91439625368138,0.006225457873529907,0.75,1.75
HistoKit (no postprocessing),gaussian,2125a939-8f92-6ca7-9a29-e1755d6267ed_103351_5.png,4155338,952391,2742,37601,0.9951690925382879,0.990384636010221,0.9993405610281668,0.991032304548194,0.9921634740151264,0.9951690925382879,0.997129195619877,0.9620188850010909,0.0006594389718331538,0.75,1.75
HistoKit (no postprocessing),gaussian,6247d1f0-d194-53f2-2d84-7b4b827443da_115125_1.png,2666051,453535,247237,11537,0.953714945564881,0.9115249630319763,0.9151347206318085,0.9956912713979895,0.9234024793094875,0.9537149455648811,0.6471933810140816,0.975193088382014,0.08486527936819155,0.75,1.75
HistoKit (no postprocessing),gaussian,0e99786b-efbd-e936-5e70-bad7ef5912da_122209_3.png,9735090,1759132,58032,189926,0.9874248775416827,0.9751620947830762,0.9940742084087179,0.9808639099423114,0.9788831375434545,0.9874248775416826,0.9680645225197065,0.9025549778405774,0.005925791591282126,0.75,1.75
HistoKit (no postprocessing),gaussian,7e3642ed-4a56-9d3f-3ecf-de46d455c0fd_113100_1.png,564391,1943307,1715463,90039,0.38468737177451123,0.23815041438579718,0.24755576453579922,0.8624161484039546,0.5814008160994157,0.38468737177451123,0.5311366934789561,0.9557188004402596,0.7524442354642008,0.75,1.75
HistoKit (no postprocessing),gaussian,66e65946-ef0a-6028-f7a7-e909aade97a4_112429_4.png,9087035,974215,20038,44120,0.996482224040625,0.9929891108186659,0.9977997321422591,0.9951681906615318,0.9936636627383312,0.996482224040625,0.9798461759733187,0.9566743753283546,0.002200267857740901,0.75,1.75
HistoKit (no postprocessing),gaussian,0e99786b-efbd-e936-5e70-bad7ef5912da_122209_4.png,5242854,252574,12832,26227,0.9962888489597918,0.9926051413569288,0.9975584538345708,0.9950224716606179,0.9929426160003628,0.9962888489597916,0.9516514321454677,0.9059293187614105,0.002441546165429213,0.75,1.75
HistoKit (no postprocessing),gaussian,728c532f-2f31-cf1c-4143-7abb9ca2b76d_102101_5.png,4845711,1822238,596205,59558,0.9366240189964711,0.8808023086176541,0.8904420795910852,0.9878583621000194,0.9104602966364598,0.9366240189964711,0.7534756866297861,0.9683504481888578,0.10955792040891481,0.75,1.75
HistoKit (no postprocessing),gaussian,59c3e1ff-f1eb-ac9b-3a83-925048a454e4_130514_1.png,4977728,707884,120142,85367,0.979774657229899,0.9603512245340122,0.9764329023690287,0.9831393643611269,0.965115467837106,0.9797746572298989,0.8549055222903629,0.8923833691984,0.023567097630971368,0.75,1.75
HistoKit (no postprocessing),gaussian,0502ebf6-5b9d-c3a6-85fe-a3909acf1f7b_112628_5.png,2743982,843925,236,10345,0.9980756727461537,0.9961587373387357,0.9999140010013782,0.9962440915693743,0.9970595983646465,0.9980756727461537,0.9997204324767431,0.9878902454727428,8.599899862182961e-05,0.75,1.75
HistoKit (no postprocessing),gaussian,228e0715-eef2-126e-c558-f7684e2bcfa8_110725_7.png,7310901,366535,818,1922855,0.8837341931857502,0.7916879544199873,0.9998881248034833,0.7917580884745059,0.7996405415249426,0.8837341931857502,0.9977732589634494,0.1601015991159217,0.00011187519651671515,0.75,1.75
HistoKit (no postprocessing),gaussian,f761dbde-597d-9a8f-e1a1-2533f0d71b83_120113_1.png,9234771,1001386,7785,136298,0.9922592724415583,0.9846374621035789,0.9991577005321904,0.9854554480390658,0.9861194924202138,0.9922592724415583,0.9922857474104984,0.88019696154644,0.000842299467809554,0.75,1.75
HistoKit (no postprocessing),gaussian,c38dfb82-e376-0eab-4312-72ca49852e8b_104329_1.png,3497833,810868,42122,92915,0.9810625964929405,0.9628291130703823,0.9881009786847573,0.974123775881794,0.9696118448027314,0.9810625964929404,0.950618412877056,0.8971932421831347,0.011899021315242708,0.75,1.75
HistoKit (no postprocessing),gaussian,7d4546a5-f4cc-3733-763f-d1c5a5904dff_120251_4.png,3281893,260819,5828,172996,0.9734785194457339,0.9483274708680312,0.9982273435002544,0.9499271901354862,0.9519488727235206,0.9734785194457339,0.9781433880748706,0.6012217189354909,0.0017726564997455683,0.75,1.75
HistoKit (no postprocessing),gaussian,59c3e1ff-f1eb-ac9b-3a83-925048a454e4_130514_3.png,2347405,408861,3618,70204,0.9845192499651891,0.9695105002546229,0.9984610954465354,0.9709613920199668,0.9739152987468941,0.9845192499651891,0.9912286443673496,0.8534562115788046,0.0015389045534645982,0.75,1.75
HistoKit (no postprocessing),gaussian,c0272a60-2518-4785-1810-6431c15f4b4b_130712_3.png,33265364,2115441,172747,328047,0.9925289776353281,0.9851687597979017,0.9948338289803512,0.99023478145759,0.9860431526476844,0.9925289776353282,0.9245048920805459,0.8657464247829333,0.0051661710196488075,0.75,1.75
HistoKit (no postprocessing),gaussian,7e3642ed-4a56-9d3f-3ecf-de46d455c0fd_113100_4.png,8181188,3779210,805,82701,0.9949223763128059,0.9898960566477113,0.9999016132133088,0.9899924841681683,0.9930665339079422,0.9949223763128059,0.9997870378821248,0.9785854723218634,9.838678669121325e-05,0.75,1.75
HistoKit (no postprocessing),gaussian,7e3642ed-4a56-9d3f-3ecf-de46d455c0fd_113100_3.png,3809584,1519930,33893,124505,0.9796339883197391,0.9600809681092304,0.9911816826274751,0.9683522665603143,0.9711369278516128,0.9796339883197392,0.9781873482372188,0.9242870651621986,0.00881831737252493,0.75,1.75
HistoKit (no postprocessing),gaussian,3e1fffa8-5bae-87b0-bc39-e4a1bc285608_122517_7.png,3346785,351973,22,2839732,0.7021234146662801,0.5409785665296865,0.9999934265704595,0.5409804903146633,0.5656880342194065,0.70212341466628,0.9999374991122033,0.11027742225550294,6.5734295404545285e-06,0.75,1.75
HistoKit (no postprocessing),gaussian,b0f43f79-08e2-79bc-61fa-379c7ef1dd21_131900_5.png,7351463,151276,19506,497796,0.9660122042849818,0.93425880681403,0.9973536722240998,0.9365805103386192,0.9354988334847665,0.9660122042849819,0.8857842161351899,0.23306505287548993,0.002646327775900292,0.75,1.75
HistoKit (no postprocessing),gaussian,66e65946-ef0a-6028-f7a7-e909aade97a4_112429_5.png,13327591,464479,14809,16161,0.998839472997081,0.997681636517586,0.9988900797457729,0.9987888713759069,0.9977595376993773,0.9988394729970811,0.9691020847590592,0.9663760818908123,0.0011099202542271256,0.75,1.75
HistoKit (no postprocessing),gaussian,cbd7b0be-5303-525e-8ff2-6d1502e77bdd_110516_5.png,4548211,508111,132684,108469,0.9741739156044262,0.9496482205152919,0.9716541387918336,0.9767067953992974,0.9544777464735558,0.9741739156044262,0.792938459257641,0.8240796003762692,0.028345861208166387,0.75,1.75
HistoKit (no postprocessing),gaussian,1875292b-dccd-c5b5-17ad-67c30baa6d69_130951_13.png,11342137,335955,55785,1329950,0.9424289787344907,0.8911259478410846,0.9951056868085253,0.8950488581715071,0.8939257998441039,0.9424289787344906,0.8575968754786338,0.2016651609785672,0.004894313191474727,0.75,1.75
HistoKit (no postprocessing),gaussian,1875292b-dccd-c5b5-17ad-67c30baa6d69_130951_12.png,6978638,284982,1163,1202577,0.9206029463988429,0.8528862880693119,0.9998333763383799,0.8530075300551324,0.8578376258952023,0.920602946398843,0.9959356270422338,0.1915769391331705,0.0001666236616201522,0.75,1.75
HistoKit (no postprocessing),gaussian,6f1702fd-ae84-1c96-04ae-a23a14a5d2d4_111419_3.png,4559752,345659,15795,58538,0.9919149099554408,0.9839595087271813,0.9965479537200689,0.9873247457392238,0.9850729274436597,0.9919149099554408,0.9563014934127164,0.8551745807118806,0.0034520462799311207,0.75,1.75
HistoKit (no postprocessing),gaussian,e398b039-2e70-a00a-855c-e3ff4eba631e_115619_3.png,17267070,536000,26573,3544757,0.9062777601221033,0.8286178401412776,0.9984634238141726,0.8296758376859465,0.8329155438281308,0.9062777601221033,0.9527652411331508,0.1313481787815349,0.0015365761858273587,0.75,1.75
HistoKit (no postprocessing),gaussian,b91bdd22-8eea-af27-bee7-880d6f1d7c1e_121440_1.png,5240295,1313019,71573,515225,0.946979540249244,0.8992983293728107,0.9865258323437254,0.9104815898476593,0.9178166953123424,0.9469795402492439,0.9483075158602678,0.7181858657815915,0.01347416765627459,0.75,1.75
HistoKit (no postprocessing),gaussian,04e13be9-17d6-1bd0-76ee-d5d53a64912e_105258_3.png,9274432,317443,16,1581609,0.9214313671168147,0.8543094421851323,0.9999982748299414,0.8543107012952512,0.8584485613281425,0.9214313671168147,0.9999495997908391,0.16715866653467099,1.7251700586385303e-06,0.75,1.75
HistoKit (no postprocessing),gaussian,b1a83861-bd20-5668-5a83-92a470ead44d_110338_3.png,838512,1690238,56389,98532,0.915433596532647,0.8440549085846756,0.9369885607458255,0.8948480540935111,0.9422727301520939,0.915433596532647,0.9677154881952472,0.9449163391604287,0.06301143925417449,0.75,1.75
HistoKit (no postprocessing),gaussian,b91bdd22-8eea-af27-bee7-880d6f1d7c1e_121440_2.png,8720738,1019843,4109,2192145,0.8881615135761618,0.7988224228798555,0.999529046182701,0.7991232014491496,0.8160103578544899,0.8881615135761617,0.9959871165835898,0.3175114601922548,0.00047095381729903116,0.75,1.75
HistoKit (no postprocessing),gaussian,0504f20c-cba2-27c1-e181-78505aa24ca7_112258_4.png,9942573,1327751,447954,135082,0.9715150080256273,0.9446078606948064,0.9568882309819319,0.9865958896191624,0.9508125965970831,0.9715150080256273,0.7477317459825815,0.9076572650466594,0.04311176901806809,0.75,1.75
HistoKit (no postprocessing),gaussian,3e1fffa8-5bae-87b0-bc39-e4a1bc285608_122517_3.png,10415337,507513,1217,1696357,0.9246468700095987,0.8598541671774852,0.9998831667363314,0.8599405665301649,0.8654899391652768,0.9246468700095986,0.9976077683643583,0.23028263917563196,0.00011683326366857983,0.75,1.75
HistoKit (no postprocessing),gaussian,c74350c8-f970-c60d-af8a-f9c4d9c5bab2_124242_5.png,0,5528886,5571978,1850,0.0,0.0,0.0,0.0,0.49797608044303404,,0.4980590699967138,0.9996655056397558,1.0,0.75,1.75
HistoKit (no postprocessing),gaussian,c74350c8-f970-c60d-af8a-f9c4d9c5bab2_124242_4.png,0,2715774,921604,1278,0.0,0.0,0.0,0.0,0.7463673400288459,,0.7466295776793064,0.9995296372686279,1.0,0.75,1.75
HistoKit (no postprocessing),gaussian,cbd7b0be-5303-525e-8ff2-6d1502e77bdd_110516_4.png,3250252,341329,908,67981,0.9895136430412977,0.979244931143329,0.9997207150678526,0.9795128913491006,0.981180285591741,0.9895136430412976,0.997346867813825,0.8339131709462265,0.0002792849321472951,0.75,1.75
HistoKit (no postprocessing),gaussian,5fe08b37-e6eb-942a-a4ce-507361c4911e_102333_2.png,9004710,70097,12887,183716,0.9892012110497719,0.9786331581155864,0.998570905308809,0.9800057158864859,0.9787947032867709,0.9892012110497718,0.8447050033741444,0.27617576719868564,0.0014290946911910125,0.75,1.75
HistoKit (no postprocessing),gaussian,7e6be544-b3c1-c3b1-a8a1-838402bd2649_124526_4.png,4620971,474748,17846,69795,0.9906061181941358,0.981387083921971,0.9961528984652768,0.9851207670559563,0.9830918554759847,0.9906061181941358,0.9637713817058267,0.8718283037335894,0.003847101534723185,0.75,1.75
HistoKit (no postprocessing),gaussian,66e65946-ef0a-6028-f7a7-e909aade97a4_112429_3.png,4702507,171437,10911,5583,0.9982493248426897,0.9965047686999854,0.9976851193762148,0.9988141688030603,0.9966272959599938,0.9982493248426897,0.9401638625046614,0.9684611908258953,0.0023148806237851174,0.75,1.75
HistoKit (no postprocessing),gaussian,24aa9d72-799e-9634-ead4-94165f32d151_102546_6.png,8298638,117752,3415,25519,0.9982597356823955,0.9965255178820429,0.9995886559625673,0.9969343442224841,0.9965739621120516,0.9982597356823955,0.9718157584160704,0.8218830049347041,0.00041134403743266874,0.75,1.75
HistoKit (no postprocessing),gaussian,0f3058e5-e9f7-bd55-4b60-07a71af55b96_123333_3.png,30757058,1529981,103611,372179,0.9923247181565334,0.9847663588027579,0.9966426197695196,0.9880440693101472,0.9854777497999333,0.9923247181565334,0.9365747383679646,0.8043387517348698,0.0033573802304804217,0.75,1.75
HistoKit (no postprocessing),gaussian,def4a0a8-b472-78ea-531c-84458df3a3e9_124843_6.png,16587728,7845455,2136646,12670,0.9391555591639771,0.8852905506332802,0.8858895896866833,0.9992367652871937,0.9191454497938663,0.9391555591639771,0.7859522759787744,0.9983876560884435,0.11411041031331674,0.75,1.75
HistoKit (no postprocessing),gaussian,84acf623-2a5d-c4c6-c1db-583a94b80fc7_105804_1.png,45278826,3743457,47798,898079,0.9896629451307829,0.9795374131446556,0.9989454762834311,0.9805513383800841,0.9810704056343079,0.9896629451307828,0.9873925652587335,0.8065125423997573,0.0010545237165688758,0.75,1.75
HistoKit (no postprocessing),gaussian,b91bdd22-8eea-af27-bee7-880d6f1d7c1e_121440_4.png,6457292,247508,28251,249140,0.9789727466888013,0.9588115728683889,0.9956440039022176,0.9628505888078788,0.9602716396615332,0.9789727466888013,0.8975518478091377,0.49835698522897504,0.004355996097782406,0.75,1.75
HistoKit (no postprocessing),gaussian,9e7010fd-072a-6a7f-3911-83d91e8c9301_113642_6.png,6830062,1653765,24508,1056465,0.926669433082219,0.8633588398989512,0.9964245751374631,0.8660417950765907,0.8869842547674808,0.926669433082219,0.9853968931157208,0.6101935998051826,0.0035754248625369644,0.75,1.75
HistoKit (no postprocessing),gaussian,1875292b-dccd-c5b5-17ad-67c30baa6d69_130951_4.png,3902186,151082,1997,155370,0.9802345944774126,0.9612353872458371,0.999488497337343,0.9617084767283557,0.9626263022085743,0.9802345944774126,0.9869544483567309,0.4930037983109916,0.0005115026626569503,0.75,1.75
HistoKit (no postprocessing),gaussian,969ce636-2f0f-f223-bb1c-2b4624598a38_125938_4.png,14721180,758737,82504,4787599,0.8580660618854438,0.7514148001435128,0.9944267926821458,0.7545925862402767,0.7606831344637499,0.8580660618854438,0.9019258452690727,0.13679968180795393,0.005573207317854123,0.75,1.75
HistoKit (no postprocessing),gaussian,35ce6eab-4a33-9fbb-2efe-2acf7936ba3e_104917_2.png,7227859,4922064,468200,172177,0.957579956935883,0.9186123802082194,0.9391636680540001,0.9767329510288869,0.949932605177361,0.9575799569358832,0.9131396903750911,0.9662016382813455,0.0608363319459999,0.75,1.75
HistoKit (no postprocessing),gaussian,859ead5f-592a-5c4e-67de-d71b0ee92f6d_113334_2.png,12781014,604423,35655,227652,0.9898043142518771,0.9798144341894071,0.997218075929089,0.9824999734792176,0.9807083347742473,0.9898043142518772,0.9442958514431053,0.7264044707508338,0.0027819240709110924,0.75,1.75
HistoKit (no postprocessing),gaussian,6b809376-ab46-9021-2fa3-0d0025b512da_132412_1.png,3754142,440202,6816,65553,0.9904534609353575,0.981087471066985,0.9981876957945289,0.9828381585440722,0.9830386998141192,0.9904534609353575,0.9847522918540192,0.8703858587656078,0.0018123042054710528,0.75,1.75
HistoKit (no postprocessing),gaussian,d9d9ce51-54c1-b32b-5fae-fd9ffdaa32e5_111717_3.png,10870319,736766,25243,1052422,0.9527719042033932,0.9098036120570634,0.997683185135379,0.9117298614471286,0.9150424722599972,0.9527719042033932,0.9668730946747348,0.41178791720042834,0.0023168148646210266,0.75,1.75
HistoKit (no postprocessing),gaussian,c38dfb82-e376-0eab-4312-72ca49852e8b_104329_5.png,2622376,527722,2430,69550,0.9864616083714582,0.973284896279482,0.9990742172945353,0.9741634799767899,0.9776603794197409,0.9864616083714582,0.995416408878963,0.8835538916942365,0.0009257827054647087,0.75,1.75
HistoKit (no postprocessing),gaussian,cbd7b0be-5303-525e-8ff2-6d1502e77bdd_110516_2.png,9597293,748636,31389,37782,0.9964092674134126,0.9928442292859105,0.9967400522729902,0.9960787020339749,0.9933585851312038,0.9964092674134127,0.9597589820839075,0.9519568473763317,0.003259947727009782,0.75,1.75
HistoKit (no postprocessing),gaussian,8e6bc805-8b70-bd59-8612-caf5bbe72e5e_125634_1.png,64585083,1028578,142145,96552,0.9981554818235285,0.9963177556137578,0.9978039380892381,0.998507273355103,0.9963752702674671,0.9981554818235285,0.8785835761320141,0.9141859162941172,0.002196061910761882,0.75,1.75
HistoKit (no postprocessing),gaussian,e3dca99c-de77-4ab1-72a1-8daf3d4d032c_120923_2.png,9144217,1300162,7382,177935,0.9899686317088501,0.9801365212882015,0.9991933650064868,0.9809126690918578,0.9825661053712167,0.98996863170885,0.9943543008877713,0.8796188612790635,0.0008066349935131555,0.75,1.75
HistoKit (no postprocessing),gaussian,7e6be544-b3c1-c3b1-a8a1-838402bd2649_124526_3.png,50306819,507906,41201,50514,0.9990892738343313,0.9981802050035821,0.999181675863321,0.9989968888940167,0.9981983615432547,0.9990892738343314,0.924967265032134,0.909541205544214,0.0008183241366790591,0.75,1.75
HistoKit (no postprocessing),gaussian,b0f43f79-08e2-79bc-61fa-379c7ef1dd21_131900_4.png,12931482,194908,12830,601112,0.9768121698207487,0.954675320610119,0.9990088310603144,0.9555804304777045,0.9553182557743146,0.9768121698207488,0.9382395132330147,0.24485314439335695,0.0009911689396856318,0.75,1.75
HistoKit (no postprocessing),gaussian,24aa9d72-799e-9634-ead4-94165f32d151_102546_7.png,10986255,598415,10472,71378,0.9962887157006597,0.9926048768059211,0.9990477166524185,0.9935449114652295,0.9929841975156259,0.9962887157006597,0.9828014065007136,0.893432747132323,0.0009522833475815122,0.75,1.75
HistoKit (no postprocessing),gaussian,7ea29210-064a-9e70-4612-3ab81fa629dc_120503_4.png,2664952,176127,5056,621472,0.8948148824665505,0.8096515853050907,0.9981063727149881,0.810897194032176,0.8193197787407858,0.8948148824665505,0.9720945121782949,0.2208214904983582,0.0018936272850118801,0.75,1.75
HistoKit (no postprocessing),gaussian,19a1c0fb-3d0a-327d-ea5a-6aae35f53e51_121144_3.png,24686458,1521813,38678,165847,0.9958746358046193,0.9917831690295237,0.9984356810009053,0.9933266954513877,0.9922565941144588,0.9958746358046193,0.9752142114244812,0.9017296137847671,0.0015643189990946864,0.75,1.75
HistoKit (no postprocessing),gaussian,859ead5f-592a-5c4e-67de-d71b0ee92f6d_113334_1.png,20308757,371775,9983,291125,0.9926412966692769,0.9853901032345432,0.9995086801642228,0.9858676374942342,0.9856489769150553,0.992641296669277,0.973849925869268,0.5608311962588626,0.0004913198357772184,0.75,1.75
HistoKit (no postprocessing),gaussian,5fe08b37-e6eb-942a-a4ce-507361c4911e_102333_3.png,13330791,1659978,22724,1845502,0.9345166991660091,0.8770824455292076,0.9982982757723341,0.8783957320802913,0.8891852094386409,0.9345166991660091,0.9864955292143232,0.47353800335474744,0.001701724227665899,0.75,1.75
HistoKit (no postprocessing),gaussian,7ea29210-064a-9e70-4612-3ab81fa629dc_120503_1.png,8785863,156220,4913,1000524,0.9458777963029124,0.8973132270485022,0.9994411187362754,0.8977636997188033,0.8989258629286495,0.9458777963029124,0.9695096597220929,0.13505148935287323,0.0005588812637246131,0.75,1.75
HistoKit (no postprocessing),gaussian,f761dbde-597d-9a8f-e1a1-2533f0d71b83_120113_5.png,3490929,656498,541495,33285,0.923937073603367,0.8586273636406344,0.8657147661059452,0.9905553408504705,0.8782814899897442,0.9239370736033671,0.5479981936455388,0.951745693935629,0.13428523389405478,0.75,1.75
HistoKit (no postprocessing),gaussian,969ce636-2f0f-f223-bb1c-2b4624598a38_125938_5.png,12866929,271141,9688,1521027,0.9438569971369073,0.8936829525719625,0.9992476284726027,0.8942847059026313,0.8956481399107016,0.9438569971369072,0.9655021383119264,0.1512921779654586,0.000752371527397297,0.75,1.75
HistoKit (no postprocessing),gaussian,969ce636-2f0f-f223-bb1c-2b4624598a38_125938_2.png,4278941,330158,4918,1512487,0.8493933721193252,0.738213522795223,0.998851969684343,0.7388404034376324,0.7523212259389694,0.8493933721193253,0.9853227327531664,0.17917612996534873,0.0011480303156569812,0.75,1.75
HistoKit (no postprocessing),gaussian,a40a1d35-8d5f-0529-214c-05d84888ba26_111152_2.png,2755537,3931795,0,126748,0.977518268579604,0.9560251675320102,1.0,0.9560251675320102,0.9813991030337185,0.977518268579604,1.0,0.9687700733982614,0.0,0.75,1.75
HistoKit (no postprocessing),gaussian,9e7010fd-072a-6a7f-3911-83d91e8c9301_113642_2.png,2596894,922997,9177,439288,0.9205166801276015,0.852738215757157,0.9964786070678812,0.8553156563078235,0.8869897257201723,0.9205166801276016,0.9901552714407396,0.6775359047482722,0.003521392932118887,0.75,1.75
HistoKit (no postprocessing),gaussian,04e13be9-17d6-1bd0-76ee-d5d53a64912e_105258_1.png,14142154,265464,45704,756136,0.972432238191183,0.9463436615405494,0.9967786539729958,0.9492467927527253,0.9472801726399455,0.9724322381911831,0.85312114356232,0.25985121378230225,0.0032213460270042174,0.75,1.75
HistoKit (no postprocessing),gaussian,2125a939-8f92-6ca7-9a29-e1755d6267ed_103351_3.png,10159974,2449122,392386,763414,0.9461811528054809,0.8978593952123823,0.9628153323048114,0.9301119762476624,0.916032783683945,0.9461811528054809,0.8619092397417146,0.7623640637801413,0.037184667695188564,0.75,1.75
HistoKit (no postprocessing),gaussian,40f80889-968b-7602-00a3-4e00b00e88fe_110004_1.png,8343223,914761,77991,3308800,0.8312782836171366,0.7112713590964171,0.9907387462187756,0.7160321430879427,0.7321588561283218,0.8312782836171366,0.9214395941786065,0.2165852464306778,0.009261253781224417,0.75,1.75
HistoKit (no postprocessing),gaussian,f9a50b4c-7c73-18cd-0877-8296eed330e2_114604_2.png,8578450,1662326,34686,2201504,0.8846914029687895,0.7932256644696448,0.9959728953542589,0.7957779782733767,0.8207745376560295,0.8846914029687895,0.9795605452406937,0.4302275203619207,0.00402710464574111,0.75,1.75
HistoKit (no postprocessing),gaussian,c38dfb82-e376-0eab-4312-72ca49852e8b_104329_2.png,5767414,750914,17052,60111,0.9933548863411967,0.9867975047638178,0.9970521047232364,0.9896849863363949,0.9883006435760431,0.9933548863411968,0.9777958920056357,0.9258826793255448,0.002947895276763663,0.75,1.75
HistoKit (no postprocessing),gaussian,0f3058e5-e9f7-bd55-4b60-07a71af55b96_123333_2.png,15230788,839733,35451,94256,0.9957600013049469,0.9915558059815129,0.9976778170445255,0.9938495445755327,0.9919935077456935,0.9957600013049469,0.9594930894531892,0.8990823232393529,0.002322182955474495,0.75,1.75
HistoKit (no postprocessing),gaussian,c0272a60-2518-4785-1810-6431c15f4b4b_130712_2.png,17032853,1507966,72473,260347,0.9903245854197357,0.9808346039914491,0.9957631324886763,0.984945122938496,0.982365880792782,0.9903245854197357,0.9541437537291854,0.8527709743693566,0.004236867511323666,0.75,1.75
HistoKit (no postprocessing),gaussian,0502ebf6-5b9d-c3a6-85fe-a3909acf1f7b_112628_1.png,7698536,2951888,380977,63778,0.9719252709930489,0.9453838748977532,0.9528465391416537,0.9917836356529767,0.9599145719055096,0.9719252709930489,0.8856908395629586,0.9788511061901417,0.04715346085834629,0.75,1.75
HistoKit (no postprocessing),gaussian,7d4546a5-f4cc-3733-763f-d1c5a5904dff_120251_3.png,2840049,447802,12925,206804,0.9627567045609982,0.9281879273594359,0.9954696397513612,0.9321253765770781,0.9373559548178516,0.962756704560998,0.9719465106234277,0.6840786671677315,0.004530360248638789,0.75,1.75
HistoKit (no postprocessing),gaussian,7ea29210-064a-9e70-4612-3ab81fa629dc_120503_3.png,3725217,234110,4539,721207,0.911236543226788,0.8369462967901553,0.9987830303108299,0.8378006685822135,0.8450939825270599,0.911236543226788,0.9809804357026428,0.24506001672743183,0.0012169696891700154,0.75,1.75
HistoKit (no postprocessing),gaussian,c38dfb82-e376-0eab-4312-72ca49852e8b_104329_4.png,5028065,146013,5791,25751,0.9968732131655351,0.9937659189735487,0.9988495896585043,0.9949046423534217,0.9939407793884302,0.9968732131655351,0.9618521251086928,0.8500791784075825,0.0011504103414956646,0.75,1.75
HistoKit (no postprocessing),gaussian,228e0715-eef2-126e-c558-f7684e2bcfa8_110725_12.png,2081455,6099942,468696,264275,0.8502882320873404,0.7395664337950261,0.8162085303968275,0.8873378436563458,0.9177764480891971,0.8502882320873403,0.9286463951887743,0.9584748603009609,0.18379146960317252,0.75,1.75
HistoKit (no postprocessing),gaussian,5fe08b37-e6eb-942a-a4ce-507361c4911e_102333_4.png,4678657,515833,12855,2616855,0.780620277393288,0.640178168392474,0.9972599451946409,0.6413061893394185,0.6639004626671098,0.780620277393288,0.9756850921526495,0.16466146644670648,0.0027400548053591253,0.75,1.75
HistoKit (no postprocessing),gaussian,7e6be544-b3c1-c3b1-a8a1-838402bd2649_124526_2.png,49836184,1382754,66068,108189,0.9982547532277631,0.9965155876149943,0.9986760517340981,0.9978338100270074,0.9966093370921968,0.998254753227763,0.9543988150373199,0.9274358577088461,0.0013239482659019076,0.75,1.75
HistoKit (no postprocessing),gaussian,be2180cd-04c9-2627-2456-4397fd5e59ee_103647_6.png,3761170,361281,9096,77180,0.9886607498656786,0.9775757736430869,0.9975874381277077,0.9798924016830148,0.9795006898760599,0.9886607498656786,0.9754412396018112,0.8239752224257118,0.0024125618722922997,0.75,1.75
HistoKit (no postprocessing),gaussian,6f1702fd-ae84-1c96-04ae-a23a14a5d2d4_111419_1.png,2937478,787376,987,66781,0.9885964752864175,0.9774500989270096,0.9996641103433255,0.977771224118826,0.9821316229247207,0.9885964752864174,0.998748038657319,0.9218164810450538,0.0003358896566744882,0.75,1.75
HistoKit (no postprocessing),gaussian,228e0715-eef2-126e-c558-f7684e2bcfa8_110725_1.png,7594681,561208,20183,2389527,0.8630774395377211,0.7591347639251604,0.9973495258746577,0.7606693490359977,0.7719286904604272,0.8630774395377211,0.9652849803316529,0.1901926130269238,0.002650474125342225,0.75,1.75
HistoKit (no postprocessing),gaussian,0f3058e5-e9f7-bd55-4b60-07a71af55b96_123333_1.png,18675792,809556,28217,223435,0.9933077036242306,0.9867043854415842,0.9984913929414811,0.9881775587964524,0.987249734002128,0.9933077036242306,0.9663190386894779,0.7837009228541197,0.0015086070585188449,0.75,1.75
HistoKit (no postprocessing),gaussian,9e7010fd-072a-6a7f-3911-83d91e8c9301_113642_4.png,6833328,217284,45366,1014902,0.9280047890516716,0.8656799765278081,0.9934048527234967,0.870683963135637,0.869278302724242,0.9280047890516716,0.8272758423757852,0.1763402603178416,0.006595147276503359,0.75,1.75
HistoKit (no postprocessing),gaussian,9e7010fd-072a-6a7f-3911-83d91e8c9301_113642_7.png,2808278,3471672,137598,516197,0.8957323122740657,0.8111550507456082,0.9532913130084226,0.8447282653652081,0.9057082428038528,0.8957323122740656,0.9618765013423767,0.8705581853365795,0.046708686991577375,0.75,1.75
HistoKit (no postprocessing),gaussian,deaaef3a-8172-327d-10b9-23d266fb17ca_123636_5.png,2340632,163298,417,484049,0.9062153848536412,0.8285135595296164,0.9998218747236816,0.8286358707408022,0.8378842696884884,0.9062153848536412,0.9974528906941942,0.2522572901396006,0.00017812527631843673,0.75,1.75
HistoKit (no postprocessing),gaussian,f761dbde-597d-9a8f-e1a1-2533f0d71b83_120113_2.png,3075446,462886,22503,31269,0.991333616131349,0.9828161540678854,0.9927361618929169,0.9899350278348674,0.9850305002305055,0.9913336161313488,0.9536392460480151,0.9367222834940454,0.007263838107083105,0.75,1.75
HistoKit (no postprocessing),gaussian,3e1fffa8-5bae-87b0-bc39-e4a1bc285608_122517_5.png,5072877,1823164,173614,580260,0.9308348872089947,0.870618463016525,0.9669085489711123,0.8973561051147354,0.9014532841214575,0.9308348872089947,0.9130529282674389,0.7585694409309385,0.03309145102888769,0.75,1.75
HistoKit (no postprocessing),gaussian,7e3642ed-4a56-9d3f-3ecf-de46d455c0fd_113100_2.png,2177318,1257096,0,148478,0.9670277057165331,0.9361603511227984,1.0,0.9361603511227984,0.9585591751021242,0.967027705716533,1.0,0.8943648644610671,0.0,0.75,1.75
HistoKit (no postprocessing),gaussian,8e6bc805-8b70-bd59-8612-caf5bbe72e5e_125634_3.png,31235007,394349,24695,80834,0.9983135743624311,0.9966328272113789,0.9992100052649254,0.997418750465619,0.9966746689014313,0.998313574362431,0.9410682410439,0.8298886955130971,0.0007899947350745698,0.75,1.75
HistoKit (no postprocessing),gaussian,7d4546a5-f4cc-3733-763f-d1c5a5904dff_120251_1.png,6411111,933033,28291,361181,0.9705206614685444,0.9427296159755715,0.9956065796171756,0.9466678341689932,0.9496390821576867,0.9705206614685444,0.9705707961103645,0.7209263692094198,0.004393420382824368,0.75,1.75
HistoKit (no postprocessing),gaussian,1875292b-dccd-c5b5-17ad-67c30baa6d69_130951_1.png,9938708,350086,5959,1985928,0.9089185878489131,0.8330437836503544,0.9994007843600997,0.8334600737498402,0.8378032130302872,0.9089185878489132,0.9832633515426421,0.14986468403014708,0.0005992156399002601,0.75,1.75
HistoKit (no postprocessing),gaussian,54b22c23-34e4-1c55-9de2-c8e205e762bc_131621_2.png,20945912,1719634,74655,356634,0.9898096106493868,0.9798248142963151,0.9964484782927121,0.9832586208240085,0.9813269220652959,0.9898096106493868,0.9583929902039192,0.8282331567986406,0.0035515217072879146,0.75,1.75
HistoKit (no postprocessing),gaussian,be2180cd-04c9-2627-2456-4397fd5e59ee_103647_1.png,28915341,455527,8599,47193,0.9990361824422057,0.9980742209840395,0.9997027030204045,0.9983705500354354,0.9981040321939357,0.9990361824422057,0.9814727035330923,0.9061246817313813,0.0002972969795954493,0.75,1.75
HistoKit (no postprocessing),gaussian,f761dbde-597d-9a8f-e1a1-2533f0d71b83_120113_3.png,10031708,14768715,344055,97662,0.9784582231190599,0.9578249712964002,0.9668405109098964,0.9903585316757113,0.9825008101531804,0.9784582231190599,0.9772341536329872,0.9934306791762377,0.03315948909010354,0.75,1.75
HistoKit (no postprocessing),gaussian,f9a50b4c-7c73-18cd-0877-8296eed330e2_114604_5.png,4928540,3244510,389414,1102976,0.868505754013183,0.7675741676050043,0.9267737178621703,0.8171312154357213,0.8455952341538513,0.8685057540131831,0.8928392558567543,0.7462956752477179,0.0732262821378297,0.75,1.75
HistoKit (no postprocessing),gaussian,9601a588-d18f-b3b2-00f0-b816a7730c15_114312_2.png,5462884,420423,22264,50909,0.9933472686143148,0.9867824699059277,0.9959410393302058,0.9907669729349651,0.9877153956699258,0.9933472686143148,0.9497071294164952,0.8919890862491832,0.004058960669794142,0.75,1.75
HistoKit (no postprocessing),gaussian,1c7a4a4c-ace6-25f8-ee0c-f8914aeab226_121941_3.png,7016199,3845805,551968,121256,0.9542199575101278,0.9124480471421588,0.9270671484918342,0.9830113114548533,0.9416375645110786,0.9542199575101278,0.8744892016936754,0.9694342990944682,0.07293285150816571,0.75,1.75
HistoKit (no postprocessing),gaussian,6f1702fd-ae84-1c96-04ae-a23a14a5d2d4_111419_2.png,6381627,565773,14426,237210,0.9806655300198465,0.9620645223926746,0.9977445465195488,0.9641613775954899,0.9650458755866758,0.9806655300198465,0.9751361170908602,0.7045890137151097,0.002255453480451147,0.75,1.75
HistoKit (no postprocessing),gaussian,9601a588-d18f-b3b2-00f0-b816a7730c15_114312_1.png,9492841,966273,394622,66162,0.9763050006103937,0.9537069158221251,0.9600886496364133,0.9930785668756459,0.9578032688583721,0.9763050006103937,0.7100275921360575,0.9359165468043993,0.039911350363586694,0.75,1.75
HistoKit (no postprocessing),gaussian,54b22c23-34e4-1c55-9de2-c8e205e762bc_131621_1.png,26125100,1338283,134626,167239,0.9942558869951161,0.9885773867714284,0.9948732899954859,0.993639249821022,0.9891279559253352,0.9942558869951161,0.9085985624366475,0.8889162695729454,0.005126710004514137,0.75,1.75
HistoKit (no postprocessing),gaussian,be2180cd-04c9-2627-2456-4397fd5e59ee_103647_3.png,21839481,1448106,42457,238655,0.9936052882895511,0.9872918415885144,0.9980597239604646,0.9891904370912472,0.9880726551771059,0.9936052882895511,0.9715161318240155,0.8585128539253635,0.0019402760395354378,0.75,1.75
HistoKit (no postprocessing),gaussian,332605c9-e7e2-297a-c808-98d567218fe3_115336_3.png,9121821,264629,32352,118774,0.9917842943167318,0.9837024842264277,0.9964658740882437,0.9871464986832558,0.9841546741016794,0.9917842943167318,0.8910637380842545,0.6902110833770211,0.0035341259117563106,0.75,1.75
HistoKit (no postprocessing),gaussian,10fd35f3-17d4-d309-f849-cc9e883460c1_123055_2.png,4871550,3681097,3626444,98399,0.7234289601611767,0.5666969855845353,0.573258818492929,0.9802012052839979,0.6966120110869567,0.7234289601611767,0.5037394932166648,0.9739650471914774,0.42674118150707097,0.75,1.75
HistoKit (no postprocessing),gaussian,969ce636-2f0f-f223-bb1c-2b4624598a38_125938_1.png,21684384,771780,143468,2523118,0.9420752580723067,0.8904936435797013,0.9934272964650851,0.8957712365365084,0.8938577186016659,0.9420752580723067,0.8432468576822894,0.23423486857559778,0.006572703534914934,0.75,1.75
HistoKit (no postprocessing),gaussian,7e6be544-b3c1-c3b1-a8a1-838402bd2649_124526_1.png,51766724,2597192,150392,259262,0.9960588630499021,0.9921486692694537,0.9971032289235788,0.9950166826247175,0.9925209549058058,0.996058863049902,0.9452639118585637,0.9092364169001146,0.002896771076421117,0.75,1.75
HistoKit (no postprocessing),gaussian,def4a0a8-b472-78ea-531c-84458df3a3e9_124843_8.png,30035974,640312,182448,1232786,0.976983267829708,0.9550022371159798,0.9939623584580294,0.9605745159066109,0.955900063318908,0.976983267829708,0.7782488210413729,0.34184650242539366,0.0060376415419706566,0.75,1.75
HistoKit (no postprocessing),gaussian,e16fa7c2-3d43-e563-886f-5b0ebdd4e8c5_105048_1.png,42023818,447407,1003763,48625,0.9876335170011233,0.9755691575994413,0.9766716376642228,0.9988442553716218,0.9758202978231609,0.9876335170011233,0.3083077792401993,0.9019720501903103,0.023328362335777137,0.75,1.75
